country,ssp,esm,2020,2025,2030,2035,2040,2045,2050,2055,2060,2065,2070,2075,2080,2085,2090,2095,2100
ALB,ssp126,gfdl-esm4,-0.09921638514869084,-0.1748357521278388,-0.14392010896755938,-0.11272172284859272,-0.08007361461067923,-0.0758897241575942,-0.03965308582563154,-0.07683031996206832,-0.07735245156599195,-0.08628646070307616,-0.09354437820093121,-0.09759796850888552,-0.04257476596321968,-0.17240733978438139,-0.08470948237934048,-0.127371783362155,-0.07308358480743968
ARG,ssp126,gfdl-esm4,-0.007103061625613384,-0.001039423382600068,-0.0018504554448978124,-0.002178063043486478,-0.003002036939631471,-0.0013420486821066494,-0.0010535984321720722,-0.0009801224784656765,-0.0008597639154020375,-0.0006300054128053468,-0.0005296079142611133,-0.000709330148991411,-0.0004300984838476051,-0.000429781971672818,-0.0005195652882647594,-0.00034576828627434265,-0.0003966745752308154
ARM,ssp126,gfdl-esm4,-0.028255744057499334,-0.037161721609017706,-0.024652825152712082,-0.06185914642353335,-0.03368122973798274,-0.02693856827280582,-0.03750846224865681,-0.045341713619975015,-0.030379419519069896,-0.051272824263890966,-0.03128801110857729,-0.04409218272755371,-0.02952703519645268,-0.044507950156999286,-0.024479092154929303,-0.02262506347351095,-0.029114572192857496
AUS,ssp126,gfdl-esm4,-0.023564449007630807,-0.06673594149290515,-0.0704396428195068,-0.03240026876230113,-0.047877173072217644,-0.07641297682261852,-0.05669188229261618,-0.06599241368608592,-0.06220049572451721,-0.058016744150642945,-0.0355639498850895,-0.035701424497257696,-0.026443675063326625,-0.02964515884208293,-0.031500060750714425,-0.017431475464184814,-0.018285140364773363
AUT,ssp126,gfdl-esm4,-0.010764268929307923,-0.009372286761353158,-0.01621498617772483,-0.011148232914225691,-0.01144497585000524,-0.0077741931746995235,-0.006760986864893468,-0.007699185411232221,-0.007591121436070972,-0.0060650677074215766,-0.010161623087328644,-0.00549502421456491,-0.004762118360784764,-0.005628419562412035,-0.0051571721489691415,-0.0050553230308471074,-0.0028360077884257303
AZE,ssp126,gfdl-esm4,-0.10156625662353341,-0.12884197537047512,-0.06458058707537806,-0.18555673108111806,-0.08771118358583033,-0.08905282253996614,-0.1028724623726976,-0.10402847045798336,-0.06880766370694597,-0.12253679166519371,-0.057142149640000334,-0.08393573811278117,-0.05946702719643284,-0.08328355475723796,-0.03831516232351759,-0.033498969704258724,-0.051500527656084545
BDI,ssp126,gfdl-esm4,-0.03205054626019717,-0.017694281150999275,-0.006779855834659329,-0.006685859649085812,-0.0019720463114486692,-0.0018095484521902,-0.001312269314222871,-0.001040988870509921,-0.0009095139009039179,-0.0014166853436832902,-0.0006184471974765831,-0.0005743506244746037,-0.0004028767269787869,-0.00026546022964735676,-0.00019587885950497674,-0.00019626444566488683,-0.00018810866549429792
BEL,ssp126,gfdl-esm4,-0.0060234058005571335,-0.004309583391762536,-0.010199834471096769,-0.008247144918681526,-0.016246232372886336,-0.004760074625383324,-0.007168861984855146,-0.005428867115259865,-0.007538479213241175,-0.007280245085396992,-0.007994387492563853,-0.004160187242046232,-0.0035322021834938147,-0.005016874319870577,-0.004473093123116851,-0.003554534738413613,-0.003331599357730001
BGD,ssp126,gfdl-esm4,-0.01413919678571659,-0.013087961173640639,-0.010372351064572786,-0.0035866837765843105,-0.006005162783110537,-0.0023542284164163136,-0.002641521393670451,-0.0019458256829123146,-0.002516143928626828,-0.002131989680893449,-0.00153520515316911,-0.0015881566881525266,-0.0026034345323801586,-0.0008896938968908947,-0.0012404890352871961,-0.0008526656179208718,-0.0009501659150503611
BGR,ssp126,gfdl-esm4,-0.3530017645354306,-0.6964510949837467,-0.43137164250739307,-0.29462306849291414,-0.22968640635413237,-0.3344152696348442,-0.15295387663914617,-0.22811205719328206,-0.2868571973633963,-0.1794813929093984,-0.2847525634029681,-0.4371648763852712,-0.11952448664166598,-0.5086569333526048,-0.21325537900204974,-0.24790136358849377,-0.15701268600247983
BIH,ssp126,gfdl-esm4,-0.07245105687432582,-0.06901760854213554,-0.0688173936796116,-0.044435964172517516,-0.03898906865127882,-0.02860991799053481,-0.02555763257336771,-0.04078121693966466,-0.033729022147256114,-0.025833607324947865,-0.05072413455086233,-0.048863918283443025,-0.030269617015583672,-0.06791229948122544,-0.04480648702927152,-0.07969288347536445,-0.04414913733257179
BLR,ssp126,gfdl-esm4,-0.06716726497502452,-0.047731571685031296,-0.02614412796247078,-0.026338671262314626,-0.026518648354924332,-0.024362241044867585,-0.02270095043821944,-0.020983056056557287,-0.020135729671906143,-0.01414765800060747,-0.019976968606104442,-0.01480503198120057,-0.013541129885816943,-0.01574608067789945,-0.01320657944631232,-0.007078013130427592,-0.006258155968857541
BOL,ssp126,gfdl-esm4,-0.022194458568261254,-0.015388405190646163,-0.023090573180638375,-0.03698477295697331,-0.008831486150812449,-0.011059029673457458,-0.01782137157693314,-0.01191975133326785,-0.0125595481422331,-0.005092723452588893,-0.004980064618951118,-0.0065345672310271625,-0.004220095809406533,-0.002923418214627519,-0.008898903493143318,-0.002480958689169626,-0.007623517321039153
BRA,ssp126,gfdl-esm4,-0.006994633680244566,-0.00462694548031873,-0.006128030808984487,-0.014336678574300977,-0.006230457743316487,-0.006635937102892753,-0.006423886160596167,-0.004436163458450662,-0.003560586612980365,-0.0028311050744463506,-0.0026078930031127657,-0.0023555502047912457,-0.002612713033614312,-0.0015934440530960222,-0.004164711457667716,-0.0013492098012201936,-0.0018785216305888797
BTN,ssp126,gfdl-esm4,-0.003910866289200832,-0.001315929588079085,-0.000697920155557238,-0.0006254127350226676,-0.00027534551514254475,-0.0003788085506484159,-0.0002693016696892058,-0.00021759106193048732,-0.00020111737003403462,-0.00020652015585458973,-0.00018452874852467214,-0.00017155918915921146,-0.00023713930761490933,-0.0002140796493652396,-0.0001470766559816155,-6.902455855506426e-05,-0.00014100297401721241
CAN,ssp126,gfdl-esm4,-0.0522275000083901,-0.031620686169380734,-0.040686280215435966,-0.08985046601020372,-0.027466682089156286,-0.03701520825931868,-0.055804863445258035,-0.04385268550379528,-0.04435475099589574,-0.031873474768366127,-0.03956895640424403,-0.04144763311079355,-0.028287864177115703,-0.014020241929146079,-0.025064013613120918,-0.04449720519225769,-0.017373156531581047
CHE,ssp126,gfdl-esm4,-0.003834171023153743,-0.003800038571438163,-0.006252785031533986,-0.006426613230185922,-0.00522683322449944,-0.00361312739364871,-0.0025220570237699537,-0.003127071227037922,-0.004476538242539686,-0.0030014657534816434,-0.004315655853798242,-0.002958569316502875,-0.0022946774990343422,-0.002996642382022887,-0.002185352413574276,-0.002222754711622954,-0.0019615862086165923
CHL,ssp126,gfdl-esm4,-0.012507988203789832,-0.0049349023009545405,-0.009077738804389047,-0.008215912476561586,-0.005592627997782692,-0.008863804234035886,-0.006078443363908037,-0.004772569057081933,-0.004790557961754794,-0.00575580697279931,-0.0035834785437038504,-0.0037104469857902186,-0.003970488711341931,-0.004171330358145172,-0.003520775089329998,-0.0030708586111700287,-0.002916269769377265
CHN,ssp126,gfdl-esm4,-0.03362908324309939,-0.026850480098209683,-0.027087419688177763,-0.026079355006892607,-0.024429147169933513,-0.02618328559926095,-0.028596219909075855,-0.02436385571093602,-0.01904404075998316,-0.020392025851288378,-0.02366811803473542,-0.01719968475418731,-0.01836363788689865,-0.01897613916426815,-0.013751577306212848,-0.01500643521524285,-0.017316843295803665
CZE,ssp126,gfdl-esm4,-0.07317385493357995,-0.04680012192820524,-0.08074998510936994,-0.06171302219165552,-0.061642327159315745,-0.04238157855874876,-0.03464336975986511,-0.035123281836940815,-0.0436019723178798,-0.03616522490475815,-0.057561615964865046,-0.030860882607969785,-0.024827968918480246,-0.030400642704426807,-0.028757879754763717,-0.03772045605481622,-0.018856167368951772
DEU,ssp126,gfdl-esm4,-0.016823294288469928,-0.01005111925063095,-0.02050762004441275,-0.01941854838661163,-0.022564227706258225,-0.014635709783335298,-0.01814178960656555,-0.01195561360406211,-0.01998201409305141,-0.01396719288927699,-0.024791317037198127,-0.009698724691471403,-0.008706584413119674,-0.011292172456648139,-0.008481488154783065,-0.008678989899629097,-0.006962688558978265
DNK,ssp126,gfdl-esm4,-0.01885767376810065,-0.015254191441950936,-0.02026312199913605,-0.026033412006085343,-0.03258621114541771,-0.02192486764345992,-0.0235152057948684,-0.020786557506273423,-0.031208046751455394,-0.023690276874171214,-0.023419787764824163,-0.014401419178713994,-0.02157921033878003,-0.020537600507867532,-0.016509830162861033,-0.010511768796424256,-0.01188802184543214
DZA,ssp126,gfdl-esm4,-0.02386401129480619,-0.21732443206544022,-0.18300307864801996,-0.10017036283217566,-0.059674246919306444,-0.048424796813357186,-0.029571935485468735,-0.025123761008543244,-0.03943029382386346,-0.03112441274032933,-0.04382452269820499,-0.028185030368490273,-0.015561434321065552,-0.032509398706550764,-0.022360392596027834,-0.01588230004163762,-0.017475980843991035
ECU,ssp126,gfdl-esm4,-0.0015222917049823002,-0.0005114226373442801,-0.0005386924408691214,-0.000344491423171908,-0.0003438779109067181,-0.0003653433764964907,-0.0001936492278257262,-0.00023311049774564382,-0.0002271860389591174,-0.00016486503937106133,-0.00012004561142319085,-9.927485967595218e-05,-0.00011709945026079832,-7.475968297512808e-05,-7.283043175418226e-05,-5.9941323398768e-05,-7.314957374908092e-05
EGY,ssp126,gfdl-esm4,-0.1517883497407308,-0.06695687392780567,-0.024512439921465505,-0.035995883738372994,-0.0256454838893064,-0.027969653629071306,-0.023195454104731204,-0.018163401325853534,-0.017406670675710296,-0.014655535798267996,-0.013539242876466026,-0.012151970209615238,-0.01066977320105941,-0.009495353923507407,-0.009658785080510145,-0.00833341481005253,-0.007881024877461165
ERI,ssp126,gfdl-esm4,-0.4693712073269412,-0.17857977640333877,-0.2092716366070238,-0.16227641351175617,-0.25873972240530324,-0.21716630517550814,-0.1353102756660414,-0.21612992003193782,-0.11038203608492138,-0.14414682625763353,-0.10262813919163674,-0.08962476405602045,-0.0771813356227885,-0.032746083077604834,-0.05414553892046567,-0.04842581582649671,-0.055173573510567536
ESP,ssp126,gfdl-esm4,-0.01111850771186002,-0.026746378177520617,-0.04910856906403053,-0.026735580473322237,-0.023181105641246497,-0.020319132261251757,-0.008120087488322518,-0.018053733212473704,-0.018274196328257542,-0.017223174616811564,-0.016891810150976648,-0.020708857698107045,-0.017802625506253264,-0.018031335457822203,-0.006717197068014412,-0.010204979189565444,-0.011109091907933124
EST,ssp126,gfdl-esm4,-0.11700169748352374,-0.07252717981079312,-0.05175697995376473,-0.05489160344600794,-0.05868601591494745,-0.04508283411144751,-0.04649157387126275,-0.06279114609439383,-0.05605707583878884,-0.0492611067460782,-0.05906467624054318,-0.036264077752896286,-0.043049441692883036,-0.04270716107730138,-0.03319672400475447,-0.027134579055790562,-0.01701846447573046
ETH,ssp126,gfdl-esm4,-0.36389915579350146,-0.11905066090728246,-0.08928610463459559,-0.0790758228563357,-0.04805868082301438,-0.03654688030457109,-0.03256400315354534,-0.024130106245656282,-0.020024390665877717,-0.01595941780475129,-0.011067957498192501,-0.010376860199596077,-0.00860298980750863,-0.007494421202935572,-0.007643030157763048,-0.005207196290769754,-0.005949251006582389
FIN,ssp126,gfdl-esm4,-0.011265204588072631,-0.009036457592005356,-0.006422025198004927,-0.008458194215115778,-0.010004741860288484,-0.005520902053520368,-0.0084481426066071,-0.01535065959123502,-0.010231365100045887,-0.013556315066300286,-0.007604712178256743,-0.005639247876080315,-0.005761280114968223,-0.005219864404918741,-0.0036818267847138994,-0.006572959959816317,-0.005299056608549912
FRA,ssp126,gfdl-esm4,-0.02133396581109218,-0.018391763524770715,-0.05704798964073039,-0.04109576870402391,-0.06011154786798851,-0.01913965997003925,-0.023198082557147007,-0.01896821411888374,-0.02787369805604148,-0.024407923193332383,-0.033172771103812816,-0.020183354492757617,-0.016658542774423534,-0.01766570255305784,-0.010510754140099336,-0.013604445612302736,-0.012184103916019472
GBR,ssp126,gfdl-esm4,-0.005003446344491176,-0.004572562408199925,-0.011487556922000899,-0.007920737392359838,-0.014215913076737119,-0.006787622646743876,-0.012148476250234231,-0.011143064138228926,-0.008053146666852288,-0.009327913581664198,-0.010850703370542936,-0.004522903152694575,-0.004531673585143663,-0.005037921375007078,-0.003693130868277606,-0.0029983084819309403,-0.004104931800271847
GEO,ssp126,gfdl-esm4,-0.009236612789085786,-0.01741704715398756,-0.017024563880879376,-0.013259420758326989,-0.014657375486132425,-0.01692324719275739,-0.01548076316953558,-0.021076136935649536,-0.01348204351137277,-0.020243523751142203,-0.012730897015477985,-0.02166163369818497,-0.012969902537698426,-0.018221521074768408,-0.013637909192896275,-0.011090234891644141,-0.012364529745440198
GRC,ssp126,gfdl-esm4,-0.0286199007717363,-0.04091434825950977,-0.02791996776185912,-0.022640385583256328,-0.013628330347712232,-0.01915170811778845,-0.00892104378957607,-0.015551437370161781,-0.01914221183969248,-0.014811460884596074,-0.016513051555390266,-0.024866327008361583,-0.00804259101445762,-0.024532825549013572,-0.012113443415085941,-0.012071079420763986,-0.006188033109237255
HND,ssp126,gfdl-esm4,-0.0002000271050690166,-5.574297787392897e-05,-6.641287341228665e-05,-3.6880392057029344e-05,-2.7460281328889236e-05,-2.3478085048460063e-05,-2.6039705013167457e-05,-2.3279210085560234e-05,-1.682637339710132e-05,-9.724155074146306e-06,-7.300873982220618e-06,-6.9510036199241135e-06,-6.57319869407834e-06,-6.861998494105899e-06,-7.097490097065221e-06,-4.832509056829516e-06,-1.2471677788246121e-05
HRV,ssp126,gfdl-esm4,-0.05190539513862302,-0.5226188133346782,-0.5399765349091231,-0.3901449401460059,-0.3601283179041391,-0.2576140102248645,-0.25987255569890666,-0.35038536636624795,-0.291981975106371,-0.20665635706944396,-0.3878859644557647,-0.2856721381793005,-0.19822282150790219,-0.4082042076100595,-0.2155306531377793,-0.28667017794451893,-0.1574939052609204
HUN,ssp126,gfdl-esm4,-0.12383588514707304,-0.12003357749012353,-0.11307048151353487,-0.06819409920643531,-0.10026625584180027,-0.05663987715557115,-0.046492231749359784,-0.06514697442778526,-0.05844798907597796,-0.03919456843847806,-0.08588240973669703,-0.04793241807130082,-0.03450675523859108,-0.05543100596769945,-0.036366494023029196,-0.03992402040689001,-0.02438137797818483
IND,ssp126,gfdl-esm4,-0.17900736564882502,-0.1015852343936424,-0.06864716478683135,-0.05155547148842755,-0.04389376448923664,-0.0586660992931563,-0.030242291318656845,-0.033206315188717646,-0.0348572096859501,-0.023731860683377355,-0.01817740629895595,-0.016670146192958684,-0.015518658723126692,-0.012366559930005147,-0.022857181169479313,-0.011462091873112383,-0.0131934032287705
IRL,ssp126,gfdl-esm4,-0.0009763076149495069,-0.0010913527221817713,-0.0023080368238651747,-0.0024467234689747107,-0.003292025301097378,-0.0028968971419513563,-0.002551518620127111,-0.0024411984019271312,-0.00411839665778269,-0.0034247883526852684,-0.0031386765074864304,-0.0022606549252255945,-0.0027074996100451575,-0.0030077018907806253,-0.0020536063138915876,-0.002130688874366378,-0.0034040310445294093
IRN,ssp126,gfdl-esm4,-0.0400470194249334,-0.01720683004262978,-0.006144680323365724,-0.014199399140217802,-0.007817752437909749,-0.005352600506052444,-0.010261587900490223,-0.00804501585955488,-0.0052986645615734455,-0.010960292205054114,-0.009136251843788286,-0.005819609398874814,-0.0037637178294888463,-0.004124633786543009,-0.003497372046913484,-0.003696882512601775,-0.0044214866561047205
IRQ,ssp126,gfdl-esm4,-0.3853798414523555,-0.13069909169475089,-0.06536074697942834,-0.11136597249989989,-0.10215908873466562,-0.09465313392620442,-0.07326079236981696,-0.09872736062211539,-0.041233158651158536,-0.08775531979741523,-0.07987500250966503,-0.054342309756357385,-0.03430105985504308,-0.03613381200958946,-0.023428440508770083,-0.02552166050501174,-0.028201866864479723
ISR,ssp126,gfdl-esm4,-0.0013747648517590725,-0.0012909654684191614,-0.000581160483074274,-0.0005052442565999671,-0.0010405184316544002,-0.0007978324398809573,-0.0005120712541538283,-0.0004741606130527885,-0.0006043652810877007,-0.00039011370858773784,-0.000806501213186866,-0.0005540371700870881,-0.0005384181969937361,-0.00024293621142716757,-0.0002577331668299142,-0.0002747052768729776,-0.00019741882814635551
ITA,ssp126,gfdl-esm4,-0.011426063492144471,-0.025348469425586502,-0.021868157662251725,-0.01829026920242129,-0.013012505300577425,-0.008316249782160265,-0.007454893830718486,-0.010469109388923108,-0.009722062078974697,-0.011621534979123901,-0.01279298563742428,-0.012618893000763918,-0.006565902545317027,-0.015612682168539678,-0.007884098441480289,-0.009274297017613679,-0.005937198317128406
JOR,ssp126,gfdl-esm4,-0.005251666217717569,-0.007576253825180284,-0.002984425309468418,-0.00240001219744166,-0.004443009784496453,-0.003016793626630308,-0.0017916050453146062,-0.0014483611795610835,-0.0016366327278234884,-0.0013247511391417395,-0.0019587807847867953,-0.0011870457843134678,-0.00139829272795694,-0.0005140627128131981,-0.0007492386649167353,-0.0005993143995232435,-0.0006035369981054205
JPN,ssp126,gfdl-esm4,-0.000466054292672071,-0.0003975759056191479,-0.0005359215670900983,-0.000588968199808877,-0.000536502920043299,-0.0005537385964178857,-0.0005476343808538871,-0.000667853510703668,-0.0007398798995969828,-0.0006827818874558375,-0.0005954106276896605,-0.0005151891425534905,-0.00041657763781558453,-0.0004927058839736238,-0.00043579185623370356,-0.00041212893364993064,-0.0004877548557594875
KAZ,ssp126,gfdl-esm4,-0.07237369527623595,-0.14807241501970622,-0.08618746936842099,-0.10792648560625379,-0.08276198695905486,-0.0639398049437463,-0.09628959906135486,-0.05239658095972646,-0.08119965353957423,-0.06244394435872803,-0.06127203220929226,-0.0729679108057637,-0.06831972834846906,-0.06623927574564363,-0.05788246506347822,-0.032973711093684605,-0.05764760427927174
KEN,ssp126,gfdl-esm4,-0.044662529413210944,-0.015196517810108673,-0.00750353051138499,-0.0073860030970963764,-0.00312266008301003,-0.004147880746619496,-0.002541860597163303,-0.0027494018569867973,-0.0021127395921389834,-0.001750244097288666,-0.0013347468465597272,-0.0011630633149503752,-0.0008251068708626944,-0.0006407783910952715,-0.0009743999805452184,-0.0005904996911095031,-0.0006933898770815131
KGZ,ssp126,gfdl-esm4,-0.15896338298770177,-0.19541495624870336,-0.1095249070725571,-0.10736129126504715,-0.051919360081622526,-0.07332770810029965,-0.09828145765418488,-0.03800505408931306,-0.03731853683966302,-0.05257996389482041,-0.033454479777759866,-0.038507943796478136,-0.01577605361153443,-0.024268012854299765,-0.021260615516093238,-0.03099256611766299,-0.02376926146440061
KOR,ssp126,gfdl-esm4,-5.407367813218013e-05,-9.146775666784069e-05,-0.00012229000036508388,-0.00012045941435607546,-8.866466514985599e-05,-0.00010084431433462193,-9.582521788910041e-05,-0.00011092865613805172,-9.306008108302629e-05,-0.00010398611564815183,-9.701372118433011e-05,-9.341786500208727e-05,-7.910084469904283e-05,-7.706275732493016e-05,-8.372697193461031e-05,-9.708974295193263e-05,-8.838302829110355e-05
LBN,ssp126,gfdl-esm4,-0.008953578035071323,-0.0003018679631576925,-0.00011787185434684324,-6.897735629008434e-05,-7.523016539365389e-05,-6.729197019805768e-05,-5.370596846087108e-05,-5.0729149841612806e-05,-5.0853813542061425e-05,-4.17399371602846e-05,-8.50554459902801e-05,-6.342394821812206e-05,-4.672975238215797e-05,-3.169552067857166e-05,-2.4832149637846827e-05,-2.9157743393433412e-05,-1.9331194753529437e-05
LTU,ssp126,gfdl-esm4,-0.32426465784270003,-0.2884564529091578,-0.17543283270385146,-0.21709010553925112,-0.2580191367295276,-0.19812724979072385,-0.2145515683157878,-0.2312764287566612,-0.23953784901007044,-0.21556045297902465,-0.2825366492937358,-0.22678688407357334,-0.19042758243536087,-0.2717229928196779,-0.21601983743647202,-0.15070026044854115,-0.12857905151660473
LVA,ssp126,gfdl-esm4,-0.33786427287999865,-0.23530123608649559,-0.15704266771148978,-0.15667633541824016,-0.17844024435745143,-0.13138710546211654,-0.15377673952649717,-0.1565504146447884,-0.14724041065750967,-0.14011078337693367,-0.1705153742626209,-0.12588462684660956,-0.11169027290981674,-0.1297080747080521,-0.11237516959243317,-0.07570036589829608,-0.058655462736545136
MAR,ssp126,gfdl-esm4,-0.05122133058262449,-0.1868371640281025,-0.14881002232574359,-0.05280538421927578,-0.03700063527940828,-0.029293852573281057,-0.00949401561166948,-0.022242494775290375,-0.017565367833784137,-0.017257815861490475,-0.02767851232447265,-0.020416925439017918,-0.01069872976505039,-0.018217650610073317,-0.004113458479184968,-0.009519969822880621,-0.011165212280572904
MDA,ssp126,gfdl-esm4,-0.28053961886611084,-0.20019329908802716,-0.30313577532819763,-0.11974258780003963,-0.1520802053453432,-0.13534615737419664,-0.07177620225675549,-0.09327934515661718,-0.14627986944548,-0.05195675491064951,-0.15951700038612998,-0.10414534208776512,-0.054300353129000466,-0.1804516116326373,-0.0691477290838804,-0.05292471476249521,-0.03049799634993106
MEX,ssp126,gfdl-esm4,-0.006095320244000171,-0.016896882912858537,-0.013165353017842957,-0.004997374037700924,-0.006865398742544471,-0.009137122906127696,-0.0063869608780400084,-0.005437825396388501,-0.0037457868677682193,-0.0033929205440931393,-0.00388680384694363,-0.003626096794000668,-0.004236926499259455,-0.0037611365203587604,-0.0030111659646960267,-0.003334126981520536,-0.0046494568597075375
MKD,ssp126,gfdl-esm4,-0.08406878708374496,-0.10578796928799783,-0.07225324243147056,-0.050688762724907646,-0.03418963776788822,-0.038504634575483664,-0.020843851778964483,-0.03359976583249153,-0.034620281389409785,-0.024706715438864293,-0.0362224830282238,-0.05008304186723462,-0.016569978784825662,-0.06476523031106181,-0.03317589850995546,-0.04136053373745996,-0.01911346763098389
MLI,ssp126,gfdl-esm4,-0.014893244993491024,-0.021698343260380816,-0.014299466617306541,-0.005575031394955611,-0.007457210519903383,-0.0065358280594943734,-0.004173446562461712,-0.003540854365057046,-0.0023391084704015965,-0.0020769717236294857,-0.001619551268256574,-0.0013845864785089687,-0.0012845537468292622,-0.0007724194278815404,-0.000657456465446289,-0.0007632511385633642,-0.0007667183723127154
MNG,ssp126,gfdl-esm4,-0.057535667834300856,-0.05911904088198604,-0.03287606069693502,-0.01597521032601692,-0.02516667835774109,-0.02497358923381192,-0.01534013193371515,-0.015786059896956927,-0.013673049800947136,-0.011319374584403775,-0.01003727781152328,-0.00819079959363701,-0.008706821792013668,-0.010870053677899469,-0.008035970366688596,-0.012517892435845213,-0.008003749812517495
MOZ,ssp126,gfdl-esm4,-0.002081596898504747,-0.0053392176215609054,-0.002131576845418982,-0.0021375153485588116,-0.0008384453735641152,-0.000824743239371525,-0.0005724877889932477,-0.0003924051275199256,-0.00027117017363394955,-0.0001747799088269439,-0.0002188357568162661,-0.00012319898309428963,-0.00019436789696144943,-8.743343769123535e-05,-0.00010072658884151141,-6.963561663868157e-05,-5.137829074827787e-05
NGA,ssp126,gfdl-esm4,-0.0001827994794886608,-0.0002066686048569132,-0.0002923606104242721,-0.00014307619652585867,-0.000159387759605291,-0.000168178920351128,-6.776461592503714e-05,-9.889694544135015e-05,-2.294524649019682e-05,-6.337977044597117e-05,-3.1558801431621186e-05,-2.8254281621171984e-05,-3.5900185027671256e-05,-1.3023762779154727e-05,-1.2103555997328699e-05,-1.7109397395234187e-05,-1.7165669023190416e-05
NLD,ssp126,gfdl-esm4,-0.0016265013964558864,-0.0022232847916143204,-0.0038356407613509076,-0.0034249501231345216,-0.006162485994136008,-0.001984193704475254,-0.0025421669488138684,-0.0030791340586151625,-0.002988538520664306,-0.0027571941378196738,-0.0027626301603520444,-0.0017867367412795633,-0.0016395218579638438,-0.0023642115251774104,-0.0019130545272832012,-0.001543537195902582,-0.001418762827293088
NOR,ssp126,gfdl-esm4,-0.0027740416666372563,-0.001864603299183487,-0.0016719433352228958,-0.002379115613838527,-0.004058592022195904,-0.001979967036448237,-0.0022418820957235694,-0.0038353050400694037,-0.0032271312095236396,-0.0029901366762425277,-0.0028626535397946995,-0.0015434324848616948,-0.0013492235152910348,-0.0015372758821139917,-0.0012320069190094344,-0.0012920174643675402,-0.001875262210420047
NPL,ssp126,gfdl-esm4,-0.20630838239560842,-0.17018271027769563,-0.11695462343835046,-0.10259504344147115,-0.09852387762501338,-0.10246641725716325,-0.05107624366475343,-0.05440700601784009,-0.05312878859679629,-0.03447529726314635,-0.023990749195655706,-0.029177712610824375,-0.0268346530409102,-0.016713429516394648,-0.018084602365255706,-0.015270780001888182,-0.013959501167715575
NZL,ssp126,gfdl-esm4,-0.003429479611132355,-0.004342071889976772,-0.0032125687336328865,-0.003910768023119158,-0.0037870774033220284,-0.0037752001801462103,-0.002990245461461884,-0.002831379258309769,-0.0033645998041317324,-0.002767515812935602,-0.0036099557330283474,-0.002093134547559554,-0.0024307600403682393,-0.002637842483813058,-0.0015875248706770147,-0.0017145904907267823,-0.0016089181040509042
PAK,ssp126,gfdl-esm4,-0.19291053353978338,-0.11668054646687225,-0.046079541028776774,-0.10226463733387378,-0.044421659958946424,-0.05515392939955677,-0.05956031692515226,-0.049278217199414893,-0.05928544904033785,-0.04613328338594079,-0.03945117960864808,-0.022057186238069657,-0.010989145694891346,-0.014209827346414424,-0.01971067246114424,-0.009137478326496194,-0.009656055005619701
PER,ssp126,gfdl-esm4,-0.003627703158543447,-0.003962212363361778,-0.005830324084081994,-0.003200529133835674,-0.003679805216774675,-0.002480081915566234,-0.002148127754077217,-0.0024826772575890278,-0.0016085584740968553,-0.001901007521983914,-0.0019976684204607528,-0.0010071858444887266,-0.0010077356973097345,-0.0006715413826160545,-0.0007708641093045392,-0.0005770260204141588,-0.0007976856440087819
POL,ssp126,gfdl-esm4,-0.056573884418721715,-0.049568559608245036,-0.05051699712983732,-0.05655175139313885,-0.0558519969378658,-0.04134090422058688,-0.03909912358738547,-0.04095716899982296,-0.06468988234049779,-0.036676198495404475,-0.06913475268858194,-0.03884395361685915,-0.027211024798906927,-0.05072476697632699,-0.041465116242219636,-0.041549529441007156,-0.02864498707970725
PRT,ssp126,gfdl-esm4,-0.0004392753355997244,-0.001311720969795766,-0.0027622180991566233,-0.0012029995734009476,-0.00118163924617327,-0.0010521902303399992,-0.00025852775206896417,-0.001561472524207647,-0.001130783783827809,-0.0011763949511396905,-0.0008085607207172304,-0.00124374512773035,-0.001156996621892775,-0.001113533585591881,-0.00023637794491254723,-0.0005084823685544138,-0.0007075729597711806
PRY,ssp126,gfdl-esm4,-0.06580906779156169,-0.008706519825636487,-0.012545073411656338,-0.028768250580716647,-0.010139871413201901,-0.013510524239697215,-0.01173878231588261,-0.007590558663924982,-0.006910068109762151,-0.0037190482383806646,-0.0036459211684961978,-0.004737367744709628,-0.005395230461918603,-0.0018585934834106602,-0.007929571162034464,-0.0015873510083812376,-0.0039755469761595125
ROU,ssp126,gfdl-esm4,-0.11478390889777237,-0.2027569987979872,-0.17549000742736104,-0.09655824144791234,-0.09578035269629998,-0.10930973145213299,-0.05934333982719435,-0.08838258200489357,-0.11210214804698575,-0.061414664856423884,-0.13351679839486974,-0.12638108851237062,-0.045224863451312464,-0.18366847720361348,-0.08423343942288634,-0.0797595346494701,-0.0521532476902527
RUS,ssp126,gfdl-esm4,-0.15034806353560823,-0.19367515768236054,-0.12355967704438828,-0.07570105526856881,-0.0803148154559305,-0.089747570313973,-0.09537090364336766,-0.07280917907730011,-0.10469207157083431,-0.05824832395429466,-0.06027707061876435,-0.08719025446916513,-0.07581462206336305,-0.07630719680558584,-0.06853233690363604,-0.033325843512720686,-0.03695273904812708
SAU,ssp126,gfdl-esm4,-0.016064970969968,-0.017578996993629376,-0.007590920983187978,-0.017233133784269355,-0.01615027799696125,-0.011842599869488594,-0.016457199155483892,-0.015136506782721153,-0.013151246979489412,-0.01444281611054616,-0.014062257690217484,-0.011093815425081158,-0.00972407305167535,-0.010399541941661507,-0.010227546979977097,-0.008539024420233006,-0.008996071107447932
SRB,ssp126,gfdl-esm4,-0.19438814289335604,-0.2637754893055028,-0.27444545778628987,-0.16254657588159505,-0.19110037420368142,-0.14000974301617583,-0.09977382009153178,-0.14918409910450134,-0.13338283469302278,-0.08725136747741559,-0.16381847438217023,-0.1660654404346685,-0.06935768847686563,-0.17874079825217312,-0.10269641149667162,-0.1420704255892201,-0.07643079016365203
SVK,ssp126,gfdl-esm4,-0.06897884403988472,-0.05073907505037705,-0.07323755909711155,-0.047788340721103946,-0.06050379074243999,-0.038225249624905,-0.03091891829086034,-0.037191965163018995,-0.03616088579070019,-0.02632319156924259,-0.051711334680062004,-0.028142375075780168,-0.02372581952817203,-0.029481675233496492,-0.02440661746407981,-0.023442725384330447,-0.012696036128823312
SVN,ssp126,gfdl-esm4,-0.006632418478301429,-0.00895655132009477,-0.010495474446502609,-0.007779807176162025,-0.006930935727039843,-0.005706717917345906,-0.0072798323171780885,-0.006176206999412139,-0.007460823976620216,-0.004570673591012826,-0.00677983268794801,-0.004939705441510414,-0.004017461346029135,-0.005311005989684564,-0.004269300219455348,-0.00449846684356206,-0.0027209125187951672
SWE,ssp126,gfdl-esm4,-0.014162398724414303,-0.008999150890843697,-0.00729113894165098,-0.009565704246543016,-0.013964921680156452,-0.009696521956506844,-0.007968727542268707,-0.011438267063375767,-0.010171322382362156,-0.009026866756508036,-0.008745101980302053,-0.0044873832792526845,-0.004919233347797813,-0.006600044975613983,-0.004570466174650882,-0.00459239532308361,-0.004116454376878127
TJK,ssp126,gfdl-esm4,-0.14018272220142688,-0.1688357292689222,-0.08116969273137926,-0.08316476187204783,-0.03516727390962919,-0.037296339492620074,-0.05543565256568221,-0.022735501823024713,-0.019025498069270425,-0.03330721022031709,-0.024331750063027496,-0.024363884685161732,-0.010852838749679258,-0.013287041740998888,-0.013086805568303505,-0.017378646057632348,-0.014398479614973494
TKM,ssp126,gfdl-esm4,-0.16977100632523873,-0.1896796047972945,-0.09393766822423955,-0.15377875570060542,-0.049379178794482434,-0.05369126638810621,-0.10359762965088616,-0.05302732926026748,-0.044045825761626266,-0.08977070250539984,-0.055682114314766766,-0.06860718854199499,-0.03562098238848068,-0.05026266575405442,-0.03868726827348473,-0.04660061437554439,-0.05646312054306572
TUN,ssp126,gfdl-esm4,-0.044120217970464747,-0.17589084794758605,-0.10575270377320782,-0.0878048644412474,-0.032970173051939056,-0.019370978787374423,-0.02780064828928137,-0.015912171919009125,-0.02477806437762583,-0.01890005644440411,-0.033504264789108326,-0.01843517465205025,-0.00838241036637627,-0.02593093453194276,-0.02684626214159849,-0.014464919057253747,-0.012022874849463842
TUR,ssp126,gfdl-esm4,-0.03300624778788009,-0.013353244430938804,-0.007769363260318874,-0.006325983269650174,-0.007139037812305494,-0.007573190141427934,-0.004606782113398875,-0.010062960098595653,-0.005899473454521508,-0.01002742066394611,-0.0070579268615047,-0.009464266555012256,-0.005032405645085024,-0.007310961753098514,-0.004362072313863463,-0.004167524718745118,-0.003369511986187208
TZA,ssp126,gfdl-esm4,-0.007842151950357668,-0.007600124230794665,-0.003387711468857535,-0.002682093760264165,-0.0017885627327577345,-0.0016413708921722396,-0.0012353891108288118,-0.0009121858148628343,-0.0005575652552471739,-0.0005430308735222628,-0.0003621144537436911,-0.0004266395162957717,-0.0002733067830932585,-0.00017440712230116668,-0.00022901161511473128,-0.00014710228958572153,-0.00013381564332268879
UKR,ssp126,gfdl-esm4,-0.7324669081761563,-0.25687104726644777,-0.2938859122213914,-0.12983588233217117,-0.129426920743259,-0.14310360784361942,-0.08837627496528841,-0.0975884245913292,-0.13195285265056697,-0.05916311450842371,-0.1147372670523531,-0.09134081269194133,-0.05670922700218259,-0.10193060016572174,-0.06287700647272707,-0.041352455286787035,-0.019560008169931746
URY,ssp126,gfdl-esm4,-0.011734250599094248,-0.01774233217605594,-0.031225672737758392,-0.06044823091597471,-0.054043474594032984,-0.02790470860172947,-0.019119172755343524,-0.017690488692680317,-0.014473420189792464,-0.011352707945099927,-0.009724997175622124,-0.01852468534444556,-0.010257719058732245,-0.01456519390994121,-0.010159600952982357,-0.009436792938106953,-0.009040012635446681
USA,ssp126,gfdl-esm4,-0.006327736989816532,-0.011275474359678414,-0.003790093961137736,-0.007845163894550766,-0.005520793686777559,-0.004842795656289183,-0.007669808427666577,-0.0055872030486819255,-0.003227892049153834,-0.004643035130012111,-0.004345306186897388,-0.004683530031930813,-0.004504723456489864,-0.003600725235226849,-0.005027667721964838,-0.0037000984246365115,-0.0032620795759656916
YEM,ssp126,gfdl-esm4,-0.02854580441637984,-0.0024547316427956374,-0.004057804608308018,-0.0011728467834213063,-0.0024006590607378022,-0.002551244902103825,-0.0007357002540242389,-0.002387496435400221,-0.0017867710098552916,-0.0016305296382468728,-0.0009451885188550228,-0.0008846757946192997,-0.0010392451972524469,-0.000677280326310148,-0.0007778696819250307,-0.0005517351391722957,-0.0010416524802176524
ZAF,ssp126,gfdl-esm4,-0.021663142571009937,-0.011886756928948661,-0.011897903108905311,-0.015068205761438025,-0.008893255391173594,-0.00716560536313364,-0.005495031592196992,-0.007045433642667236,-0.005052353810601037,-0.004745213042202625,-0.00694145916297986,-0.005232256700127056,-0.004660612802020915,-0.0038537229448920942,-0.004892795003155109,-0.0028759391445261373,-0.0034106381912601576
ZWE,ssp126,gfdl-esm4,-0.0608949055718354,-0.1496028120014655,-0.057319942245117175,-0.042275416395409486,-0.02629325920123543,-0.02806667548919206,-0.029297002081041388,-0.01598811010088714,-0.014936306852985672,-0.006461366844941068,-0.01587350129542882,-0.006025532938233553,-0.008324265435235784,-0.003864631145407765,-0.007581175241293581,-0.005729003550141901,-0.003025424991382062
ALB,ssp126,ipsl-cm6a-lr,-0.03779174348935724,-0.08202329610909634,-0.0437573004869966,-0.12905099118981944,-0.09462978966393684,-0.10259104115412948,-0.12301133429960603,-0.1000769437784105,-0.08912274559400093,-0.11531517704806851,-0.06426994451103735,-0.07387963383183424,-0.1106799580612317,-0.09846666465340025,-0.13572028467016284,-0.12233630519550179,-0.062186248631063035
ARG,ssp126,ipsl-cm6a-lr,-0.005662561372802319,-0.0036428665756063007,-0.0023351853869622314,-0.0019680314047063226,-0.001876045141164376,-0.0015448422520422359,-0.00183508812778981,-0.0008920359267643793,-0.0009755318495624312,-0.000971939102070077,-0.0007456255843321648,-0.0006853744661278366,-0.0008210884432366581,-0.0006321207448699492,-0.0006615102552718372,-0.0008805163440117019,-0.0005952351201369713
ARM,ssp126,ipsl-cm6a-lr,-0.04557407433682238,-0.036304720580222785,-0.03799944528877146,-0.07297975627951082,-0.03551780698329923,-0.031349213810186786,-0.03854650662270389,-0.020918884941571552,-0.027499671982495547,-0.054607314346101034,-0.025960084015408516,-0.02631647605200763,-0.031054015010079615,-0.022907328728638217,-0.02410671131572206,-0.022687940429984413,-0.01996150526259932
AUS,ssp126,ipsl-cm6a-lr,-0.019736481181194532,-0.06541187222775063,-0.05271343156670375,-0.058019026035122934,-0.03574755463974796,-0.07517845211058835,-0.06826012791372975,-0.043731082023933915,-0.05463884097114415,-0.056107631975285524,-0.05277390343411256,-0.04616307877817561,-0.03732288982836741,-0.03188334866513211,-0.023473992577296602,-0.017197018131441623,-0.025063095375815227
AUT,ssp126,ipsl-cm6a-lr,-0.00799332998803811,-0.003961340039947472,-0.005443671842305265,-0.012651236456452374,-0.0077938970777322375,-0.011775044727962486,-0.012235182564162606,-0.01270908685344211,-0.009486080764650628,-0.004428791910350251,-0.007346993390490577,-0.008850010881438596,-0.006273888817935161,-0.010123825179046414,-0.007599201670054875,-0.0032824023162169986,-0.0026000181445982955
AZE,ssp126,ipsl-cm6a-lr,-0.11848420371704024,-0.08562833425263566,-0.06075597246463027,-0.17424723076447593,-0.09011463137710721,-0.07954932924630469,-0.13089912878713858,-0.035531285096147,-0.08103273639145406,-0.12392966842234895,-0.04836703242474052,-0.049469920798778655,-0.060904394535751666,-0.0442471660172773,-0.03901020871618099,-0.04359297633107348,-0.02912796783971927
BDI,ssp126,ipsl-cm6a-lr,-0.013658090793050779,-0.013177604147093912,-0.013235259587990973,-0.003359178112585139,-0.0029754215007575433,-0.002500698113078236,-0.0016261712571978763,-0.001115369869449849,-0.0005659530291969113,-0.0005137870114996415,-0.0005073227055944578,-0.0003620235646303829,-0.0003205890374337037,-0.0002025972100593416,-0.0002008076892054221,-0.00022279085520232676,-0.00024795957271548687
BEL,ssp126,ipsl-cm6a-lr,-0.004284607942569012,-0.0019237489670379912,-0.008051851916437954,-0.009088830324402695,-0.003182323966447175,-0.011176700834463513,-0.009782300379177811,-0.009449245351330718,-0.007508889794510175,-0.0035496107930706833,-0.007162693522458682,-0.0066889888694471895,-0.00596581892949789,-0.0047352149193332395,-0.005349687125925558,-0.005048979044623298,-0.0012690525417444088
BGD,ssp126,ipsl-cm6a-lr,-0.01817487885223171,-0.01579705623819994,-0.0063298374797003485,-0.006364043855516613,-0.003972471588818342,-0.006216090060237227,-0.006390340173682643,-0.0021934465279601686,-0.001989155806131997,-0.003891005786358448,-0.003565745299190179,-0.002064198424496176,-0.0016945453162423294,-0.0011882617329779359,-0.0012466114825616871,-0.0010911569958667183,-0.00132172180423582
BGR,ssp126,ipsl-cm6a-lr,-0.10719164940067132,-0.43169549255590883,-0.2771708665966177,-0.33371078820455813,-0.3416881340342985,-0.4265818684117204,-0.3498882120301673,-0.30587053629048405,-0.32067590208078084,-0.16510093192760658,-0.24198815697679182,-0.25262301768912787,-0.298824301532999,-0.24667156853894687,-0.3389321456750851,-0.19893078055577937,-0.14133525187051896
BIH,ssp126,ipsl-cm6a-lr,-0.05286367826830118,-0.031890698322664904,-0.019217659792381877,-0.06399677543007039,-0.03642360893669737,-0.047957281154999414,-0.08444120222072668,-0.08164473781133517,-0.04206322780489797,-0.029819797616271137,-0.036622959570682574,-0.062309236537423,-0.06856937778191824,-0.06146962158199551,-0.081365618260225,-0.0460351171126578,-0.04292303873668747
BLR,ssp126,ipsl-cm6a-lr,-0.02815871241990725,-0.04523388761387572,-0.028565343020301125,-0.048897348115441844,-0.02531370119373237,-0.04336359660952834,-0.04505451620748196,-0.04069995115007695,-0.04352911958175528,-0.012868105721247221,-0.03428400120353735,-0.019202854040553694,-0.022350199889466845,-0.014471886179982883,-0.024510816142323987,-0.009823722236439196,-0.010096589065952545
BOL,ssp126,ipsl-cm6a-lr,-0.009883113738362792,-0.02378415840250589,-0.02752193622633821,-0.018184084009550013,-0.010667750886582138,-0.017281991796838002,-0.011752039457889149,-0.007199379929110118,-0.008509513366334365,-0.009898247737690666,-0.006783464909613818,-0.005956144886104779,-0.008221485969100106,-0.0040294232237573085,-0.004737556072627571,-0.005022227517902909,-0.003753537469779649
BRA,ssp126,ipsl-cm6a-lr,-0.0038935581448949447,-0.006209777833138606,-0.01123578815998811,-0.006692714094450756,-0.005057050020758165,-0.006770869540240237,-0.005154063515111196,-0.005900559481066471,-0.004312051316051486,-0.005324509121263885,-0.004039116834747771,-0.004009963428355808,-0.0038686439131326127,-0.0028896252214701203,-0.0035398608731013075,-0.0021233671071321856,-0.002153226327677018
BTN,ssp126,ipsl-cm6a-lr,-0.0034230664585758104,-0.0024020747925390905,-0.0008063918416439738,-0.0004806959200497903,-0.0005072737261055327,-0.0005019576054391042,-0.00037137753191456745,-0.00025070740822215787,-0.00027180462431003916,-0.00023517081740229373,-0.0002657291516533097,-0.000203995847774014,-0.0001720697563011986,-0.00018995305813261266,-0.00012344974992519887,-0.00013923289677674876,-0.00015054927317104753
CAN,ssp126,ipsl-cm6a-lr,-0.0406319819522401,-0.035207181363751096,-0.04177826030146299,-0.058023699410602335,-0.05034672238326842,-0.062433460407576385,-0.09133024333446815,-0.07684777688787506,-0.07704760866717741,-0.05467154778494493,-0.033625585066063196,-0.049059520275128,-0.024433206831112123,-0.03064078512809069,-0.04016216797754503,-0.02646939749287838,-0.015347121188461979
CHE,ssp126,ipsl-cm6a-lr,-0.006017769735103948,-0.0016655636963343059,-0.0033397373204603524,-0.006444227567426196,-0.002952890926178525,-0.005748328070147183,-0.007443142902211591,-0.007346867318082796,-0.00496998774065577,-0.0021072479874003776,-0.004481275684851893,-0.004306955113732075,-0.004470388415264697,-0.00358200104608879,-0.002482916946600714,-0.0019018204995088965,-0.0013222653528678437
CHL,ssp126,ipsl-cm6a-lr,-0.009934989653289279,-0.012948837515370789,-0.007698523326722074,-0.0069776560117395855,-0.008206507326180104,-0.006609989810015541,-0.0063080116397193926,-0.008011376079460496,-0.0046241612322476516,-0.004916782861408886,-0.0046460072620241495,-0.005040477768405542,-0.004611914967773073,-0.004299126577951964,-0.0029519886853045666,-0.002645854324333311,-0.0036574438798959987
CHN,ssp126,ipsl-cm6a-lr,-0.025322086114259137,-0.026586415002229878,-0.029405669341000785,-0.022718118734585725,-0.023984684887772452,-0.021049564599394978,-0.022255438989350958,-0.018950124174859192,-0.021049994560921152,-0.01950682779632541,-0.022883190287693717,-0.02581717021648405,-0.01820956038855041,-0.01710999221870755,-0.01739720417887922,-0.02092964735054221,-0.01685365040511793
CZE,ssp126,ipsl-cm6a-lr,-0.04047829437932561,-0.026772190496019654,-0.04834151528752223,-0.07782175751169557,-0.03950713239619799,-0.0661116846449662,-0.06919101522495505,-0.06017544781897527,-0.05696996748700207,-0.027728653651103136,-0.04956291664128745,-0.06975047756788225,-0.03612474359404693,-0.06797314667469417,-0.048163927301711665,-0.023489295438566562,-0.014709105592482003
DEU,ssp126,ipsl-cm6a-lr,-0.008592515731456947,-0.005097078942384393,-0.01735039945530977,-0.01958740830032994,-0.00804162334744905,-0.02204777162782859,-0.022405169119259064,-0.020193653134967023,-0.016353789806853505,-0.006914341369476105,-0.018462083336044394,-0.019061017427105365,-0.01468373398440261,-0.014851815711606549,-0.011885998315761011,-0.006789307868436355,-0.003774042289746814
DNK,ssp126,ipsl-cm6a-lr,-0.010566504739440359,-0.013693541664237408,-0.025508051591835994,-0.023335640004020344,-0.016556032030709524,-0.017013041362037778,-0.029131490310609038,-0.029899026687921215,-0.023460957250100264,-0.01434993604812006,-0.03156642611749104,-0.021072985469545315,-0.02190973916929752,-0.01800513121106083,-0.01919237720823094,-0.008816090764089053,-0.007040221775296435
DZA,ssp126,ipsl-cm6a-lr,-0.06591685406224039,-0.050247299241991276,-0.05334461162585361,-0.0992076168902151,-0.04956683701954525,-0.062378420690989186,-0.06531929245198723,-0.05363408435852347,-0.032293747160790795,-0.037248931193715765,-0.013824231559841737,-0.022987606742834104,-0.022312757674654297,-0.021395613572869242,-0.015575030968331403,-0.028262214775237635,-0.01561114332605006
ECU,ssp126,ipsl-cm6a-lr,-0.0008038536898948792,-0.000525366771747786,-0.00042224713216567635,-0.00035772529501512,-0.0003100383073351248,-0.0002932963997467292,-0.00021866139905064356,-0.00018387890752707704,-0.00011974300733128633,-0.0001377391137900804,-0.0001412709287890321,-9.903670191056868e-05,-0.00011178648249116682,-9.54138322654465e-05,-9.172540218083195e-05,-6.828754531324765e-05,-6.181095544237759e-05
EGY,ssp126,ipsl-cm6a-lr,-0.051429439392336115,-0.07717598782721191,-0.0379368929752815,-0.043836049501503736,-0.02367384312790724,-0.022641846571115478,-0.023194314041000093,-0.018015397068937244,-0.01772948158333929,-0.015070051969149937,-0.013303101524482247,-0.012845245294728939,-0.011472671129163491,-0.010513603823407224,-0.009080442658918688,-0.007898360939413339,-0.007433768641590172
ERI,ssp126,ipsl-cm6a-lr,-0.18623230812830838,-0.19902297070030264,-0.17039323847154433,-0.10230477510963243,-0.15585914220223324,-0.0897847723889093,-0.11635281270484671,-0.0878866046022359,-0.0662763065950086,-0.06788548904452389,-0.10538561017259845,-0.05146358215391819,-0.06270318897704749,-0.021954895888957323,-0.014018302768950625,-0.03305581246657923,-0.05286767383267057
ESP,ssp126,ipsl-cm6a-lr,-0.032568618518945054,-0.012618113471109004,-0.01452110308468493,-0.02067746995471433,-0.03333420918299558,-0.0239327913654495,-0.03557124955714169,-0.03349528994277422,-0.018625100651113585,-0.01987971996939391,-0.010567927517912596,-0.014554188338099062,-0.019607747542707867,-0.015323507033636661,-0.01445255099522227,-0.0215946063074497,-0.014474993708100958
EST,ssp126,ipsl-cm6a-lr,-0.03332366635032864,-0.04890892819638595,-0.05355081389474709,-0.0659450810809226,-0.05708980819064188,-0.05826549254697351,-0.07121423780206482,-0.06268998143708504,-0.07990060994596333,-0.045644014855292445,-0.08012156548637893,-0.04943475625295819,-0.06069535764029786,-0.031035810951804403,-0.0675392887850228,-0.02445807786264677,-0.03448894659526919
ETH,ssp126,ipsl-cm6a-lr,-0.1794105713070297,-0.11254146480543417,-0.10436007250094236,-0.07157111152213583,-0.04901213259781234,-0.03531508923900414,-0.02710127380895184,-0.02425866016237735,-0.01556796278977973,-0.0139942068310353,-0.012379668671713107,-0.00998511499836125,-0.009754035353249872,-0.006745394211128657,-0.005718087950082019,-0.006230980754853742,-0.009913064007612927
FIN,ssp126,ipsl-cm6a-lr,-0.0029798376664101635,-0.005186954635911752,-0.010296755864763356,-0.00858347446155504,-0.007313837441138445,-0.006755040044097722,-0.008466199985201315,-0.01014705066881886,-0.006004008543795199,-0.007074909705310896,-0.009194927909584105,-0.006338136885471106,-0.005174585163382394,-0.005794801080599792,-0.007162858714335042,-0.002799547257990943,-0.0051142777460740805
FRA,ssp126,ipsl-cm6a-lr,-0.027130403916724766,-0.009067355027606925,-0.02427234220970501,-0.03424621814598916,-0.0176188184767961,-0.04967310627570214,-0.04208831528780185,-0.05501966802763134,-0.02710235581980053,-0.015959125538789528,-0.02189707986681716,-0.021666315097919202,-0.029777250534449694,-0.023500258074241866,-0.017440459970521467,-0.015339256117373015,-0.012614569949602115
GBR,ssp126,ipsl-cm6a-lr,-0.003086963972274018,-0.0030926171075001422,-0.014012183612011545,-0.009301517781356482,-0.0055059050611189955,-0.011202713438366816,-0.008211465259119163,-0.009439790350564047,-0.006869871963422968,-0.0046657699431889455,-0.006948808494818453,-0.006026340016627663,-0.006614403767760879,-0.004004757337938064,-0.005738253520782916,-0.0031124870229330115,-0.002519335412693327
GEO,ssp126,ipsl-cm6a-lr,-0.01904201671792317,-0.020607866590614053,-0.015011658762690616,-0.028908036981230022,-0.017624372529708072,-0.013424668704255403,-0.015666884161714512,-0.0068002434624845785,-0.014775003225860953,-0.018088795988891467,-0.01108792224183345,-0.013141878514575657,-0.019600134835636735,-0.011068009787492618,-0.013528801374403961,-0.01440122941692833,-0.009965729578647668
GRC,ssp126,ipsl-cm6a-lr,-0.007353209743266685,-0.020861613225320888,-0.014054903159381769,-0.02637960067641949,-0.021158749631174964,-0.022580939914194492,-0.02428831598111959,-0.018681795299133983,-0.01603426582886903,-0.02274576490425381,-0.009601486792664326,-0.011253719374847466,-0.017355698929051023,-0.01253089311191624,-0.015843772496569625,-0.014030988802994315,-0.005601458012639171
HND,ssp126,ipsl-cm6a-lr,-6.680659961593302e-05,-7.982685584490931e-05,-6.435967063975899e-05,-4.55491174681251e-05,-4.417178621892824e-05,-2.557227058492356e-05,-3.4839519099824957e-05,-1.892963954856739e-05,-1.4913095531609176e-05,-1.7231763929370976e-05,-2.0050396288631213e-05,-1.3160956892769578e-05,-1.7686399617391746e-05,-7.368523472457737e-06,-6.3152341131209306e-06,-4.706818650907582e-06,-5.673387757687763e-06
HRV,ssp126,ipsl-cm6a-lr,-0.05151326162061638,-0.256635234528528,-0.16250162349355046,-0.5163918671590102,-0.27804870689773764,-0.4359908387900584,-0.6698432297644744,-0.7097043236468039,-0.3580460518423809,-0.18673762586471424,-0.26258200408052823,-0.42616236084741843,-0.29070905563805666,-0.3393464267285609,-0.4730399897548211,-0.1990402866330155,-0.15637449770693285
HUN,ssp126,ipsl-cm6a-lr,-0.06428494655428255,-0.042198216065276385,-0.041567252694334464,-0.10828516682818141,-0.05653444795630253,-0.10913753175221452,-0.10023495780790116,-0.12329087459123175,-0.08610381885785522,-0.036238470619919645,-0.058202337896558,-0.07122502811893329,-0.04614691821757942,-0.07083146785730449,-0.08075732394461384,-0.024690764752277102,-0.021762087380538003
IND,ssp126,ipsl-cm6a-lr,-0.16827675668123582,-0.15977158263922578,-0.11601421239383215,-0.07318133760610103,-0.048426799805338434,-0.0745905144128874,-0.04511352487715844,-0.02476497699014959,-0.02943302980233895,-0.032022547044490625,-0.02843899562902706,-0.037474591803581675,-0.022849782169216196,-0.01082667529156423,-0.017719155016659164,-0.00863708881247549,-0.0192903264604259
IRL,ssp126,ipsl-cm6a-lr,-0.0009383181890673464,-0.0011879168782832174,-0.0022896534900926305,-0.002399444870015762,-0.001252957816836083,-0.0022892548412238797,-0.002336575161966392,-0.002867429910901209,-0.002924673406857313,-0.0021410982103319044,-0.0036234550306564633,-0.0035105583015213565,-0.0026379444922559163,-0.0023067197501695116,-0.002325590892553705,-0.0020094241592403302,-0.002048340480456246
IRN,ssp126,ipsl-cm6a-lr,-0.03699414581754196,-0.017786493691424023,-0.008335547365191737,-0.019211401498310007,-0.010203425787885925,-0.00896726719978662,-0.009601833076017452,-0.006334316395811557,-0.007295324812498446,-0.008690450388895342,-0.005877406266869351,-0.007917196317437166,-0.003987019984683592,-0.006639009333088557,-0.004133560814070081,-0.003962718038524895,-0.0031905914980939628
IRQ,ssp126,ipsl-cm6a-lr,-0.3649323561671044,-0.2153818460796847,-0.0692105945577423,-0.20684083425524538,-0.11041279599079906,-0.0990166217269928,-0.08406740950663197,-0.04022272857624724,-0.06421087365247648,-0.09715402219999499,-0.03790206530226031,-0.06717623411614194,-0.04828939857359742,-0.04634669854461305,-0.040583481276893964,-0.03056282483460246,-0.02043819442190345
ISR,ssp126,ipsl-cm6a-lr,-0.0012692300982763663,-0.002480070582805691,-0.0007902618666693885,-0.0019573305529119005,-0.0007085986647566694,-0.0006848388752671393,-0.0009806690288200266,-0.0004393522637811297,-0.0004693357991350556,-0.0005734743032981153,-0.0004014335878564755,-0.0007353520251564159,-0.000627134996117707,-0.0006227621919597537,-0.0005388422266883946,-0.00037714124475690046,-0.0003676157396879705
ITA,ssp126,ipsl-cm6a-lr,-0.011875553800080995,-0.006762099758377144,-0.004496571987203095,-0.016473908437223635,-0.012064681534480393,-0.012165799066280774,-0.02798539102617201,-0.021788001025789587,-0.013041071504107259,-0.009523704290472416,-0.008415683633671973,-0.0097643537368826,-0.008167101426709388,-0.008892191919154285,-0.009673938488579005,-0.00966485782186655,-0.0048201655510402746
JOR,ssp126,ipsl-cm6a-lr,-0.004073843531130597,-0.013885853820262261,-0.003990741907503988,-0.008248549915991062,-0.0028424175172689706,-0.002182401541681177,-0.0031853191879763097,-0.0010311733408496899,-0.0014744686961819383,-0.0017832773149994575,-0.0011676796915883285,-0.0017304429817791623,-0.001454625405857905,-0.0014351379164905162,-0.0012584831276372774,-0.0010375728598074662,-0.0010215602802642917
JPN,ssp126,ipsl-cm6a-lr,-0.0004640306874258061,-0.00043492266411637547,-0.0006683439535650922,-0.0005752094080511032,-0.0005799059845543576,-0.0006644474373710625,-0.0006180920761538327,-0.0005549597788052605,-0.0007385691086396524,-0.0005658060534182119,-0.00053997575064262,-0.0005983920660797455,-0.0004569708702597641,-0.0004551405818755749,-0.0004505488044319825,-0.0004224775122771871,-0.00035070655140216427
KAZ,ssp126,ipsl-cm6a-lr,-0.11057274628245449,-0.17863831165841393,-0.025506647320538957,-0.08129055071688625,-0.04513387629717576,-0.08263252353908179,-0.07611946505681688,-0.08794102706371557,-0.05518269687371199,-0.06882634202184595,-0.04616879806817399,-0.06777158211575707,-0.08617838640602195,-0.08727945547115916,-0.041531987879123274,-0.10931556160522803,-0.07216824474639276
KEN,ssp126,ipsl-cm6a-lr,-0.019049802313918212,-0.008003582041917942,-0.00984875744272967,-0.005503459986746091,-0.004385592207000857,-0.00448902599734084,-0.002880872791707434,-0.00263709255021911,-0.0017036567384142917,-0.0019960053397991297,-0.0016871736896765922,-0.0011808242336747527,-0.001044224780617413,-0.0007903016479875682,-0.0008136353935109482,-0.0007227589069463732,-0.0011529044715522935
KGZ,ssp126,ipsl-cm6a-lr,-0.28388958750638627,-0.12211446592795051,-0.13246650449602856,-0.16475439846233134,-0.07417618350164144,-0.07692943481407681,-0.09910253909668379,-0.054451131777315566,-0.05734368655092065,-0.039732777995822026,-0.04779725644876331,-0.034998667926694746,-0.04323726039005223,-0.02849526229752462,-0.030666138844284107,-0.030602954718581897,-0.020557679771842637
KOR,ssp126,ipsl-cm6a-lr,-0.00010621319576901872,-0.00011999598994050379,-0.0001108368839944352,-9.863965211869031e-05,-9.73784718288658e-05,-0.00011757408254150259,-0.0002567529318745044,-0.00013799073668704592,-0.00014690203991949078,-0.00010569565625597485,-9.765658800975234e-05,-0.00010082839273029885,-8.347288260596851e-05,-0.00011396433352151128,-7.125807378872723e-05,-7.699090001770224e-05,-7.020353834158895e-05
LBN,ssp126,ipsl-cm6a-lr,-0.004829330702832447,-0.0005426302768196145,-0.0001260963077770693,-0.00014623516886736352,-9.21197099365621e-05,-5.8315551257218895e-05,-6.20399664156599e-05,-3.561216064288017e-05,-4.591756474440862e-05,-4.289277289942485e-05,-3.23450412934255e-05,-5.823074741829129e-05,-4.677427757419157e-05,-3.423469900630539e-05,-6.231855257792963e-05,-3.2653205824579454e-05,-2.296536965599654e-05
LTU,ssp126,ipsl-cm6a-lr,-0.1214112873152474,-0.18021369109764537,-0.23884515101480222,-0.36001164007088626,-0.30862837601287557,-0.2502433869037801,-0.40172351281584967,-0.37161731162140854,-0.39430177936214506,-0.195938965637658,-0.41609226559684126,-0.2637828154436204,-0.3541747415223404,-0.1997585845828402,-0.38792734646988936,-0.16762293574342457,-0.14842532633060207
LVA,ssp126,ipsl-cm6a-lr,-0.10703571622450445,-0.13930248403166548,-0.16901015011083564,-0.22085442434140393,-0.21377912334559546,-0.18344493635641435,-0.22940143764791449,-0.24678008278523014,-0.2324848289400669,-0.12099113070827315,-0.2199806901341677,-0.13635651728150944,-0.19457130431581754,-0.09345635399215683,-0.19386211519086227,-0.0786124851127883,-0.08019301275590214
MAR,ssp126,ipsl-cm6a-lr,-0.11385630244163811,-0.06275611381434602,-0.07417128313007071,-0.037780326789968136,-0.05269067854394003,-0.027305943674977087,-0.03544629088329354,-0.024284803379721,-0.014404218819942598,-0.02131892752292774,-0.00807896127044819,-0.011595545088595003,-0.013797781265953941,-0.014185318252004815,-0.00934067161825122,-0.018151369028695546,-0.01212921972773618
MDA,ssp126,ipsl-cm6a-lr,-0.02990394955112571,-0.2671146190532206,-0.16974847225169606,-0.18611414107892688,-0.14264740789852054,-0.23512348649041803,-0.19586453073840543,-0.18807224363590572,-0.16538780704538134,-0.05405183176792927,-0.10856716745011584,-0.09233899375013503,-0.09943597762826706,-0.06948364496643197,-0.16743987349579562,-0.08601326957754192,-0.05046064086911196
MEX,ssp126,ipsl-cm6a-lr,-0.004737993894522314,-0.011705504323701044,-0.009898814909526358,-0.009183158746390608,-0.0040890089367218935,-0.007066894301065002,-0.006325021996292763,-0.003997333842222234,-0.004281877831550116,-0.005881205528669071,-0.0036420333174956732,-0.003350991879494136,-0.0041732337609992325,-0.0028097060229286723,-0.004146115068582505,-0.0021577030438898214,-0.0027876426354195823
MKD,ssp126,ipsl-cm6a-lr,-0.02829004513343848,-0.04386180631795983,-0.024773632860883292,-0.06671765997212976,-0.04500010416929617,-0.04985815053593089,-0.043574847497789,-0.04675451260376574,-0.03406702112683025,-0.04682423479528801,-0.02239609623408631,-0.028475611987510096,-0.04075775711348523,-0.033632776474222,-0.04947772282859552,-0.03913924240183738,-0.018087704767211898
MLI,ssp126,ipsl-cm6a-lr,-0.017933907117418102,-0.011359832958565165,-0.015002524661146288,-0.011864800581474216,-0.0079593682201669,-0.005802272213991285,-0.00480493658762937,-0.0033584025829470985,-0.0025080267121416174,-0.0022620097934301794,-0.00175463129135333,-0.0014992363378418248,-0.0011787018426770717,-0.0009249471928342438,-0.0007283280456677259,-0.0008237837799335716,-0.0008444070066594148
MNG,ssp126,ipsl-cm6a-lr,-0.0639260595844941,-0.05774370064211966,-0.03133342157572365,-0.0347803305830412,-0.02052914327274149,-0.03380075027682254,-0.028100500672138238,-0.035640038237832815,-0.03451417119422378,-0.01104715607423887,-0.01795903147629591,-0.013475114523606028,-0.01168495718691313,-0.011318679293034407,-0.01548772352506647,-0.014335774284245694,-0.00875201781168456
MOZ,ssp126,ipsl-cm6a-lr,-0.004736809547259293,-0.003442102207876672,-0.002587228219923146,-0.0021817316700330673,-0.0016823117594533836,-0.001062617907119602,-0.0006670358308589989,-0.00037391561903867595,-0.0002684174360150526,-0.00026639835915585094,-0.00020153803183865115,-0.00016299862579903689,-0.00013425683256727017,-9.619075803991902e-05,-7.655422248414626e-05,-8.786118075458794e-05,-4.742477237381224e-05
NGA,ssp126,ipsl-cm6a-lr,-0.00028713139048082106,-0.00031717130919849763,-0.0001368401618712941,-0.00021552154208354473,-6.432914917142516e-05,-6.82019428416069e-05,-6.051072213864664e-05,-6.425046566303137e-05,-3.464462346544898e-05,-5.7352683246505227e-05,-3.136812894273584e-05,-1.94765979481062e-05,-2.7071472128009606e-05,-1.2669203404197755e-05,-8.027512722641483e-06,-1.0714318450992567e-05,-1.953339101722586e-05
NLD,ssp126,ipsl-cm6a-lr,-0.001127131131673609,-0.0009047607895890244,-0.0027300256604400547,-0.003226917864637812,-0.0014316182410872595,-0.004473991120166618,-0.003624537524132535,-0.00370745753974901,-0.002819632158832234,-0.0015387672996465633,-0.0030870409108189486,-0.002540309402608902,-0.0030561349701907713,-0.002382146920265226,-0.0022185016407269007,-0.0019640021516436775,-0.0005423485695662008
NOR,ssp126,ipsl-cm6a-lr,-0.0020449546955292512,-0.002058155680848717,-0.0034476228024189273,-0.0037215815206122485,-0.0029637210756882346,-0.002857180215535914,-0.0036958396933164167,-0.0031704473797556664,-0.0030695363387781695,-0.0025268607115929006,-0.003154293012029648,-0.002439362841887522,-0.0019974068593827765,-0.0023828856899915634,-0.0020197504280781283,-0.0012081324547677113,-0.0012288325801490302
NPL,ssp126,ipsl-cm6a-lr,-0.198040289487795,-0.2736440801811391,-0.17158340005673467,-0.14320734008778407,-0.10204902437056641,-0.12710838205616196,-0.10130658219229137,-0.04790584749345015,-0.057233751741116744,-0.05039321831132803,-0.05619500752732895,-0.036033924062935284,-0.026840328352746374,-0.019497701847510162,-0.0179537464332764,-0.014293988705446105,-0.022746446393075846
NZL,ssp126,ipsl-cm6a-lr,-0.003916589227319835,-0.001984009346568323,-0.006055562137465111,-0.005184378951637965,-0.004254584755480597,-0.004959196836089951,-0.003563697292098137,-0.004282434601745707,-0.0038390780897772474,-0.0030434560650945434,-0.003183175506570669,-0.004719571480744554,-0.0025457129750040917,-0.0025324606989415004,-0.001672813860969028,-0.002579759964420638,-0.0015369148986823114
PAK,ssp126,ipsl-cm6a-lr,-0.20459182198887899,-0.054171823305812994,-0.1629853296158293,-0.14372329995748695,-0.07268993721038838,-0.08074289697258186,-0.027094519463051712,-0.04374164809981809,-0.04388139304058025,-0.04183096607470015,-0.026257048770545313,-0.04053990731778544,-0.029074901621134196,-0.010276806884069293,-0.019008844403106344,-0.011302707957495892,-0.01890956691997816
PER,ssp126,ipsl-cm6a-lr,-0.002622928053824684,-0.005288537937689934,-0.0033141403919723757,-0.0030738561529809858,-0.0020568876929465195,-0.002315117492565949,-0.0015398430081864792,-0.001438733622570684,-0.001160424885607874,-0.0011427365706820447,-0.001357248837841547,-0.0008648855303544827,-0.0010270601181257436,-0.000900845740803017,-0.0006306692282830882,-0.0006092407834633559,-0.0006210546722631171
POL,ssp126,ipsl-cm6a-lr,-0.054415347952295856,-0.03755650704987977,-0.04677077603016268,-0.0748722383534814,-0.04644600269041937,-0.06838687344148198,-0.08509310242843944,-0.08386375753672463,-0.0803709600853737,-0.031603702637812314,-0.06856223326476414,-0.07429292384439935,-0.05208334538966536,-0.07303058663941084,-0.0964473403564484,-0.03333995785781377,-0.02477068715806835
PRT,ssp126,ipsl-cm6a-lr,-0.002029442475909482,-0.0005982618179683674,-0.0014599402144756634,-0.0007051600521427251,-0.0024705895199476856,-0.0007141326277384482,-0.0017569006609751163,-0.0022806587752245626,-0.0008993328260808674,-0.0014765619291590534,-0.0006674249430535021,-0.0006243129046607641,-0.0012354832534132024,-0.0010561979095455123,-0.0010280841179350516,-0.0012484841306062598,-0.0010181402625093232
PRY,ssp126,ipsl-cm6a-lr,-0.018926936682353596,-0.019151353381137857,-0.03638748019455092,-0.01470278036937085,-0.010722570646946636,-0.014831181431558616,-0.01489534461539223,-0.00943865490806879,-0.011690515076613348,-0.009010779958114981,-0.007706601504357131,-0.006921818811917971,-0.007189976169842379,-0.005329334451690623,-0.006559741905061394,-0.0036461660739108494,-0.004769558409000537
ROU,ssp126,ipsl-cm6a-lr,-0.03027619114732243,-0.1336940021400244,-0.09524971365954275,-0.13843058512571382,-0.12147486988010411,-0.1774747423921703,-0.15149455630846717,-0.14332262922169264,-0.1408233149429136,-0.057660091517921314,-0.10238332443478848,-0.10633971684959277,-0.1136404284877853,-0.09640340271458817,-0.15217646853052524,-0.07878014978684474,-0.06196441941414075
RUS,ssp126,ipsl-cm6a-lr,-0.16907134253414435,-0.18957851356870406,-0.061029132569406105,-0.12774093986280868,-0.09840367435026963,-0.13439927820784606,-0.11222200833307926,-0.07004054593814624,-0.12203008842068025,-0.08532555318597161,-0.05347787222221399,-0.07121421240968857,-0.10113303373711281,-0.04712016788769014,-0.08357358334372592,-0.08896872232349212,-0.07236351422824007
SAU,ssp126,ipsl-cm6a-lr,-0.009465243084977317,-0.021438460953864705,-0.014730488034753915,-0.019960094661306434,-0.01862095268318922,-0.016140976633415422,-0.015472754783580253,-0.013300525459735956,-0.01500140248189722,-0.014272528363772652,-0.01284718409175933,-0.014234791191561288,-0.012556110806526658,-0.01199384085181487,-0.011463555776336811,-0.010122464930167885,-0.008896324726273414
SRB,ssp126,ipsl-cm6a-lr,-0.06946695174227328,-0.0950234700899499,-0.08412878566382011,-0.2787416566369071,-0.14935362963741788,-0.24736744622274334,-0.272442080943629,-0.2768554322142231,-0.1626029757764054,-0.12826992648034596,-0.12562962625633795,-0.22202579335745576,-0.16132060390813066,-0.1422425160964595,-0.18284370614248402,-0.07979801081306083,-0.06376679825554135
SVK,ssp126,ipsl-cm6a-lr,-0.04319445335275919,-0.03026739315737257,-0.027763408756542093,-0.0648898434779737,-0.03830603073906057,-0.06378696902531499,-0.060801685619229516,-0.08451512077507588,-0.05539738006539695,-0.025241297438440665,-0.04248503168957539,-0.052251458282724,-0.0331382173835495,-0.05948807143538943,-0.057866719106400136,-0.019805031243722432,-0.017724542633754045
SVN,ssp126,ipsl-cm6a-lr,-0.007926940085641244,-0.006757291619617436,-0.0037986869372786712,-0.008589170629241048,-0.005367782556397032,-0.007623888533022424,-0.012409781504262498,-0.010684770404442226,-0.006584358168847563,-0.00395312275991938,-0.005127416736602855,-0.005243296207247383,-0.004668595256492092,-0.0051012196336386074,-0.007181010226133572,-0.003292479570902126,-0.0028229835812308797
SWE,ssp126,ipsl-cm6a-lr,-0.007380022400994811,-0.005089472829505271,-0.013929914691759686,-0.010485291563800235,-0.006984930402323305,-0.006674264043186152,-0.012415323661098545,-0.013708925366911205,-0.00837188706330752,-0.00668998723770181,-0.010621744812710828,-0.006705686164981084,-0.00835506507816446,-0.00593367013623027,-0.00790489065985523,-0.0033228365555063605,-0.0038086003593625095
TJK,ssp126,ipsl-cm6a-lr,-0.16521792676507457,-0.11456937517394034,-0.08589705200327219,-0.1302512718949712,-0.04911832270801449,-0.03410777539285013,-0.042526736621926714,-0.026873131942339232,-0.022795750770679076,-0.021472145355029098,-0.021210070452826003,-0.01813041899665575,-0.01781766912133562,-0.014943724428792967,-0.013568752179948556,-0.01745441076426401,-0.011181026658029846
TKM,ssp126,ipsl-cm6a-lr,-0.15245715283114808,-0.13139881912891738,-0.0659738246986617,-0.16767081494005964,-0.05863790227651219,-0.05076400869191297,-0.08065496577592482,-0.06825660152076225,-0.05107037640705573,-0.0746830762967486,-0.06606472459096388,-0.07040829452559945,-0.04418524228873716,-0.06606452025128806,-0.05062878593770912,-0.06498128518571387,-0.0414656064264168
TUN,ssp126,ipsl-cm6a-lr,-0.0520199810774837,-0.04606836705098441,-0.04104074123148997,-0.08244347672612919,-0.028033617330823116,-0.03540672759841916,-0.045373125661314746,-0.03403178105477493,-0.019133632056604098,-0.026570312772533033,-0.008479341695112164,-0.018519774789329663,-0.015214024422579176,-0.018166180689361558,-0.01783229262822506,-0.023278834229646016,-0.013511295507396461
TUR,ssp126,ipsl-cm6a-lr,-0.021563394643028023,-0.01148422878334316,-0.007919591080682816,-0.012097896156495966,-0.007187521544780154,-0.006302159190481625,-0.0060969544478304705,-0.0038747057688896854,-0.005790873448815685,-0.009280106758645608,-0.004447915650338415,-0.005708859048151914,-0.005243687311771539,-0.005859271666230653,-0.0055385549602234825,-0.004690358951052831,-0.003175133892484581
TZA,ssp126,ipsl-cm6a-lr,-0.005553693182779523,-0.003875393801720937,-0.0048727584288823615,-0.00263498894060693,-0.0015574218104301618,-0.001817171248829253,-0.0009949851278438064,-0.0007381925508081242,-0.0006202169377946152,-0.0006532383326021842,-0.000504146759895588,-0.00032471370354176794,-0.0002913252512786469,-0.00019840218848650126,-0.0001893994172680351,-0.00015310188722553146,-0.00011496765783770338
UKR,ssp126,ipsl-cm6a-lr,-0.24024960850506188,-0.34720775517209584,-0.18453525650850383,-0.24419980140026348,-0.1359383779774044,-0.2565301826407541,-0.201370932557038,-0.1444928026271603,-0.17568169796422944,-0.06358497907914945,-0.1039689545854847,-0.08786511460734339,-0.09205683360147716,-0.060996693829079206,-0.12222510500863824,-0.0715713786537588,-0.04578550244418384
URY,ssp126,ipsl-cm6a-lr,-0.004022546409539026,-0.04701017664776731,-0.036634881186168936,-0.027212300597915493,-0.03143461011399694,-0.025511295182831857,-0.022013079865139954,-0.025024235506680165,-0.01798642691533229,-0.02012655450907218,-0.016993938809231203,-0.013490210229807459,-0.021634438376200993,-0.014179715037522606,-0.018700880537717696,-0.013399521367632377,-0.016259552808377764
USA,ssp126,ipsl-cm6a-lr,-0.005942505242810963,-0.004306310074086118,-0.006106470198528177,-0.00838353982431778,-0.006349204843066107,-0.006316224021133284,-0.0062185785672009145,-0.0053657944143517475,-0.009369295080383422,-0.0052111179974754975,-0.005186990058542566,-0.005850252621921319,-0.004188905515830209,-0.004751862725356747,-0.005080465121377784,-0.003890940862595331,-0.0030337557136650285
YEM,ssp126,ipsl-cm6a-lr,-0.020137950022422746,-0.007165780417232456,-0.005734319224159696,-0.004158262128731357,-0.0014894703605288864,-0.0036404302525515787,-0.00269030662641042,-0.0022140045380825684,-0.0015003354829744534,-0.0018553890788243733,-0.0014424433210362773,-0.001399802200894179,-0.001477042655359346,-0.00043695713264092914,-0.0004019011514775219,-0.0009799508856573665,-0.0011560128609033537
ZAF,ssp126,ipsl-cm6a-lr,-0.019311507566185677,-0.024185861967612663,-0.01557231685409936,-0.019083263216738196,-0.0058981398441858976,-0.013634972283511484,-0.008349982991186652,-0.008429878171471668,-0.00878801035667874,-0.0071195796589956445,-0.004930061493192105,-0.004017306148927381,-0.005509188295987003,-0.00496476674030227,-0.002936953080898588,-0.0024961967928352753,-0.005391143502409342
ZWE,ssp126,ipsl-cm6a-lr,-0.10685818409681548,-0.05264558648908154,-0.06152481767703988,-0.08506816160470462,-0.04816321667903068,-0.0617514742843438,-0.028073563502811337,-0.01850730060041717,-0.016313763214256934,-0.014415462029309344,-0.013090840064073784,-0.007890128837660364,-0.009599589445376578,-0.0047048538288659795,-0.004841314511243992,-0.007418677284408155,-0.0030032549905287267
ALB,ssp126,mpi-esm1-2-hr,-0.07634244851219152,-0.26573581824218717,-0.08008543876348752,-0.06365878041918646,-0.04918004188045433,-0.07024977292458334,-0.1273459244740694,-0.14286954140901453,-0.14845984032828094,-0.08354544971647827,-0.0829345447395931,-0.09053418275665616,-0.05809454633451587,-0.05975764757886608,-0.06845051170584042,-0.09134568851194041,-0.0761714330161182
ARG,ssp126,mpi-esm1-2-hr,-0.0039022124904360333,-0.002069454543851094,-0.0020888005806337247,-0.0017455688028485674,-0.0012369564681005952,-0.0016227290277039807,-0.000820385947840695,-0.0011614195240726157,-0.0007796912669756378,-0.000949656999904467,-0.0006054163720034918,-0.0006598356848753317,-0.0006833477538799648,-0.00033136502328020564,-0.00037203579426136056,-0.0003806850511759296,-0.0004501016431692848
ARM,ssp126,mpi-esm1-2-hr,-0.03082658518108308,-0.03872074917744227,-0.08293599224793449,-0.015462677515243675,-0.028669681546774115,-0.025368937936433952,-0.030731624981420083,-0.0250186310371454,-0.016586312328678538,-0.026615083311679347,-0.02490331319141974,-0.034020113173926725,-0.030765201344757954,-0.023755996017897,-0.015407816879118017,-0.016252022858654548,-0.012261905667156908
AUS,ssp126,mpi-esm1-2-hr,-0.013910669186371486,-0.04800207694355149,-0.04053118798112519,-0.04554926325268104,-0.04444697830122643,-0.04347094021321649,-0.04295657309526639,-0.05994315845529851,-0.04887633303005944,-0.039058637414204865,-0.02728993537178939,-0.04265528911804494,-0.030249143390114013,-0.023343254802820294,-0.0212393954029672,-0.028219435680408442,-0.021892337221407134
AUT,ssp126,mpi-esm1-2-hr,-0.005779189829039173,-0.012069217628330556,-0.005723612354237157,-0.011555422672893717,-0.009899293402283555,-0.006633518201394467,-0.012592185720293702,-0.017601858358294503,-0.008936580006999489,-0.00769409531462384,-0.005481550384815684,-0.004159414661049636,-0.004893424528381641,-0.0037680560675484426,-0.003927075647453891,-0.004523607662235923,-0.0035861519242337734
AZE,ssp126,mpi-esm1-2-hr,-0.09921048341789908,-0.0717981081975219,-0.1951196680844733,-0.027221507328234293,-0.08361450101264722,-0.05820127247304664,-0.06701464625480434,-0.05128172009237901,-0.04738569599138719,-0.05757876532264248,-0.052312531863610845,-0.06542510891769103,-0.05415975124115973,-0.04520343689227087,-0.02031337419505904,-0.02853890742320397,-0.012033550702193493
BDI,ssp126,mpi-esm1-2-hr,-0.010193293837798899,-0.01249089275950637,-0.00815975943641593,-0.011025896463013189,-0.0031829715662757677,-0.0022641469140449655,-0.0012223062409512525,-0.0012552162126617823,-0.00098213997125326,-0.0004769059853649403,-0.0004205007965365294,-0.0002832034639148055,-0.0003138160843123132,-0.0002446185483139771,-0.00019466348959997626,-0.00017765780791938104,-0.0002074809279225483
BEL,ssp126,mpi-esm1-2-hr,-0.008301109052471514,-0.006962458374106279,-0.0034741990898920043,-0.004625351183382066,-0.0076639770909364075,-0.01530110213942874,-0.004320390126055367,-0.014031657536494433,-0.005730664298148224,-0.004607479953747861,-0.005123139615565032,-0.0039027973723406426,-0.002495533040874722,-0.003300451720865783,-0.0031848616259532157,-0.0032593810771279416,-0.0022561233506819727
BGD,ssp126,mpi-esm1-2-hr,-0.008583596019115191,-0.005044667881107981,-0.005139657058428754,-0.008165678425881964,-0.0037684192106800358,-0.0031889129303516736,-0.005046202741092282,-0.003479626095181305,-0.003169884005105172,-0.002882336794560489,-0.0017987447049506095,-0.002208053319953336,-0.0019765545115596507,-0.001042948591465138,-0.0013129154780511714,-0.0012361477688990978,-0.0007212901335566396
BGR,ssp126,mpi-esm1-2-hr,-0.30395059846630307,-0.6301523561179834,-0.29852493311054334,-0.21051026634831196,-0.20052620707238783,-0.20992939036012667,-0.27242261876485724,-0.34612994583561685,-0.3295509288219057,-0.18057807377614615,-0.18774612294496149,-0.24656352012414703,-0.2341440752389031,-0.23725359164488533,-0.18710437108315733,-0.2524910542699164,-0.16659835652022367
BIH,ssp126,mpi-esm1-2-hr,-0.03455590514570384,-0.08750015789710665,-0.0190072330600679,-0.02285055224901609,-0.029303950819593878,-0.025551344125881444,-0.03297045076347725,-0.0585982055492961,-0.061911403890967664,-0.04009360378911229,-0.02769500809882854,-0.030811534025348163,-0.03603358151969525,-0.0366755864782837,-0.06459462479139977,-0.0602383202376651,-0.06360872517203858
BLR,ssp126,mpi-esm1-2-hr,-0.05390136904241091,-0.03980825344061805,-0.031259207805763425,-0.033749070515258085,-0.027624324391779077,-0.017242915663908804,-0.01737783770777926,-0.010818532977636167,-0.01353395594723422,-0.016620701435084206,-0.018703813575303103,-0.01408751385173306,-0.008480159098793402,-0.011570136308200377,-0.011887423025489986,-0.011093582596620263,-0.009853601875483993
BOL,ssp126,mpi-esm1-2-hr,-0.05380315644727484,-0.0863418173038351,-0.0392922366509128,-0.026265956113677696,-0.029560772617711988,-0.010971278519547233,-0.014824496218338075,-0.014243093468379011,-0.016945556133833722,-0.006480461950183869,-0.008069445308697588,-0.005184747060117273,-0.005294338360400152,-0.004102563470142913,-0.0023795798308857896,-0.00447232828541543,-0.004124815109996501
BRA,ssp126,mpi-esm1-2-hr,-0.004498815945671504,-0.009256729076437998,-0.0061606240104343886,-0.008211232314501264,-0.0051847865590908225,-0.002992034005379484,-0.004537570012760516,-0.003572979507758443,-0.004484332042585451,-0.003399560657805844,-0.0029336924175295655,-0.0026622003832907732,-0.0026665185142759357,-0.0014677920172114156,-0.0022461695071424362,-0.001846069287317699,-0.00254700303910024
BTN,ssp126,mpi-esm1-2-hr,-0.002423039681255121,-0.0016784529061809488,-0.0006190895439313195,-0.000865624478429859,-0.0004918807639231587,-0.00047586927897851647,-0.00032905560969230296,-0.00025760450227641966,-0.0003934950246372276,-0.000353523676929452,-0.00016125667452790435,-0.00018590393121373767,-0.00017572210108267566,-0.00014218253994411294,-0.00021005542384294211,-0.00010937654702770843,-0.00013909861527177067
CAN,ssp126,mpi-esm1-2-hr,-0.09839898504946615,-0.06076814997532621,-0.05622910458452611,-0.13500153121793343,-0.041531148432718684,-0.0813159932392845,-0.005247095376828192,-0.06058380024029422,-0.05105810665238164,-0.02682320202868792,-0.07539543956752606,-0.018960679934304298,-0.022405635220225734,-0.015376268847126938,-0.028547076280157107,-0.03486197107973039,-0.008627645730936386
CHE,ssp126,mpi-esm1-2-hr,-0.003983968499336497,-0.004142511784019881,-0.0031302815428988465,-0.002606415381200416,-0.005036602036639859,-0.0053619559813139215,-0.003322758929618844,-0.00480705766492517,-0.0039956834280459545,-0.003825626361473137,-0.0031498353533587825,-0.0023505535939066825,-0.0020839690495047963,-0.0017595318068833834,-0.0021620280045554167,-0.0020038162299157772,-0.0016078610564135652
CHL,ssp126,mpi-esm1-2-hr,-0.00691927557941772,-0.008682906458611046,-0.01595916780722408,-0.006478644957307322,-0.006002688895467319,-0.006277999826214904,-0.005835940320383946,-0.005170190649028709,-0.005637004822136306,-0.004478573514677083,-0.003136966257674589,-0.003444585999424007,-0.0036882485042017575,-0.004211499145971973,-0.0025205842364048486,-0.0030566500517335044,-0.0021987333825824033
CHN,ssp126,mpi-esm1-2-hr,-0.02674260443295779,-0.02964667816374678,-0.0387585031356585,-0.015519277772193935,-0.016434213140253822,-0.017698522278850524,-0.01627830928342182,-0.02016164937618347,-0.02070933645916456,-0.01660881977427187,-0.02094790820553742,-0.01707691494572246,-0.017000763581164983,-0.013848230446764679,-0.010197553927146908,-0.018413499773055324,-0.0073925246505202845
CZE,ssp126,mpi-esm1-2-hr,-0.036700619276792794,-0.05199553354013961,-0.04695090222890892,-0.05331717176767926,-0.052284733684006345,-0.04085889145519236,-0.06217711977310797,-0.0929644423380912,-0.039611379310802386,-0.03875700114421332,-0.031274032620112635,-0.029874968641388798,-0.024986991693384954,-0.022223409236002474,-0.02383812560130064,-0.02452412545824167,-0.025206736386339412
DEU,ssp126,mpi-esm1-2-hr,-0.012571880036043754,-0.011912180730687205,-0.008874188882710925,-0.009484184370124916,-0.016814448001195796,-0.020587300404905442,-0.011585901628729496,-0.021163228182438088,-0.012480346490347688,-0.011735297607616973,-0.010920171838120475,-0.011309648094014524,-0.006828806445667868,-0.006755934806692078,-0.0060942557872221675,-0.006303746772907959,-0.006582424778223263
DNK,ssp126,mpi-esm1-2-hr,-0.015928495586345764,-0.017502825875040828,-0.017225679323267868,-0.01742320339633638,-0.02219689581716959,-0.02283397300005452,-0.023204230119840658,-0.02926117980750548,-0.016370610033856998,-0.019343318314142616,-0.01746692932174092,-0.01675308088473751,-0.011867559987003486,-0.01788221103955417,-0.00998234055729559,-0.011734263426413614,-0.01804553321694665
DZA,ssp126,mpi-esm1-2-hr,-0.15700100406442818,-0.1971702738286596,-0.10279061608704833,-0.044333726910068566,-0.07530867351096929,-0.050214227411145784,-0.05414393112620041,-0.060968903838539375,-0.047273716192733774,-0.043173802554527706,-0.02460692268742764,-0.023260951133491893,-0.02230565714341368,-0.015349884958967198,-0.014544142178548703,-0.017483652941764724,-0.007687335270103663
ECU,ssp126,mpi-esm1-2-hr,-0.0003796200861129009,-0.0004447960103798167,-0.0004145547118189552,-0.0003013446336378912,-0.00027602527420306634,-0.00029233077387833846,-0.00013764405486644645,-0.0001891594566606727,-0.0001546334790628437,-0.00012801640708437272,-0.0001178362893558829,-7.743859569210988e-05,-7.40332132558182e-05,-7.612856232540679e-05,-4.547948414579821e-05,-7.405221596128622e-05,-4.0004867244799796e-05
EGY,ssp126,mpi-esm1-2-hr,-0.05508848959347488,-0.06093420462253127,-0.05132186936505308,-0.013750334232756097,-0.022669021588905634,-0.018547649713143627,-0.021182508883668315,-0.012976139238429682,-0.016218462105795202,-0.013951296624989474,-0.01128008097406602,-0.011259896990479239,-0.005832733913363465,-0.008500700961420651,-0.0056305289224197405,-0.003796615889299961,-0.005279147904327776
ERI,ssp126,mpi-esm1-2-hr,-0.0194024795490788,-0.17218362513252483,-0.11431528081307879,-0.1529210170964277,-0.20224876501550035,-0.2936094938551599,-0.15134959951650373,-0.1365149246558661,-0.11975283610612776,-0.07389294248990277,-0.08812043375162082,-0.0650635253259723,-0.06903147572664875,-0.039626616432663825,-0.0541058741242105,-0.04694267566109269,-0.043167913918338324
ESP,ssp126,mpi-esm1-2-hr,-0.034144885436304576,-0.019079790783572654,-0.02140161036582702,-0.011797668905272526,-0.022149874790854524,-0.02553736902379775,-0.017202901758126762,-0.015740749423420304,-0.021442385123449138,-0.014827241338421964,-0.01362473518868812,-0.010506897632401582,-0.011842111377455125,-0.0030392398432609047,-0.011935326403196481,-0.012157324705604065,-0.005442458708309913
EST,ssp126,mpi-esm1-2-hr,-0.05910215488247879,-0.05218695860518637,-0.06319315501410051,-0.039435182104418404,-0.03728649242084977,-0.03881766451132406,-0.05092250549166188,-0.03333771342965101,-0.03773252530463293,-0.03884063840571218,-0.042863785566112374,-0.04410219230733483,-0.03157316861907826,-0.04130861123274823,-0.032926900691937155,-0.04014765113501098,-0.03701747149813767
ETH,ssp126,mpi-esm1-2-hr,-0.10517914593736288,-0.12002160910028503,-0.07060941851037478,-0.05587749943516847,-0.050167021827549486,-0.052584769102394395,-0.025879015527206742,-0.02037511912383634,-0.016861529048381157,-0.01280551929104034,-0.011431362708452478,-0.008561854917463365,-0.009188636664136782,-0.007454193918757822,-0.007069199499069045,-0.006025690192052133,-0.004111836519118927
FIN,ssp126,mpi-esm1-2-hr,-0.006094410507131801,-0.006437611026842171,-0.0060731563632663325,-0.009908974309712,-0.0048270923654323596,-0.006746113662706838,-0.009091801797578746,-0.008243416997900073,-0.006681852028563304,-0.005848256850413281,-0.006756402151610983,-0.006397803829075847,-0.0043285061631563974,-0.005122920446559989,-0.0039396972688640446,-0.005384358530830334,-0.00480888335705164
FRA,ssp126,mpi-esm1-2-hr,-0.04546025911434344,-0.02167841524112542,-0.00998797169262585,-0.018998007188343127,-0.030255636363334056,-0.04921765399749246,-0.02302458204427992,-0.03308170748806911,-0.0274336500887552,-0.018994875674098407,-0.014800109166899158,-0.012377473082385581,-0.0088085581624441,-0.00906494522084457,-0.01200671192536396,-0.01461369177961653,-0.006937275486952757
GBR,ssp126,mpi-esm1-2-hr,-0.004402565083221386,-0.006647028565055356,-0.004333134176659865,-0.004232682839831668,-0.0070716443238354266,-0.007323712481079805,-0.008036392687401202,-0.007348731940072237,-0.006463820882518321,-0.004710204073532321,-0.004944929865484829,-0.004436403220641949,-0.003088730403166857,-0.004154402082275827,-0.0034760208130960348,-0.003318783506100232,-0.0028616145454273545
GEO,ssp126,mpi-esm1-2-hr,-0.010453127864796054,-0.018175255146438245,-0.030684870862107326,-0.006637176614799874,-0.012032673108391064,-0.011060971026813568,-0.013718867014120912,-0.011018947892122221,-0.010750354749100554,-0.014972229987445632,-0.013110476621744135,-0.015542314824807621,-0.009942251960418114,-0.011694233575042498,-0.008196487918825686,-0.007061438203556487,-0.008607565463044028
GRC,ssp126,mpi-esm1-2-hr,-0.011827482372793404,-0.062458154238954074,-0.021473331167163115,-0.016901229287618245,-0.011311023774018774,-0.015627583864275575,-0.02724853871777178,-0.019932320600884994,-0.02057069195013034,-0.014376055123997795,-0.00801083490352583,-0.018087376233105797,-0.01392882753592076,-0.010447168757467562,-0.007297691329334697,-0.009830433274524453,-0.005198505782624637
HND,ssp126,mpi-esm1-2-hr,-0.00012121884444288221,-0.0001704473573788757,-3.5034500921468486e-05,-6.515478323671521e-05,-2.5172871312310133e-05,-2.1762831241115852e-05,-1.4736797017205034e-05,-3.218315973249317e-05,-1.5242977265897362e-05,-2.225379184526584e-05,-9.44549947594837e-06,-1.3630576638956428e-05,-1.899407704988611e-05,-1.244876874238548e-05,-1.4396700608530442e-05,-1.0483581820485851e-05,-1.170645536457095e-05
HRV,ssp126,mpi-esm1-2-hr,-0.02897631286074897,-0.6353391342242548,-0.13725988685231488,-0.2391676505485011,-0.3039769352122118,-0.25077183107760415,-0.34416766933819215,-0.5612629419996533,-0.5024487335322769,-0.32237423050712183,-0.19597787158173596,-0.1725852066268036,-0.2247010309933416,-0.15829345509897796,-0.3255437134364145,-0.24818135725834106,-0.18062403385058118
HUN,ssp126,mpi-esm1-2-hr,-0.08088840196631046,-0.11544404416137075,-0.025696992159224573,-0.0757198059743766,-0.0627435688820866,-0.04405779021317595,-0.0611131294269148,-0.11534490719829775,-0.08392422349300128,-0.04086452447344069,-0.03924268727224531,-0.030999028769589005,-0.0358348342987041,-0.026413233989521608,-0.04807202984191932,-0.03679423190664738,-0.03434305907313848
IND,ssp126,mpi-esm1-2-hr,-0.03498005737666658,-0.06342130548684853,-0.06647611465115713,-0.07777771652509068,-0.03975475214158073,-0.0418141977292508,-0.02901304415894049,-0.03572933110324193,-0.028024847249026603,-0.019709443334585262,-0.02375559679859066,-0.024117689230815524,-0.008724056310187916,-0.01773809575273818,-0.013597588327657499,-0.011380131103084527,-0.010145823079566617
IRL,ssp126,mpi-esm1-2-hr,-0.000845438045563386,-0.0016191469243609445,-0.0013695257789721523,-0.0011162363833508977,-0.0023884742995261533,-0.0026221092907021226,-0.003350377209609334,-0.0021942509336304815,-0.0031300411131480205,-0.0024482177473893075,-0.0019470051526015058,-0.002193492808005063,-0.0018179295498936268,-0.004073245360644389,-0.0017976765467492396,-0.003323908791198556,-0.0021754150477418174
IRN,ssp126,mpi-esm1-2-hr,-0.030320961299719406,-0.010971737048471061,-0.015125970455479181,-0.003916930820645514,-0.00897805879047271,-0.006981368922720162,-0.00641554372493718,-0.005206179383517126,-0.004328233708641312,-0.004162783244156469,-0.0049052277165028526,-0.004457378922693302,-0.004477142888678616,-0.0029731191548996007,-0.0017382317504787605,-0.0031743204695390327,-0.001548539789963854
IRQ,ssp126,mpi-esm1-2-hr,-0.2777622013905574,-0.12289829272261944,-0.15895818587747532,-0.018762814488610773,-0.06558630427141772,-0.04763520229574612,-0.06016457692908315,-0.05600780188070016,-0.051706159982844294,-0.041168918435088554,-0.039614001287490576,-0.043176775989185776,-0.034043639867010284,-0.025698718641756626,-0.012724754053376409,-0.01939920776459957,-0.011766221399807968
ISR,ssp126,mpi-esm1-2-hr,-0.0009471866918608801,-0.0009965692577493146,-0.0009945082674646117,-0.0007158006596330002,-0.0006146548090835197,-0.000391579882872144,-0.00048239099880551027,-0.0005516024066002873,-0.0007190359054428978,-0.0006405563967323602,-0.0002700570534049158,-0.0003692283718277227,-0.00025944258199486314,-0.00037639624942318873,-0.00017119326149120744,-0.0001755997965140601,-0.00013430145393981968
ITA,ssp126,mpi-esm1-2-hr,-0.01087435714028065,-0.02818501583680424,-0.009930843551031514,-0.008436171559277677,-0.009488268977593512,-0.010707783341665503,-0.011855652224875796,-0.012712690051473663,-0.017806210249636398,-0.010765268221745825,-0.007441645546960808,-0.008521472193978977,-0.006986844094006154,-0.005077197566070462,-0.006924832743920941,-0.007735503000459892,-0.005291931107159959
JOR,ssp126,mpi-esm1-2-hr,-0.0031025256850287126,-0.0061475207964627005,-0.0058854110482181535,-0.0023942292879501393,-0.002502998687356867,-0.001689898144162012,-0.0017063828709673488,-0.0016512965568445076,-0.0021145447288043544,-0.0015783449990915241,-0.0007612452891995988,-0.0011212570464683611,-0.0007546086315033298,-0.0009801668483190537,-0.0004482851526722826,-0.00042588352922983243,-0.0003517904063352728
JPN,ssp126,mpi-esm1-2-hr,-0.00039823660055140564,-0.000927844342017365,-0.00041487877579201324,-0.0004185682199165788,-0.0007652055913482582,-0.00048437636735914507,-0.0005157114248133144,-0.000622177904673695,-0.0004365201803215082,-0.0005948160362327282,-0.0006010363870712331,-0.00044856954850739847,-0.00046213993068733604,-0.0003428130543291659,-0.0004359681969887074,-0.00036121909944709495,-0.0002978249101063047
KAZ,ssp126,mpi-esm1-2-hr,-0.02653478433527623,-0.056773001335677004,-0.18986844733438316,-0.040865293195786315,-0.06713337377880027,-0.021012598473858148,-0.03683896084629578,-0.026630032934782166,-0.12985346560909738,-0.062082963517006234,-0.06481650386385052,-0.03549741193686829,-0.02731991180255256,-0.03945284666670114,-0.049845558784117845,-0.10154310827050197,-0.06355682205633477
KEN,ssp126,mpi-esm1-2-hr,-0.011399293400974198,-0.007733635070210991,-0.005796028839575795,-0.006302467589865048,-0.003809428833473194,-0.004812042312057154,-0.0020847627266218447,-0.0018822765036978632,-0.0015285862621338818,-0.0013203568297385962,-0.0014561032734300863,-0.0008180494879215173,-0.0008567042118350697,-0.0006835347538068554,-0.0006897681367779713,-0.0006121887949469268,-0.0004974400645736173
KGZ,ssp126,mpi-esm1-2-hr,-0.1641235975946674,-0.1523321126542373,-0.19043034385573854,-0.08048838079871289,-0.07189439355573758,-0.06354296186864031,-0.04600074660212365,-0.0319010679223056,-0.04209318808385626,-0.028937650013189074,-0.028167854768231394,-0.02941723186009227,-0.030269966771710306,-0.023790295043132067,-0.014727417292052701,-0.021829826729388914,-0.014540048213938669
KOR,ssp126,mpi-esm1-2-hr,-9.692701778792578e-05,-0.0001533137738599891,-0.00013521184176219732,-7.705588163861168e-05,-0.00013795231356798668,-7.188170763600865e-05,-7.759289075288767e-05,-0.00010304980699113236,-8.670638791033074e-05,-0.00015621389341423112,-8.289594639540166e-05,-8.833194261867026e-05,-0.00012248101337578862,-6.990191422679164e-05,-8.870476017875295e-05,-0.00012519566667519683,-6.54956879961257e-05
LBN,ssp126,mpi-esm1-2-hr,-0.0054738893379692125,-0.00023695810565465988,-0.00017071688094526534,-0.00011790142921386636,-5.751079482013995e-05,-5.877626208180473e-05,-5.4119587278837345e-05,-6.070271096293714e-05,-6.94672194763344e-05,-5.098467727371081e-05,-2.9118069245854108e-05,-4.360780962485079e-05,-2.60373791557473e-05,-4.5652797462512674e-05,-1.636785602671779e-05,-2.122870474375208e-05,-1.8518938440162244e-05
LTU,ssp126,mpi-esm1-2-hr,-0.21933721566611544,-0.22351166579289644,-0.23682578387229963,-0.17938864351866604,-0.18248588272841645,-0.1565222476320005,-0.1965709254674579,-0.13740645022551468,-0.169156235476409,-0.22149990606167008,-0.2596171672830515,-0.2320359887535782,-0.14494804607293374,-0.21110456262507052,-0.1759432172279871,-0.21123606156725452,-0.20342975981691935
LVA,ssp126,mpi-esm1-2-hr,-0.18742149557633697,-0.1679634121155322,-0.18884896083014654,-0.12036263360966996,-0.11944302204992328,-0.11196652038610125,-0.1429429242099602,-0.10514960041304404,-0.10812670045178463,-0.12396569771926376,-0.12916171328470713,-0.12584125846625502,-0.0756899440321954,-0.11556785167241328,-0.09344152973320077,-0.10080343841904663,-0.09312744420018895
MAR,ssp126,mpi-esm1-2-hr,-0.08209327993070312,-0.07442187042793647,-0.08932345806917125,-0.02003209309573875,-0.033300942701605475,-0.03123788071933865,-0.01810964027574877,-0.01900270864851195,-0.020363919101938337,-0.016232769498105103,-0.014579339932320376,-0.009831832932015045,-0.01225258166771454,-0.004913238310767996,-0.010862506222566112,-0.010992950881327975,-0.0037311997354809215
MDA,ssp126,mpi-esm1-2-hr,-0.16156556154084617,-0.362890090989954,-0.10880086146740461,-0.16942467128046318,-0.1525813712908,-0.14678853514211201,-0.09430315616541045,-0.191826229437528,-0.1198956706498418,-0.048829977862360416,-0.09133271564705475,-0.08703955219667286,-0.05485699109257177,-0.0746877819966751,-0.052932159316688404,-0.07750525782609496,-0.05382440265769685
MEX,ssp126,mpi-esm1-2-hr,-0.005575435871595851,-0.00917524770258546,-0.008840771684559183,-0.00787299062286944,-0.00962446101043372,-0.010288430763276003,-0.006925229275616979,-0.007117376881268722,-0.006169413740162101,-0.00435214171730444,-0.005822642724528314,-0.0036914156884247026,-0.002597784966863466,-0.0020340431672588736,-0.002581477760007733,-0.003214789971668558,-0.001558617144317389
MKD,ssp126,mpi-esm1-2-hr,-0.03033032910081156,-0.15554486302694018,-0.04167876384605802,-0.027041766092137584,-0.015446731372024495,-0.02870525665854578,-0.04191185290380908,-0.04355040811333648,-0.049615348098930874,-0.02420749002687581,-0.020028595197653352,-0.03014819330333899,-0.028635317232961862,-0.02817363041933993,-0.022045883724778198,-0.027317997930035264,-0.017505863332529733
MLI,ssp126,mpi-esm1-2-hr,-0.004355957288439365,-0.02121065027222762,-0.016451259305844134,-0.005327937048912642,-0.008455560547403207,-0.006159813180147039,-0.0037081493712973613,-0.003202743210713881,-0.002301956549261347,-0.001985663250779147,-0.0015757287107759396,-0.001293431265535774,-0.0010941434876151188,-0.0010039979054242312,-0.0009065609732082272,-0.0008159660536495526,-0.00039134235855850177
MNG,ssp126,mpi-esm1-2-hr,-0.05613923724997321,-0.061022605838639915,-0.03974955863995231,-0.026162368105048343,-0.02987484904060017,-0.021793732991313347,-0.020351520291112778,-0.019188820716059197,-0.012986149310822278,-0.009560950772069752,-0.009767980022818538,-0.00860986621851778,-0.010705780651506423,-0.0058329879720886175,-0.008724462834879864,-0.005677654329793321,-0.009293396618685317
MOZ,ssp126,mpi-esm1-2-hr,-0.004173561553806786,-0.00428780806481839,-0.002106259830613307,-0.0018795462435990816,-0.0010911921167949435,-0.0011286656091446013,-0.0005979260162696634,-0.00034143200596335575,-0.00030120721726493917,-0.00035973166346982906,-0.00019672458660913628,-0.00018735752103887006,-0.00010394387634992095,-0.00013799407510731043,-0.00010360168288766173,-0.00010356309524733236,-6.599847400066965e-05
NGA,ssp126,mpi-esm1-2-hr,-3.4338298040743475e-05,-0.00010579369095139879,-0.000121492625767474,-0.00011441489290666006,-0.00014992623361872795,-0.00015061012313627396,-4.2757558700561805e-05,-4.640991104205228e-05,-3.9968018846993886e-05,-4.45267153285636e-05,-2.5313991686943372e-05,-2.5853485641609065e-05,-2.518317696940463e-05,-1.365826385430279e-05,-2.2275030085024718e-05,-1.5807245107445414e-05,-6.489730319806893e-06
NLD,ssp126,mpi-esm1-2-hr,-0.0020986264536599904,-0.0028405257753583257,-0.001830834656128882,-0.0016555896363560942,-0.003161931550335567,-0.002943023601756498,-0.0018064881045670943,-0.005588919464199361,-0.001974908596003694,-0.0019067734247776452,-0.0021197512898587937,-0.00203768086839508,-0.001003828624330033,-0.0014474002829139596,-0.0011915893272180064,-0.0013405427561310713,-0.0011973402943669775
NOR,ssp126,mpi-esm1-2-hr,-0.001890132727781992,-0.002243400960229416,-0.0015922895322882237,-0.0025276825134857538,-0.002909042462768511,-0.0019289142595795064,-0.004249272371093199,-0.0028018905007008935,-0.0025755464633874735,-0.0031968008220816966,-0.0021560098293142284,-0.0022693510425069933,-0.001099266227967302,-0.0016654726244766504,-0.0011774275500715829,-0.0018151161564410145,-0.0018531164581046605
NPL,ssp126,mpi-esm1-2-hr,-0.08081395796304221,-0.2137366732335962,-0.15098153297864325,-0.21018239504094582,-0.1024035162873322,-0.08829948260888153,-0.07915711910486765,-0.05886702502598463,-0.07355727391569301,-0.0399869601660375,-0.034899363186792605,-0.025157969147844468,-0.02283854239920423,-0.019165008413967243,-0.022397824667168987,-0.012707649165347872,-0.01447648058108567
NZL,ssp126,mpi-esm1-2-hr,-0.0045915662481919245,-0.003834555782765488,-0.0041112461913433915,-0.003564252322905599,-0.003951714710445018,-0.0038579455388054467,-0.004137575996365755,-0.003376038469682096,-0.003990043914376048,-0.0033083045026972664,-0.002483976332835621,-0.0019429716493428203,-0.0018934941872745387,-0.0019515377898721145,-0.0016463782556658411,-0.0015176856615846824,-0.00160697489546964
PAK,ssp126,mpi-esm1-2-hr,-0.13553419072118622,-0.07516566330553251,-0.03288810964544315,-0.07523343339237974,-0.058035360247234546,-0.06505248483042143,-0.035577027927439865,-0.03880568735662009,-0.02640343236421002,-0.016879255520300094,-0.0217881120424493,-0.028530414273212207,-0.014405936044689628,-0.01738721904443272,-0.01011200317735857,-0.01194473711804878,-0.006202243169162154
PER,ssp126,mpi-esm1-2-hr,-0.002231521982428638,-0.004711074667860287,-0.002622852982448225,-0.0022377134779133895,-0.0023275528614252108,-0.002408689716561597,-0.0019205982742796486,-0.0012476444272494548,-0.0014609163764989915,-0.0010988252147792622,-0.0009191075125029878,-0.0008371805541053988,-0.0006137651214954464,-0.0007959674071013954,-0.0005286042990329946,-0.0006502612180948294,-0.0005073465260397795
POL,ssp126,mpi-esm1-2-hr,-0.044627138651975706,-0.04877744623201522,-0.033565536826044136,-0.039992776868791366,-0.05533109352283089,-0.03716156088059366,-0.03994823092811931,-0.06460496499762047,-0.038104275084518385,-0.03933245296870743,-0.04521555972832953,-0.044223811615582115,-0.023638486658343498,-0.03368038396227944,-0.02621312094653549,-0.036371208515304,-0.035923739906622
PRT,ssp126,mpi-esm1-2-hr,-0.001726786846641167,-0.0007501078340199932,-0.001025760589485963,-0.0004514992090602846,-0.0009611828073006835,-0.0012088792739502574,-0.0007644643778860746,-0.0006545129608501208,-0.0010144225357448773,-0.0007861340205987387,-0.0008732104516928552,-0.00033062159460523844,-0.0007014898658037082,-0.0002136335695164897,-0.0009564000831549668,-0.0009641865009892595,-0.00044323547099964726
PRY,ssp126,mpi-esm1-2-hr,-0.02888476195812845,-0.0223225124098978,-0.015512019928665884,-0.017656142755602063,-0.013279382707320377,-0.005057228557523029,-0.010643044089568766,-0.0065305494860453655,-0.009658578941081407,-0.008113273501333644,-0.004707571675543756,-0.004115453794677787,-0.004569846065944718,-0.002047176970566871,-0.0032903463011692774,-0.0022854233687169,-0.004740876546861103
ROU,ssp126,mpi-esm1-2-hr,-0.09175699738194841,-0.21970734675770542,-0.0661652777629124,-0.07461119678054687,-0.09010588128435658,-0.08306510749897825,-0.08118261400186287,-0.15906215996716458,-0.13572542910737073,-0.05800840250383615,-0.07275245116034054,-0.07532494165112578,-0.06970566241879395,-0.07605982362656641,-0.06931922280012162,-0.09181934218145678,-0.06820244358811606
RUS,ssp126,mpi-esm1-2-hr,-0.07851759455568134,-0.1036487366525935,-0.1524276543493351,-0.11482344407254137,-0.08856196389209524,-0.05182969325623368,-0.08532252408883885,-0.058208313642022565,-0.08150783416659749,-0.07291180654927545,-0.06843291140037376,-0.05505655642249946,-0.0410242080673935,-0.05192533357134168,-0.07633847838166549,-0.0631655979531233,-0.04976466973749419
SAU,ssp126,mpi-esm1-2-hr,-0.009139621568071877,-0.017718251835913464,-0.01379229053116478,-0.006592521682216961,-0.014253212571965584,-0.013609590687015517,-0.0120133226767509,-0.011954203560355649,-0.011804699917912019,-0.0076187483515102366,-0.011446217889906362,-0.010809456212884016,-0.007398845897554006,-0.00646127504272553,-0.005270024551100445,-0.00868811067488606,-0.005688396251125583
SRB,ssp126,mpi-esm1-2-hr,-0.09133187919415471,-0.3019900136997819,-0.06200694971845641,-0.08477223035832385,-0.1020910539186334,-0.09781242497450217,-0.1283531445986229,-0.2526067713774127,-0.22694381133108277,-0.09586847781191668,-0.08297228469236607,-0.09347198945099569,-0.09892872065682894,-0.0966213031126716,-0.13329103378929905,-0.12123696016721594,-0.10081284590802086
SVK,ssp126,mpi-esm1-2-hr,-0.04447759796710022,-0.06498103213243703,-0.03146675722806389,-0.0842106825464412,-0.04962753649984426,-0.029710422118069502,-0.052180826137967734,-0.08779212146535272,-0.045663361064486645,-0.03270060115169198,-0.027940135948696612,-0.022108098441781632,-0.02243813234398481,-0.02099892770701303,-0.020000047264761,-0.025333100148880676,-0.02362392209844908
SVN,ssp126,mpi-esm1-2-hr,-0.004564875233517488,-0.014302399908540679,-0.004233069025095813,-0.006825506186166678,-0.007161132750984773,-0.006039852906320473,-0.007616995303699427,-0.009274460632629005,-0.007917340053918559,-0.006157125210756319,-0.004262675416428155,-0.004484529011103718,-0.00366366779458252,-0.0029356559266395807,-0.004402815381851113,-0.0038257958346565556,-0.0025172691028094918
SWE,ssp126,mpi-esm1-2-hr,-0.008705667692481723,-0.007917349436559279,-0.006495018795418011,-0.010795850291363155,-0.007798375622528221,-0.006495032032665494,-0.011295663234483016,-0.011070993007302236,-0.005939654025587554,-0.008052073820663842,-0.007238465735036296,-0.006646155288775874,-0.003216270292481018,-0.005201736175776779,-0.00367865530008246,-0.006421861185424818,-0.004695071756814483
TJK,ssp126,mpi-esm1-2-hr,-0.11651670162411752,-0.11698839020331146,-0.1635031810717179,-0.04872322933511185,-0.046599969547178315,-0.02920603138011467,-0.026423750748612036,-0.015633095991863133,-0.02028541897690831,-0.01615509775301256,-0.01797407860926753,-0.02229265757947099,-0.012273972625203447,-0.013620774312888089,-0.007693379637380454,-0.012848579508895692,-0.007795186514588645
TKM,ssp126,mpi-esm1-2-hr,-0.13545888534349437,-0.09413302766091719,-0.12762966797608213,-0.04904364677979793,-0.06640326611586143,-0.04621791615161678,-0.051086822971546514,-0.03365531996738532,-0.04494567291120817,-0.041083739129707655,-0.0380610518504567,-0.06193302229691483,-0.03153607561809006,-0.044344579760548626,-0.01781304224770855,-0.045803373004119075,-0.018767390479409517
TUN,ssp126,mpi-esm1-2-hr,-0.1330690458294072,-0.2509604456440658,-0.07066024110943105,-0.04139936894184813,-0.04106618766796681,-0.02928010028790705,-0.031134080163888626,-0.03964241143198844,-0.03282920756032092,-0.02794723512330499,-0.013498822435958124,-0.02333380688027329,-0.017570336963523028,-0.018590341939676753,-0.011752268914030008,-0.014781509188663597,-0.009499402107325222
TUR,ssp126,mpi-esm1-2-hr,-0.029002770172980946,-0.010534665828531842,-0.011302945802326705,-0.003935955980903381,-0.0036443067850778113,-0.005698576761757183,-0.009526322837432101,-0.006230992459673774,-0.007199753302751687,-0.005317611808559995,-0.004193949797000273,-0.008224695082525511,-0.00675214250305099,-0.005295857856055018,-0.0029906646454268726,-0.00288330030591627,-0.002354275483163706
TZA,ssp126,mpi-esm1-2-hr,-0.005398512625882262,-0.003393258824267984,-0.004363914491667012,-0.004471708519118175,-0.001614128690997978,-0.002394212307616763,-0.0009252292034414197,-0.00066857462690681,-0.0004449023978241776,-0.0003239004680238772,-0.00033500122055967645,-0.00020251134215579282,-0.00021346165919537498,-0.00015243749177616965,-0.00019460833684435306,-0.00011314052799355664,-0.00020608065301193465
UKR,ssp126,mpi-esm1-2-hr,-0.4854262549227879,-0.34027410747770204,-0.18403107840369182,-0.18308969995472762,-0.17729915412586053,-0.11108394529179993,-0.12195602463704286,-0.16096914663625167,-0.10455117046854545,-0.06790629403721896,-0.09701855139308994,-0.07821722889694918,-0.05419176048021856,-0.0699056003887171,-0.062085794043416735,-0.06265050025236873,-0.05527347471716642
URY,ssp126,mpi-esm1-2-hr,-0.015502582900362664,-0.03286592019911298,-0.024600363164366083,-0.02697523943321001,-0.031968108298569435,-0.013060236637300757,-0.015438876560874287,-0.014709401799683455,-0.021721111454510958,-0.020301384955126723,-0.01349314295365357,-0.017639788404774235,-0.019618244316600916,-0.00878154289846256,-0.011504669626500624,-0.013128926712407523,-0.015431592211059145
USA,ssp126,mpi-esm1-2-hr,-0.010249879888386168,-0.009243251498663084,-0.009487355416659533,-0.009137853595663983,-0.004872827628167785,-0.00822639148231406,-0.006789268428086158,-0.0064336657129733755,-0.005377791680468227,-0.0038841429176195374,-0.004998156546252676,-0.002908884003460844,-0.003549221392692484,-0.0023166735848800736,-0.004029457657847434,-0.004769555800515478,-0.004837350202748353
YEM,ssp126,mpi-esm1-2-hr,-0.007976149052938877,-0.006376254614065885,-0.0031883834060981615,-0.0038725441778132354,-0.0020937068276565937,-0.004084723207790017,-0.0021558225904820872,-0.002215189946895125,-0.0010375876555083843,-0.001568513941330697,-0.001476179872282211,-0.0014218500340125123,-0.0011098730081048945,-0.0010861564935993934,-0.0008333386397752603,-0.0007853551557420041,-0.001070003073835746
ZAF,ssp126,mpi-esm1-2-hr,-0.012121982471504185,-0.014201904505897301,-0.015279988341227279,-0.009436492622498401,-0.009668708568163696,-0.007037721903679034,-0.00610166424050141,-0.005917494475515413,-0.003833599261715933,-0.007273406533391704,-0.004278809410708125,-0.006510753416274568,-0.004517269596467393,-0.003049967058532075,-0.0038895841810417504,-0.006586006647680925,-0.002367354166718077
ZWE,ssp126,mpi-esm1-2-hr,-0.07382002656022987,-0.07969374480865858,-0.03993436163813563,-0.06024737366681616,-0.05007257533603595,-0.044116603989190435,-0.024622997659898956,-0.013523377914030675,-0.020661397214144218,-0.020050955666612857,-0.009878814290979454,-0.013284377156177633,-0.007335514369803721,-0.008784173225334646,-0.006102932130005884,-0.010865760838669624,-0.00322663681441994
ALB,ssp126,mri-esm2-0,-0.0697997458187037,-0.1026006396102391,-0.2643845571591523,-0.11282739883555332,-0.17985006263464398,-0.06664226794903519,-0.09943276664420458,-0.15689500079890278,-0.146327302707199,-0.11008663098762213,-0.10816095061153355,-0.11172048062150874,-0.08402234615754635,-0.1402839751295805,-0.07264104826087049,-0.13264241704264387,-0.09360484578770548
ARG,ssp126,mri-esm2-0,-0.009553635939065257,-0.003760809258260636,-0.0020822020044732998,-0.0021254234074778405,-0.0008420630401897135,-0.0015045642282160215,-0.0010186064023117302,-0.0009356247614972384,-0.001096619467822093,-0.0008235761419426939,-0.0009583361597002279,-0.0007888988222846398,-0.0007475107202500323,-0.0009017675820002759,-0.0006606918644279718,-0.0007383817215781029,-0.00045358028191035246
ARM,ssp126,mri-esm2-0,-0.030251576606797993,-0.05711465812996019,-0.037566435100886475,-0.04530529044620609,-0.02723593074873521,-0.03292456725089959,-0.04294046464345505,-0.02115758665938373,-0.03655091317647383,-0.03169615865567373,-0.051301437148305935,-0.016023136363086513,-0.027873574434460046,-0.021035317110572556,-0.021517571824735883,-0.024725087995553483,-0.019288739170156388
AUS,ssp126,mri-esm2-0,-0.02382609329559413,-0.06860979206388006,-0.049595823155295087,-0.050402114024771655,-0.042503397896164294,-0.051861886229569575,-0.07012033100250413,-0.052733535809090876,-0.04994753766435451,-0.06033097965819853,-0.03684319405938533,-0.04612329037038516,-0.044057979643944235,-0.037239359886239894,-0.0354112806638615,-0.021340067176672396,-0.019551493297802734
AUT,ssp126,mri-esm2-0,-0.006730334822300409,-0.007819483388582823,-0.01696760574922183,-0.009483997352836787,-0.007793063750140737,-0.007835061554853499,-0.008591152368685644,-0.011917554832727434,-0.009466165136895984,-0.008867626516746907,-0.008266583111365057,-0.008486425194508884,-0.006702607411945607,-0.005082606056393149,-0.0046692316541485975,-0.004964514578719457,-0.0030370509581983335
AZE,ssp126,mri-esm2-0,-0.09722319932386617,-0.1319888075274705,-0.1015699411003918,-0.12420404590675396,-0.07834869694448629,-0.07883427494899158,-0.12213329593845805,-0.04666795066443282,-0.1053416693417093,-0.06980931835828397,-0.10324825726890456,-0.04422902816427299,-0.06284378540257958,-0.04697042310223631,-0.030374811930086353,-0.04188610499195397,-0.03671051326733283
BDI,ssp126,mri-esm2-0,-0.018164229440578477,-0.021439741231795685,-0.007410521753909138,-0.006982753506320889,-0.002999435916774079,-0.0024153410335779023,-0.0013371514161018465,-0.0010084703338617059,-0.0007103753797952672,-0.0006568783899267578,-0.0005300169576525742,-0.00047090325683285436,-0.00033621936434413674,-0.0003512876213526997,-0.00028072451579463535,-0.0002527483410230902,-0.0003311279419985604
BEL,ssp126,mri-esm2-0,-0.006041133682483678,-0.006338370292131256,-0.008195681962774502,-0.006797560398526185,-0.005842770729863326,-0.015749004357473756,-0.0077418068009843495,-0.007605133062850857,-0.008288077163237463,-0.006557747623345817,-0.008998890235136388,-0.008014888241171966,-0.0048918803604313665,-0.004682775635569639,-0.0034223604877475712,-0.0025811255685728807,-0.0025080588223847095
BGD,ssp126,mri-esm2-0,-0.00943197801264789,-0.007183997621872099,-0.005312796371666894,-0.0038356913479182116,-0.005959128715811215,-0.003734320022905034,-0.0031504163930067344,-0.0031742135965491594,-0.0023861951830386487,-0.0027013654766038283,-0.0025082729307811377,-0.0016515169859225671,-0.001569565074926618,-0.001151586591122704,-0.001860812189349349,-0.001341529473742288,-0.000995358167006355
BGR,ssp126,mri-esm2-0,-0.2763711008651942,-0.32996251604886073,-0.8412827370710089,-0.3937425369094576,-0.6245738363808286,-0.1943643075485831,-0.28301715491178975,-0.3425715058403567,-0.2048230675747759,-0.3337315442323368,-0.2956828248273703,-0.35040312374519966,-0.3681007723476763,-0.3043663891945664,-0.15917473830947998,-0.2046555667265944,-0.31905020687644825
BIH,ssp126,mri-esm2-0,-0.03656719485181034,-0.042489911388658444,-0.0839197943203719,-0.038140149733388175,-0.034589357881198456,-0.0294672099329454,-0.06318236373941832,-0.047681198485936216,-0.04571344170389584,-0.04188660147034991,-0.06116752702134561,-0.05966346996206589,-0.050007849490199464,-0.04702299196154252,-0.05182329474443371,-0.0823190306815688,-0.04143780352372778
BLR,ssp126,mri-esm2-0,-0.056452195856723245,-0.04091633378039876,-0.03383538675687303,-0.034083124098843044,-0.0315473467452131,-0.022575277843480686,-0.019509153583082087,-0.02416549341695202,-0.01723514060256979,-0.020436749997924553,-0.020164352900990053,-0.019177990176491508,-0.016787354028759693,-0.013996851473755859,-0.015535377477154125,-0.013173656493379246,-0.013098531780953186
BOL,ssp126,mri-esm2-0,-0.02145681437981646,-0.022658646444488832,-0.01795025120179419,-0.017798949757121933,-0.03376696277267078,-0.01432708888245944,-0.011658391691450271,-0.011823905574971566,-0.00919945498666873,-0.00812507742004476,-0.006552616646618385,-0.005941501425722508,-0.006525783504236315,-0.0037163842009724384,-0.006425215737216543,-0.002420200993974845,-0.0033201596584798592
BRA,ssp126,mri-esm2-0,-0.004029439065100101,-0.005627554953429532,-0.005470195175127691,-0.007040687682630504,-0.0038805863365725026,-0.005713525657924529,-0.007672150030082491,-0.004453667215375904,-0.005119249551290328,-0.003719143197384688,-0.002820400191174055,-0.0033385113897563567,-0.003063549115995156,-0.0026187687904162846,-0.002990008266883237,-0.0022883410860016886,-0.0027708328321195577
BTN,ssp126,mri-esm2-0,-0.002639719156799503,-0.0013431678484653346,-0.0010109980353979356,-0.0008519360296455784,-0.00041234865493191154,-0.0004347005644370043,-0.00028252697749106326,-0.0002623694290687599,-0.000235179504523485,-0.00024332570898544996,-0.0002541801565408541,-0.00019043684802395424,-0.00022463505747349365,-0.00021758641028139583,-0.00020341454802914042,-0.00024837993065057035,-0.00019600791417927552
CAN,ssp126,mri-esm2-0,-0.10760413309536974,-0.024971501597772356,-0.07674151983161416,-0.050143516150377175,-0.06346900665143303,-0.0465438899362947,-0.0481512067199737,-0.04866484332259472,-0.050734101208723965,-0.03957242116837429,-0.04182039161437454,-0.043429014780330955,-0.021597682423895596,-0.027749740207293743,-0.024398308327827824,-0.022591226017730993,-0.017552099437877423
CHE,ssp126,mri-esm2-0,-0.0063987634596540935,-0.003947640960110511,-0.007185406846126409,-0.005031567241191135,-0.004673853471569993,-0.005940578733805707,-0.0057452072500715975,-0.005710072856935747,-0.005788708987941554,-0.004109213521499828,-0.003862695319086266,-0.0050888441527980055,-0.0035147642439702165,-0.002606877130395477,-0.0030347441156266092,-0.0030804183545999776,-0.001878206325736448
CHL,ssp126,mri-esm2-0,-0.012494139189790667,-0.010581538968424823,-0.00796869792429578,-0.007168951912420278,-0.008003791421526414,-0.005359008538616972,-0.007055997002337886,-0.006502903886756769,-0.005062576673494506,-0.004079726465016228,-0.005645084086882502,-0.004028480180350367,-0.004203514629975094,-0.003337513556209704,-0.0034747185317845724,-0.0034442184834926302,-0.0025489989709509323
CHN,ssp126,mri-esm2-0,-0.0315896209827825,-0.05751737443624715,-0.03525098398318868,-0.03864947642296351,-0.03454822637172904,-0.025245623632194757,-0.021137876097351085,-0.0212066185971077,-0.025866967004402282,-0.022420128973315332,-0.022551359665120747,-0.025226613680963725,-0.02117314803141765,-0.01683187614735957,-0.012689520242355779,-0.015377351396387462,-0.014460711683946336
CZE,ssp126,mri-esm2-0,-0.05227713189666422,-0.06960380586290126,-0.12279806898699155,-0.07389781710350206,-0.04353956212481519,-0.057462126982232714,-0.04333690895784786,-0.058726155724982,-0.05135372241689375,-0.045840481900016786,-0.04975935803658631,-0.04978901150329774,-0.035061605856106536,-0.032190639436790854,-0.032294255660152066,-0.02546485090792261,-0.023930052151558853
DEU,ssp126,mri-esm2-0,-0.01248306236536449,-0.0161549802306007,-0.022931093478791905,-0.013638571097852964,-0.013082255936207567,-0.02216466447468722,-0.01642451437552184,-0.01758956867169337,-0.017781806673267352,-0.015080460774011714,-0.014303996316957722,-0.016268571979756126,-0.010256136989326457,-0.00989042230698077,-0.0084076063384336,-0.006082088521014684,-0.00571511364807182
DNK,ssp126,mri-esm2-0,-0.013158781200180167,-0.02549991875547468,-0.01855370301834575,-0.015368248807710757,-0.022526681681779993,-0.027739505873445577,-0.013838573769104004,-0.02119152993701462,-0.019985545863261844,-0.019415363691679198,-0.017463891527541544,-0.022430808990439186,-0.01319784040478653,-0.014483996126429534,-0.01303419642547628,-0.00595624137379015,-0.01036752916936853
DZA,ssp126,mri-esm2-0,-0.1427332557689683,-0.07167090321768521,-0.22424873545001298,-0.10182477500463888,-0.08918638020141563,-0.04576479728820989,-0.08620439352189703,-0.09770970411023874,-0.05344935513048429,-0.05980272796939484,-0.03295550247696045,-0.01901282801109662,-0.02129969227020618,-0.03610962236767784,-0.011389127087298112,-0.030952829503685574,-0.01580399098749999
ECU,ssp126,mri-esm2-0,-0.0005686930793317323,-0.00045011725787439435,-0.00038899529592521846,-0.00030435637876359924,-0.0003199235363477866,-0.0002530777995815094,-0.00019930011712932248,-0.00019904200953938325,-0.00015760843414089367,-0.00016078189501100932,-0.00010167033682185202,-9.536537067939163e-05,-8.36678978092626e-05,-8.413050049545679e-05,-7.321553294459531e-05,-4.846603241836741e-05,-5.5582195314067624e-05
EGY,ssp126,mri-esm2-0,-0.16635745165420593,-0.07889191041607403,-0.05599316104693182,-0.042733579670074934,-0.0359920915157025,-0.029986035948296335,-0.023256652402907852,-0.017587279131746736,-0.01799471154205163,-0.014599289728231506,-0.013655184287867519,-0.01152071815376475,-0.011274248355975437,-0.009635092321977975,-0.00867269266957092,-0.008639161718103316,-0.008637563241802515
ERI,ssp126,mri-esm2-0,-0.2808820567077576,-0.27712121770809384,-0.35264984740511335,-0.2608438873787948,-0.3182995715055159,-0.2342535540533754,-0.22793019774000742,-0.20057730012828837,-0.1717548375066159,-0.13923588079090748,-0.10120197188293863,-0.10781174886870216,-0.07482076758514096,-0.063309805069893,-0.054646998346818305,-0.05445014960895349,-0.05012874427073946
ESP,ssp126,mri-esm2-0,-0.019812681900156625,-0.008326823318514403,-0.03710851378334416,-0.020832702537253788,-0.017772297796650564,-0.016737516910484713,-0.02708402299424311,-0.031246701926654893,-0.016231098412303652,-0.02057284903900309,-0.014475017399273565,-0.021957707269979088,-0.01083055926502025,-0.016165425114581272,-0.009497434521109264,-0.012815635566837489,-0.006495626527906263
EST,ssp126,mri-esm2-0,-0.030723402583586162,-0.052421137431501875,-0.054894270984938105,-0.050277501555704956,-0.05284977342159306,-0.07170109152947374,-0.04904396542087959,-0.05631594980108379,-0.05538396754397919,-0.04256593249881353,-0.037499833398244864,-0.057130631884565596,-0.04319503020276965,-0.04324579590060568,-0.038324857206817865,-0.04456865159593382,-0.04221224345208978
ETH,ssp126,mri-esm2-0,-0.14570131150635476,-0.1101884145080766,-0.12060387387868043,-0.06772648552876698,-0.06303030192397761,-0.04004128718643326,-0.036738323107823156,-0.028428181959003863,-0.017946808727039524,-0.01830890053709699,-0.012218533286202982,-0.014309669441958583,-0.009920866383540167,-0.008953881944432677,-0.009637750486710301,-0.008504976556009,-0.008220881957359283
FIN,ssp126,mri-esm2-0,-0.004141972536022135,-0.007336801641351047,-0.006028568618779399,-0.006797747853729438,-0.008722986869740844,-0.013748826294428333,-0.00591930844669791,-0.008510343894399246,-0.008859019821721765,-0.006565726698691345,-0.004909689017162148,-0.009735910746275653,-0.00615497372260584,-0.008784717635319685,-0.005056213393107626,-0.006053123826094861,-0.004766998508102034
FRA,ssp126,mri-esm2-0,-0.027870057431522884,-0.02188349900394799,-0.04099960757485658,-0.03515521712797403,-0.025270259181545802,-0.03338616085478135,-0.03294322014874635,-0.03912420865417578,-0.026498237398933314,-0.025517429013306756,-0.025018428721228555,-0.02551653248207391,-0.01666498373919849,-0.01610667244877206,-0.013887146594934962,-0.012822012907395115,-0.008390466173752421
GBR,ssp126,mri-esm2-0,-0.004774146983657447,-0.007635377597532142,-0.007679527119599965,-0.007735562795362546,-0.007904386361314273,-0.011116825480319704,-0.007619273991152205,-0.007051830101333301,-0.007199243618930715,-0.005201556055131713,-0.005907634536381606,-0.006679418265211955,-0.004103824017088293,-0.004403914732839381,-0.004095608192630503,-0.002025053639164952,-0.002723204595412354
GEO,ssp126,mri-esm2-0,-0.012350159848105972,-0.025125954933933048,-0.026870116408467266,-0.020398829164743944,-0.012238330635387965,-0.016630052190488846,-0.012036255944275192,-0.011105497171952897,-0.013729892179101486,-0.016340082591925178,-0.016136306010734784,-0.009260152350545042,-0.013845021627158918,-0.01383761524756409,-0.013438382712795929,-0.011231523614236754,-0.011357230026542209
GRC,ssp126,mri-esm2-0,-0.01687563639032493,-0.023373856745217785,-0.06623057576080742,-0.032733756916827374,-0.0469427738245221,-0.011781810344413498,-0.031134929500371666,-0.028702938796729235,-0.029062535996147977,-0.021735576879774503,-0.021426738316728405,-0.01616669006538152,-0.019380629343590833,-0.02164274382462364,-0.0058958393232728,-0.01344556894032166,-0.012485252213051147
HND,ssp126,mri-esm2-0,-8.936910320203152e-05,-7.115817430564405e-05,-4.038938928875254e-05,-4.195638772168194e-05,-2.6428153098974526e-05,-1.924642590174259e-05,-1.9751713889568253e-05,-3.144220612309298e-05,-1.3467961656099944e-05,-1.3117793446486948e-05,-9.609261483447417e-06,-1.452921120804336e-05,-6.586127636887498e-06,-6.832849934316472e-06,-6.483720006685587e-06,-5.040890948489926e-06,-2.8616626813442724e-06
HRV,ssp126,mri-esm2-0,-0.027594111679713644,-0.3692572292956561,-0.5867076744417117,-0.3414821180631101,-0.2887741443164771,-0.2578007752879659,-0.5504134698257779,-0.42431988191313036,-0.3559900991212743,-0.3138590126135436,-0.3958700541152691,-0.3901760611683241,-0.28762007836278225,-0.23606590251149676,-0.20700591711002342,-0.3258305979339641,-0.1518186297357352
HUN,ssp126,mri-esm2-0,-0.06734578454752363,-0.0633843289259789,-0.12183333132431752,-0.06407991725663567,-0.0558686370401589,-0.053400459886338396,-0.08017307305220932,-0.0668298116962053,-0.06111366159294178,-0.06572707133178732,-0.073569621540631,-0.06583386393402912,-0.051791692142090465,-0.04300645348701203,-0.04116012938953634,-0.047695183571935314,-0.02724881663209045
IND,ssp126,mri-esm2-0,-0.27444307614079355,-0.10041159733190212,-0.07658991526493586,-0.05735635391515397,-0.11094884979075195,-0.03885413388955593,-0.04696063766059684,-0.030803182730394195,-0.02974194629150526,-0.04446650650705727,-0.033496605239130485,-0.026772399187244493,-0.03173479983570866,-0.017974120929681887,-0.032656112575658015,-0.016420062311461838,-0.02405531086496621
IRL,ssp126,mri-esm2-0,-0.0009219755102497473,-0.0022473383770682557,-0.002558687134042351,-0.0023920623416034937,-0.0022384718666463937,-0.002991693475700188,-0.002197867777321315,-0.0021240359306160536,-0.0025338824659666033,-0.0023036347122869566,-0.002899126497819954,-0.0032574229865084516,-0.002295901016306379,-0.0023222259544104745,-0.002445976744075728,-0.002122006674717464,-0.0019587475861359556
IRN,ssp126,mri-esm2-0,-0.05535716402080079,-0.012860037764426383,-0.013259117205843503,-0.019275374993029247,-0.011882910307401373,-0.006768077802371127,-0.014190991672458866,-0.005568621716655656,-0.009768200733414369,-0.0074106280565175275,-0.008336574066200347,-0.007539325499883861,-0.005107515362169865,-0.005017307483584809,-0.002257103753321194,-0.005887322352611588,-0.0025237118160135736
IRQ,ssp126,mri-esm2-0,-0.39105365945429915,-0.08234757150235542,-0.14799501787234765,-0.15466714997856576,-0.11752731436159686,-0.06617636864710684,-0.11994129178505344,-0.04685884547151712,-0.08822763391543918,-0.06286858543885297,-0.061169206928121396,-0.052687091290903265,-0.05148107635127979,-0.037708460946263206,-0.014427962376797505,-0.03354858794615334,-0.011324553956056842
ISR,ssp126,mri-esm2-0,-0.00224627752237207,-0.002175218030340207,-0.0012337459729358108,-0.000878594844856457,-0.0008328630781234544,-0.0008083795730562512,-0.0005337944515476479,-0.0004514992548743381,-0.0006857566478121613,-0.00035266914262461417,-0.0004905113102465013,-0.0003721531233090587,-0.000367690705430621,-0.0003985193335281938,-0.0003288513646351507,-0.00030327232029809446,-0.0001930671325127642
ITA,ssp126,mri-esm2-0,-0.01095070446032958,-0.006966590837579536,-0.027531553912585383,-0.02266303421475829,-0.014144264142212025,-0.011730995837626736,-0.01752323207994692,-0.02191548969799176,-0.016993588145660456,-0.011940146683587673,-0.011624943388906898,-0.009661941205617915,-0.00939888059987406,-0.011221358418926164,-0.0062364438683259575,-0.01061968902605098,-0.006493884311752243
JOR,ssp126,mri-esm2-0,-0.009999174484645847,-0.011713054363267885,-0.006879594763235773,-0.004217898778885315,-0.0031005873153914227,-0.0025472077865010237,-0.0018179479754701204,-0.0011805490128484935,-0.0019388874582950818,-0.0009668892269362804,-0.0014938513268054462,-0.0009120120752049078,-0.0009615601760538522,-0.0008966674156752426,-0.0009061180731910427,-0.0007222748296543417,-0.0004415952327116307
JPN,ssp126,mri-esm2-0,-0.0005141246225997431,-0.0004894646355448597,-0.0005001537196796638,-0.0006303784888320521,-0.0006086091770044204,-0.000660553598954949,-0.0006183877051020754,-0.0008526835822247259,-0.0006287525576066191,-0.0008999905402229811,-0.0005814474381427752,-0.0004949207251216148,-0.0004816162527680294,-0.0005609357936207685,-0.0005963341589671282,-0.0005214756290294144,-0.00039926899571823956
KAZ,ssp126,mri-esm2-0,-0.036032913292185595,-0.021792350224928175,-0.02168733568575644,-0.06445086750002632,-0.041401287601060204,-0.048009209164293014,-0.07487363307337729,-0.03830957071779531,-0.07224882350464337,-0.04893089174897547,-0.038680438432712565,-0.017450550748227277,-0.02587228993254563,-0.021033104011890177,-0.03903007567580107,-0.055543804565183374,-0.07030281326767952
KEN,ssp126,mri-esm2-0,-0.013044993465588541,-0.006360682989574219,-0.007700138846974743,-0.0055153105864122615,-0.0038381685748109236,-0.002730139469484046,-0.002961101717500985,-0.0023946290550965112,-0.0015460250878587055,-0.0012180131419935799,-0.0013511365833218318,-0.001326976898764726,-0.0008319309556074327,-0.0007418334318671631,-0.001010550180402122,-0.0007772846212257654,-0.0007727728702525239
KGZ,ssp126,mri-esm2-0,-0.1672363674311013,-0.1731311420174625,-0.1400079899955253,-0.12775192191573884,-0.08246141976487226,-0.054226499683229755,-0.08674901362613673,-0.036404331924120285,-0.04623618364982482,-0.0550865893793888,-0.03501419467135031,-0.03752325066189877,-0.018241177503921995,-0.023558480920905605,-0.016851932924610968,-0.020673893473813033,-0.022235585332068635
KOR,ssp126,mri-esm2-0,-7.966078303660875e-05,-0.00018262591655056993,-0.0001452312046693862,-0.0001906427553659287,-0.00012347482818409868,-0.0002303524932222407,-0.00011076321500473957,-0.00012101541131391279,-0.0001342371422796261,-0.00015184789964868585,-0.00012347156426938775,-0.00010473307519656745,-9.663751708358292e-05,-8.040214194475068e-05,-0.00010410355757145953,-0.0001098591608760147,-0.00011885941027280188
LBN,ssp126,mri-esm2-0,-0.011778311781025907,-0.00040606412068314174,-0.0002046357479249186,-0.00011917690900308194,-0.00010138871611879821,-8.262198168576033e-05,-5.3926092770274405e-05,-5.4858568875642145e-05,-6.092501971338744e-05,-3.8127239677384706e-05,-5.1507299188493485e-05,-2.9816805030781437e-05,-3.4413793127857834e-05,-3.3420590187954486e-05,-2.4333705106631193e-05,-2.9982228166087974e-05,-2.2513281489398715e-05
LTU,ssp126,mri-esm2-0,-0.14579556527478146,-0.22217087045612616,-0.17063055944682118,-0.201808851273799,-0.21201009011532868,-0.29823414530843,-0.18921592561645026,-0.255834100687502,-0.206632689967272,-0.20994396658170356,-0.2183811495720596,-0.29477379435581635,-0.26186473954565165,-0.266436351836623,-0.24384720002574817,-0.33785041085755163,-0.20295460065135404
LVA,ssp126,mri-esm2-0,-0.10414155328804003,-0.15818796542205532,-0.154055301144945,-0.16840157870196998,-0.16108980042894705,-0.2286622427909139,-0.12412738958976476,-0.15733257406538714,-0.13990063102560338,-0.1253922555219974,-0.1127235270705113,-0.14769896374491445,-0.13299797795009716,-0.12726850908446577,-0.11353163728627419,-0.12775471089677698,-0.09548571916432004
MAR,ssp126,mri-esm2-0,-0.0815381659654363,-0.055341338763349485,-0.1358101682293541,-0.060826474964760124,-0.03650702691610009,-0.024979086698726238,-0.035606018959035625,-0.03581242502318456,-0.01952579555582971,-0.019434874273741104,-0.013406639777755955,-0.01889649794416312,-0.014424118237881851,-0.017025566547203396,-0.007547030807771372,-0.01066874640632089,-0.006981555305901249
MDA,ssp126,mri-esm2-0,-0.16519633924729715,-0.34275153473961684,-0.47769095411417445,-0.2071502228731334,-0.29401614536554427,-0.1442518507847671,-0.13424014837865958,-0.21645881374834944,-0.09853113297525928,-0.19028312034953082,-0.1885080627104288,-0.12018572812029964,-0.08201852729460454,-0.09633855174639355,-0.07622388422312855,-0.06255284519102591,-0.082813344831635
MEX,ssp126,mri-esm2-0,-0.008097366357584809,-0.013200485294595818,-0.011272068920699922,-0.011996521439552965,-0.010349183626010295,-0.008784179494293845,-0.007109306299413617,-0.005725973118568198,-0.007200669242322448,-0.0064881658693566385,-0.0045155444301098295,-0.00423053839924169,-0.005314458716850047,-0.003181920170504617,-0.004288124488479828,-0.0039269449618355235,-0.00451076781554229
MKD,ssp126,mri-esm2-0,-0.05330187846518128,-0.04499184741153242,-0.1333190802188943,-0.043834881147126956,-0.08650011271332772,-0.024214155317053728,-0.07112755410840184,-0.048330195400919276,-0.04153720636060006,-0.043769279207838935,-0.041584678759527996,-0.035800467197229985,-0.046013567679885355,-0.04040470787558474,-0.021162419483323845,-0.034106815616954174,-0.031042532284688895
MLI,ssp126,mri-esm2-0,-0.02961746577280552,-0.023024100697514822,-0.017492432362900844,-0.011904843288356474,-0.008791869624233535,-0.005996013483087213,-0.004676813091805216,-0.0034447929787408496,-0.002654399613551775,-0.002037775741040287,-0.001711752180284576,-0.0014536365158411791,-0.0012491508254679764,-0.0010989355829760224,-0.0009141577862732538,-0.0007971639731751216,-0.0007729869418309283
MNG,ssp126,mri-esm2-0,-0.07021088061542173,-0.034368029921960884,-0.04921993143471433,-0.05489557102929823,-0.021353510857450943,-0.02681495772960388,-0.016886135040886745,-0.015527251728704136,-0.029786960689910262,-0.01940159442592544,-0.01655272968529074,-0.0175616832934505,-0.015450270924669454,-0.015711999811485477,-0.00831875840815595,-0.0058805563484511615,-0.010288155903919656
MOZ,ssp126,mri-esm2-0,-0.005847646123524751,-0.011786121291568934,-0.0027689782287593106,-0.00263079763294116,-0.0019040850486119019,-0.0008243491674546658,-0.0006681424631429063,-0.00044006432407326507,-0.00033743852066546795,-0.0003402720199870466,-0.0002462630341539348,-0.0003180829103320719,-0.00014104880989169443,-0.0002619131270778607,-0.00012885667561509596,-8.191524730893938e-05,-0.00012294627124121417
NGA,ssp126,mri-esm2-0,-0.0005026305842446449,-0.0002664277324377463,-0.00025945469051453276,-0.0002927104460586699,-0.00014267587898513713,-5.4864821538225444e-05,-7.700836493822004e-05,-3.024522592371276e-05,-5.060730773915472e-05,-2.743011589160208e-05,-5.30242292707496e-05,-2.8009924501314325e-05,-2.4058983439339803e-05,-1.4536007101513679e-05,-1.1958706178510841e-05,-2.2284954056991682e-05,-2.1794349362996803e-05
NLD,ssp126,mri-esm2-0,-0.0018289988605765882,-0.0022511560482079045,-0.0025650863747620767,-0.002122903131065632,-0.002338536769368677,-0.0072737118291956015,-0.0026298039389168956,-0.0025633905270861083,-0.003121105686588199,-0.002142806266169999,-0.0040638709245771915,-0.003143332004675366,-0.0016220843015147203,-0.0020150896365468017,-0.001310431114158447,-0.0009644340058240969,-0.0010133716207087612
NOR,ssp126,mri-esm2-0,-0.0014460679113069588,-0.00322316535096617,-0.0028775942683723727,-0.0018542805505399051,-0.003516248542226202,-0.0023237797037047904,-0.002532075558423723,-0.002648665813172136,-0.0023091077257327538,-0.002618146778886848,-0.0014045487364665358,-0.002400320410604384,-0.0017392954561271344,-0.002015374221833678,-0.0018290360711270032,-0.0017307921854914326,-0.0012720029693274238
NPL,ssp126,mri-esm2-0,-0.41811924132752215,-0.102857551432448,-0.12333338503171916,-0.0994041919646792,-0.11976047613937345,-0.11765392054104823,-0.07208422716891737,-0.05295282118065863,-0.039400042877831505,-0.05709342046053245,-0.03941219258483934,-0.028610158337930035,-0.038826171240619024,-0.03079488003588957,-0.029581820535232152,-0.02615178897085992,-0.02546537401933188
NZL,ssp126,mri-esm2-0,-0.004069749349193282,-0.0038466231426344246,-0.005055634774810113,-0.004162244436643131,-0.007792182980603216,-0.0051189387475442,-0.003836910895779202,-0.0026743011777247134,-0.003117628781771521,-0.002576979149846703,-0.0036750146831221386,-0.002880957327223851,-0.0026277768465987708,-0.001686649912102296,-0.001971105602267576,-0.001932784659791123,-0.0013290876346975036
PAK,ssp126,mri-esm2-0,-0.3859311460534301,-0.10407170858406992,-0.08579722635169888,-0.11540401873058226,-0.15724416998056862,-0.03968909997097145,-0.05997027715355259,-0.023898981561355878,-0.0433938515308799,-0.0479347759240838,-0.03997080587005744,-0.03850306943381865,-0.016566499596346467,-0.017843168958659887,-0.024876061760459717,-0.012219809804662004,-0.022107329380707603
PER,ssp126,mri-esm2-0,-0.004367066699264086,-0.005520972732621886,-0.004763766798231672,-0.002865117493443763,-0.003221102108101451,-0.00272484766760576,-0.0019366417019698518,-0.0016577409029956667,-0.0015344858605753629,-0.0016219147062331515,-0.001236703908790055,-0.0011168393576597422,-0.0010668695334240636,-0.0012335575491287248,-0.0008265343510953849,-0.0007516325768436592,-0.0007697179057266601
POL,ssp126,mri-esm2-0,-0.046135835687490176,-0.06189435955146955,-0.08511896603147023,-0.06103789838349082,-0.05016057383235449,-0.06263736957096527,-0.04161311284741217,-0.0550840870291058,-0.0510297092832813,-0.04788313890738575,-0.06041615553702161,-0.061059755107781916,-0.049834962432533755,-0.04732729477027902,-0.04761750354980476,-0.03595998573273839,-0.037272361744775245
PRT,ssp126,mri-esm2-0,-0.001177070136887956,-0.0008172262211908415,-0.0009739880062415958,-0.0014397209834112268,-0.0012254151874176583,-0.0009452308598016741,-0.001277352162556633,-0.0017903744887431457,-0.0007875120318417681,-0.001038355564764252,-0.0007599641093528915,-0.0021282159710280133,-0.0006845599789970942,-0.0010798339472593778,-0.0008714154453380754,-0.0010738163334791094,-0.0004212777297632793
PRY,ssp126,mri-esm2-0,-0.028721335594843952,-0.014769618550894946,-0.012656433263432191,-0.01564100102988208,-0.006553799021287086,-0.011493846078032416,-0.01514340742779782,-0.00807454493368413,-0.00909601330119022,-0.007195844884949199,-0.004710780336646454,-0.005744523486653147,-0.005265478734571827,-0.004169313563067022,-0.0054680305186510245,-0.004997995341569718,-0.004640822742524049
ROU,ssp126,mri-esm2-0,-0.09289328307300306,-0.12370624095898762,-0.26684337393897567,-0.12179933486867371,-0.1980432383151574,-0.09221827396075873,-0.11003071298624313,-0.13838893549693349,-0.0930442649891952,-0.14913916937819974,-0.14151920551640373,-0.13129714609798301,-0.12483460091295748,-0.11092107556637937,-0.08195917336969454,-0.08433230780995864,-0.1017202227325489
RUS,ssp126,mri-esm2-0,-0.09885607767542182,-0.14718410307728969,-0.08895432248262261,-0.08407716933943413,-0.06122857542352724,-0.07022672923162958,-0.07209750903596308,-0.06196365883827079,-0.06787776898539064,-0.06210941199860399,-0.0753049994257002,-0.040041007790478575,-0.056536876589288285,-0.03504864683880575,-0.06371348106291251,-0.05980007764836482,-0.06963543694622842
SAU,ssp126,mri-esm2-0,-0.015290242781606608,-0.008900151640663295,-0.020900869805633573,-0.020675171565563012,-0.01895439183782282,-0.016770104100141986,-0.0163862971631929,-0.014471270823610157,-0.015830285642556487,-0.015366688345200516,-0.01374763671044898,-0.013395363092069292,-0.012410551409730122,-0.010916177782455917,-0.008063232437322624,-0.010293946250230076,-0.008423456803239419
SRB,ssp126,mri-esm2-0,-0.1195581039995466,-0.15027497539399745,-0.37347153577937786,-0.13555031050209726,-0.24895760080460555,-0.10226851549415622,-0.29053031099167415,-0.18268083399802945,-0.18612221863872175,-0.1874300699580108,-0.24823792194752842,-0.16924256082948472,-0.21563746275990078,-0.1084587558710019,-0.10915568936733604,-0.12705672458182582,-0.08448955982570651
SVK,ssp126,mri-esm2-0,-0.04449685917748145,-0.04250031751047644,-0.08654121720465426,-0.053158057685614796,-0.043615538886733855,-0.039662840804279904,-0.04262971378921505,-0.046569340674738655,-0.04340009996343276,-0.049711575514289605,-0.044685291258491765,-0.04747243564382152,-0.04034670033427489,-0.02912121978940762,-0.033004184094414295,-0.03392745352819431,-0.022590620372492036
SVN,ssp126,mri-esm2-0,-0.0054291160324765435,-0.006039224127012667,-0.009750740176305632,-0.006788732569327546,-0.0069897967073704525,-0.007490622826856622,-0.007729556706991057,-0.008037777251272277,-0.007011853785685109,-0.005950261918791297,-0.006341796931172213,-0.007760580005416244,-0.006328591337179327,-0.004233774364344931,-0.0038111674233044825,-0.006112573571910408,-0.003076377251580865
SWE,ssp126,mri-esm2-0,-0.007066305221592066,-0.009316451962951219,-0.007720431438938693,-0.006813973165643602,-0.010549493042475875,-0.010002296054535328,-0.007808900957572571,-0.008602813479453734,-0.008717522981464915,-0.007124367614640166,-0.005459378132747813,-0.009862884152544084,-0.0052487136381268356,-0.006031067789427852,-0.005305908127514187,-0.0034115806429233465,-0.0037372732687340603
TJK,ssp126,mri-esm2-0,-0.15141428096073944,-0.1393406909469483,-0.07783003400356704,-0.11264558365106442,-0.05468501138217388,-0.025248055224444958,-0.04749052515449111,-0.018639476405025075,-0.02253205976845937,-0.02840444425160258,-0.020045288434250706,-0.020366356886403727,-0.010406411595874932,-0.013297688566883913,-0.007154495557988701,-0.015901067665202665,-0.014282614140123658
TKM,ssp126,mri-esm2-0,-0.1957340616184469,-0.16593304667382958,-0.10283825959792742,-0.15408201862296567,-0.08545046943408093,-0.03203370501785086,-0.1090088352018302,-0.04046567972145026,-0.05697645960118467,-0.07910440997380425,-0.0659416442100372,-0.05052396429425546,-0.03720929513851188,-0.04772293367493982,-0.024908364840358486,-0.050934891964736724,-0.04146163815577294
TUN,ssp126,mri-esm2-0,-0.15398694331253548,-0.06109078744761391,-0.1369787149699338,-0.06430143943833178,-0.06758618296033289,-0.023939777867997655,-0.04788347194739328,-0.05508379139308172,-0.03864486199396901,-0.03232822607253012,-0.02451166343126507,-0.011646337190171075,-0.01292214944052245,-0.029416895725366654,-0.009774898521469698,-0.03304384485748878,-0.022697808407350934
TUR,ssp126,mri-esm2-0,-0.03487360766178038,-0.018807939395343684,-0.015236960436230905,-0.009330172463898112,-0.011733898261489387,-0.006111044967950518,-0.00629256330445134,-0.005362893406960282,-0.006463133917708987,-0.005511026508103257,-0.006390727191733016,-0.004220583020977868,-0.006151809490032811,-0.0034326656010964635,-0.003504814528597576,-0.0073768175874740945,-0.0038399668516620605
TZA,ssp126,mri-esm2-0,-0.004093917019958876,-0.0022907003448537308,-0.002427368360354238,-0.001545957745748378,-0.0022122257248498142,-0.001431081711943119,-0.0010834957784769945,-0.0006633852278652889,-0.0006044250907206112,-0.00044852724411367724,-0.0004687028047984762,-0.00040213350196900395,-0.00028774432489155115,-0.0002138671394718197,-0.00018938901180103092,-0.00012260605286559386,-0.00028471345473964586
UKR,ssp126,mri-esm2-0,-0.4112821813895938,-0.37931864799425247,-0.3984034023570171,-0.19256559986492108,-0.15850600418547262,-0.13744398403461128,-0.12069286968790269,-0.13140232034743882,-0.0831099983887083,-0.11095549280912922,-0.13712968584816962,-0.08872173681142248,-0.08407638553231661,-0.05844606866575156,-0.07927203672112473,-0.06217689383385077,-0.08020073806474019
URY,ssp126,mri-esm2-0,-0.017407532015134057,-0.05147384238584436,-0.02235227037775381,-0.03131162268661653,-0.011957129106743004,-0.024394840388416383,-0.022843621812005818,-0.016422757497043666,-0.021094305684000465,-0.01630986556334028,-0.02172442989949005,-0.015198264055825606,-0.014078095062361221,-0.019555558155690794,-0.012812819000992385,-0.018969655546140156,-0.007858217735710224
USA,ssp126,mri-esm2-0,-0.005183940636001646,-0.003025272627144101,-0.006884396138481191,-0.009927552758298833,-0.0063705515934637715,-0.006031575306732273,-0.005826484552311094,-0.006199837832708347,-0.0076846849740742585,-0.004382224203335861,-0.007144614895441467,-0.004238430293017329,-0.003792079884834904,-0.0031209262230664416,-0.004149637645415765,-0.0032916613782080413,-0.0033484303900122893
YEM,ssp126,mri-esm2-0,-0.02058526263970994,-0.00531022175248324,-0.008993780348851416,-0.0030511110772886486,-0.004349880640268009,-0.0015501231190037771,-0.0033324458013654686,-0.0027817330222751416,-0.0020837797204909295,-0.002094641026902128,-0.0017553544845429054,-0.0016755760138775463,-0.0014377112281282404,-0.00139471452256223,-0.0012527004059662145,-0.0011739841664645595,-0.0011410215202981872
ZAF,ssp126,mri-esm2-0,-0.017272097962803084,-0.013470555823556668,-0.014277130434671307,-0.01749729745559762,-0.007699114125773629,-0.009968174303798417,-0.009487853139016292,-0.005383816753289079,-0.005519334355298962,-0.004380164028688117,-0.0033053385182564192,-0.0051960241886500474,-0.005391910224672116,-0.003186583956313514,-0.0038501849051652787,-0.0028369910268621246,-0.004286888338417725
ZWE,ssp126,mri-esm2-0,-0.17071566785161507,-0.2144913453924031,-0.046064511755237715,-0.11715223918696194,-0.06947112090893352,-0.060885625196249855,-0.0457049346857529,-0.014977850420615271,-0.01736376702525016,-0.025571834757379446,-0.01556411271468768,-0.018792190199856947,-0.009209036918137757,-0.015104432580519427,-0.01108563679705764,-0.0027237254913255802,-0.012159690470329457
ALB,ssp126,ukesm1-0-ll,-0.140344913842835,-0.16980653453155795,-0.04956268423983365,-0.13143370877051552,-0.1574041602362175,-0.08979000982104868,-0.11256416965317925,-0.1455451957482031,-0.1315206613675378,-0.16080199238637838,-0.08989820223807146,-0.1674066827930637,-0.18221319072085324,-0.2003464555694075,-0.15747833958232488,-0.1424248230461901,-0.1297248798832419
ARG,ssp126,ukesm1-0-ll,-0.003039296183283736,-0.0029297730718538142,-0.0030149124203841422,-0.0015107503507806274,-0.0014184275756087736,-0.0014714247245241647,-0.0011219626260357276,-0.0011574288164673447,-0.0011042698135906627,-0.0015037641754961127,-0.0007497144936433988,-0.0010144030922852796,-0.0009573811833424841,-0.0008285551184772006,-0.0005939060098900859,-0.0007580724623713165,-0.0005494069763228021
ARM,ssp126,ukesm1-0-ll,-0.028606830388261607,-0.042981280187137885,-0.0462400152207523,-0.029371636404390805,-0.03585185268819339,-0.03863833021508404,-0.04694265785853345,-0.025859654357375653,-0.0428703641756498,-0.05689000719117407,-0.03152227304406224,-0.041027260631061394,-0.03758710827699825,-0.0385873080881472,-0.029103480390933505,-0.021506795053631872,-0.05384884993923928
AUS,ssp126,ukesm1-0-ll,-0.02493535988147003,-0.03715039935354549,-0.06412698863879487,-0.07444656171137326,-0.07545589339329148,-0.0672998049223569,-0.07098985810061925,-0.06967488450732358,-0.07395683394460759,-0.03242975436541543,-0.04526150146505975,-0.038077021038611394,-0.04888155588305428,-0.0374952553435135,-0.037961876454713536,-0.03903474794368778,-0.02201748660940146
AUT,ssp126,ukesm1-0-ll,-0.010510933385301464,-0.009406649882134084,-0.005098439535753004,-0.02227647101659456,-0.018524109523839316,-0.00870195556063271,-0.01572885370972903,-0.014876408893444638,-0.01806925131173708,-0.013726911712816441,-0.004714237075680219,-0.015860034823598254,-0.008737273545148144,-0.0179995063818903,-0.007484174909675244,-0.007800790644840028,-0.0067177957373612245
AZE,ssp126,ukesm1-0-ll,-0.10702109415353306,-0.10772895129561226,-0.11654449344523944,-0.06646695921444556,-0.08517396628341348,-0.11510049220516838,-0.15137216405229276,-0.07337322110980252,-0.11716582259950208,-0.1290128992391028,-0.08125325526451152,-0.09735856055897404,-0.07857929192473052,-0.07096687469287394,-0.0549029052406515,-0.037002232311704346,-0.0804728238941819
BDI,ssp126,ukesm1-0-ll,-0.01546784345677799,-0.017616861468726663,-0.011894198510483924,-0.007206470457889261,-0.0030270819909376024,-0.002367225559886518,-0.0018068014863766764,-0.0027631091615374797,-0.0008281746969460799,-0.0008295436071251518,-0.0005410655869360602,-0.0004888055524645542,-0.00038587571548471394,-0.00033920739731420883,-0.00028977150673320555,-0.00028797981093236103,-0.0004363422084456416
BEL,ssp126,ukesm1-0-ll,-0.011123878776364813,-0.006805476367599664,-0.011839093405886906,-0.019743793677161933,-0.014201591327813855,-0.006998385903574588,-0.01139957309846576,-0.011405526243419612,-0.01465374634966374,-0.007480122991499608,-0.003345434826444408,-0.016407501066427008,-0.006975839812309688,-0.014668536504276727,-0.005651920027650819,-0.010459210758030827,-0.00440260354437378
BGD,ssp126,ukesm1-0-ll,-0.011360186257357664,-0.006230114958414069,-0.008169991520290664,-0.008034634351442006,-0.004532407639689701,-0.003984597175322518,-0.005013911683113038,-0.003190800733043938,-0.0025813941705562877,-0.0020660469050341364,-0.0033527320686985254,-0.0019304137720138885,-0.0016571148385304188,-0.0018886748339114812,-0.00172185955794125,-0.0011703499295613647,-0.0021738477357900643
BGR,ssp126,ukesm1-0-ll,-0.6365681339483685,-0.6305704198170446,-0.23458752932844062,-0.46575199171400306,-0.39776799345992614,-0.3221044976539444,-0.322708528553039,-0.38974579527431313,-0.3981368032944214,-0.5348320643388338,-0.2497474687511202,-0.49631929199605745,-0.4735775588607489,-0.6131930849116691,-0.29438540101782357,-0.3758727154090824,-0.34885251647390686
BIH,ssp126,ukesm1-0-ll,-0.08726911923352199,-0.07417332020052707,-0.023211446862985815,-0.04392461966948785,-0.04160040080540061,-0.03384263201034972,-0.05217457320366776,-0.07292589990308793,-0.04703464747337613,-0.07926366899617901,-0.03439734432871776,-0.10102505216821728,-0.08744232577038064,-0.1340544503813248,-0.0842149743625995,-0.10297962294463421,-0.10118143270449521
BLR,ssp126,ukesm1-0-ll,-0.09142995349316335,-0.05215422292448228,-0.01995809095791797,-0.03680585001843343,-0.040498340069426694,-0.03438576893613834,-0.029777104147704604,-0.0360034048934386,-0.03357651780397411,-0.027753398804637498,-0.02352157212402988,-0.030665406145719512,-0.026217958855482712,-0.033242347739143085,-0.022419654184337754,-0.029087819465395758,-0.023031081318045793
BOL,ssp126,ukesm1-0-ll,-0.031479980974487475,-0.04093623126119128,-0.02014514814159453,-0.027154454254370557,-0.030970913605657135,-0.027582966001308856,-0.01575699998045079,-0.015024191003787452,-0.01349969664951893,-0.008999492153323704,-0.008278190135004911,-0.007870668063968347,-0.009799767314506757,-0.008908113030551319,-0.007089897322436648,-0.005946988598134788,-0.006688681003527717
BRA,ssp126,ukesm1-0-ll,-0.004917519193096089,-0.006918580831639641,-0.006857296328027317,-0.0060029262062518554,-0.007119137921912498,-0.0066727852746277455,-0.0063084964068570466,-0.004767659890043611,-0.0042882662940703685,-0.006346305820684215,-0.0031105114211677437,-0.004467116548432719,-0.0050873804169025,-0.003916334615667416,-0.0031250644392069706,-0.0026765905497933844,-0.003124231890567581
BTN,ssp126,ukesm1-0-ll,-0.0031213032091490056,-0.0011402676567361136,-0.0007185784052931794,-0.0005782456351750472,-0.0005268321484316207,-0.00038322576014594413,-0.00043354694142526927,-0.00034877690727304686,-0.000326089197201411,-0.00026778155900894425,-0.00034326812701394806,-0.000283386215921397,-0.00023170127335229537,-0.00033335052182701974,-0.0002619399457050859,-0.00017741752285576988,-0.000254441946208343
CAN,ssp126,ukesm1-0-ll,-0.08231848648053859,-0.08079778611378616,-0.0949131362428441,-0.1400769513102455,-0.14940976509310167,-0.06968472937182814,-0.11615864821588276,-0.11691932674793845,-0.09731760182890098,-0.11760429607288343,-0.08488440335114504,-0.07972621978206282,-0.07067487900170585,-0.059230886676734526,-0.07986439353009173,-0.06198928856233497,-0.06546666125522675
CHE,ssp126,ukesm1-0-ll,-0.005227981359105847,-0.00644095013014723,-0.0029553731222310615,-0.010476197231075448,-0.008689912586397376,-0.004079295359436653,-0.0061708137908678025,-0.006987793614771907,-0.008699825964832961,-0.005058110433319113,-0.002101852051937198,-0.006409321840867565,-0.0036754073817915718,-0.0058889278839764315,-0.0033499598352307526,-0.0032379954859257693,-0.0027974877514843188
CHL,ssp126,ukesm1-0-ll,-0.01361982509427374,-0.008114090140961025,-0.008167496866325731,-0.01262392132657895,-0.00838261967912313,-0.0073129250857681734,-0.006756742293265772,-0.008489739019704727,-0.00593965651422037,-0.008220455999078039,-0.0057467073826492476,-0.0063088781878803705,-0.003999211506563245,-0.003995109015100806,-0.0052211830507052776,-0.0041306008487623745,-0.004374919417281882
CHN,ssp126,ukesm1-0-ll,-0.038320328497657506,-0.043312826259754945,-0.02891774722607181,-0.03862285364120735,-0.0349672543255306,-0.028291289194583853,-0.02880025736189538,-0.025429141399268038,-0.026191692802526405,-0.021074200006233557,-0.030736148563113158,-0.027756319354574586,-0.031825279963051824,-0.025838278726406125,-0.027585779011305555,-0.02155034142861551,-0.03301528507913109
CZE,ssp126,ukesm1-0-ll,-0.06387318934083272,-0.0585459753673556,-0.025824184296877876,-0.1287382535658053,-0.11888800818406128,-0.042279849857127225,-0.07087747175511103,-0.07728658866079834,-0.10614835988802672,-0.07034330254124847,-0.026392043961760713,-0.09473645636206007,-0.04548121255021095,-0.10964088250182016,-0.043926769562555146,-0.06107739558312915,-0.040946829892337624
DEU,ssp126,ukesm1-0-ll,-0.013093797795960585,-0.014188850901024255,-0.010147538940495525,-0.03675083457477084,-0.029419737084922508,-0.011628503189991932,-0.02189946052548778,-0.02495379482802534,-0.03190804052001943,-0.016486437972569358,-0.008163990859706689,-0.030617952952908936,-0.014325408370943775,-0.031303448990205256,-0.013533009341596878,-0.020100207355511716,-0.011100855868623258
DNK,ssp126,ukesm1-0-ll,-0.00993320706186192,-0.02060568127224422,-0.012937565085751999,-0.035122425637172064,-0.022226832402987645,-0.022680354831965163,-0.03715149953481556,-0.029534465336245177,-0.033991155950154894,-0.020578788720534993,-0.016302277629654843,-0.03563209460016732,-0.025624285558312875,-0.03447934456815489,-0.019042456760647836,-0.029196434520897298,-0.022307717867818766
DZA,ssp126,ukesm1-0-ll,-0.1036066547839551,-0.10560188548924347,-0.07499663662357305,-0.14798370281774015,-0.10562079969424414,-0.05761945988827609,-0.06390213204804486,-0.05994255337548388,-0.055155025202591156,-0.05739216168160173,-0.04195315835619253,-0.039400071651402566,-0.048334375652284406,-0.042948919495796524,-0.040117195977979296,-0.025284845671996396,-0.029811347020283735
ECU,ssp126,ukesm1-0-ll,-0.0010666759723788628,-0.00050003222590908,-0.0004811968249065659,-0.0005325023003677508,-0.0003246495307808815,-0.000555645288268623,-0.0003026639369527193,-0.00036122369021973107,-0.0002924966242672964,-0.00024483082050580325,-0.00022554676859483375,-0.0002104078250350284,-0.00017435341858724863,-0.00017389103086810274,-0.00010147662576648875,-0.00010048153528144191,-0.00013162638714472207
EGY,ssp126,ukesm1-0-ll,-0.17762561811265495,-0.07634589032769422,-0.050717010930335676,-0.042486549856378,-0.03640725023613099,-0.03102183152313017,-0.022964335519055037,-0.020488128109434334,-0.01797520467982212,-0.016968469626920227,-0.016081173626981138,-0.012874942527529621,-0.012489816118176558,-0.010835102338093483,-0.009951403988847815,-0.00846570447425345,-0.008715032193676234
ERI,ssp126,ukesm1-0-ll,-0.2825520827094575,-0.32146215019552,-0.3928345764344772,-0.34145168984400653,-0.1133559180076177,-0.2548748304103824,-0.24100816260538693,-0.22794052161653036,-0.17068949397690486,-0.12580498695562398,-0.13077863352208213,-0.0850895943081973,-0.079476221060385,-0.08023239755568631,-0.0553170757600326,-0.059449267460373816,-0.04959957567866723
ESP,ssp126,ukesm1-0-ll,-0.015634678721772897,-0.030023481311229085,-0.03924373658098306,-0.02946566565625256,-0.025647074038281894,-0.021865081008717986,-0.02005532547812003,-0.02180950589729433,-0.03494587990428921,-0.022502348872835996,-0.015538155468064141,-0.016299626647168948,-0.019067373051018556,-0.025912478495741135,-0.029210449041163194,-0.01842381235250547,-0.020642584730274152
EST,ssp126,ukesm1-0-ll,-0.08189235944024105,-0.08043268925556141,-0.030177293632969705,-0.07593394247952977,-0.07931846471229248,-0.06812398125193389,-0.0788323561458251,-0.10665090165144624,-0.10987932770456602,-0.07949497253124717,-0.0667104121611069,-0.11979299980783621,-0.07819459031762623,-0.11378491461575986,-0.1027189933749609,-0.09616617607985865,-0.07309416667303693
ETH,ssp126,ukesm1-0-ll,-0.1742390944820697,-0.19014543113859605,-0.12402826438426182,-0.10090241824740355,-0.059066443952975015,-0.05041429779246073,-0.0344509874303964,-0.030902034096318778,-0.01904648320514232,-0.014424994128658287,-0.02030423450416773,-0.011670211168246984,-0.010364843635709406,-0.010099009228321082,-0.008735840085948366,-0.007686903598660634,-0.0069565693148193756
FIN,ssp126,ukesm1-0-ll,-0.006993174539815254,-0.009940428679558392,-0.004989047265064059,-0.006774702153474336,-0.00990987018776976,-0.009201595837002398,-0.012523798727475128,-0.015776465555482032,-0.011294806604977654,-0.011499232207366417,-0.009497812357448336,-0.01392010034278439,-0.009496940900492095,-0.01248891929639163,-0.010719047023472216,-0.010293974805539913,-0.010988964787424595
FRA,ssp126,ukesm1-0-ll,-0.03040696891240271,-0.03039582143427225,-0.04463608971062579,-0.06596069840629723,-0.057547027928620494,-0.029487888499321043,-0.04141152895471991,-0.056135230347057676,-0.05437194765600729,-0.018928383317090312,-0.014085677348926916,-0.038440272717418185,-0.02111071683411109,-0.042615563725544044,-0.022539942429788,-0.026733591807571174,-0.015377892579311006
GBR,ssp126,ukesm1-0-ll,-0.0035019407688813174,-0.007850109916711756,-0.0136457334972883,-0.023950598112469534,-0.011381021690688817,-0.009267867024115842,-0.01536435644513475,-0.012850456769407647,-0.011550507140175864,-0.00510708610242945,-0.004302548696369899,-0.01226659684609064,-0.009463403690081279,-0.006809212328666053,-0.005531922218643496,-0.00837104786044498,-0.006686938587134055
GEO,ssp126,ukesm1-0-ll,-0.015383119383835004,-0.02353577852586143,-0.017721522006745625,-0.011384824698118412,-0.017063564058622107,-0.017620317069634496,-0.02210225276831417,-0.01529403863829013,-0.015939313750297692,-0.029855078228803185,-0.015954202299538055,-0.018542066412739658,-0.019445130086314447,-0.024450499802373217,-0.017275508912408505,-0.011442053502891146,-0.02791379756713839
GRC,ssp126,ukesm1-0-ll,-0.044979800308133706,-0.036854786827341335,-0.012818511252874181,-0.03249395974334966,-0.039416651099826686,-0.02112620959423601,-0.022241016699279095,-0.03314580566297923,-0.020865430833496186,-0.03214767470445487,-0.01374047378701378,-0.024815710882870785,-0.03247166664699431,-0.03195048169119391,-0.016029230324602527,-0.019395612903052056,-0.01279150138575791
HND,ssp126,ukesm1-0-ll,-0.0002012655331172783,-0.00011670452225032309,-4.985012386281374e-05,-5.099564328830694e-05,-6.0119792988732376e-05,-4.209322531947639e-05,-3.6406031524429324e-05,-3.9721068515828524e-05,-1.802575400685281e-05,-1.6705632077211528e-05,-1.3863329244238543e-05,-2.3440701833333426e-05,-8.558158456393506e-06,-1.4611158403373303e-05,-8.40248052306439e-06,-7.0046489408671245e-06,-1.0037264856606149e-05
HRV,ssp126,ukesm1-0-ll,-0.06168093548961801,-0.4500984989675735,-0.18194739218041037,-0.3942421185232456,-0.40534173972008947,-0.3185021194705365,-0.5250707614077522,-0.6659985666302317,-0.40965466160836006,-0.6116534133606508,-0.23031497050206526,-0.6355237495622653,-0.44655794917737485,-0.6865891233921836,-0.4077858491959119,-0.43827859169312783,-0.37252260010574906
HUN,ssp126,ukesm1-0-ll,-0.15024154065261494,-0.10239209039442126,-0.034491131445875636,-0.10931175208600567,-0.11701836618680479,-0.07613479952318199,-0.10843735737933369,-0.14206898973621196,-0.10491318012911116,-0.11187006966558934,-0.04475115355168979,-0.13204112850021266,-0.07964723022590617,-0.13840590809766293,-0.06312058018431925,-0.10011604606680644,-0.07009003369690556
IND,ssp126,ukesm1-0-ll,-0.15376683238626265,-0.09382726136946151,-0.07425208759983867,-0.06785783316415091,-0.08111974171911306,-0.053946441167736205,-0.034808554750378674,-0.052664153271672065,-0.03213957776306632,-0.02863842015859785,-0.030282607613149364,-0.020906621582478257,-0.022021448751866124,-0.018218562791227477,-0.01406533102218243,-0.0134959229265388,-0.018827622645344412
IRL,ssp126,ukesm1-0-ll,-0.0006346762134057461,-0.0014908359387666185,-0.0037926647317486095,-0.00334419883841789,-0.0023144943477044415,-0.0027178618058561147,-0.003676830705660788,-0.0031462673521685815,-0.003428159937557254,-0.002160259311940491,-0.0026916392350940636,-0.003995104932978888,-0.003321128602818376,-0.003644672455570904,-0.0032690014165174153,-0.0036476641606539547,-0.0045980403611470865
IRN,ssp126,ukesm1-0-ll,-0.05254259384219481,-0.021075175344620813,-0.02136455335729217,-0.012074864823797266,-0.010012542358967232,-0.014134414000804282,-0.013455343763747423,-0.008346666647229889,-0.011291482627287653,-0.00870892799065233,-0.007300122822269552,-0.008179262425228801,-0.007722723094037232,-0.004424327263744811,-0.005596733521784279,-0.004057902495636261,-0.006178404878292459
IRQ,ssp126,ukesm1-0-ll,-0.6155362265856297,-0.23567762157793165,-0.12989549452494775,-0.10790674285613953,-0.09246494483684156,-0.1258874969405614,-0.12732279544889327,-0.06956170593561653,-0.10429267470972797,-0.09691637995264428,-0.05328047902043399,-0.05509935622917203,-0.0609510605118692,-0.047179429943808665,-0.030317577158541036,-0.018817009068126497,-0.036436265720728354
ISR,ssp126,ukesm1-0-ll,-0.0036855645483992493,-0.0016872295918661604,-0.0007561967277343571,-0.0006471899343874605,-0.0008997434433728346,-0.001179294428259336,-0.00043885179832068254,-0.0005096111478949096,-0.0005331130875977837,-0.000937952704880693,-0.0005845201441704641,-0.0004554085879592076,-0.0005184076002472318,-0.0005285630364100133,-0.00037436653431810934,-0.00020044844456363616,-0.0003015893741057667
ITA,ssp126,ukesm1-0-ll,-0.013087693498079265,-0.01682286343942202,-0.008396741160578413,-0.016050365494999774,-0.021068138663320746,-0.012608571786225964,-0.015216155272338511,-0.019736106620255017,-0.015236664599986512,-0.016963531734097065,-0.011312500450714018,-0.017942266205811942,-0.01584383071697,-0.019878455183898924,-0.014537565993083073,-0.010885645451644199,-0.010385867554992774
JOR,ssp126,ukesm1-0-ll,-0.014403009609381557,-0.011677408575100405,-0.0037856044026404042,-0.0026001223809371293,-0.0037534056124705183,-0.004575399578712976,-0.0015783755560654187,-0.0015808351893792242,-0.0017391589429432135,-0.0024457189341591636,-0.0014322556104325432,-0.001150938751598675,-0.0011732786420536462,-0.0013545136698375148,-0.0011005171670142296,-0.0004649862443818693,-0.0008655214311502885
JPN,ssp126,ukesm1-0-ll,-0.00041659049466874595,-0.0004914563157840771,-0.000961303630679638,-0.0009470115927545156,-0.0007573281811364691,-0.0007529375220373581,-0.0011810216252714511,-0.0006862896860995106,-0.0009115642261799691,-0.001109459829249153,-0.0009644348604195907,-0.000791837944362353,-0.0005109234971730572,-0.0005588294661561576,-0.0009170298976065566,-0.0008156302818251935,-0.00048555949102910745
KAZ,ssp126,ukesm1-0-ll,-0.180156640878217,-0.09677159787331041,-0.12091096042609378,-0.0619001360157711,-0.11931975434296721,-0.08808733526827708,-0.06830515995543662,-0.0733070660616216,-0.12091984428167941,-0.08868928456325724,-0.10635469150107867,-0.07795604530020375,-0.0833756710265891,-0.08769137916369948,-0.10930566063310206,-0.0642691065181625,-0.08865941203222345
KEN,ssp126,ukesm1-0-ll,-0.021420861611016806,-0.014632607074254586,-0.00779958465466476,-0.007441948105077055,-0.0058254492577744146,-0.004583235876949124,-0.003801149869527582,-0.003301086726030264,-0.0022250096494659147,-0.001893452667234588,-0.0018478200533621248,-0.001441957159420745,-0.001168823205279034,-0.0010285002104281425,-0.0010333586174068933,-0.0009247611825391463,-0.001039331974299475
KGZ,ssp126,ukesm1-0-ll,-0.3790590906110346,-0.365167004464578,-0.19081151839426116,-0.10305018056874277,-0.09638101782841178,-0.1212325071737057,-0.12495295135270071,-0.07517968218190026,-0.05997001114202787,-0.051483339506502274,-0.05380972742861202,-0.07368451832815814,-0.0524531672801675,-0.030477415909046467,-0.04250141643446771,-0.0440767819395629,-0.034632629695425944
KOR,ssp126,ukesm1-0-ll,-1.7767067959983728e-05,-0.00011842783924138271,-0.0001665104667641324,-0.00013135008731352053,-0.0001091695631694902,-0.00018064384532640788,-0.00010841275365021186,-0.00012115899416612518,-0.0001277403557664097,-0.00012265331581434678,-0.00013356767669216968,-0.00013233412143626814,-9.461509081559559e-05,-0.00010373944067750064,-8.348688255490013e-05,-8.990811123359863e-05,-8.448564386883584e-05
LBN,ssp126,ukesm1-0-ll,-0.018202667194377246,-0.0003116832038919959,-8.650268205088573e-05,-0.0001007215378842479,-9.135953718003563e-05,-8.909773484809171e-05,-6.109654997489992e-05,-4.943926395571799e-05,-5.120039092180037e-05,-6.653959244692756e-05,-6.725911326098997e-05,-3.771863267881566e-05,-5.465317005447321e-05,-4.085501570497636e-05,-3.373371654554398e-05,-2.3654985208534923e-05,-3.0337616432054867e-05
LTU,ssp126,ukesm1-0-ll,-0.3047903120300924,-0.2563109059291524,-0.08990319837528112,-0.3650515867670045,-0.27768107548090976,-0.3435252004290335,-0.29937893291369105,-0.44331234370707406,-0.48810769757526323,-0.3682846515461465,-0.33250775398082877,-0.504874846485877,-0.3477689404742542,-0.6402663546820805,-0.40295902118383176,-0.4917291526363767,-0.5810244675848703
LVA,ssp126,ukesm1-0-ll,-0.25198507653075464,-0.20057678691781317,-0.08609482653308533,-0.24640775907543755,-0.23210401003810402,-0.20784984860490463,-0.2013508807418105,-0.2804765927120993,-0.27244181695978614,-0.2060849425883268,-0.18518472321945675,-0.2861686703275852,-0.2030361372728038,-0.2847522176430255,-0.21398642705723925,-0.2529876233088478,-0.23936301276644015
MAR,ssp126,ukesm1-0-ll,-0.05688333857227729,-0.1503707562386497,-0.10973986630741937,-0.05161595676845813,-0.04568930463623135,-0.048811162339430704,-0.03671344847427923,-0.019702657087000374,-0.0368564807964022,-0.026750947103615693,-0.02256915112280471,-0.015740674731667896,-0.02651421490171086,-0.025158924839306,-0.02357739558865856,-0.016795358892079202,-0.01882260962298821
MDA,ssp126,ukesm1-0-ll,-0.443331298374931,-0.3198494423963832,-0.16137641322351512,-0.3269910597544261,-0.22855842579246133,-0.16868888171315563,-0.13958900234625526,-0.24381998881084577,-0.12511528765171956,-0.21845200111395807,-0.11102032435017926,-0.2223941031174658,-0.13974919764723945,-0.18953015703565287,-0.09650856775982679,-0.1559026767550032,-0.17049528200342173
MEX,ssp126,ukesm1-0-ll,-0.00526016340498693,-0.00679622113736587,-0.013633374719486897,-0.010767488914016734,-0.0085690807337147,-0.007632255544369847,-0.008493483672204228,-0.004381567971108059,-0.0066804547506846435,-0.00633836022018469,-0.005049915676825651,-0.004383276707537711,-0.005382640152596853,-0.0051542252978835626,-0.005309090264244846,-0.0033867649699874905,-0.0026537645648130816
MKD,ssp126,ukesm1-0-ll,-0.1162451886947259,-0.10216870030118944,-0.028110385249901126,-0.06661427832654317,-0.07157492696608828,-0.04076452801451593,-0.048883202801333216,-0.06687481537499741,-0.07256088530595418,-0.06851185736282314,-0.03336540655584157,-0.06133077020840606,-0.08687065256399013,-0.08883430623402243,-0.0493444981317031,-0.056012523373076106,-0.04136522381537649
MLI,ssp126,ukesm1-0-ll,-0.01749735012244478,-0.022850737624563622,-0.010183100649219913,-0.01342511578565829,-0.009300308229457844,-0.006865921646668767,-0.005191298144659226,-0.003752585003512223,-0.0028619421581536604,-0.0020431917692113628,-0.0018360194520915,-0.001547951964096976,-0.00134426025143339,-0.0011101760192133298,-0.0008976808912979954,-0.0008788148592962064,-0.0008105661513643926
MNG,ssp126,ukesm1-0-ll,-0.053761892290751234,-0.05996880297269736,-0.04689118429153301,-0.054654070321593654,-0.03466160857543962,-0.030441164561616548,-0.0318375417927719,-0.01888414295898343,-0.02838389963799574,-0.02659446845697996,-0.017311535306161925,-0.018237533785689312,-0.01161201919969956,-0.020981996023641453,-0.015373412410518733,-0.012353859915087922,-0.011196119962164595
MOZ,ssp126,ukesm1-0-ll,-0.00341426734758811,-0.002883862946535403,-0.004920060483764398,-0.0027515020285454575,-0.0029370068785865107,-0.0008219053199006951,-0.0006190051780295504,-0.00034903050707506614,-0.0004104449588626491,-0.00022807040154355394,-0.00023081136606491008,-0.00039358735248963046,-0.00020300275258899888,-0.00013314262607890922,-7.174010419102918e-05,-0.00012214100361619134,-6.996477064488296e-05
NGA,ssp126,ukesm1-0-ll,-0.00018366538002865718,-0.000334153716919639,-0.0005218914032663857,-0.0003852816106062984,-8.319836430384763e-05,-9.284570732757985e-05,-0.00012926255101351893,-0.00012592725711118482,-7.442409305182581e-05,-4.137749827633178e-05,-5.368236006054185e-05,-2.6592813563074038e-05,-3.094152370036248e-05,-2.8364446310773788e-05,-2.3550943939413016e-05,-2.0271084585690075e-05,-1.3294749351277754e-05
NLD,ssp126,ukesm1-0-ll,-0.0030729223306812307,-0.002432837926525291,-0.0025094429463322757,-0.008215815362917607,-0.003594532775406153,-0.0022569516044657597,-0.0043859321078058245,-0.004258298913939193,-0.004568141325782584,-0.0026579286494616138,-0.0016076143165502342,-0.006726162211562531,-0.0037772660040994895,-0.00501884295003939,-0.002215660667140585,-0.004146541848134467,-0.0018193667493300785
NOR,ssp126,ukesm1-0-ll,-0.0023687691412968936,-0.004151169007663143,-0.0016531907761648725,-0.003554047912442418,-0.0031571747777803835,-0.002583052803982699,-0.005149015811282496,-0.004153310710806862,-0.0042581648164445925,-0.004013601436951795,-0.0024907340063566965,-0.003001936851818709,-0.0031406772583291048,-0.003268213987671293,-0.0029604102006825957,-0.003502702755113681,-0.0026219961187737974
NPL,ssp126,ukesm1-0-ll,-0.1987240759893956,-0.14235426111919097,-0.12149346092607685,-0.12253757384959543,-0.12650834750756568,-0.08076075571790721,-0.07797059260611125,-0.06849576569059515,-0.0632870679454358,-0.04982028480388762,-0.04489037999926558,-0.037392165657861166,-0.029315062317925796,-0.027307186048359317,-0.022925381795032427,-0.021857736834642205,-0.023310653474669308
NZL,ssp126,ukesm1-0-ll,-0.005908849810207415,-0.0015749788333820445,-0.0031912204971071036,-0.004906918718271468,-0.007238827233607121,-0.0050439159652437985,-0.004419058598100039,-0.00437277620427195,-0.003221382976033247,-0.003269714232817594,-0.003619957121534231,-0.002974039275124956,-0.0021754716548619928,-0.0025783468693273423,-0.0022583233546359174,-0.001875159484758716,-0.0022688597692177522
PAK,ssp126,ukesm1-0-ll,-0.4362166819069777,-0.2517502652984916,-0.1732019921167359,-0.15857520461603863,-0.1515330606039353,-0.1204073755324275,-0.08160703306204782,-0.07592630132386878,-0.05855127599482642,-0.04198727666028299,-0.040941636600555574,-0.03759690970151839,-0.03617320284343867,-0.018043602876528304,-0.024091305033962,-0.021290449050206408,-0.023031953475962232
PER,ssp126,ukesm1-0-ll,-0.005016571873468239,-0.004663325435767388,-0.004135382302463996,-0.00388642608383118,-0.00405798494167336,-0.003546110961748464,-0.0023407805080439092,-0.0024511696325855716,-0.0019404254597119807,-0.0018136002538368947,-0.002017360247858698,-0.0013858825517587725,-0.0013749433767445342,-0.0012537792869454561,-0.0011002238949105983,-0.0010309873219351176,-0.00104801424165179
POL,ssp126,ukesm1-0-ll,-0.054836706344496576,-0.0543307300256319,-0.017147382782367018,-0.08740670025978801,-0.07432054698322636,-0.05005738744529887,-0.06535761486021763,-0.08060287389633722,-0.09931207430861405,-0.07399973958531869,-0.04265730150377515,-0.11380284850842201,-0.054644877835180516,-0.12838764360417132,-0.07065878880585089,-0.09491539523136663,-0.07134074237827108
PRT,ssp126,ukesm1-0-ll,-0.00027988902062103186,-0.001218132884749013,-0.002380744544690073,-0.0013564373544428666,-0.0014556819710133707,-0.0014285680398303338,-0.0009935322169136508,-0.0008513122626444307,-0.0015389455166862187,-0.0008052557248763932,-0.0008767947854316853,-0.0008215260522872473,-0.0008801146141809155,-0.0014116994212841087,-0.0017719633592858058,-0.0011602836383685965,-0.0012631277848475665
PRY,ssp126,ukesm1-0-ll,-0.01867592354192355,-0.024226592532205556,-0.015180588961629101,-0.01186715706887146,-0.0219138495404797,-0.016453774207471412,-0.01160599964018028,-0.008956117199792304,-0.0069123677865756995,-0.009893946461896013,-0.0048290375817396465,-0.01182508046352632,-0.010418652233451753,-0.008541516958326237,-0.007682049401418984,-0.004844303633342248,-0.0057655141423202825
ROU,ssp126,ukesm1-0-ll,-0.23774203906121621,-0.24914332444138168,-0.09528637227815048,-0.19976309296449063,-0.15765919520165228,-0.12892153013161842,-0.14522284680770906,-0.203837025375959,-0.1619963807743413,-0.2130408652479243,-0.1014058428988158,-0.24000625418563465,-0.1846686125365328,-0.24627257892731313,-0.1199781350776285,-0.196175258360893,-0.18814303579153357
RUS,ssp126,ukesm1-0-ll,-0.19701296317744038,-0.14317386804657764,-0.13842537089703005,-0.07765291030897399,-0.13408898733568367,-0.11233589249161509,-0.09490028128149598,-0.09409781038235562,-0.13042132897109757,-0.11285220810799132,-0.112941760762196,-0.09104932633014591,-0.08863629882703404,-0.10321295237039621,-0.09482637154467033,-0.08375975734724043,-0.1053321420241774
SAU,ssp126,ukesm1-0-ll,-0.016941370665162048,-0.02420271379178219,-0.021673697468030145,-0.018988362964765297,-0.017066649384761996,-0.018950851371779327,-0.01670114696270414,-0.015825624021629667,-0.015953886914853728,-0.01606938149253061,-0.015405592485542166,-0.01429209084145209,-0.014154276416346142,-0.01216066645296536,-0.011905743085681037,-0.010555660746948789,-0.010153724336659311
SRB,ssp126,ukesm1-0-ll,-0.26303257711182404,-0.28454802494052156,-0.07812420816464415,-0.1955175582864941,-0.20884899911732688,-0.14218245860223805,-0.22438520912849264,-0.33533711811191025,-0.25120398728429433,-0.28958470299467026,-0.11208000208328384,-0.36676658314178134,-0.2710832650092381,-0.3784302431788517,-0.15228888001640942,-0.21887312889280144,-0.2042290980614967
SVK,ssp126,ukesm1-0-ll,-0.08914998505681965,-0.05797161766248796,-0.03180378938068485,-0.09254042786273063,-0.09034289109171215,-0.051996355631078406,-0.06981480210788016,-0.08818316739930486,-0.08516240274751212,-0.06998228602077504,-0.029697769725044107,-0.08021336814232753,-0.05462549376357052,-0.10050932889390488,-0.044390460872498115,-0.05817420114230861,-0.044386488027207203
SVN,ssp126,ukesm1-0-ll,-0.009283217251271896,-0.007464067259472384,-0.005254660497745176,-0.00888305589015826,-0.00922883581248564,-0.007108680595360864,-0.009508282602539718,-0.01208125813620712,-0.008897690644418053,-0.010377875202300258,-0.004515970631745101,-0.010156460220866604,-0.00680825937343456,-0.009776324028261188,-0.0061637160339592335,-0.005603889327884984,-0.005510323576185176
SWE,ssp126,ukesm1-0-ll,-0.00840862460090043,-0.01121871036469756,-0.004503659586033718,-0.012868389542812941,-0.00972666014054064,-0.008159252501854848,-0.013634147387301175,-0.012775945365974501,-0.01395407318025611,-0.009635762391210981,-0.006496760528184052,-0.012958033985252776,-0.010590797552733252,-0.012227122080244983,-0.00871722235915282,-0.011575917216699504,-0.008081894671607887
TJK,ssp126,ukesm1-0-ll,-0.32369235674043173,-0.25018620262093905,-0.14879745728259627,-0.07022116028538622,-0.06587354619268382,-0.07293471137326286,-0.06008954155641129,-0.04440423993160688,-0.03400823789963686,-0.026478088086060163,-0.025818887613638382,-0.03564314735471027,-0.028730155759451467,-0.016931999061427328,-0.022485667438722143,-0.02123301043817525,-0.01889619464999906
TKM,ssp126,ukesm1-0-ll,-0.3746405259348239,-0.22439870404878118,-0.1881873635687632,-0.08287716476081494,-0.1221101248628859,-0.12093144659974873,-0.1290133108926558,-0.09156644507488922,-0.08979589549328416,-0.06746087507215234,-0.06909991582978363,-0.08949672864858543,-0.08819368900484494,-0.05628240534316344,-0.07323824201795835,-0.07340009882878396,-0.07322748772977784
TUN,ssp126,ukesm1-0-ll,-0.117879537406015,-0.09965006044993738,-0.046384176328381745,-0.08100956507720951,-0.05642331228204888,-0.03828712480658359,-0.0374264870245041,-0.03764291174136236,-0.03482480511609745,-0.03559590948577626,-0.03231125515592756,-0.031555649631446435,-0.04272666808076238,-0.036886448889088326,-0.034983448979450965,-0.02720009866762666,-0.02822137431644341
TUR,ssp126,ukesm1-0-ll,-0.07145735461130386,-0.013818498767570396,-0.00664668281729389,-0.006515409012253943,-0.010513617973552065,-0.007902695570558758,-0.0078492229901178,-0.006471253530358617,-0.006462127371775205,-0.011541362819759909,-0.0059106376554875825,-0.006381146305106491,-0.007789132041938039,-0.008425958515764317,-0.004554947494381889,-0.003841808644394433,-0.008483315334826868
TZA,ssp126,ukesm1-0-ll,-0.004553338463775575,-0.004420846810479152,-0.00320975392517388,-0.0033630558852071053,-0.0020320143912609346,-0.001567045484206571,-0.0013862411835757745,-0.0011889840247422448,-0.000794842154961806,-0.0005433449023967186,-0.0004057250645328871,-0.00037181774602609006,-0.0002526263484165207,-0.00019875866871750888,-0.0001780744579117586,-0.0001672352922421951,-0.00022116128246631473
UKR,ssp126,ukesm1-0-ll,-0.9318464930559087,-0.38433972543857753,-0.17847424086582994,-0.23424116203503942,-0.23687933315790066,-0.169778480941152,-0.15197436119308189,-0.19417475888011357,-0.12685113554163846,-0.1769174947484441,-0.10925401489585769,-0.1692827659082128,-0.1143438247505168,-0.15867499919833694,-0.0909144000915941,-0.13801651236236986,-0.11423846657661595
URY,ssp126,ukesm1-0-ll,-0.010299563977539103,-0.03588741605765162,-0.09630937049403089,-0.023439365699487538,-0.03302796440761473,-0.02832244301744022,-0.018563883784299785,-0.019538311773452718,-0.01802410115399603,-0.02702918084193961,-0.013414448112802978,-0.021938148303194217,-0.022603465680363432,-0.017983763617357748,-0.011235743013710001,-0.01582007727654207,-0.01803423486080451
USA,ssp126,ukesm1-0-ll,-0.011770246793992918,-0.010232667863311817,-0.012474613681495807,-0.011984119347694921,-0.013883743959341088,-0.009352416014199286,-0.008891176856441772,-0.008396464918686238,-0.010648862830487629,-0.01289126662350905,-0.008770518337871767,-0.007043309061146665,-0.007708096140560717,-0.008744456020407647,-0.009107915967268376,-0.0072527613553532285,-0.006160845758064916
YEM,ssp126,ukesm1-0-ll,-0.03182556777703084,-0.01219010518728194,-0.008984737525892099,-0.006911747731120592,-0.004008331915684284,-0.004268273546649274,-0.0033203907595213355,-0.002779168396007731,-0.0025500636859990436,-0.0019760279019050983,-0.0019573757084657482,-0.0016502685798735928,-0.0015274990036605513,-0.001355046840136753,-0.0013594457443545822,-0.0012842051892119398,-0.0012409279591369586
ZAF,ssp126,ukesm1-0-ll,-0.011954928977104188,-0.01819932118076946,-0.020780075189470722,-0.020518533499430957,-0.012173125943136213,-0.017585173514707737,-0.007171880194089036,-0.010898519660731411,-0.009803740653672451,-0.005536904854641921,-0.008391678271060837,-0.007448547733079319,-0.004682526836435165,-0.005544137501750159,-0.004639058351461131,-0.005820122598347108,-0.005356285071618686
ZWE,ssp126,ukesm1-0-ll,-0.04140660189139738,-0.04085757327099453,-0.08005502529216482,-0.11944639037482854,-0.09165063908516291,-0.05724841474050833,-0.021781820204068887,-0.019041874717656802,-0.01823679314669049,-0.009294976481811969,-0.010606929443978645,-0.020775234667731148,-0.013356481076865302,-0.010688987833315594,-0.006514765376875054,-0.010010618353406161,-0.0074886122753272935
ALB,ssp245,gfdl-esm4,-0.1205437466836782,-0.10593954729938115,-0.12524627924016776,-0.09354612201535231,-0.08470754649121988,-0.1700278670400666,-0.11501721634245422,-0.15642909020708132,-0.13568548510707457,-0.21461616895630484,-0.19332364619847492,-0.16991459014507465,-0.17879433454286775,-0.24684629179877807,-0.23004581984806632,-0.26202689904837084,-0.2887098081731859
ARG,ssp245,gfdl-esm4,-0.013268727737726613,-0.0024881272999523916,-0.0027229485606168834,-0.0014197061591654653,-0.0017193550683056238,-0.002619289655379313,-0.001738172225188912,-0.0016046631935707784,-0.0014069539218469758,-0.0019062942036253226,-0.0016557614811545669,-0.00191855226521466,-0.0014076016740083594,-0.001061786562839529,-0.001122287641390144,-0.0009941312548497527,-0.0011372676905987552
ARM,ssp245,gfdl-esm4,-0.048034284823245586,-0.06126863449303756,-0.042148462926859386,-0.04490013355749085,-0.053188362147969466,-0.031949410006841025,-0.07530849838978705,-0.049228033698714264,-0.060141282612224956,-0.05691782933723405,-0.05709116161870475,-0.06872083747165779,-0.06597239214397609,-0.07498813851464867,-0.06929049617286787,-0.05323348960793923,-0.04876024021027336
AUS,ssp245,gfdl-esm4,-0.008227827284811307,-0.06279581111734962,-0.0793578507261718,-0.08668952174224134,-0.08156044264270913,-0.0695191350802672,-0.0573435671287503,-0.07600174425345048,-0.08836952056931804,-0.058069398123972424,-0.04939339251516968,-0.06720529784230765,-0.04298529494342872,-0.06490212356618033,-0.07032258219455233,-0.053026665470425983,-0.062354317407482734
AUT,ssp245,gfdl-esm4,-0.014225146161947087,-0.009468727559939525,-0.008300095850892067,-0.012574401445284052,-0.009558695688768845,-0.01591565922783797,-0.009952935110586831,-0.009429046145269529,-0.008897194108827724,-0.011080679505337596,-0.015325965574405093,-0.008757746443812194,-0.009347361020229178,-0.010411846826522117,-0.007623966714826838,-0.008738755995952203,-0.006617612924342231
AZE,ssp245,gfdl-esm4,-0.1246412940184433,-0.1395943643328562,-0.09415067828556264,-0.1051033518154489,-0.1294785389928448,-0.08236602650280707,-0.20578024922832566,-0.1276989000937989,-0.1481395224020668,-0.1197764079401093,-0.12305203817370786,-0.13735268376232226,-0.14083878200929908,-0.1368223034933199,-0.10936917834409988,-0.09275396318887877,-0.06594379824619734
BDI,ssp245,gfdl-esm4,-0.023617935153796156,-0.011249830241033884,-0.01240621791555307,-0.006481974096866291,-0.004602137561283908,-0.00860318458969291,-0.002787392943349508,-0.0021998026033978914,-0.0018990603704378659,-0.0015230254691298935,-0.001426813876737492,-0.0010916153986929846,-0.001063632182395601,-0.0010133020650510275,-0.0006612873812830505,-0.0006584808248024637,-0.0006470899374498441
BEL,ssp245,gfdl-esm4,-0.005448378723940664,-0.0083844228097328,-0.006955890898795723,-0.008040095236298615,-0.016032155845322863,-0.007621815721122572,-0.01527671369883403,-0.0075871600863055754,-0.00942106063019187,-0.009618297929330258,-0.01266731058461108,-0.012476389262923495,-0.008442198503820568,-0.008794391206517132,-0.0058684172709695965,-0.007656936587762956,-0.007020288008975201
BGD,ssp245,gfdl-esm4,-0.008186964466743158,-0.006522856906565559,-0.012008031676064774,-0.006299488419511393,-0.004498623385690411,-0.0049706474598310265,-0.004880863528544218,-0.0075789155559781805,-0.005796654143318316,-0.005962684134005707,-0.005042105997481483,-0.004236887184974594,-0.0045031201671528005,-0.0039264998094652795,-0.004222023728002918,-0.0038883153888636004,-0.00347860722597248
BGR,ssp245,gfdl-esm4,-0.4049230893733543,-0.36581256455022576,-0.4534404851669455,-0.2448019172796886,-0.2517510866375315,-0.33451157899896733,-0.27634775050668087,-0.31072834465535537,-0.36461376575127136,-0.46402485512654357,-0.41033166162800827,-0.3634842726691726,-0.5042052552534284,-0.5545870436777133,-0.551985783289398,-0.49117963310932,-0.5623866483595191
BIH,ssp245,gfdl-esm4,-0.06426946266716084,-0.04370358727650013,-0.03717003516015215,-0.051501988555145144,-0.03870740605449389,-0.060040336624614964,-0.04789070545848439,-0.04982333811349439,-0.0541485696841082,-0.07421142580488713,-0.10188415219852115,-0.0775954341514622,-0.09321476764238784,-0.1205944200685802,-0.11798612306188558,-0.14245219491574215,-0.17589262184604637
BLR,ssp245,gfdl-esm4,-0.034853067991786245,-0.05746332049172668,-0.03040895614383174,-0.042293401269979866,-0.0233456109683459,-0.03366216216736338,-0.03974189222117658,-0.03429862431823112,-0.035955654411353885,-0.031601983282741775,-0.035790208038485496,-0.03100770180645849,-0.03232786274956063,-0.02777170343562991,-0.025344336044057805,-0.022930202272783518,-0.025586164084543887
BOL,ssp245,gfdl-esm4,-0.009100770777790857,-0.014485599906108653,-0.03170042309988835,-0.02757986776680416,-0.02480525250629751,-0.018111836871756683,-0.013533434606241212,-0.02210632776404535,-0.01871768353371666,-0.011645426355946994,-0.012272428301596423,-0.01662045364986753,-0.014187001054660458,-0.00891300174820395,-0.0141876619228641,-0.01273734532937401,-0.00839034852700483
BRA,ssp245,gfdl-esm4,-0.0024784139171723425,-0.0062879972874684085,-0.01919568523078513,-0.006616124583178019,-0.008100149095179367,-0.010189434893481366,-0.007363238228376259,-0.0097806556362263,-0.007924432067265853,-0.008041411203535955,-0.008578377017001773,-0.009097368729838212,-0.007447649887098391,-0.005865470564063525,-0.008487896449693885,-0.008751444760386912,-0.005919566252352806
BTN,ssp245,gfdl-esm4,-0.0024873514639427528,-0.0014531939873825299,-0.0009025400468655573,-0.0005609116920225557,-0.0004627667697259297,-0.0005713169476102208,-0.0005167656374050839,-0.00045585359075993456,-0.0004695038623090604,-0.0003638957371973623,-0.0003683515363274981,-0.00032645518471879984,-0.0003220486752380258,-0.0003071218549816656,-0.00031513238923879867,-0.000365007636609634,-0.00030851726605671134
CAN,ssp245,gfdl-esm4,-0.09195189504215784,-0.014917717305931793,-0.03327076020858316,-0.02268179220018142,-0.08417935071178068,-0.04548834564876829,-0.04262663995045195,-0.06915213065446418,-0.0803870112663624,-0.05263230797197619,-0.03925383585959887,-0.05651094881996473,-0.07534156125650647,-0.07186765022013808,-0.052047954021413385,-0.048280408008788536,-0.03328005175490985
CHE,ssp245,gfdl-esm4,-0.0035002790800381487,-0.00440263621483171,-0.005042725892353769,-0.00435997187255608,-0.00516589223903319,-0.00533058302103816,-0.005850792471053978,-0.005656630478556573,-0.005072552282988918,-0.005651415786590056,-0.006054049475593501,-0.004960588585709362,-0.004974561039355257,-0.005731326884373343,-0.004085627379434722,-0.004293589311015039,-0.0035808680806328876
CHL,ssp245,gfdl-esm4,-0.012129970320922724,-0.012819973221302305,-0.008118847226992392,-0.008351141725561857,-0.007365051225827889,-0.008415428062987786,-0.01039847341729448,-0.010320058951673938,-0.008431154304670186,-0.008698745102108928,-0.011760873842635048,-0.013982921738456004,-0.007505013535652629,-0.007531593025211156,-0.008892688628224229,-0.008517103845259479,-0.008183344148144648
CHN,ssp245,gfdl-esm4,-0.04278512212801006,-0.042001008618020884,-0.03430078223598941,-0.024178312732227644,-0.034678306097295684,-0.049393480998237836,-0.033005488911071065,-0.03257249142582629,-0.03644011735445496,-0.04610045678373826,-0.047708052091954375,-0.032665585950950836,-0.04097422094538118,-0.041700812742067,-0.039718946873914585,-0.03948470621002417,-0.041454660792373
CZE,ssp245,gfdl-esm4,-0.04375119152040829,-0.057947005274768176,-0.042753771201929615,-0.06105386675053575,-0.0549002907070217,-0.07329002739784612,-0.06613181827040858,-0.05155619237911652,-0.05797901684544424,-0.06584230253993664,-0.07154912695799147,-0.052448942005212495,-0.05822339516176056,-0.06383551243502389,-0.0481094137123253,-0.05034289724871034,-0.0419086865487508
DEU,ssp245,gfdl-esm4,-0.0104299538504853,-0.015857400414575517,-0.011243601600546053,-0.01571429690021131,-0.022196388293569905,-0.018046228661409848,-0.029107275294899922,-0.018736138211958592,-0.01560214355226956,-0.022829410422463933,-0.023816118792806592,-0.0252636440767017,-0.019811097037511178,-0.01986790819702635,-0.015767272294975557,-0.016584121573646804,-0.01431049035788563
DNK,ssp245,gfdl-esm4,-0.014481400043012089,-0.022287473670235085,-0.024749560191055342,-0.02619298739549716,-0.031661344845833835,-0.030097619109119598,-0.03887377598528167,-0.031979638377236164,-0.02843612880822343,-0.03159413506095155,-0.03952491977613714,-0.03743477133104283,-0.034486377157489395,-0.03249287007465437,-0.021029906429655368,-0.02565184269014118,-0.023989641968810836
DZA,ssp245,gfdl-esm4,-0.07114567261684683,-0.06344147453726734,-0.06387677876394107,-0.0669751810576683,-0.09295207695358211,-0.09505319120139315,-0.06590057849006363,-0.09985812263379867,-0.07889140345921926,-0.06361571101841755,-0.07787946615874607,-0.07411284011748427,-0.055195663086067125,-0.07303828696871718,-0.0464821738063184,-0.0590325838178429,-0.042404847939256946
ECU,ssp245,gfdl-esm4,-0.0005474524694670008,-0.0004217470521027907,-0.00053706062015873,-0.0004170482242449371,-0.0005261887098369535,-0.00035089646869159395,-0.0003366202713525308,-0.00044520495471942373,-0.0003815152124646181,-0.00029977628106544395,-0.00031882300755705186,-0.000294474176673282,-0.0003261522897987195,-0.00020651750388128658,-0.00018640502198236528,-0.0001871987108055527,-0.00016758819133308412
EGY,ssp245,gfdl-esm4,-0.11051369408947363,-0.07157504264637894,-0.04891072195308591,-0.04086887465370333,-0.038715428112742284,-0.03398578507468171,-0.03204323034175462,-0.02718039870134525,-0.026417188480681055,-0.023395146550544983,-0.0205685305421516,-0.019016415780051563,-0.016874433535560087,-0.016028477628812824,-0.014724053963381254,-0.013320211258616927,-0.013265393615179635
ERI,ssp245,gfdl-esm4,-0.11768295088770465,-0.34075065396753335,-0.2444734070172543,-0.34297503526996814,-0.27201438401542744,-0.26547592634394607,-0.1935360815951391,-0.33843033742047574,-0.30364204412827,-0.2430665120658595,-0.21813556989433383,-0.20296649454575216,-0.17113287254193732,-0.17016569381122418,-0.15242849450633492,-0.14067062399211291,-0.11793452007920811
ESP,ssp245,gfdl-esm4,-0.019833685764702447,-0.012913037246590974,-0.01864660368467319,-0.016525498635466877,-0.02704846631652605,-0.02656968301852704,-0.02245613869387084,-0.03634971171444175,-0.02070327180054232,-0.023255555795756166,-0.03847338482558865,-0.031047449089947124,-0.027112531485226736,-0.03543470722394859,-0.03169601867986846,-0.02832858050832688,-0.01442049623428966
EST,ssp245,gfdl-esm4,-0.04764453054671706,-0.11641196273886566,-0.04932624425606389,-0.06511643386582829,-0.04215670364156699,-0.058022892150968695,-0.07380956291023365,-0.06319372569788562,-0.0888145273323269,-0.06707093991590782,-0.06279153799661223,-0.07986700640797913,-0.0715285596173485,-0.09242271214259513,-0.05793555556726013,-0.050970503797156355,-0.07246525914713159
ETH,ssp245,gfdl-esm4,-0.09404036456474434,-0.12297506939020454,-0.10118604116457937,-0.07407074919189952,-0.09433964671778955,-0.060432692201521254,-0.047315855377479156,-0.04597269225591395,-0.036460890295364944,-0.03085433617104764,-0.025643238659944192,-0.02163322086830036,-0.017642163337086354,-0.02162902343357286,-0.015033919486023917,-0.013438290026585418,-0.012692789499209463
FIN,ssp245,gfdl-esm4,-0.006990307190219869,-0.012303153141960961,-0.005075854544049975,-0.010989958251669854,-0.00762942238121071,-0.013963936981091357,-0.00968287122402269,-0.009674708948583565,-0.010477541143723935,-0.008577488828676736,-0.009289327815829203,-0.00904272689142275,-0.01028814043198712,-0.018261734271264554,-0.0068223943414363695,-0.006429251354484112,-0.009497546297050082
FRA,ssp245,gfdl-esm4,-0.029206698297201645,-0.031861696545718854,-0.0443987414073068,-0.03342612643838882,-0.05281149424287298,-0.04157106713325415,-0.04738628383400848,-0.033863343183446006,-0.036735373878021414,-0.040453513199149665,-0.039468793585108464,-0.04010978271394693,-0.04019674469862273,-0.03252905760635602,-0.028488011448707218,-0.02910821615506938,-0.023363700552068996
GBR,ssp245,gfdl-esm4,-0.012063916636317892,-0.01011874087085391,-0.016768977971710307,-0.01271293863266741,-0.010619812843547514,-0.011181188561644101,-0.013334192802382442,-0.008501111160434244,-0.008578086132093194,-0.01313402042588004,-0.013077446173298413,-0.01178546239332773,-0.01106996899428177,-0.009455924982985841,-0.00964587845846253,-0.008234742450806428,-0.0073506876700932785
GEO,ssp245,gfdl-esm4,-0.012714057148434236,-0.019661410594176983,-0.020609982641617647,-0.02065484631412859,-0.028420356252154645,-0.016632902136688745,-0.03478510071572055,-0.021039005335328712,-0.022848231610134235,-0.023739654477311366,-0.021516950202112355,-0.029355193147148573,-0.025196849298537136,-0.029150358539044255,-0.03269042639429502,-0.025981479165893353,-0.023842025246608205
GRC,ssp245,gfdl-esm4,-0.03906897182827843,-0.0209793704140938,-0.03154732125725739,-0.01716693363506056,-0.02063971839152866,-0.028730390885844274,-0.017376904454858608,-0.027036563022358844,-0.02094352611741502,-0.03619889079068478,-0.022768642130437246,-0.019252608190783217,-0.016390619628795608,-0.026640071093629522,-0.0210718662611808,-0.020017995234940647,-0.02060774261746578
HND,ssp245,gfdl-esm4,-5.630339464631044e-05,-0.00016735665628325773,-6.231187060520233e-05,-3.504825632415689e-05,-4.697789197882287e-05,-3.6401850605406016e-05,-2.644916910941293e-05,-4.269050469544398e-05,-3.1913065827877015e-05,-2.7315792673318502e-05,-1.9537511778788713e-05,-1.843784018885671e-05,-2.493126023794775e-05,-2.5555448122013254e-05,-1.2361754958473174e-05,-1.5221038651873117e-05,-1.23859443993693e-05
HRV,ssp245,gfdl-esm4,-0.05557008159989741,-0.3351246919602279,-0.26776801478383916,-0.4283918201089576,-0.32118416498765573,-0.5153079493795396,-0.4361645884332248,-0.396121873253826,-0.44420485951197924,-0.5603562936818305,-0.7778495393706139,-0.4828883196614269,-0.5499523786708855,-0.6001117637896509,-0.5321111187779379,-0.6040492687500859,-0.5472240763092797
HUN,ssp245,gfdl-esm4,-0.14641041071182365,-0.06519001214861171,-0.06914791216864824,-0.08477421831487514,-0.05371039177238862,-0.0819458404166656,-0.08802648810539584,-0.060584449322682185,-0.07423459672430234,-0.09927886444418563,-0.12013071256791687,-0.07008864875834522,-0.07758865867811818,-0.0873194496611058,-0.06946850880102026,-0.07185116901110804,-0.06800082565718116
IND,ssp245,gfdl-esm4,-0.058348769522675065,-0.09210937311885695,-0.11192966765433587,-0.06848523521272008,-0.07674088002228212,-0.061109154818922116,-0.04418867349305794,-0.0932773675487945,-0.06908010658428183,-0.049416191671211425,-0.04339211776517625,-0.04600219243341127,-0.06321440741483923,-0.04560853374856993,-0.044911909554531206,-0.0516567451948245,-0.04664965346697216
IRL,ssp245,gfdl-esm4,-0.0017223972798149666,-0.005694030742036034,-0.005344314133836299,-0.002616976270481218,-0.004153995816054502,-0.004162396164331979,-0.003821385653552697,-0.003053756079262934,-0.0037994797157693046,-0.004557746838194032,-0.003996248134740471,-0.0047044472838334425,-0.004100770827837406,-0.004538684736995901,-0.004554448857945572,-0.00430504876343205,-0.004547281055807294
IRN,ssp245,gfdl-esm4,-0.07371194916276319,-0.0203594932676535,-0.012527908818657386,-0.010755543896501392,-0.01194131363497071,-0.010394807907491529,-0.015638101215432645,-0.012047900092386418,-0.013867167583251898,-0.009601834150220796,-0.012053180671457412,-0.009457313882529702,-0.011910620811857116,-0.011063562471527955,-0.008328465114866403,-0.008217371145420076,-0.007700019381509604
IRQ,ssp245,gfdl-esm4,-0.4247640044616906,-0.0643897287998019,-0.1858582095372941,-0.07169282382444084,-0.18122390170148248,-0.1083838687689504,-0.10354067336732725,-0.12744570340219222,-0.09878180096525895,-0.1305637060389405,-0.10636899857547732,-0.08661206926732283,-0.07709399454703962,-0.07535090916953228,-0.05953120423520455,-0.05361894268194407,-0.04574583704359349
ISR,ssp245,gfdl-esm4,-0.001233049219222443,-0.0008503602704924898,-0.0010583584755795778,-0.000502643001511974,-0.001127985878068328,-0.0007215640463215316,-0.0013534406482793473,-0.0007044408228018983,-0.000953179246973794,-0.0007738412342580155,-0.0008257413563267593,-0.0006165021132488127,-0.000504538053931011,-0.0006508647502207558,-0.0004357358821116244,-0.00039983943923757755,-0.0005273338897747746
ITA,ssp245,gfdl-esm4,-0.014934773694662524,-0.011833855889547858,-0.01142350658867618,-0.013284437732085975,-0.013306050108183773,-0.018778173314189125,-0.014902663518197006,-0.01928626490327097,-0.014601480574036835,-0.020281923797482858,-0.020505398202359543,-0.01669064093333794,-0.015859874816442455,-0.018256590267138637,-0.01637734088910361,-0.018364829355502533,-0.014831856208083716
JOR,ssp245,gfdl-esm4,-0.005480128908434134,-0.006088858371711762,-0.006406704727217277,-0.002396727771820877,-0.005205579614854214,-0.003481569318074784,-0.004641478492069137,-0.0030226640858195845,-0.0028307178596882593,-0.0030244973816478775,-0.0025639726925718474,-0.0021340766328434195,-0.001471478830961774,-0.002038228931361422,-0.001353602168052677,-0.0011218632504415027,-0.001477455078945556
JPN,ssp245,gfdl-esm4,-0.0008089110964371053,-0.0006008302276485916,-0.0005983338091141505,-0.0005612959779427016,-0.0007309716740858864,-0.001018353966001798,-0.000788498661682978,-0.000909658287361724,-0.0010310538350257316,-0.0010946122513051286,-0.00110543344088969,-0.001235170877291689,-0.0011089899583499455,-0.0012781668353958498,-0.0010796896859293103,-0.0011971650961321895,-0.0010466625776604946
KAZ,ssp245,gfdl-esm4,-0.02317703341503564,-0.13054618130465154,-0.14453387442614637,-0.06672658413255571,-0.08928752515882667,-0.06311144236202618,-0.14059104515570478,-0.11520734515323798,-0.08743875874344781,-0.10611515603578038,-0.0992706110835249,-0.14644626434230112,-0.15424225880646691,-0.08139360867454853,-0.13453837293263654,-0.10852298755694642,-0.10007687822691039
KEN,ssp245,gfdl-esm4,-0.011916123318347165,-0.008716622978066019,-0.007422869130632,-0.007547389691153559,-0.008274328781135914,-0.007757018885249397,-0.005498429866002265,-0.004939176542046209,-0.003888784404746447,-0.0038629394063601514,-0.0034732964022485143,-0.0027142840467126953,-0.002509015757591031,-0.0030294790101336234,-0.0017124983483528821,-0.001847572343621205,-0.0018328719026042266
KGZ,ssp245,gfdl-esm4,-0.37329968320125506,-0.2521372744196997,-0.1775943115242076,-0.11094010855315933,-0.10271528464269096,-0.13023808733213413,-0.09269509947777499,-0.07377195233289392,-0.13131314432484567,-0.08655781203600983,-0.07589784889798894,-0.06709444211067746,-0.055893681219520736,-0.06079936204268217,-0.05293421305666327,-0.04500457334784326,-0.05494611028254792
KOR,ssp245,gfdl-esm4,-7.288826864673544e-05,-8.584441493811838e-05,-8.263538551696347e-05,-0.00014945966412367162,-0.00016379518957699015,-0.00012123202762289486,-0.00013888021830896495,-0.0001633864620475435,-0.00015573765821330223,-0.00013184105989337246,-0.00014483633006066805,-0.00016434251550998292,-0.00015117350327593698,-0.00017027326679976674,-0.00015634555262072298,-0.00015986198249028243,-0.00014994452762019544
LBN,ssp245,gfdl-esm4,-0.008397114120669433,-0.0001456299618437355,-0.00017509581267055146,-8.207697537468894e-05,-0.00013184372863687935,-9.862107068954321e-05,-0.00011690414061625671,-7.095688129341271e-05,-0.0001079494911724568,-8.485908102863627e-05,-8.561815036355104e-05,-6.764439095343594e-05,-5.764370122375825e-05,-6.538486959773438e-05,-5.851063326817239e-05,-5.209921960622075e-05,-7.969001006153006e-05
LTU,ssp245,gfdl-esm4,-0.19461061430088494,-0.31436875190597213,-0.17808055767829656,-0.2613407018654851,-0.18107055496007293,-0.2985114689640543,-0.37785406205960625,-0.33452283092269286,-0.464725373864534,-0.38927693604037844,-0.43568723628552747,-0.4631039164272611,-0.4804993279423812,-0.47163590908945624,-0.3951624056603177,-0.4011222650091736,-0.4767805004285996
LVA,ssp245,gfdl-esm4,-0.1585922436918911,-0.30282244389552654,-0.1606216978731893,-0.21580223748569222,-0.16403365159051095,-0.2320697391500248,-0.27240512550351464,-0.24135750179028176,-0.3290249566688281,-0.26432750097531693,-0.25519525349558686,-0.2899305108418385,-0.2908261224003609,-0.3094285673770513,-0.22639579269131696,-0.20117688432204103,-0.2433215539834795
MAR,ssp245,gfdl-esm4,-0.10611465909816768,-0.03580232333575502,-0.049754657237221174,-0.03898974109026351,-0.048664870722679276,-0.03774950380453966,-0.03365170130554501,-0.05338200610545615,-0.03707802093812549,-0.029564288756408055,-0.0394207299898237,-0.03440337976917351,-0.036488923212845116,-0.03645423785356716,-0.033796669428387806,-0.03172729269854813,-0.01573754014364442
MDA,ssp245,gfdl-esm4,-0.16925912271180096,-0.22919042421704344,-0.13339684641909236,-0.1305567161668751,-0.11125292452109135,-0.2080345561148602,-0.17403915548267876,-0.14835825439192574,-0.18310172920319098,-0.19380338130344218,-0.1749668456167987,-0.14532456592491566,-0.16971098113996133,-0.17971929593684016,-0.16211202667501978,-0.1458997672048951,-0.1979558844845517
MEX,ssp245,gfdl-esm4,-0.007002345453908419,-0.00931368479546869,-0.013322717092904671,-0.011368688946881322,-0.012438015919852944,-0.00634500673472969,-0.010352700469052997,-0.00955744166536995,-0.010021876438133886,-0.005989011944609976,-0.008849390733546491,-0.005742936347075344,-0.006841732087949005,-0.007860763770345924,-0.007425492740521939,-0.008006208490421517,-0.005187343462038564
MKD,ssp245,gfdl-esm4,-0.08435459631236794,-0.05267891723619489,-0.06398501726182929,-0.042889612792696534,-0.041144275159193215,-0.065792315738912,-0.04124777112490185,-0.05949986359202445,-0.04540859774573926,-0.07435584896326972,-0.06124917539221621,-0.04572024716986283,-0.05037029372763537,-0.07426760298805936,-0.06897453473122697,-0.06225264267410044,-0.07722208412525614
MLI,ssp245,gfdl-esm4,-0.027600232381216575,-0.02094943763779743,-0.012628354460614234,-0.009282271526039219,-0.005316512920968346,-0.008124088425689211,-0.006021007301371358,-0.005584408045171406,-0.004496210498684903,-0.003440968211669709,-0.0026595303490358014,-0.002333925097835522,-0.0019752862500705686,-0.0015101803298497294,-0.0014227617030600206,-0.0012238696821768968,-0.000967001112035532
MNG,ssp245,gfdl-esm4,-0.07487933591835548,-0.031743364332738916,-0.036832545638688104,-0.04627994479715915,-0.04084955807055747,-0.0477802488161541,-0.03591277825093215,-0.02964119527419759,-0.031214066361627817,-0.024952255296587324,-0.032850701184104526,-0.022575003136767028,-0.023739751168650493,-0.02695019156297523,-0.02136199907976955,-0.02098137109852332,-0.019422104915290284
MOZ,ssp245,gfdl-esm4,-0.005156616814574225,-0.00357929247525261,-0.0035074830166628235,-0.002142654406115358,-0.001731314808221662,-0.0013928222192775325,-0.0011209170753479932,-0.0009212844893089212,-0.0008454646525590759,-0.0006000742657567318,-0.0005100057201971892,-0.00039997569407581777,-0.0004103989351886668,-0.0003902902790448864,-0.00026319067600286106,-0.00021149646290294315,-0.00022092362239724918
NGA,ssp245,gfdl-esm4,-0.00015079273465317335,-0.00018374835061891792,-0.00043311756817704096,-0.000134930764952732,-0.00014662823178064087,-0.0001962992523442868,-0.00010620862370449194,-0.00010963875650026564,-0.00010695100407265285,-6.876564402181284e-05,-6.063069467751075e-05,-5.178726495003176e-05,-4.749097051457394e-05,-4.32194475324933e-05,-3.742153037258383e-05,-3.164772688240289e-05,-2.211327629970948e-05
NLD,ssp245,gfdl-esm4,-0.0013151413540947736,-0.002279589721100661,-0.0015688632013081134,-0.0031655729037837798,-0.006540965335536691,-0.0030610578027318405,-0.005119462116173446,-0.002993870967934647,-0.003046731580242807,-0.004036346683641005,-0.0048755989947907976,-0.00609714441415479,-0.003525788590311187,-0.0037565103211343515,-0.002655755168014904,-0.0030739661356351464,-0.0027424040462561885
NOR,ssp245,gfdl-esm4,-0.003456101241356346,-0.003909939233206288,-0.0024658875577958025,-0.003639131983453134,-0.0028583258989462886,-0.0040840882764229605,-0.005817807630405337,-0.0041992374551891865,-0.0041991332470206,-0.0036547003207170596,-0.003853328775739491,-0.0038132515898681536,-0.003669694041151693,-0.004062110175692568,-0.002584714639901988,-0.0028923946640269315,-0.0028465573627717137
NPL,ssp245,gfdl-esm4,-0.11918167616146093,-0.13158645238882397,-0.15160752731067978,-0.12656122358979457,-0.1042089003086896,-0.11948460210295937,-0.11796152236553295,-0.14922806844502748,-0.1225472332149797,-0.09809287892138757,-0.11590683945837724,-0.0751931149917031,-0.07547019333050937,-0.062287042614046786,-0.05625641157422151,-0.06519069229941817,-0.044714574648813274
NZL,ssp245,gfdl-esm4,-0.004224835012236933,-0.003310292997899117,-0.004177447449936634,-0.004465693933058381,-0.004387000287286925,-0.0048425143249810135,-0.0050264775188639125,-0.004430623623464607,-0.004924900019091282,-0.005157476157620167,-0.004476721528012176,-0.004663576326419737,-0.004115840393468217,-0.0044676598672910494,-0.003984068332228116,-0.0036196183288246353,-0.003125751906729681
PAK,ssp245,gfdl-esm4,-0.30441190989918515,-0.1096171927372773,-0.07026750732091964,-0.08827948696809859,-0.0712477503813747,-0.0821870758484804,-0.03263442558720486,-0.0702521362244448,-0.08161347952062578,-0.06232521484099158,-0.038727664832387626,-0.028233367335430165,-0.048788074280899166,-0.04117513687661585,-0.03418537030023961,-0.030286913375566278,-0.02890256396376967
PER,ssp245,gfdl-esm4,-0.0021851508092249777,-0.005503276295738763,-0.009646397484996662,-0.003834751397136308,-0.0046594044415230905,-0.003654434372052242,-0.003966410838890832,-0.003044967180141884,-0.003214127776215719,-0.00274559921108039,-0.002875784786769165,-0.0033145363363982243,-0.0025093951356714257,-0.0022855849945819014,-0.002847329442292752,-0.0020916967390805915,-0.0021725506504430103
POL,ssp245,gfdl-esm4,-0.03414671441394511,-0.04771259515708293,-0.034508698261911365,-0.04630740304576454,-0.041747896454043774,-0.06177649535515635,-0.09304569384082209,-0.05389002859190891,-0.07445056742456221,-0.05936773482464264,-0.10272753184366427,-0.0799572159990019,-0.07635659092662322,-0.07814423850916623,-0.05946868022869592,-0.06795572538998827,-0.06804652779608608
PRT,ssp245,gfdl-esm4,-0.0007735203572777155,-0.0006404364424454929,-0.0011627190219826466,-0.0007844090971322041,-0.0012875753546782113,-0.0013509549733979468,-0.0011266384124861402,-0.0018607644538185986,-0.0012278553046581812,-0.0010906907427669843,-0.002211972573049496,-0.001727898509327461,-0.0015410243282205302,-0.0019042677270757098,-0.001542438395792933,-0.0012598268710576385,-0.000849723012668284
PRY,ssp245,gfdl-esm4,-0.03169448653105997,-0.011308526826127705,-0.03049886150129091,-0.014485134527722106,-0.01536627733665527,-0.019416563521565972,-0.013736484059415669,-0.015054393742082402,-0.01197113114723902,-0.010331741784267635,-0.014506033548901504,-0.01095575021730667,-0.010628011727900366,-0.006976038560763733,-0.010250866379408885,-0.01047038113680568,-0.0071033896758502715
ROU,ssp245,gfdl-esm4,-0.10742921600833213,-0.12584020167532664,-0.1304879834733919,-0.0919608326006276,-0.08818818484726357,-0.13820380487832107,-0.1375032131269056,-0.12090440656514073,-0.16364379114013278,-0.2160355839984684,-0.19543095268536737,-0.16738530674147492,-0.2052388209980782,-0.26728251596772673,-0.22935856941892854,-0.22075562230126208,-0.28359116644153537
RUS,ssp245,gfdl-esm4,-0.08585773762839577,-0.1835301937561595,-0.1669405517083082,-0.12979111747001434,-0.12561345591517897,-0.08370465424811288,-0.17197755635182962,-0.12669360900110266,-0.12791215190125288,-0.11801396069591825,-0.09684761331963103,-0.14886984745660126,-0.12908092986047268,-0.08841458973967754,-0.14548901332218053,-0.1063404744235133,-0.10606506371013766
SAU,ssp245,gfdl-esm4,-0.01735146830394557,-0.017361480293941776,-0.020336187085441767,-0.012969659067138688,-0.01864315954673568,-0.017728225877458707,-0.01717196519648983,-0.01810733586974702,-0.017490740158510296,-0.01774784805695858,-0.016825595433468937,-0.016462191366802322,-0.017074532391489435,-0.014844705150487305,-0.01481004018372272,-0.013402898009636906,-0.012871558175884982
SRB,ssp245,gfdl-esm4,-0.21929675461003673,-0.14488655294807762,-0.1558464100451774,-0.187431343548165,-0.1391275641980971,-0.21988415562241198,-0.20944494432406244,-0.19235329313469302,-0.20130441392213536,-0.2994163594132574,-0.3024300058266043,-0.23123068518547943,-0.2536548710429388,-0.36564313881882166,-0.27529839640105336,-0.29456661821348157,-0.3607197539098309
SVK,ssp245,gfdl-esm4,-0.0950219453778971,-0.04605075635220163,-0.04485891661551428,-0.06927945101003344,-0.03604401947281963,-0.05873668601808691,-0.050843691423217284,-0.03885371990829571,-0.04775433747126806,-0.05302570757287024,-0.0768684252729321,-0.04197248551195914,-0.049017982909288306,-0.05821042661574412,-0.04215588750381124,-0.043568950767363133,-0.039954234809665284
SVN,ssp245,gfdl-esm4,-0.015366175940659475,-0.006206260738846112,-0.005364042668029444,-0.00847509809783828,-0.007426965928071341,-0.009064825696908776,-0.007623653647824229,-0.007369464865064727,-0.009082941814427061,-0.008923987055945133,-0.011712527298831495,-0.007991901752522455,-0.008118315039024713,-0.008127232475140066,-0.007376184424050693,-0.007701050741833376,-0.006568048003606256
SWE,ssp245,gfdl-esm4,-0.013699958381067332,-0.01273875938715125,-0.010026956926675133,-0.01016327276293286,-0.008682126542002839,-0.013830396867779045,-0.017084154302524374,-0.010191977980704026,-0.011053050249822739,-0.010759762894165978,-0.013649328368671308,-0.015152440225270724,-0.012298582547780717,-0.013322686530920684,-0.00736952985058261,-0.007227995723548466,-0.008534958076647382
TJK,ssp245,gfdl-esm4,-0.2540925409568055,-0.2747055688432797,-0.15284140785008726,-0.09484876229123834,-0.07921306006744559,-0.07095089020314631,-0.06886352966256808,-0.04464591367129056,-0.0874476557412532,-0.041228195337809616,-0.043236141027665584,-0.03496258082251612,-0.03761229938663426,-0.034532398877247274,-0.02606995730523233,-0.023142065216234728,-0.027297983156429822
TKM,ssp245,gfdl-esm4,-0.3596104434078322,-0.2860631676885682,-0.1260181377674977,-0.08881311655009688,-0.08210787518092168,-0.05794513008166935,-0.10489987133863342,-0.07847420106051846,-0.10420651589257843,-0.06135029165279153,-0.08330118835968418,-0.08182097144790083,-0.0928133573645737,-0.08024282534850095,-0.08229446553680313,-0.07070584632925474,-0.07776633379568909
TUN,ssp245,gfdl-esm4,-0.12441521328269292,-0.08979265878719005,-0.06842644304619526,-0.0544143595076725,-0.05167125836409456,-0.05353394232200491,-0.04792066407896344,-0.05032996483165313,-0.05149442782772828,-0.04366080450640135,-0.05128865955086201,-0.04850236493899757,-0.03592493308457624,-0.05296847731356562,-0.03205693851494734,-0.045990538208270676,-0.04117132507547697
TUR,ssp245,gfdl-esm4,-0.050937246510464905,-0.007392777171137889,-0.011964130184659699,-0.006246330425428334,-0.013247054904913552,-0.008398040360009178,-0.008524516597279498,-0.007919639626865638,-0.009889277281566295,-0.010826988533406233,-0.011697769507247022,-0.009580179523384264,-0.009312414425576239,-0.010295275632020668,-0.010946474930486203,-0.00795164841095202,-0.0106177134302032
TZA,ssp245,gfdl-esm4,-0.0035619969478638096,-0.0028937849586677406,-0.002868258906177597,-0.003242212734419691,-0.0022587478322705643,-0.002941844201067868,-0.001985928219517294,-0.0014483414829031605,-0.0016508739625651675,-0.0012812474915411215,-0.0010587935380794446,-0.0007720601228649822,-0.0006738199362043355,-0.0006168400076374746,-0.000399320151510851,-0.00047602746995200593,-0.00040840900191777685
UKR,ssp245,gfdl-esm4,-0.36478475358254386,-0.344983795077784,-0.24367915243315302,-0.22417046971897445,-0.13677491166016487,-0.2093526504786649,-0.19867833620281347,-0.14334093329147357,-0.19057608483487076,-0.17007146520438202,-0.14820788876920768,-0.1455171799582384,-0.15627283450984766,-0.1241305389279351,-0.1366202946755359,-0.11385158082678548,-0.14435038160739322
URY,ssp245,gfdl-esm4,-0.025389088031324933,-0.034712480381742496,-0.03405457762535332,-0.01922146189260505,-0.02341343970473034,-0.046177196496107444,-0.025911092682019198,-0.02617625853691599,-0.030434019978774516,-0.03595925460035561,-0.05651953599766045,-0.03175802485786737,-0.03198022725541338,-0.026204154524332047,-0.03182005329220879,-0.026222358186002562,-0.028516705801734273
USA,ssp245,gfdl-esm4,-0.009910583033576057,-0.006229921769988369,-0.004183440241660003,-0.00621813918423395,-0.007016526575445485,-0.007247286168243411,-0.006254794561405522,-0.005625764336878243,-0.008219724514244745,-0.007605895511438539,-0.006792218220101734,-0.00823856757909049,-0.009167226201299122,-0.00753446331814705,-0.008574195950921185,-0.006817324717965806,-0.007221032535505556
YEM,ssp245,gfdl-esm4,-0.002049018771569208,-0.007972187535301566,-0.006206722865170709,-0.003645299371883085,-0.002930178525833171,-0.0027179111240637002,-0.002002144954527486,-0.002824578666895252,-0.0019742207468325043,-0.0013778756593594494,-0.0011670766590370814,-0.001501959663663801,-0.000742342978715388,-0.0013193568363339216,-0.0009380170682824589,-0.0011511785915113617,-0.0009652761345997161
ZAF,ssp245,gfdl-esm4,-0.010074719651288075,-0.01624627047306554,-0.01574867690043616,-0.016418942816522054,-0.010946206674224397,-0.015386373789580526,-0.01154211900259869,-0.010925627354592241,-0.011359426318470821,-0.011845505799499875,-0.01068378228881399,-0.010348518278155304,-0.011461356685205981,-0.008720953070615696,-0.010832399028737706,-0.007836542305368689,-0.009896862348528993
ZWE,ssp245,gfdl-esm4,-0.05741382156001925,-0.05450825610860067,-0.10270594867916652,-0.0404563133703148,-0.04589942590531354,-0.03704061525152128,-0.062238704969223034,-0.03651443537458073,-0.0362177172118873,-0.02478625641943533,-0.02828022719228734,-0.022368071659671498,-0.01595981618010305,-0.023562067514656695,-0.01708892932932961,-0.012663161126873221,-0.01529198674036412
ALB,ssp245,ipsl-cm6a-lr,-0.07226440904300731,-0.027989160957395266,-0.0885065617676659,-0.06058500765504687,-0.13044070397036103,-0.09612889837431504,-0.1946560656145796,-0.1666274850877676,-0.24732962945020232,-0.21137764790844768,-0.21170924598091348,-0.1914372671004673,-0.22717685945822258,-0.2094478995104353,-0.2860548538824314,-0.2814708276729414,-0.24081664867987834
ARG,ssp245,ipsl-cm6a-lr,-0.014323226335630816,-0.0036426390943270345,-0.0042522579262932285,-0.0015735934579522138,-0.0021949283265676215,-0.0023789569147070365,-0.0016654475776119078,-0.0020667482020210407,-0.0023661398602712247,-0.001397846126307762,-0.0017741315591101958,-0.0019373994724389534,-0.001657540430787707,-0.0015120463259986228,-0.0017675116364671587,-0.0013179141194048522,-0.001560435340214524
ARM,ssp245,ipsl-cm6a-lr,-0.026967205977630547,-0.037941745418471964,-0.030584788244593163,-0.05318207290312636,-0.05947332522885469,-0.04078903907037537,-0.052854248655665154,-0.08863540090666078,-0.07328665446857716,-0.10276628342453407,-0.06921668663787169,-0.07832834478742173,-0.10160849192650376,-0.08216149185405869,-0.08784983356684894,-0.10531864324726903,-0.07149902924816669
AUS,ssp245,ipsl-cm6a-lr,-0.013963416391595202,-0.0960505149104076,-0.052489761937612026,-0.048770771390277995,-0.09360770575875066,-0.08020646288288104,-0.07891839256690089,-0.09862889687766702,-0.06348293882514255,-0.05839347023066246,-0.05950814367629908,-0.08431365982951139,-0.06925513596398222,-0.08814097202042566,-0.07711016800049506,-0.06550486066113376,-0.05783078470938846
AUT,ssp245,ipsl-cm6a-lr,-0.004045892776347499,-0.004011330548907817,-0.009441865859684612,-0.005617049272576863,-0.012393267860270988,-0.009791457266171543,-0.02261514192000597,-0.013063258279034701,-0.014290196645009585,-0.018056645646658223,-0.01884557043399999,-0.015156128590983559,-0.010441122097313337,-0.009106971264442442,-0.010763998182477965,-0.01047727790161316,-0.008926115239398843
AZE,ssp245,ipsl-cm6a-lr,-0.0878754153964786,-0.07980683417215757,-0.07354922179491362,-0.1325272129467464,-0.16265205290017415,-0.08929472086376786,-0.15310741452818713,-0.2127795557827133,-0.16778786311650332,-0.21054943683652946,-0.1405537093927573,-0.15858816809641968,-0.17881040225348366,-0.16438432624142543,-0.1519622090887051,-0.1471500878382962,-0.11796052329205896
BDI,ssp245,ipsl-cm6a-lr,-0.01078821455088687,-0.01752560516913923,-0.006344378780977756,-0.0060237861897576486,-0.006051518636282909,-0.004341133349990209,-0.0030780548649994104,-0.0023647508048321546,-0.001810706085515461,-0.001511952435562685,-0.0013105266957651694,-0.0013122117727703828,-0.0008987308164005269,-0.0008362846685991467,-0.0007271363052663512,-0.0007781128782447143,-0.0007274285242626396
BEL,ssp245,ipsl-cm6a-lr,-0.0024504528575794346,-0.010190170940107655,-0.008983566617545442,-0.003906304798180887,-0.008808356897739452,-0.010978662568358154,-0.009726763473728616,-0.007305624614704646,-0.0076104817260179295,-0.012986870845293227,-0.012516565752296436,-0.012940744103963477,-0.007748622082446086,-0.007778802076398512,-0.008244841959452728,-0.0072983114514376096,-0.00847654938473096
BGD,ssp245,ipsl-cm6a-lr,-0.01931902922797618,-0.009158662389737731,-0.007492115830006752,-0.008014974866469597,-0.009099763464212074,-0.008292788470448606,-0.006447262918187536,-0.010459067841738019,-0.00867149504003338,-0.006058763067750399,-0.006063067998766442,-0.006543615955318063,-0.005352272937803439,-0.0062552083419864,-0.005805602358948641,-0.004399986632187485,-0.006247066330700771
BGR,ssp245,ipsl-cm6a-lr,-0.09424775261115713,-0.09553131172504271,-0.44312745970672923,-0.2666421450142365,-0.3917906269508007,-0.27609121814465715,-0.6351495863293815,-0.46021264034698595,-0.4359266396376674,-0.5548309819873749,-0.5240216166864857,-0.5905173645149541,-0.5750724942633645,-0.4457308947185023,-0.6676588222516912,-0.6805697583750553,-0.6241087043906431
BIH,ssp245,ipsl-cm6a-lr,-0.05098862161157596,-0.012440238937428877,-0.04079569152358724,-0.01867630701959652,-0.08164737338315212,-0.043198744823149456,-0.10847870449389027,-0.06666533763322356,-0.09432398272442245,-0.13679887394141138,-0.12090497039069739,-0.10817026438973301,-0.11280841346287236,-0.10947917820184683,-0.1852995856099515,-0.1697467215518326,-0.1497937122167905
BLR,ssp245,ipsl-cm6a-lr,-0.04002481716799676,-0.03329716910101887,-0.05550300000832655,-0.02762494731024286,-0.05809177295504456,-0.052927817050894256,-0.05596039230995071,-0.028552818345117015,-0.03310737185299408,-0.0548164744186674,-0.04707186322620628,-0.061441208231196635,-0.029285963043383996,-0.03166293025621884,-0.0449826558719271,-0.0291317984966223,-0.03354134282604086
BOL,ssp245,ipsl-cm6a-lr,-0.022387528951372655,-0.05096170339443973,-0.01378590445151731,-0.027874268500354658,-0.03136839873264016,-0.01695203419979291,-0.029306142571916098,-0.02180197657056127,-0.020711426071593344,-0.012633267220963288,-0.013232149248097229,-0.012468152186858919,-0.011893116086497998,-0.015312245807785833,-0.013763978077923678,-0.009721215153325835,-0.0117870515058974
BRA,ssp245,ipsl-cm6a-lr,-0.0021332584921336826,-0.0121710580620531,-0.009529367805561885,-0.006224829038585426,-0.010875475798249977,-0.008018242322654044,-0.008133443676710199,-0.009076922038964073,-0.009577541001523181,-0.012876514491296204,-0.009424248384336325,-0.007879735179724536,-0.007429927797009734,-0.008921755907443351,-0.012100892169622627,-0.00753546147303087,-0.008096619723625246
BTN,ssp245,ipsl-cm6a-lr,-0.0032490341785835447,-0.000649219911066288,-0.0008988867244623665,-0.0005488607001942573,-0.0007331827906136518,-0.0005608049782280263,-0.0004492004785193566,-0.0006771643131831162,-0.00040942557560241886,-0.0005670174412498791,-0.00039097069313976995,-0.0003651344774355497,-0.0003423937407707227,-0.0003827159695953369,-0.00037064743671461357,-0.0003096388835680948,-0.00033141897185782056
CAN,ssp245,ipsl-cm6a-lr,-0.04558722698144565,-0.06087956097786629,-0.017525886821220176,-0.057794549739184416,-0.11319024055354394,-0.0492069961779086,-0.07598433487521616,-0.07790391615987288,-0.07563240515880973,-0.06798082671181205,-0.11408162009667389,-0.05355605737166544,-0.07409289242879111,-0.06381856691219781,-0.08222275854573514,-0.06500998940441893,-0.04353775040369641
CHE,ssp245,ipsl-cm6a-lr,-0.005964192170542421,-0.003980925991951905,-0.005341900605056965,-0.0022034010574950363,-0.006381965751629516,-0.005857204880267678,-0.011072792952599006,-0.008107545253647092,-0.005778660368965616,-0.008529309222296142,-0.010544521895485947,-0.007626287484471007,-0.005255668988246114,-0.005117641684191012,-0.005081195603822142,-0.00442710465590036,-0.004440075316377479
CHL,ssp245,ipsl-cm6a-lr,-0.008088124995832115,-0.010074376665935126,-0.00980392479342346,-0.011831123717532942,-0.009694642993511061,-0.010217050030341308,-0.00792907494405936,-0.009462578562193848,-0.009742792819121002,-0.010086979558046797,-0.00969540030954968,-0.009203959892025956,-0.00991246388357902,-0.008729383324973068,-0.008846294168767902,-0.012230465794780765,-0.009266928898262815
CHN,ssp245,ipsl-cm6a-lr,-0.03965552657675778,-0.046602625852016355,-0.028304831751708177,-0.035205927644330885,-0.037773270716134594,-0.037668645005343164,-0.04081184963996035,-0.04236393576600915,-0.048103837775321324,-0.04207100786799523,-0.044713814054458026,-0.048460913156285285,-0.04621279138031354,-0.04760943295337124,-0.04617089342982047,-0.04866157230655069,-0.047709483074942674
CZE,ssp245,ipsl-cm6a-lr,-0.02468246045682778,-0.03503416080601542,-0.06063124225549202,-0.029868652971810742,-0.07199086839050152,-0.056343990356869544,-0.11461123018047638,-0.06613829411922038,-0.07890317427152345,-0.10110544289713959,-0.10321284895970695,-0.10137274579871114,-0.06729412810755839,-0.05278990761971237,-0.062033265063223965,-0.058798167431873896,-0.0538757949590544
DEU,ssp245,ipsl-cm6a-lr,-0.006270554456390947,-0.012544731600015456,-0.018255424538437988,-0.009297455034628952,-0.01851018555845838,-0.017921526997652468,-0.02606188834177895,-0.020878827565600062,-0.0199413109173586,-0.030852760182021276,-0.03379053100884875,-0.03525169381113912,-0.01847842175681171,-0.01723239997825006,-0.01927818835096111,-0.017011507790044247,-0.01947392066798251
DNK,ssp245,ipsl-cm6a-lr,-0.010406061098195911,-0.026891209022563742,-0.026462633116277137,-0.03192825338694729,-0.026775634535908956,-0.032256131421595835,-0.022476064810483202,-0.02924364502954076,-0.036442095755067155,-0.033453532616025274,-0.04713739987689187,-0.04532077428777445,-0.0298005117399028,-0.028997710569261054,-0.028805472530718083,-0.026381467967800817,-0.026475921505808582
DZA,ssp245,ipsl-cm6a-lr,-0.12987259495630363,-0.09778728838359851,-0.09576476559304757,-0.05647398527727435,-0.10558323318763786,-0.0682904179344726,-0.11135262649927408,-0.09017591992332007,-0.12076046683531295,-0.08336100092812657,-0.06124505711692445,-0.061833698422498834,-0.061679540276417526,-0.052224385012127755,-0.05441474673766376,-0.04955919879136345,-0.03861886513840064
ECU,ssp245,ipsl-cm6a-lr,-0.0010965147755402163,-0.0006296197163315086,-0.00036908411187885627,-0.0004083285768640277,-0.0005087736155385424,-0.000362851841739923,-0.0003975088008767804,-0.00035494357047554113,-0.00039015311774327457,-0.00035351833547662964,-0.0002813380548018612,-0.0002570950307176236,-0.00024012000925764922,-0.00025146543447666627,-0.00022731751272567061,-0.00020743532452531781,-0.0001876173729687638
EGY,ssp245,ipsl-cm6a-lr,-0.04039137244119385,-0.043697347598916,-0.04651258352467362,-0.05147946448185184,-0.04125233778292466,-0.03013372808039156,-0.031036925970747423,-0.030222533652684066,-0.02688962790946241,-0.02307738761308255,-0.01919153103585162,-0.019705868304190622,-0.018895053556269536,-0.017450114527820006,-0.01636491459984697,-0.014816485908274085,-0.013376302060261547
ERI,ssp245,ipsl-cm6a-lr,-0.22568358838459918,-0.22979142313369422,-0.009020004928496365,-0.18183031821023973,-0.15086391816004557,-0.37018249697229066,-0.32880978021689267,-0.36663262014415665,-0.2792340023900818,-0.19499803861756088,-0.1526999809412401,-0.1768199852727266,-0.18115112642604567,-0.201161491904194,-0.14947025288383337,-0.12097245688397383,-0.11403282956182806
ESP,ssp245,ipsl-cm6a-lr,-0.037747436223960956,-0.012045131620590784,-0.02623784270705755,-0.01812431800386333,-0.040670228617879486,-0.03990771349048413,-0.04787288776995552,-0.03329981628193469,-0.0363361257563783,-0.04089097950002599,-0.04054369309191141,-0.03342110912353351,-0.030812240154413743,-0.032168327268625396,-0.035498805316409254,-0.027528974060372732,-0.027703993167056483
EST,ssp245,ipsl-cm6a-lr,-0.05085703252333634,-0.07262791112799843,-0.10246194746131426,-0.08437682102179574,-0.0683953888554233,-0.09823373633149467,-0.057471104532538925,-0.05866600813586731,-0.06507993383598332,-0.06683828248228686,-0.10059829305638739,-0.1262114455008689,-0.07025171019565102,-0.06226989033505665,-0.0707300472682634,-0.061827589001508795,-0.07770313043146097
ETH,ssp245,ipsl-cm6a-lr,-0.15082496590964933,-0.1256271637307697,-0.08160045947259023,-0.07959114122360324,-0.08225746597897313,-0.08674418443929442,-0.056832021207722794,-0.04570663707155883,-0.03797075357414989,-0.030387440266236843,-0.02487500335996237,-0.02122069684850675,-0.019288980536284424,-0.019165228051912838,-0.01630176811895558,-0.013874680900436575,-0.013246176917374484
FIN,ssp245,ipsl-cm6a-lr,-0.006217294376329996,-0.005895809484283989,-0.009398272313545002,-0.007590547982686861,-0.010022616491555553,-0.013542236890113938,-0.008190733214964175,-0.010229354467669675,-0.010590972889761572,-0.00932673169366632,-0.015391435594858786,-0.018800069137647077,-0.010856263252281959,-0.010785431020184534,-0.010463846096022144,-0.008741599016929025,-0.01208661614251652
FRA,ssp245,ipsl-cm6a-lr,-0.01810412929633041,-0.032166962388357735,-0.034779832473330656,-0.02000731513726845,-0.03601450626036254,-0.06293673622776107,-0.062038841513169816,-0.03864540797150679,-0.03561633247004513,-0.06794248883294027,-0.06414632040087445,-0.05094084600376895,-0.031277584309069,-0.03170713150112971,-0.0397681725527939,-0.02900619895083238,-0.04087425831850599
GBR,ssp245,ipsl-cm6a-lr,-0.0012942664704972862,-0.011764787100481925,-0.0097241755638837,-0.013309195889216788,-0.010935045605935766,-0.012711325805223682,-0.011233616019761361,-0.010829674858581445,-0.00992354219158615,-0.01889746583554269,-0.020036516298107935,-0.012618019821322591,-0.008877289900768075,-0.010510276152877699,-0.009341688445856538,-0.008780467019747192,-0.010287394673622639
GEO,ssp245,ipsl-cm6a-lr,-0.009037869520228106,-0.018419448246352447,-0.01596361353713036,-0.023022776880440184,-0.026847630929147732,-0.015462923486760484,-0.02429971068008047,-0.03235124590343505,-0.031192059249236504,-0.04035511274467684,-0.02437381251604895,-0.034932503337057365,-0.04251610653704084,-0.03663127021815485,-0.03143833515118938,-0.04661863719304847,-0.03131110436094935
GRC,ssp245,ipsl-cm6a-lr,-0.011038250261388619,-0.010134960655436398,-0.021603720595415654,-0.019877007328257194,-0.028465349372341877,-0.018670529419515483,-0.034028666182829674,-0.028197920816611696,-0.037966492816142956,-0.031166798840164597,-0.029379145068183718,-0.027152142259067702,-0.03224862165838728,-0.02071571946078945,-0.02625254347682496,-0.024858874236719515,-0.01768691393810402
HND,ssp245,ipsl-cm6a-lr,-6.769849167911877e-05,-0.00012336449969113406,-6.121405515322839e-05,-4.140022728245525e-05,-8.607789848059034e-05,-3.6084163932287885e-05,-5.064867329849429e-05,-4.949002507405806e-05,-3.6792966673592284e-05,-3.044284535024136e-05,-2.8752298289914858e-05,-3.2356284574876826e-05,-2.3540358751479256e-05,-2.9209990230854116e-05,-2.349931054122928e-05,-2.2990831894042664e-05,-1.8778525710349526e-05
HRV,ssp245,ipsl-cm6a-lr,-0.0350449430891892,-0.11490060113772613,-0.33376325838021764,-0.16742991892568343,-0.6516659620069161,-0.37157399428547194,-0.9283800860713698,-0.5333412059355835,-0.6128338948987014,-1.0071784053072603,-0.8464038550391647,-0.7680544615215167,-0.6221772947776517,-0.5629401498627624,-0.8067480835338899,-0.7155111311397977,-0.5536385259855569
HUN,ssp245,ipsl-cm6a-lr,-0.046532447983899244,-0.02293306302652522,-0.07989045603131703,-0.03857135314880395,-0.11678288443484522,-0.06654269572996939,-0.15477875840714125,-0.08071202553539579,-0.07823068381275075,-0.15565118707815195,-0.12521050904122308,-0.12074891836588916,-0.08057552586025818,-0.0794029505083581,-0.11289779196558208,-0.08518265971890321,-0.08400524971165296
IND,ssp245,ipsl-cm6a-lr,-0.11581758959889286,-0.084916965546947,-0.05342453122441851,-0.07026376644138116,-0.09812827485383907,-0.09399337502997288,-0.08327519125868124,-0.1000205661449908,-0.08998876327191968,-0.0830711687612998,-0.0573517572718873,-0.07175848948546829,-0.057280426324586534,-0.07387648455601406,-0.0636940530876757,-0.059149919348727445,-0.05514343415623782
IRL,ssp245,ipsl-cm6a-lr,-0.0006487917548228816,-0.003219761419355494,-0.0022970252628373377,-0.0023237779315159147,-0.0027539923047484997,-0.0024232631495150845,-0.0034864336210719007,-0.0038961071255506335,-0.004490376798443941,-0.004554632144892465,-0.00484820752758222,-0.005010145142078382,-0.005239758603380566,-0.005065111914712488,-0.005792263950624756,-0.005173938831912919,-0.007912121991687683
IRN,ssp245,ipsl-cm6a-lr,-0.030084821952318142,-0.011628343406551276,-0.01193894562164713,-0.0203600189153972,-0.014221381548242337,-0.011144807640110527,-0.014509699973763737,-0.01560813554724785,-0.013402511284972425,-0.014476485567918638,-0.011169215530354597,-0.012511830296775214,-0.012740950200270013,-0.011324540521423891,-0.011218477833347763,-0.010888906871424846,-0.008724444262210012
IRQ,ssp245,ipsl-cm6a-lr,-0.17036232811549346,-0.10439116007456004,-0.12394231725422258,-0.20461533219841085,-0.1363337388045878,-0.08546169916715482,-0.15067221382390236,-0.16183858716680977,-0.14589271226551073,-0.14338331413446412,-0.10424255871619788,-0.10500843899642466,-0.10147480194385743,-0.08149084072217318,-0.07217295052788816,-0.06339295403547862,-0.046715580776436075
ISR,ssp245,ipsl-cm6a-lr,-0.0004298247571665573,-0.000708749609641524,-0.001365722309216818,-0.0019711892388255105,-0.0007913629897804717,-0.0007306770051879943,-0.0008432631610931237,-0.0008481894175077873,-0.001077571185135305,-0.001075072501261482,-0.00047369709529629606,-0.0008584754232130316,-0.0008314239658306677,-0.0005662160691136558,-0.0006724635497391416,-0.0006362619232521306,-0.0005495111318497474
ITA,ssp245,ipsl-cm6a-lr,-0.014235085970137668,-0.005188786260654047,-0.011466419209124907,-0.006945392202040143,-0.019428859459446404,-0.013618724500239127,-0.022642914416798998,-0.020406488474263157,-0.027556476764134433,-0.025664391667192577,-0.021541115074985306,-0.01867233122894017,-0.01815529628165712,-0.01880821974265725,-0.02225187171994334,-0.016232110334712804,-0.014565614524503499
JOR,ssp245,ipsl-cm6a-lr,-0.0009424000390570721,-0.004276203173208385,-0.006155219183921686,-0.008988104984420061,-0.00356963749938403,-0.0024057451091825752,-0.0029714450530834735,-0.003013454794096212,-0.0036389378325586237,-0.003306472032978025,-0.0017233701019301578,-0.0024599266939443858,-0.0023716589618154016,-0.0018050903456203774,-0.0018692681916605205,-0.0017856223004953425,-0.0015203814483150167
JPN,ssp245,ipsl-cm6a-lr,-0.0008178878507226775,-0.0006510031503999745,-0.0005152725524678167,-0.0010363397490593344,-0.0007052555335012181,-0.0008420187437642014,-0.0012398581117045544,-0.0009439545636844224,-0.0009408131947914697,-0.00110067592911686,-0.0012115213903028884,-0.0012141367177264724,-0.0012076350693406295,-0.0011521487019066949,-0.0011897067821229068,-0.0011759329907632564,-0.0010762487714857996
KAZ,ssp245,ipsl-cm6a-lr,-0.06112617661202892,-0.110937648057661,-0.06263911939089833,-0.07958417185139738,-0.10163344718876044,-0.10400901791808535,-0.10407296082350888,-0.14370871957225861,-0.12208926072836024,-0.14015212938602967,-0.13476587027387008,-0.15668222300468496,-0.14340340287019765,-0.11622448711504794,-0.1681940529084072,-0.16339356729996418,-0.17684938701125846
KEN,ssp245,ipsl-cm6a-lr,-0.019566748621333223,-0.006804831488553949,-0.006730867371924555,-0.005938030891117581,-0.006941458656474449,-0.0070962025322004844,-0.00603631617053394,-0.004690849948117303,-0.003950135616330617,-0.003288354731370706,-0.002842751637503787,-0.0025053515341395367,-0.0024051795274088773,-0.002297151256936583,-0.002376730007791434,-0.0020796427056401674,-0.0019442100414603853
KGZ,ssp245,ipsl-cm6a-lr,-0.10319558564227335,-0.1610284167159617,-0.23587045526036843,-0.1510634542535476,-0.1116315325772201,-0.10027965406006178,-0.09966556981010748,-0.12526624131053743,-0.1012748526428069,-0.07088821766887646,-0.10093572240768257,-0.09598244155078654,-0.08817779114830937,-0.0906103425799997,-0.06586423592005398,-0.0852584651088258,-0.05650563739869613
KOR,ssp245,ipsl-cm6a-lr,-9.047385468053228e-05,-0.00013029140992182163,-0.00010613561521211911,-0.00012417523532827344,-0.00010376552099878934,-0.00011807619969416592,-0.00015175467204011628,-0.0001382941711045782,-0.00016486380315476994,-0.000199551098433543,-0.000178717298871989,-0.00017081812823858286,-0.00017855504699812582,-0.00020082869107265552,-0.00017448900989198228,-0.00016017901034316349,-0.00016427032542003377
LBN,ssp245,ipsl-cm6a-lr,-0.0036757415850223545,-0.00013490812618103482,-0.0001432585688403639,-0.00022210270852368998,-0.00011947393274328521,-0.0001089241909920322,-7.45523397516982e-05,-9.231423231964209e-05,-9.516163988746049e-05,-0.00012405839887012733,-5.915706172382346e-05,-0.00010614193701168292,-7.473156916475924e-05,-6.643362437900639e-05,-8.998913626054784e-05,-6.861909342234789e-05,-8.005076415172358e-05
LTU,ssp245,ipsl-cm6a-lr,-0.2044442034420212,-0.2176132219178559,-0.40239321109376636,-0.2826061514316801,-0.3440681836868349,-0.4078411595886059,-0.3121176996030919,-0.2801590982833016,-0.3652341731741909,-0.5430402667383064,-0.5590609767992835,-0.8312164778215139,-0.4367304747374275,-0.4804329694778081,-0.5397887784718416,-0.47313421247416576,-0.6193075144612636
LVA,ssp245,ipsl-cm6a-lr,-0.1724264520604617,-0.1651282591908669,-0.3237319371418113,-0.23383509016753162,-0.24653541698861745,-0.30137332445666076,-0.21399115058087634,-0.2037677392628595,-0.24583366586600022,-0.2948002727371837,-0.36488076078370435,-0.5048126712444687,-0.2601240032074277,-0.24752883205378068,-0.2851309671414353,-0.24017136877182796,-0.30457143580882534
MAR,ssp245,ipsl-cm6a-lr,-0.08072105291379486,-0.03631702767399021,-0.07089304645063044,-0.045099922512827476,-0.0793538311115241,-0.050948517644844336,-0.06035345757136225,-0.046244583578669375,-0.048422611478638446,-0.04458755597005022,-0.04514939171081737,-0.033351123299779246,-0.027309489781269847,-0.025694967309009723,-0.032610266787039426,-0.02581079440382039,-0.02654675287937301
MDA,ssp245,ipsl-cm6a-lr,-0.059432201987809435,-0.09537450693771922,-0.25042589918015834,-0.10253154769063655,-0.349724509180968,-0.17807567871971142,-0.36553487184525907,-0.2381920667634623,-0.24002782721814375,-0.3235609835645117,-0.2736723500229158,-0.2908887669216324,-0.23387097316365013,-0.18954131867629306,-0.2815607316905372,-0.2400640820674348,-0.2301858696318077
MEX,ssp245,ipsl-cm6a-lr,-0.0067754802357969,-0.010067194312027447,-0.00865297103527863,-0.007106359696898835,-0.012232487015573966,-0.009645009249950067,-0.012095391383392547,-0.010264033147760775,-0.010597556612731448,-0.009553386595792551,-0.008799227937200503,-0.008805175187067471,-0.0076510318026281905,-0.00923444633033057,-0.008193132098073687,-0.006396385613808893,-0.007530241215284587
MKD,ssp245,ipsl-cm6a-lr,-0.051623548113830325,-0.015889808312026826,-0.046974064670565176,-0.03209942177726226,-0.051765539073158263,-0.041014775747652145,-0.08585543834737755,-0.06690839165422112,-0.09022807562532172,-0.07630956367497037,-0.07259809855672653,-0.06381226514419332,-0.07663812557509792,-0.05909601663655953,-0.07881750699165116,-0.0983039244879112,-0.06038447458839175
MLI,ssp245,ipsl-cm6a-lr,-0.016146585525610713,-0.014585758010138658,-0.0048467731446866944,-0.013450784173644141,-0.011809819388818686,-0.009775537999710098,-0.007408923965213904,-0.0058890590741117145,-0.00500949290302214,-0.0037179223105817776,-0.002845879144566557,-0.0023144795629728853,-0.002182935431593247,-0.0019545103601736756,-0.0015182749914071881,-0.0013499618311382398,-0.0011659804994110217
MNG,ssp245,ipsl-cm6a-lr,-0.04017145642412508,-0.053248166700940444,-0.05113972299108379,-0.0509161445753159,-0.06353521163921001,-0.03737284303636017,-0.05494874881603702,-0.041069900576840845,-0.05801205330925473,-0.05021212594621731,-0.048405216754928884,-0.04501249644890531,-0.04133110377285049,-0.036195483517083155,-0.031547146114591286,-0.033602117056803035,-0.026267716050144194
MOZ,ssp245,ipsl-cm6a-lr,-0.010166304216913414,-0.0033515507611023166,-0.003790429983309098,-0.0024486969402593333,-0.0024019059104637497,-0.0012015103822696593,-0.0014790146572948833,-0.0012102913741749604,-0.0011412582089266317,-0.0005901576870365325,-0.00047574702143309157,-0.000413495832590099,-0.0003643216676567656,-0.0004466354017063181,-0.0003172263003717445,-0.00021981634308954897,-0.0002053975214451016
NGA,ssp245,ipsl-cm6a-lr,-0.0003603743502749244,-0.000380470327636695,-9.167601951857783e-05,-0.00018380782444959534,-0.0001863946903525851,-0.00012834056473122476,-0.00017108096896884602,-9.687341874321452e-05,-0.0001144141901220038,-5.997685611215584e-05,-3.6118897161875974e-05,-3.65368894427001e-05,-4.8429643094540084e-05,-4.476349944054738e-05,-3.592307806698887e-05,-3.2082457441648704e-05,-2.63215212514802e-05
NLD,ssp245,ipsl-cm6a-lr,-0.0006948894359987309,-0.004549165374538099,-0.0032488601184909654,-0.0024613446590590906,-0.0035530781386275217,-0.004134026878841953,-0.003290297153224036,-0.002832039396498399,-0.0034389822086726613,-0.004486387151645881,-0.006420437846438856,-0.004894281844217505,-0.003273341324426278,-0.00314526215185431,-0.0033981813623939266,-0.0030522843710338917,-0.0035734335957005488
NOR,ssp245,ipsl-cm6a-lr,-0.002295920934987655,-0.004744758981883854,-0.003929857212780397,-0.002564064435741137,-0.004472549488563361,-0.0052717707379109705,-0.00274524167032597,-0.0042895271343606515,-0.004482221182569813,-0.004687226656332938,-0.005005291526480114,-0.006280045369574538,-0.004413036682356525,-0.004820484589288527,-0.004119016344508485,-0.003381919906027081,-0.0033287054764801435
NPL,ssp245,ipsl-cm6a-lr,-0.2190971632042875,-0.11617605945002728,-0.11384324984680312,-0.10898295982913841,-0.20253263172812186,-0.15634346524755968,-0.14083155331116934,-0.1609951177887662,-0.14053449465534665,-0.13554713973425458,-0.1011520410861841,-0.09966233121166582,-0.08336491374669075,-0.0906721808459809,-0.07128286291685151,-0.06297814111649079,-0.057346084521502874
NZL,ssp245,ipsl-cm6a-lr,-0.0035338703224260777,-0.005752275547211491,-0.003464744764736462,-0.004965975079815007,-0.005108861065479377,-0.005484146202392478,-0.005988453235265182,-0.0046349890235183825,-0.0056299502104923,-0.005272789071655797,-0.00487825555783195,-0.00398791860722214,-0.004504187329547478,-0.005111729774970611,-0.004933649235265867,-0.004150996589932267,-0.003885890418096026
PAK,ssp245,ipsl-cm6a-lr,-0.19258756272386018,-0.1788343210887097,-0.040080010373124204,-0.11655991385035479,-0.1147676849714098,-0.10200858801863551,-0.07059002833163627,-0.08357813699978414,-0.09038557701167305,-0.07355718518205379,-0.05632795423630305,-0.057901378221253984,-0.04288215419913629,-0.04951646809090378,-0.04040367327209183,-0.033848204900498335,-0.0282796197390154
PER,ssp245,ipsl-cm6a-lr,-0.0038851778435136063,-0.004010033731830275,-0.003272746280058606,-0.0034478649356346185,-0.004644232217019004,-0.002653990408198925,-0.003100371329914199,-0.003347398755392552,-0.0030528521665463748,-0.0027083166876100385,-0.002357923045834027,-0.0023383719458461034,-0.0024898042816170252,-0.0025292807701328447,-0.002236716275436166,-0.002192738778497597,-0.0020618909095733995
POL,ssp245,ipsl-cm6a-lr,-0.03681241103921571,-0.0395609530424895,-0.08612826828082713,-0.03183905591520794,-0.07946947985777437,-0.055446486792665464,-0.08572095094649333,-0.06377615638040877,-0.06742438996548206,-0.11009260207619838,-0.11790540967887775,-0.1392762021600471,-0.07590246368468812,-0.07780769925344211,-0.0968466339337339,-0.07908033110794209,-0.09992564171996882
PRT,ssp245,ipsl-cm6a-lr,-0.0016279211178474098,-0.00037010958784973463,-0.0010560753770895135,-0.0009713585772967838,-0.0016468448486936643,-0.002510969705421333,-0.0026402299865317625,-0.0016683982146604762,-0.001296485259658031,-0.0020384174110194687,-0.002753684301771385,-0.0018095340830067217,-0.001586159448212444,-0.0021443017753630675,-0.0022036418430334704,-0.0012569720892188908,-0.0018616434946662945
PRY,ssp245,ipsl-cm6a-lr,-0.012519795712521759,-0.02669545864027772,-0.014483058206670958,-0.01739865478541261,-0.024739609209881348,-0.01574906430593559,-0.015747222389522815,-0.017113281208113687,-0.017287564541793754,-0.02087860584469898,-0.015481142646157157,-0.011964530879809001,-0.01146565573127379,-0.011226093708911682,-0.01780947231409377,-0.009023068727481875,-0.010488310369303184
ROU,ssp245,ipsl-cm6a-lr,-0.03348950078675435,-0.035374354776358766,-0.1663079280046183,-0.07370764005493578,-0.1971430939211319,-0.12379792746824737,-0.2844976037430699,-0.19146232610050065,-0.19082055156616867,-0.2931357655018281,-0.26903278027518396,-0.29170756794407154,-0.2500103604034793,-0.22553822490697598,-0.344842549605036,-0.3341026931550446,-0.33928786387660786
RUS,ssp245,ipsl-cm6a-lr,-0.09316155524778101,-0.16971225149426175,-0.07763847600704203,-0.10965449294904232,-0.15498789438027166,-0.14336844342790914,-0.16255663909684218,-0.17738651807154587,-0.15024049512551677,-0.19401180684192193,-0.152552402159011,-0.15228055685787972,-0.16061944341804263,-0.15366036470457972,-0.14401707743946118,-0.1571122804800515,-0.1617200016517743
SAU,ssp245,ipsl-cm6a-lr,-0.012395127565335458,-0.012620024567602391,-0.010390744079307016,-0.021048611647286778,-0.019631725756276825,-0.019007946424437178,-0.01974265065994553,-0.020828172223880382,-0.01871954378596903,-0.018782555532954097,-0.017704527147014665,-0.018520219571370806,-0.017937315207134957,-0.017032390627734064,-0.016560655724176337,-0.015011987633064213,-0.013078888176663278
SRB,ssp245,ipsl-cm6a-lr,-0.08786120621848839,-0.038900750183445215,-0.16152624953948813,-0.06763682427158615,-0.2336125923713988,-0.17543359658809854,-0.44325097081864484,-0.26702930825559407,-0.2830728498835923,-0.48089453930907744,-0.37953852461751636,-0.3263584402723849,-0.32085381452949924,-0.2691602888700262,-0.38223526967971,-0.38608699490009907,-0.2959941183635498
SVK,ssp245,ipsl-cm6a-lr,-0.040769091045859386,-0.022882202204083327,-0.057879511202787656,-0.03179972883696955,-0.07047090088746796,-0.046896200691307205,-0.10046091463790059,-0.05363129952200237,-0.056408716784384416,-0.1058051350124201,-0.08950522290786506,-0.09106903804834973,-0.05815873914595908,-0.05215011311820228,-0.06950561260369995,-0.055300295677618565,-0.05623100449981958
SVN,ssp245,ipsl-cm6a-lr,-0.008029216577443505,-0.0030703897055501064,-0.006286045777461939,-0.004479068196089117,-0.009756151669962508,-0.007469085330765471,-0.01623880014757495,-0.009307936022929248,-0.008461284425153924,-0.013695664002749955,-0.012526158600459646,-0.010303613868236298,-0.008723887229730562,-0.007759481801559809,-0.008456059628118805,-0.008130634504825665,-0.00686420056524969
SWE,ssp245,ipsl-cm6a-lr,-0.010936204598673246,-0.010278519526202703,-0.012936401767381294,-0.007908167877706561,-0.011526820926988224,-0.018946093818189545,-0.008330540699341636,-0.011747930204015936,-0.011742949370921569,-0.012232196227836856,-0.013301927276126379,-0.021468677555152436,-0.010636054764061202,-0.009551419411991963,-0.010137156387158236,-0.008835532407200159,-0.009850784654735826
TJK,ssp245,ipsl-cm6a-lr,-0.10186989077591001,-0.12025733409644966,-0.21345166456715337,-0.14693136136060364,-0.06953218249282875,-0.06324970108780098,-0.06870982255329317,-0.0724904185967996,-0.051213367048370415,-0.04340880767977687,-0.053870718715030255,-0.04991727814862215,-0.04744384412925298,-0.04536571923443395,-0.03525032495866999,-0.04062432324130133,-0.02781271952759271
TKM,ssp245,ipsl-cm6a-lr,-0.17148728366324387,-0.18653562326918335,-0.09238082841311894,-0.17946435893056667,-0.08532740110780836,-0.10011393549587304,-0.10500567614378344,-0.09854217665253774,-0.10052602754742015,-0.08088152942346737,-0.09605303283976023,-0.10194510915720381,-0.09928740132032267,-0.09705875020390561,-0.09404764786204874,-0.09375472019779686,-0.0857938818986288
TUN,ssp245,ipsl-cm6a-lr,-0.11888591819671022,-0.08299457164344401,-0.06440638250644853,-0.04273119875108853,-0.05570075042389022,-0.03457132651816397,-0.05738354098792366,-0.052331165160295574,-0.0740341059295976,-0.049000299228442845,-0.03673032336410321,-0.03745061886255606,-0.036992362641117896,-0.04350704288731034,-0.04029498923101443,-0.040549025838172936,-0.026296697676761432
TUR,ssp245,ipsl-cm6a-lr,-0.014056824483192997,-0.007089189569270632,-0.009043060134764469,-0.010272186879819456,-0.01006047502736826,-0.006214465061426603,-0.009064234249977599,-0.01365704653644627,-0.013681129286843547,-0.014918449032614306,-0.010950015785100367,-0.012582549956767405,-0.014926040949097299,-0.010050286286227094,-0.012279273992863332,-0.013429945930826442,-0.009462647946407356
TZA,ssp245,ipsl-cm6a-lr,-0.004598568797610189,-0.00527823468954058,-0.002365969672828637,-0.00261337493864543,-0.0035380837814370544,-0.0017849369511226743,-0.0016340016872110502,-0.0019103833504586568,-0.0014983340306971773,-0.0009033119128757107,-0.0007502446935875159,-0.0007256318756386429,-0.0005555867043259486,-0.0005934452936846692,-0.000510498003471901,-0.0004308978866463781,-0.0003987932783322334
UKR,ssp245,ipsl-cm6a-lr,-0.2505490478704683,-0.21359072565464726,-0.26683347105299987,-0.14000482472861633,-0.3263397570074008,-0.2102204862925237,-0.3514952490696628,-0.23115480934756283,-0.19637178874965416,-0.32262521714293235,-0.22620194370533542,-0.28051191506578266,-0.20708009057174515,-0.17824326820971048,-0.2294522645358732,-0.1961039436770292,-0.18235575591255174
URY,ssp245,ipsl-cm6a-lr,-0.02098579793208932,-0.03563279098621937,-0.05832623848747843,-0.018921093631731594,-0.041873828744530626,-0.04200664173967745,-0.03013394526801518,-0.040767150268148554,-0.04240519411158438,-0.024042371087242425,-0.0352678548428948,-0.04155762105807736,-0.0376034637060047,-0.0348073542535229,-0.040912529414098946,-0.0370064237549337,-0.04503026644925387
USA,ssp245,ipsl-cm6a-lr,-0.006450211643087156,-0.005830901694210777,-0.008413695618651075,-0.0074529695107216935,-0.008396372524893317,-0.008656862931079135,-0.007829969771854683,-0.006937449956878046,-0.008364745170456813,-0.009179481553809023,-0.012930117519035408,-0.008652350312063517,-0.00952724204284518,-0.007671519327747847,-0.010314999380921959,-0.010891712828773232,-0.009125948369582138
YEM,ssp245,ipsl-cm6a-lr,-0.0188907366112934,-0.009517223286447251,-0.0019943672153032387,-0.005081874403311638,-0.004779937921492739,-0.004295471582739317,-0.0039034023911164607,-0.0031782095806509756,-0.0024331768541731662,-0.0017765962755787652,-0.001778866495563793,-0.001439888145594623,-0.001490873065343768,-0.001520513866571252,-0.001384100903948715,-0.0011960137421698717,-0.001151522690766556
ZAF,ssp245,ipsl-cm6a-lr,-0.021645681884032052,-0.020945695239012935,-0.01662164438322272,-0.012893690733913391,-0.020540247387766237,-0.01319656632093852,-0.011705104333481259,-0.016547752017572206,-0.011432042299112204,-0.008641768788360697,-0.010200592809389246,-0.011497869916501908,-0.011160602400750862,-0.012017713462484418,-0.010175896867759583,-0.010121870336551889,-0.007600781094444303
ZWE,ssp245,ipsl-cm6a-lr,-0.12921879074906695,-0.05827553196609169,-0.06144502813216874,-0.06644902913327248,-0.07440394798123488,-0.04622544804784119,-0.064829599824633,-0.053946143723252404,-0.05465483898484361,-0.024996898967874426,-0.02053811256263238,-0.023526362012835426,-0.021381399804706835,-0.027103668647740622,-0.020617829864223173,-0.01759266929566712,-0.015385687871594077
ALB,ssp245,mpi-esm1-2-hr,-0.15221705118754825,-0.15717763122050102,-0.055620183427906304,-0.12860915316624266,-0.14605550492351202,-0.27698594851341485,-0.27726299098587814,-0.08781412641861829,-0.26332019024958314,-0.27712144857450527,-0.14895533000850092,-0.1846922396441814,-0.3160614005566629,-0.41074889022615296,-0.2573024080142462,-0.29921741424793147,-0.28275985319879454
ARG,ssp245,mpi-esm1-2-hr,-0.0009626630397420153,-0.0032192561035883564,-0.0016901977745760694,-0.002918228077212855,-0.0016046179096934842,-0.002821139965791053,-0.002034885205891753,-0.0019932728748286227,-0.0015046294278605876,-0.001207927791224664,-0.001896245929351762,-0.0018393448656969247,-0.002086839199097966,-0.0013495149962970514,-0.0018548385754503251,-0.001180613901059667,-0.0009188875080235422
ARM,ssp245,mpi-esm1-2-hr,-0.022964929335656886,-0.0329706229444641,-0.026336908593845704,-0.03948674570023413,-0.02242215320344024,-0.050086015948094365,-0.07751566176411652,-0.06187892443655748,-0.06045175823368277,-0.06377992837297518,-0.09289168276572046,-0.0736882336642644,-0.06790769085556914,-0.05497916338251691,-0.076784154714819,-0.06345970339086114,-0.0444884822208487
AUS,ssp245,mpi-esm1-2-hr,-0.023990991024593296,-0.09254845799027758,-0.0645042098269023,-0.0663695317878549,-0.055631069532599074,-0.06021297524374737,-0.06063380169391567,-0.06086422903868265,-0.06691973697845498,-0.06630863711030283,-0.06402160880099869,-0.0740434792930449,-0.056413392325659326,-0.06687302517761481,-0.056441972461871846,-0.05103561581411441,-0.04783102048601142
AUT,ssp245,mpi-esm1-2-hr,-0.013178260667754467,-0.011075662246332954,-0.005836210479220112,-0.010448303038451257,-0.019535171101841955,-0.014583958645646652,-0.013879437550279726,-0.007196626266830894,-0.01764416226817299,-0.020614444060960455,-0.012305680438915232,-0.00710839462376129,-0.014496341694329633,-0.01770504117606175,-0.010995822067786858,-0.010325021296013683,-0.011803939036676328
AZE,ssp245,mpi-esm1-2-hr,-0.06497344829854403,-0.05105690561094856,-0.04896987034143436,-0.0937283476329961,-0.05131691644913166,-0.0961584030587269,-0.19768589763259964,-0.1403007480474568,-0.11927184016580254,-0.12752787980833374,-0.14538835943651182,-0.13704109228605268,-0.12307448698074257,-0.08228981655611572,-0.12002573809458807,-0.08329967278967831,-0.0605786754934142
BDI,ssp245,mpi-esm1-2-hr,-0.01003121118114706,-0.011284416751219462,-0.019126944207270645,-0.006241779735612646,-0.004347994597212329,-0.0036608691287247732,-0.003625436511482378,-0.0020313028510284266,-0.001846340213448551,-0.0016235016859796772,-0.0012816159088097905,-0.0013105751197098226,-0.0009113889414155849,-0.0008162838283803614,-0.0011829939225525884,-0.0011170595688414391,-0.000537937342050895
BEL,ssp245,mpi-esm1-2-hr,-0.0064616564609237025,-0.013950234614437831,-0.006042008562250001,-0.0058562783497773715,-0.015791477830883468,-0.012786527574602913,-0.006702387670106231,-0.014892962114859725,-0.009947294706535362,-0.012109263939342014,-0.011680448736299469,-0.0073469455947525325,-0.014865635361316363,-0.014341999501623657,-0.00510847437750368,-0.008586509513181314,-0.01186506023580265
BGD,ssp245,mpi-esm1-2-hr,-0.01107933502072302,-0.005831938164394214,-0.008177427329689431,-0.005303725311505814,-0.0058625369632627706,-0.006990099737245739,-0.00495625748904147,-0.004591499963017371,-0.005814443071282372,-0.004907119671496666,-0.00460074664445758,-0.0062712556165400255,-0.005922385199173034,-0.003682562709465864,-0.004515088269208125,-0.0035599464387973444,-0.0028997658553365853
BGR,ssp245,mpi-esm1-2-hr,-0.44328043938798256,-0.6155565765691937,-0.213616069667285,-0.3931839073760805,-0.4191295248895186,-0.5247466446248866,-0.5335332892744453,-0.23251894881580992,-0.42135378036071436,-0.5225142036655377,-0.4979600468682791,-0.33927357547776094,-0.6893690083587618,-0.871530210321627,-0.6847269137350365,-0.5757878607778771,-0.46274153638093335
BIH,ssp245,mpi-esm1-2-hr,-0.08337142239604067,-0.07849714030486322,-0.027735061900979352,-0.0500013510293765,-0.07813705890850461,-0.07925740202283547,-0.07469201430085852,-0.030757340459725665,-0.08696869627382763,-0.09002158411806643,-0.06737871608665202,-0.07205938645301296,-0.12107736757021245,-0.216937515624735,-0.13028213821739823,-0.16756326876650143,-0.16104323834922496
BLR,ssp245,mpi-esm1-2-hr,-0.05681127854272992,-0.009305459483991915,-0.02400324785384605,-0.04423242536081459,-0.04122727952366033,-0.023878724257464592,-0.03720485447804028,-0.021561301220610465,-0.023381173983686526,-0.045873494941037915,-0.035572670651052365,-0.027458444993552517,-0.032162520126615995,-0.045711257372228746,-0.018413670371344896,-0.026743627356521776,-0.031790719558354025
BOL,ssp245,mpi-esm1-2-hr,-0.020496541594201542,-0.061237687650062454,-0.03260524065481517,-0.01855081451022162,-0.031322912785124724,-0.015906832497538853,-0.015767941599117867,-0.014673649772384023,-0.015913740988023194,-0.020095494488964534,-0.009113254847053826,-0.018507972830180887,-0.00951999901300914,-0.009868722151978098,-0.009552595248529869,-0.006966366881915494,-0.009031043919791504
BRA,ssp245,mpi-esm1-2-hr,-0.0027537377618021106,-0.010044369131157225,-0.00909375510883179,-0.0066633399492726795,-0.0070673565054262515,-0.00714292121231684,-0.0074079332999695754,-0.007060957046662191,-0.007946550598854546,-0.007359273684115033,-0.00797939563359644,-0.007539119556530067,-0.006959609634384374,-0.007916730498138989,-0.007218605293064447,-0.00601102790463621,-0.005897224300565024
BTN,ssp245,mpi-esm1-2-hr,-0.002397736492756996,-0.0013880084600051711,-0.0006775315740738859,-0.000652850491868161,-0.0007366313612024045,-0.0004175531336086938,-0.00047058151600824354,-0.0003824504037297026,-0.0005039123648435622,-0.00045644955534475,-0.000395732894633848,-0.00045415021285472235,-0.0003219149593656961,-0.0003549256334299058,-0.0003783000213415804,-0.00028734087891368697,-0.0003272052814516713
CAN,ssp245,mpi-esm1-2-hr,-0.011581894931719844,-0.024563212812394573,-0.04943277135138798,-0.05510332173882074,-0.06187661040321364,-0.06363296517261638,-0.10595342803317914,-0.045902183840201574,-0.059787471074807585,-0.036573385515111974,-0.05005824655951057,-0.06511883345789987,-0.06417419257605224,-0.06313876131874667,-0.02984385669064141,-0.042487137507648993,-0.025323217945375506
CHE,ssp245,mpi-esm1-2-hr,-0.004687759920959076,-0.005224961653080261,-0.0033067307219692686,-0.003285165087309965,-0.009978200904902439,-0.004897860506978006,-0.005199011451193937,-0.004988928159897972,-0.006788503096106407,-0.009307434231272223,-0.006678313928078128,-0.0041143129025526404,-0.007128121745170031,-0.008369454918357697,-0.003702217469090223,-0.005342959100688627,-0.004932500799265438
CHL,ssp245,mpi-esm1-2-hr,-0.007895641159887345,-0.008237143451198012,-0.010714585416953512,-0.015007426250380866,-0.008355416436859173,-0.013279411737361751,-0.009359337138289051,-0.009577784797946616,-0.00804632593299386,-0.009182088925552846,-0.013344888042406303,-0.00973015414539759,-0.012001968553638534,-0.00960487351642082,-0.011162443627010483,-0.008509574383838573,-0.00693447063267772
CHN,ssp245,mpi-esm1-2-hr,-0.034387883378641786,-0.031709703350392304,-0.02800430540881883,-0.03109682677152378,-0.02230187964087776,-0.036065668105737414,-0.03826059289188356,-0.04519194876701813,-0.036743368793193856,-0.03168941144912374,-0.0395498828832143,-0.04318026959509084,-0.03890883441605558,-0.04110561949187351,-0.03895146629941317,-0.04342402427326072,-0.0493536259582628
CZE,ssp245,mpi-esm1-2-hr,-0.07214217696927955,-0.06591235926302905,-0.044230236653899795,-0.052772516725345116,-0.12371553444768914,-0.08536143104169139,-0.05778811943786137,-0.04454204693237947,-0.06475894091608067,-0.11449153938983456,-0.08443402079032136,-0.04401217778395646,-0.08611989175273163,-0.10148365700056682,-0.049136533644258185,-0.05799010932873919,-0.07782809651310287
DEU,ssp245,mpi-esm1-2-hr,-0.016918560499891534,-0.016974444225933947,-0.009606443516001893,-0.012028059094884982,-0.033006729630813206,-0.019621588019224177,-0.01644269998374586,-0.021616054033721226,-0.01779890306171609,-0.029486345439979477,-0.024615252817619372,-0.014396148613271136,-0.032735865126358066,-0.02811721924799146,-0.013655145970539396,-0.018894403556015984,-0.025613658028862642
DNK,ssp245,mpi-esm1-2-hr,-0.024584702447241952,-0.01634194379516348,-0.017313764861313936,-0.02258162806309736,-0.031963005313214256,-0.020377472769285185,-0.02771415357299505,-0.05067547500965571,-0.020963693028048753,-0.041922291188282924,-0.028100221272992953,-0.02973262900015815,-0.03990087952125981,-0.02735828735116018,-0.019526432302617934,-0.02161431494317086,-0.02738756624991597
DZA,ssp245,mpi-esm1-2-hr,-0.11212263790612564,-0.1028051011510134,-0.08723297843531001,-0.07055340647853,-0.0753547411379918,-0.13111202273817757,-0.08751878662083255,-0.06937445797527621,-0.11570513173146665,-0.07462256830019491,-0.08439497630372304,-0.06472752594442382,-0.05683177335658561,-0.0565650639996309,-0.054359202249598386,-0.06344956243593551,-0.03186022901073106
ECU,ssp245,mpi-esm1-2-hr,-0.0012210677770762436,-0.0005512126445264713,-0.00037179904567999285,-0.00047081892500379916,-0.00040328779388930467,-0.0003803979369758157,-0.00028320761661633677,-0.00024518386367477265,-0.00026862576621263694,-0.00029976820221499264,-0.0002450010403588777,-0.00024160189647254443,-0.00019344017273187906,-0.00017811102342911445,-0.0001898197195184374,-0.00014808817143749403,-0.00014481995275699504
EGY,ssp245,mpi-esm1-2-hr,-0.12678024294599288,-0.02475595627822766,-0.043263169380964556,-0.04152544908845606,-0.040080580767941666,-0.024074361465534974,-0.03286445944368414,-0.02554762339258998,-0.023292435919667377,-0.01996573156318571,-0.018130221994860935,-0.019993242393368603,-0.018325738100693448,-0.015053979089086716,-0.0148242774341489,-0.01275951568054799,-0.01172368248016136
ERI,ssp245,mpi-esm1-2-hr,-0.06707645942425336,-0.06735222713032425,-0.1569562590563646,-0.1946471844616474,-0.25672490302448076,-0.16313387287423545,-0.1386791746579577,-0.3057506954032165,-0.2604649071530736,-0.2964723718309061,-0.22943669741348982,-0.26606474584071527,-0.1683847558156026,-0.16641790950083962,-0.1586439318561385,-0.11304506231441022,-0.09045788481938065
ESP,ssp245,mpi-esm1-2-hr,-0.03934212279978785,-0.03503427466298684,-0.015171928772222957,-0.018668198718809644,-0.01461807859525124,-0.039295650581248356,-0.03175649770805479,-0.03311421679042933,-0.05074087848236423,-0.03673039341386472,-0.03914342757914684,-0.02105433971529789,-0.030091644663195357,-0.034526168119595115,-0.030016367410343792,-0.03598074426431562,-0.028428865264320032
EST,ssp245,mpi-esm1-2-hr,-0.05348591840803466,-0.039296593754964644,-0.047529614686006826,-0.0825689475435008,-0.03202667233271501,-0.0400414572954716,-0.05301759288168768,-0.049097520156322294,-0.04742797976133918,-0.07439097943758492,-0.08536843161399245,-0.06501257346099726,-0.0655719089132878,-0.05518823107603781,-0.04683095991397333,-0.046330895036295686,-0.051904813116990224
ETH,ssp245,mpi-esm1-2-hr,-0.09864583377872536,-0.09523874362334428,-0.09397939755377198,-0.07794405295939139,-0.06882738815073317,-0.05832864405471927,-0.04814099726230003,-0.03965982194922772,-0.036201542063762776,-0.03650271603929517,-0.024625458026446376,-0.02464437172954226,-0.01617627467953774,-0.015727108432917997,-0.015348455256279425,-0.016188072861877317,-0.011761543939101927
FIN,ssp245,mpi-esm1-2-hr,-0.00479136093065191,-0.003925816422397552,-0.008048880212516483,-0.01696275798871526,-0.004050794949296462,-0.007086741226000772,-0.007646435255386488,-0.008930268669114996,-0.009082761818544612,-0.01697538559017679,-0.017330735099387633,-0.011531814833508753,-0.008502504055907288,-0.00975212468812223,-0.007813863656291754,-0.006680818473414977,-0.011531813238786609
FRA,ssp245,mpi-esm1-2-hr,-0.023549291918799696,-0.08726279320715828,-0.022657575611920056,-0.01957529324305088,-0.05114020604870645,-0.053169573721080235,-0.031056031873478974,-0.05387197388734563,-0.0593704013008782,-0.05460650418977215,-0.05491400972074201,-0.028813943671117063,-0.050201153002376805,-0.053562818914290836,-0.022759138785020738,-0.03831326004654082,-0.04480368844824662
GBR,ssp245,mpi-esm1-2-hr,-0.005572097121090204,-0.02123015380761479,-0.008599835177709488,-0.007087852916144274,-0.01411582830896538,-0.00775081811760592,-0.006646908478761493,-0.01662586179209816,-0.014928004925193476,-0.010830523034101628,-0.014387343179152277,-0.01049310275259938,-0.015333287465993104,-0.009355228202291574,-0.006630704523392209,-0.00737294907689347,-0.012017337511420569
GEO,ssp245,mpi-esm1-2-hr,-0.012418787453293117,-0.01777516768324385,-0.011722049042822463,-0.01729373672231491,-0.012010720777085435,-0.02027639377326132,-0.03138804446023141,-0.024512409215223685,-0.02772871619822028,-0.028401568843566972,-0.03531407981870268,-0.029425550821484108,-0.027882048699479963,-0.02777657620154161,-0.0335568656667871,-0.027710835947694665,-0.021934805034291145
GRC,ssp245,mpi-esm1-2-hr,-0.03166115854704696,-0.04373936599328981,-0.011233690731860757,-0.030416434198268637,-0.02736401789430864,-0.04755125241556378,-0.03442920799189103,-0.01574370905020065,-0.03449778939468351,-0.03281450486122949,-0.024868469768514635,-0.022917697982518685,-0.02984321986407785,-0.035322725238097694,-0.025419542340142116,-0.025255918140041304,-0.016457717341767507
HND,ssp245,mpi-esm1-2-hr,-5.5020553490815306e-05,-7.207100130750714e-05,-5.0512972922538276e-05,-7.366769604863005e-05,-5.3720304745333664e-05,-6.416230106020856e-05,-6.583607755111948e-05,-2.6075021436417186e-05,-4.119495256730722e-05,-2.2463436052048173e-05,-3.080281053629239e-05,-1.9823577071355683e-05,-2.835360562541958e-05,-2.7361373757718315e-05,-2.351434514791528e-05,-1.2566265585995871e-05,-1.3777351998603825e-05
HRV,ssp245,mpi-esm1-2-hr,-0.06835366528864409,-0.628654761775817,-0.19278933511096022,-0.4979229764362324,-0.7140748790810169,-0.6570124161190269,-0.5774853966676005,-0.2545866558713986,-0.7690441434395615,-0.7774982928273771,-0.4555675631846048,-0.4063010902257483,-0.6334080020746156,-1.0405971264680736,-0.6709403642699775,-0.6942113596167984,-0.6478577822750535
HUN,ssp245,mpi-esm1-2-hr,-0.13370162503713623,-0.11822483205332485,-0.03708969249652948,-0.08078710853666154,-0.13339718389915067,-0.1018086044898466,-0.11526923295024746,-0.038808490357084384,-0.10307346795639838,-0.1343373136054529,-0.08533891007948997,-0.049841465414315334,-0.09526189166314818,-0.1481299301687888,-0.06675230924803308,-0.08841917447751119,-0.09218077960401941
IND,ssp245,mpi-esm1-2-hr,-0.07659260774357307,-0.028652110261864046,-0.07561381828205159,-0.05235446556434815,-0.04026225456480185,-0.05795363588396863,-0.0745552576638169,-0.050932293890828435,-0.05647738076983739,-0.06412114132521234,-0.0419159903021082,-0.048657809059223796,-0.04160823567926408,-0.03421029182057775,-0.04355368833857472,-0.0315893470158586,-0.03487364509530674
IRL,ssp245,mpi-esm1-2-hr,-0.0013308226403384,-0.004764472779508809,-0.0024177115692864634,-0.002227327745068532,-0.003216568178818884,-0.003200748301570156,-0.00225619072653796,-0.004381273199043656,-0.00344983535246889,-0.0033802413633756516,-0.0038654061521993547,-0.0047246440300725105,-0.005501984416384291,-0.004568998680330319,-0.004774459732675327,-0.003662771462615997,-0.006128676628539251
IRN,ssp245,mpi-esm1-2-hr,-0.027825901427783524,-0.01083228653357288,-0.00907593547795872,-0.009321322915080005,-0.0077827534854060685,-0.010247606799578817,-0.013694593859078572,-0.00938332532389573,-0.009336671937850097,-0.008329047951649965,-0.011701253035256947,-0.010119984041350156,-0.010553447875621864,-0.007050496473526399,-0.009060942077141722,-0.007803020409085806,-0.006088532338443181
IRQ,ssp245,mpi-esm1-2-hr,-0.30789321073991727,-0.0973582912790134,-0.05460166949673567,-0.09920473503417539,-0.07601059769654636,-0.13662615908894188,-0.16333553473330728,-0.09361469240040757,-0.09580099360348136,-0.092037710026018,-0.10426433755199317,-0.09135799104289143,-0.0785638692677865,-0.06866722922458562,-0.06919131634147097,-0.05030645218899167,-0.03865930921135974
ISR,ssp245,mpi-esm1-2-hr,-0.000978901094039252,-0.0006765670870328375,-0.0007212516590433624,-0.001028334570426646,-0.001021286358040595,-0.0011878673170585491,-0.001235258398368973,-0.0007482591489216653,-0.0006346188702845822,-0.0005480608530187606,-0.0006477569347360635,-0.0008778135295678725,-0.0006510691734461242,-0.0005333550867525114,-0.0006530655637955944,-0.00046458799465865246,-0.00038193064452021535
ITA,ssp245,mpi-esm1-2-hr,-0.01836878113844668,-0.02307564142637456,-0.01000235109144828,-0.012650269014294514,-0.016721691278023455,-0.027634820100954482,-0.025868401675919025,-0.011702691460105667,-0.02437740130297042,-0.02619594699749681,-0.01552839673196547,-0.015320364044425739,-0.019621124031157112,-0.024665430602456958,-0.015986921953894628,-0.022631441338858,-0.015218315291679817
JOR,ssp245,mpi-esm1-2-hr,-0.004355350195166562,-0.004550782060340803,-0.0036362672742358032,-0.004855026341991698,-0.004348516201126435,-0.00412686958641932,-0.004906942260842116,-0.0027416167417852813,-0.0021568262084279764,-0.0017809877524846405,-0.002342011676643529,-0.0025505626345944618,-0.0019524637069621622,-0.0016698887811167104,-0.0018266283671977965,-0.0015583311248795078,-0.001142845293085884
JPN,ssp245,mpi-esm1-2-hr,-0.0002658937206839316,-0.00039810772102748216,-0.0005308556795655869,-0.0010112965078047978,-0.0006515153081329346,-0.0007732199381042634,-0.0008841197650422587,-0.0010056543493330513,-0.0013801973614896684,-0.000977990124424246,-0.0008988170227303571,-0.001458532048658216,-0.0009368753032128526,-0.0011721734614279905,-0.0011160834707783474,-0.0009872767867571514,-0.0009296358075333199
KAZ,ssp245,mpi-esm1-2-hr,-0.05750081574449125,-0.07782138332355681,-0.03230320630998757,-0.05177506617860348,-0.1007436640950357,-0.052154519521737774,-0.06960153439515122,-0.16882656354244152,-0.11926867246435564,-0.10013555189244036,-0.07193390726136313,-0.09514223775303093,-0.10437975597397244,-0.10702906254684641,-0.1513567282499269,-0.1044520100014176,-0.08987465624082144
KEN,ssp245,mpi-esm1-2-hr,-0.014493644278934457,-0.008472186935057332,-0.005931487788690475,-0.008166771851929643,-0.004479483502367303,-0.005312205316944426,-0.0049532201191343885,-0.004221466998703892,-0.003384807645596491,-0.0030176474612784226,-0.003019563955281654,-0.002564931592159746,-0.0024133790427854898,-0.0023467525589550395,-0.002217184537494401,-0.0021436110201664333,-0.001477763362288686
KGZ,ssp245,mpi-esm1-2-hr,-0.12390175165147539,-0.1729072033426103,-0.11670900974525107,-0.09801630619646548,-0.09686626804942981,-0.10131060178192547,-0.12065520224319823,-0.07675484145871206,-0.09814755878591484,-0.08695841039112853,-0.09178241355557964,-0.06325824903002066,-0.08218232898165236,-0.060938205535140705,-0.06237097351999806,-0.05587194865821052,-0.04919357644758407
KOR,ssp245,mpi-esm1-2-hr,-2.2367478036237772e-05,-0.00010511278903572625,-0.00013050355689611396,-0.00011119117183948985,-0.00016817628169971225,-0.00010110724118235152,-0.00012823173277390042,-0.00013304072545562758,-0.00011849658741387145,-0.00013433866245834286,-0.0001354151597405145,-0.00015584841310387393,-0.00013853472223472304,-0.00016622140360191603,-0.00015364618754131146,-0.00017419139565523766,-0.00018602670008468583
LBN,ssp245,mpi-esm1-2-hr,-0.00643089025768615,-0.0001886670753067142,-0.0001347962551952388,-0.00016390014688483776,-0.00013469980967771998,-0.00014315860755730611,-0.00016527051400344408,-6.39657708353439e-05,-7.340713381874757e-05,-6.0198655450385206e-05,-8.738050311791414e-05,-8.463680837032808e-05,-8.175579167218215e-05,-6.723046048064071e-05,-9.053577646914205e-05,-5.778872680397167e-05,-5.5457306042282704e-05
LTU,ssp245,mpi-esm1-2-hr,-0.20039009082133274,-0.09463475685359171,-0.1788155783575493,-0.2885258354631869,-0.20554939025169422,-0.19860394485055963,-0.26329343800238914,-0.26686618444872573,-0.2737368343727506,-0.5056303912552088,-0.48035374770432243,-0.39092927710863623,-0.5169810192524281,-0.5316039027044953,-0.3180623521842749,-0.4128618539967731,-0.6907927785268081
LVA,ssp245,mpi-esm1-2-hr,-0.16645427539520724,-0.102692252993881,-0.1527488114757065,-0.236063865157863,-0.14239953488728366,-0.15045508641370753,-0.19145278292153642,-0.20492658125901186,-0.17445906740116612,-0.30828052036653775,-0.3300297067538318,-0.2530051576996937,-0.2886410135071354,-0.20813431898647766,-0.17960594338024308,-0.20413854306131798,-0.3007587466299486
MAR,ssp245,mpi-esm1-2-hr,-0.09858280189504844,-0.10506992586399508,-0.06402841688963658,-0.028245533165761578,-0.03335931003293073,-0.07078961080805872,-0.04193756682949357,-0.03528212369207807,-0.05602829862161174,-0.03462437945712628,-0.03419402224145775,-0.021820809053928754,-0.025827677629290474,-0.031220055822068198,-0.03170644468420371,-0.03533217698823,-0.022275379831206664
MDA,ssp245,mpi-esm1-2-hr,-0.29472376295183267,-0.12885965237673672,-0.08642001795362675,-0.24399168794862308,-0.29569063555550207,-0.3265238975458887,-0.35562984742670445,-0.09916089497760278,-0.17837879006337565,-0.23035111304069616,-0.255965042907647,-0.13239491204315776,-0.2673185444678993,-0.37103093469030163,-0.19247209951241112,-0.20649027667546777,-0.1491083274461466
MEX,ssp245,mpi-esm1-2-hr,-0.010432199195617964,-0.01130674203989132,-0.00880682414414604,-0.005552353018396907,-0.011143385328352708,-0.00955893619113891,-0.008745898620913782,-0.008745279350207729,-0.00837763077773605,-0.008406409638651215,-0.010153082037599338,-0.008642647165471145,-0.008107717246504942,-0.007378244412412673,-0.00820702308470893,-0.007542612550376873,-0.005143169198923318
MKD,ssp245,mpi-esm1-2-hr,-0.09418203936198004,-0.0919167986052831,-0.018503880376447807,-0.05931261390694698,-0.07142414629406468,-0.11150247110771694,-0.09262283125330976,-0.029894656432405988,-0.07727150934384334,-0.0746205595233582,-0.05456089652292824,-0.05435032020770881,-0.09210973579807664,-0.12112169101161109,-0.0903239708984355,-0.07946178165504816,-0.06991365312874301
MLI,ssp245,mpi-esm1-2-hr,-0.014920979962149375,-0.010063691774964299,-0.008133935597508038,-0.009515631321796569,-0.01088554032215495,-0.008474517264462375,-0.007128550669730943,-0.005513407965197308,-0.004670334461940265,-0.0036248694488138426,-0.002814403169316121,-0.0023721585447781996,-0.0019827959104748386,-0.0016871676908544065,-0.0014519278526719309,-0.0010242158381327754,-0.0010508389533777187
MNG,ssp245,mpi-esm1-2-hr,-0.026393780462092436,-0.08463344773633404,-0.02265132091745131,-0.06684724846113312,-0.030949554043371373,-0.0740081225451995,-0.04731472766699688,-0.020524593078766955,-0.022960565984584486,-0.025892408827707783,-0.022923746638380295,-0.023862040782402588,-0.023103611947696386,-0.02638536351532859,-0.016740688228180856,-0.024127804826285612,-0.022777005683584678
MOZ,ssp245,mpi-esm1-2-hr,-0.007004282186322292,-0.002916047882162548,-0.0041358437892136685,-0.002221464664080977,-0.0016569620639426451,-0.0013750909519281785,-0.0011161237393210015,-0.0009491797141491815,-0.0007394459684160404,-0.0006061192308064956,-0.00045147176212229827,-0.0004215684902515466,-0.0003533870831917837,-0.00034392744776281196,-0.00025528018332500734,-0.0002330814818555807,-0.00018166171247386575
NGA,ssp245,mpi-esm1-2-hr,-8.683806088086884e-05,-7.975055171850498e-05,-4.564907847151578e-05,-8.557932408871627e-05,-9.933428457797269e-05,-9.783068409869923e-05,-8.5029236433592e-05,-0.00011271646705802277,-0.00011062239742634033,-7.99481539712702e-05,-6.201741778056615e-05,-6.29985962709365e-05,-3.4979870019456365e-05,-3.0351111881204945e-05,-3.541391786056526e-05,-2.347353593541594e-05,-2.236001394581795e-05
NLD,ssp245,mpi-esm1-2-hr,-0.002588559126904636,-0.004597001651258852,-0.0022939841980061226,-0.0022414737041640503,-0.005175145732411336,-0.002849580083184349,-0.0026963003027635386,-0.005733125336076318,-0.003462805995876611,-0.004380852025695161,-0.004065358474291918,-0.0027630578314592484,-0.006754368873077294,-0.004673349786976345,-0.0021309430631772834,-0.0033125155330273434,-0.005027988095690705
NOR,ssp245,mpi-esm1-2-hr,-0.002150952725323544,-0.0016566741987292589,-0.0029713502206767713,-0.005476859609514404,-0.00392949252273753,-0.0023833347997252877,-0.004025635266231471,-0.006461766727399839,-0.0032725968940239916,-0.005829331618746184,-0.004039789938098112,-0.004391359546420157,-0.0034579243127265055,-0.0028561260768893617,-0.0025088999109165104,-0.002450143290378035,-0.0027825394695876076
NPL,ssp245,mpi-esm1-2-hr,-0.10476994018857168,-0.10201576675415082,-0.11184559208441217,-0.11891625395910985,-0.1423356441293392,-0.12158869752583171,-0.15377964364757835,-0.10313210502305023,-0.11597027913925863,-0.11649665616438165,-0.08244058187688598,-0.09843983628371131,-0.07114799675676511,-0.05286787958450286,-0.07364036098197783,-0.046215964518790814,-0.04306977266625797
NZL,ssp245,mpi-esm1-2-hr,-0.004604197629566399,-0.006476835121455082,-0.00448589081364628,-0.004603192232976969,-0.006296848020665334,-0.006426496625820597,-0.004327720162542853,-0.005536173436740791,-0.004333841613885652,-0.005417580351735354,-0.005091878084355258,-0.004198831769267396,-0.004713046377807289,-0.003985740975781162,-0.004210961485231282,-0.005095758959726936,-0.003501141570021721
PAK,ssp245,mpi-esm1-2-hr,-0.2387901464214724,-0.04979864936012746,-0.10610263464728825,-0.08033626091787756,-0.04406410477562324,-0.07888004340763562,-0.05791307815647908,-0.05542000343066692,-0.06921365626029242,-0.040674792738574925,-0.04230369049648764,-0.0416452741023032,-0.025281027643134824,-0.02323827975457371,-0.028703797787011806,-0.022344423962306792,-0.022741484199202827
PER,ssp245,mpi-esm1-2-hr,-0.0041333055740558075,-0.0054257277452486085,-0.0032579499795298674,-0.0052353349295993935,-0.0032622256352719562,-0.0024782001916057498,-0.0020996948920913284,-0.002532786368086697,-0.002131422031133686,-0.002219588958189198,-0.0025163610553250574,-0.0022814889345324574,-0.0021763318478910804,-0.0016019182953854235,-0.0019326511587603916,-0.0017940216683513712,-0.001665680480892607
POL,ssp245,mpi-esm1-2-hr,-0.05918523988290615,-0.036132860512021664,-0.03986526657404676,-0.05019788436724937,-0.09673000416292626,-0.058414284680288905,-0.0563576721150948,-0.0428607649323437,-0.05744002827273722,-0.10423066476769585,-0.07795872416062923,-0.056211397767725754,-0.10610312908344187,-0.12894052613683893,-0.04686931138882991,-0.08540719051947396,-0.1099674102173839
PRT,ssp245,mpi-esm1-2-hr,-0.001825934169225342,-0.0022709427995473304,-0.0008298145101636079,-0.0012668341942640455,-0.0007006466530544783,-0.0022861169480349885,-0.0016195368954719626,-0.001724457805900369,-0.002979495781823919,-0.0018416682919548007,-0.0017872948737891199,-0.0010658653682309412,-0.0024311466287812813,-0.0021971292577910757,-0.0018638537796579367,-0.0021176064044631958,-0.0018979180091810446
PRY,ssp245,mpi-esm1-2-hr,-0.017261829118048133,-0.023789629089483958,-0.024480750041358964,-0.014694138674433132,-0.014528331302101469,-0.015875411099857333,-0.012581372961439291,-0.013103580522238919,-0.014804730963498304,-0.014573628551331996,-0.011457964771799686,-0.0100057441718582,-0.010252227524904529,-0.00944535663626473,-0.009089916091894,-0.008036769634368066,-0.00686390213233887
ROU,ssp245,mpi-esm1-2-hr,-0.14848569954789737,-0.16489074599421044,-0.06919312608268818,-0.1372187388126122,-0.20011843665006077,-0.20639293187301488,-0.25556493349635034,-0.09245416359897518,-0.18647436649632873,-0.24012392330843438,-0.21952898408316027,-0.13043122908750565,-0.3188270223955577,-0.44694300760604666,-0.28866395096686776,-0.3007950714475983,-0.22587567573728234
RUS,ssp245,mpi-esm1-2-hr,-0.11952033608327556,-0.08425206462497077,-0.04970154274790469,-0.0824748675954761,-0.11136498982265673,-0.09371813778101418,-0.1363422632796769,-0.1472799844197057,-0.11416598826981432,-0.15205066547360852,-0.10573862657444098,-0.11511911062745017,-0.12717326702496823,-0.13712619838970805,-0.11108560515433756,-0.09637355027052137,-0.1105980824972245
SAU,ssp245,mpi-esm1-2-hr,-0.00994455033585358,-0.017619499441388548,-0.01596996866918971,-0.014318574898156909,-0.014374776137999888,-0.018118936880565817,-0.017650062472554594,-0.014603903092391356,-0.01759147469159058,-0.01561988063159366,-0.018079113038525396,-0.01671734599553373,-0.015594127604068869,-0.015209335540064891,-0.014086846161165843,-0.013582245679192188,-0.01262409801310177
SRB,ssp245,mpi-esm1-2-hr,-0.20836610677560535,-0.21143854964212988,-0.09655403801256855,-0.17730495849311625,-0.33810441905655825,-0.3603176631145329,-0.3391304427344825,-0.11766148301226295,-0.2893018800121606,-0.325553735633876,-0.2634396053991932,-0.2218622725283036,-0.3647978327476464,-0.5373324857549713,-0.31508590297014694,-0.3468971075499174,-0.3015855378714299
SVK,ssp245,mpi-esm1-2-hr,-0.08254852226349227,-0.0646679924655458,-0.03674828490304406,-0.05624876049046283,-0.0988932869896246,-0.06026892948824002,-0.0671357868231801,-0.029642647199169272,-0.06848338583730773,-0.10120159174609679,-0.05129082214684718,-0.03592876796949275,-0.06839902294875473,-0.10206366704802583,-0.03704988305806906,-0.05692742362540759,-0.07582662349396202
SVN,ssp245,mpi-esm1-2-hr,-0.010293917167249755,-0.01355861047665072,-0.004712303205174825,-0.007607386867270748,-0.010624419172238804,-0.011732280345540823,-0.010341780605292106,-0.006096223021333526,-0.01561101942896415,-0.01538125445882084,-0.007019660338493826,-0.006630984053622107,-0.008536539418202403,-0.01322510677040616,-0.009365188571118963,-0.008338931699100025,-0.008755660215935056
SWE,ssp245,mpi-esm1-2-hr,-0.010069610240813964,-0.005557454915618028,-0.008982671779821065,-0.01262885173876061,-0.00984118579324417,-0.007425099813840449,-0.008359384035356639,-0.018827577154806846,-0.008863952611120074,-0.016574224760614854,-0.017223956247659006,-0.012228365747232479,-0.012206991075791115,-0.009198733602573466,-0.007031312424290335,-0.008121792975904664,-0.011999890231369097
TJK,ssp245,mpi-esm1-2-hr,-0.08501380199660062,-0.13033490262361694,-0.0954740095958237,-0.06625653084062777,-0.08167479217649104,-0.05773482355847434,-0.08797744515353069,-0.037307317719199984,-0.05368824542984649,-0.04111473359921212,-0.05007938014786471,-0.035525040753089966,-0.04887360298989371,-0.026743254344197415,-0.031173655810588036,-0.02732352962760958,-0.02208844222305319
TKM,ssp245,mpi-esm1-2-hr,-0.10171638524397121,-0.13586817421802655,-0.08181997927635223,-0.0635075424980417,-0.06531025457650488,-0.05557590437993918,-0.09713341350919277,-0.06260393908131298,-0.06437123274743421,-0.05578574898547865,-0.08373565125446,-0.06855586977680522,-0.07971553711640406,-0.05703933222069987,-0.08153317954899188,-0.06201413905792848,-0.060871788917586156
TUN,ssp245,mpi-esm1-2-hr,-0.10678843563233031,-0.09607025847945065,-0.07063614453105681,-0.05411680314326981,-0.05973957779268092,-0.06413505812547164,-0.048429397070202655,-0.028603786382690146,-0.062057385241600524,-0.04380229638244261,-0.05415676228264376,-0.047921894940500157,-0.045536456569326735,-0.036717607340779654,-0.03611067249363198,-0.04826823053439947,-0.024297149150728406
TUR,ssp245,mpi-esm1-2-hr,-0.03374360463605377,-0.010088358041705171,-0.005192728206288168,-0.010007023545803698,-0.006913680129565158,-0.011434727465058159,-0.014949710446096762,-0.008964542610077137,-0.011263775880899569,-0.010546787021292504,-0.012303838640268178,-0.011627739334982049,-0.01266438013112998,-0.012627357511443501,-0.013757892484215302,-0.00889148391212901,-0.009461739282140455
TZA,ssp245,mpi-esm1-2-hr,-0.006804214668275872,-0.00507760914015356,-0.0029072046498600825,-0.0024450906532017436,-0.0019385271675858508,-0.0025247630994829377,-0.0013735954580092354,-0.0014381128143186631,-0.0011630118799909447,-0.0012508919073406267,-0.0007225620726178223,-0.0006416688074839959,-0.0006601936692859159,-0.0007103569189637473,-0.0005754047233508005,-0.0005353982294265526,-0.00032111539743603695
UKR,ssp245,mpi-esm1-2-hr,-0.673101013502513,-0.12636376590197315,-0.11586787242508123,-0.23502168417044605,-0.3078221526378302,-0.24804199230095528,-0.33998403912928243,-0.13948540854506639,-0.17054986407304046,-0.26141691647560544,-0.20111553895423526,-0.14543129548770792,-0.22885248630777982,-0.28929356772921266,-0.1314924568682666,-0.15079656099992916,-0.15161506822159354
URY,ssp245,mpi-esm1-2-hr,-0.0031349954596419003,-0.030888528140384425,-0.028611257770724242,-0.0337336017773727,-0.02743520244749192,-0.07812985161206479,-0.03135655717594778,-0.02764670391804959,-0.026243312874292275,-0.023372425273973856,-0.04303035227837613,-0.028824880173435118,-0.037363946021709844,-0.03172992029453837,-0.04580376649959439,-0.028612429475329708,-0.027980047622930212
USA,ssp245,mpi-esm1-2-hr,-0.007303474979328061,-0.003948524537543266,-0.002487701131255737,-0.005014148184924051,-0.009618892029184633,-0.006801010511939231,-0.012738447272079699,-0.007558438677772433,-0.01118684572752085,-0.008007899878478598,-0.007470492686121273,-0.008062324129248196,-0.006866603245549546,-0.008959516234098854,-0.0066861491124370325,-0.0077027616661384385,-0.006230993194767656
YEM,ssp245,mpi-esm1-2-hr,-0.005960197204385531,-0.0017812251686515803,-0.006704652798957248,-0.0061003608677440155,-0.0036268404165499834,-0.0017822527383733577,-0.0024677170760129025,-0.0023399923884232917,-0.002258545581392117,-0.0022361890307019687,-0.001923007210344744,-0.0018691787592029663,-0.0013479866839757938,-0.0013894064816280833,-0.001291206138375023,-0.000992532280608499,-0.0010510843428717471
ZAF,ssp245,mpi-esm1-2-hr,-0.007897534235658105,-0.018108608431349843,-0.015995008797698558,-0.0165702319315922,-0.010664253786525786,-0.015587843954918537,-0.01526104067546607,-0.011120714602296113,-0.0072528213535166825,-0.009983815823516425,-0.010622013492407479,-0.007834099306432089,-0.007115181575807183,-0.008322658457735905,-0.008153620482142156,-0.007566738376836097,-0.007438529968962571
ZWE,ssp245,mpi-esm1-2-hr,-0.1017695869937259,-0.03183472240582718,-0.12322293045278776,-0.0508533384233879,-0.05055344859052238,-0.03141665076948534,-0.03695170746226705,-0.04200599234519943,-0.033745387700673306,-0.028664939763923973,-0.02334741129435014,-0.020787719822064076,-0.02047142846179062,-0.02130107033507951,-0.017172379551889886,-0.014681975465289413,-0.011552869484234922
ALB,ssp245,mri-esm2-0,-0.05287306452648684,-0.14076711781606674,-0.08646212789828558,-0.21317572525732525,-0.13411085847934884,-0.14804455878570322,-0.13067960455295105,-0.14375580952254724,-0.13876832547417342,-0.17040019026707465,-0.17374848700320747,-0.24597571788478723,-0.28148199085482817,-0.27792260082769793,-0.26609140779285956,-0.2242242095286712,-0.24805601524651627
ARG,ssp245,mri-esm2-0,-0.009939824405095738,-0.002109099040100503,-0.0034791474908667784,-0.0019981787257492994,-0.0019244979446012144,-0.0021047254267553567,-0.0020393279446513646,-0.0022315453988772647,-0.002332216084238686,-0.0016978848544978928,-0.001385303482086505,-0.0017546677639571867,-0.0018290136411729567,-0.0015827087135443858,-0.001552306418408914,-0.0018979993109723003,-0.0013442169608523058
ARM,ssp245,mri-esm2-0,-0.022696325757589002,-0.06345175359664791,-0.031487057530892815,-0.03265954348583481,-0.11415985119180067,-0.04401646613148104,-0.041620845869177615,-0.0848451657016718,-0.05081990996701696,-0.05370684270147614,-0.058269272816419734,-0.05784354333724986,-0.05575067001955609,-0.05206331626445127,-0.050844993625315464,-0.07557774981871457,-0.044384268937375335
AUS,ssp245,mri-esm2-0,-0.03791149148237072,-0.036388643013927136,-0.053160855818144455,-0.059052634917798726,-0.07136036606307307,-0.05878974483527538,-0.12526534103618298,-0.06977342851578337,-0.07544498333274273,-0.06474237910875225,-0.08424504484886794,-0.07433039850395753,-0.08282225464065959,-0.06817924436010922,-0.07585563394225306,-0.04730651436222717,-0.05788793796361242
AUT,ssp245,mri-esm2-0,-0.006514002757972674,-0.010957780924190396,-0.008811088219032384,-0.009973510347012337,-0.012228424810242203,-0.012387694973224771,-0.01067912463502175,-0.011145046797502726,-0.012061278318798127,-0.012285478961450956,-0.009337044647687868,-0.011141670777768285,-0.010849706497757794,-0.011602573935389207,-0.008063820434442133,-0.008980781957224095,-0.008456228455476975
AZE,ssp245,mri-esm2-0,-0.06525925464422343,-0.1314312188782401,-0.08871835514557007,-0.09233898366773123,-0.2452000905294408,-0.11531756841247712,-0.10487833879928808,-0.19219445442018115,-0.10713800695260804,-0.10939394189397669,-0.14947891611586062,-0.1473464503762519,-0.10873550727581512,-0.11227626490820833,-0.09530357379436331,-0.12355083269483288,-0.062211294185627694
BDI,ssp245,mri-esm2-0,-0.023553825246611086,-0.011232754868261762,-0.008768650956763213,-0.010055566001944722,-0.00563123298726868,-0.004133932661597458,-0.003358348741583759,-0.0031773740454864603,-0.0022159231098728698,-0.0020437303683896344,-0.001393140794126266,-0.0012831786098008793,-0.0012662625369113437,-0.0009020575095057828,-0.00078110861920454,-0.0006519477469914789,-0.000945709362518229
BEL,ssp245,mri-esm2-0,-0.005070323577887975,-0.009957919877793084,-0.008164116783022932,-0.014508166973788723,-0.010861533153668742,-0.012177592732630976,-0.012732903678847588,-0.009342610120664044,-0.014745530790122804,-0.010458188563830954,-0.008696884030617028,-0.0071013725606202584,-0.008129351745231408,-0.009818236364996942,-0.0071914336970291615,-0.007542882166373149,-0.007913275992717635
BGD,ssp245,mri-esm2-0,-0.004111212388962445,-0.005830496393825352,-0.0066080487955222835,-0.007947689138206952,-0.005898419361020919,-0.008012487150557239,-0.0060367967277882555,-0.006007936941073381,-0.005671633253349136,-0.005399848137637944,-0.00449575286111372,-0.005782595471874322,-0.005696377063954368,-0.005719065535119492,-0.0034077899135781598,-0.0031947415895086286,-0.003445476561865715
BGR,ssp245,mri-esm2-0,-0.20260254474162953,-0.3770165881291737,-0.260011227898668,-0.26573042865740487,-0.30911985516817797,-0.525582583459501,-0.43518361552159457,-0.2896417152085033,-0.591024006516634,-0.4585785287941673,-0.3698919676283285,-0.5593315024278037,-0.473620647087166,-0.6974558841413735,-0.6758915824000652,-0.4555913652280602,-0.4225951295890955
BIH,ssp245,mri-esm2-0,-0.03462891932283884,-0.045405673499989,-0.03997226485433443,-0.05569594107323899,-0.05075870070012338,-0.05427852630451752,-0.059667816696712936,-0.06591642309278008,-0.06441920273299793,-0.07381337740939727,-0.07750009667990622,-0.14219018593059404,-0.11089929767605905,-0.13235498148788938,-0.11052959875623275,-0.12731155556174364,-0.13291993984347644
BLR,ssp245,mri-esm2-0,-0.04287105941317626,-0.03954290883975375,-0.03091730456000382,-0.056695668818923975,-0.035386529728594275,-0.030667036918072113,-0.03638734655239449,-0.030518830652926446,-0.035875016651671456,-0.044980361354053644,-0.02806215315123104,-0.029667582134431825,-0.03109517047803263,-0.041409532122108815,-0.02239938649549521,-0.027034903356838166,-0.028266456238177008
BOL,ssp245,mri-esm2-0,-0.023488484781540555,-0.023377491908939278,-0.015167839075457752,-0.02657602134592555,-0.02379611757656652,-0.01946725239379466,-0.017005533693558336,-0.01690715814911303,-0.013673648112827655,-0.021102671042162152,-0.012030206328969846,-0.011210797272510025,-0.012759847317993775,-0.010802947033014822,-0.009121782841863563,-0.006797784770480515,-0.007987094877849382
BRA,ssp245,mri-esm2-0,-0.0058083209615106875,-0.01149210270982608,-0.007407425497483424,-0.009371381058362752,-0.007958897394470232,-0.007836906294920497,-0.009494923170147704,-0.010867828519943501,-0.0080760153732549,-0.008225460370562914,-0.008114119155860605,-0.010138560013299424,-0.007508783063316368,-0.007816060714466836,-0.00810992091498909,-0.006830083493120674,-0.006897068655403489
BTN,ssp245,mri-esm2-0,-0.002446563105699581,-0.0010457154804268684,-0.0005416168830691398,-0.0007720584035949442,-0.0006451148120220949,-0.0005829108155247507,-0.00047936220232159816,-0.0005229731651214209,-0.0004470685949354805,-0.00040454392993827563,-0.00033822198148383375,-0.00040037660864253197,-0.0004954499003707235,-0.00047091298871314026,-0.00036577784402658004,-0.0003643883362513362,-0.000354151581816991
CAN,ssp245,mri-esm2-0,-0.058165604090823,-0.04622415540733267,-0.04933173716853166,-0.060623236384001904,-0.05009648344904688,-0.060576084018223564,-0.057149573308614005,-0.0838849372696273,-0.06865202040322524,-0.05715316407499054,-0.06059807852717454,-0.05402891924288128,-0.048339393859123427,-0.04751099798990761,-0.03853038806109387,-0.04766703092961959,-0.03525742218779191
CHE,ssp245,mri-esm2-0,-0.002199228369452579,-0.005132378962561202,-0.005455699174418275,-0.00502982466211941,-0.006789573485793575,-0.005880053768392923,-0.006793254239975094,-0.006032853282685532,-0.0067216730543094025,-0.006530518720193687,-0.00496863455049037,-0.005146332606230364,-0.004774280753248298,-0.005099295342594501,-0.004263966906379662,-0.004988290695261021,-0.004882044071948407
CHL,ssp245,mri-esm2-0,-0.013009950137095671,-0.010780673991406363,-0.008937995530938356,-0.008912064140382835,-0.00901202031591643,-0.009180826651220775,-0.009889333201150756,-0.010154302590865822,-0.008314359459976666,-0.00915187832957753,-0.008393226231601736,-0.01120935136819901,-0.010303992427278487,-0.010531151126109854,-0.009364232302941308,-0.010295517086773764,-0.007164715067818898
CHN,ssp245,mri-esm2-0,-0.04020853066593652,-0.034443071033961124,-0.03798113209409944,-0.03715211518330712,-0.0521049442523201,-0.029884519424137716,-0.039569460877901516,-0.03249272348086548,-0.04410784233674043,-0.041162143098694155,-0.03748336902806371,-0.035248134394943995,-0.04407404864621098,-0.038155611562311204,-0.04425454143195841,-0.039045453459387265,-0.036666925440016145
CZE,ssp245,mri-esm2-0,-0.03930298353010384,-0.08469987967918638,-0.07662989872315447,-0.06859129945419731,-0.06289716267711205,-0.06718143694814621,-0.059340962018155634,-0.06184578932645967,-0.0700821851350321,-0.07415557583171062,-0.049965887729432217,-0.059643123583979545,-0.057442727469912996,-0.06691634972078819,-0.04600887977300717,-0.054957996358510085,-0.05649083341867369
DEU,ssp245,mri-esm2-0,-0.009873899447356758,-0.018441392289462632,-0.025947229046454256,-0.020184258270749274,-0.020792883410842816,-0.02321609830203841,-0.025090070295220146,-0.018838119120433528,-0.025543435029598615,-0.02529057846579802,-0.01685208969747323,-0.016338234857243658,-0.018993842771172907,-0.02273532897361129,-0.0144051660796895,-0.01779590819919279,-0.017770716244064597
DNK,ssp245,mri-esm2-0,-0.019859705690799773,-0.02596038206817486,-0.033762007268822114,-0.052116906266419356,-0.027560589389087835,-0.021839982191746606,-0.033954259323689034,-0.03077191367761583,-0.036229304042260234,-0.04580950287191919,-0.023282404544245742,-0.021705183887882316,-0.030998627606448902,-0.034466645305220985,-0.021768446184823553,-0.025316968614242166,-0.025204583303888715
DZA,ssp245,mri-esm2-0,-0.0673150540477859,-0.17491217419746538,-0.0725043526998928,-0.05210617186576466,-0.1253334892665516,-0.06331124776765717,-0.10846952611919707,-0.10188134689038297,-0.05947323241018656,-0.07648946429384473,-0.08375787938812186,-0.06426417764201457,-0.0836546931954673,-0.0676349998210143,-0.06316194775849641,-0.053066481547729846,-0.03474429474034625
ECU,ssp245,mri-esm2-0,-0.0004538212396427017,-0.0003452943815482188,-0.00036592838342581444,-0.0004019180892344995,-0.0003532981649834786,-0.000414152545034908,-0.0003600949329778288,-0.00033518936128416746,-0.0002887135022985844,-0.00028908381005808505,-0.00023485721340568098,-0.00023334768804573688,-0.00021427110445023393,-0.00018480194067355853,-0.00018500717749799224,-0.00018423178199974255,-0.00014417221231278568
EGY,ssp245,mri-esm2-0,-0.1477659338503595,-0.06581153654991706,-0.05321109178475113,-0.052344802024141414,-0.041519167747152,-0.03581732868784333,-0.031917215212279255,-0.027865722824166935,-0.025929150845679018,-0.024285266054298267,-0.02113699901863229,-0.018015704338103136,-0.017516376365495044,-0.01606297786927454,-0.015143252126124572,-0.015484554600686396,-0.013301654342157923
ERI,ssp245,mri-esm2-0,-0.13282997285047926,-0.3535117252430038,-0.321790102688224,-0.0715525359567742,-0.41288453017165405,-0.25442709353940574,-0.3476258482000456,-0.3459585313054237,-0.2951386671536355,-0.27588890857335857,-0.2869585643671224,-0.22448356662963945,-0.22070150754911352,-0.18810756670253714,-0.1528256494577144,-0.11354630727542322,-0.12215176354444948
ESP,ssp245,mri-esm2-0,-0.017286420184999027,-0.027043046105208367,-0.020559463697012663,-0.014896358468758749,-0.03400202549641561,-0.015280336979483024,-0.018404375583147455,-0.030394713518723495,-0.02634202041859134,-0.01633905047257963,-0.03301805747416915,-0.039569683870640714,-0.039088469095815405,-0.03132618614089229,-0.021256077548892922,-0.02096682164925669,-0.020106662988434887
EST,ssp245,mri-esm2-0,-0.059236923188937377,-0.04825139108356802,-0.046087864875247346,-0.11943206753948095,-0.06563911901459775,-0.0457045762585983,-0.04976239543943125,-0.0538011336879137,-0.06588528848652371,-0.1001763611704249,-0.060167140503343354,-0.06566283120306128,-0.067154650032281,-0.0733821291709888,-0.04908583799731498,-0.06097158913261223,-0.062045898495552684
ETH,ssp245,mri-esm2-0,-0.097625577879082,-0.1322633439358908,-0.09817672343630389,-0.08272900950112644,-0.08428129155910127,-0.07150190498152842,-0.052389441704581215,-0.051456483751949174,-0.044450793831079236,-0.032593783879941086,-0.02912462579446942,-0.02920760845802927,-0.02117462329948103,-0.02065709987187017,-0.015460617334425117,-0.012876815857330878,-0.013969871773001364
FIN,ssp245,mri-esm2-0,-0.007778120210185124,-0.00899136784427815,-0.007027497375842032,-0.01237547754447867,-0.01043856447543453,-0.006743988021727562,-0.009195182732462677,-0.01074361520076627,-0.012682925387785622,-0.016141899295757545,-0.010089199455498089,-0.00863106928540402,-0.00989507492946251,-0.00970287179048095,-0.007912247039724929,-0.009124690893372197,-0.008867716150346525
FRA,ssp245,mri-esm2-0,-0.01459452167862333,-0.03883968918311923,-0.043088138187684005,-0.049504246978413435,-0.0535190709802212,-0.0378381324300083,-0.04785235426610464,-0.03994408090050825,-0.05523830242642133,-0.0373044476565395,-0.039818246810523886,-0.0423264812180216,-0.03362593760394064,-0.037136063782232547,-0.028224737887536565,-0.028432490631114405,-0.031364837673519025
GBR,ssp245,mri-esm2-0,-0.004219243088374231,-0.010999523927476088,-0.014472700480862901,-0.024713422589391482,-0.012572835066149653,-0.009842720813715556,-0.012873821944040234,-0.011037944397932048,-0.01572742225586607,-0.011429649392182925,-0.00934354813761775,-0.007825122682877668,-0.009132753912495567,-0.009818771290685351,-0.007753499777087196,-0.007905053805132541,-0.009082143469404344
GEO,ssp245,mri-esm2-0,-0.0085676525005506,-0.0215134985309171,-0.01711880450238358,-0.019423600453241853,-0.03953843737121401,-0.02019042476614831,-0.024330048503331477,-0.028655433732626023,-0.02597707325076531,-0.025790819684250406,-0.025560313221957398,-0.028942696665414033,-0.02785452785672074,-0.02637663595728254,-0.023082492455950045,-0.02922238049832959,-0.024118490161415325
GRC,ssp245,mri-esm2-0,-0.014657974903805271,-0.036635617247514206,-0.018793306320694793,-0.019808157356396225,-0.02842825651547331,-0.030679454868596346,-0.028839937868639323,-0.021976362674476717,-0.021480373873486776,-0.022972149636485018,-0.020025889134721832,-0.019623491140333526,-0.027783125429584322,-0.024833356358410975,-0.03023405735922948,-0.024958307137561805,-0.01742130033099717
HND,ssp245,mri-esm2-0,-3.534010347696143e-05,-0.00010454229419489184,-4.9746436867623865e-05,-8.370964253275909e-05,-5.1977572394930994e-05,-4.67060586306484e-05,-3.4748220071381054e-05,-2.710328168263022e-05,-4.082555107196825e-05,-3.3490657858699556e-05,-3.286612853171763e-05,-1.965789496694089e-05,-2.0185724389634618e-05,-1.945234393636181e-05,-1.857949868412281e-05,-1.527749276955362e-05,-1.4092213288941625e-05
HRV,ssp245,mri-esm2-0,-0.026138137235555838,-0.34939177376363767,-0.3018280617013878,-0.46119089925145595,-0.41091547491017827,-0.486634553365828,-0.4939824180368253,-0.5658930387686608,-0.5057202214690725,-0.5481398650290219,-0.4716324123614316,-0.9039892327048336,-0.6302002743205306,-0.6904131283391856,-0.46899265597463585,-0.5196473801208045,-0.4840862597101644
HUN,ssp245,mri-esm2-0,-0.06119361327344247,-0.06685567326190256,-0.05796522323591449,-0.08897096696649714,-0.07719489015400827,-0.09637205630329748,-0.0795666247446507,-0.09898051698968789,-0.0972975877111956,-0.08899482722058534,-0.07460791462411129,-0.10358406532191015,-0.07922787557929609,-0.11351977917007396,-0.061230438057661575,-0.06965227369829642,-0.06399095346033792
IND,ssp245,mri-esm2-0,-0.04468599562609231,-0.0547265884500716,-0.05849275820414251,-0.06930469307439227,-0.06052736666353279,-0.0788114343395313,-0.08095460118075798,-0.07352126103157337,-0.06566032514940874,-0.10124592066399689,-0.07829473513816138,-0.07127331139143461,-0.05651522384293271,-0.061060942686044686,-0.06463013646779012,-0.05033756724808638,-0.04952178133006004
IRL,ssp245,mri-esm2-0,-0.0011880353289194052,-0.00207300097504918,-0.0016767998141359519,-0.006714045328183003,-0.002819025731650702,-0.003033086907533055,-0.003927857058211209,-0.0031750654260865366,-0.004781962619997642,-0.004723971054477353,-0.0037463197491241105,-0.003502308937899559,-0.004191043810227184,-0.004943633688478083,-0.004347607820348828,-0.0042027071658218736,-0.004369875611693207
IRN,ssp245,mri-esm2-0,-0.04088435428674527,-0.019547813611732457,-0.021564657421205318,-0.008467336670522978,-0.02470635516211864,-0.01170719423970256,-0.008527596956187216,-0.019314147614160705,-0.011111000054977194,-0.007791083592816641,-0.014120857059993528,-0.009705085669710118,-0.009936023990528564,-0.009422605859976113,-0.00817580450102479,-0.010378452375553286,-0.006696867020532014
IRQ,ssp245,mri-esm2-0,-0.25940277737078715,-0.2058893014858028,-0.15164063111777595,-0.09133221159906685,-0.18987991054807263,-0.07791727156906016,-0.07999076620430745,-0.15061792796168919,-0.10419821007759651,-0.08523009053629778,-0.10401084899966516,-0.08468239751439793,-0.08244508816901551,-0.0718772982076625,-0.05214143972075136,-0.06258180094580013,-0.03939340698254826
ISR,ssp245,mri-esm2-0,-0.0008005961778070436,-0.0007849269630961879,-0.0011414759152738227,-0.001073896990938008,-0.0007540535963046872,-0.0006347816899047172,-0.0009359017250096444,-0.0006661688807056517,-0.0007474324645324135,-0.000682651481140188,-0.000781659414345922,-0.00042888245131365697,-0.0005741931868500961,-0.0007046279399881912,-0.0005871909689826832,-0.000616780957153486,-0.0003669238551709771
ITA,ssp245,mri-esm2-0,-0.007929034220639935,-0.015841043856363927,-0.010894007032580696,-0.01031367180102958,-0.025559737528317764,-0.013971593073667878,-0.016465572880420953,-0.021467298944991647,-0.014966015502159114,-0.01587033707893402,-0.01685829116248699,-0.024626705220055473,-0.022814774738521608,-0.018481947901895453,-0.018072794287916794,-0.01659535967861924,-0.014364448053822795
JOR,ssp245,mri-esm2-0,-0.0033499938620106962,-0.005218377711603802,-0.0061712884923635315,-0.005182639479224341,-0.003698453559017993,-0.0024007460582278514,-0.003349085727566847,-0.0023107080506396026,-0.0025248063399465163,-0.002197554404181156,-0.002181988628531103,-0.0013659978517031376,-0.001750900487207888,-0.0019736744357123307,-0.001612194824010327,-0.0018298864136152189,-0.0010609621930704287
JPN,ssp245,mri-esm2-0,-0.0005510423931254914,-0.0006096138515119087,-0.0009106238104797169,-0.00058754328711915,-0.0007831043102817792,-0.0007860858573531596,-0.0009081047835515556,-0.0011463853257345342,-0.0009142229228179521,-0.0009235891240633339,-0.001061661423657769,-0.0012465323388137052,-0.0011612943628896086,-0.001177411471723483,-0.0010982289550332258,-0.0010986227169152577,-0.0010933735696968061
KAZ,ssp245,mri-esm2-0,-0.17888793361312869,-0.06246594318783503,-0.10721463405856992,-0.10007347666501447,-0.0681186622286759,-0.120366327198244,-0.07777555183162328,-0.09062786053389248,-0.06334066419189589,-0.07587776228945346,-0.07538285460801288,-0.10536180344720417,-0.07872716966892701,-0.07632996548596804,-0.07491487501516114,-0.0795635641358648,-0.07878245424673655
KEN,ssp245,mri-esm2-0,-0.01386286246309176,-0.00904793491931202,-0.007378680338805919,-0.0061812104590189655,-0.005322067632460769,-0.0050453129736525975,-0.004693212641998313,-0.004933905658791923,-0.004275967020524348,-0.0034114049870229827,-0.0033405893315256495,-0.0036350378381762942,-0.002550894016791079,-0.0023808158542476753,-0.0019226809163600373,-0.0014585780886662073,-0.0021030948855200954
KGZ,ssp245,mri-esm2-0,-0.11223987186239781,-0.15777246942336048,-0.1723685880551268,-0.10368853831917552,-0.16846633086928434,-0.0916921841966526,-0.11523186992043102,-0.10150599189194959,-0.08378114542347607,-0.06967847026591835,-0.08062299677319901,-0.05084659392637362,-0.055215442675984966,-0.04384599454697717,-0.06174010086512295,-0.0595386897425043,-0.03999996343639698
KOR,ssp245,mri-esm2-0,-9.14706034282811e-05,-0.00013450533788932648,-0.00014830738632999672,-0.00016687832018606296,-0.0001333666086922759,-0.00010602641176782632,-0.00012747535259811818,-0.0001836038840330155,-0.00016669620852037645,-0.00014650618485492593,-0.00015636592728750275,-0.00019317218378698414,-0.00016894122595666417,-0.00018331557329851733,-0.00016473861953102307,-0.0001826688071347668,-0.00016856982382287028
LBN,ssp245,mri-esm2-0,-0.0045774971114119585,-0.00012314930561234104,-0.00018619589348352515,-0.000156599713132522,-0.00011677390542842192,-8.202818262142576e-05,-8.06998296090006e-05,-7.914676294690767e-05,-7.511574282931854e-05,-7.290693930659619e-05,-7.613425340222015e-05,-5.101419182129152e-05,-6.51009687624843e-05,-7.373536641122773e-05,-6.641143532740388e-05,-7.980361646895765e-05,-5.138508025327185e-05
LTU,ssp245,mri-esm2-0,-0.1979024082381057,-0.20080789209252692,-0.19057229021505562,-0.5162779874006017,-0.25509462325408394,-0.2250757713449295,-0.28888305351589627,-0.2782120395671888,-0.37682986978725497,-0.5899001546565138,-0.3349882613211501,-0.3778760449401397,-0.4421457603136012,-0.6274028975285959,-0.3724298526400303,-0.4674252375826351,-0.4885029709051721
LVA,ssp245,mri-esm2-0,-0.16368398947590193,-0.1543181704482497,-0.1456458861797011,-0.3537852767590531,-0.20733524017146807,-0.1595889780531467,-0.1920972156725635,-0.1883180186135917,-0.2528236657968756,-0.38663105351529664,-0.22468418471951798,-0.23757875519989763,-0.262310904881832,-0.3033950414754194,-0.2002751062576212,-0.24316655293573636,-0.2448007281921683
MAR,ssp245,mri-esm2-0,-0.045093505537014036,-0.10041730349041511,-0.08889431736006619,-0.034723258464498766,-0.05351315725907759,-0.02097141545438949,-0.03974849014635352,-0.049780104612617795,-0.029753063712065424,-0.02806554517541106,-0.046195265175583554,-0.0346244419645817,-0.04193069849155308,-0.030952801246166006,-0.02886280308243052,-0.02960023570808772,-0.021522822341025528
MDA,ssp245,mri-esm2-0,-0.10474751318330806,-0.24676236973255783,-0.1566751601976063,-0.1204398410932858,-0.20089855247515295,-0.2205029111572837,-0.1755155170272274,-0.17525777821763797,-0.3441896055580329,-0.20460805260307408,-0.16194465742369316,-0.26612000934764724,-0.22034977318167256,-0.3232991803676229,-0.17547912599980767,-0.1743714600360873,-0.1442631449956616
MEX,ssp245,mri-esm2-0,-0.00722211639314926,-0.005925099604589895,-0.009546742335262834,-0.008750314116020905,-0.014131145818155035,-0.009857936264479417,-0.008490893125031344,-0.010839901624242827,-0.010533281318818852,-0.008892322286862294,-0.009326980452949213,-0.00830919908866339,-0.007463154610627938,-0.007475830757474824,-0.00882410007850465,-0.007043770365195836,-0.007508486489886696
MKD,ssp245,mri-esm2-0,-0.053475127782965086,-0.06880331699727317,-0.046560878457996994,-0.05327999775574273,-0.055501061413449314,-0.05222438450471512,-0.0492483449027494,-0.04820111783669738,-0.05019027238666817,-0.056344046203266246,-0.05873378599626182,-0.062343744966975714,-0.07415235457915037,-0.08519984232497547,-0.08100710492981344,-0.06321989111209073,-0.06928653880301965
MLI,ssp245,mri-esm2-0,-0.012303866356466617,-0.02220478757546001,-0.008755996753457718,-0.013218793911581112,-0.011944028180504069,-0.00738806177361412,-0.0066363791219893695,-0.005327389771040518,-0.004455845210913347,-0.0037188396100774758,-0.003294817242945154,-0.002736653019609618,-0.002173024249636304,-0.0017378168711115413,-0.0015215105711882436,-0.0012851516149333137,-0.001164899615592619
MNG,ssp245,mri-esm2-0,-0.08567402905660629,-0.058166044370687245,-0.06496401460011919,-0.05781459215205832,-0.05182094295050533,-0.04234624835082944,-0.05578626384532976,-0.027985492334525654,-0.047301237755223595,-0.029098125900067714,-0.030624657374406162,-0.02779068089505713,-0.03141916844483608,-0.030731753880712292,-0.021918943994724032,-0.01799211243797715,-0.0233627345738849
MOZ,ssp245,mri-esm2-0,-0.002825146796959437,-0.010774226817187068,-0.002621298772461324,-0.002956016854531733,-0.0016238786437671067,-0.0019072107186547426,-0.0013567376772010739,-0.0013091070942112255,-0.0013793518144249565,-0.001066226038968433,-0.0005083046634633652,-0.0004753299645544069,-0.00044247870439650207,-0.000313967044075556,-0.00024367677992562193,-0.00022398336388187908,-0.00032120469604534263
NGA,ssp245,mri-esm2-0,-0.00017815986746640218,-0.00020671138366541703,-9.491857261217953e-05,-6.091347540929785e-05,-0.00013324311299135302,-6.927455964627954e-05,-6.417203124319183e-05,-5.3283471741489606e-05,-0.00010442893957710186,-4.4677319662967536e-05,-5.327807914692717e-05,-4.564005636418223e-05,-4.550330426387599e-05,-2.227716119349158e-05,-2.657927380808593e-05,-1.81741501160514e-05,-3.005850578859029e-05
NLD,ssp245,mri-esm2-0,-0.0014766118028714244,-0.003307733872796372,-0.0032490367384900207,-0.006169075072970613,-0.003923801512507422,-0.004537448614732667,-0.005378704210179645,-0.0036028948100969454,-0.00584634142489189,-0.004567952587319369,-0.003261484927523798,-0.0028553122941876712,-0.0035720932595825106,-0.00497486800920366,-0.0030861842353869405,-0.0031051634601114053,-0.0031312052153733535
NOR,ssp245,mri-esm2-0,-0.002491178604732948,-0.002825899741232612,-0.0024886051338449925,-0.005499837108492202,-0.004044955988558983,-0.0029032639965625197,-0.004437313115506149,-0.0032464659904075355,-0.004132637338434902,-0.005787075058213916,-0.0030580448871085804,-0.0024965360700918366,-0.00343264938813207,-0.0037106550890519596,-0.0026996163213910034,-0.0029046265427125524,-0.0033525818516463588
NPL,ssp245,mri-esm2-0,-0.13819482093565172,-0.1461400185481783,-0.08796172099892274,-0.16229522383109346,-0.15609434190407473,-0.203317073329339,-0.13425057457531434,-0.17783424897250985,-0.14265149010350492,-0.14045760286303918,-0.09178124032540033,-0.10216515875047062,-0.09259498687367651,-0.09331486446229095,-0.07395688094898564,-0.0584801453037728,-0.05580743990508975
NZL,ssp245,mri-esm2-0,-0.007121644298112136,-0.0042645104521447435,-0.0036817908081239305,-0.004533511369286521,-0.005169394787734581,-0.005812596050045672,-0.005850033082824455,-0.0050946423980352635,-0.005214274650973843,-0.004133498944420846,-0.0043179502977342375,-0.0053147590020752936,-0.0045705843104195,-0.004295354145151936,-0.0037737413913247965,-0.00541293275375092,-0.0036435981126583033
PAK,ssp245,mri-esm2-0,-0.02274975555111845,-0.07697743211706937,-0.11187271474862874,-0.0984894213341954,-0.11587528267274441,-0.08345458974226819,-0.10920140024795265,-0.09524031538547739,-0.0772883958491001,-0.08165386291080638,-0.07384756476092158,-0.033661926553933935,-0.046414007533104006,-0.03769779113997042,-0.040939439149788405,-0.03533510127597604,-0.030519770416235718
PER,ssp245,mri-esm2-0,-0.0028418185178092545,-0.0038268878007679374,-0.004839887784397696,-0.005181283991564475,-0.003732595923519161,-0.0035078999308850757,-0.0031852397668825955,-0.0033991394299279025,-0.0036530656185446006,-0.0028999742633870475,-0.0025036905124764626,-0.0022906812656035436,-0.0024524844735636735,-0.0021239694693206083,-0.002128064931940177,-0.0020404738378161525,-0.0017693344764760748
POL,ssp245,mri-esm2-0,-0.03335768064205046,-0.05712646321986784,-0.05166543124852858,-0.09452287854869271,-0.05294024265042673,-0.05561544048834079,-0.06275484656540384,-0.07205036592810934,-0.08438406210853316,-0.10454929060326623,-0.060853796547828826,-0.06736266787263682,-0.07278887783087808,-0.1094012447943174,-0.05805758460733133,-0.07473603131402032,-0.07360903648894004
PRT,ssp245,mri-esm2-0,-0.0011014481819573829,-0.0011649701149868072,-0.001542364580181083,-0.0017230565286532702,-0.0015425164542112462,-0.0007946167351086188,-0.001026320452433769,-0.001755681826811001,-0.001565092831043891,-0.0006386966047879488,-0.001989031074076554,-0.0021342744691436664,-0.0024068271757967407,-0.001732559099469093,-0.001469593036256398,-0.0011278053006899935,-0.0017349495153746912
PRY,ssp245,mri-esm2-0,-0.03796843462190239,-0.02002492283764379,-0.014092168600462047,-0.02751942455616857,-0.015805175463925857,-0.015113505308780783,-0.01504208776476942,-0.024311712823751677,-0.014153660025336324,-0.013048488076122246,-0.011904257817767635,-0.013582183983514745,-0.008972447826367124,-0.010762882488610143,-0.010144508449303742,-0.007696872041847604,-0.008419929318674035
ROU,ssp245,mri-esm2-0,-0.06461913992759978,-0.1260223800071797,-0.10176567018688198,-0.1076206782608414,-0.1362947823894595,-0.19247565717078655,-0.15677029708537468,-0.14313262021998363,-0.25447552233075404,-0.21072368354264018,-0.18032361240826036,-0.3006005446283708,-0.23306884084102852,-0.3728230012190344,-0.2564096782912859,-0.23274882057640883,-0.21256933681072782
RUS,ssp245,mri-esm2-0,-0.16734318306829718,-0.13923313677249152,-0.09174713278245114,-0.10294109762938222,-0.11670591729654016,-0.11966315795381285,-0.11130723887288253,-0.10405654964692224,-0.10371067690273647,-0.1070441718707546,-0.09374215941480482,-0.15274626800013044,-0.11370715761282504,-0.13945126980655434,-0.0914202027844435,-0.10204316718135037,-0.10510662038782062
SAU,ssp245,mri-esm2-0,-0.014425761179558056,-0.021209710408033447,-0.02139476221066722,-0.014378219164399204,-0.021554357020502752,-0.018439708561594107,-0.01781546107626438,-0.01958422166520539,-0.019517866784888923,-0.016621529344567884,-0.0177833289067751,-0.016382642340582003,-0.016769837347531596,-0.015728132289822318,-0.014501071657412688,-0.014720172972517069,-0.012449786577177723
SRB,ssp245,mri-esm2-0,-0.10552112532997693,-0.18347169615430545,-0.13289104150463843,-0.1599311901968873,-0.20852518272169732,-0.2596674847639761,-0.2693535469976749,-0.2405006698974259,-0.2812383519334289,-0.2607467517720848,-0.22221963732443084,-0.3747315092682229,-0.28638405715352977,-0.46094149755313407,-0.28647478578665514,-0.2686109455466148,-0.2658409720403241
SVK,ssp245,mri-esm2-0,-0.03936615173318023,-0.05204130456311392,-0.043229696028310366,-0.0621389712972827,-0.05392562116677274,-0.057457926571325584,-0.04974146670196539,-0.06185263838234576,-0.059979811713387565,-0.06279067124100811,-0.05197240673985448,-0.054959583643603385,-0.05889766820865798,-0.07025604613076859,-0.04326034810926725,-0.05091952195421703,-0.049733951757017156
SVN,ssp245,mri-esm2-0,-0.006021949205623465,-0.007214641545395726,-0.007108120881063021,-0.006626889805828335,-0.008237281404420153,-0.007654552534746615,-0.009299744841017909,-0.008435361140772151,-0.008285136322084354,-0.009862139883318067,-0.007739225924053836,-0.011004064723859402,-0.008074914842431056,-0.008394948781475621,-0.006815663615161409,-0.007169505658347739,-0.006248692462871019
SWE,ssp245,mri-esm2-0,-0.00898111875793818,-0.01049337446059593,-0.012380453300943258,-0.023795193810466846,-0.010705491755279007,-0.007976180776815514,-0.010747837866987905,-0.011029892026552291,-0.015107379340091308,-0.017418345062717937,-0.008998360323573377,-0.007706134146243432,-0.00974004705524241,-0.012138399553937564,-0.00752216321282461,-0.008621108104432448,-0.008427738602548638
TJK,ssp245,mri-esm2-0,-0.05274974042932577,-0.16217431749988404,-0.15787782147910723,-0.07665596359579717,-0.12527449075537728,-0.05776089001717189,-0.05868230460243555,-0.07011278047986766,-0.04971283804249964,-0.04048724518839749,-0.04891797673146958,-0.02565573719259968,-0.02874324584679072,-0.02287581091869204,-0.029928487293387318,-0.03300646526372774,-0.020566318863446287
TKM,ssp245,mri-esm2-0,-0.1610612805145136,-0.1587534683452822,-0.1900661174629913,-0.0875596638741853,-0.1533343288500658,-0.06945074251997471,-0.06826069391504733,-0.11525846357511159,-0.07353203222157138,-0.07840097949851882,-0.09634263023316197,-0.07452901551016798,-0.06318847488383857,-0.06804896232481683,-0.07890630197488616,-0.08638601866660267,-0.06828402616755315
TUN,ssp245,mri-esm2-0,-0.07360654337158165,-0.18962224290663066,-0.04926544262416821,-0.03174246478496725,-0.09350642978225857,-0.04622898176577488,-0.06555257778533424,-0.05313318486925694,-0.03360849211354304,-0.05088666458992525,-0.05067287313518266,-0.034254706036016894,-0.05809644730738438,-0.05069727800377356,-0.04991902315535544,-0.044959368548151635,-0.0346944161159162
TUR,ssp245,mri-esm2-0,-0.010312395897451193,-0.00799296753512042,-0.008006193364399623,-0.0070230284936264225,-0.01347815726812398,-0.011853464049868834,-0.009316734590688451,-0.008391614419674431,-0.010722320378695019,-0.010586547358177992,-0.010084605927917576,-0.008233136883003126,-0.011918665442598408,-0.010021982397769403,-0.010443909204746546,-0.012827796209067165,-0.007704006160721428
TZA,ssp245,mri-esm2-0,-0.003958800686171402,-0.003914491162666432,-0.002242346623842241,-0.0034531972364839963,-0.0022143418257015435,-0.0017356569029680496,-0.001828378310068144,-0.0015744309464553704,-0.001392810052414872,-0.001220580631971608,-0.0007520660909823461,-0.000996077428908098,-0.0008514978587404996,-0.0004820831753729876,-0.00041923005209455765,-0.000340223344721392,-0.00046136056051394566
UKR,ssp245,mri-esm2-0,-0.3126003123287793,-0.25247916194438197,-0.19523190690747455,-0.1940934905480407,-0.24520066171535357,-0.24683754902672167,-0.19407870669187427,-0.16629928127065335,-0.2716661167576891,-0.19433433666088923,-0.15238178349517575,-0.2303900549942896,-0.18711011119920412,-0.2469103675532199,-0.12475233560004279,-0.14980435355470156,-0.12817373795267648
URY,ssp245,mri-esm2-0,-0.018473992561722705,-0.022169146513927727,-0.05628208358350574,-0.03018440248488213,-0.020793645930558904,-0.03073628539855093,-0.03180291279069026,-0.04304768914285004,-0.040775375347804496,-0.029868245766019232,-0.03356809161791861,-0.041102916841585256,-0.04322603964255411,-0.03475861911865607,-0.03933308743486695,-0.044137144423628226,-0.03530337602023502
USA,ssp245,mri-esm2-0,-0.01115133454663527,-0.008837927999643665,-0.0067196897671841565,-0.007460474002159193,-0.0074130931725421515,-0.006430254971276739,-0.01064631122999922,-0.00987632670455477,-0.009058289478347997,-0.007388531702140604,-0.010028440059158412,-0.008839730646080263,-0.008004109059695619,-0.007910513290337174,-0.007949394616306909,-0.0070424176858193905,-0.007702503393593181
YEM,ssp245,mri-esm2-0,-0.012478105826653433,-0.006202242007032714,-0.004040449194881335,-0.0025084003559356404,-0.005821625613284237,-0.0036097658926182706,-0.003760590565829664,-0.0032485382614754533,-0.0026132118355313622,-0.0020796260663369604,-0.0021196943068507138,-0.0017756407226472962,-0.0016174345706614776,-0.0015096592559266301,-0.0013553697453965866,-0.0011874270984421264,-0.0011709129348748241
ZAF,ssp245,mri-esm2-0,-0.005326401316835394,-0.021688509547318994,-0.011373058147410816,-0.012431963948149915,-0.016925277103248915,-0.015737518290935993,-0.013472427070302596,-0.008758979943814775,-0.01093748474755411,-0.011363727311491966,-0.008470778247881072,-0.009233803111778448,-0.008931995180507885,-0.007434389128881224,-0.007236477697336767,-0.005935347653589357,-0.00665218183915614
ZWE,ssp245,mri-esm2-0,-0.045099039077675006,-0.22448843710085867,-0.10081164796986405,-0.12123346204920667,-0.03683120113775221,-0.07535643470922848,-0.049310350936055965,-0.051385400875762606,-0.05615042049840278,-0.04670354663006514,-0.02545279380056309,-0.02717490978985057,-0.029689165463018603,-0.02258230325037573,-0.015459724720667152,-0.019914643507161687,-0.018512660069134247
ALB,ssp245,ukesm1-0-ll,-0.04581723457281059,-0.10270677184621378,-0.06742380272876047,-0.12834386214814963,-0.11223568025196691,-0.15186029241468144,-0.19343983761554728,-0.14016900572300864,-0.17259599790362076,-0.2752089419331445,-0.2730430986707944,-0.35763911656036035,-0.35780158967560866,-0.24027340302900202,-0.35012021405713106,-0.38524807172802417,-0.3386531447715957
ARG,ssp245,ukesm1-0-ll,-0.005862130685111536,-0.0025815059715595797,-0.0030865427758898036,-0.0025978762029859564,-0.0027614472557085414,-0.0024902007843569827,-0.0015391630856816702,-0.001848288348876117,-0.0017547855608936087,-0.001906596098842866,-0.0021208541827930564,-0.0020653556262737382,-0.0018850120039526855,-0.002031753669668915,-0.0019163658010323914,-0.0014879668963987173,-0.0016064399915306437
ARM,ssp245,ukesm1-0-ll,-0.06273030021507592,-0.04707825680164664,-0.04324605630976066,-0.05096251892667406,-0.06689135319487147,-0.05550575474978359,-0.0728151229130655,-0.06683791968645458,-0.1026100952253217,-0.08183213916907155,-0.06715053834552456,-0.0641640712263848,-0.07581433104081262,-0.11198242261458284,-0.09256675070203878,-0.0801271565932834,-0.09480184736737536
AUS,ssp245,ukesm1-0-ll,-0.018476240670890622,-0.07075524830499325,-0.07037948328977268,-0.056762759099666285,-0.1064882946444335,-0.1250656893198552,-0.09643972175853767,-0.06793817049545867,-0.08582230513678321,-0.0818831976468604,-0.08486551972093634,-0.07018331584925185,-0.08890188295585798,-0.07528449227132236,-0.05754918756141794,-0.0758102158508141,-0.07311228989146104
AUT,ssp245,ukesm1-0-ll,-0.011527169770118426,-0.009625672489620044,-0.012809263145627426,-0.011511048164866282,-0.018701338646242557,-0.01520814238732915,-0.020870975210908617,-0.019641909527353764,-0.011883069711236975,-0.02004839750800724,-0.02135693569617732,-0.020850152387898512,-0.019045485568058594,-0.013815510373178973,-0.018252298832248177,-0.016290865381295063,-0.017181360825171077
AZE,ssp245,ukesm1-0-ll,-0.16322725130503013,-0.13345098557266027,-0.0894351673101381,-0.12143184662566417,-0.16119587349873915,-0.1387889180951432,-0.18483979806047332,-0.16688513130750784,-0.23706022875222507,-0.17604053457720023,-0.1747136730139266,-0.14336108192071975,-0.16566479219393193,-0.17492893547824415,-0.1455947504049548,-0.11840079684742215,-0.1266748425096821
BDI,ssp245,ukesm1-0-ll,-0.023617059344905416,-0.020669470337907406,-0.009749971588205175,-0.0063678097761093524,-0.006800620119241937,-0.0042166218897980905,-0.004849158390154081,-0.0031928170601834348,-0.0029640858149306707,-0.0018812408904780881,-0.002562237537397273,-0.002256971783100287,-0.0013706176261572577,-0.0010628307436950702,-0.0009432371574751686,-0.0011221828605459763,-0.000979211531132635
BEL,ssp245,ukesm1-0-ll,-0.0183669760673382,-0.008963332768213057,-0.020271668689110792,-0.007426567091776185,-0.02023175134467146,-0.01248641729292914,-0.017911645947071196,-0.014852931784592325,-0.015501825492123837,-0.017068716439581848,-0.013029321400098527,-0.014239411905135212,-0.016733516473595774,-0.011523386101729548,-0.010817101434699366,-0.01399342288902024,-0.014109182616020195
BGD,ssp245,ukesm1-0-ll,-0.010791606961356703,-0.008728898259404353,-0.006257944149287665,-0.005979693661835276,-0.00674561409109985,-0.007488755514379782,-0.007353566699194613,-0.006201878449901489,-0.006610436328941762,-0.006448486398501384,-0.0061825279195120144,-0.005628003170441731,-0.004684312237998097,-0.006952842077108889,-0.003929470489198143,-0.004399007967922184,-0.004228777350529899
BGR,ssp245,ukesm1-0-ll,-0.21216713649687635,-0.43946871690778105,-0.24244388331419778,-0.35280674031002474,-0.4335373953913325,-0.5656131300803754,-0.5195203125889645,-0.4344580959011727,-0.5263644835072921,-0.6688898090792105,-0.7214170276307222,-0.8125298952683179,-0.8106293099922257,-0.517556255516774,-0.7475047134533076,-0.6896752150257838,-0.8630078968982512
BIH,ssp245,ukesm1-0-ll,-0.04236730873046915,-0.04827878245525094,-0.03805458554238095,-0.05361563091666231,-0.06593114058631593,-0.06943567291794048,-0.08558034913549555,-0.06121662022025707,-0.08002919769961163,-0.12239501709236816,-0.1555912967234199,-0.1730772459107704,-0.1916285717492726,-0.11835258775982195,-0.23465872630626877,-0.2364898010497604,-0.282456827338663
BLR,ssp245,ukesm1-0-ll,-0.09300766059396931,-0.02969559905840596,-0.049104734325689535,-0.07805236115492889,-0.08108328805566667,-0.056361395641633734,-0.08508010234757148,-0.07076737019522057,-0.045688693287679064,-0.056217074283430195,-0.0740610923885706,-0.059819843077366056,-0.06044824476878959,-0.047350045419785255,-0.0496383649825368,-0.0426032687927033,-0.05622162569066742
BOL,ssp245,ukesm1-0-ll,-0.037405960828090445,-0.03991757261928024,-0.04990016843009217,-0.020164677705123424,-0.04092551736372876,-0.036531063304514014,-0.02383021151217108,-0.03234055922992686,-0.020886400627363754,-0.019781799306541902,-0.021902901374095642,-0.016104986144912927,-0.015768199466080893,-0.012412766174362209,-0.012068633591029079,-0.013532065496620662,-0.009997492027044403
BRA,ssp245,ukesm1-0-ll,-0.004859726797525428,-0.0058396028873167125,-0.017519444014314146,-0.010999754843104528,-0.018119243297638907,-0.0180633423690371,-0.010359876590681523,-0.01021739718485935,-0.01029013336957106,-0.010401280162466435,-0.011967020682175174,-0.013097987688679398,-0.012672070399051443,-0.01125832206490971,-0.010352110315003165,-0.010145454954132934,-0.009235739441113828
BTN,ssp245,ukesm1-0-ll,-0.0020292565813369943,-0.001042948414584321,-0.0008119239932428712,-0.000793426827548781,-0.0008500973202085577,-0.0005305052393025086,-0.0005210163820324861,-0.0005550314248124848,-0.0004977444614917209,-0.0004151120747552732,-0.0004085231300953529,-0.0003903479847985396,-0.00038467026538060805,-0.0004207594919317153,-0.0003554850547782233,-0.0004169443501270971,-0.0003356183750194367
CAN,ssp245,ukesm1-0-ll,-0.10375176694295751,-0.10540496299051325,-0.05983510128831454,-0.08959715271286495,-0.11699620114173051,-0.13919916989375056,-0.08381329495161494,-0.10218100776890847,-0.09045949640909041,-0.1072447245320092,-0.11064917878612086,-0.10623856420270744,-0.07449688299766676,-0.09336040640159579,-0.07751046431686136,-0.07431534564779071,-0.07877936488470193
CHE,ssp245,ukesm1-0-ll,-0.005915494154650959,-0.005302339737517908,-0.010204518756146948,-0.005270945107427648,-0.008571959569499755,-0.006485899147401577,-0.007681392146127976,-0.007073555517132454,-0.00595780360404364,-0.009813923110628328,-0.008133055099270203,-0.008013044148092653,-0.007719655090283023,-0.004942188494063131,-0.006907875565337167,-0.006892721703385756,-0.007265316960378295
CHL,ssp245,ukesm1-0-ll,-0.011621974200076782,-0.008266876072701065,-0.011941782804241042,-0.011429370713011287,-0.01129070344850631,-0.009233264520775058,-0.008868302980453572,-0.009744178693030467,-0.010238697994163206,-0.012339423473918552,-0.010826525878826923,-0.012549792832287205,-0.011773160331702533,-0.015610408013560641,-0.01175918020266274,-0.010162758775497755,-0.009868898784534237
CHN,ssp245,ukesm1-0-ll,-0.051284236440801996,-0.05438542643872785,-0.03977824501857774,-0.039445731777608954,-0.03678180810380679,-0.04104472691916531,-0.04542231727735198,-0.04111069192518189,-0.06082168625205516,-0.05006240896234493,-0.04526707843437402,-0.04697903075512331,-0.04646704347692487,-0.058244848143232636,-0.053874329460432094,-0.07573691049465257,-0.05483836493869035
CZE,ssp245,ukesm1-0-ll,-0.083029021365719,-0.05743577650678006,-0.10179218704364774,-0.06853039491945963,-0.12973449738281614,-0.1152227361304472,-0.11445448200178264,-0.10730100965202574,-0.06613555898431403,-0.110726294628859,-0.11992092762219571,-0.11513311562462543,-0.11228108879052928,-0.09128159292372226,-0.11039956077543028,-0.0963327208881733,-0.10592177903977287
DEU,ssp245,ukesm1-0-ll,-0.031227865021042207,-0.017294528198948365,-0.03513058874729522,-0.01953108136000967,-0.040696075911153595,-0.030830495236382448,-0.039432735739912746,-0.03354461185855823,-0.03009571174505786,-0.03576171344282874,-0.033876606782355045,-0.03377648112304089,-0.034692754316053225,-0.0236192428891369,-0.030946951194588256,-0.029369471228411107,-0.03322433287122593
DNK,ssp245,ukesm1-0-ll,-0.051235216476732084,-0.01734785272831436,-0.04637742632823237,-0.026079426419113604,-0.0423999393873296,-0.02688053196693677,-0.07157164434059983,-0.05369087237669809,-0.03338737060257446,-0.054543707020667624,-0.0377468497410348,-0.043958831127829806,-0.03425544761933885,-0.02735746409430412,-0.030493371501937087,-0.03407119234229735,-0.04715737446782048
DZA,ssp245,ukesm1-0-ll,-0.07554405059182015,-0.11466199263001722,-0.06006565588870962,-0.13105142101856057,-0.14943807031747344,-0.13360388402918838,-0.11092859543329776,-0.09248446750172487,-0.09937212291614402,-0.10430599854392165,-0.08432504008849079,-0.08620060860481524,-0.07273720972187724,-0.07243337331472209,-0.06591499784783862,-0.05817207301869126,-0.04655389634240331
ECU,ssp245,ukesm1-0-ll,-0.0016515057670940553,-0.0008718858678204919,-0.0007134877568410194,-0.00040227143476408855,-0.0008180780699857901,-0.0007173491255749753,-0.0005075567484478404,-0.0006521859339598193,-0.00039671676467511205,-0.0004745743690243958,-0.0004470000910020496,-0.0003569965305137768,-0.00028613177135828087,-0.0002937114433583315,-0.00029252796912893536,-0.0003008594822620668,-0.00023229625311899194
EGY,ssp245,ukesm1-0-ll,-0.14556672200492185,-0.0815330640250282,-0.05093996755876343,-0.053479374388799295,-0.045304059902507327,-0.0405484431864713,-0.03495215964764655,-0.030396854068980787,-0.027825165142176585,-0.025879557837971474,-0.021902675545263282,-0.020748992321057112,-0.019740407548877133,-0.01827665536558962,-0.016464193973625238,-0.015522024530054336,-0.014745724070328842
ERI,ssp245,ukesm1-0-ll,-0.3504032671751063,-0.40379428601156725,-0.3771644619129912,-0.4516397843009917,-0.35676542250138593,-0.3437052470785689,-0.37134828758029437,-0.32853799541028184,-0.39417617930114746,-0.3054728005569892,-0.3193884310812651,-0.2303588611262821,-0.2124930768246156,-0.22345692451216032,-0.1546209430177469,-0.16724131077842241,-0.135890812517952
ESP,ssp245,ukesm1-0-ll,-0.02481979649070949,-0.015060593902207898,-0.020412641930942513,-0.016736165012118144,-0.02634145326312524,-0.03578500260560605,-0.029821844244625466,-0.033318019317193956,-0.04087915694845649,-0.039187936425794476,-0.046732061794243496,-0.03828310738000004,-0.03705609469326774,-0.03851496043768981,-0.035170850086031796,-0.03365238912659319,-0.029175300424480292
EST,ssp245,ukesm1-0-ll,-0.10787374079564906,-0.04065359762778397,-0.06678514947550175,-0.12533818272620967,-0.15101043313446041,-0.07727860250702036,-0.14588027332340503,-0.1579952108053477,-0.1315244479768998,-0.13838226590865635,-0.1249993566823662,-0.13154350151790115,-0.11848454660705682,-0.09778265121452027,-0.10413020590827188,-0.1067655666982273,-0.13093957890231817
ETH,ssp245,ukesm1-0-ll,-0.12744204144044502,-0.17153167440177264,-0.14834426432909945,-0.11217468966857966,-0.10610717881580368,-0.0834167143766918,-0.06556226620010362,-0.05480413785270051,-0.04398365645295232,-0.03683081745069262,-0.03459765732199318,-0.02525304832182929,-0.023234142348392616,-0.026159322644445662,-0.01686897321306733,-0.017509996994039566,-0.014545364672479435
FIN,ssp245,ukesm1-0-ll,-0.010259170176509857,-0.00586604469946805,-0.008787260668365526,-0.01168162870621742,-0.013802693836200492,-0.01132302528268751,-0.015465829024908203,-0.021651855846552867,-0.014232563416412328,-0.020982424610655633,-0.019130890208143937,-0.01657730215536963,-0.014812506367970234,-0.01220463758272253,-0.013862722714103569,-0.01396527480981562,-0.01816519907955978
FRA,ssp245,ukesm1-0-ll,-0.0543322388480696,-0.032779465297620845,-0.05240476075675747,-0.03673822065633454,-0.057266189591059516,-0.03530834800741102,-0.05300113488753296,-0.04491526109131727,-0.04974080240755495,-0.062262189479149715,-0.05832716303718165,-0.05973167501924781,-0.0587565701579896,-0.03435821486910931,-0.040771897652913676,-0.05732943922232545,-0.05248933167240284
GBR,ssp245,ukesm1-0-ll,-0.014797797667381245,-0.010621397465249972,-0.013624669241435553,-0.010832756820845734,-0.017053027104021134,-0.009258378480510462,-0.016947016445109642,-0.01756659623855697,-0.010379668405903894,-0.020556945456158795,-0.01873416765166971,-0.017123706679106298,-0.015280419648011643,-0.00949268080892393,-0.010495966810896727,-0.014003569176784384,-0.014530497476366363
GEO,ssp245,ukesm1-0-ll,-0.01820400881143157,-0.018753974059385895,-0.01701544824282469,-0.02271094178811583,-0.030333478686416015,-0.03139774570925546,-0.0372484956914829,-0.032333938119347684,-0.04840395924384431,-0.032398502387434844,-0.033278571598471376,-0.03040886963000027,-0.03510582499700017,-0.04858674411443636,-0.04476435208165965,-0.0325966010295912,-0.045980018895338017
GRC,ssp245,ukesm1-0-ll,-0.013109736545852561,-0.03101807319245283,-0.01286711106035675,-0.02862897813580299,-0.02546318338877042,-0.03571191311555012,-0.033417905230043364,-0.028230239627049195,-0.03292596169514028,-0.037520193472389295,-0.03560444851185132,-0.04206931690731288,-0.037649054987256764,-0.026919389900032762,-0.027674058693737107,-0.029121526912219083,-0.027466418105040333
HND,ssp245,ukesm1-0-ll,-5.109607989233197e-05,-6.135845452323997e-05,-8.80533972192448e-05,-8.016099420311251e-05,-8.914673010483125e-05,-9.392079788488436e-05,-5.664121639568323e-05,-5.080168264683328e-05,-5.5813088909195486e-05,-4.8421751911440564e-05,-4.369682252173826e-05,-3.797725824590888e-05,-3.434472136560836e-05,-3.057623070727155e-05,-2.4913763745839738e-05,-2.477192274106027e-05,-2.300895708907592e-05
HRV,ssp245,ukesm1-0-ll,-0.03730394425280594,-0.34174469442706434,-0.3068421535110655,-0.41154346919630685,-0.6140637230810108,-0.581757112313862,-0.9019176632667744,-0.5677050629708058,-0.6407115198491952,-0.8505138662051175,-1.0509031554509853,-1.0957757655323155,-1.0778295673666154,-0.644252470528908,-1.055764497541994,-0.9604554066763203,-1.0474836380893997
HUN,ssp245,ukesm1-0-ll,-0.08606393000044821,-0.06618292064143627,-0.06413591533299527,-0.09176723106790075,-0.13110675480616196,-0.11117312804036301,-0.16887643662538984,-0.13526263126487897,-0.10874450885065459,-0.13392114391125842,-0.15725849126302316,-0.15936803953518977,-0.15186960726554893,-0.09732514474893188,-0.14126703638393795,-0.12376347423680553,-0.13531046856399317
IND,ssp245,ukesm1-0-ll,-0.09282007370430852,-0.09408657010400184,-0.09024607480179654,-0.08174652460170863,-0.0895647688602085,-0.06844934447697949,-0.08975798969985616,-0.07576243300006225,-0.07752433211264677,-0.08020940519979311,-0.06943162642380318,-0.06382122073827001,-0.051915949467746844,-0.0674228097742017,-0.050636748035372006,-0.046629673829603785,-0.04588462062707415
IRL,ssp245,ukesm1-0-ll,-0.0018979622808278996,-0.002855090599168621,-0.002581050913453231,-0.002616104548451357,-0.0030651924555374047,-0.0022254430785940854,-0.00408419685097658,-0.0048803985447012956,-0.0038713572463280384,-0.006512836057349799,-0.005190869819853245,-0.005646276779720188,-0.005455197209800608,-0.004410424843548659,-0.004484865143415385,-0.0057010193297666895,-0.007236722969530846
IRN,ssp245,ukesm1-0-ll,-0.05914347684924869,-0.024132434849198355,-0.01322241679660809,-0.019137311729357682,-0.016114625957243618,-0.013644084652048694,-0.018721626014474853,-0.016017733289331784,-0.01769904462818859,-0.01189157703926015,-0.010167230330632548,-0.010613934806395765,-0.01221788523023481,-0.013036006594192455,-0.010130187235952793,-0.0102530007977466,-0.010030921910502607
IRQ,ssp245,ukesm1-0-ll,-0.5722454042570216,-0.17757462343569655,-0.08489175285111454,-0.19150863775082666,-0.16669950009676246,-0.1585961149478717,-0.1731483210518566,-0.14147515627231727,-0.17065607515163456,-0.12341607177341733,-0.07665797282180208,-0.09811666337110529,-0.09718946483606736,-0.08753298364619339,-0.06683301090629683,-0.058092199999420474,-0.05212378978560457
ISR,ssp245,ukesm1-0-ll,-0.0010663222271701865,-0.0025253344956715777,-0.0007416374213874765,-0.0020365920224667228,-0.0010670445650903272,-0.0010454834655750451,-0.0014972049663596564,-0.0009804553721986804,-0.0012075436665216531,-0.0007513757389742973,-0.0006293058442559059,-0.0008250388098283395,-0.0008658112639060655,-0.0007788269600084037,-0.0005768264172411201,-0.0005945697859695239,-0.000600081522346091
ITA,ssp245,ukesm1-0-ll,-0.009306618625829094,-0.010728234991324236,-0.009789275830892103,-0.01432389374728935,-0.01836996831842826,-0.01627590718698337,-0.020144087814971443,-0.015393286521179241,-0.01711202143968144,-0.02019339778556521,-0.02591632390361932,-0.03147776800167415,-0.029066584966525005,-0.02074071909675069,-0.02319908776313813,-0.025384661476479844,-0.02496867172349278
JOR,ssp245,ukesm1-0-ll,-0.0048246115717113566,-0.015545986746482752,-0.00427423391789059,-0.009092151940399858,-0.005028694579174333,-0.003567789638917143,-0.005258483311339465,-0.003654122211497104,-0.003920820229680091,-0.0023731345911521804,-0.002050146473144181,-0.002546713181009703,-0.0024048800408089216,-0.0021675369995231104,-0.001932358556723489,-0.001790775100132573,-0.0016715019405700118
JPN,ssp245,ukesm1-0-ll,-0.0008848670613210044,-0.0006909331989396111,-0.0005437664636815741,-0.0008321364124739882,-0.0008231495982315781,-0.0010532566936987432,-0.001169374109233782,-0.0011697201729695495,-0.0017822733079430634,-0.0009893090369952088,-0.0013159327371200953,-0.0017694308529267353,-0.0017764913766634561,-0.0014497331141443874,-0.0013818922492959667,-0.001407543961503255,-0.0016060622301838775
KAZ,ssp245,ukesm1-0-ll,-0.10359035403400312,-0.0881290838806935,-0.09104071422942744,-0.13478940455991095,-0.09853979131898163,-0.07721793532567203,-0.10229292193359829,-0.15903176565005217,-0.18970137775598192,-0.13804047266303973,-0.20037413465003934,-0.13629041009879145,-0.1655089872428888,-0.1722962738684211,-0.16446946735204598,-0.12040065367345978,-0.13027006435977592
KEN,ssp245,ukesm1-0-ll,-0.01297838462918722,-0.011532530810249495,-0.010053342453156752,-0.009546220639315912,-0.0075334394187883905,-0.006599240276367266,-0.006996145992175348,-0.005269661927970629,-0.004822147157887187,-0.004045315386912214,-0.0036247035278061594,-0.0031964606184336905,-0.0029487558257881175,-0.002744610021833419,-0.0021976181597782715,-0.0021315439471295597,-0.0018259432024489096
KGZ,ssp245,ukesm1-0-ll,-0.42722520107012246,-0.5280738785932261,-0.17075409001104266,-0.17339872897516556,-0.16285899520947572,-0.16412591886495564,-0.14502902602955994,-0.10796433234719095,-0.13879393414026236,-0.09215232046430817,-0.08362515715788328,-0.0912429653326709,-0.08864351228565502,-0.09843991684667255,-0.07287485381733597,-0.09081340082622487,-0.07266686991793742
KOR,ssp245,ukesm1-0-ll,-0.0001084945880696914,-0.000128152456061518,-9.35207020004331e-05,-0.00011673548175973581,-0.000127384553674088,-0.00015352191415806405,-0.00016458437841880306,-0.0001289123093782051,-0.00019414621820028328,-0.00016458856855537746,-0.00014448339446647098,-0.00016013821852538666,-0.00017419375450056378,-0.000169611471641924,-0.0002114673855762459,-0.00016507607400949079,-0.00019542061315733976
LBN,ssp245,ukesm1-0-ll,-0.00785980994975078,-0.0003581237252660358,-0.00018611204245242831,-0.00023455377042543455,-0.00014240442883994327,-0.00011121924032136665,-0.00014180141994984662,-8.580993472912352e-05,-0.00010900300674545542,-8.484690590019228e-05,-8.029453426077405e-05,-8.006337284395606e-05,-8.99764110354251e-05,-0.00010151382921105719,-6.172127095935417e-05,-6.628310378047253e-05,-8.717127281048538e-05
LTU,ssp245,ukesm1-0-ll,-0.5176667927185032,-0.15196596985687078,-0.2935481341476789,-0.549380764856922,-0.7224652272949338,-0.4170451875956512,-0.8055222480790202,-0.7377423225333547,-0.4818116819438477,-0.6244384981831954,-0.8694003885683331,-0.8544902369763716,-0.7979150672905472,-0.847988203097678,-0.7063756455276677,-0.7983633407886744,-1.062172611849385
LVA,ssp245,ukesm1-0-ll,-0.4143181515780918,-0.1282859958936111,-0.23136316315261618,-0.3789022167389196,-0.5401185587918144,-0.28988342642436965,-0.5280801586070429,-0.5469281159845615,-0.36378713024195986,-0.467681716516758,-0.5127020128187953,-0.5107271456939317,-0.4460940324868208,-0.4160952573149468,-0.40464161504873297,-0.41250791689260446,-0.5192291402579796
MAR,ssp245,ukesm1-0-ll,-0.08379886743122068,-0.07879517595274743,-0.055290574879300634,-0.06271626336245748,-0.0662869299395555,-0.07466911643634719,-0.0411001055312148,-0.04300517786301562,-0.05440660195878784,-0.0414854940855378,-0.04525702778262842,-0.036152623152783454,-0.03758973372057492,-0.04029657811436299,-0.033939091712757434,-0.03193785181698473,-0.028764274184575493
MDA,ssp245,ukesm1-0-ll,-0.18087709280262942,-0.20381389399331848,-0.17898943170696052,-0.260061785526679,-0.3498420008539726,-0.29835845051951815,-0.37323942584156716,-0.303017532800662,-0.24134870604391573,-0.28394582619557607,-0.3336456628062835,-0.32115609791063865,-0.34194472893751854,-0.25112653152508396,-0.32906734329600595,-0.2515798147823335,-0.31906880977396557
MEX,ssp245,ukesm1-0-ll,-0.009211725167858686,-0.015948856132157376,-0.015374439679516932,-0.008740761127822124,-0.010112534604827575,-0.010224572141263127,-0.012401798280084817,-0.009954668051181191,-0.00744388416748392,-0.00931651253447489,-0.009402371408749326,-0.0073449837225139135,-0.008950446171177235,-0.007992423590824997,-0.008407811531624688,-0.008214149699323514,-0.006951939594573925
MKD,ssp245,ukesm1-0-ll,-0.054508143873269674,-0.06625240134764794,-0.02756856311347565,-0.058377975661927296,-0.04517704578191926,-0.07734248590884943,-0.07705725818857641,-0.05269314098328517,-0.08398727616189798,-0.1058034887215823,-0.09304970900508504,-0.11817244079164677,-0.11517838635552304,-0.07558133893633481,-0.10981761623544636,-0.10233094294105353,-0.10890541230031828
MLI,ssp245,ukesm1-0-ll,-0.023016787552862985,-0.022555037604726155,-0.019250651954669164,-0.014139242313814068,-0.01309386144779605,-0.009547979490227022,-0.007725209390954558,-0.006173812891619178,-0.0052957209920443315,-0.0038697200125651986,-0.003602745406096275,-0.002702205318358586,-0.0022830602103419027,-0.001874971909590101,-0.0015868955022542359,-0.0013535076949282572,-0.001196199842557765
MNG,ssp245,ukesm1-0-ll,-0.077238439493008,-0.05211388926854689,-0.05569608727732198,-0.031623134507552525,-0.055022863086771095,-0.05390623671266996,-0.05123895092147563,-0.055677583939220746,-0.032270079072434454,-0.03630596492492918,-0.0335639934148384,-0.030629809299668652,-0.039141268037697234,-0.02417795879216412,-0.035803390360999596,-0.03461975673982204,-0.03567719164259093
MOZ,ssp245,ukesm1-0-ll,-0.00481110451288806,-0.003634364645189838,-0.007080815423399468,-0.0022192560331635606,-0.003640810311279092,-0.0017473035061611746,-0.0014380589501297306,-0.0015502796963903012,-0.0009541630287907257,-0.0008076291003029838,-0.0008360853138757224,-0.0008991839324396535,-0.0004180395229053895,-0.0003555783364139261,-0.0003283046946064144,-0.0002554075105621851,-0.0002905163092606383
NGA,ssp245,ukesm1-0-ll,-0.0002710385469156967,-0.0005150705994985882,-0.0003896087782113727,-0.00032128459317671307,-0.00021609314961424628,-8.391664318605636e-05,-0.000173707605366998,-0.00011515440634980466,-0.0001383351265408016,-9.361462030692275e-05,-8.99404349451574e-05,-6.114071085990726e-05,-5.474671022009705e-05,-5.0088478267723906e-05,-4.0054198856208924e-05,-3.482646586541783e-05,-2.9052485606040126e-05
NLD,ssp245,ukesm1-0-ll,-0.00568934572371967,-0.00267978880708868,-0.006436512769459402,-0.002604518065771462,-0.007115361512735437,-0.00353243479484297,-0.00829742119724231,-0.00615970861739627,-0.0047555205365244005,-0.006690743132411945,-0.005371892160549407,-0.0057630969203057375,-0.0064228090616852114,-0.005231190564514822,-0.00401879102370709,-0.004813268964547823,-0.005868530532037928
NOR,ssp245,ukesm1-0-ll,-0.0034571574766004793,-0.002466435525967707,-0.004529073455157809,-0.003855931665179743,-0.005461338149191869,-0.004982436575258554,-0.006321143688991375,-0.005994496186510867,-0.00518721166190906,-0.005262679182774667,-0.005952066863697501,-0.007601540528316744,-0.004710369519800429,-0.0038580959834421144,-0.0041248741677145295,-0.004301738901112122,-0.00594907775614803
NPL,ssp245,ukesm1-0-ll,-0.13461812715056645,-0.17281420985862322,-0.13380535932696422,-0.15297932040330553,-0.1815158581061361,-0.14565119679418706,-0.1535335195858098,-0.15552579270669992,-0.12362714101216267,-0.12589562340645297,-0.10851231988316332,-0.09912514276850751,-0.08071880077627672,-0.09704673895183766,-0.0694846720133214,-0.06172803642851905,-0.057281159060098216
NZL,ssp245,ukesm1-0-ll,-0.006090815962462385,-0.004077389734458666,-0.003789138110870966,-0.006104435866291516,-0.004836169626259015,-0.0040403445219581915,-0.006073969125649069,-0.005345784149913492,-0.005971960073733728,-0.0054632220157691145,-0.005490023100827847,-0.006503801754637837,-0.004953223040365792,-0.004303266983650445,-0.005172675266084501,-0.004191511817274584,-0.0038793436674593607
PAK,ssp245,ukesm1-0-ll,-0.2975182392878901,-0.21398071001132737,-0.18230312900949433,-0.17544729500576225,-0.16811430992273263,-0.1152531218790698,-0.12538745656292385,-0.11033271413213573,-0.09335182279238616,-0.08254640425075349,-0.05834628290718344,-0.0635755169565708,-0.05057648496475963,-0.04685504983839754,-0.039228080412471715,-0.037179596198017355,-0.033208742875647915
PER,ssp245,ukesm1-0-ll,-0.006414632391400812,-0.008094853206041771,-0.005622757379119662,-0.004545566446918054,-0.005346685543169468,-0.00465868448177806,-0.004159653270122173,-0.004632121836813484,-0.0035325390509033535,-0.0032847928156505843,-0.0037928558766542157,-0.003065951047140115,-0.00279542613898877,-0.002749615068452358,-0.002673164523713876,-0.002758148016250425,-0.0023010795363202752
POL,ssp245,ukesm1-0-ll,-0.0836883788121334,-0.04052758181248775,-0.08015697544776591,-0.09122199468187926,-0.12556925024385246,-0.10247539511334279,-0.12406528662948202,-0.10562086453705419,-0.07247162386744772,-0.086490400667825,-0.13136345513451242,-0.14325835089840558,-0.1428241606419709,-0.11962422246266811,-0.13622885327373896,-0.12966738217273263,-0.156397997841721
PRT,ssp245,ukesm1-0-ll,-0.001397415968837709,-0.000575516131633165,-0.0010920788247238953,-0.0007845440591987254,-0.0014233398394831503,-0.001459178776585718,-0.0014299912204768144,-0.0013221313919829418,-0.0021648353877546356,-0.001999088662714903,-0.0026701925420521493,-0.0017099314471470254,-0.001910294630263411,-0.0021374523078305043,-0.0017186433674723097,-0.0019340678051125969,-0.0017995672424430875
PRY,ssp245,ukesm1-0-ll,-0.04529565879178517,-0.010281518315386618,-0.040459037179222786,-0.026379600440819773,-0.046581730290168225,-0.039151124758925,-0.01858668522346923,-0.018702724030366002,-0.019354322440314594,-0.019898366022795898,-0.017958940247305825,-0.020091990196944142,-0.01805004810616831,-0.015027752929476439,-0.015342234670933552,-0.014016288834063523,-0.011486204351722679
ROU,ssp245,ukesm1-0-ll,-0.0832610193210497,-0.15759514592032334,-0.10115987052760583,-0.15948053009836993,-0.20822520660113703,-0.24717755280993636,-0.27813293953074036,-0.21985500150629944,-0.23948383166711246,-0.2986285501119114,-0.3524872186978042,-0.38842278581003914,-0.40746602242852936,-0.2698502204120423,-0.42027245635168187,-0.3766263619240999,-0.4752171061468081
RUS,ssp245,ukesm1-0-ll,-0.1664229190400474,-0.10684577714361641,-0.11756597968469266,-0.17104870478222609,-0.1647648901428575,-0.15625322689983998,-0.18368926430760518,-0.19991129551461964,-0.21456032170127795,-0.16524314091740064,-0.24263645762646915,-0.1715285014554203,-0.2028688246717842,-0.1773408123482528,-0.18346262744364217,-0.1239950650472743,-0.16922059126081757
SAU,ssp245,ukesm1-0-ll,-0.017206113132775876,-0.023580692501425075,-0.020943438249252797,-0.019511457765312806,-0.0210891326590655,-0.01932349894177646,-0.020750531375349903,-0.021293432321963443,-0.02116333333661688,-0.01976999502480429,-0.018648529230936798,-0.018242667495068896,-0.017956869791746388,-0.01743646993496634,-0.016378319827193,-0.015469728566982545,-0.014533913731852659
SRB,ssp245,ukesm1-0-ll,-0.11466377585688757,-0.17466709519108414,-0.12837668054939272,-0.21325275885371248,-0.2414172059811677,-0.35991083695051357,-0.37374767647569646,-0.24721281957815958,-0.33716728042591454,-0.4714234792216039,-0.5066001184145141,-0.5496578233695788,-0.5385896994541729,-0.2967797749791472,-0.5406397983794408,-0.4753829488620415,-0.5407815941444233
SVK,ssp245,ukesm1-0-ll,-0.06316940356079298,-0.049100008489007536,-0.05340613002609436,-0.06406970893977253,-0.08570719115350103,-0.08070675515402612,-0.11688828738202225,-0.09666978344103722,-0.06377405501539127,-0.0911282888433726,-0.10920073356816488,-0.11066261974743759,-0.1041708104413355,-0.07984392833390846,-0.10042317563883196,-0.0902163053804004,-0.09977439854171508
SVN,ssp245,ukesm1-0-ll,-0.007602577901879308,-0.007260097134439895,-0.006536270981588864,-0.00794275327662448,-0.010990088346170535,-0.010104924647720372,-0.015667214952469925,-0.010378589594393778,-0.009400137912402386,-0.013296689181353257,-0.014876261861743938,-0.016516000609058702,-0.015803149966525515,-0.008861658072064306,-0.01294681508462981,-0.012695172587527396,-0.014003509560396251
SWE,ssp245,ukesm1-0-ll,-0.018897122881745245,-0.007933184881023627,-0.01701480283663846,-0.010605427166439809,-0.022881283590367257,-0.011645583294761641,-0.02308733983542856,-0.020083413982661766,-0.01175342303936034,-0.01871256277736481,-0.01668032694673849,-0.019975506043863493,-0.013848983289602382,-0.010627574580575491,-0.014076785085939935,-0.012193548660419398,-0.018031489783428466
TJK,ssp245,ukesm1-0-ll,-0.25685635404236806,-0.40705476204272806,-0.13600170851781754,-0.16659813194437864,-0.11165574342856431,-0.10339481727912252,-0.09386349256261581,-0.0703060337529063,-0.07448915744805254,-0.04960297525668498,-0.04432244223734122,-0.04645706094903977,-0.0513785895048287,-0.053033532577806075,-0.03338509215878994,-0.044893166863559875,-0.035943494733881164
TKM,ssp245,ukesm1-0-ll,-0.27443540698112073,-0.34137429685476145,-0.13362194628147456,-0.18376475604904033,-0.13167435273930594,-0.10827662435684741,-0.12911966457684163,-0.11780255899269698,-0.11188964791381303,-0.0836120224656647,-0.09410572932368286,-0.0990719934030577,-0.10550548513520731,-0.10105164884288617,-0.09227011936249434,-0.0979918605656243,-0.09323476623842532
TUN,ssp245,ukesm1-0-ll,-0.032834715760665795,-0.12705343833134397,-0.040110181467665845,-0.07766456656160128,-0.07904478681255173,-0.060567275343713464,-0.04750552119465437,-0.0444038528373885,-0.05049283928966476,-0.06231329232269413,-0.043853032393386844,-0.05293713324367823,-0.051005817868795,-0.05294943955051185,-0.04472052833540865,-0.04896528226403156,-0.03901417921987686
TUR,ssp245,ukesm1-0-ll,-0.03386460793619307,-0.01537109469993916,-0.00637756501025271,-0.01608821547257977,-0.01276317871238532,-0.011642471510870098,-0.015260599779199727,-0.010884968661318148,-0.015606828169913484,-0.014573496986158372,-0.011464114558548974,-0.013518712894571974,-0.01375549229331564,-0.014378079581805564,-0.013276824868613464,-0.01340708929266814,-0.0140828390891801
TZA,ssp245,ukesm1-0-ll,-0.010014638695988766,-0.010670062582453527,-0.003648721339952522,-0.0025240306017157497,-0.003284391637879513,-0.0021131137122313336,-0.002108543135336141,-0.0017811212150336895,-0.0013209175117095,-0.0010471457227511584,-0.0010871639565431766,-0.0010391535786741818,-0.000785991664006563,-0.0005389123681993029,-0.0004693751297445723,-0.0004132747285858836,-0.0003309544346159205
UKR,ssp245,ukesm1-0-ll,-0.5135250146740292,-0.2006176601516743,-0.21586064255013077,-0.31063623762770204,-0.4266123628568219,-0.34727690167331293,-0.40272631264028586,-0.31581726037800895,-0.27096197123522386,-0.26836427618903014,-0.3628595187334511,-0.27809530800673776,-0.2956459737446298,-0.22906320119702198,-0.2657090616136598,-0.1936059860202803,-0.252296866921771
URY,ssp245,ukesm1-0-ll,-0.016616627941204002,-0.02345680308449208,-0.04042539960317455,-0.04053318010903109,-0.04956131220766047,-0.051516872180260194,-0.03765408565492512,-0.038588777480899866,-0.033519390718953906,-0.038631196802264185,-0.05126028649209269,-0.051413231252026396,-0.049304169050631085,-0.06925227397149362,-0.048018824428201,-0.037985415943184025,-0.04538141779360262
USA,ssp245,ukesm1-0-ll,-0.008862607175829422,-0.011812209670550234,-0.00723505059660562,-0.010890975299697332,-0.012072814974558092,-0.011529642793422643,-0.012529380099231694,-0.011854314887629405,-0.010730348323094573,-0.014235508216859573,-0.012169939922092064,-0.01245972741946572,-0.012247593673958461,-0.014054896398631568,-0.012288190014918333,-0.010371766425772018,-0.01222362584175101
YEM,ssp245,ukesm1-0-ll,-0.03179079731498601,-0.012726670635197609,-0.009707373276129876,-0.007172256781360049,-0.006251400971140997,-0.0049619123460652,-0.004194000576507253,-0.003477118884100618,-0.002957964240661988,-0.0025846937540982716,-0.0022522684304516205,-0.0018747066604967951,-0.001768376631133805,-0.0015479602021223565,-0.0014317469201444214,-0.0013511985772691232,-0.001172855517167985
ZAF,ssp245,ukesm1-0-ll,-0.025219309732762596,-0.02334451192567955,-0.022500464609060467,-0.01295913495460775,-0.02134861340344729,-0.017377686389322966,-0.01383623293514203,-0.01761899246386301,-0.01461151956321073,-0.012077871708255744,-0.012444033219994441,-0.014303127018994695,-0.010911855064237513,-0.01138451824257303,-0.011216086035147536,-0.012114337295683312,-0.010485190722295885
ZWE,ssp245,ukesm1-0-ll,-0.047557749513198654,-0.05453357613266957,-0.14223470773518482,-0.062479899494112666,-0.1359013721856589,-0.04966207066380795,-0.0625930283099589,-0.0650408499172309,-0.05304489782126254,-0.039037922939240216,-0.04472208996337438,-0.03998727393703577,-0.029868666103842412,-0.015547370865465046,-0.015665655611105327,-0.01888258313402365,-0.020058585762200667
ALB,ssp370,gfdl-esm4,-0.08049868379571877,-0.09044018256599391,-0.062247740980540055,-0.11803767353529959,-0.1533752076458847,-0.12239890801074664,-0.13042093933050242,-0.20493546327819018,-0.18668624279637966,-0.1554409038794443,-0.20952084873665727,-0.20480176027352837,-0.23395758860435023,-0.3663261178305206,-0.3697088272759276,-0.36747352745122475,-0.3736998756298126
ARG,ssp370,gfdl-esm4,-0.01028157933788616,-0.0016933361344583686,-0.0015024555757796878,-0.0030125829116435807,-0.0024936630291534393,-0.003182304909251625,-0.0022748060670466693,-0.0031053742690225483,-0.002601973007957745,-0.003242710932527887,-0.003111804122530583,-0.0035413810062446573,-0.0030067692259371365,-0.0039910241575896715,-0.0034877789657363468,-0.004017132185222796,-0.004232747568660977
ARM,ssp370,gfdl-esm4,-0.02943709099020738,-0.036479480423180916,-0.07721048764123266,-0.03807941045898661,-0.04863690920313867,-0.06585130079689291,-0.1342710117400095,-0.10270129016902418,-0.09905281637820572,-0.10879010639827692,-0.12743787883566415,-0.13718827873081216,-0.10508679805119629,-0.14242336617572207,-0.11426370573543079,-0.13465411310683092,-0.14841529229960582
AUS,ssp370,gfdl-esm4,-0.019742463855004336,-0.08033006620003182,-0.06672530962073381,-0.07738995128369673,-0.06752997811054065,-0.10631958373357824,-0.10129889765195638,-0.08755368162963288,-0.13454120072296508,-0.14985655562562877,-0.13943564922369714,-0.13652507431074698,-0.14116662837845043,-0.16627283808457485,-0.17928337272411077,-0.15110016214350777,-0.16793646452595126
AUT,ssp370,gfdl-esm4,-0.010323166273620456,-0.00720092209909885,-0.00567949644333381,-0.008852893966336269,-0.014700762922013937,-0.012473788087565479,-0.013868453610202267,-0.016227203128726365,-0.013951976568851637,-0.015958174324777703,-0.030868749469889836,-0.019295922127836054,-0.024926444063452097,-0.029324806542876388,-0.028247034963925693,-0.027741534482677823,-0.037966584202025484
AZE,ssp370,gfdl-esm4,-0.0793710915492304,-0.09584136148727078,-0.19012209115185733,-0.08734382125216274,-0.13295459208467492,-0.204024766835942,-0.3124763782725242,-0.266537614037808,-0.24508888285044014,-0.2688592236400373,-0.30643777593672417,-0.3285685748455078,-0.25771678729303116,-0.3171918519836676,-0.22759662859671675,-0.3077243128170044,-0.30039680378315053
BDI,ssp370,gfdl-esm4,-0.012319371775731749,-0.014481510289565477,-0.00976487981501606,-0.006737505036128991,-0.008935082399865723,-0.00803108410728787,-0.006144018130984097,-0.006330941312489825,-0.005617252636771827,-0.007341478262755824,-0.005594002284015437,-0.006079232356612677,-0.004480277361263423,-0.003435231815543691,-0.003367062439327595,-0.003147430649171923,-0.0032157508563900442
BEL,ssp370,gfdl-esm4,-0.008304782292361977,-0.007059537259582015,-0.006090208913846985,-0.008939619820417048,-0.011151607135130479,-0.009580133857736874,-0.0101199493551016,-0.014278431005820115,-0.009927754366980221,-0.01272072721564593,-0.015054480125299093,-0.017167380665530634,-0.018526088851854333,-0.01948135550213422,-0.023445875630182203,-0.01812439918825705,-0.020488004941777143
BGD,ssp370,gfdl-esm4,-0.005876978398192799,-0.005747273278174066,-0.00535953378940493,-0.007568116634218901,-0.01258674106869464,-0.0059234618735725915,-0.008583593476256025,-0.008396894590385832,-0.015933643262972894,-0.009986274084878793,-0.009267049497284055,-0.010498576678062308,-0.014417974696041995,-0.011678354586074757,-0.013050132667531968,-0.013353516707545471,-0.014902422111045515
BGR,ssp370,gfdl-esm4,-0.21092978516116093,-0.19033792162067817,-0.1207355098901855,-0.25789455672411676,-0.44335754220039886,-0.26559028624696923,-0.44794796351299065,-0.5764987581783974,-0.5037501238038993,-0.5622267781605585,-0.7674755232647343,-0.6683123739788265,-0.9167706394310465,-1.0228093547892936,-1.0184560186585103,-0.9608374207268011,-1.074696462878067
BIH,ssp370,gfdl-esm4,-0.04456744928747107,-0.02684665618873289,-0.02568277000499923,-0.036439476587618216,-0.06135454680662747,-0.04465715246241484,-0.053085923979762584,-0.06501355851054978,-0.057171239399897794,-0.06025092798397302,-0.08874920907183184,-0.0700471182939297,-0.10416400092670527,-0.12276447132795101,-0.11971647617061693,-0.12648458600170842,-0.15188444900689485
BLR,ssp370,gfdl-esm4,-0.046090191548450274,-0.02444822630108567,-0.024901801401944895,-0.028287389014666233,-0.03774006342504707,-0.039194847594643895,-0.05311323150963847,-0.08160654604219271,-0.06254610650118962,-0.058894632868950435,-0.07304748148116884,-0.059508881326134674,-0.06789011562206114,-0.07334966695822868,-0.07709097063250757,-0.08042476986689442,-0.08273234871126639
BOL,ssp370,gfdl-esm4,-0.023363845841196856,-0.06563911881781768,-0.04808095328867413,-0.03464717428846444,-0.03199282184873671,-0.04938575806714827,-0.04434734235403474,-0.020528557591015587,-0.0503969414549094,-0.04800215402890098,-0.029500715347104155,-0.03333095866191016,-0.035391920765315665,-0.035278121872089285,-0.03021055316348181,-0.028917401590246843,-0.03252567685787634
BRA,ssp370,gfdl-esm4,-0.005729112309737183,-0.006547630968827524,-0.01068209165481844,-0.008292707625161435,-0.009936600598402357,-0.015410599485281963,-0.012291934075556768,-0.018773106399208945,-0.017284812704900142,-0.019210492370734654,-0.019363502509893413,-0.021250457930399935,-0.021780254535081086,-0.03308658810843016,-0.034399626494279766,-0.028011060632592205,-0.02925268468627825
BTN,ssp370,gfdl-esm4,-0.002350266884831092,-0.001305479361356991,-0.0009577032868645551,-0.0007920415894741142,-0.0013932171503304475,-0.000973420178933292,-0.000776405550772868,-0.000762503074047306,-0.0009715264493585851,-0.001007058343812677,-0.0009585586832242305,-0.0008873913822907787,-0.0009093443739742611,-0.0008912939465776217,-0.0009282766102179558,-0.0009590270466567645,-0.0010594097117561647
CAN,ssp370,gfdl-esm4,-0.024182280775712293,-0.05287079279603446,-0.031885619858224905,-0.01867285355862994,-0.05743247714327408,-0.056212594268093864,-0.06144307240138347,-0.06366508924486873,-0.07822069498455912,-0.06852970615857784,-0.11779393819922367,-0.0768829127788408,-0.07977464212399214,-0.0756315494159001,-0.10363691932370876,-0.09948706450457082,-0.09905474351324411
CHE,ssp370,gfdl-esm4,-0.004827726456083473,-0.006045909060285047,-0.004171514510438679,-0.004961231606370566,-0.007868283178397228,-0.007001937673642128,-0.007221832684387534,-0.008193519302288864,-0.006969524710565095,-0.008394026385722323,-0.011206058985985144,-0.010837011271562245,-0.010834794366544791,-0.013863316864667947,-0.01733786817624137,-0.01329620308710447,-0.01623899553592685
CHL,ssp370,gfdl-esm4,-0.008443363815458757,-0.006407519423823471,-0.009814384950115553,-0.01139143958720777,-0.009876022916883604,-0.017914811551509778,-0.0185631717907267,-0.016743118574721393,-0.014700952436503338,-0.02150735579209705,-0.018702622944338027,-0.018608402030630238,-0.01883430287131454,-0.02837685981996913,-0.024511338753242455,-0.029073044952342173,-0.02999071369469107
CHN,ssp370,gfdl-esm4,-0.0298776458458885,-0.0245347128997418,-0.024991704298491207,-0.0416719268112128,-0.03628173076953819,-0.05578781998034938,-0.06897710696162951,-0.054999009540329845,-0.05980054098124011,-0.07583334584036615,-0.07930974888868698,-0.06888833094167837,-0.08455715967177822,-0.09612167733456134,-0.09763238259310393,-0.11279458445845202,-0.11690839095855984
CZE,ssp370,gfdl-esm4,-0.06354820866993699,-0.045795311080328714,-0.029267257746064073,-0.048000919868311745,-0.0709773757506223,-0.06698404729778996,-0.07248784482789591,-0.08885624573086517,-0.07526393044506147,-0.07922946202819169,-0.13955190812808338,-0.09412950014057966,-0.10923570093753515,-0.13158070109621017,-0.12231043007781763,-0.11809155403213914,-0.16703441944006409
DEU,ssp370,gfdl-esm4,-0.02167826890313814,-0.014996069651779728,-0.011764495395300698,-0.017268855236246567,-0.02256415193170525,-0.021097228899078824,-0.02450275882616458,-0.04522202753444306,-0.025114262725457574,-0.031246521065376343,-0.04095958522139404,-0.037942101315502,-0.04194077484940987,-0.050401587165288836,-0.056963908758510276,-0.046167363084976425,-0.05928209524471837
DNK,ssp370,gfdl-esm4,-0.03035527257641608,-0.024011931597574962,-0.01485875536501794,-0.028518474652766756,-0.025602874792104834,-0.032606386454832464,-0.03505532770826767,-0.04938747951802992,-0.037514865575296825,-0.04410939067586741,-0.04896693084317694,-0.06324535304610822,-0.049429718252132944,-0.05729172536066152,-0.06012744243589919,-0.05257811528052717,-0.06069952274855401
DZA,ssp370,gfdl-esm4,-0.0886658132977362,-0.12529430108519257,-0.09193028627390454,-0.15446749773857804,-0.11893988843549315,-0.16360428346801065,-0.11558846380675483,-0.09464010893075274,-0.15988708818207922,-0.1475332429571209,-0.16215391299491494,-0.11947190089758655,-0.13493694566312087,-0.13957907507122697,-0.13101988373223344,-0.12558635309618119,-0.12129199026145804
ECU,ssp370,gfdl-esm4,-0.0006980884267506185,-0.0007980534263632671,-0.0005565313756411439,-0.0005767014340114095,-0.0008538345218916115,-0.0009838464410338085,-0.0005793033023273445,-0.0008367058850855897,-0.0007600250933689057,-0.0008154350054796901,-0.0007818654113478768,-0.0007485364224272012,-0.0006102543071015742,-0.0007050684940062787,-0.0007044151236739779,-0.0006921002930387926,-0.0006546022399550048
EGY,ssp370,gfdl-esm4,-0.10469634602992443,-0.0706801144085758,-0.05374766675845786,-0.056445641427713515,-0.04763898836616197,-0.04046775150792646,-0.047067023753374515,-0.0449114292789056,-0.04115149237801158,-0.039082080034286926,-0.03811588650015358,-0.03733014072234631,-0.033980788983449105,-0.03544172711841521,-0.033752840008746884,-0.03285511525858578,-0.03186284602248473
ERI,ssp370,gfdl-esm4,-0.3750168088069256,-0.3168302667321177,-0.4371657055236684,-0.2722691753567276,-0.2491447355289307,-0.5334595735436553,-0.4662964600629863,-0.2504512287898815,-0.45685466754719695,-0.5312572512874094,-0.3612289993595949,-0.455910929224091,-0.5930671942586676,-0.5539870516672711,-0.5908896320787752,-0.5474848522731218,-0.5786840349539105
ESP,ssp370,gfdl-esm4,-0.016277077365882946,-0.020135307599226906,-0.026210797510311412,-0.028272097817046392,-0.04090508801960948,-0.03776212483716714,-0.041267376673464744,-0.0469788032374819,-0.03579391892961152,-0.05971523925965896,-0.06820790957800148,-0.06948201187265655,-0.0778752469851385,-0.07099171716330047,-0.07410105584495912,-0.0751524606876609,-0.07664575697339147
EST,ssp370,gfdl-esm4,-0.061353625952298096,-0.05078135925868651,-0.0467905953701468,-0.043292904850778045,-0.05101127907093722,-0.0667523208876939,-0.08247128331153279,-0.1430132746073788,-0.09489075362812818,-0.10316152675491862,-0.11283586390253295,-0.10603672085357921,-0.11233785318325963,-0.12510470587145983,-0.14360645566571253,-0.13176341096057767,-0.13821069718450468
ETH,ssp370,gfdl-esm4,-0.1421682723330789,-0.11300325499707206,-0.15819655202959929,-0.09495633185936489,-0.09390856732763729,-0.142114154811927,-0.09330088795529219,-0.0665976577884168,-0.09054698386465339,-0.09091309557532144,-0.06972277351982678,-0.08134374725468586,-0.078912895008344,-0.059735982517785495,-0.06579278968485315,-0.055823878740131526,-0.062303272689440053
FIN,ssp370,gfdl-esm4,-0.00538926430217648,-0.007734375177280787,-0.005828623713436374,-0.0072473828783568475,-0.008002893957253768,-0.009929438159601322,-0.01036469579868045,-0.013782763266889512,-0.01644697859947577,-0.0144168149590284,-0.01829504338365021,-0.01580436993672928,-0.014982628023978222,-0.016120636936846983,-0.020609087940454258,-0.014711935811942401,-0.01547484946592932
FRA,ssp370,gfdl-esm4,-0.0283374261152377,-0.03446188527340962,-0.04761200757604591,-0.03676446650253651,-0.04688807319407655,-0.045641535916470063,-0.04793504768882687,-0.05400930062461577,-0.04036000809962068,-0.047335833495727966,-0.0588476914148713,-0.07174821969381456,-0.08081381554493733,-0.07497027853563709,-0.07281818872364412,-0.06869578806720031,-0.07585905505072868
GBR,ssp370,gfdl-esm4,-0.007534275015427321,-0.010318801103597482,-0.012243854562845588,-0.010072260661376505,-0.010755641745607612,-0.020755135068272427,-0.013871224634377021,-0.020045717785787787,-0.016195900912998946,-0.0150161178623292,-0.015826989109433854,-0.023186760158112368,-0.023969727985199293,-0.01870634297248726,-0.02011476455019507,-0.021250136770889994,-0.024083453151409192
GEO,ssp370,gfdl-esm4,-0.010924381224129335,-0.015855584549307394,-0.02279874674056604,-0.017052608213345036,-0.02605855661449496,-0.021152968387074495,-0.04561574727237071,-0.04293393946472253,-0.04080528496420104,-0.03778460134682813,-0.04137460713118581,-0.04639490731969921,-0.03693122866564225,-0.046574042357929286,-0.03976232061646791,-0.044496701214094624,-0.04628385676533772
GRC,ssp370,gfdl-esm4,-0.018344084533297875,-0.034228057318217334,-0.01359663712527695,-0.03238241291885593,-0.027907782198819283,-0.029263010416239712,-0.03656487523852644,-0.04684267036495665,-0.057315080099673454,-0.03949324642619334,-0.051527755866898374,-0.043080481650981044,-0.059052392904079085,-0.07267775680411853,-0.07144618840820624,-0.06852887281659992,-0.06706203588362533
HND,ssp370,gfdl-esm4,-3.8766258376369014e-05,-8.238318970956436e-05,-6.159452974871079e-05,-5.892434239148311e-05,-6.906614925096031e-05,-7.386490621569425e-05,-0.00010287027656139269,-5.4311060840205814e-05,-8.81491430214248e-05,-8.886913602507545e-05,-4.964001968072738e-05,-8.06239243433058e-05,-6.108974624585124e-05,-7.441630945727479e-05,-7.161550562099754e-05,-5.822430451872272e-05,-6.39420730632522e-05
HRV,ssp370,gfdl-esm4,-0.048289133189211304,-0.21394565820555558,-0.20982258501299494,-0.3361290625201226,-0.558999667069208,-0.4600226250854902,-0.5917821683773169,-0.8018636259168217,-0.6670149325330179,-0.7050531113910258,-1.1426456228017636,-0.8372706937353341,-1.327946259195704,-1.5357804138465487,-1.4438050407516065,-1.6513641300910091,-1.9098270459770834
HUN,ssp370,gfdl-esm4,-0.08310299760689234,-0.041563013372087114,-0.0356564150595523,-0.05456550549994913,-0.10083187961375437,-0.06945896767851041,-0.09297926073788111,-0.1406663945719935,-0.09792881306103147,-0.10294972934156921,-0.17425624209055462,-0.1197614724918114,-0.18420414854896416,-0.21023092811889155,-0.19887657479824355,-0.21357368261439033,-0.24357630148270012
IND,ssp370,gfdl-esm4,-0.08907765865600799,-0.11998389450907686,-0.0891702829660187,-0.13198958381921244,-0.08491625975306256,-0.14643729116520976,-0.06876098021767968,-0.08700113795708452,-0.13109019198631713,-0.14248011930438034,-0.13056527210122656,-0.15709589958272696,-0.20272528447387583,-0.1705788340618037,-0.1822662397496499,-0.18699585692575593,-0.20586191909392945
IRL,ssp370,gfdl-esm4,-0.0009171788462147938,-0.0017918994250894428,-0.003924304765945449,-0.003643880709325799,-0.0026845324278509494,-0.0037020626537726986,-0.004153360698832793,-0.00476592503054259,-0.006580472981522932,-0.00628380167296576,-0.0061537634351365965,-0.009189835035628998,-0.0075412352097264795,-0.008499036838821177,-0.008413587362351477,-0.009905115729341597,-0.009862667255918023
IRN,ssp370,gfdl-esm4,-0.03549546623098433,-0.015025852426133636,-0.025516948737990517,-0.022312395484330706,-0.012725657925307294,-0.020678693548828238,-0.02593811329574029,-0.0221604353119981,-0.01869020084058513,-0.01976075402922596,-0.02285929610439899,-0.022920585063386574,-0.02109506853526075,-0.021627217071139387,-0.018097257179039605,-0.02008891943170283,-0.021020507437518106
IRQ,ssp370,gfdl-esm4,-0.27317582846503585,-0.09591466509144157,-0.13477080074515427,-0.19137085163611148,-0.11532400538823158,-0.11613327307150581,-0.17326249788475026,-0.16163738472613454,-0.14285619816424866,-0.15423602065989306,-0.16529740275054522,-0.15385998272125875,-0.14142791567436205,-0.13949907847004553,-0.12229897094806073,-0.11439333898488431,-0.11409188973604495
ISR,ssp370,gfdl-esm4,-0.0014113256587220044,-0.0009089966870659285,-0.0007348593766736406,-0.0019903173161616664,-0.0008066048221968777,-0.0008941786534916989,-0.0016291560410563238,-0.0015854550227881003,-0.0014329271159455462,-0.0009721753099574916,-0.0011133216819854397,-0.0010655205089112265,-0.0011525057935369365,-0.0011626043327530146,-0.001057467159492374,-0.0009056212364555332,-0.0009301074090840037
ITA,ssp370,gfdl-esm4,-0.010719798249900074,-0.009288534229153867,-0.011069091798674435,-0.01434934391356483,-0.02154174655350382,-0.018545578511666525,-0.025121266775531843,-0.020165443814920674,-0.02653897909901279,-0.02719146286798159,-0.039950029578177185,-0.03194160024731082,-0.03995505505496516,-0.04754974523573714,-0.046126724873204905,-0.04652619177827312,-0.05045083637469193
JOR,ssp370,gfdl-esm4,-0.0036991784050795134,-0.004989657961328645,-0.004791970931201924,-0.009602485378157779,-0.003864968477312969,-0.004939995220135789,-0.007071581562310202,-0.006656435172270187,-0.0058381844957391075,-0.004194769885160798,-0.005198645382707002,-0.00495871061559246,-0.004498198780286531,-0.004580624993904362,-0.004183534192082639,-0.0038539264936638413,-0.0038033754902019232
JPN,ssp370,gfdl-esm4,-0.0005404207411762185,-0.00042681171907944386,-0.0005998773658572455,-0.0008045039222184473,-0.0008885371313671329,-0.001146161198475891,-0.0013025110494878402,-0.0014958921158313117,-0.0014122089581765002,-0.0015208296776244505,-0.0016579929821977511,-0.00209544406905309,-0.001985669716259447,-0.002554671636855085,-0.0024444189554414723,-0.0027122385883177353,-0.0031307089152938054
KAZ,ssp370,gfdl-esm4,-0.03878756259845301,-0.04843280509121562,-0.16967508292010697,-0.11222434431549407,-0.13837717833013438,-0.11405491049021367,-0.08197963722787435,-0.10150039942128054,-0.1500384485074563,-0.1438350398182547,-0.1760925454170128,-0.22382059461043594,-0.21762313065318237,-0.23035303818964398,-0.1738814406121011,-0.1995683984862425,-0.18065726363233778
KEN,ssp370,gfdl-esm4,-0.020277266140286132,-0.010527113054805814,-0.011072556629576999,-0.007611620251663091,-0.00844301881808039,-0.014545392345938858,-0.007810262143723726,-0.008488927353168564,-0.007348824500024066,-0.007816423217592936,-0.00680859344846022,-0.00732210173332313,-0.00732390995200024,-0.006266607686793844,-0.006620965251235343,-0.005795437763154404,-0.0058352816983787935
KGZ,ssp370,gfdl-esm4,-0.16429960542843094,-0.18168325573686828,-0.16899336513872576,-0.12602719739479845,-0.11187339417168948,-0.1321636933346711,-0.24541524250174035,-0.11298047400134542,-0.14193934259530644,-0.10445709722936704,-0.13685919501694344,-0.11489722919117329,-0.10438892695571698,-0.11115747220129862,-0.10436825398915728,-0.1311079578208702,-0.09236181658827346
KOR,ssp370,gfdl-esm4,-3.2426523353105405e-05,-9.779273465061709e-05,-0.00013100065237288194,-0.00014538498075324473,-0.00013737450124500566,-0.00015265024076900743,-0.00018983790335830558,-0.00019875006513154142,-0.0001850741351740987,-0.0002068862370392617,-0.0002126850432347239,-0.0002677898029781193,-0.00025434083211878044,-0.00030575984314896353,-0.00032339302404324173,-0.0003412878948034604,-0.00034891258765686414
LBN,ssp370,gfdl-esm4,-0.0051619186888220425,-0.0001995421544305284,-0.00018508238586767756,-0.00038312890098334104,-0.00012687757711744575,-0.0001420878016059744,-0.00029445335841246363,-0.00021547925632537087,-0.0001968918035128947,-0.00019309071510934317,-0.00019960658768464418,-0.00016891403974929494,-0.00021174965566670708,-0.00020991979298214006,-0.00024127785999633768,-0.00019594799508199372,-0.00023629061538567168
LTU,ssp370,gfdl-esm4,-0.25207434830854397,-0.20331036340039485,-0.16170476488463306,-0.21853824580746364,-0.21935849952253364,-0.3283012237861086,-0.4052640682444298,-0.6892498265483895,-0.5012313790754557,-0.5502946384298294,-0.6987183441450276,-0.5950451839560429,-0.6930631858079754,-0.7791705481134308,-0.9638282919680669,-0.8420294814495095,-0.9057648927241783
LVA,ssp370,gfdl-esm4,-0.18257234554682789,-0.16963510083379535,-0.15113047411167424,-0.16753666129859715,-0.19200287992732873,-0.25791906201935033,-0.32482135003201673,-0.6137043478734575,-0.40758815121297787,-0.4520125963464173,-0.5510251719389487,-0.5037982536158135,-0.5506943289692956,-0.6325517064549926,-0.7425266158509828,-0.6875886161131773,-0.7669238638299473
MAR,ssp370,gfdl-esm4,-0.055059416101905914,-0.08609974251356693,-0.10174020837400896,-0.07908939088133136,-0.07152321997814089,-0.09327257797399569,-0.07222566608925524,-0.07948806501281726,-0.0710037262894082,-0.09449240726832447,-0.08738013346037025,-0.07235131356818493,-0.08462800391670577,-0.07935970369857381,-0.08012716033042398,-0.07754428196215614,-0.07547867676904867
MDA,ssp370,gfdl-esm4,-0.11546186075372818,-0.06096553996408631,-0.07285212545925043,-0.1332369929974773,-0.22946989436793044,-0.14371759695568737,-0.2666480720536935,-0.45640372822171404,-0.26296529755642095,-0.3520720358276795,-0.4242328058673451,-0.31411588313167516,-0.5379478963844002,-0.5292684842724074,-0.49509389084164457,-0.532572993575996,-0.5292449864670866
MEX,ssp370,gfdl-esm4,-0.010010779590598281,-0.010303252055105214,-0.014031026288119917,-0.009672789653595193,-0.011428713176717883,-0.013852258257499,-0.01564817312570148,-0.014054725676710091,-0.018059116319430125,-0.014798648590584428,-0.01677909854361388,-0.018381955076162197,-0.01728387446651755,-0.01675906042583078,-0.01816035111560473,-0.017208990742487208,-0.01819773657949074
MKD,ssp370,gfdl-esm4,-0.06755790319550396,-0.07187392265304043,-0.029953145847817633,-0.054415580019907275,-0.06699748997595975,-0.04804794529012656,-0.05816287730456987,-0.08762542901141153,-0.07814014477865532,-0.05921016715039897,-0.09114041409554392,-0.08701955797940632,-0.10136493625981749,-0.148886849335554,-0.14745403365942772,-0.1446182479960077,-0.14365500269169068
MLI,ssp370,gfdl-esm4,-0.021169785443033263,-0.019865198959186568,-0.01926217978216607,-0.017023169977068323,-0.013782617294744667,-0.012709135775692708,-0.009715759392259868,-0.010238484222233866,-0.009054332386188689,-0.008176344958352913,-0.0067543768230600406,-0.0064401916020842154,-0.005845898112639553,-0.005259362432310786,-0.005335310670642932,-0.004717446432065525,-0.004662615257531457
MNG,ssp370,gfdl-esm4,-0.06244630069139369,-0.04345722808750505,-0.057466573897610985,-0.0337935454494819,-0.045573957992050294,-0.04638663994479189,-0.04475496302673808,-0.0675222767882322,-0.03430537687556477,-0.04292714150286846,-0.040227752040914964,-0.04358543452921461,-0.03972252700166298,-0.04593869534302228,-0.05151660653759193,-0.05651017689120302,-0.05093600605206272
MOZ,ssp370,gfdl-esm4,-0.005183413993009122,-0.004395127456649909,-0.006947529359910127,-0.0029050382648358633,-0.004158542953223478,-0.0030853694175876235,-0.002300011370121642,-0.0019301932022070978,-0.002406820650889888,-0.0024416123122273066,-0.001650979420992018,-0.0016688633082754998,-0.0015146490497554837,-0.00202215834435352,-0.0020122058989375693,-0.0013181390586358176,-0.0014774935272494098
NGA,ssp370,gfdl-esm4,-0.0002497480362454325,-0.0005006773617441433,-0.0002495228455412823,-0.00033198652978768783,-0.0002857770008498484,-0.0003579117022079095,-0.0001788648209876566,-0.0001653956973476988,-0.00018419679573276312,-0.00020922546868492407,-0.00010433796568905144,-0.00015091276815307208,-0.00013355842187883968,-0.00011756392797563644,-0.00010456044414674139,-9.197081123616444e-05,-8.491463070585902e-05
NLD,ssp370,gfdl-esm4,-0.0034563559651640103,-0.002451275383217263,-0.002249347792832642,-0.0032824857177811964,-0.003811869230042416,-0.003919377621083372,-0.0037296230721859036,-0.006905811006875024,-0.0037969705839308566,-0.005621028630234629,-0.006043158274593556,-0.006551816186601626,-0.006155509683243678,-0.007350095054562066,-0.008718272062691336,-0.007462129157979949,-0.008208065709749761
NOR,ssp370,gfdl-esm4,-0.003610930982701239,-0.0031807908483968356,-0.003255248011428721,-0.003070094258959713,-0.002324506027094841,-0.0038440482430717343,-0.004225586627807421,-0.006893661827984698,-0.005117635930037586,-0.005799926732410245,-0.006089529107598236,-0.006745711606505387,-0.005798473540378381,-0.007013327932557723,-0.0067333417592534564,-0.006500071625298063,-0.006324391509704874
NPL,ssp370,gfdl-esm4,-0.15443794405754324,-0.23672759050121006,-0.12399800270372055,-0.15114859283230866,-0.1934339414271333,-0.2281790832610773,-0.17940022921154522,-0.16533422563518335,-0.24481063044495596,-0.20867461417234573,-0.23964101719199868,-0.23201561015151642,-0.26431819576939397,-0.2206988339718618,-0.22688682207586514,-0.24348590251604815,-0.23908167435613714
NZL,ssp370,gfdl-esm4,-0.005781330873331417,-0.00344675405467041,-0.004843825582829561,-0.005232131893152334,-0.00542243120030167,-0.004996633099507991,-0.0068910083108100996,-0.006267928235085944,-0.008275102556587536,-0.008357210474543639,-0.007988508091088841,-0.008083010815463027,-0.0090823266867455,-0.009233258373401833,-0.009054455286984843,-0.010728069184183654,-0.009116484828644475
PAK,ssp370,gfdl-esm4,-0.2635385979551168,-0.11886708746899229,-0.10828005848370244,-0.159130366352068,-0.04660309272643889,-0.10422643707933116,-0.0765334776563812,-0.11754276806023814,-0.15083468787890536,-0.1367342427152883,-0.11346524120075883,-0.12807191921963867,-0.12019968782836299,-0.12455353078562294,-0.11235715424720472,-0.10716563528058365,-0.10219938665485209
PER,ssp370,gfdl-esm4,-0.004157889105446914,-0.00884529821624193,-0.006234240645922819,-0.0043823732034658945,-0.004658925328545076,-0.007919541460475375,-0.004877578808269232,-0.004291516459647686,-0.0059257466987418265,-0.007619130237704948,-0.004910538635420794,-0.005253242005206399,-0.005796495867267295,-0.0054859791231586545,-0.005874151000303416,-0.005246875111753455,-0.0054941380496562634
POL,ssp370,gfdl-esm4,-0.06431484758708722,-0.039851650092149166,-0.026647956623732122,-0.038031419381478,-0.05817804972742886,-0.06404096160905172,-0.06472528234546024,-0.10058338983819336,-0.0775394298932313,-0.0791322635518638,-0.11287056984300033,-0.09831489938731984,-0.10926961071515032,-0.12242953295993667,-0.1396016429560058,-0.12279066108346423,-0.14472995311563056
PRT,ssp370,gfdl-esm4,-0.0005776266050494304,-0.0009666919001648759,-0.0013688738993463778,-0.001554821328835145,-0.0019915439022666695,-0.0016665560614164863,-0.0016988066094313302,-0.002787668801369417,-0.0018330378046978308,-0.0028603146448992387,-0.003296480835145437,-0.003646861007503792,-0.0037691520460187895,-0.0032687745860799406,-0.0034167657051598676,-0.003638730573674178,-0.0035296141342633564
PRY,ssp370,gfdl-esm4,-0.01982243075779836,-0.0051004530431147934,-0.01952545363094573,-0.01681149175636149,-0.016676248378422444,-0.02949882535636662,-0.021238345722302373,-0.029277056313655663,-0.023968533969461765,-0.025312599952788433,-0.023436862561233514,-0.022450781781450154,-0.02212305562404343,-0.03264083362854155,-0.032470082120469555,-0.022327171297370725,-0.023967740026474893
ROU,ssp370,gfdl-esm4,-0.07269324886935147,-0.05300812112990753,-0.052341180547864394,-0.08720085979861919,-0.16072589811708993,-0.10680242241335933,-0.1805621552328847,-0.2615451719142665,-0.20664212570473445,-0.24447250455482875,-0.3686340321532832,-0.3015565888038192,-0.468593923284238,-0.513692731969035,-0.5281240989769052,-0.567180918114206,-0.6123974387440099
RUS,ssp370,gfdl-esm4,-0.07507815154625673,-0.06053431322243658,-0.13431530673797162,-0.12541388989316948,-0.2149913874259423,-0.13083697285402995,-0.1544077483721933,-0.22476321960830967,-0.2363522557171262,-0.2270425042805973,-0.27072105940200814,-0.28453892451422247,-0.2649141192381719,-0.30847410721351215,-0.2696206522080309,-0.3353237847813954,-0.3346563623243031
SAU,ssp370,gfdl-esm4,-0.008875884735741205,-0.01441832044690276,-0.021446930569153685,-0.01937349860991114,-0.01922946477030652,-0.020132498825396902,-0.021459708728165668,-0.022487183877966593,-0.022152240943525834,-0.02460260832722174,-0.02585030444063033,-0.026305946538712884,-0.025624699151099994,-0.027872579485049315,-0.027391728160409745,-0.027488775796260086,-0.027730527428715606
SRB,ssp370,gfdl-esm4,-0.12826197335388348,-0.1079995035646666,-0.08782444786825247,-0.14840140321145168,-0.27779922220792536,-0.18612885355217418,-0.25993625782344887,-0.3290529138612369,-0.2887248509096609,-0.27677092648455576,-0.46888192967861464,-0.36022122596892203,-0.5476516283068616,-0.6667231744904021,-0.6592868422645559,-0.7087619490553941,-0.7730586266728973
SVK,ssp370,gfdl-esm4,-0.05736605651722126,-0.03030897850033912,-0.020506383285429402,-0.03193901890962633,-0.05662336142160666,-0.040036659120215104,-0.054912702862455025,-0.07485318400375977,-0.06174047934710231,-0.055434507867096604,-0.11075579013543596,-0.07078933236227854,-0.08542245757057618,-0.11432103108177227,-0.09879877604629425,-0.09243848282391241,-0.12739059188331306
SVN,ssp370,gfdl-esm4,-0.012351786668884403,-0.004653806672408001,-0.00528181393489453,-0.007612168101591055,-0.010707347208555157,-0.009721100275166518,-0.010840319030316695,-0.012354735015543811,-0.011008066789616352,-0.012238247337502502,-0.02017880090903455,-0.014364443161708767,-0.017781237135264992,-0.019821220885881317,-0.019401479548677054,-0.02122641770649806,-0.0252524615652957
SWE,ssp370,gfdl-esm4,-0.016204595312950335,-0.011090423412584621,-0.006509919658486337,-0.008732931780795504,-0.008680730774700362,-0.01297897112786958,-0.013380190765110229,-0.020693727201698976,-0.015423538696166514,-0.016736202572774715,-0.020097183685393784,-0.01950189194393082,-0.018255654493054517,-0.020840164034701354,-0.020806198455081085,-0.019270380538729783,-0.020413153367637746
TJK,ssp370,gfdl-esm4,-0.17454657049934041,-0.1210481559939845,-0.13669558482561342,-0.0953368730182481,-0.07977428520233207,-0.11396929654709209,-0.17408553241846636,-0.08171086539583007,-0.104476804038462,-0.0731354516081022,-0.09419700907458312,-0.08101370541398925,-0.06969020118418794,-0.07675390527006953,-0.0727270674853598,-0.0769880845117025,-0.055193829094965834
TKM,ssp370,gfdl-esm4,-0.10813697665079951,-0.15033581829421133,-0.16794819546770784,-0.12405528375614096,-0.10330474996449206,-0.1427499269957733,-0.14111846157370006,-0.10924446577730941,-0.11256449646570718,-0.10243998454228975,-0.11489114455889753,-0.11365106562123838,-0.10658919692882701,-0.11441876215570021,-0.10856019333642772,-0.11667149334691376,-0.10750442217857271
TUN,ssp370,gfdl-esm4,-0.10068471630280182,-0.0824846055672144,-0.08288203282371415,-0.09739004886867353,-0.08620215902464458,-0.0726908445517434,-0.053911956161483615,-0.04020034997145257,-0.07052348866595758,-0.062087561160408866,-0.08672789242405271,-0.06215556466214043,-0.07087275242708753,-0.08219856776530059,-0.0769405552361527,-0.06862572905675328,-0.07678359788701851
TUR,ssp370,gfdl-esm4,-0.022544049061799885,-0.009704972974308088,-0.006717785617255758,-0.01830625705961501,-0.010870183018306471,-0.0107711910734335,-0.020659926166653606,-0.024721827594745786,-0.022289616088458978,-0.024494541324755432,-0.02440502760105719,-0.024532113214841292,-0.025814007773196097,-0.03128364917875257,-0.032214251849724755,-0.03129273055162358,-0.03526746999402017
TZA,ssp370,gfdl-esm4,-0.004329178744627569,-0.005271553785186542,-0.0032833649359794927,-0.0027380907592015062,-0.004068507495694039,-0.003719614469245911,-0.0033759891704445194,-0.00254929713224196,-0.0023907620820852564,-0.0031634429065652415,-0.00206809512281433,-0.002192958139385116,-0.0019542668582824135,-0.0016438274872510263,-0.0018186628842532734,-0.0015390032769502593,-0.0013586976567156587
UKR,ssp370,gfdl-esm4,-0.26791744708409776,-0.08150885922338764,-0.11129009224561731,-0.16275087174509273,-0.292253386779675,-0.1826668419297984,-0.25401241474510344,-0.5058773752381429,-0.3322960671936428,-0.368705733424787,-0.43470438220059937,-0.31370996713509447,-0.43369837524744187,-0.48595645831263096,-0.40715807411065813,-0.4877105154484848,-0.5159074515974491
URY,ssp370,gfdl-esm4,-0.01946287500808293,-0.01677334718794081,-0.015060198698300118,-0.048494164677835086,-0.041166590521988,-0.05186543091659601,-0.032969699882692896,-0.05383512554551132,-0.03884179187969695,-0.058828572735657496,-0.0565088019107035,-0.06265572112992485,-0.05110529284656114,-0.0761089350427695,-0.060158898275908375,-0.06456617883960086,-0.0888336991967581
USA,ssp370,gfdl-esm4,-0.005246562018648712,-0.008227538704489482,-0.004009926521071432,-0.004473429447237887,-0.008016027261566888,-0.008688657857330893,-0.008906099799663277,-0.009917093580533146,-0.011354987423145047,-0.010535918915148669,-0.01727306194162224,-0.01258459062199563,-0.012607368086785628,-0.01427835665197796,-0.013726495925620754,-0.015665916451729434,-0.015845671231777218
YEM,ssp370,gfdl-esm4,-0.019940433837338453,-0.0033292887566490213,-0.004194610334248502,-0.003002514880661101,-0.003107284505806207,-0.006380050305191115,-0.004335008722589066,-0.0020666734144602866,-0.003794523196256102,-0.00407542132378198,-0.002259906942037354,-0.0026408653772441552,-0.00344290806596057,-0.002958326218058194,-0.0031223349300932507,-0.0028017286472095944,-0.002851232599622968
ZAF,ssp370,gfdl-esm4,-0.017150666881278843,-0.0162989915664903,-0.01688330366948547,-0.014599311506510086,-0.015526360706829978,-0.02009761608956877,-0.015899104513349707,-0.02077581062311519,-0.02030844109723245,-0.027436086308397594,-0.021101107007300373,-0.02011539094716684,-0.021213052807903785,-0.023540290007154494,-0.025965708054425333,-0.022207621883446993,-0.024821290229885908
ZWE,ssp370,gfdl-esm4,-0.09429210495944784,-0.10518889828492581,-0.1500160178849444,-0.06353368963315878,-0.09605158540493822,-0.12799487994819292,-0.05724358679365999,-0.059423143731412886,-0.09326472470570975,-0.08982132507316637,-0.04952755928500216,-0.0622997265336617,-0.052767352700710556,-0.056504535254936365,-0.06218141453443592,-0.04620761706542204,-0.051685434513995085
ALB,ssp370,ipsl-cm6a-lr,-0.02944221963786322,-0.04966945184083657,-0.06511702051171883,-0.0699061871244782,-0.08802020754288604,-0.16801740962424788,-0.1301406256798915,-0.24480245594859176,-0.17983575150659767,-0.2664708351901063,-0.20234457284855636,-0.217469357995371,-0.33927997182518194,-0.2634180847497418,-0.2782086993666877,-0.34041098916640267,-0.3222174515963183
ARG,ssp370,ipsl-cm6a-lr,-0.011211696383881108,-0.00329559223668691,-0.004252841376298968,-0.002399752406397097,-0.0023291875937814168,-0.003522352911739699,-0.0031684412210394855,-0.0032188089258784287,-0.0035470199060705226,-0.004109805930934684,-0.0043126628181244025,-0.004041475110151141,-0.003787441998912562,-0.004152141124735922,-0.003812234395303816,-0.00404021279434076,-0.004326882742480064
ARM,ssp370,ipsl-cm6a-lr,-0.021829337407357652,-0.03353574744889002,-0.03766628362471316,-0.036819921947928054,-0.049979408832778974,-0.047686753743753134,-0.10085194337455848,-0.06440225647489417,-0.10505983361456238,-0.11111445975390544,-0.1244985948575299,-0.10652335475959623,-0.1360772999910952,-0.10404279513163582,-0.14819665009501967,-0.1405909527747754,-0.1642610236358199
AUS,ssp370,ipsl-cm6a-lr,-0.020345432656308823,-0.09378162749237504,-0.07988627943504122,-0.0854482331698185,-0.06335109578405365,-0.09679574557358503,-0.12680663774661918,-0.12010659087620928,-0.13755432450430624,-0.1443961330210166,-0.130938925976555,-0.14535613111135393,-0.15298838121564978,-0.19076405469591134,-0.19783929557499322,-0.16552013124057896,-0.19291898988419537
AUT,ssp370,ipsl-cm6a-lr,-0.006685537054015122,-0.0086898750896061,-0.003013453604410913,-0.011309542488210046,-0.012547591964477536,-0.01397583304459981,-0.013113977323399879,-0.01814638499285411,-0.011572469186463463,-0.0313632331000047,-0.024453660047736154,-0.020347005977461582,-0.034342931500231995,-0.030638676769194816,-0.02774301279843761,-0.038738425173546254,-0.030250084012676304
AZE,ssp370,ipsl-cm6a-lr,-0.08197867705708788,-0.07475567811733021,-0.07509197786771982,-0.06950665375281594,-0.12742751784225406,-0.1139059611982994,-0.27676649607003173,-0.22079396114308242,-0.27652596560008125,-0.3083847913146546,-0.3251194664820937,-0.30609059374603054,-0.3315202453040214,-0.25682688113223556,-0.3510473636501434,-0.32361119561653917,-0.32885156737709964
BDI,ssp370,ipsl-cm6a-lr,-0.015044152815709142,-0.013905489846293362,-0.01023159710601157,-0.010708185531851152,-0.009019924207461338,-0.007082621415159423,-0.007249516720338958,-0.0055503466461234875,-0.00451657676614727,-0.005089763140970679,-0.004218563213821519,-0.0045691651422728845,-0.004237378902436,-0.00541658290623537,-0.004997756683131602,-0.003941530293456845,-0.0032061064667551387
BEL,ssp370,ipsl-cm6a-lr,-0.00713222447020942,-0.006344870079964955,-0.003477763901595611,-0.01291620909986273,-0.008262347073511126,-0.010482878644817874,-0.011227525056367881,-0.014849900722621804,-0.010628021070294003,-0.015446548490510682,-0.016285558693802778,-0.014486116235558451,-0.016269036434807427,-0.023257274331229236,-0.01881701726001132,-0.0260624680043878,-0.019302133140239302
BGD,ssp370,ipsl-cm6a-lr,-0.010807591310702237,-0.012629104628259278,-0.005848241980190899,-0.018582221223821555,-0.007587605681738507,-0.010592007664296894,-0.01550193376661933,-0.013453602268950924,-0.014736559511696546,-0.013318825313971338,-0.01348013295096266,-0.015668446642157285,-0.0146614615845505,-0.019640314640925485,-0.018900900993306984,-0.01779561434006231,-0.01747247547846475
BGR,ssp370,ipsl-cm6a-lr,-0.22207448329529672,-0.30551504718781936,-0.21612202702907482,-0.2652699184855269,-0.3237858275292852,-0.4611489684040443,-0.4069043175334219,-0.535756782837127,-0.595841908457778,-0.7890836776354982,-0.5973310609246537,-0.7852620943245233,-1.08011488859198,-0.7403936779720321,-0.8975099605776153,-1.002235353662475,-0.8800253760069713
BIH,ssp370,ipsl-cm6a-lr,-0.0358663751871911,-0.026908714408081128,-0.022805485008749238,-0.05938712454255366,-0.0438475676431759,-0.08857179478615157,-0.04482742911339147,-0.08900757595367888,-0.07273203481263561,-0.102321858473533,-0.11400198463288179,-0.07874977610256369,-0.13926454138918803,-0.10903427538714834,-0.11699495826501896,-0.14037114818172078,-0.1277130359258703
BLR,ssp370,ipsl-cm6a-lr,-0.07382970388540579,-0.060865131801078935,-0.02733758436787692,-0.054057975898396705,-0.05319862486370436,-0.0498899762784619,-0.048018881351605126,-0.06868320376660556,-0.061368820053332836,-0.10449732327404615,-0.07745639838577126,-0.08490914210364142,-0.10694001124310637,-0.09426436631757001,-0.09021357603082396,-0.11714784378698875,-0.09113109940523745
BOL,ssp370,ipsl-cm6a-lr,-0.022721911150519785,-0.030846834804532597,-0.03435779524523898,-0.05305518247476003,-0.031996556220822925,-0.03489950352587506,-0.04241164616792257,-0.03236265806341756,-0.035022270018927326,-0.031954747158975824,-0.028280976004056838,-0.03588566391738384,-0.03182537605026035,-0.039711050461995204,-0.03200369123665463,-0.0327372543833697,-0.033110464677042824
BRA,ssp370,ipsl-cm6a-lr,-0.006022496210111039,-0.010275732049266439,-0.010952841206550748,-0.009627893030940722,-0.010273626824375826,-0.012649947652279232,-0.014320226113256552,-0.01699873273564684,-0.0254960225931057,-0.020230526879851274,-0.022692326983942877,-0.02310999982193086,-0.02390687677266638,-0.030530193944156802,-0.02654871100404737,-0.034224050221985325,-0.033532155030368875
BTN,ssp370,ipsl-cm6a-lr,-0.0020215369375923826,-0.0008987013302790115,-0.0008568625600010603,-0.0009428023884455688,-0.0009384296305706648,-0.000776407978935574,-0.0007882896460352178,-0.0008141627127894096,-0.0008756350273014008,-0.0009322902445512163,-0.001025887119549908,-0.0009514553877943298,-0.0010505232700088814,-0.00097935016608997,-0.0012319912885384518,-0.0011048209990916023,-0.0011360367846303264
CAN,ssp370,ipsl-cm6a-lr,-0.006578474105601144,-0.04141852103461308,-0.05153170419440284,-0.07341978429646272,-0.11355164494101457,-0.10153434848075747,-0.07990281537506833,-0.08086601038836759,-0.09675736664596951,-0.11148633758839752,-0.11242461604819727,-0.09887523795815958,-0.12984674133979746,-0.1236945024641917,-0.1152572589859824,-0.12181096898815011,-0.12173881332762575
CHE,ssp370,ipsl-cm6a-lr,-0.0035018965633216953,-0.0030556571949586107,-0.002848244552643421,-0.0060142313663819995,-0.007065356170590854,-0.007563773258095192,-0.007831895954375435,-0.009280238698422526,-0.00667623498491765,-0.01156599970301912,-0.01356115375120351,-0.01076578925494205,-0.014299580664977314,-0.015473549770027656,-0.012883431196198907,-0.019408046159235068,-0.013941506549281567
CHL,ssp370,ipsl-cm6a-lr,-0.009670400657600277,-0.006620065429046289,-0.011391051157593465,-0.012814662653568959,-0.01288081240421788,-0.016983267727538016,-0.01581616121298235,-0.021827074690863785,-0.018865192567821955,-0.024935982553841655,-0.02502869798284848,-0.021012828573640816,-0.02523233194959921,-0.02314496754987452,-0.025458693041598715,-0.02728309286695231,-0.028970848618577624
CHN,ssp370,ipsl-cm6a-lr,-0.08129284009635318,-0.031447691396240235,-0.03296800765285863,-0.041397199071029726,-0.04253197053580325,-0.03989838622818119,-0.06360652077204414,-0.060155821135628174,-0.0822329263068199,-0.10094945097340884,-0.07881592091700149,-0.11477493374333503,-0.10032681029827334,-0.11670373389432423,-0.1335264788001888,-0.1327226138563072,-0.16045602083730445
CZE,ssp370,ipsl-cm6a-lr,-0.043841541353723784,-0.05047054707630523,-0.01779162944238951,-0.059609413688319124,-0.0693748873271178,-0.07267709931156877,-0.07742910869851527,-0.09194923019208613,-0.06391640939527808,-0.15992472041907335,-0.11051455768883536,-0.09674992409247493,-0.14063958997070963,-0.13210668818669047,-0.11421363725674326,-0.17135512856634313,-0.12666596735122565
DEU,ssp370,ipsl-cm6a-lr,-0.014116464233663494,-0.0105365989151038,-0.005379146691268463,-0.02173181526371652,-0.0201611505581439,-0.021605556632750204,-0.02564502644317368,-0.0316891997291276,-0.023783276776040918,-0.05210650519975863,-0.043011658881503774,-0.037457997651344756,-0.045705577077950414,-0.05572691845815898,-0.048074940230818645,-0.06711503213696145,-0.0522479574098363
DNK,ssp370,ipsl-cm6a-lr,-0.0462084406439361,-0.01437297761983242,-0.013047697661216232,-0.029202384150683082,-0.028435403907942282,-0.03366235926296709,-0.037494698125711566,-0.04123195961148401,-0.04124127537505559,-0.050769645143102504,-0.04983652492028694,-0.05710256169622555,-0.054102715485666864,-0.07507747306187475,-0.059046864720282394,-0.06516300481714729,-0.0629872562332588
DZA,ssp370,ipsl-cm6a-lr,-0.031246287841673406,-0.0903405574106136,-0.12370848181208038,-0.05655142830894434,-0.08988920032825355,-0.1433843546810506,-0.165334299371111,-0.1335703436512608,-0.14346425998303533,-0.1372302666844195,-0.14201476983525974,-0.10864645098451536,-0.1438406285237243,-0.13152830602930876,-0.12978607356979682,-0.12629557597819432,-0.12320679041958123
ECU,ssp370,ipsl-cm6a-lr,-0.0007842896518403688,-0.0005520720541881065,-0.0005553460464244001,-0.0006239668698479429,-0.0005573648970553252,-0.0006450836671494519,-0.0006672060529611713,-0.000649246743222567,-0.0006102813325330644,-0.0006407236059843442,-0.0006741867499335725,-0.0006470702931927824,-0.0007226443667555724,-0.000638666579993928,-0.0006175500107281676,-0.0006773070548905865,-0.0006449072140267524
EGY,ssp370,ipsl-cm6a-lr,-0.14506567410179327,-0.056116791073342304,-0.044851251323920434,-0.05350767261843693,-0.053256395357047445,-0.048018920754986066,-0.04604481783837292,-0.045923706971775224,-0.04218456287367008,-0.04274103748349069,-0.03789829219994981,-0.03791012058559633,-0.03508845546478352,-0.03476929921979461,-0.034922578123174085,-0.03371506084076574,-0.03414966385423907
ERI,ssp370,ipsl-cm6a-lr,-0.17385933751105143,-0.2628175413315005,-0.16739689972940694,-0.32422807483308846,-0.42678675668661353,-0.35438605764630443,-0.3555093317890709,-0.46603766769008576,-0.31318476026801456,-0.4439332267477008,-0.4568577961773648,-0.5584713744500903,-0.4684099490045167,-0.5667924596633486,-0.6147110676002144,-0.5149774810979333,-0.5910918095231869
ESP,ssp370,ipsl-cm6a-lr,-0.01582668560930963,-0.020975320867533138,-0.028495908356381484,-0.021015601926168925,-0.034427722372609035,-0.04387137732461956,-0.03828262705670926,-0.0370497363142165,-0.058057161377228286,-0.059596519315129014,-0.07349568329483856,-0.059952145847358876,-0.07569485031680019,-0.07077721156991568,-0.07293047569918527,-0.07935696282466595,-0.07438290826464618
EST,ssp370,ipsl-cm6a-lr,-0.06057666313384416,-0.08643036707791263,-0.0454701486907632,-0.08125977473596868,-0.0834302286626003,-0.07285570147616244,-0.066753765861879,-0.08872390481824602,-0.10319977410804788,-0.12734562589767673,-0.1023964947349491,-0.11701469832350239,-0.12518889606999037,-0.18870763477961963,-0.15156288591040773,-0.190547016020565,-0.16578696045100588
ETH,ssp370,ipsl-cm6a-lr,-0.1664618047060954,-0.1461569667552166,-0.10837215946129411,-0.13691794040807986,-0.13000446278562994,-0.11147345821649804,-0.10318595350670787,-0.10297401968798589,-0.08779528508319119,-0.08850765267276237,-0.08359081978494137,-0.07671009454794567,-0.06991860326611289,-0.07119425624396811,-0.06791598135660366,-0.0647344505269673,-0.06230370771372779
FIN,ssp370,ipsl-cm6a-lr,-0.0006973436013630118,-0.006832986183754209,-0.007524142085856807,-0.011660516919557372,-0.011354979554236182,-0.01598637392149775,-0.010639549795922383,-0.012423855656710435,-0.01615600446102726,-0.015462201287974625,-0.014926098303882774,-0.017217099437787927,-0.015788506851010933,-0.02218156387377559,-0.018696810694880744,-0.019149876143250314,-0.020719147340416487
FRA,ssp370,ipsl-cm6a-lr,-0.022354119229908046,-0.01694063567434424,-0.01588812442322121,-0.045305509635234754,-0.039210464005789,-0.0374736309159348,-0.04509291207570309,-0.053835122785199536,-0.043883909334279374,-0.07637726333019249,-0.0795651818298134,-0.0643369228476765,-0.0720505214758033,-0.08448946669794556,-0.06759502542924317,-0.09326688307959889,-0.07641382482808183
GBR,ssp370,ipsl-cm6a-lr,-0.00449129829397032,-0.006830523339507886,-0.005002910411193509,-0.01689381737366252,-0.011807099484136135,-0.011216207607403189,-0.014188439178864282,-0.023055342482247974,-0.013714330951238276,-0.01802652481194269,-0.01669570932279638,-0.02119316914784017,-0.02143819476360855,-0.0251701632187512,-0.02096321284889836,-0.026630185289328295,-0.019907383770820148
GEO,ssp370,ipsl-cm6a-lr,-0.009165262056937979,-0.017102484216420886,-0.01940647809380831,-0.015675329788801977,-0.02366203132833892,-0.020640761065716166,-0.03331905002155579,-0.028014213533588773,-0.03440523788141939,-0.04621869705239125,-0.03543803928073078,-0.03857762326512626,-0.040634757932706565,-0.035720100298705294,-0.046553482169990675,-0.043685680385978795,-0.05286293041699921
GRC,ssp370,ipsl-cm6a-lr,-0.006734753972209592,-0.01430354459264616,-0.01895986797956848,-0.016068353115773502,-0.021218169492714243,-0.03961555091428302,-0.03309739787488489,-0.04407769584047303,-0.04331235508324541,-0.05717851000409767,-0.043434865536960625,-0.04667481786496996,-0.06840543176570084,-0.05452046002304058,-0.0604160821031138,-0.06421546369976985,-0.06621560351712212
HND,ssp370,ipsl-cm6a-lr,-4.0301895437868255e-05,-0.00010154636815097277,-5.786421458330803e-05,-9.910404294994505e-05,-5.85014741187103e-05,-6.0867920062366814e-05,-7.940610490603975e-05,-6.316844346840554e-05,-7.261002510826209e-05,-8.748708845740131e-05,-8.605423119518069e-05,-7.949868395619483e-05,-7.49156586666e-05,-7.57652564485143e-05,-7.235096175168022e-05,-6.792939268437106e-05,-6.866970228086445e-05
HRV,ssp370,ipsl-cm6a-lr,-0.029749753188976047,-0.24059567713245922,-0.1399283342185692,-0.5966971372443701,-0.4588585523543425,-0.665479420748211,-0.4636795267379921,-1.0190268589464924,-0.7186934783477651,-1.1976605439564798,-1.3706031582557594,-0.9564805838150727,-1.6875169958317922,-1.4620913596212468,-1.4885431198972077,-1.7876168565100488,-1.5859803219280142
HUN,ssp370,ipsl-cm6a-lr,-0.05595578015006877,-0.056475403554411926,-0.023960201593949723,-0.08787200948998618,-0.08904226472100767,-0.09220461545164181,-0.07469365727067066,-0.1590192043914702,-0.10775351120809867,-0.1921664436531436,-0.1838483630058296,-0.14672959441177602,-0.23097734186073074,-0.18896521983485084,-0.18834708294735542,-0.23346976875423228,-0.1955089335586665
IND,ssp370,ipsl-cm6a-lr,-0.15787783706541436,-0.12896780321922624,-0.10454485067118717,-0.16746392723250328,-0.10271287659547709,-0.12939753570621873,-0.20215734764608817,-0.21668066367618566,-0.20219422788852753,-0.19382494202238018,-0.18540593066111144,-0.19341237734990033,-0.22151745722129187,-0.2506186387632363,-0.252107679298118,-0.24624529687003197,-0.2521667181130203
IRL,ssp370,ipsl-cm6a-lr,-0.0015286336740468805,-0.0017063123645110572,-0.0016190846759682469,-0.003367582915073264,-0.003797442420956337,-0.004100540554905781,-0.005637568411893059,-0.004490832907139746,-0.0048914536981171765,-0.006592015601941826,-0.006409870067379359,-0.008095435849111186,-0.00697524654580621,-0.01005024065227438,-0.010475253155484029,-0.011247761273083308,-0.01120816709168646
IRN,ssp370,ipsl-cm6a-lr,-0.041698884788660025,-0.011306572824888386,-0.014796086046015778,-0.011880412060878275,-0.01686935438858173,-0.014503511771409608,-0.020347957473101058,-0.015768146649862962,-0.020636065837488136,-0.02004413387865809,-0.022697185654281093,-0.019549887890434197,-0.022327404887098456,-0.018978204195527683,-0.02401866101798124,-0.02356539320316302,-0.023426470887222127
IRQ,ssp370,ipsl-cm6a-lr,-0.30874888302347064,-0.07897986138414419,-0.10481153050356075,-0.05330003350635702,-0.1731527116346496,-0.10038672219042459,-0.16446423401114282,-0.12644278881703191,-0.1579182723828939,-0.1579911698406763,-0.15627243678734343,-0.14998056627967735,-0.15568586111197388,-0.1322316740792074,-0.13694412737222378,-0.1262421602362435,-0.11910852138290469
ISR,ssp370,ipsl-cm6a-lr,-0.0008939088246644176,-0.0009283885798366648,-0.000667962649354388,-0.0008233771680593761,-0.0015893598787254373,-0.0009406626887903895,-0.0013521563947887104,-0.0015405804045186993,-0.0014679260590076922,-0.001475970861265954,-0.0012292919762860416,-0.0012970859142529558,-0.0011769231132963153,-0.0008279181218008215,-0.0010656033041904918,-0.0010024917888856377,-0.000995354030700425
ITA,ssp370,ipsl-cm6a-lr,-0.007064876963035767,-0.0073015861595538125,-0.010245373738601064,-0.010407637364094568,-0.01696718581612154,-0.027988211621305426,-0.022549786548412873,-0.03096131373316813,-0.028261732051289706,-0.03607347402348939,-0.04077690530920652,-0.03113151682336598,-0.04783466024825641,-0.04226140552247527,-0.04359146971708047,-0.049011964278197005,-0.04440320936138278
JOR,ssp370,ipsl-cm6a-lr,-0.004005050425482225,-0.005088584857161091,-0.0046517584364837465,-0.004028157151486759,-0.008401222924443246,-0.004192185131158915,-0.007207502012274328,-0.006433358787115041,-0.006135866577254891,-0.005995108699639143,-0.005130662943723189,-0.005163506177884597,-0.004708142525304293,-0.003226922146690939,-0.004281076514228773,-0.004058513053786225,-0.004109602175098447
JPN,ssp370,ipsl-cm6a-lr,-0.0005960542829498251,-0.00045340572684376024,-0.0006572549789973,-0.0006552244515450236,-0.0006976948970667563,-0.0009672388712519107,-0.001179629336334926,-0.0012226092847190295,-0.001425908188719922,-0.0018338606203429173,-0.0018081707990208688,-0.0020079166066003396,-0.0022532499947804,-0.0023942092512042857,-0.002529091679563367,-0.0028081422633655043,-0.0030602233972277866
KAZ,ssp370,ipsl-cm6a-lr,-0.04841582463906979,-0.06723963007937718,-0.07575072863689378,-0.048501512605986015,-0.11969571171075391,-0.07715239891078791,-0.11961635154015275,-0.14478717101825458,-0.1742404674959699,-0.2140338908918992,-0.19488925183753666,-0.22441601718733709,-0.18408514646639038,-0.2239749591307964,-0.2698069679831773,-0.26532431954846275,-0.2627033378909362
KEN,ssp370,ipsl-cm6a-lr,-0.014260757125692674,-0.008982960471135172,-0.011121072547417258,-0.010066298964441,-0.00915965017178905,-0.00891160068923272,-0.009146736450414443,-0.009512775927274515,-0.008542672329607558,-0.009018131394956653,-0.007558821457276771,-0.008103679663892603,-0.006504448214473699,-0.007512722371208,-0.007212936983909896,-0.00677822896662831,-0.006679183584470429
KGZ,ssp370,ipsl-cm6a-lr,-0.5616937327974773,-0.20396563818946015,-0.18743738551631875,-0.1279575836741853,-0.14488136157607914,-0.13264350109346137,-0.19594314801199678,-0.15216601416235873,-0.19967499743624384,-0.15725405211989915,-0.13195577003630293,-0.15062771569970135,-0.12838717726261714,-0.1224865166311381,-0.14068120361838646,-0.12804026883367278,-0.14419705005651143
KOR,ssp370,ipsl-cm6a-lr,-5.185871491487939e-05,-0.0001190471144203073,-8.783609563194868e-05,-9.258860126352733e-05,-0.00014837069706591182,-0.00017404833161729482,-0.0001733265575773189,-0.00018318752543812925,-0.00021480477245498908,-0.000282639868941583,-0.00023547558777664023,-0.00028965993880620823,-0.00033715838639304766,-0.000346177217301712,-0.00035590902223911827,-0.00037128342035137993,-0.00040987511213015746
LBN,ssp370,ipsl-cm6a-lr,-0.004455203183401188,-0.00017577115547895018,-0.00010995806297974096,-0.00018355955757164865,-0.00033071490339474705,-0.00015879069585546541,-0.0001974311824247423,-0.00019732554506035233,-0.00025986942845386123,-0.00026970396141390843,-0.00016338918250251094,-0.0002500167079432242,-0.0001726633713609189,-0.00017988677496561835,-0.00017513970044123539,-0.00024006785606026402,-0.00024470675630186464
LTU,ssp370,ipsl-cm6a-lr,-0.4063958537411404,-0.32245312823359734,-0.13505999147296868,-0.31678930094293106,-0.3450057916562339,-0.2924520641350343,-0.37807650930069714,-0.49765435032661576,-0.5303463317467566,-0.82419951885288,-0.591292933456847,-0.6953707167383055,-0.7723239986238071,-1.039908133538798,-0.938353861348109,-1.2993308754810877,-1.0593791844899387
LVA,ssp370,ipsl-cm6a-lr,-0.3360405474516365,-0.2885352537411479,-0.12764437990131203,-0.2575880100782412,-0.2884107250835007,-0.2366653810116447,-0.2897038498000639,-0.37155417250372663,-0.4361690771829232,-0.6436095350143092,-0.48463154464495983,-0.5552077621395802,-0.6148320529564518,-0.9228928766741673,-0.7609432348541081,-1.0159053713141668,-0.8763739030976782
MAR,ssp370,ipsl-cm6a-lr,-0.04927921114572477,-0.08572359054863457,-0.11507788276041908,-0.05573356519756111,-0.09763268321578994,-0.08474673258863748,-0.09307653585446957,-0.08322192525874929,-0.08868975569453899,-0.07324689081963101,-0.07403589471074064,-0.057891162110314615,-0.0844100981366374,-0.07841548136061313,-0.07668821605970709,-0.08113761599984937,-0.07928869374525489
MDA,ssp370,ipsl-cm6a-lr,-0.16350985382603966,-0.23259851650233354,-0.09913683594536868,-0.18645889771830784,-0.201076156333685,-0.2623342744052711,-0.23452223459222624,-0.3071312377973139,-0.3024347137037423,-0.44652502305324693,-0.41825191615881063,-0.46871420063770974,-0.6431031102867824,-0.5061348876655164,-0.5304804980952366,-0.6128677381910327,-0.5491556407923106
MEX,ssp370,ipsl-cm6a-lr,-0.011688107953690107,-0.011200941202641453,-0.011387053312274489,-0.010032558612455068,-0.010568148234713085,-0.012442586772302804,-0.015446224986213305,-0.014823875470584705,-0.01176277785057587,-0.013911192888808049,-0.016575558239696107,-0.017773898453383764,-0.016745002506049295,-0.01902116126675043,-0.01835092581602235,-0.018607067400364313,-0.018736584481362402
MKD,ssp370,ipsl-cm6a-lr,-0.023899457118183635,-0.03158597044536745,-0.030715251516657806,-0.03215870250508578,-0.04180962651411852,-0.08065763329521333,-0.054702521796641326,-0.09257221682890297,-0.09731122651245283,-0.117303613194901,-0.08066368111839915,-0.08764707221880455,-0.14453802937264063,-0.10569681231266242,-0.12143487164668687,-0.13826659417841186,-0.13389893962536792
MLI,ssp370,ipsl-cm6a-lr,-0.011568943846981636,-0.022891628137996195,-0.017793025048265503,-0.016090290294794387,-0.015112792630070987,-0.012639746883315778,-0.011172246329203422,-0.010453712989324963,-0.008980234935676706,-0.00806265922345153,-0.007416356688015869,-0.007150096179899599,-0.006293784619791626,-0.0062764718610909265,-0.005784736083032116,-0.005145446494591418,-0.005164644132598118
MNG,ssp370,ipsl-cm6a-lr,-0.07888230668724303,-0.08793890021841087,-0.0859763553971482,-0.045205884541552215,-0.09136019829086058,-0.045727567194022885,-0.06915927585020049,-0.08239393170887754,-0.07801311572431457,-0.07301725340866633,-0.0705696361785119,-0.06674531985615614,-0.07420952961831057,-0.06714378928238125,-0.06470689361814162,-0.06728786653076108,-0.06444975932595835
MOZ,ssp370,ipsl-cm6a-lr,-0.0033801567902082092,-0.00413955092339756,-0.003759566234771952,-0.004301722969527991,-0.0032076262109121466,-0.003055859343795228,-0.0029855164745121888,-0.0021308467083052587,-0.0020278680189211727,-0.0018197894003217409,-0.001855826672568477,-0.0016534926884980553,-0.002170383268962647,-0.0015928115952243854,-0.00143929900694798,-0.0014579494469105143,-0.0013388046024459688
NGA,ssp370,ipsl-cm6a-lr,-0.00014027106408224182,-0.0004827944284565972,-0.00023454151470918082,-0.00028232819653704135,-0.00030012427332817463,-0.00024104973093557846,-0.0002795044458998874,-0.00023677899897433193,-0.00014889305103563507,-0.00015375685828622427,-0.00015213024494819714,-0.00015054919162280173,-0.00011200359974656313,-0.00012057241558892347,-0.00010480979128939491,-9.196751098864168e-05,-8.899580316863393e-05
NLD,ssp370,ipsl-cm6a-lr,-0.0025300107918688384,-0.0021183850971342104,-0.0013386023655224616,-0.004580026607780931,-0.0035341708109158276,-0.0043713752491113134,-0.004553190636610929,-0.005913482343576053,-0.004510880002828762,-0.0062388697678501534,-0.006551926539944212,-0.0058755776846925074,-0.006435583636855989,-0.008990555157370633,-0.007681500204919725,-0.009278313960634263,-0.007714005663297092
NOR,ssp370,ipsl-cm6a-lr,-0.0027730484421670666,-0.0017887098169665082,-0.0011957155797995347,-0.004908564696695289,-0.004784944997948346,-0.005372923778250786,-0.005218055906598107,-0.00604426884154258,-0.00566475262150655,-0.007284569620278254,-0.010070979981226868,-0.007021054795404074,-0.007387431040712167,-0.00957606629713835,-0.008391114151834259,-0.00840273275320286,-0.00881067410360049
NPL,ssp370,ipsl-cm6a-lr,-0.22871108359406772,-0.18435806448804717,-0.13196550852778277,-0.2870110648066648,-0.1983246519177021,-0.21182837360433654,-0.2585116422140148,-0.2867324667634401,-0.2729085828935354,-0.2824218344459322,-0.2711222995504948,-0.2955743532248486,-0.29069545598839336,-0.32178757321767876,-0.34715545625566246,-0.3076094005906207,-0.31132671214420554
NZL,ssp370,ipsl-cm6a-lr,-0.0019090587720905039,-0.002530747880367253,-0.0041338588778966545,-0.004758166106239828,-0.007105924900853673,-0.0059780635530637186,-0.007135294247531401,-0.00673838003175809,-0.008315568966423605,-0.008468837559673799,-0.008796485357493543,-0.008772538496118058,-0.008858957567526103,-0.009371060868301221,-0.009782994674276704,-0.01151466175087381,-0.010582780300525563
PAK,ssp370,ipsl-cm6a-lr,-0.29150279915170724,-0.1695640293688127,-0.1596683615663899,-0.15687112296654793,-0.15846684813856549,-0.18879987253165698,-0.18292520768385742,-0.18362583899377724,-0.16806643234892563,-0.15345860916958828,-0.13951427964069052,-0.1386840886290681,-0.13116365600071037,-0.13281980636652116,-0.1342913044376524,-0.12475107676318707,-0.12255816173117089
PER,ssp370,ipsl-cm6a-lr,-0.0032905764366975717,-0.00484908959637166,-0.005993275661334979,-0.005334520435970829,-0.005731940094716923,-0.005366731556068002,-0.005159025961243782,-0.004881427524164886,-0.004232726578425277,-0.004766724757536679,-0.0049164954064761755,-0.005542495548091134,-0.006063061696878563,-0.00534683298018653,-0.005226649110759048,-0.005363029171246919,-0.005233569739794248
POL,ssp370,ipsl-cm6a-lr,-0.046138336735994004,-0.05092743714433492,-0.016347063924418752,-0.06548949648903221,-0.05823683162563504,-0.06622379678545275,-0.06414027181596339,-0.09053778288595545,-0.08054852390570091,-0.15095937226143227,-0.10819265908577498,-0.11420266351130391,-0.14092080891190165,-0.13434480433158363,-0.13124544010306866,-0.18313286700573783,-0.14167946634168016
PRT,ssp370,ipsl-cm6a-lr,-0.0009321587098103763,-0.0009115016700358755,-0.0013839369628519285,-0.0016308204554749814,-0.0017382369879782372,-0.0023010831087577955,-0.0016453829234554828,-0.0022446137802716562,-0.00254587752333286,-0.002136749429379677,-0.0033566271823963793,-0.0028170576509311926,-0.003475696759078698,-0.0030171753467352343,-0.003495798338765485,-0.003728128198251155,-0.0035403026710232985
PRY,ssp370,ipsl-cm6a-lr,-0.04461833828938142,-0.02336731605888934,-0.025805977791401483,-0.02039449038280903,-0.018745443592811314,-0.025929504673298055,-0.023305503922425527,-0.025731001172383628,-0.03947415315877108,-0.033667019589000424,-0.03032666525876361,-0.024816437290158803,-0.0280597059144728,-0.03533113114814236,-0.025301102685801748,-0.033570137440945245,-0.027240792978361718
ROU,ssp370,ipsl-cm6a-lr,-0.07305987689663987,-0.11664102144980582,-0.07028858973653529,-0.0998769417247515,-0.13184193761467072,-0.1846004616871286,-0.16145781085083538,-0.24273597731641708,-0.23594286841851822,-0.3846305250540861,-0.3156245039653889,-0.4032484259121061,-0.5581013224103429,-0.41094498047048256,-0.4774890912926772,-0.60395675520671,-0.5015406280908896
RUS,ssp370,ipsl-cm6a-lr,-0.1331283271321267,-0.12266103051801353,-0.08814825646153465,-0.10219515376952738,-0.21092988975248134,-0.1473341781646869,-0.1855915990722987,-0.2219710340230662,-0.25281021667670817,-0.33233224480971296,-0.28357239675991686,-0.3139533197407387,-0.35463141897514416,-0.34584298402520064,-0.42706220602439765,-0.401684564303173,-0.4024521910324674
SAU,ssp370,ipsl-cm6a-lr,-0.011050670728915331,-0.019599010250920226,-0.02050959573416252,-0.018075102880583782,-0.02186689127613506,-0.020862327353172883,-0.022414449197940257,-0.02205284365924817,-0.02385114413461106,-0.02570350020475065,-0.02656216604965009,-0.02634476608156936,-0.02918567971948949,-0.028748657287573462,-0.029805122279661374,-0.03055182647801278,-0.029363275218125783
SRB,ssp370,ipsl-cm6a-lr,-0.05832271923175696,-0.0936677105340931,-0.06824847060260628,-0.18885937909584702,-0.20325034606621106,-0.3066309138489244,-0.19778071932165264,-0.38521170016096595,-0.3365072174966876,-0.5595713586400325,-0.4975125475014949,-0.4245485600435566,-0.7143014049172893,-0.5078614657373375,-0.5629682972047971,-0.7160396441477885,-0.6182956871781409
SVK,ssp370,ipsl-cm6a-lr,-0.04135028001410366,-0.04751275772123162,-0.018957871825040048,-0.06751530918952846,-0.05760873515327372,-0.05851667579913333,-0.051907555966289806,-0.08916510339635982,-0.052961359421265876,-0.11920482311491333,-0.09599628924673864,-0.08239022427475877,-0.12958538136431638,-0.10946319091131061,-0.09769394398999387,-0.13139780796971162,-0.09687076938146039
SVN,ssp370,ipsl-cm6a-lr,-0.005000008117160352,-0.005430255920216673,-0.0035331665093316675,-0.008236785067075128,-0.008129696781138228,-0.010195590017852736,-0.009553022937244037,-0.01392807288928159,-0.010342509535859558,-0.017461841185442143,-0.018952522946701814,-0.015212447568340186,-0.027260266905191337,-0.022887781472530393,-0.0208982263918822,-0.025144598793151594,-0.021371026750072172
SWE,ssp370,ipsl-cm6a-lr,-0.007840639241377336,-0.009423686686953045,-0.006040155921904338,-0.013152435002672144,-0.012104839901158624,-0.012258424366183853,-0.014040938799395348,-0.01614197653214544,-0.017055713876192445,-0.01996792076778196,-0.0206759011199751,-0.01947386342620508,-0.01893743958857922,-0.028485051611446825,-0.022709525134605942,-0.02746975699834738,-0.02536558401798206
TJK,ssp370,ipsl-cm6a-lr,-0.305848025188433,-0.1303884013805229,-0.13216275349321058,-0.09769471597164607,-0.1280574820599851,-0.08640198807526131,-0.1479513361129585,-0.10438819164205523,-0.12912162682229025,-0.11237169714422961,-0.08802210296204907,-0.08785167083397218,-0.08025002271637485,-0.07219979077773771,-0.08034846613707246,-0.08186767796266535,-0.07961034585500491
TKM,ssp370,ipsl-cm6a-lr,-0.20750549699071302,-0.12516823238323974,-0.1383750920466047,-0.07341272711217965,-0.15012509220032713,-0.07694006544622475,-0.1368349169535704,-0.11648518766229866,-0.12130627921597958,-0.1217133327599784,-0.11398350125062395,-0.11057535809192863,-0.11504803533664248,-0.11451354138216922,-0.1236272127398308,-0.1265554941419878,-0.12844902959241805
TUN,ssp370,ipsl-cm6a-lr,-0.012889402267626056,-0.07644263868211494,-0.08013348432555993,-0.04844342789267631,-0.04285368433775202,-0.08078278439831413,-0.07852809326525977,-0.0626225437508503,-0.06205005581078108,-0.06404459203857955,-0.06225032606005247,-0.05631678140205694,-0.07055764594495197,-0.0687190959625603,-0.07858458895794393,-0.07688305495566752,-0.07780556830646854
TUR,ssp370,ipsl-cm6a-lr,-0.02084741716464625,-0.0059360597847999165,-0.006504456127679652,-0.006830220416324337,-0.010935877738963831,-0.011389879241810393,-0.016952746792089735,-0.014850871867045184,-0.02121719024337473,-0.022793051514227537,-0.020641787778216764,-0.025718761629819443,-0.028141639403431656,-0.023811193473500542,-0.030441885760844545,-0.033205960594551893,-0.036870298952179005
TZA,ssp370,ipsl-cm6a-lr,-0.003372584371025202,-0.005592105028424592,-0.0042293767309189755,-0.004645399704866205,-0.0035153365747213807,-0.0031918840533609804,-0.0032056914436178483,-0.002955837934020625,-0.002286997205412965,-0.003025125025980732,-0.002012575888327612,-0.0025794843031886187,-0.0019025514708675144,-0.0021456535046364047,-0.002006804903118592,-0.001558181081246998,-0.0016211900710934421
UKR,ssp370,ipsl-cm6a-lr,-0.5497201038824023,-0.32869700036503346,-0.12237254289451228,-0.23897099808169267,-0.2827413033769116,-0.332964523897387,-0.31018373260264787,-0.3607522212938409,-0.3738802445437051,-0.5491249657115808,-0.45168953950412116,-0.4760536348321852,-0.6324259976331448,-0.5170013193246324,-0.5375788476095268,-0.6098820817991487,-0.4878264519445578
URY,ssp370,ipsl-cm6a-lr,-0.027259465365844667,-0.04309844571822781,-0.06031565216398195,-0.03360431427104172,-0.03255453894445051,-0.049363281538977774,-0.049882265660943705,-0.048508173654124534,-0.05586506999858606,-0.04751616279303814,-0.07987909800525922,-0.08172600582138291,-0.06712644750492798,-0.07186700291836844,-0.06599305154472858,-0.06985012598575477,-0.07909744675897024
USA,ssp370,ipsl-cm6a-lr,-0.007048881365998975,-0.0058857721244413306,-0.008958323393969302,-0.006462674011778315,-0.0092311035417619,-0.01116453563169446,-0.007673977845172183,-0.009487733310858877,-0.014188971180563342,-0.012473595148737303,-0.015261077185021513,-0.013801023707989067,-0.018377677191748407,-0.014819731637364495,-0.015785014802244923,-0.018565733896744242,-0.017530839830548844
YEM,ssp370,ipsl-cm6a-lr,-0.010507742948520762,-0.008289643935572777,-0.004103428073139605,-0.008762375119950865,-0.007353061575841356,-0.0065105252100201485,-0.005379078588981544,-0.0054774158806743046,-0.004468713472617826,-0.004222481706173394,-0.0036161913534562013,-0.003750848483070959,-0.003253942943424635,-0.003388922721831854,-0.0032425481868583383,-0.0029306374683766723,-0.0030239125636967604
ZAF,ssp370,ipsl-cm6a-lr,-0.028853224531238612,-0.029472796525693297,-0.032807314625321216,-0.017113431630462042,-0.018548114790903132,-0.024412510473119577,-0.028229220843647606,-0.017567780381527398,-0.01928411569064243,-0.018600289192276347,-0.028978430296680017,-0.025179896818818298,-0.025805494844733518,-0.026647922367274153,-0.027346313128509776,-0.02694505198091576,-0.02676686082233152
ZWE,ssp370,ipsl-cm6a-lr,-0.08011817224607658,-0.0934130686809718,-0.10791296292273632,-0.10050750100660402,-0.11139301755453247,-0.08800334820951923,-0.09100323715103634,-0.07014819889980833,-0.07165514733618925,-0.05996478300185522,-0.07133368258638562,-0.05373280772160818,-0.06693371371149728,-0.06244102643890535,-0.05719005297410822,-0.05456427133465243,-0.05397599162171606
ALB,ssp370,mpi-esm1-2-hr,-0.18731329187233778,-0.009030357452528498,-0.1077702289336421,-0.09039464926234542,-0.1476689335139239,-0.10256981763644477,-0.24288039301319977,-0.2839065598013961,-0.12992559249122854,-0.33447838416991366,-0.16347773933743237,-0.2847948865273618,-0.19111925063825447,-0.30282929260982866,-0.32499290039065254,-0.33459813380016334,-0.3545050844094727
ARG,ssp370,mpi-esm1-2-hr,-0.01506491909665938,-0.004081576880808478,-0.0014187891280851204,-0.003092396318204462,-0.0025387012613849467,-0.002018831251402665,-0.00487173004314845,-0.00365221125537901,-0.004102689688477708,-0.003648430053730934,-0.004148233407030519,-0.0037085395361332475,-0.0037312032548287963,-0.004205037028362433,-0.003863431853300636,-0.004250556264784933,-0.004890346341182204
ARM,ssp370,mpi-esm1-2-hr,-0.022675037623033478,-0.04071180052909591,-0.030512147793404228,-0.03655298678314208,-0.042069866200378954,-0.05862856875806086,-0.045346759254599016,-0.09541323152111982,-0.07619579602672297,-0.10815938848355372,-0.13763658434742196,-0.10338670073712992,-0.1266173535853921,-0.09586173983436663,-0.12585955645419908,-0.13534806958179757,-0.1266576060782954
AUS,ssp370,mpi-esm1-2-hr,-0.016330209769302,-0.058237857036480774,-0.04896593034751988,-0.09691495523339802,-0.08580649953743937,-0.0658387081272352,-0.09243837211038053,-0.12228488065985516,-0.1032386886798162,-0.10577989667299602,-0.11257324304531859,-0.1116828582327267,-0.15858310237755918,-0.14492365330589105,-0.16730026143910343,-0.1779447968915984,-0.1553119570319826
AUT,ssp370,mpi-esm1-2-hr,-0.011899179757548695,-0.009956241050182939,-0.00892956860267946,-0.008853333343844413,-0.011967119442052615,-0.007373374386595807,-0.027884927851036648,-0.025656923423726517,-0.009439426090471562,-0.019279584235086394,-0.016407686977157214,-0.03036472423526405,-0.019836900562954247,-0.025222042408421255,-0.027805063167455107,-0.03511133726218507,-0.03259733964394631
AZE,ssp370,mpi-esm1-2-hr,-0.06117515366824713,-0.08725968636189706,-0.04457595047708892,-0.09564936657384564,-0.09471535459376428,-0.16411918730082029,-0.09996672221894154,-0.22626736983244214,-0.18549622416436595,-0.29329120324626545,-0.3503720709714629,-0.2874238725943151,-0.32478026558903117,-0.23789204918098825,-0.2783362276396106,-0.2912508017011529,-0.27220858790326585
BDI,ssp370,mpi-esm1-2-hr,-0.01303280918585576,-0.006979733732026244,-0.012901663662598917,-0.009464275108487144,-0.007515715011359307,-0.006839690999253601,-0.00655558587010942,-0.006133284000243205,-0.005962250624384627,-0.004228045556542447,-0.004295391956846475,-0.004176985192173576,-0.004659800212333888,-0.0037456684002096854,-0.003323353646869651,-0.003005068794553803,-0.0028819804788973715
BEL,ssp370,mpi-esm1-2-hr,-0.009603620826156664,-0.014734079147775888,-0.009434561391197537,-0.004952414762238926,-0.008646359403033918,-0.013884539690789836,-0.022284888370319677,-0.01185371891441358,-0.008611327090201298,-0.014078709208395707,-0.014896144971249244,-0.017801116532276732,-0.015948468888028356,-0.019257424114227366,-0.022362097990611972,-0.01676307366215624,-0.02532642356497895
BGD,ssp370,mpi-esm1-2-hr,-0.016443544784537217,-0.005883524321266533,-0.005223716402328606,-0.005790774381801422,-0.006984988278891403,-0.006348165543787643,-0.011208429545964089,-0.008630135016500362,-0.010281958442030196,-0.008470842566229724,-0.00862753394577259,-0.012028776656381667,-0.00998388053864715,-0.011850594620000722,-0.011648557624090622,-0.012464610126190255,-0.013234545574454195
BGR,ssp370,mpi-esm1-2-hr,-0.34626807679984867,-0.10786061507032806,-0.3736356554833851,-0.22442187248018142,-0.4005760080169821,-0.295276141346029,-0.501715158670622,-0.5668471925962214,-0.5259052519498721,-0.8399747590020599,-0.609052129340464,-0.763223061593185,-0.5976603479401797,-0.81663685046168,-0.8709282477468253,-1.0860679992220041,-1.101223310792231
BIH,ssp370,mpi-esm1-2-hr,-0.09067613218934388,-0.002903667008723051,-0.05489871535123419,-0.029540817601347625,-0.059881909098319364,-0.026644265799294468,-0.06089119356385641,-0.06409931010378317,-0.04159861478361351,-0.10694291767362273,-0.05547637853969184,-0.10393181545927564,-0.06761320990738098,-0.0977341470584724,-0.09562897560929756,-0.12437561281335988,-0.1171602136236177
BLR,ssp370,mpi-esm1-2-hr,-0.09038819459969115,-0.05257329325348113,-0.016474554124773666,-0.02989497256593201,-0.032109213978308425,-0.04976587006232401,-0.0639006391458824,-0.09661769706986141,-0.03934793626554097,-0.05944368558494479,-0.05770536604422326,-0.06330116570748895,-0.07128000044155058,-0.09873707211380228,-0.06554443421980574,-0.0946503263068852,-0.10779913188811766
BOL,ssp370,mpi-esm1-2-hr,-0.04510970888713271,-0.03380844527536662,-0.03324964605566305,-0.025363841544240703,-0.027993988047391415,-0.02389769751705927,-0.028022331981826812,-0.024509341084076906,-0.029889502002756828,-0.025142664900506196,-0.030647592692071044,-0.037783921176594674,-0.02934191278597075,-0.03379211039639519,-0.033784995870936814,-0.030881521324194108,-0.029572382624946485
BRA,ssp370,mpi-esm1-2-hr,-0.0031284334706430657,-0.01096063441312799,-0.009109970914952139,-0.009434403776600295,-0.00855284635907811,-0.008825682713270883,-0.013817893863233597,-0.01345308132389045,-0.013634042770544792,-0.016679446470959956,-0.02045854792682652,-0.022124520704882737,-0.026461582691341377,-0.0242880512352558,-0.029452372337331445,-0.02572504886161793,-0.029693167029050994
BTN,ssp370,mpi-esm1-2-hr,-0.004185957652347955,-0.0009332604580407398,-0.0008506284927205696,-0.0008564850074402035,-0.0008315599235311751,-0.0008048591239725303,-0.0008610559145778575,-0.000749771172418818,-0.0012389963676551876,-0.0008924837168027592,-0.0009376626107928354,-0.0008474972572298483,-0.0008730061482391104,-0.0010121121568886524,-0.0009174885211247764,-0.000940932381699305,-0.0009898902069785836
CAN,ssp370,mpi-esm1-2-hr,-0.05962527066427785,-0.03878349519793589,-0.021483170973761647,-0.03921660623635733,-0.13057984569448156,-0.085194383275982,-0.06813475337967853,-0.059267433510139765,-0.06669748359393485,-0.07821756078075223,-0.07954658064940617,-0.09699358934533434,-0.0791774002222444,-0.10260278563225442,-0.09256052787260935,-0.08552741105943083,-0.11312785790861507
CHE,ssp370,mpi-esm1-2-hr,-0.005693685238611249,-0.003935857444658898,-0.005330656300395983,-0.003300334495588772,-0.0056577893593536335,-0.005934909242411564,-0.01128689097482984,-0.00772063737655646,-0.0058079912606478126,-0.009471365888878404,-0.008434679883449264,-0.01141367156738446,-0.010603804735056975,-0.012208320236863142,-0.01148444632468732,-0.014526086399853593,-0.01645925830258113
CHL,ssp370,mpi-esm1-2-hr,-0.014080855889980199,-0.01039276679239272,-0.00709327956061404,-0.009684443510248407,-0.010847073614576085,-0.011114927353815352,-0.015523860421335132,-0.015540186892890816,-0.020391256289078705,-0.029253956860601504,-0.017939649648009603,-0.023835392241075885,-0.02404157786529572,-0.02701320883788907,-0.026692955886776854,-0.02455299974859586,-0.03260445122168352
CHN,ssp370,mpi-esm1-2-hr,-0.024398291939672967,-0.01196683398222561,-0.02214140024886926,-0.03353801187307037,-0.02957269338120418,-0.030212422452730855,-0.03335809204952373,-0.047637797014408526,-0.07565397136446016,-0.06496636450498845,-0.07337001717227205,-0.07904083753271035,-0.0802719805587631,-0.08629541721248013,-0.10469224992566632,-0.11472893824147724,-0.10872336039057524
CZE,ssp370,mpi-esm1-2-hr,-0.06690494720455109,-0.10491970007266796,-0.046197838558574386,-0.05140027283295798,-0.05878641726135079,-0.0525230362940137,-0.14248632074401893,-0.1344651034413746,-0.04978239739368895,-0.08709530599536108,-0.08448460265377039,-0.13861609787131438,-0.09796729932282722,-0.11224499337589874,-0.1294830168609808,-0.15435660289787698,-0.15865651671673886
DEU,ssp370,mpi-esm1-2-hr,-0.017987066864036214,-0.028300852404592885,-0.01280138134749713,-0.011752619460462042,-0.016977923388882713,-0.026063595417294062,-0.03649079311912168,-0.03478187097294857,-0.017305177032471437,-0.03311841924599086,-0.03799968931513092,-0.045931969683842014,-0.0399918485830351,-0.045334677789128995,-0.0481908654016749,-0.05542436476412793,-0.06580349636167615
DNK,ssp370,mpi-esm1-2-hr,-0.019305960480998044,-0.034006909444466465,-0.014455542982150812,-0.02046559338477435,-0.024820080959981575,-0.034795310540302216,-0.048840411297247754,-0.034925530629968636,-0.034813664037017106,-0.051369731782020006,-0.05270033867296081,-0.04735214703636376,-0.056924746913117906,-0.06050998943534417,-0.053491703542539515,-0.05460851213872265,-0.06742843968547026
DZA,ssp370,mpi-esm1-2-hr,-0.08254326599426676,-0.04293667745916149,-0.12687690301901058,-0.08493090520657924,-0.11059554051809845,-0.09941275998360359,-0.09786596158185544,-0.1389973562805274,-0.1594772461031066,-0.16082601351387937,-0.11890364192838722,-0.1378674211635241,-0.13173165571622047,-0.13804013764933987,-0.1207920322120107,-0.1216271546339366,-0.11806014146177807
ECU,ssp370,mpi-esm1-2-hr,-0.0007078095256046597,-0.0005731874074974789,-0.0004297806413938383,-0.0004553210192044339,-0.0005216052524061108,-0.00039600379170511187,-0.0005764231138452025,-0.0006037421363840555,-0.0005176028832662019,-0.0004902338940492006,-0.0004959119480588219,-0.0005510702374200295,-0.0005153271536154197,-0.000518849595761833,-0.0005870692502958874,-0.0006292928755031298,-0.0005921647486826314
EGY,ssp370,mpi-esm1-2-hr,-0.09106599535370821,-0.036363366255688784,-0.022566630208247455,-0.047437287463349215,-0.023581066241062716,-0.043335827469196626,-0.042296295072112265,-0.041230012904181296,-0.040199398114389016,-0.0375855706907279,-0.03796547961155835,-0.03436617185286127,-0.03381338161152614,-0.032033970665973244,-0.034795902577517815,-0.03403949365088013,-0.03114062759010627
ERI,ssp370,mpi-esm1-2-hr,-0.06966990551553945,-0.28832784610987566,-0.09839648837683389,-0.2433148686750978,-0.3512797341744709,-0.25440204709749714,-0.3242953977469359,-0.347883560434898,-0.4627029927502914,-0.2483483231358899,-0.4729608410020687,-0.4233109336765989,-0.5413846691365778,-0.5431250548533417,-0.5538305033543955,-0.5084458483819214,-0.5107654532528784
ESP,ssp370,mpi-esm1-2-hr,-0.027478104605632794,-0.013481935964128298,-0.041602032235232574,-0.03872445380236461,-0.031505015412267065,-0.024844786449945644,-0.04500749757135926,-0.04008387335433319,-0.03846020496440865,-0.07029952545803332,-0.052548510525753586,-0.06031307182114174,-0.05738648182954057,-0.07768804873862019,-0.054485057148209434,-0.0623450440695615,-0.07525901808174415
EST,ssp370,mpi-esm1-2-hr,-0.04423124187843367,-0.1138470488832218,-0.04581314383810034,-0.0518156863859333,-0.061706345008281614,-0.07641778559767458,-0.10993521663205537,-0.10192880608075067,-0.08489364752468977,-0.09532527837682493,-0.11704936027747204,-0.1163923051711572,-0.15453984527632136,-0.13885470411398512,-0.1190284473473622,-0.13573568834292427,-0.13947564634002224
ETH,ssp370,mpi-esm1-2-hr,-0.11791915714625224,-0.14684423062432803,-0.11114561077893614,-0.09412067996310174,-0.10315764173992367,-0.08949277349540845,-0.11214344905484355,-0.08452185649856436,-0.08515505981745511,-0.07289178297468485,-0.068059957990658,-0.0673673947378299,-0.07726537767466464,-0.07512047371891255,-0.0640339331983389,-0.05708071943121323,-0.0535385231864939
FIN,ssp370,mpi-esm1-2-hr,-0.003809777669383695,-0.012027816544783862,-0.006466786427420629,-0.009295236324404156,-0.010422523714630004,-0.011962682276336402,-0.017424281562601895,-0.010515037880372556,-0.012103459048995936,-0.013408379092547709,-0.017960093105342346,-0.015472082123579698,-0.023869597457421145,-0.016559498861396637,-0.017852645658977526,-0.021471615597499744,-0.015559089046641142
FRA,ssp370,mpi-esm1-2-hr,-0.03351438115126039,-0.04732785898561919,-0.05209027802254972,-0.026991782826878877,-0.0507963514317003,-0.04576589294996965,-0.08833524090509441,-0.044203202858535316,-0.034555716965995346,-0.06412115116431974,-0.05012175482950455,-0.06252707753557603,-0.05589831952695092,-0.07127907681671074,-0.07707122332037453,-0.06064066673262902,-0.0831578874748588
GBR,ssp370,mpi-esm1-2-hr,-0.004700384363275007,-0.028475747805260007,-0.007482005898043205,-0.008094698287700807,-0.0165499617573414,-0.014639298709025948,-0.027089479049832468,-0.010918975909968947,-0.010857674186784984,-0.015805251748324433,-0.016090356112288314,-0.0177416734361573,-0.01744456278128556,-0.02737293566318295,-0.019427497272075045,-0.01737605920310489,-0.02519472352896731
GEO,ssp370,mpi-esm1-2-hr,-0.007878438394975573,-0.019336481039320466,-0.01159585877576294,-0.01840190041984591,-0.017556535947244975,-0.027873609340578448,-0.023062883167018718,-0.037620249372359894,-0.028877227867537825,-0.031677845092157646,-0.043504087898512914,-0.033540090810609983,-0.037980127524909146,-0.03768918649510983,-0.04532411048048051,-0.044187752970727724,-0.03932508897055556
GRC,ssp370,mpi-esm1-2-hr,-0.0235105819771679,-0.0018003479685522817,-0.027202405037674633,-0.02196289930284583,-0.028299512047982242,-0.024161941396024473,-0.04364996678429873,-0.052170611915207325,-0.04362824376592202,-0.06571541309446621,-0.040394874992304874,-0.0475728929323799,-0.03993669755313603,-0.05137240294456721,-0.06197792983440043,-0.06943146866757835,-0.06610147617184003
HND,ssp370,mpi-esm1-2-hr,-2.9859694554202444e-05,-5.029667007494412e-05,-0.00016657365648756583,-0.00011707060485345826,-7.07039521191577e-05,-9.106941589918925e-05,-9.366290253093832e-05,-7.16479498151833e-05,-5.081921842668696e-05,-5.478533452003845e-05,-6.924013577515346e-05,-5.809449261081304e-05,-4.2872361641758056e-05,-5.380631786662525e-05,-6.851254546279746e-05,-6.51995769696858e-05,-5.5741594466442964e-05
HRV,ssp370,mpi-esm1-2-hr,-0.07264872454590447,-0.03556262156194054,-0.42231357349718085,-0.2767394898878528,-0.5508569894480464,-0.239196679960023,-0.7479203928491175,-0.7742722916802477,-0.4191571434749288,-1.2111154077001018,-0.6629417783883201,-1.3100080737283324,-0.8034937855358009,-1.1873194693354663,-1.1635606474280575,-1.5681366506889973,-1.4914619063241294
HUN,ssp370,mpi-esm1-2-hr,-0.16504503084163075,-0.03012303918829818,-0.05581479280886302,-0.043638953778821175,-0.08439025784936503,-0.044205293704257305,-0.12846718020201214,-0.12552207708921864,-0.05179113176751034,-0.18197385424183998,-0.10039240993819708,-0.20133048928300798,-0.10980650102647489,-0.16232346556284416,-0.15658661794050527,-0.22165882218655597,-0.20378036758813034
IND,ssp370,mpi-esm1-2-hr,-0.029730716631346108,-0.059929280269397756,-0.04586544741110731,-0.06362919963290757,-0.07674723143043892,-0.06322783219813556,-0.10277675888013299,-0.11980869875219137,-0.09881578512525686,-0.10406502077568225,-0.10768089674455178,-0.1014448630705762,-0.1311114399008546,-0.1594141811097377,-0.14396357435362234,-0.17616076806984737,-0.17495702552571568
IRL,ssp370,mpi-esm1-2-hr,-0.0009010005592227537,-0.006026066451641513,-0.0018325001545591293,-0.0020795948294123194,-0.008308091195266284,-0.005247406369625618,-0.005877121182013485,-0.004921888834040927,-0.005836081696535023,-0.0065379162146260985,-0.006468214005690515,-0.007162932713487332,-0.008141416880971792,-0.012600512419074046,-0.009364501606834032,-0.009176952518510893,-0.01204536085359262
IRN,ssp370,mpi-esm1-2-hr,-0.027230600797377814,-0.012500331268846495,-0.005995030107647287,-0.00996734689095754,-0.009980785676843877,-0.013171093137649886,-0.009931113728905601,-0.01672455853447104,-0.01452539828357932,-0.018088393868085154,-0.022930463138728836,-0.019221448914373794,-0.02232480406379256,-0.01851830028021472,-0.01813453332407657,-0.0210454524818222,-0.019183301959715012
IRQ,ssp370,mpi-esm1-2-hr,-0.15861128880621952,-0.0711716461420282,-0.03855960627816611,-0.06086351866822446,-0.07761139683396512,-0.10351628679898674,-0.07194265223259977,-0.14996767890837487,-0.10155270334753104,-0.13440069772802357,-0.16384377071960488,-0.1482301171617914,-0.14098025479396026,-0.11551310258812589,-0.12631246269243862,-0.12139124782025383,-0.1042219076300495
ISR,ssp370,mpi-esm1-2-hr,-0.0002479370440414592,-0.0002431731195599071,-0.00027972556534015136,-0.0007558812950012046,-0.0006375961968534829,-0.001018685120962057,-0.0009850284629742624,-0.0010281738960034302,-0.0008838575001161385,-0.0009957797310186116,-0.0012982111590845859,-0.0011115865794387044,-0.0011011707163277118,-0.0008151288174235439,-0.0010790725872570563,-0.0010214426319840283,-0.0009160351652377104
ITA,ssp370,mpi-esm1-2-hr,-0.021935213669229375,-0.004636986727993255,-0.020730349438691273,-0.01795498041396359,-0.019925048430420804,-0.012722010463374074,-0.019106983901691663,-0.028623039175025074,-0.01777257453719987,-0.0375732999570501,-0.025010681727693898,-0.034254897168479896,-0.030045860207144264,-0.04389432883694157,-0.03813477921219142,-0.039705692178134216,-0.0407408514111533
JOR,ssp370,mpi-esm1-2-hr,-0.001392173712793085,-0.0013065645498734882,-0.0013599966600715326,-0.0034102759212103428,-0.003115867477025685,-0.0047142739064780885,-0.004403240474385749,-0.006110463131955851,-0.004273857261154583,-0.0045101164671431755,-0.005284845909060706,-0.004801702135165852,-0.004417768167234158,-0.003278957121323006,-0.004300401285862751,-0.0041158182942503795,-0.0037532961406896467
JPN,ssp370,mpi-esm1-2-hr,-0.0011620149583754023,-0.00036435835567110575,-0.0005806445147342517,-0.0010735355700677604,-0.0008399471622882946,-0.0009728437135795622,-0.0012306240806219022,-0.001180637482772556,-0.0014957192199079468,-0.0017279008275675933,-0.001863035111079039,-0.0019261814529165958,-0.0020866485080239874,-0.0022029796176345905,-0.002731237252566155,-0.0029389659587243386,-0.0027402842353622674
KAZ,ssp370,mpi-esm1-2-hr,-0.049834918506127764,-0.059316253492802014,-0.09366193715999237,-0.06616159821723021,-0.13537698547576807,-0.1299162402801329,-0.09106299116663717,-0.07837874872033038,-0.12131335500195567,-0.16760935388201573,-0.20295784823671997,-0.17131110958107598,-0.18932152887688766,-0.158869814106955,-0.21463042746295663,-0.1717786314869281,-0.23348361030888914
KEN,ssp370,mpi-esm1-2-hr,-0.016817657225368463,-0.010234348357487709,-0.006567955615815666,-0.00774402010960968,-0.009095560811781776,-0.009885180576705722,-0.009630605150448886,-0.007672009439759119,-0.007716712239995976,-0.006785359778329892,-0.00648797930052742,-0.007720287763090165,-0.006252769757345185,-0.006869750721610483,-0.006175997663938608,-0.006034550267196418,-0.005540716349827195
KGZ,ssp370,mpi-esm1-2-hr,-0.11856084390047046,-0.11762065349768991,-0.19506922521891984,-0.1476256202108703,-0.1304955870035107,-0.13293177715981028,-0.0994681135346952,-0.1227338820769586,-0.13005172756625272,-0.11560536140524269,-0.14941886600169196,-0.12375690818171951,-0.1518825896323959,-0.10716417586439249,-0.13756536106121667,-0.13348339795476455,-0.11593491576635234
KOR,ssp370,mpi-esm1-2-hr,-2.892413362076982e-05,-0.0001711828067360082,-0.00014160251323086563,-0.0001147736215274145,-0.00014171197713476745,-0.00020514160548700577,-0.000151369813987175,-0.00021645914814144544,-0.00020256352040857293,-0.0002629122050703575,-0.00022794891752283167,-0.0002441016236586349,-0.0002834069467823265,-0.0002940442575996668,-0.0003038704969988303,-0.0003277942202054838,-0.0003309247064082801
LBN,ssp370,mpi-esm1-2-hr,-0.0028708117965250734,-6.985462832240249e-05,-6.805449927748867e-05,-0.00013748192096281253,-0.00011998434863834359,-0.0001794948899437951,-0.00013963173517289005,-0.0002149471836174517,-0.0001778433011989498,-0.0001722761361909132,-0.0002557495413589609,-0.00017742662421134364,-0.00018036862964199163,-0.0001529806836629643,-0.0002464822292723314,-0.0002455952937975052,-0.0002330842552906227
LTU,ssp370,mpi-esm1-2-hr,-0.27027425373245845,-0.5244470376288143,-0.09952880399603398,-0.16864812481721822,-0.23211450011316978,-0.48485254371670067,-0.5195481573910607,-0.6524525031155112,-0.3666714257002313,-0.5014227949177575,-0.5977191023011568,-0.6068040776413149,-0.776767345993411,-0.9337790162743528,-0.8283097828240403,-1.0147500882263802,-1.1715994500598392
LVA,ssp370,mpi-esm1-2-hr,-0.19505064164015024,-0.4250934015493262,-0.09135012281378284,-0.148070837800497,-0.17851765343782375,-0.34937847136631034,-0.474528300449825,-0.5038067478756397,-0.3233342773785364,-0.4178884098817729,-0.48509203588322614,-0.5370271648628773,-0.6632551128584561,-0.7323099275398596,-0.673247504004828,-0.7977819476653075,-0.9294179576725916
MAR,ssp370,mpi-esm1-2-hr,-0.08028660511239907,-0.07080129116915992,-0.09345636395986816,-0.08199555694927287,-0.06840776145883133,-0.05503119527684692,-0.0566475004154137,-0.06540246406139952,-0.06290554556725396,-0.0824685914843992,-0.07186129820187626,-0.07778208371479833,-0.07066429781707606,-0.07236170626318902,-0.05470725437734023,-0.06467894242080259,-0.07103363133633751
MDA,ssp370,mpi-esm1-2-hr,-0.23656522342031533,-0.1349434797411428,-0.21147375420792852,-0.12477245200285918,-0.15124678474564,-0.16164715105504876,-0.28399432334230296,-0.33540642005909554,-0.2139450362505361,-0.5523830251996522,-0.39924686083947314,-0.44596281898208556,-0.3396568521812345,-0.576383696000277,-0.442392375423195,-0.5757983264261105,-0.7073758851675715
MEX,ssp370,mpi-esm1-2-hr,-0.0066864619324322905,-0.00676361841688798,-0.012303424765559666,-0.01675157202143964,-0.011424637041960351,-0.011029202765858392,-0.016292055430974294,-0.014089532488815393,-0.014906594850719454,-0.012786993001176711,-0.016940244025746284,-0.01586841741418224,-0.01680051291647575,-0.01824504931239533,-0.017877637937766866,-0.017518081955069587,-0.018538133434539986
MKD,ssp370,mpi-esm1-2-hr,-0.08554181177728314,0.0029629627863890238,-0.050652295091672093,-0.03803847625720379,-0.05670360823832875,-0.04560344107027514,-0.08451406886292685,-0.10483919306445012,-0.06733246736124124,-0.1305125274294363,-0.06468161723002512,-0.10863849605040676,-0.0716514615812105,-0.10231599408149204,-0.11876411674065389,-0.14233850439247817,-0.1277103821595668
MLI,ssp370,mpi-esm1-2-hr,-0.0027104165138143975,-0.01852089768923647,-0.002704068294848637,-0.008641032774997738,-0.014503957319651184,-0.011698581001973306,-0.007052042685840066,-0.009428475613573848,-0.008511460599946006,-0.00390475405492812,-0.006931062622444643,-0.006195379459026083,-0.005901922507020319,-0.0050627358111197665,-0.0051806418221783945,-0.005001009827389261,-0.004492785731765455
MNG,ssp370,mpi-esm1-2-hr,-0.03444146273887138,-0.046570455905499596,-0.06552063966989304,-0.03127846974621922,-0.055766391258794026,-0.04046440689721752,-0.07484483097623838,-0.049239940414377285,-0.04748428774300836,-0.04802070955781581,-0.042009180217574674,-0.03926892709076092,-0.04724409347084257,-0.06554741773590025,-0.05251326075784474,-0.05524412294088027,-0.05025034230052768
MOZ,ssp370,mpi-esm1-2-hr,-0.00726356139518862,-0.004055836665941225,-0.004382490286859009,-0.0034103770876235946,-0.0024062777707694145,-0.0025381637530231893,-0.0024287053781032503,-0.0027360913489882423,-0.001845337183146138,-0.00177508011718972,-0.0017515892145109043,-0.001714102894179816,-0.0013736332223054442,-0.001359182139691494,-0.0013001889519237459,-0.0014861033347456326,-0.0016205830957444149
NGA,ssp370,mpi-esm1-2-hr,-3.88823830927073e-05,-0.00014556509627907323,-4.1504463501958366e-05,-0.00014031652776864086,-0.00031411872810396406,-0.00015735491370036522,-0.00015264021051977712,-0.00020467921773002846,-0.00019880103413912322,-9.722568347374032e-05,-0.00011559056134331781,-0.00011277521250409855,-0.00012556500833742383,-6.88583675130621e-05,-9.923927308505078e-05,-8.003239061173982e-05,-5.676128800051493e-05
NLD,ssp370,mpi-esm1-2-hr,-0.0032788006050599506,-0.0056254154178463495,-0.0025594022790767232,-0.002057509089033942,-0.003200899666583135,-0.005822430240677615,-0.007600936925725576,-0.004402737973222308,-0.004028189560048627,-0.00560908171338272,-0.005905018702173201,-0.006937788762597115,-0.006670183470469342,-0.008050824164551464,-0.006762439582070342,-0.006694763311289571,-0.009575655282944281
NOR,ssp370,mpi-esm1-2-hr,-0.0021404754787777602,-0.0029600653227793536,-0.00265173460611029,-0.0027119088229742264,-0.0028424708433957713,-0.005750510426638746,-0.0069330573240931875,-0.004649765099089067,-0.00512397860187184,-0.005931158393928382,-0.006593490872631433,-0.007003905416096411,-0.008585906431179093,-0.00906607171670208,-0.00591611165712307,-0.006841708142049755,-0.0069388514577714555
NPL,ssp370,mpi-esm1-2-hr,-0.21600308470094792,-0.06280974475518883,-0.20936985939133662,-0.13263130101584497,-0.22238696892642484,-0.18396061025883648,-0.22716440413149083,-0.20855494361328888,-0.2586300576255731,-0.21120379803025122,-0.21679082390281823,-0.21281397412485628,-0.2221337397335214,-0.2563210467728088,-0.21894347130301403,-0.23195658384159343,-0.24287055921159492
NZL,ssp370,mpi-esm1-2-hr,-0.003864997840285915,-0.002969994198976188,-0.003954153097053871,-0.004805302427535331,-0.008995326310545072,-0.006845471249569059,-0.007710724860578364,-0.007085090142919151,-0.008298246159009868,-0.008582817909213577,-0.007979146693937194,-0.00838633545520594,-0.009929802688281409,-0.010996479026476606,-0.009897756434247522,-0.010169706625127612,-0.009979294535601098
PAK,ssp370,mpi-esm1-2-hr,0.01477181465596957,-0.07252795606008319,-0.011957297914852578,-0.03214201087355214,-0.09306439196343852,-0.06015937225024653,-0.08794530924686514,-0.12121497583817264,-0.09735592419153173,-0.0625616088967991,-0.07222986731364371,-0.08939788953322524,-0.09656102240717407,-0.11124122303078324,-0.0938124529079141,-0.10668763359684491,-0.08372944506745653
PER,ssp370,mpi-esm1-2-hr,-0.002763120551781504,-0.004765267794211073,-0.0035804477372016357,-0.0032718229164155487,-0.004781269124811689,-0.0033393706911480216,-0.004678381089472083,-0.004334118003213376,-0.003980868156455933,-0.0034725047107930598,-0.004028816798847629,-0.00469612825609528,-0.004803894261513142,-0.004173088412979729,-0.005050530376759379,-0.004989382680530893,-0.004662354417400182
POL,ssp370,mpi-esm1-2-hr,-0.07754407982683191,-0.08913212124514779,-0.03282454895903497,-0.03131036591979336,-0.03992727909922945,-0.052104794262220006,-0.12804752384473758,-0.11631026987236656,-0.05143564423215299,-0.08386631498555513,-0.09316443500123396,-0.11874396018390547,-0.10474702903899814,-0.1458663408987804,-0.12999557656458355,-0.159378220129725,-0.1641011028236122
PRT,ssp370,mpi-esm1-2-hr,-0.0023068758521167837,-0.0009041936325428719,-0.002429346827753853,-0.0028116740731595554,-0.0015778558661603554,-0.0012979126453704032,-0.0023526355072647034,-0.0016357526399922331,-0.0014986320656966419,-0.00333880206011986,-0.0028005890691523362,-0.002538542252436796,-0.002610869819722979,-0.0037993538702406405,-0.002306013322337145,-0.002405745497257143,-0.0036965765360027453
PRY,ssp370,mpi-esm1-2-hr,-0.024886348258584486,-0.03702180024919974,-0.01893816403450239,-0.014571654711086743,-0.016010980761665274,-0.018048754045680796,-0.02498165680058428,-0.02147192904146448,-0.021486199773342006,-0.026146751755140717,-0.027354185830503943,-0.027243842171148495,-0.02873162262611732,-0.024633670692531077,-0.029385430906246124,-0.02338957483818093,-0.024207355634638793
ROU,ssp370,mpi-esm1-2-hr,-0.1390374352685406,-0.05377880658666529,-0.13952358384949354,-0.0709209078902798,-0.1403744912155767,-0.1042533254450972,-0.20704037313829748,-0.2600374878301936,-0.1725504637888144,-0.4121354121075276,-0.27276985538482373,-0.4100272608742848,-0.30103371224350045,-0.46744925864563963,-0.435455772715219,-0.5942692243043843,-0.6434024028430629
RUS,ssp370,mpi-esm1-2-hr,-0.131269157367433,-0.15552215840939426,-0.10905091406173072,-0.11282548168150984,-0.14922986589441545,-0.22690203784323082,-0.18190929027603664,-0.1855276941210833,-0.20990283989775546,-0.2934183371805542,-0.34137501711236573,-0.2362040184629996,-0.2854003936512432,-0.31526078591698736,-0.32528709359591734,-0.32243049365524645,-0.38397431416925243
SAU,ssp370,mpi-esm1-2-hr,-0.012644333228105974,-0.020444845080435592,-0.006289730812086188,-0.012159734240220554,-0.01569499150994818,-0.017973393095609344,-0.019568051274221822,-0.021804704076000693,-0.022482593182494334,-0.022432998301180153,-0.02533444396772987,-0.02579793906043091,-0.02624774560050388,-0.027234032412311083,-0.027701077454362004,-0.02758764006333478,-0.027546309310232376
SRB,ssp370,mpi-esm1-2-hr,-0.2246111207187335,-0.00019462497031861835,-0.1616084496716923,-0.09214613248673137,-0.23401703034837706,-0.1231111279957759,-0.3180927436183525,-0.3127345607563014,-0.2024164159421939,-0.5799407236590827,-0.2730312972801163,-0.5139311870894306,-0.32129099927730953,-0.5070226059543355,-0.5099520604177412,-0.6669029759176182,-0.6041794673728617
SVK,ssp370,mpi-esm1-2-hr,-0.09544079512093777,-0.04409180482099098,-0.04002333192138944,-0.032622566002124355,-0.04860099828411253,-0.030522866531474426,-0.10999821371753438,-0.10258329732240913,-0.04336077915684504,-0.08274802647077398,-0.06304855600585499,-0.11457151360601293,-0.06885025399137078,-0.09134765830120753,-0.09045542233391791,-0.12153112910830945,-0.10709096724485305
SVN,ssp370,mpi-esm1-2-hr,-0.009725576005866453,-0.002685257938928408,-0.009780336379757533,-0.006009758250397759,-0.01006081327502348,-0.005868058663320377,-0.013863058627319905,-0.014264747363946484,-0.008746976506506111,-0.016726898973319065,-0.012403239340207116,-0.02144080788996831,-0.013889521061016461,-0.019181088485584193,-0.01825436992919497,-0.022168158552532714,-0.020092754778847303
SWE,ssp370,mpi-esm1-2-hr,-0.009775573375873517,-0.019007844452666803,-0.006489753478514521,-0.0084004997264908,-0.009749495069433008,-0.022978679634717964,-0.02642691014513489,-0.01601190985422211,-0.013727226950059497,-0.01615165612586672,-0.022286929023652865,-0.024646476124036285,-0.023889749293831385,-0.027417357680194133,-0.021644760082583668,-0.025915481051144117,-0.02621219645390548
TJK,ssp370,mpi-esm1-2-hr,-0.07616343912138011,-0.09451487714535853,-0.11612042474116908,-0.09906863794862537,-0.09061085074668469,-0.10084301109019866,-0.07316944856542942,-0.09010022141373455,-0.07944273885472133,-0.08523104403853689,-0.10584191723437203,-0.07582152207607253,-0.09748089013696286,-0.06745057244169772,-0.08156437182162302,-0.07788026734977949,-0.07093353383407262
TKM,ssp370,mpi-esm1-2-hr,-0.16575428154598948,-0.10309749607628965,-0.08887502316805172,-0.10347785139768767,-0.09542073665992762,-0.11768576650877197,-0.07020115538194359,-0.10808427156183587,-0.08450697388542058,-0.10559085001202859,-0.11513943647474163,-0.11231151504307883,-0.10917029093003557,-0.09615382558438904,-0.11347465244760649,-0.11375364044984593,-0.1146672769447081
TUN,ssp370,mpi-esm1-2-hr,-0.09204129343071783,-0.023234105109464,-0.09432114021370355,-0.06293120200174337,-0.08549933019286911,-0.04916322534974639,-0.04729785418460384,-0.08004880620397452,-0.07936305396659789,-0.07225056080924915,-0.05923077676512039,-0.072800577730325,-0.06923347346102501,-0.06452743815023469,-0.07491877156478075,-0.06896240299715813,-0.07220534947476367
TUR,ssp370,mpi-esm1-2-hr,-0.014733824200641794,-0.0025301761386644743,-0.0041149224644089055,-0.007467198372116753,-0.009022588505674204,-0.010146152931020107,-0.016827575560738103,-0.018691735116818094,-0.017451759279695916,-0.02275224241670113,-0.026638801961158157,-0.020492836572357544,-0.02302280903398678,-0.020126778742311034,-0.032079389633654184,-0.034548125387507275,-0.03457932864703984
TZA,ssp370,mpi-esm1-2-hr,-0.0028243496795166607,-0.004233859301980561,-0.003667884953052241,-0.003362806530710686,-0.003812346518923095,-0.0032531968421384565,-0.0033252283311562937,-0.003190850228419979,-0.0025308627721876047,-0.001925496442627037,-0.002670868421000286,-0.002115434287033971,-0.0014698214753786425,-0.0016831658620957925,-0.00169220948969029,-0.0013123941524538709,-0.0012453899773990367
UKR,ssp370,mpi-esm1-2-hr,-0.8047767424394519,-0.28673046367228444,-0.17129980647736576,-0.176963897166624,-0.1949216212283965,-0.2721142773219151,-0.35936859263519794,-0.440098941132575,-0.2960370619650044,-0.5124208612109923,-0.45303170782098423,-0.4542226459594387,-0.3792339917774391,-0.5589342356396741,-0.4474712761838934,-0.5676725993287393,-0.629599981121755
URY,ssp370,mpi-esm1-2-hr,-0.01795950248003001,-0.058666165035646395,-0.013726237227322977,-0.026019433582712234,-0.032556123194567396,-0.03905507529575909,-0.07195565571157328,-0.08803862851621119,-0.05337850212195018,-0.050450413192765775,-0.07046529559866617,-0.06554263331579387,-0.06744858548652077,-0.06215248583226105,-0.06380785416082725,-0.07166921684694996,-0.07916477404922025
USA,ssp370,mpi-esm1-2-hr,-0.0068977737657266,-0.006541140913689578,-0.004203113147390061,-0.007079288056015799,-0.011809359375202501,-0.01364265429314608,-0.008178769907380238,-0.008443570799320486,-0.01191159984504964,-0.011029648217010397,-0.013462490149127669,-0.012026749414446761,-0.011181734940567982,-0.012773496209632638,-0.015993905353732907,-0.015272321654847971,-0.01695370609788069
YEM,ssp370,mpi-esm1-2-hr,-0.00452326470279857,-0.008898367129631683,-0.0048289420684555565,-0.003635580723044844,-0.007225501271890208,-0.004333036896032164,-0.004929169085843764,-0.0041657703666227175,-0.004763792279917073,-0.0027539491227066273,-0.003903881252284384,-0.0029419786832908155,-0.003495038774943567,-0.0032333648599638175,-0.003134287882987004,-0.0029419343146383807,-0.0027259662742442885
ZAF,ssp370,mpi-esm1-2-hr,-0.033442521790383664,-0.008766643377037094,-0.016760731089607295,-0.008775538067454184,-0.017473562409136445,-0.012353183032602489,-0.016776518440165783,-0.018706381149369358,-0.014970546207722967,-0.018975673495807675,-0.021872787954517244,-0.02311592541869471,-0.021870995992191604,-0.02181790416982059,-0.021725005520502112,-0.0263486427793706,-0.02353327292311242
ZWE,ssp370,mpi-esm1-2-hr,-0.11642705179219796,-0.041076192974784334,-0.06557795926114303,-0.04224605840044889,-0.07148632686501394,-0.05876413580268011,-0.050213483122154096,-0.05962058292049421,-0.052147944521996045,-0.049579069296079366,-0.07475151184556697,-0.06715879929901744,-0.04750348829611555,-0.040642769076769523,-0.051209854659753744,-0.0524335528618889,-0.05269147276152871
ALB,ssp370,mri-esm2-0,-0.06336928878777053,-0.11942240978787279,-0.1370971433623498,-0.1263354368676784,-0.11255436197208857,-0.15670088321025044,-0.17419512026021688,-0.14674672963208196,-0.14267993879146498,-0.2557250363580628,-0.29028498988621004,-0.2117545290098254,-0.2808042701685575,-0.33151930240270017,-0.36529748647724086,-0.33267641672633785,-0.3757098004900155
ARG,ssp370,mri-esm2-0,-0.006040746167057317,-0.003723558539832973,-0.0035562616778522845,-0.00315144335532022,-0.0033188013548988977,-0.0026224537174012455,-0.003120192934378961,-0.0035748794429101972,-0.0034444023607394427,-0.003596964399823093,-0.003535898267834434,-0.0038652041270858506,-0.0037424985904108282,-0.0037219831396681016,-0.0035148517634174085,-0.004140764211948352,-0.004065525010763414
ARM,ssp370,mri-esm2-0,-0.02721304550108404,-0.03131399265658635,-0.06276971615073054,-0.03083929527948734,-0.04940091341173105,-0.07246721365567578,-0.05913981550535603,-0.12574104379774456,-0.11547329333854818,-0.08443699916805666,-0.08211860888071197,-0.09471573601439229,-0.10724184548822041,-0.10170256804128422,-0.11468255527307826,-0.13738265834905095,-0.12582510354930748
AUS,ssp370,mri-esm2-0,-0.01683422810923681,-0.0805875136076004,-0.055343230924577436,-0.08327142777946081,-0.11194441461546535,-0.08009252770010877,-0.12129232214937667,-0.10132037510133447,-0.14410547315259936,-0.1243179454190354,-0.1246911717828572,-0.15702590196291438,-0.16173248613728364,-0.18121030907856142,-0.16814844963254255,-0.16586818869318692,-0.16193473415412343
AUT,ssp370,mri-esm2-0,-0.00394855126283099,-0.011345779986442296,-0.0104243142027957,-0.013481057928212671,-0.01926806087183917,-0.012337340659484355,-0.015873047414778903,-0.014701664325814014,-0.01422912081481837,-0.021847595238178415,-0.022012954512069936,-0.020628023429419197,-0.019078551595321746,-0.024821647070117286,-0.026122136630674742,-0.03212222282016307,-0.029219164299998737
AZE,ssp370,mri-esm2-0,-0.07363272198769953,-0.054019385571212,-0.15471159710888693,-0.06215459629055212,-0.12240289093619354,-0.1525272981165829,-0.16639971198985443,-0.3088447249780917,-0.3110496389737505,-0.24062070416516929,-0.22504706593624696,-0.23796060455669263,-0.26974482233935626,-0.2764794486911319,-0.2909347634298454,-0.2985214643362357,-0.2505794833142075
BDI,ssp370,mri-esm2-0,-0.021588657103856674,-0.01853325967744782,-0.013086342101869349,-0.010808909853255666,-0.009383528890321836,-0.007727791026057635,-0.007227378353614344,-0.006411216243814272,-0.005156736787681621,-0.005049629935945231,-0.00543444511990736,-0.006319510387270921,-0.004737051398452891,-0.00472929834049563,-0.0032927618487106117,-0.0035215647765528698,-0.00416216684458059
BEL,ssp370,mri-esm2-0,-0.0032610270945327264,-0.011018797931790577,-0.007790707152581385,-0.011278505501023668,-0.015492851646798617,-0.010083223193273856,-0.01356451701743203,-0.010684041882789153,-0.011857483316350526,-0.01226396104347411,-0.019152173785862026,-0.016442101820224146,-0.013193799852832814,-0.017505545541276795,-0.019549553714144203,-0.019733384427872924,-0.018567475256005155
BGD,ssp370,mri-esm2-0,-0.0050008402881982356,-0.008291258540769246,-0.006040314947567726,-0.006736715116622863,-0.006894839107219046,-0.008799050714570777,-0.010538322301188709,-0.009241239449275532,-0.010646685313700959,-0.009575092315645186,-0.01249794277926966,-0.011597935543163199,-0.011551441282768256,-0.012200841927213784,-0.013895604812544683,-0.011781919506542358,-0.012951404732738779
BGR,ssp370,mri-esm2-0,-0.23397802161077894,-0.24084289355258975,-0.2939529159522345,-0.34369298084597594,-0.3764542976914451,-0.5283533229791738,-0.6252302250918782,-0.4653519180359418,-0.4623913957293947,-0.8436792825511766,-0.9324389297828498,-0.6190897619901462,-0.8143239540156765,-1.0699180381404625,-0.9864477790785247,-0.8926446948538067,-1.0412277775528853
BIH,ssp370,mri-esm2-0,-0.032998706853233306,-0.049628332660493865,-0.054147846679969316,-0.048938479067059816,-0.04460447362000068,-0.048814976775259075,-0.05114811377762205,-0.05167695814969975,-0.04837787423626704,-0.0764467636403401,-0.07905114404025676,-0.07541699270671262,-0.07578468775856978,-0.11164591497213597,-0.1349235799126786,-0.11319399842079425,-0.13705516016170183
BLR,ssp370,mri-esm2-0,-0.03787955468923745,-0.04637757562886941,-0.034204707200823636,-0.06647657027336064,-0.0664595338672827,-0.04745717435485075,-0.05170087277350485,-0.04720374072004048,-0.05716597671913899,-0.06737927576561321,-0.05725419021097882,-0.057451962846596864,-0.06358528327554014,-0.07205540744150482,-0.06542684779525955,-0.09892848406838126,-0.07578655806932663
BOL,ssp370,mri-esm2-0,-0.03817921802246566,-0.02387522556930372,-0.021577360653630785,-0.04888913784596974,-0.030356047821787586,-0.033806418033684796,-0.030760090524007588,-0.031892462189090524,-0.025458322500761736,-0.029102408547065067,-0.04155299271375016,-0.03707947038328038,-0.030818045266295006,-0.03336056043037713,-0.02993519023983706,-0.03245364770081994,-0.032048064923980574
BRA,ssp370,mri-esm2-0,-0.004424456268858132,-0.01793171941774092,-0.013239878927330759,-0.009416544190115499,-0.013792831808729304,-0.010909825564193376,-0.013907575086813256,-0.012002074253277794,-0.021703855215802696,-0.020953782094904817,-0.019399383841010906,-0.022171970118323562,-0.027568794113045074,-0.02535456347517121,-0.024978859385815597,-0.0277555896390932,-0.026826980099617783
BTN,ssp370,mri-esm2-0,-0.0016581251817683695,-0.0007431710033282597,-0.0007324479951656202,-0.0006978311026540944,-0.0008379487141087474,-0.0007723215921193035,-0.001045146101752365,-0.0007597958480146168,-0.000997969083666762,-0.0008990583240479843,-0.0009110102769882965,-0.0008913371284728298,-0.0009298996126230904,-0.0009132362789489282,-0.0009704962912967673,-0.0009756923526333972,-0.0010477818300896587
CAN,ssp370,mri-esm2-0,-0.06665242958061711,-0.05896464369092503,-0.03875188007198838,-0.08310269537282473,-0.06354190788958282,-0.05720119195416931,-0.06405789181609972,-0.06171178759132522,-0.06701406657891255,-0.0868798557761095,-0.0914974903060811,-0.07981760092572841,-0.12122365326255619,-0.10520049477966292,-0.10053898760688121,-0.09174921365991766,-0.11053297347577501
CHE,ssp370,mri-esm2-0,-0.0017982567038515244,-0.006249741855303022,-0.005657297523727941,-0.006875766842737106,-0.011953533922887758,-0.006631621195275015,-0.008682729518396031,-0.008652230800330854,-0.0076828013855596575,-0.009517594993705636,-0.010743333595520474,-0.01092419604165422,-0.00982717811555425,-0.012176617158149182,-0.013057264198463274,-0.01384603576231383,-0.014539858940025428
CHL,ssp370,mri-esm2-0,-0.014738595717648238,-0.01627835458468366,-0.01908531794378839,-0.009814218049815752,-0.011573168716223124,-0.014337238487675976,-0.016413215875268228,-0.01588221567954143,-0.01858833564810583,-0.021299819938537617,-0.018842673639980028,-0.022763196752405224,-0.021612223098857172,-0.02163149022894005,-0.025138585323223363,-0.026059502881287167,-0.027459134133840813
CHN,ssp370,mri-esm2-0,-0.042764487350175406,-0.03445664994413319,-0.033955739394714836,-0.036870131156467874,-0.039735460151421265,-0.04934777889177275,-0.055776389474176104,-0.05507895593858507,-0.06884249763791819,-0.061828161015722374,-0.07741626985365796,-0.08975781153206759,-0.08447158070025658,-0.0885601404814966,-0.11488072031309556,-0.10505591788409238,-0.11359018959348673
CZE,ssp370,mri-esm2-0,-0.024883806497278848,-0.07705818286870855,-0.05810362142092153,-0.07704143702580193,-0.13599571182420542,-0.08191274800665976,-0.10845637816966436,-0.07256512599370224,-0.07217225946477109,-0.12151001315506132,-0.10609286663667283,-0.09113615156061368,-0.08648925822883047,-0.10945696350119302,-0.11460813911637228,-0.15298601115999771,-0.12565323274895476
DEU,ssp370,mri-esm2-0,-0.006607906940155531,-0.019783883493713912,-0.015932554203125126,-0.02331244466243122,-0.04528677593025115,-0.03141002664500757,-0.03560086074097178,-0.022403307454492056,-0.026361364412505067,-0.0356572055348745,-0.03498794716172331,-0.03819004904033761,-0.031466551486207146,-0.043065659505124726,-0.052873928517446094,-0.05306143308475333,-0.05139233889847629
DNK,ssp370,mri-esm2-0,-0.01911418736776689,-0.022348094506239622,-0.024897327422243046,-0.03254801947929851,-0.05366210523441478,-0.04093077286124303,-0.054367199412908525,-0.036310845595154496,-0.04282672985118021,-0.035865933962043975,-0.046447964900432945,-0.04771600098102873,-0.043158070181111154,-0.05441437257957611,-0.056906192829728,-0.05701422693963106,-0.05610357309823322
DZA,ssp370,mri-esm2-0,-0.07851861097799091,-0.17140465840987087,-0.1391046632492371,-0.08740325146387008,-0.06522180616368979,-0.08725100563674007,-0.15160290559682918,-0.2068758757693752,-0.13270963671912578,-0.13719297863316537,-0.17138657819533049,-0.14651932906091755,-0.14398159908207364,-0.14931316270910694,-0.14017904209752147,-0.11616011767593516,-0.1163470534888391
ECU,ssp370,mri-esm2-0,-0.0004129190139107056,-0.0004652134280722108,-0.0003456841745741035,-0.0004812500951185539,-0.0006296237079580479,-0.0005556925232334122,-0.0005071631386176689,-0.0004958750019023976,-0.0005743407424956116,-0.0005595608936861273,-0.0006146444005412058,-0.0005070328022218753,-0.0005674842234799427,-0.000579277468615739,-0.0005307903028230766,-0.000539431627126408,-0.0005792007158564237
EGY,ssp370,mri-esm2-0,-0.1584521145541448,-0.06614655147015805,-0.060848553650633075,-0.05939706165677617,-0.047087255296137734,-0.04795451630349228,-0.046265259637535854,-0.045587213407566135,-0.0409607231806899,-0.04099513061576506,-0.04034617595861153,-0.035411996306915904,-0.03616051221932464,-0.03540203537947284,-0.0330569767688949,-0.03225635227806121,-0.033211673449610804
ERI,ssp370,mri-esm2-0,-0.4276456228290564,-0.23619104983554406,-0.36056333528906825,-0.2613305483042118,-0.3771244622794785,-0.4148680449556126,-0.3752027896475165,-0.4210669138230327,-0.42136388402303504,-0.3978207097885742,-0.5324114115845999,-0.4105036762970699,-0.5746121626105107,-0.5265210409067124,-0.5256685483823965,-0.5355654943432604,-0.5402682951551893
ESP,ssp370,mri-esm2-0,-0.004346762177062437,-0.035281695383356015,-0.02618425325188459,-0.016904085110706846,-0.013198220169251687,-0.025208323088864733,-0.025840935744432515,-0.05454751192125718,-0.06519071135228038,-0.05373479612695755,-0.0554130672875616,-0.051777104851738164,-0.06371944870405988,-0.05538681162329492,-0.0753313637034383,-0.06411342188177936,-0.06308107555792547
EST,ssp370,mri-esm2-0,-0.04880476354000354,-0.06815907378149641,-0.06731303652724326,-0.08233242421115357,-0.10166536191910591,-0.05921740552007374,-0.0799254800710652,-0.07074805139632256,-0.0958542589644199,-0.09007744632966176,-0.0903651796142084,-0.09872079872553519,-0.09861808831345628,-0.1245088913204663,-0.11175726353417975,-0.13614185023678302,-0.13324163407559994
ETH,ssp370,mri-esm2-0,-0.12433417831396734,-0.13623115791055948,-0.16473894135587808,-0.11023439620777332,-0.11658010597635708,-0.10210711726550387,-0.0973625376504105,-0.10582127300469411,-0.08716531321309938,-0.07622587510867326,-0.08345249649159699,-0.07351280636258306,-0.08192328092764506,-0.06741862059005144,-0.06316117412340747,-0.05748983346991936,-0.05715596360191579
FIN,ssp370,mri-esm2-0,-0.0066717430479312015,-0.009119691297111513,-0.008701529892056872,-0.009882111493288033,-0.012333957686643028,-0.01136503450713556,-0.01867074422196932,-0.010915138064326892,-0.015538206447455578,-0.012300000887158682,-0.01336239959502549,-0.017551293618776876,-0.012844936701226278,-0.015534525584992579,-0.015891091206108744,-0.0150989694582142,-0.01753340103046096
FRA,ssp370,mri-esm2-0,-0.011961000670319098,-0.04874182886329298,-0.028155093906555215,-0.040736114385454145,-0.05127852418029544,-0.03569642808980068,-0.04508253688794895,-0.04414696256486084,-0.048721132948798276,-0.04622680031674635,-0.056037119157884584,-0.0580497196958035,-0.052183913902016196,-0.06125781803232105,-0.07257944826871647,-0.06668175035256448,-0.06475530441965208
GBR,ssp370,mri-esm2-0,-0.002585358959358732,-0.011092830952904682,-0.007375394710387601,-0.011425140555659453,-0.015510771528842624,-0.013879860350135114,-0.015455374777018253,-0.014347092914169425,-0.021468502059903628,-0.012385772404278838,-0.017500583119671148,-0.01628583042962239,-0.015267836803156961,-0.01814897873340772,-0.020799307987568533,-0.019089373943522583,-0.018821219014045862
GEO,ssp370,mri-esm2-0,-0.009021140836264329,-0.017155137051856364,-0.02031073190089178,-0.017628717398440748,-0.018155115778465403,-0.029514396997417314,-0.023299852752860072,-0.03603930210831264,-0.034017832277751424,-0.03391717683927461,-0.03173336096299885,-0.03154990610689441,-0.03511330998988561,-0.035765779035428547,-0.038434860813284205,-0.041644581829587905,-0.040139003482209
GRC,ssp370,mri-esm2-0,-0.02081824988853943,-0.02909803654401182,-0.025395865233204903,-0.03104129170752795,-0.022484586161310553,-0.05324233093938545,-0.06191826699406047,-0.046766952187405154,-0.028873690239997418,-0.06448749016392437,-0.07014327712681727,-0.04632541862115661,-0.061615274794339474,-0.06919723349405513,-0.06778113484494444,-0.06360402026532672,-0.0655020562602191
HND,ssp370,mri-esm2-0,-5.623402947318333e-05,-6.585608915170772e-05,-8.956953285822919e-05,-5.4874836355255224e-05,-5.5239173639632625e-05,-4.980856668002308e-05,-6.715378787782693e-05,-6.925732595035916e-05,-5.4467923741002424e-05,-8.627244359980625e-05,-7.99386278804233e-05,-7.857250147680299e-05,-6.577285576450313e-05,-6.865039701636034e-05,-6.545282130604358e-05,-6.347986894645401e-05,-5.979554339232628e-05
HRV,ssp370,mri-esm2-0,-0.021750465885056663,-0.4015374970997046,-0.37671512922279576,-0.45381753037548134,-0.46128675238224953,-0.48441623449538934,-0.5555204377714802,-0.596995541669742,-0.5629857908273966,-0.816689293784383,-0.9624472679294456,-0.907833741066858,-0.9003555558163179,-1.2087898395229573,-1.5858623870441706,-1.3708842123667675,-1.5776212821165723
HUN,ssp370,mri-esm2-0,-0.040069820232915755,-0.08311246559005593,-0.06066736726373764,-0.0881845064442221,-0.10783490724775448,-0.08099975622266134,-0.09463581186978422,-0.0923018538744211,-0.09339847851165466,-0.1376927665221508,-0.15131803568470467,-0.12275496049446927,-0.1290635259681517,-0.1530735228545532,-0.1895612789628369,-0.1714201857069188,-0.18676769063732865
IND,ssp370,mri-esm2-0,-0.07616784197617987,-0.056523108232808254,-0.05194190425278863,-0.05096135282703399,-0.14976691269431094,-0.09706152526413739,-0.09091772208672318,-0.12985750401078722,-0.1406119589210991,-0.1525050052305608,-0.1569704792918406,-0.17708601801767065,-0.19892590524644765,-0.14064828252230085,-0.19914050485660173,-0.15413521381002063,-0.20323858312496176
IRL,ssp370,mri-esm2-0,-0.0012485443889782726,-0.0017772797151158297,-0.0016278077288686098,-0.0025906217658887764,-0.006062581665898419,-0.005706155138367577,-0.004567767955654928,-0.005238937658477513,-0.008145615856070121,-0.004473066739399494,-0.006920938256906232,-0.008244839784710262,-0.00682606822439946,-0.008319873651809704,-0.008675546475678635,-0.00903504947638391,-0.00908651603958385
IRN,ssp370,mri-esm2-0,-0.0503852635839802,-0.008459949445922273,-0.02423280483969139,-0.011705065394547657,-0.012372815317149153,-0.012528163916978563,-0.01947404238838132,-0.02615028639567284,-0.02300340021473665,-0.020227393973410706,-0.01943332664410131,-0.020208230155404364,-0.021418256931110484,-0.019879829311946137,-0.02067584238119629,-0.016900418082136572,-0.01655747562574024
IRQ,ssp370,mri-esm2-0,-0.27140472232203516,-0.09287552969751435,-0.16850715378984701,-0.07134008186572097,-0.1003766264694284,-0.12866563793498625,-0.11425977274384402,-0.17240072070410545,-0.14967989747103452,-0.16464490942436827,-0.11070666852556693,-0.13532881685162187,-0.1567301144575278,-0.14100103167477382,-0.12724042501067517,-0.10598201664287034,-0.09406810648940475
ISR,ssp370,mri-esm2-0,-0.001326899921191532,-0.0006450318407034688,-0.0009122256402485273,-0.0009429101997158759,-0.0009243299270091982,-0.0011395531601478518,-0.0010691388630264189,-0.0013755438861109623,-0.0011141923150371192,-0.0011253505700783645,-0.0012799473490667957,-0.0008418914704005235,-0.0012094289042083681,-0.0011550738602239413,-0.000982417341067916,-0.000982414861663855,-0.0007720979932477095
ITA,ssp370,mri-esm2-0,-0.007119539069390801,-0.021585885119764846,-0.01405376645294718,-0.014261655513831033,-0.012988113517879788,-0.016030853606913174,-0.024642667150342235,-0.025031768142818694,-0.025571963365039536,-0.03056240153547498,-0.03487255818063056,-0.032969716681592307,-0.03481129675787008,-0.04307329565011915,-0.048060619363663105,-0.04205749357545031,-0.04742518155128271
JOR,ssp370,mri-esm2-0,-0.006225133725317837,-0.004458414516934784,-0.006125491270098127,-0.005507157770438533,-0.0042109326456931115,-0.006083603709894184,-0.004775493352788553,-0.006401793232195371,-0.0050430840942615185,-0.0050172005025528885,-0.005568025648597926,-0.003734268619952915,-0.004809758601763963,-0.004509073498144072,-0.004187789302015993,-0.00392649288402579,-0.0033761281717475194
JPN,ssp370,mri-esm2-0,-0.0011821586189750368,-0.0006132385538258724,-0.0006160786389988968,-0.0007699242896556573,-0.0010640777979011105,-0.0010250165825648624,-0.0013080869698308332,-0.0014327952477367453,-0.0014179868736487046,-0.0018294277055031563,-0.0019003949260657073,-0.002141746392574588,-0.0024691459698865767,-0.0025022708121887685,-0.0026280494661789252,-0.002533631227101861,-0.002795439879037139
KAZ,ssp370,mri-esm2-0,-0.13874617790122118,-0.027176424726969163,-0.013051781818260591,-0.12284161087836934,-0.0654110134191188,-0.06768535811778006,-0.07071905175446638,-0.0858406969287358,-0.08978529251754257,-0.17840521689216438,-0.11388563343027486,-0.13414701056507064,-0.14056244261001585,-0.1383915918461703,-0.16045225996498685,-0.16812991199082536,-0.2392191117383976
KEN,ssp370,mri-esm2-0,-0.012321267227951958,-0.010746169774991682,-0.012584936157477246,-0.007537819437113156,-0.007746997122558756,-0.00809280974288387,-0.008881400126824498,-0.01018961457424603,-0.009194320859036173,-0.007727645265052192,-0.007283030637406228,-0.007464848237288936,-0.007406582230432731,-0.007268172423634834,-0.006850433365372646,-0.0059849527491939595,-0.0063626625560187665
KGZ,ssp370,mri-esm2-0,-0.30669973160549346,-0.15587554189821434,-0.19904926273825993,-0.14013890773471172,-0.16220678760192966,-0.14556515070066786,-0.19413887491172324,-0.22748929087249217,-0.19212752202583003,-0.12889196835621206,-0.14542841775861953,-0.1235478394797011,-0.12431299408750321,-0.09730256664646943,-0.11545385354638663,-0.096364110648318,-0.09431650327184327
KOR,ssp370,mri-esm2-0,-8.92171060059279e-05,-0.00016405773037596,-9.525760158411464e-05,-0.0001265869763600617,-0.0001273792150937187,-0.00017627040950077348,-0.00024351265097682738,-0.00018632685755124863,-0.00019543637438923392,-0.000226265344993734,-0.0002991991099559265,-0.00025492868878111187,-0.00031975044489612395,-0.0003193190003903213,-0.00030970265806990404,-0.0003177750108623081,-0.0004005756771381738
LBN,ssp370,mri-esm2-0,-0.00673608080414669,-0.0001509174702141819,-0.00019007568739165239,-0.00013796868873668685,-0.00012994764347656928,-0.00020813008508332935,-0.0001652879439067896,-0.00020833714255164126,-0.00018606141234466604,-0.00018198095884428619,-0.00020739064103043523,-0.00015844782300828035,-0.0002534120091799407,-0.00024057350199726456,-0.00019986979009112749,-0.00019630391746650985,-0.00018325809752867413
LTU,ssp370,mri-esm2-0,-0.15809255827179014,-0.2538486561499275,-0.23784952020595315,-0.48593599268651755,-0.41092813965174535,-0.2818003702952494,-0.3951399622838657,-0.3403293501975444,-0.49119563129657645,-0.4772233106508363,-0.5350947523486476,-0.5526233421943866,-0.5816943535679359,-0.7669043859238556,-0.7241484982699202,-0.906693943254087,-0.8642139763610496
LVA,ssp370,mri-esm2-0,-0.14641884641760033,-0.21509725068210397,-0.18782902525438333,-0.3184568909316197,-0.33269657462602403,-0.22639495848302216,-0.31626200040990354,-0.2805712201671285,-0.40470018128736174,-0.3860719049393042,-0.42532465564033156,-0.4769080399904364,-0.4753068078256504,-0.6168873698785824,-0.5876900271849702,-0.7366834239641024,-0.7065451633613162
MAR,ssp370,mri-esm2-0,-0.03681363592103327,-0.11456721303074326,-0.08471210564159079,-0.04695320441414326,-0.0357863194927786,-0.07022514352826352,-0.06666711124171824,-0.10480338675617537,-0.09774655978193927,-0.08559968287355722,-0.08557300981193518,-0.06711569477646107,-0.07761297540857989,-0.0751276969329565,-0.07636064555619046,-0.06276834210556252,-0.06533994903140547
MDA,ssp370,mri-esm2-0,-0.10164071913849518,-0.19539666155454935,-0.19146388362002076,-0.21611063685697354,-0.3660038171450018,-0.29195391757859096,-0.4793312945745294,-0.23326507849773023,-0.2943198228150272,-0.5388255207213146,-0.5692845036416683,-0.38679818073216626,-0.5702391909653451,-0.6114705459779644,-0.5361709018035352,-0.5192091463317299,-0.5795383528881214
MEX,ssp370,mri-esm2-0,-0.0067444024625128544,-0.007658395839260968,-0.007984844738034612,-0.010798281466848119,-0.012654015552289464,-0.014607196251581795,-0.015966266436494663,-0.014824568372755653,-0.016714092760164532,-0.016102389896829227,-0.017054543151720385,-0.017091672606511225,-0.016936191897687202,-0.01792949455193458,-0.017282631527416218,-0.018141618225827934,-0.01870495603890061
MKD,ssp370,mri-esm2-0,-0.06312786776626975,-0.0485149673840412,-0.0541217211242439,-0.0574295530787317,-0.046849934964797085,-0.07234782741413115,-0.08617473231511902,-0.06398340746449149,-0.058203867750036505,-0.11041208563659681,-0.12033979557955685,-0.08315884641271405,-0.10309637885739627,-0.1320310717684238,-0.1400085502171895,-0.11955832607724419,-0.1350543397110435
MLI,ssp370,mri-esm2-0,-0.0292060933502999,-0.014953461821935835,-0.017508207076215757,-0.014913156733063423,-0.013752463879901259,-0.01327236653286331,-0.010616634731274542,-0.010111943811707061,-0.00860160596052665,-0.007962957211168267,-0.007504384563535861,-0.0070096181430979775,-0.0065602126057295596,-0.006103467252899562,-0.005568234413365519,-0.005103593661202679,-0.004858984560317893
MNG,ssp370,mri-esm2-0,-0.0691044924332157,-0.041574675131648205,-0.04948842794020257,-0.04819849670011958,-0.042151800510515494,-0.07999106491382756,-0.06744493544092418,-0.06430353383627888,-0.04464439637728112,-0.04677265567826307,-0.041778916643757755,-0.05457031414457502,-0.046333361069639444,-0.06384642080030165,-0.056663897442998046,-0.06279152680098751,-0.054986764085421636
MOZ,ssp370,mri-esm2-0,-0.004122382949603216,-0.0038728465379743583,-0.007356269488416541,-0.004191019139360164,-0.0055905112357914595,-0.003015914095309942,-0.0020750134503103304,-0.0019803524824093715,-0.002901167266262392,-0.003310219004594935,-0.0022956480379205126,-0.001876758901313956,-0.0017739660656883303,-0.002006917990223479,-0.001413469178861252,-0.0013647910093611529,-0.0018182846455254242
NGA,ssp370,mri-esm2-0,-0.00011582702747491942,-0.0001076991521314878,-8.781472207830773e-05,-0.00011533900499818539,-7.786945718448135e-05,-0.00011814096480681036,-9.054358220058855e-05,-0.00016888249520748377,-0.00011526363050881226,-0.00017390830540461034,-0.00013888878629096194,-0.0001405233248600353,-0.00013246359336456642,-0.0001092110901935882,-9.334822070762076e-05,-8.405219298472809e-05,-7.634049940693835e-05
NLD,ssp370,mri-esm2-0,-0.0006824001725366117,-0.0035400263815440263,-0.0028733816588581707,-0.004311195708089388,-0.0069289959988284135,-0.004396485139592305,-0.005663050129274889,-0.004104561499453662,-0.00516444538540718,-0.004971055742102344,-0.007870720399509184,-0.006304871038852707,-0.005636788554330115,-0.007257040573969967,-0.008414915617565502,-0.007876462181781813,-0.007784823732720492
NOR,ssp370,mri-esm2-0,-0.00257607610717892,-0.0023406916433300357,-0.0028150773468152714,-0.003794765848216854,-0.0046415604207858865,-0.004359391118713135,-0.005104157814025414,-0.004842369251824019,-0.006141940691659691,-0.006252456518716626,-0.006238826665257055,-0.005745351298833834,-0.005606058365353786,-0.007045330241095659,-0.006088727105395962,-0.006910427819581677,-0.006866137633512013
NPL,ssp370,mri-esm2-0,-0.10985390352759719,-0.08607365167762276,-0.077514228573145,-0.1098338497471424,-0.20239711915837807,-0.19802158943946427,-0.24043845905938316,-0.1863405262983638,-0.22441083039722245,-0.24937501080915142,-0.24291884254085677,-0.23967992059617904,-0.25690029738613784,-0.25739193596007964,-0.2678079679420939,-0.2389157204541672,-0.24071964320714892
NZL,ssp370,mri-esm2-0,-0.006328942960561956,-0.004112925542306386,-0.004031194268817799,-0.005753374947444003,-0.004668299595829403,-0.00834588800916738,-0.006994460975661885,-0.007939320992575856,-0.007974657849161633,-0.008831855545269173,-0.01137448526831298,-0.012135095324475,-0.00965660724004568,-0.009174631282859863,-0.010036579979608357,-0.009564084522844817,-0.010028424682291596
PAK,ssp370,mri-esm2-0,-0.3719400952475117,-0.08857802085289719,-0.11787579325231881,-0.07628099624960645,-0.1616495303892388,-0.14724929349761873,-0.14130406082603447,-0.18756521045508476,-0.16425231115483738,-0.15918477487932237,-0.15496338779204816,-0.14489295287486723,-0.13274321689519758,-0.06386125067483937,-0.11455266755015359,-0.078137329316527,-0.08317016400414656
PER,ssp370,mri-esm2-0,-0.003970976426056395,-0.0057697830943946185,-0.004266241037269277,-0.005340039853951128,-0.00541447130982713,-0.0050774513318049145,-0.005340075039788572,-0.004741965091061442,-0.0052472580699762525,-0.0046950137008517235,-0.005277082959204928,-0.005259733704286248,-0.005075784693893493,-0.0050157744865691285,-0.004920557530465266,-0.005033494032665355,-0.0049422549472488125
POL,ssp370,mri-esm2-0,-0.03153079713432433,-0.06336605760022707,-0.048003322044079394,-0.07415848478664927,-0.12088485510848067,-0.09323856193917547,-0.08968028070061698,-0.06678915168767596,-0.07851404594858911,-0.10140346583561366,-0.09499700286120129,-0.09101214529406144,-0.09128972024648262,-0.1187246190413463,-0.12604830529194508,-0.15590089157914372,-0.13287597060036424
PRT,ssp370,mri-esm2-0,0.00011855212988262386,-0.00110038391813358,-0.0007568345916319275,-0.0006403532941727372,-0.0008939435588104879,-0.0012614981389973744,-0.0011745340896958608,-0.0023483235034962475,-0.003845010257678842,-0.002314452364231616,-0.002236574490721944,-0.002355550983001865,-0.002539973437601166,-0.0022200836908528652,-0.0034564548859864794,-0.0029178765186480557,-0.003052359825638677
PRY,ssp370,mri-esm2-0,-0.046731081156347415,-0.045649549172250385,-0.04257300421487969,-0.020390393851831008,-0.023647521347322654,-0.018132972577424133,-0.02246548927088438,-0.021718775892385512,-0.03675699333419461,-0.027137236153188648,-0.02493471860071648,-0.02698862652736714,-0.03385697450043719,-0.0273306432522669,-0.02404474189785635,-0.02457066124850652,-0.022187339557799644
ROU,ssp370,mri-esm2-0,-0.057827560715009815,-0.09900405961927439,-0.10712641127804737,-0.1378144446674899,-0.16967431555120913,-0.1698600418951097,-0.23197926500196048,-0.18629521993629325,-0.2146916717550112,-0.3753312394027511,-0.41076462448036094,-0.3089096295383098,-0.4047270547385834,-0.5255751102857352,-0.538377982345207,-0.47964262428111587,-0.5675367980362184
RUS,ssp370,mri-esm2-0,-0.16318654131857066,-0.07627456729522572,-0.049276560063224874,-0.13843101581681502,-0.1165505804571827,-0.14933755609796243,-0.12966660593287152,-0.17954307132081232,-0.18700612106636014,-0.26994298671360395,-0.19660046583174856,-0.2159145516359567,-0.27532502061447045,-0.2806220079880401,-0.2687247615050245,-0.32663183341238117,-0.33120871052927847
SAU,ssp370,mri-esm2-0,-0.014144537598806175,-0.009125588657873409,-0.022086931526650738,-0.021046595775298826,-0.019662033008087346,-0.019356905183966554,-0.020639181405730487,-0.022913510310318644,-0.02275256681709524,-0.024153394425665456,-0.024240019043159176,-0.02634220899150181,-0.02621176702340783,-0.027481310282495605,-0.027757330766235905,-0.026916086111150848,-0.026948479121980767
SRB,ssp370,mri-esm2-0,-0.11331316248378429,-0.1462189277396231,-0.17753541199757522,-0.232404513017548,-0.19275717170415807,-0.21176514565297394,-0.24334031625777966,-0.2447659715630615,-0.24233865233770752,-0.45629057307270393,-0.435275428042321,-0.3803962794399376,-0.4159505971332771,-0.6221912221192591,-0.6964525179270512,-0.6289638290687034,-0.6939879333973226
SVK,ssp370,mri-esm2-0,-0.02915944309468669,-0.059787451989683854,-0.050583453008750105,-0.06451960589513615,-0.09629649792177751,-0.057233134681345686,-0.0656048409111319,-0.06532645250780977,-0.06262738887413091,-0.07808330492451224,-0.08590460175417326,-0.07250310121839931,-0.07290828287716729,-0.08487299339312565,-0.0951426580254025,-0.10406113720330543,-0.09712061585860575
SVN,ssp370,mri-esm2-0,-0.00443168850078278,-0.008293672020543487,-0.00834363611851661,-0.009667239898514049,-0.009141267629936558,-0.009268628572719585,-0.011075020312098683,-0.013383311444170161,-0.01126433435864399,-0.01361400092299649,-0.015519108915729296,-0.014685940505820979,-0.014465989239530115,-0.017107256176424505,-0.020102884495214517,-0.01955920389855684,-0.019806665300496993
SWE,ssp370,mri-esm2-0,-0.009618454955490574,-0.013968772357782105,-0.009966387274477427,-0.014550563108850495,-0.023221750047448815,-0.012280247512115892,-0.018210213694065763,-0.012154896575749993,-0.01976069938734528,-0.014246152503547636,-0.01637855705456394,-0.01720799764908462,-0.014163753352097698,-0.020834240787154713,-0.023264627277856668,-0.01973054188658506,-0.022000448962507604
TJK,ssp370,mri-esm2-0,-0.22905039091712623,-0.12860861629478076,-0.16734530467629177,-0.10617718436495295,-0.13099437561435986,-0.10256964178382555,-0.14387665970333702,-0.17417487931220071,-0.12996470063688692,-0.09322099688816543,-0.10113258781034087,-0.09005808493370555,-0.08195387905981233,-0.0634538510214306,-0.07385902068650856,-0.058409786958157524,-0.05243960976745219
TKM,ssp370,mri-esm2-0,-0.2632124712943933,-0.11298289626594027,-0.20087268842606854,-0.10429229078588337,-0.13921495370584247,-0.09253004891687398,-0.14553527954099296,-0.13732927521652868,-0.12333410344772873,-0.10893621334136705,-0.1183209421783133,-0.11698731932849372,-0.10930538756873093,-0.10613484355699097,-0.11050706697347638,-0.09080817753392738,-0.09740693304522685
TUN,ssp370,mri-esm2-0,-0.09820326153688105,-0.183787430695998,-0.13039530576916478,-0.07031141903803904,-0.04844897666413858,-0.05063138715611018,-0.09295143726270697,-0.10297572893472556,-0.061649285704933415,-0.0606852160311801,-0.09033226983242901,-0.073378435202686,-0.0802399441297163,-0.08628777330304288,-0.08404232743878866,-0.0753585161820234,-0.07427509925734983
TUR,ssp370,mri-esm2-0,-0.019422584150029416,-0.005657156421894696,-0.012517031382441998,-0.006664539521962862,-0.007766700860189034,-0.0184537627485882,-0.01443684081070856,-0.018923695788490232,-0.016410829659991962,-0.02643882957140222,-0.024464362250857345,-0.020129723825316474,-0.029890132847806568,-0.031358426833119984,-0.03176160595564636,-0.03033766510704542,-0.030350571868879486
TZA,ssp370,mri-esm2-0,-0.0030246603439777714,-0.003932898112567935,-0.0063875495365283115,-0.003590131267819652,-0.002644989716773711,-0.0030929659578475496,-0.0030770630844191046,-0.004247656251976526,-0.0026016191724739708,-0.0028110231109823884,-0.002095258942453464,-0.0019520752464128193,-0.002074751209817979,-0.0019134996346843608,-0.0016498848855767238,-0.001716751028341082,-0.0016878792686341485
UKR,ssp370,mri-esm2-0,-0.28217858373728083,-0.28528257329190987,-0.19470590774880844,-0.28466301508231057,-0.3154882313733616,-0.3552426664731305,-0.36247654350544883,-0.2626078997972743,-0.331662753011192,-0.4887259143912871,-0.4315335804870143,-0.3376399094778103,-0.47382882420518363,-0.4868635515613882,-0.4258981396068355,-0.5339996743707242,-0.48702282216044546
URY,ssp370,mri-esm2-0,-0.011337772569880143,-0.060052531593919815,-0.042985983866944626,-0.04240742635834194,-0.046033889227958584,-0.056400239575516486,-0.05340092848279738,-0.06926648448699523,-0.06323293563999802,-0.058155165993578235,-0.05408936530756669,-0.09959507489675139,-0.06473943285281643,-0.06550886643637006,-0.062345894005738214,-0.07183122482032786,-0.06701560980689124
USA,ssp370,mri-esm2-0,-0.01308433765437628,-0.005814340932764106,-0.005772704981555112,-0.007733373048474759,-0.009411678191483237,-0.010231535116677633,-0.008207297373801398,-0.011742050443128337,-0.011037185190941417,-0.013423499064273432,-0.0110598576827456,-0.01281601936842725,-0.014863883668163373,-0.013816629552615417,-0.014457544504608259,-0.015387863652695701,-0.01440546739185474
YEM,ssp370,mri-esm2-0,-0.019422329494285306,-0.009842538945941219,-0.006925410311573367,-0.0072059492544316334,-0.007506799241905351,-0.0061504141323393945,-0.00550413182274966,-0.004884581042083737,-0.004410890489624446,-0.003519008575799365,-0.004278538554993548,-0.0028862967514756157,-0.003493788936560405,-0.0031651129966164316,-0.0031664078722635257,-0.002961446737327811,-0.0029518038106893557
ZAF,ssp370,mri-esm2-0,-0.007297572575815704,-0.015405545643917336,-0.03490104218115732,-0.014284799522417107,-0.02601166545560139,-0.017991708400875474,-0.020402814280137467,-0.020246930378950423,-0.018262274755678782,-0.015750351073310576,-0.019470751544628552,-0.021341141895852185,-0.023496427960294247,-0.021418873576129108,-0.020683609286992505,-0.021631815594890993,-0.02396704471602621
ZWE,ssp370,mri-esm2-0,-0.1036434297330677,-0.10844347822490524,-0.20601274435433506,-0.08732685997619556,-0.13804571823706097,-0.07837302719750408,-0.08924313740388183,-0.0747538420666738,-0.09412818065968559,-0.10003662535989734,-0.08699794383085577,-0.07440301973219972,-0.06347435559222024,-0.06498259303705153,-0.058528146746448344,-0.05334537109895484,-0.05690612043456035
ALB,ssp370,ukesm1-0-ll,-0.04651099712149469,-0.10290137025714427,-0.1046481685278582,-0.18379224721276358,-0.1472744128685229,-0.19454085813767763,-0.15456478309106078,-0.24620692902367572,-0.212594378726673,-0.263521638443306,-0.2759001982983552,-0.2661281832716801,-0.256652196796305,-0.3695133642748105,-0.38537834947017385,-0.39722766991974373,-0.41344235194671713
ARG,ssp370,ukesm1-0-ll,-0.01477712559685202,-0.0023577820827225824,-0.0036717996993027363,-0.002709153540206795,-0.003130925702662479,-0.0028181023775262905,-0.002855521180881412,-0.0034605552485074877,-0.003473419833870109,-0.003927664213881843,-0.0037545254339227765,-0.0038261067234638306,-0.0041097817641347146,-0.004137662063718,-0.004537553873586571,-0.0044917107937479835,-0.0045162482630709214
ARM,ssp370,ukesm1-0-ll,-0.03739173958499157,-0.05193817469578107,-0.07569022954190384,-0.06208411910811376,-0.05471802513824495,-0.07324611470270495,-0.12247457959618606,-0.10288028713217785,-0.11443119310518396,-0.10992565550700922,-0.1412400421206697,-0.15221448544491342,-0.13536461730333368,-0.14860826633511395,-0.1378540477107969,-0.1455746291969776,-0.17036775249063985
AUS,ssp370,ukesm1-0-ll,-0.023247436934128715,-0.08217062228858443,-0.09327199638247503,-0.08627674932926002,-0.09150858577006189,-0.11909605817649843,-0.10932536817501749,-0.10078685248710859,-0.14094518931655098,-0.16079395114329115,-0.1547941014403275,-0.1713474559994984,-0.1640192251858076,-0.18248037012579713,-0.18856103971004312,-0.16328692007473458,-0.18446010264167872
AUT,ssp370,ukesm1-0-ll,-0.0078496933520125,-0.008375553725647796,-0.007811996663060646,-0.016407635202882045,-0.01529160054335613,-0.02276444423759105,-0.01750677883888048,-0.020887324299068685,-0.019500502513144925,-0.02584155227883931,-0.03267910674976975,-0.02549937956235722,-0.030473337091690117,-0.03476362522740656,-0.0348095788182974,-0.038173907479170065,-0.04222654158230778
AZE,ssp370,ukesm1-0-ll,-0.08327280081485644,-0.12013089930785566,-0.19154410411806094,-0.15754846096152278,-0.14270129578958915,-0.22340196645846558,-0.2901995943706904,-0.27356638555950996,-0.2913132613808654,-0.2939247386833083,-0.3503942976445804,-0.36791486626843295,-0.3399356609303196,-0.33728688796101947,-0.2990897114536595,-0.33116466928842675,-0.3486294048496193
BDI,ssp370,ukesm1-0-ll,-0.02342295547669897,-0.012624613516254735,-0.01545110128634771,-0.011493001277861091,-0.01343703486440365,-0.008803985018959484,-0.007099327244855003,-0.007598805280148048,-0.006536705899269552,-0.007633648503034905,-0.0063155950103007934,-0.006683492017990632,-0.005081519831054452,-0.0048342226005635295,-0.004073167216395351,-0.003911950944134098,-0.003914256154995798
BEL,ssp370,ukesm1-0-ll,-0.005512567202766999,-0.007327213612815743,-0.005307240652593247,-0.008917262236580204,-0.010359402731485572,-0.013620261951085715,-0.012519239980458572,-0.015781376881343262,-0.014290775288642444,-0.017267904965745057,-0.016881518637677183,-0.01600904486460611,-0.023112875310500797,-0.02179024882752822,-0.026034889995655307,-0.025390714437886482,-0.02166540712844074
BGD,ssp370,ukesm1-0-ll,-0.009222002358470746,-0.010581031953135395,-0.0063578647273446155,-0.00903539893859844,-0.015024760145839738,-0.009887342772039141,-0.011702696204094415,-0.011842240335837667,-0.01618748845140487,-0.01413823061004815,-0.012560689290026029,-0.012878587078312033,-0.01729087007400968,-0.014015037518295189,-0.015857889344447495,-0.016356143480660102,-0.017799280136753734
BGR,ssp370,ukesm1-0-ll,-0.23032112116290407,-0.3760171634718458,-0.33244883959139376,-0.609505150523261,-0.5491079521028319,-0.6574225445402949,-0.6451980833270949,-0.6986059999792964,-0.6571138216384536,-0.8174733362498859,-0.9337311152364407,-0.8985034792445643,-0.9788406761598846,-1.1286803900415916,-1.1060665076856986,-1.0990506107046474,-1.199665212929157
BIH,ssp370,ukesm1-0-ll,-0.04082767646400866,-0.03479435786087946,-0.03828606170037219,-0.07535929016499394,-0.0632477202000165,-0.08399497148887199,-0.06703555138034956,-0.08830689390646441,-0.07188018529733564,-0.10225346558532618,-0.10258295901762197,-0.10121203140496568,-0.11344328265566357,-0.1309218286524321,-0.13312520666940625,-0.1499743696594324,-0.165234167999023
BLR,ssp370,ukesm1-0-ll,-0.04212681651183583,-0.060841809991057864,-0.05335088521631998,-0.06038896913330939,-0.07588954570667378,-0.0744434544770701,-0.08013388372171878,-0.08985352459509031,-0.07111310388031135,-0.08407294996305748,-0.10499787478837411,-0.09810255634827218,-0.09187447858971565,-0.10390589904757547,-0.09901564592572504,-0.1098229831876652,-0.1031796759460851
BOL,ssp370,ukesm1-0-ll,-0.03782133742046695,-0.06814821075251358,-0.05258370989479024,-0.04595666952305893,-0.04440004927677361,-0.05004895779944532,-0.05000538447923863,-0.034759807204135455,-0.04913360986710087,-0.050603002894451785,-0.03963921051708067,-0.036820066706211206,-0.039168833923745844,-0.04027462238272381,-0.03480536256789827,-0.033747487035589864,-0.03473048950087095
BRA,ssp370,ukesm1-0-ll,-0.006940664650117733,-0.008434179440380328,-0.015265597302715605,-0.01523854941032592,-0.014321083439661474,-0.01461701328968161,-0.01981923135090136,-0.021483921945767547,-0.01904494502616007,-0.023001393774538848,-0.02707727419288843,-0.0271285960318368,-0.030153182624693808,-0.03590492502868102,-0.03646273278196219,-0.033378723217218235,-0.035260293636760455
BTN,ssp370,ukesm1-0-ll,-0.0026850783584370843,-0.000879088085930006,-0.0010195815481747687,-0.0009186801069164619,-0.0013599538586106233,-0.0009808308664232786,-0.0008932889018397729,-0.0008409033520863207,-0.0010229064651897152,-0.0010712290894801415,-0.0010464545677365473,-0.0009408900278393207,-0.0010238908450027945,-0.001044742224086732,-0.0010206629533574007,-0.001102803175235631,-0.001153791507691458
CAN,ssp370,ukesm1-0-ll,-0.10404972599355466,-0.09710204034637335,-0.08507201781214896,-0.06603635229806148,-0.1189555983572081,-0.10868608571969089,-0.12709862854212295,-0.12486326385593187,-0.1271952686756005,-0.11413753415993222,-0.14474441962904097,-0.1281714456514152,-0.12394338269651207,-0.12368476818851595,-0.12962352038614938,-0.1258091792990998,-0.12739163176735427
CHE,ssp370,ukesm1-0-ll,-0.0027934670315951106,-0.006107739450858366,-0.004200688758073672,-0.006627326916742948,-0.0075346823852984555,-0.009809186782045431,-0.008638698750659929,-0.010050909643044854,-0.010742299675601464,-0.013120421963272705,-0.012474882552536483,-0.012188089138473822,-0.014068576009044535,-0.015475850240522044,-0.019760967032951694,-0.018582152398807797,-0.018004531468543212
CHL,ssp370,ukesm1-0-ll,-0.008940585802238468,-0.012930691633333114,-0.010482539714785473,-0.010336896183126798,-0.013041490329191897,-0.02058012406453949,-0.02002724768441785,-0.019705611919424756,-0.01829159274282464,-0.02484106096783681,-0.021129707903061686,-0.021833146610760096,-0.02279606313328294,-0.03127429279664843,-0.02812353762223397,-0.03266829918942066,-0.032271113761311934
CHN,ssp370,ukesm1-0-ll,-0.024397603237980205,-0.05446323605148832,-0.04704865278571258,-0.051798624211085144,-0.056729453676352945,-0.06809450462229442,-0.06604283064095197,-0.07017501258541656,-0.08904895545484313,-0.08541801517387439,-0.09666753693999017,-0.10292458009546199,-0.10257480612492456,-0.1110634631997819,-0.1139397129876678,-0.1335909024481015,-0.14971003196838417
CZE,ssp370,ukesm1-0-ll,-0.04910019352315234,-0.058690222792779384,-0.04186197741405074,-0.08896598194002776,-0.07724634203447468,-0.12376041712088925,-0.09096025863306333,-0.10700608519406576,-0.09113163003581903,-0.11885948107467706,-0.1539564825839115,-0.11823693776714121,-0.14003681614229005,-0.155004343706602,-0.14916151176199174,-0.16324851337907578,-0.1804302446772222
DEU,ssp370,ukesm1-0-ll,-0.014926907896760684,-0.01590623485481777,-0.011277659036760384,-0.022052123611607674,-0.02360511391044142,-0.033162898571249474,-0.029748525172253768,-0.04674038380494776,-0.03169357145777537,-0.04264762816569193,-0.04872078913924652,-0.042227981282744693,-0.05421383706602705,-0.05689375409463638,-0.06463058804418843,-0.06544847950656564,-0.06404972032778816
DNK,ssp370,ukesm1-0-ll,-0.01718311213534398,-0.029437707276640263,-0.01899494136966186,-0.027513194551499646,-0.03250866844834758,-0.039119446347298234,-0.04220635911921067,-0.0485698633744858,-0.04183363942182076,-0.04996248719890117,-0.05714950566110939,-0.06284066314449464,-0.061387527147058,-0.0629833133317922,-0.06554354078693624,-0.06862497012404742,-0.0650384664236419
DZA,ssp370,ukesm1-0-ll,-0.02121301282125842,-0.11954881454328005,-0.09009651404920627,-0.17016194192895373,-0.12112926718059154,-0.18860939889002476,-0.13110794391451264,-0.16538804691005357,-0.18259015292855613,-0.19262387537522196,-0.17117949764300977,-0.11686408576276237,-0.14235793688196371,-0.14460490090376893,-0.14684567187941366,-0.14282085189990354,-0.1366839095238228
ECU,ssp370,ukesm1-0-ll,-0.0011669024598908106,-0.0011389422939755568,-0.000655477163692994,-0.0007220660225001465,-0.001054189838453153,-0.0010974241167670754,-0.0007507860931838976,-0.000961164834594597,-0.0008194453047957426,-0.0008727512110635122,-0.0008798838116660827,-0.0008420217790788168,-0.0006775971732555018,-0.0007992531286586113,-0.0007615102196919822,-0.0007529271943238536,-0.0007345068018403312
EGY,ssp370,ukesm1-0-ll,-0.10687043139170516,-0.0800929112713182,-0.06464091641611716,-0.06397815511670657,-0.05501877622476047,-0.04833443893882581,-0.0478649034569247,-0.0460093472463374,-0.045548558743092715,-0.04302182593934098,-0.042828397969927226,-0.04016427512866431,-0.03757569252831381,-0.037415218987664194,-0.03470026178675921,-0.035072808590712434,-0.03473429973616644
ERI,ssp370,ukesm1-0-ll,-0.3610513375186259,-0.3878402086106755,-0.5161225112642963,-0.2637760553722673,-0.32314899706548905,-0.5725149548193275,-0.5734029412295919,-0.44501091887190386,-0.5453332904642151,-0.5957918823281425,-0.4792913111348608,-0.5843728936109428,-0.6785216055063863,-0.6448790337958389,-0.6457844766203082,-0.6109578405835823,-0.6743031093454525
ESP,ssp370,ukesm1-0-ll,-0.011371662743112148,-0.015375839202727727,-0.025102099382082323,-0.02575826962285858,-0.03519625906920349,-0.038656777744423075,-0.04358511931726873,-0.05511036112550346,-0.052585646629338706,-0.0719030772256009,-0.06768570419463943,-0.06514942154618535,-0.07937184609055331,-0.0768818603567698,-0.08459498296994361,-0.08413425175212091,-0.083113983344722
EST,ssp370,ukesm1-0-ll,-0.055461300403390854,-0.10307924491790002,-0.07727811744294706,-0.08014410879348964,-0.12447063004957834,-0.10083409791658078,-0.12587195272202098,-0.1582044837821547,-0.11378789423890526,-0.12512975983245753,-0.1514315118920485,-0.16085854287855084,-0.15313524310916563,-0.17044652052486217,-0.16582941298827217,-0.18683583662349454,-0.1696815946745415
ETH,ssp370,ukesm1-0-ll,-0.15778808906140407,-0.14143896769878497,-0.2344377223889888,-0.14119978122024895,-0.13296043687083028,-0.1777965617656222,-0.12276244139222774,-0.11049720440781512,-0.1179559172388602,-0.11007506317916838,-0.09120844903600292,-0.09557592250859798,-0.09475910069527568,-0.07719273668755439,-0.08106342386000032,-0.06670011355069383,-0.0755663743619117
FIN,ssp370,ukesm1-0-ll,-0.005778831916205146,-0.01499809933020975,-0.008619337844246741,-0.009650018236544357,-0.01863316544741958,-0.01304409829551792,-0.016003995795409724,-0.01894190539685775,-0.019219824216100193,-0.016542646607108583,-0.02295586385768275,-0.02060564685675049,-0.020903088935865295,-0.02164872306475594,-0.022255703019748763,-0.0223931187574429,-0.020319104626756984
FRA,ssp370,ukesm1-0-ll,-0.023968196197295077,-0.02670683097720017,-0.03824606574184439,-0.03521319625368941,-0.039827109218921956,-0.048493748802458915,-0.047007068641368076,-0.06171171703728728,-0.05743126970612437,-0.07373222276833669,-0.06389024046250165,-0.06557119930223781,-0.09197102449032846,-0.0815008143276018,-0.08916014278325686,-0.09042026017593313,-0.07950863727253761
GBR,ssp370,ukesm1-0-ll,-0.006014138085929025,-0.011623690561894181,-0.012034302010411948,-0.009258018058950506,-0.010488724718901664,-0.020392797088803358,-0.012573171860782186,-0.019710343343831788,-0.01875021080181254,-0.017999965805213618,-0.017108076131863582,-0.019892182275278527,-0.027679397580225487,-0.021322593657867636,-0.023218211865978253,-0.02564517786391526,-0.0255310772389891
GEO,ssp370,ukesm1-0-ll,-0.01609103555333638,-0.02602255109569025,-0.03017478955705519,-0.03220383399411809,-0.02563314161145341,-0.031511074489242404,-0.042432437590463445,-0.04118703518667025,-0.04533671945097675,-0.04132223379766612,-0.049575273966939226,-0.05401374250968708,-0.04842091115471009,-0.051196739562605384,-0.048536290223521926,-0.047121534468304895,-0.05357471242106664
GRC,ssp370,ukesm1-0-ll,-0.011694330404747518,-0.039732980823992695,-0.026499498660697212,-0.04880037956497405,-0.035569503631794515,-0.04906888587787126,-0.04435709167527847,-0.054749353942974935,-0.061684406914531996,-0.05825918379516199,-0.06374356869800334,-0.05690702261138195,-0.06390116663473305,-0.07333636132583261,-0.07412349535240902,-0.07456272761440719,-0.07556864479716666
HND,ssp370,ukesm1-0-ll,-6.636819905379038e-05,-0.0001243488044993744,-9.581991768420633e-05,-8.597518069069308e-05,-9.792922396231925e-05,-0.00010179349427247982,-0.00011639637424093262,-7.305538780187125e-05,-9.164884221218372e-05,-9.833929220580984e-05,-6.898795712656195e-05,-9.134261652729897e-05,-7.256108941266888e-05,-8.010924542704272e-05,-7.790859497437387e-05,-7.151046408899878e-05,-7.044109845532981e-05
HRV,ssp370,ukesm1-0-ll,-0.04155876534574299,-0.23820352011067494,-0.2963632591991465,-0.6377659755705547,-0.578220353021028,-0.8587800394904008,-0.7408144712942993,-1.0095011744501237,-0.8244763522809615,-1.165850126917864,-1.2501320768825268,-1.2131308803209764,-1.4400195405579068,-1.6629388913988852,-1.5935018845188367,-1.9170807590171959,-2.055609517871051
HUN,ssp370,ukesm1-0-ll,-0.05969637341205419,-0.049027160450654694,-0.05795708701683915,-0.11666842795163503,-0.10665428671523096,-0.1519598684886201,-0.12532411944186445,-0.16355650378345196,-0.12396009801860465,-0.1707376031965957,-0.19592807695599934,-0.17914851750584224,-0.2037202207114605,-0.2367650401849315,-0.22037390930388667,-0.2504684341629715,-0.26390166700113626
IND,ssp370,ukesm1-0-ll,-0.11458080296123646,-0.11437577741811858,-0.09077188534078658,-0.13374942372844717,-0.09668216671346104,-0.15232096887710847,-0.12195624277340207,-0.11810899597063738,-0.14283985726688675,-0.18437667929938611,-0.14724126835137677,-0.17664792980537974,-0.22008600710608334,-0.18879180542295562,-0.21652724129485657,-0.20884737684796445,-0.23206802420908634
IRL,ssp370,ukesm1-0-ll,-0.0007368753344361854,-0.001948596857911121,-0.004265192343288675,-0.0031066311267950193,-0.0031783513777471893,-0.0036231949841269203,-0.003925593800191451,-0.005459915187650474,-0.006633325856273312,-0.006900177401423564,-0.006351935605888874,-0.00785175701724072,-0.009449156953665683,-0.009400266553525025,-0.010622886570506722,-0.011945532910104955,-0.011307252526244649
IRN,ssp370,ukesm1-0-ll,-0.031703080509882256,-0.016785966683136186,-0.026091151773068456,-0.023669392617002048,-0.016545998476278804,-0.02130813509976433,-0.023746717391174583,-0.02352302465881835,-0.022157126189849503,-0.019890202665140178,-0.024917419485703432,-0.02379447908883401,-0.024320165481991736,-0.02329152840296713,-0.021185340042145763,-0.02253640059550304,-0.024392709695393745
IRQ,ssp370,ukesm1-0-ll,-0.3514619381162939,-0.13998955479236408,-0.17001937194376038,-0.2220046061755312,-0.1200458680522925,-0.14315159226716942,-0.163229104740699,-0.16181140387746615,-0.17153241693196383,-0.14940487799771648,-0.1831019457343574,-0.16278269954512792,-0.15899736158811892,-0.1434940140208697,-0.13789216438279955,-0.12646801086251105,-0.12649174955845915
ISR,ssp370,ukesm1-0-ll,-0.001540989461475494,-0.0011760382077589566,-0.0012696531546685954,-0.002447146380758571,-0.0010431534245562474,-0.0012613460470669588,-0.0017254725154633756,-0.0016326305264923323,-0.0015577777347211925,-0.00112824234349573,-0.0012793211991134637,-0.0011424234384211764,-0.0012294943881198262,-0.001152380163236012,-0.001107498437007019,-0.000988869632055184,-0.001023016890115387
ITA,ssp370,ukesm1-0-ll,-0.00829059822614157,-0.009414112718308224,-0.012123305994164862,-0.01995192730436317,-0.019329787675103044,-0.02521449892664547,-0.02489744083495196,-0.029257590429259496,-0.031800049984678704,-0.039472904471461547,-0.04176842099529198,-0.03575462590112376,-0.041262148884758196,-0.04935388083262884,-0.05003352489841203,-0.05407840382703282,-0.053947360688003015
JOR,ssp370,ukesm1-0-ll,-0.005266793955377008,-0.006538647312148951,-0.0074186640889097434,-0.01186235126561557,-0.005288394571886523,-0.006438768690578469,-0.007409276349067825,-0.006770769911437088,-0.006490262335260044,-0.0046519075160234135,-0.005807529355813562,-0.005116691449625287,-0.004840728630105899,-0.004545109364991818,-0.004389289477759726,-0.004184071611045063,-0.004226102336355751
JPN,ssp370,ukesm1-0-ll,-0.000570207217206163,-0.0005590858343478263,-0.00073079966624482,-0.0008903553847928573,-0.0010034698987500712,-0.0014121777049156189,-0.001383274871842776,-0.0014307366408845077,-0.0016291808229044445,-0.0016526008180200356,-0.0018217440357426401,-0.0020840247480452168,-0.002215514818185826,-0.002679641720436713,-0.0026414386123272435,-0.002907234226876988,-0.003338711124097695
KAZ,ssp370,ukesm1-0-ll,-0.09833065627846631,-0.09310142284798308,-0.18338271432589429,-0.15545442346099836,-0.12461131337391533,-0.11467645303068323,-0.1409363137909595,-0.15429455131533495,-0.16222768866373416,-0.1840923364941377,-0.22874737435814568,-0.25450711763181433,-0.25030380589948686,-0.24621419904043576,-0.2415984073669242,-0.2614001304087686,-0.2613261961663993
KEN,ssp370,ukesm1-0-ll,-0.02003843915797719,-0.010513835145983353,-0.011908933531874133,-0.009354321854798611,-0.009769307954151594,-0.01500269205987023,-0.008890056146010458,-0.009553222536478147,-0.008616813899294352,-0.008607726776558055,-0.007568266962191725,-0.008243055536819496,-0.007790056967859005,-0.006940903616233526,-0.007379537314387313,-0.006369359592438243,-0.0067527143261909214
KGZ,ssp370,ukesm1-0-ll,-0.15169422588178563,-0.3029783256245899,-0.24425566865284554,-0.18193590878901178,-0.18022854832999002,-0.16846963584035576,-0.2391249308926484,-0.1819077177135556,-0.17171100188827,-0.13698518348312327,-0.1541298241572962,-0.14333871750400376,-0.14654858789302494,-0.14092867777323698,-0.12953915971125152,-0.1473094498082726,-0.13648681483514513
KOR,ssp370,ukesm1-0-ll,-1.83747044356221e-05,-0.0001405130030608647,-0.0001741040740065066,-0.00017629428371490993,-0.00015151783026584462,-0.00022863013861459838,-0.0001917573189519538,-0.00021671746386655433,-0.00024404695133591254,-0.00024790935797721497,-0.0002513666287015615,-0.0002895955049687426,-0.0003126376548170754,-0.00033236838862885586,-0.0003639911277223613,-0.0003944327853537888,-0.00040738193692447904
LBN,ssp370,ukesm1-0-ll,-0.007993278410124807,-0.00023488661419021018,-0.00026867363895669434,-0.00046275125561018814,-0.0001797444443680806,-0.00019705781049452083,-0.0003057244614738235,-0.00022000428768904418,-0.0002197977899423359,-0.00021449729492627152,-0.0002217873103828955,-0.00018158580050410612,-0.00022975767458819705,-0.00020661648725177987,-0.00024846459504033314,-0.0002158861960699455,-0.0002595214298792458
LTU,ssp370,ukesm1-0-ll,-0.21155320338480096,-0.4043398530702065,-0.276815343023801,-0.3632702262715335,-0.499958034205437,-0.5381698220689853,-0.5981051143285223,-0.7468601227918066,-0.6131110843491685,-0.7207287361687789,-0.931734400850235,-0.8631245425093543,-0.9000470925684678,-1.0584302285480762,-1.0917685047768568,-1.2219391763092509,-1.145103683111389
LVA,ssp370,ukesm1-0-ll,-0.16089143423157357,-0.32456435111841897,-0.230625958753022,-0.2658816520633058,-0.40914844560584623,-0.38182206290122633,-0.4711670951048724,-0.6483026411071228,-0.4711077295591943,-0.5502413445081645,-0.7227067451295747,-0.7173297000945207,-0.7110688223689886,-0.841041173100695,-0.8377947578657806,-0.9700072353901835,-0.9358198050012574
MAR,ssp370,ukesm1-0-ll,-0.023630881635052645,-0.08841823007356482,-0.09329217910161504,-0.07591890176903375,-0.0687588530263517,-0.0976100417630552,-0.07619409775160521,-0.09473405324337805,-0.0941943748005915,-0.10700044558332622,-0.09262826971284308,-0.07256220439111907,-0.09025655121070632,-0.08747507426547457,-0.08671801915442927,-0.08479745163203933,-0.08430104511650972
MDA,ssp370,ukesm1-0-ll,-0.12548174402476983,-0.20638732470343762,-0.2308173557771743,-0.3714400325459228,-0.325617101007986,-0.37251091235053896,-0.3724796350527553,-0.4411356181452824,-0.35569993339801287,-0.45144940372783227,-0.5404279479835555,-0.5467970263652336,-0.5811408855995045,-0.6525778845719122,-0.6079477635942947,-0.6557888234012172,-0.6504109265116694
MEX,ssp370,ukesm1-0-ll,-0.007248434430197551,-0.010266120291729477,-0.011196572976138491,-0.01124106498385921,-0.01270053319610459,-0.01421817933354809,-0.016259214191704455,-0.015772098896907793,-0.017235193691994565,-0.015207769947695656,-0.01764500648155836,-0.01815682467270828,-0.01687973221124221,-0.01877765312156607,-0.018177785592541136,-0.01889112374576631,-0.019069422993271072
MKD,ssp370,ukesm1-0-ll,-0.06272308940992785,-0.08280696592141193,-0.05298247852012912,-0.09688833453229714,-0.07350852551084801,-0.10013583250999543,-0.077375352469339,-0.10861597057033613,-0.09271693014627011,-0.10944223612174576,-0.11948702674734288,-0.11785476191295545,-0.11348797955315672,-0.14950172714071888,-0.154808414057042,-0.15707885840127894,-0.16121504941828316
MLI,ssp370,ukesm1-0-ll,-0.025169741624508662,-0.022876710403808218,-0.019965216931228096,-0.015797227220880363,-0.015782643868836117,-0.013372057858361978,-0.011461875232322213,-0.010508698462184432,-0.010236337328821296,-0.00884129158544473,-0.00791522618574014,-0.007458418956526048,-0.006853224022232846,-0.0062560257671341836,-0.0060064549750218025,-0.005505607126660516,-0.0054481124310386195
MNG,ssp370,ukesm1-0-ll,-0.07920961948647717,-0.053535560379858606,-0.06389838774706677,-0.05388015705446095,-0.058876533977662925,-0.07210874921984779,-0.05923034460807203,-0.0752867807636743,-0.05423272376271828,-0.05545905394354011,-0.05490838749716549,-0.056323661909849734,-0.054452544681906266,-0.05992055740483105,-0.06231480652496499,-0.063461577848947,-0.06367641793049474
MOZ,ssp370,ukesm1-0-ll,-0.007329187032998415,-0.006734822287101431,-0.006364820289725775,-0.0031773241563451712,-0.004386594682797263,-0.003314120474988858,-0.00266345629320717,-0.003613524842620211,-0.0029527845781408307,-0.002546817730441008,-0.002173447429126345,-0.0019005081824652798,-0.001800658431003126,-0.0022331325161289266,-0.00211695612795031,-0.0017614107049355647,-0.0016229307088451823
NGA,ssp370,ukesm1-0-ll,-0.00023886635631710238,-0.00048691068878775785,-0.0002678703623267695,-0.00030462622704305255,-0.00030386141783508055,-0.0003626458843992334,-0.00023856188753572824,-0.0001698324002395297,-0.00021517811948009992,-0.00020316609232011337,-0.00011129214710280496,-0.00015083898994009602,-0.0001455562854227996,-0.00012132975679728289,-0.00011128033824478898,-9.743082418296739e-05,-9.392247288002905e-05
NLD,ssp370,ukesm1-0-ll,-0.0022485102513382545,-0.0029376492945729334,-0.002138972176561856,-0.0032830635815830995,-0.0037956348809762893,-0.00551775013915444,-0.0051232915196229335,-0.007340798593971962,-0.00532389772963166,-0.006757284906394432,-0.006703023083456281,-0.006448565386715575,-0.007971757093071435,-0.008275960977748159,-0.009706566361198751,-0.010195998664439463,-0.008948005071601239
NOR,ssp370,ukesm1-0-ll,-0.0031150331254617323,-0.0053856412590293735,-0.003573461602968988,-0.00271723681988454,-0.0051722901608719,-0.005136040764767328,-0.005915123360501311,-0.0075684058624253935,-0.007106464030742459,-0.007336455981331867,-0.00779266234656898,-0.008155461309724795,-0.008188227986046737,-0.009142375699630676,-0.008139742910786757,-0.009849661061481205,-0.008773691430212678
NPL,ssp370,ukesm1-0-ll,-0.1649489049819501,-0.16905024060589072,-0.14592788597238332,-0.1729888776733668,-0.20214082103856557,-0.2346019733313364,-0.23465782644477998,-0.19973644900469634,-0.2548734733555127,-0.25269785999073563,-0.26178028954077437,-0.2625413068708974,-0.27810077212920725,-0.27871146821750586,-0.27626549296093783,-0.28007952983855056,-0.26716955107361523
NZL,ssp370,ukesm1-0-ll,-0.005869381118180237,-0.0039952547852482,-0.0043048947810897615,-0.005209077855625151,-0.00686578019791662,-0.006477978983313722,-0.008120506219006644,-0.008366108119154132,-0.00939533770364454,-0.009726234337306697,-0.009706924936091882,-0.009888285558449747,-0.00928931470660547,-0.010286975874647773,-0.00924352330339698,-0.011409651192430528,-0.010971714834341688
PAK,ssp370,ukesm1-0-ll,-0.3064879045851893,-0.1349705736364642,-0.13338270148430287,-0.1844680838158221,-0.11717161497921202,-0.1486044389042393,-0.12374959346120364,-0.15607347107533875,-0.16692481806322518,-0.16026220118964266,-0.1345312920261472,-0.14092086570751527,-0.13359642521717546,-0.13611417989447583,-0.12773848164293597,-0.12266587059654008,-0.11728361085824571
PER,ssp370,ukesm1-0-ll,-0.005532237946050103,-0.010355785315435656,-0.00626727876293042,-0.005448571169090048,-0.005896937304929895,-0.008463201180569525,-0.006037004585765333,-0.005575666580995084,-0.006196195098107062,-0.007932103703431734,-0.005931968388738772,-0.0058479912146161646,-0.0062360045141306945,-0.006261287700383752,-0.006340427652130984,-0.00592555670964664,-0.006057248409657702
POL,ssp370,ukesm1-0-ll,-0.043437974065857955,-0.059575328265698946,-0.04490114937879168,-0.07274708866155494,-0.0891908068802563,-0.10939932709997086,-0.09742265420204894,-0.11566740596964717,-0.09882578182708478,-0.12076335173763415,-0.14795036201616107,-0.12687113331915856,-0.1395870140453434,-0.16194252251355634,-0.16582133898700518,-0.1777137322811092,-0.17097225684083833
PRT,ssp370,ukesm1-0-ll,-0.0008732257290154787,-0.000639627233365145,-0.0014015031873770428,-0.0011024386575681773,-0.0014674767413119252,-0.0015822156512412902,-0.0016498339351699652,-0.002593383791386491,-0.0025331224999462646,-0.003169427567006085,-0.0032479206431376257,-0.0033014803236021415,-0.003910542621808474,-0.003663064833627486,-0.0038480815428146215,-0.0038774860883697823,-0.0037875378915979857
PRY,ssp370,ukesm1-0-ll,-0.04063029379773477,-0.012577000803576632,-0.03429076546977602,-0.03716400379788535,-0.029284686372060213,-0.026044729988073625,-0.03567519493787251,-0.03604822741189627,-0.025992300150367503,-0.03355177868051816,-0.03679722702281566,-0.030509311915244707,-0.03538792621293709,-0.03617893907797578,-0.03456571315576411,-0.029807846712214633,-0.029801458768496616
ROU,ssp370,ukesm1-0-ll,-0.0692947290733545,-0.10689760839287302,-0.1250629019127007,-0.23119133125125935,-0.20922941374356155,-0.2791091580101966,-0.2705927783446177,-0.30766472818535684,-0.286469182415747,-0.3788784205156206,-0.45588986211174753,-0.45545172038379944,-0.5081136249852325,-0.5986579613362341,-0.6028850117526943,-0.6600102869920922,-0.7023493993914596
RUS,ssp370,ukesm1-0-ll,-0.11204486479913965,-0.1443564839341049,-0.20163319291952939,-0.21691974816703394,-0.22716052016462923,-0.19496189746070802,-0.22997111303235807,-0.27076858684302724,-0.25299943445610956,-0.29450670415447644,-0.36738754513674515,-0.38569561117846163,-0.36078787418648317,-0.3808858293704942,-0.36892567752017447,-0.404750317894287,-0.4242126080638126
SAU,ssp370,ukesm1-0-ll,-0.011106028318535285,-0.018072169219278504,-0.023489296753336924,-0.02261831062872154,-0.022984515689736543,-0.02200712594027479,-0.021932960054386264,-0.02381570549604411,-0.02476160878370217,-0.025165998131215225,-0.029038794724573814,-0.028412534351668777,-0.030015557106651394,-0.03051017615602333,-0.029430967142700513,-0.03048988229133373,-0.031074710745165803
SRB,ssp370,ukesm1-0-ll,-0.10687632552371817,-0.14288645380226359,-0.14984075255396284,-0.31768963875636436,-0.2922815143713278,-0.4045578452975119,-0.34210816932621096,-0.4246342618242866,-0.3507738206168548,-0.5002409497231104,-0.5588171873261516,-0.5384688236381404,-0.6014392749003783,-0.6944278361668129,-0.7164687502120944,-0.7902353124861607,-0.8351349928251918
SVK,ssp370,ukesm1-0-ll,-0.04501525935775491,-0.04424942685026608,-0.04218500669117113,-0.08111032195458705,-0.07381168339399838,-0.10035745609390744,-0.0823901136788246,-0.09600017581144481,-0.08211968870940765,-0.10212251591583338,-0.12744753794755204,-0.10398852764453513,-0.11001235994201981,-0.13764396988762018,-0.1221313762976996,-0.12843273781199185,-0.14167408701574552
SVN,ssp370,ukesm1-0-ll,-0.010523496496635575,-0.005215406682963191,-0.006329210614218436,-0.01208698894533718,-0.011391950109912456,-0.016069878610469802,-0.01320017358051306,-0.01594302318767873,-0.014780991216359014,-0.0192516919904776,-0.021932666911174892,-0.01887598321310278,-0.02051614984688303,-0.023417404724515062,-0.0231564720747925,-0.027096998670751726,-0.02859565788874329
SWE,ssp370,ukesm1-0-ll,-0.011784902409461733,-0.017078331204486756,-0.0092575631537755,-0.009872664248147625,-0.016999450851396827,-0.01673387414808039,-0.018181323146242143,-0.023530622735810622,-0.019597947070758473,-0.02063297652501321,-0.02409784496725361,-0.022938571718105344,-0.023945693171261294,-0.026083822432716307,-0.024332611111696385,-0.02850771796030739,-0.025834742618601764
TJK,ssp370,ukesm1-0-ll,-0.1427985518995132,-0.20164611715995118,-0.18092418190896953,-0.15029182608780353,-0.12091308435167052,-0.12995499825446644,-0.1680597246484198,-0.12886996925931823,-0.12337710268326453,-0.0883214215725269,-0.10724597711259756,-0.0958383712158002,-0.09525918690312184,-0.09227896157030105,-0.08369384565136974,-0.08726641185779432,-0.08061927515975144
TKM,ssp370,ukesm1-0-ll,-0.1443423555278294,-0.19239892284375645,-0.17312437379718876,-0.16490906189465054,-0.12537502051214125,-0.14531884633990103,-0.14287416451793608,-0.13666663080137004,-0.127220325691508,-0.10971689053109819,-0.12941994703778412,-0.12596345674632373,-0.12679255692242772,-0.1254297264073265,-0.12329497188231957,-0.12931107696719782,-0.13568874724682065
TUN,ssp370,ukesm1-0-ll,-0.0355915253664978,-0.09168988875240099,-0.09481350552070636,-0.1282256027763701,-0.08938262000858888,-0.09747093151617418,-0.061559259475078246,-0.07968186686774134,-0.08456190605618687,-0.09451700411976714,-0.09140426078845576,-0.06114658267038679,-0.07631458328661729,-0.08522405837124501,-0.08456261231972796,-0.08332520170377945,-0.08620350214256213
TUR,ssp370,ukesm1-0-ll,-0.03174927774104343,-0.011597022385943352,-0.011876207209853114,-0.022758441722215455,-0.011987728588609012,-0.01639549972962676,-0.021689973337441097,-0.023438053023339202,-0.0251172424617515,-0.02528955764326837,-0.028235232907521085,-0.027623209266833773,-0.030101396035643477,-0.03193207803044058,-0.033866464710438006,-0.033395206282149065,-0.03880504159417666
TZA,ssp370,ukesm1-0-ll,-0.006544577641494324,-0.0036158237699327475,-0.0038506254058996436,-0.0034891376720353963,-0.004836009995544712,-0.004040661935525297,-0.0038155125257893037,-0.0027233036611477687,-0.0026567234248472916,-0.0029693434176083504,-0.0022279208082242375,-0.0024004831632373678,-0.0019224810559468747,-0.0019512271709664238,-0.0019106577650862616,-0.0017613527303207725,-0.0015631559403961129
UKR,ssp370,ukesm1-0-ll,-0.359347721311912,-0.3194452308241428,-0.31972535625090687,-0.3931143213434503,-0.4097809345156923,-0.4219187772516396,-0.3923055906784604,-0.5113290266969605,-0.39338487520106596,-0.4848719105884935,-0.5783163573699934,-0.5514645590105414,-0.5345884786008473,-0.616404288897169,-0.5400179636154502,-0.5972191107411988,-0.6089773062006724
URY,ssp370,ukesm1-0-ll,-0.023814912557464464,-0.02549473911143949,-0.0500015568750834,-0.053930443911694215,-0.05522848623096526,-0.03801238065697739,-0.04582930633687245,-0.05959870545069952,-0.061361535046648645,-0.07143152845236773,-0.06431729969578774,-0.07079896592829284,-0.07545217171209082,-0.0810027276786391,-0.0842388478955768,-0.07602350277717791,-0.0923277755552947
USA,ssp370,ukesm1-0-ll,-0.011114936931136882,-0.010632521151478105,-0.010019808993323614,-0.009420948218082164,-0.013379406854217176,-0.012926376105554197,-0.014324908787443762,-0.015552226599272708,-0.01724304187497172,-0.01504407875244636,-0.017467061841769136,-0.017442977805942055,-0.017928107469371915,-0.01812635236940217,-0.01819186062460209,-0.018903252527177748,-0.01892557537693427
YEM,ssp370,ukesm1-0-ll,-0.01955791825055178,-0.006906914316592702,-0.0058906273949328545,-0.0041344480449991335,-0.0054317073547334414,-0.006618131917151255,-0.005559649958847978,-0.004180693505989741,-0.004657210609172204,-0.00478697098668722,-0.0034885916201570864,-0.003570402887655334,-0.0037110588633896156,-0.0035569229592301447,-0.0034647049155221454,-0.003079891606893805,-0.0032510984064093294
ZAF,ssp370,ukesm1-0-ll,-0.019062829330420323,-0.02365130988494819,-0.01388910237226746,-0.018169145908775258,-0.02286382119832881,-0.023986405289896668,-0.022466588002885403,-0.026298758960698606,-0.0264933332705923,-0.02879320998741689,-0.026605659134398003,-0.022103963807252446,-0.025653709566784737,-0.02776456709302925,-0.028749808357043917,-0.02592225164077319,-0.028353190329422573
ZWE,ssp370,ukesm1-0-ll,-0.16136250482399317,-0.1311294680594534,-0.1325217022384434,-0.06916758156085831,-0.11079381245304357,-0.137546023517281,-0.07440261767675406,-0.11734141513451739,-0.1095424877643717,-0.09854576700155027,-0.06494828286654586,-0.07116349882899409,-0.059041269282871324,-0.07000893297576762,-0.06427358145354313,-0.05906015159840869,-0.058222482499426104
