country,ssp,esm,2020,2025,2030,2035,2040,2045,2050,2055,2060,2065,2070,2075,2080,2085,2090,2095,2100
ALB,ssp126,gfdl-esm4,-0.046762303903928486,-0.11607475728147795,-0.09093795209473197,-0.05974817172066292,-0.029926418620230388,-0.023841932344267673,0.010009388664760626,-0.026017538980255467,-0.021809067550816644,-0.029007897301977423,-0.0425477280548864,-0.04147537221947952,0.00681253178792434,-0.11374011824148926,-0.03515582922880007,-0.07651483082046091,-0.02564773863225002
ARG,ssp126,gfdl-esm4,-0.0019063263364898428,0.0005350497851010005,-0.0004405082988889938,-0.0010044854065897457,-0.002464703640803857,-0.0003964929971533652,-0.00018388936654000558,-0.00019548974449321786,-0.00013284720972501807,7.042596687696412e-05,8.579078806849103e-05,-0.00016782468325018618,9.434583494047249e-05,6.0834341957485746e-05,-0.00012889509128349668,2.283871321461681e-05,-4.50918112228463e-05
ARM,ssp126,gfdl-esm4,-0.009330362129759464,-0.012669321119465643,0.0007542427552934502,-0.04813168549966351,-0.013668119138446951,-0.0058629060801153364,-0.01705311188320106,-0.02873498207247028,-0.01199129787671972,-0.036613752946061534,-0.01293773611627712,-0.02836368033965774,-0.014282847125577166,-0.031992154089137435,-0.009151071237780814,-0.007737240665312269,-0.015268737409737573
AUS,ssp126,gfdl-esm4,-0.010647083828060322,-0.03300194244312678,-0.03870926471661206,0.0022828670359954545,-0.013963176479999673,-0.048843484745708925,-0.031391424281848636,-0.044505448390061195,-0.042868714637821645,-0.040561958275744825,-0.014650582413200166,-0.017024512060620518,-0.007278588060161422,-0.013428492253309615,-0.018572333673248075,-0.0041477238198468595,-0.0070810061068556345
AUT,ssp126,gfdl-esm4,-0.005526317349068252,-0.004059512372258274,-0.011518173868053039,-0.005369957296485561,-0.005571696591677464,-0.002067358411136131,-0.0015657418542963982,-0.0020774107059287543,-0.0021723642800923247,-0.0008578939781194366,-0.005640925764099048,-0.0011255155569507664,-0.0008470016713129009,-0.001771890143839954,-0.00215447491841039,-0.0018033486768597041,0.000130757917387678
AZE,ssp126,gfdl-esm4,-0.061393858166182154,-0.07607526773688249,-0.015210703322678177,-0.13221007017731157,-0.03567546610977387,-0.03604378581044442,-0.05508402125875113,-0.056741441732779764,-0.029629813724226423,-0.08399294693398576,-0.024508599495407977,-0.05241427480419698,-0.031105801966503876,-0.05816380844669035,-0.01689179459791564,-0.014696883283950185,-0.03274980904930954
BDI,ssp126,gfdl-esm4,-0.026248452788607893,-0.011289315980469753,-0.0016950934897782838,-0.004249724333853311,9.164134967863822e-05,-0.000389266506854765,-0.0003139920585886884,-0.0003159449209236432,-0.0004199075307074826,-0.0012779023763269696,-0.00033972433127678336,-0.000364773983780051,-0.00019669377725918338,-7.518799236179804e-05,-2.3858419727938326e-05,-4.401819816159631e-05,-5.130306089015139e-05
BEL,ssp126,gfdl-esm4,-0.0005386515903262315,0.0009117353407145382,-0.004469165468742954,-0.0020927552664008497,-0.01286172336863319,0.0009463647606147631,-0.001908366410531287,0.0002745047928491629,-0.0023085223579053043,-0.00231027027104299,-0.0036179833395812463,0.0003376405728752558,0.00047287169606233676,-0.0014685181171171715,-0.0016496976768375505,-0.00045739283427116847,-0.0003696896530133704
BGD,ssp126,gfdl-esm4,-0.0018136650117242538,-0.002335711823814676,-0.0012325823865648384,4.117347927307204e-05,-0.000662886830280164,-9.969798719844259e-05,-0.0006125620914656143,-0.00028850535995098654,-9.85467466735048e-05,-0.00023640821034836198,-0.0003865112959453247,-0.00022991853329769226,-0.0003201692598906389,-0.00010328276534402141,-0.00033740249874560535,-0.0002300381317464905,-0.0002978127682661133
BGR,ssp126,gfdl-esm4,-0.23121012028371568,-0.5607212529077907,-0.29290265860283926,-0.16269388888558353,-0.10063542012705273,-0.19944690468893597,-0.03495384931541453,-0.10716442169152039,-0.1554191590526906,-0.05689830253581363,-0.16065041106409397,-0.32719626222272125,-0.004924418077632051,-0.3990496685549545,-0.10233806123544148,-0.14104685849855883,-0.057857166931091254
BIH,ssp126,gfdl-esm4,-0.0525683657381455,-0.048511793216700044,-0.05034507930034646,-0.024914324836474752,-0.017338944304953807,-0.006479439037231741,-0.006179869473027318,-0.01910630745556038,-0.009344626574271379,-0.0003745599713381662,-0.026264758757828723,-0.02163324141032331,-0.002224469586111151,-0.040147237705722136,-0.009030349052515648,-0.04679687435895609,-0.0024644577044511547
BLR,ssp126,gfdl-esm4,-0.037483350843661015,-0.025670371298780612,-0.004677424771395555,-0.007865610514607744,-0.010520101300585586,-0.00927597528290707,-0.009511174119981992,-0.0072295625670440854,-0.007661778716732299,-0.0027486677053237254,-0.009503381982826416,-0.004714906451139991,-0.0038020696401024805,-0.007258419453558905,-0.005483495651930479,4.881645579518798e-05,0.00012405964330436687
BOL,ssp126,gfdl-esm4,-0.004337192714586046,0.004564315423066224,-0.009131264915003096,-0.03257838345360048,0.0018619446730790315,-0.0026553391628502533,-0.013959275546762129,-0.007325804725162908,-0.010481914247637841,-0.0009456021183818078,-0.00111237757758814,-0.0039034567759206984,-0.001265046360725217,-0.0003317929681725915,-0.00871748014216571,-0.0002569767226960631,-0.007587968665338575
BRA,ssp126,gfdl-esm4,-0.005328889216381473,0.000464392020295964,-0.0011027085518941352,-0.012704560060606546,-0.0026237343244887097,-0.003379165432697207,-0.0034910164070693483,-0.0014818924054776847,-0.0009261406712301231,-0.0002639621670275855,-0.0003515128318853235,-0.00029935539326463154,-0.0007499290531895606,0.00022816508214248632,-0.003361852549594988,6.166003818324288e-05,-0.0006029349418725162
BTN,ssp126,gfdl-esm4,-0.00171884291085118,-0.0004694752082661824,-6.016058867087037e-05,-0.0001498287071990122,9.110256205251797e-05,-6.198615010009861e-05,-1.8920480322924736e-05,1.391519360199381e-05,-2.46853306465268e-06,-3.253786733011922e-05,-1.98721687740136e-05,-1.1034390068050874e-05,-0.00010638748419628282,-7.73627260321505e-05,-3.085636239328727e-05,2.9779259597855006e-05,-5.518755297802643e-05
CAN,ssp126,gfdl-esm4,-0.029495184491222,-0.0052523364298743755,-0.011536856923779112,-0.0676063913860209,0.0007437253969300541,-0.007066210978290959,-0.027695628779111345,-0.01664001957590715,-0.019538189649356923,-0.00754837209866723,-0.017599765100354433,-0.02350682026383684,-0.010440893778741477,0.0026401594611358075,-0.010871336402596478,-0.035872520990112976,-0.005847870864547605
CHE,ssp126,gfdl-esm4,-0.0008278367889944775,-0.0008091462455864144,-0.003142738766598727,-0.003346444750328996,-0.0019054363129800624,-0.0009015585694555915,0.00042458882026459886,-0.00030298571454940464,-0.001966695503033365,-0.0003409770143802003,-0.0018839857057692184,-0.0006245664348467577,-0.000319161403117012,-0.001077470404123832,-0.0005450073644059715,-0.000500373713957713,-0.00046946796812907506
CHL,ssp126,gfdl-esm4,-0.004510452607308668,0.0019467413725933681,-0.002365294352805884,-0.002387861504109254,-0.00048101850480526345,-0.003548346721999163,-0.00168150482363569,-0.00024985657993837067,-0.0005661478699656926,-0.0012234008574444036,-6.03227747740077e-05,-0.0004301061274947253,-0.0005985017052062791,-0.0008387747695386167,-0.0009343337206047179,-0.0004442156876878969,-0.0007756626542845642
CHN,ssp126,gfdl-esm4,-0.011732742519030268,-0.007987561258505567,-0.00870518684100711,-0.009757665653872006,-0.010042397136421365,-0.0117201769392649,-0.013648218489871564,-0.010627988738631996,-0.006871852223416197,-0.007942939919108353,-0.010449150668097732,-0.006021951621423369,-0.007803818128759577,-0.00873794253869145,-0.004428691005081814,-0.006246979777560882,-0.007759452454610042
CZE,ssp126,gfdl-esm4,-0.04219599641975439,-0.008112645436402336,-0.045166293606232706,-0.026247812412756876,-0.02594976050601653,-0.007132291138816144,-0.0019577597067737653,-0.0012852322866665825,-0.010570906744725295,-0.005853975013742409,-0.032262278732431,-0.004381684459062935,0.00041943977709123226,-0.0054365847689363525,-0.008631112876431951,-0.01771999047130634,0.0017736189052874282
DEU,ssp126,gfdl-esm4,-0.0075752240063960835,-0.0006276953805895068,-0.010361931593682133,-0.008681699018229506,-0.011942430806588447,-0.004617546265065329,-0.009108573229919092,-0.0011694557024780961,-0.011123032717420139,-0.004251854482017214,-0.018803527533576073,-0.0010855334787749755,-0.0009572696248707702,-0.004064385960239464,-0.002094200891294928,-0.0022863493371681645,-0.0013958837980366575
DNK,ssp126,gfdl-esm4,-0.0021963719609533012,0.00010408367027219342,-0.0017808215829257094,-0.007881199625098574,-0.011432022535089457,-0.004135954764749468,-0.003347441132606639,-0.0006963635575121675,-0.01280227507094462,-0.004792112183881406,-0.006638587015093286,0.00039172596874664827,-0.007246502058899212,-0.005898463570700959,-0.002950823295648568,0.00020546764431805665,-0.0026104411736763175
DZA,ssp126,gfdl-esm4,0.02171791859765735,-0.21232315661363577,-0.1708603043706451,-0.07044825625016743,-0.028275650860572172,-0.019684400786156738,-0.0011559893637568142,-0.0001275793553345406,-0.021243065283992862,-0.014923696240075354,-0.03494508603861334,-0.017779205699047885,-0.004441270268536907,-0.028944320363114538,-0.017212582152547416,-0.009084573702755836,-0.012636282769738896
ECU,ssp126,gfdl-esm4,-0.0012652131786352755,-0.00027254055601480927,-0.00032449028123133355,-0.00015719194928056975,-0.00020320527397758642,-0.00026859614615311615,-7.82869397694451e-05,-0.00014710452680971278,-0.00016396707625917546,-9.997645892123437e-05,-5.70616342688401e-05,-4.205414551663619e-05,-7.114668940077688e-05,-3.0958739875221044e-05,-3.510765035853176e-05,-2.7110116963367028e-05,-4.804520605883443e-05
EGY,ssp126,gfdl-esm4,-0.029165618177976377,-0.011459493693528486,0.00044324141952978806,0.00023944192594094947,-0.0007099557006699294,-0.0026257033235010056,-0.0035819893281261303,-0.0020275456994611517,-0.001960193443677562,-0.001285621708731218,-0.0014796918244921829,-0.0014302650386182568,-0.0008712446859283087,-0.0005418622405940023,-0.0014254789370131851,-0.0009262431345653235,-0.0008218483720137857
ERI,ssp126,gfdl-esm4,-0.5043860942240473,-0.1170522304266845,-0.15371936887918636,-0.09918059248283811,-0.2179946993513265,-0.17647833789562595,-0.08537240200557598,-0.20184042782545888,-0.07469269841567044,-0.13747260977695586,-0.08996810708642933,-0.0788621136119736,-0.06803480833637242,-0.014788406065070633,-0.04855538757941654,-0.04526720645523152,-0.05465570373304077
ESP,ssp126,gfdl-esm4,-0.0003357521186796833,-0.018363412447834713,-0.04287919582269185,-0.016991577029879062,-0.013206648092123786,-0.010211789094150417,0.002376674881025809,-0.00794654221086083,-0.009059530088616308,-0.007978182962937161,-0.008124614835587591,-0.013103099840726308,-0.010534234525240946,-0.011775304206357558,-0.0011278384390338199,-0.004586972419607688,-0.006075522339421714
EST,ssp126,gfdl-esm4,-0.09608136166680058,-0.03825336671504262,-0.01978514060184129,-0.02018739709861935,-0.021918600379190318,-0.0113339676817237,-0.009436257696277695,-0.02972833622562528,-0.021954678251841307,-0.01573600577026981,-0.029513068571313222,-0.004769214456891985,-0.016757125463758536,-0.015486432487197974,-0.007316708253143083,-0.0024652111302677034,0.004167643755060024
ETH,ssp126,gfdl-esm4,-0.3528880640721518,-0.04344115549762455,-0.020760384285530648,-0.03680131943729854,-0.01139268951674726,-0.009337058355920408,-0.01420191899131886,-0.008967132760480908,-0.008561717363265347,-0.007044858649318351,-0.0031458610043249126,-0.003832296455905452,-0.003010730536680215,-0.0025080636884285377,-0.0037589861918038464,-0.0014545427404439014,-0.002569026302143552
FIN,ssp126,gfdl-esm4,-0.008390610613941729,-0.0035888204309089023,-0.0015126558142477943,-0.0032367404095060043,-0.00414274711383168,-0.00024824496439192494,-0.0029566667445669334,-0.011871025055492875,-0.005353308595513546,-0.009898029120441078,-0.002785690330555865,-0.0011554201093271546,-0.0017467589025786812,-0.0010183358721284072,0.0002623740100236829,-0.0038359584341216145,-0.0027350245416176214
FRA,ssp126,gfdl-esm4,-0.004532926234611045,0.0012808439862788028,-0.03885840037667223,-0.020246344717767675,-0.04335328766558285,-0.000386121433137434,-0.004617494932384142,-0.0007035446925381549,-0.01066171375846782,-0.007995171731609324,-0.019196634138428034,-0.005955300008086908,-0.0038138617668389777,-0.00569596585339719,-0.00018401837730418167,-0.003974046036098063,-0.003568764512198891
GBR,ssp126,gfdl-esm4,-0.0010179487457716153,0.0023947976427497937,-0.004200203358895594,-0.0005943896174655915,-0.00849438497302878,-0.00024019611242912913,-0.007685512815639428,-0.0062621509515996985,-0.002119099126926998,-0.004231110613376709,-0.007077096426826559,0.0003830476891110781,-0.00022936717230733367,-0.0011701216861737171,-0.0002529160721435013,0.00033074862345631035,-0.0015533006123235641
GEO,ssp126,gfdl-esm4,-0.003172808715549587,-0.00711419584652278,-0.008044520817516864,-0.0033951475007339845,-0.0063938211544366606,-0.008086224608914502,-0.006621376873344528,-0.013937008462026364,-0.0052899973709608665,-0.013614973658892715,-0.004579530163196325,-0.014351749069555154,-0.005565188119030886,-0.011121272319047618,-0.006631571204450975,-0.004071047877747684,-0.005701597191262336
GRC,ssp126,gfdl-esm4,-0.015700004406581643,-0.027198730800290123,-0.015332821810321674,-0.010553327841044078,-0.0025362969114719473,-0.007617707436985969,0.0010056014565275272,-0.005749155166739523,-0.008889872244023876,-0.005516746520604637,-0.007841273200856275,-0.016628343273075018,-0.0005832355259044761,-0.01788172704814416,-0.0054101104246057395,-0.006658616050137816,-0.0015584054295884708
HND,ssp126,gfdl-esm4,-0.0002119680816934045,-1.8013886866233943e-05,-4.1328277119529914e-05,-1.2766405026981945e-05,-9.912545900340642e-06,-8.817020313597959e-06,-1.637263078699439e-05,-1.6332574564140584e-05,-9.494441738240988e-06,-2.8755584584790788e-06,-1.2010673155868091e-06,-1.4631723711212835e-06,-1.7859438150837035e-06,-2.9432409072482856e-06,-3.699465722795325e-06,-1.4840318834126537e-06,-1.2328472901440332e-05
HRV,ssp126,gfdl-esm4,-0.0341220828603488,-0.3851429813304357,-0.39326232809661615,-0.21712941619361845,-0.17369843386308104,-0.06372934470608672,-0.0894295727962988,-0.17198444672193855,-0.10292394259747953,-0.013174405368647214,-0.22325251018798214,-0.11707108104930238,-0.04150498851302208,-0.28086276991867104,-0.06531299769473038,-0.15151320329052323,-0.010315924573851916
HUN,ssp126,gfdl-esm4,-0.0925291063849423,-0.09902897310167631,-0.08792991870122573,-0.036054272749031335,-0.07325546708645135,-0.02301634036191006,-0.0125716667095226,-0.03106444162120163,-0.02303940125342333,-0.004617672594723427,-0.057223308229799874,-0.017186446816357313,-0.006735106185303436,-0.028916152221541914,-0.010853743129607837,-0.017092812988537882,-0.0027731883502273677
IND,ssp126,gfdl-esm4,-0.04943951896966782,-0.014936304965320108,-0.011376178085143695,-0.004073026877715126,-0.007905585091365162,-0.01697146776513431,-0.004067636711959063,-0.002717229462241528,-0.005443768863014257,-0.0035117965053602404,-0.0024975277366716137,-0.0004741836521936406,-0.0036602405432693778,-0.0011441241587162863,-0.00615074394576144,-0.0026627574970897634,-0.0019207658783056997
IRL,ssp126,gfdl-esm4,3.091048544026317e-05,0.0007462310351357807,-0.00047584978579095843,-0.0002104444982524351,-0.0010323007770224487,-0.0006690461207141062,-4.7467906405880593e-05,0.00018978645662953803,-0.0014866694026824934,-0.0008849247646083349,-0.0005095153713890238,0.00037583568254124497,-1.8518804875481932e-05,-0.000722601869483167,0.00042712017402825173,-0.00016874563401348837,-0.0015815841775645696
IRN,ssp126,gfdl-esm4,-0.02394406359107793,-0.011985000032249383,-0.000237125433087144,-0.008852865489989816,-0.002952914788051336,-0.0008524540420436019,-0.00622073394331659,-0.004256984524495073,-0.002077711589215049,-0.008543669554375218,-0.006912319617427436,-0.0033713439015729063,-0.0016211037664527334,-0.0022091082025916453,-0.0017763712539636122,-0.0022345756939322727,-0.0032750876168481987
IRQ,ssp126,gfdl-esm4,-0.2418372463063651,-0.07295655369976009,-0.023856781796783313,-0.057954735440971655,-0.05465160758082707,-0.049908492929313854,-0.03446395652642947,-0.06138712485227149,-0.0142501965666149,-0.059450803045232675,-0.05728515954136428,-0.03425532053009507,-0.017989411492573038,-0.02134193172890383,-0.012449091388416447,-0.015760295916608838,-0.0197809850701253
ISR,ssp126,gfdl-esm4,-0.000812764449348776,-0.0007767072549662103,-9.776533060472624e-05,-6.197655439973717e-05,-0.000658983831058354,-0.0004183921588395977,-0.0002079606178098289,-0.00017215530614005933,-0.000323071950833953,-0.00012478569300536114,-0.0006345302449682746,-0.00036140154605062916,-0.0003835862598107667,-7.445968475232564e-05,-0.00010989215865244051,-0.0001479623837665525,-8.344244299150213e-05
ITA,ssp126,gfdl-esm4,-0.005175765209492524,-0.01905136234684065,-0.013945980419746335,-0.011151332945944491,-0.005949314300880994,-0.001072201901107342,-0.0006481588656943817,-0.0036846124699345837,-0.002966713987549672,-0.004869187171188958,-0.006183555981408338,-0.005817974230897447,-0.0007088197839899841,-0.010897379438099502,-0.0031511392720916806,-0.00525981730537932,-0.0022386956323850096
JOR,ssp126,gfdl-esm4,-0.0031897455303898903,-0.005191576744066796,-0.0006100379560337435,-0.0005406450180829423,-0.003394379817885369,-0.0020005672905487075,-0.000915474374185,-0.0005981838617814572,-0.000998767042228001,-0.000742435469959053,-0.0016676247528941432,-0.0007792862030814778,-0.0011659209547959578,-0.0001447465695786575,-0.00046178358426919976,-0.00033478664679594065,-0.0004022862961586836
JPN,ssp126,gfdl-esm4,-4.345084996869885e-05,4.215765855258645e-05,-3.9104586546555565e-05,-8.150171758716253e-05,-2.0821780215408644e-05,-6.583785158242939e-07,-3.7303284291522634e-05,-0.00012242692374189105,-0.00020899647990746344,-0.00018714417107291626,-0.0001313396321362205,-3.755471178446053e-05,2.3380715424198768e-05,-7.61971036591671e-05,-6.983586803808572e-05,-4.3666461667692036e-05,-0.000143445837641974
KAZ,ssp126,gfdl-esm4,-0.03657822582188944,-0.11949167406545194,-0.04965153643401596,-0.08004873084680192,-0.05833170453470582,-0.03228115203422633,-0.07158678068611458,-0.021231946175677634,-0.06016988550824073,-0.03336745495349797,-0.03393914089587233,-0.04937317497919837,-0.0442384734560935,-0.04211782994217975,-0.03435460250615532,-0.00925115380108811,-0.04238442791290516
KEN,ssp126,gfdl-esm4,-0.044511323769385755,-0.013229091346285747,-0.003863835566467701,-0.005236557605321766,-0.0006048210738362833,-0.0025425933603329468,-0.0010226752762361666,-0.0017901318284601088,-0.0012581378645333595,-0.0010433275571054574,-0.0007297038710195738,-0.0006559857045459593,-0.00033208122555427786,-0.00020184152992514575,-0.0006952185698202643,-0.0002869928510062341,-0.0004220420384151223
KGZ,ssp126,gfdl-esm4,-0.044516238090374395,-0.07516692365901771,-0.01814581943464274,-0.03344143466991924,0.002934007086015109,-0.02313842338488748,-0.055283176658823686,-0.007310313306835699,-0.010138031630182365,-0.025940859789658304,-0.009564146380753084,-0.01607798182789287,-0.0015539597610981048,-0.006044971251229041,-0.005771745075921424,-0.017140886326900744,-0.010278639421511906
KOR,ssp126,gfdl-esm4,-2.5737009623409917e-06,-1.2629495782234435e-05,-4.207712908675089e-05,-4.4349318394746744e-05,-5.276754494484843e-06,-1.2153633852100071e-05,-1.0910797182736812e-05,-2.9435906108312675e-05,-8.635543662260279e-06,-2.0556515163447834e-05,-1.7153848677283157e-05,-1.9055222897992052e-05,-5.659918684570805e-06,-5.837862731472876e-06,-3.0315779226718114e-05,-3.8773665801054056e-05,-2.7649625052077038e-05
LBN,ssp126,gfdl-esm4,-0.005544290958050852,-0.00022287385166147879,-3.2040504458076966e-05,-6.845193273460841e-06,-2.5883125413684472e-05,-2.5020690949220515e-05,-2.049732264147188e-05,-1.8444344280949928e-05,-2.334084820548457e-05,-1.5926940039903855e-05,-7.790546524693708e-05,-5.044371761752127e-05,-3.327781156275433e-05,-1.512616454995872e-05,-8.60716213560237e-06,-1.6243957277073836e-05,-5.867666447746521e-06
LTU,ssp126,gfdl-esm4,-0.2074647995908033,-0.17128275474783666,-0.041160882002675994,-0.07145251279749072,-0.11257475178828283,-0.048399143105788925,-0.05359412190105368,-0.06239939134740315,-0.06870620292101255,-0.053967904849562716,-0.1251527114120675,-0.07816925332651094,-0.03683949154960002,-0.12289308986450798,-0.066026313446229,-0.001347779243178015,0.008443172087456008
LVA,ssp126,gfdl-esm4,-0.26309284216699713,-0.1331742444635605,-0.055429979438217196,-0.0460870481647797,-0.06987028963740605,-0.02516614681704341,-0.046481031864342034,-0.04901557490752911,-0.04349583830013167,-0.047373280028597524,-0.08516874968822512,-0.040498788308408085,-0.03153738324313678,-0.052146305576888964,-0.0417077987688169,-0.0071108494718992105,0.002688307631278162
MAR,ssp126,gfdl-esm4,-0.013549658777984322,-0.1690342530121664,-0.1325668556764018,-0.028203506172265316,-0.019216805354563157,-0.013065103867081476,0.00507948859871106,-0.010427981395837504,-0.00782609667142396,-0.008202293754562853,-0.022406626730430146,-0.01478072774976393,-0.004321404991004844,-0.013843493518265698,0.0010692106847426637,-0.004869482818580452,-0.0070746017179523215
MDA,ssp126,gfdl-esm4,-0.2482339211860244,-0.11939668651850753,-0.2509714218449818,-0.047385007476896085,-0.0924951471244725,-0.07541580536294458,-0.013836356334239198,-0.04100383374079231,-0.1010831954119463,-0.0026134741170741526,-0.1208050070450394,-0.059794350747150685,-0.00853594147969516,-0.15693464933352536,-0.03242406650076199,-0.018006445647815318,0.0016179469341759361
MEX,ssp126,gfdl-esm4,-0.003182507288768829,-0.011096585045740136,-0.007924179619445675,-0.0010230494427804714,-0.0030402229986080153,-0.005787798110015322,-0.003278721295477779,-0.0025541408970146994,-0.0013684484359924448,-0.0012835424610905454,-0.0019225521282656966,-0.001708933445771628,-0.002442037955963919,-0.0021495969691624818,-0.0015399597699139798,-0.0019059154994265541,-0.0033997864253247356
MKD,ssp126,gfdl-esm4,-0.052419303486433186,-0.08149674597379877,-0.04606786984703777,-0.02798219702426289,-0.009294180614537996,-0.014701652612145264,0.0001650610470153247,-0.011708257531624081,-0.012855088837491636,-0.0037323138658966097,-0.016829215198114398,-0.03345003480336632,0.0038023314867176384,-0.05484455136739994,-0.014808032268378058,-0.025561693374267207,-0.0018969316186924308
MLI,ssp126,gfdl-esm4,-0.012866609278993902,-0.02338085775352438,-0.014771018808630148,-0.003751739684712236,-0.007363900105868933,-0.006433421834977118,-0.004040366940219583,-0.00343398742363952,-0.0022576915961898827,-0.002005317897522141,-0.001568023667639849,-0.0013460686321788223,-0.001256882350556216,-0.0006889306002556123,-0.0005921564334282537,-0.0007786800572974711,-0.0007876283108096998
MNG,ssp126,gfdl-esm4,-0.01664769985081911,-0.03675158508370085,-0.009661062212458304,0.004835045493416874,-0.007834601464973789,-0.01203990723529008,-0.0033258348815534,-0.003925107737240574,-0.003019167467497359,-0.001961558057316869,-0.0018264591649982912,-0.000736971514119496,-0.0016865406982512975,-0.004642250027333107,-0.002184761716811989,-0.007816775343091475,-0.0029196210501495194
MOZ,ssp126,gfdl-esm4,0.0007897985680902628,-0.00277181513702409,-0.00032041113243183117,-0.0010220317453018318,-5.396437076217624e-05,-0.00023058330312686595,-0.00015765284902967777,-0.00010558870373029933,-5.016813363636439e-05,-5.400203567825012e-06,-0.00010077468897064626,-1.329008631097974e-05,-0.00012916386092023043,-1.973285182307118e-05,-4.93598704048321e-05,-1.7685782220492102e-05,-7.72247975832985e-06
NGA,ssp126,gfdl-esm4,-9.291746161326682e-05,-9.595743611072252e-05,-0.0002324456211095839,-6.720871323376549e-05,-0.00012231087812538714,-0.00015013428901273454,-3.491255817728442e-05,-9.205649331108941e-05,-1.3695623048032107e-06,-5.97968198615922e-05,-2.1785455680370833e-05,-2.1737352122132842e-05,-3.448791597978572e-05,-6.402788012796276e-06,-7.285726615124329e-06,-1.6225931950727054e-05,-1.6110542294751683e-05
NLD,ssp126,gfdl-esm4,-4.678442124635694e-05,-0.00016785141701754856,-0.0015885268670680624,-0.0012968940391368344,-0.00416564003472135,0.00011919525278509602,-0.00020815951761881773,-0.0008227679133413096,-0.0008547563254344233,-0.0006801599724589689,-0.0007525262805719084,4.541700851546038e-05,-9.394225267620354e-05,-0.0008309880430777447,-0.0004696593246650098,-0.00020639276551049675,-0.00027690882869519577
NOR,ssp126,gfdl-esm4,-0.001203009664659299,-6.789501286011788e-05,0.0004873063990674244,-0.0003088320050167883,-0.0018821390504550261,9.707475601520282e-05,-6.140496318613947e-05,-0.0018851662293708333,-0.0013773940700081387,-0.0009796125700373213,-0.0011293665639912267,9.731699227212875e-05,0.00021804287687167862,-0.00023307002254786705,9.225245441021923e-05,-8.296111101896385e-05,-0.0008758870896495143
NPL,ssp126,gfdl-esm4,-0.08874719131520706,-0.06929463281304758,-0.024029927993492135,-0.0196907212877946,-0.026966571491490673,-0.044192987908495004,-0.003960716591848305,-0.015701859011347744,-0.02005913696469009,-0.007215814572774823,-0.0020462020852928258,-0.0099537652773552,-0.010815209197050974,-0.0027215761140169234,-0.006519091962581246,-0.005334587868312079,-0.005060801895160139
NZL,ssp126,gfdl-esm4,0.0008079213811698828,-0.0008831218480384916,0.0003080725380378919,-0.0003708797194222286,-0.0004715110343080191,-0.0005235392835153883,0.00038268102071514494,-1.2230689750548574e-05,-0.00045499770889217376,2.086114894077679e-05,-0.0013705155417777207,0.0001754837538310896,-0.0003040797079168966,-0.0008091890854451232,4.1071559992606424e-05,-0.00023260791044689636,-0.00015700630466069314
PAK,ssp126,gfdl-esm4,-0.035840930994158096,-0.008709178426966536,0.004209841902432563,-0.019959454322640173,-0.008753181373089763,-0.017846002205081302,-0.015714399687739918,-0.00956296941486681,-0.016057468179811123,-0.011041898297521889,-0.009863685712444684,-0.0014758686277699887,-0.002624419262638993,-0.0011538227783304486,-0.0050636870110504295,-0.00276923374488852,-0.0029970119827549316
PER,ssp126,gfdl-esm4,-0.0008394397802251669,-0.0008862972788132405,-0.00381857335119423,-0.0015815119181757326,-0.002473486812237223,-0.0010516483053612394,-0.0010091005304144127,-0.0016108525777830006,-0.0006512450410138475,-0.0012200200471451034,-0.0014548063642403084,-0.00031817149220259207,-0.0003824429138223626,-0.00011020314293252648,-0.0002765131270244815,-0.00012390960315713856,-0.00039093916526090775
POL,ssp126,gfdl-esm4,-0.03130406560818582,-0.02168487672505137,-0.022530541277119658,-0.029177545298616034,-0.02764056247261433,-0.012035025567937086,-0.00821461006442909,-0.00848168991787111,-0.03763108345861157,-0.005361053812016991,-0.04080821173953275,-0.009668676961017026,0.00324347868179107,-0.023077551111722452,-0.013314213435222119,-0.017014839119985192,-0.0021660675911655256
PRT,ssp126,gfdl-esm4,0.00017238747735193844,-0.0008854563134231971,-0.002590408420862354,-0.000683088284075303,-0.0006459424442909072,-0.0005073500007543845,0.00036567509514696673,-0.001082733117611508,-0.0005726853098336289,-0.0006408475691763905,-0.00027784563423802596,-0.0007943947815191353,-0.0006686630200190144,-0.000673799734750873,0.00021400830472495213,-8.580001621806266e-05,-0.00035792664503586766
PRY,ssp126,gfdl-esm4,-0.05920016618045059,0.00394213885518271,-0.0009962930817776414,-0.02298271906564076,-0.0009410039055494721,-0.005843822888771686,-0.004903559741837471,-0.001377140851975687,-0.001900810254780565,0.0009914982013439913,0.0005683144135626677,-0.000966106441690685,-0.002303102298005687,0.0013615196645464934,-0.006680445115134265,0.0009255368871213397,-0.001993410542448971
ROU,ssp126,gfdl-esm4,-0.07918301876804412,-0.151267976598686,-0.13161096914190346,-0.048741021432730985,-0.04850393551727454,-0.05826022046570877,-0.012427176284134374,-0.03830529896401369,-0.058177928096178846,-0.012790898709610471,-0.08165109696159653,-0.07148182819476522,0.00216053495476131,-0.1293202459925327,-0.03984182731913123,-0.035857999158971844,-0.011408298444186449
RUS,ssp126,gfdl-esm4,-0.10730023095232107,-0.1496687957088275,-0.07720483918758955,-0.030856680872291,-0.04408083058231016,-0.052264278811184305,-0.060211048495214026,-0.03481814512456622,-0.08009389968275651,-0.021472426515551514,-0.026005237976233258,-0.058545645015968116,-0.04709443606603263,-0.04921434624654179,-0.043025400324664585,-0.006728683267016914,-0.01589160456393118
SAU,ssp126,gfdl-esm4,-0.015746230793142708,-0.015971951101687927,-0.003774484124195714,-0.015627362374579633,-0.014390544581067819,-0.009344199663905529,-0.014540323751784916,-0.013220694973483053,-0.011303967706692584,-0.012664102914310537,-0.012372206062046604,-0.009179454942066711,-0.008097478185550885,-0.009184780533526525,-0.009223018453146287,-0.007438527101336683,-0.00830006553575979
SRB,ssp126,gfdl-esm4,-0.1383611040123394,-0.21456697519153653,-0.22211372364313609,-0.09005354551478047,-0.11827684197035526,-0.05502542478766166,-0.02004108654960669,-0.06585196379666208,-0.04693895066211348,-0.00135116402561686,-0.08965124100239015,-0.09421420155700239,0.007140131871846895,-0.12102889016215074,-0.029671121263510843,-0.07740536801351353,-0.01334854003645002
SVK,ssp126,gfdl-esm4,-0.04002088528838405,-0.022646683306789588,-0.04849282542168816,-0.021127226207530044,-0.03350551115579033,-0.01252713947851974,-0.005683469927811228,-0.009246709352942271,-0.008836755845896946,-0.0008645140933026069,-0.027585021333787863,-0.005257846330398284,-0.0032243682266263514,-0.008815345453948187,-0.005553450571764817,-0.004538052578658436,0.004927093628859072
SVN,ssp126,gfdl-esm4,-0.0011602965165242178,-0.004249332207328494,-0.005831329747393645,-0.0025554814801550794,-0.0015935737242177015,-0.000822575009572155,-0.002731118661862945,-0.0013555250236715365,-0.002906816213641655,-0.00012309734065571527,-0.00272707875800927,-0.0011602064480336952,-0.0005767707137469182,-0.0017853297729445747,-0.001435242345021481,-0.001746792850917245,-0.0001514833714212301
SWE,ssp126,gfdl-esm4,-0.0085369815891423,-0.003128824157874636,-8.58599735387981e-05,-0.0026012094976420787,-0.0074644872760138495,-0.0035522285233217936,-0.0013677334472770172,-0.005938079818192273,-0.004263007181428746,-0.0034926936119861955,-0.0035587008721433356,-6.674715048815297e-06,-0.000828327177263264,-0.002723882560288637,-0.000758678432125939,-0.00141516595083062,-0.0011487165294604292
TJK,ssp126,gfdl-esm4,-0.06940487679585255,-0.06794435529961097,-0.016901372644727245,-0.0341618676887977,-0.0025343126524523304,-0.010437063063999101,-0.03338328768231241,-0.007198250315994931,-0.0059992002757440115,-0.017942307363447665,-0.010451236256883097,-0.012367504820370885,-0.003791311870328235,-0.004703036079815348,-0.004770762576011149,-0.008573300374566906,-0.007169843617041305
TKM,ssp126,gfdl-esm4,-0.1088815947538564,-0.11574483211148318,-0.038483567479824544,-0.09941349511510626,-0.015993330897011025,-0.0207342677623794,-0.07230445572872772,-0.02413126866475566,-0.017797190317239735,-0.06459131774722493,-0.03350638016693632,-0.045218798641160636,-0.018054474288927688,-0.02937539322121651,-0.019552461678548023,-0.03013633903677769,-0.038005850993790356
TUN,ssp126,gfdl-esm4,-0.005912198703371167,-0.15089159094360058,-0.08003952021188365,-0.07140759432130149,-0.011991904750684396,0.00010958748677447223,-0.012333110148746515,-0.001007322945979611,-0.012404903453936356,-0.006910348197782211,-0.027078114687016142,-0.008869336311118527,0.0014678534385493204,-0.02130820622621895,-0.022615667603058148,-0.007796194346612958,-0.005513257845104279
TUR,ssp126,gfdl-esm4,-0.016902665913745438,-0.009609167459396743,-0.0032496258768878066,-0.0022569254477972324,-0.00355305857405469,-0.003938774864367878,-0.0010132078670033837,-0.007462526574412657,-0.0027297081196240988,-0.008101384397660016,-0.004747296188105723,-0.007545816717885695,-0.002573680203924873,-0.0055863702540238985,-0.0022276588677055706,-0.0020685978102689354,-0.0014193107389417724
TZA,ssp126,gfdl-esm4,-0.0060230391623804155,-0.006294835811254172,-0.0012922653704601726,-0.0011248038944226214,-0.0007136679540477388,-0.0008229184159513606,-0.0006463901675185241,-0.00046038769117627234,-0.0001720643206794127,-0.00025179878105606554,-0.00011545239233735345,-0.0002624455825409668,-0.00011338849960396338,-3.6424480504192955e-05,-0.00012632460927864466,-5.4140389260853856e-05,-5.663518997675703e-05
UKR,ssp126,gfdl-esm4,-0.6121210911919883,-0.1407736861298552,-0.2092247964037073,-0.04548119691509993,-0.05533193727533442,-0.07774426656714246,-0.02640129967866467,-0.040404546837658484,-0.08516549456532174,-0.010736640906367195,-0.07283639546751697,-0.05095032030739526,-0.015354229959772656,-0.06978215933745271,-0.029772955192327796,-0.011505459340983537,0.008372013873757895
URY,ssp126,gfdl-esm4,0.0005405783045758204,0.004675248263054028,-0.010190549006248535,-0.052620908680417064,-0.04647857548924813,-0.011636452220617955,-0.002610777614018346,-0.003875270076013251,0.000303850480738714,0.0030062020815839617,0.003670941457024671,-0.006412943399840209,0.00056710227689003,-0.003969547547764744,-0.0004826946217656236,0.0003012558304478745,0.0005439211554726196
USA,ssp126,gfdl-esm4,-0.0036424843789001765,-0.009121448049515297,-0.0007039490810635918,-0.0051886481065637965,-0.002573397737480793,-0.0018116069337740723,-0.004809730655438019,-0.002638587453394715,-0.0001909213562830916,-0.0019361734728140555,-0.0017154750715193245,-0.002313248065248723,-0.0022598136801638656,-0.001486965134637673,-0.0032547518627267257,-0.0020758222346354653,-0.0017210673431520861
YEM,ssp126,gfdl-esm4,-0.0265979113486534,0.0001135433272627929,-0.002362083689240278,0.0003337052795663812,-0.0011271896215188162,-0.001699897405310162,0.00015321265465427275,-0.001919842324522838,-0.0013464395260012615,-0.0012524883439403603,-0.0005322561327659694,-0.0005163253294374136,-0.0007567730314913114,-0.0003806475342768787,-0.0005112076249602269,-0.00031724575329180016,-0.000906697552536476
ZAF,ssp126,gfdl-esm4,-0.013698732276845088,-0.0023787688714878782,-0.0035775720801513007,-0.009128235855215097,-0.0031123591528605214,-0.0021371212361088296,-0.0009697194240915033,-0.0031649549023958392,-0.0014167739795588493,-0.0016375039409085846,-0.004674892795545587,-0.002922930363282346,-0.0024077444352267057,-0.001722610996045351,-0.003254344194612983,-0.0010762832069425336,-0.00206401664552848
ZWE,ssp126,gfdl-esm4,-0.028568388510829698,-0.13657080851833203,-0.02293370270677673,-0.014823898289699709,-0.0045462968779854136,-0.011060478424112972,-0.018645390647374943,-0.006647049005085586,-0.007170155503880819,0.0008601926613354039,-0.01292107250564538,-0.0010639289018069366,-0.004634888917889792,-0.00019670777696834577,-0.005858684386852379,-0.0034325989731600055,-0.0006946751211863224
ALB,ssp126,ipsl-cm6a-lr,0.004109516065491532,-0.039671648634158604,0.006701027219742993,-0.07093041882529436,-0.048648623012618464,-0.048633479046411035,-0.06643650652335402,-0.047214637960223585,-0.03859625395860887,-0.05662554792830694,-0.010758853814491097,-0.02181382154650966,-0.051229134891733114,-0.045303362636055666,-0.07590838900147684,-0.05970890021541952,-0.017275486973006682
ARG,ssp126,ipsl-cm6a-lr,1.7560032167430355e-05,-0.0021359876881961435,-0.0010060842441892948,-0.0008038800055947948,-0.0008545713253554133,-0.0005376409689380897,-0.0011226572107023195,-7.5474463068429e-05,-0.0002705657643853033,-0.00031669395005845324,-0.0001560609672397162,-0.00013234780888017627,-0.0003328254856904841,-0.00016924437471212877,-0.00023825819103036547,-0.0005997031533452427,-0.00023679061311175883
ARM,ssp126,ipsl-cm6a-lr,-0.03000408756419502,-0.008998485018660914,-0.018449500478786234,-0.0544508666897937,-0.014538747775313788,-0.010482704367917223,-0.0186885890610816,-0.004401386989854283,-0.00802021743447485,-0.04225942907057774,-0.009137834571809163,-0.008640728194777524,-0.014575799857997557,-0.006340921608756877,-0.009551543850340736,-0.007539492752205996,-0.006719834248524655
AUS,ssp126,ipsl-cm6a-lr,-0.005954987069603565,-0.04070317852308698,-0.01883159838988984,-0.02418382031816863,-0.0021133036127588267,-0.05533110299174722,-0.0437809444589988,-0.01624141627488809,-0.035983459255827306,-0.03640494657889472,-0.035061807869921885,-0.030674432931077755,-0.02049264367263897,-0.017500278289245847,-0.009898082015743095,-0.004467889141337373,-0.014791875269270319
AUT,ssp126,ipsl-cm6a-lr,-0.0034564964112787336,0.0006138608567288372,0.00038240460348422953,-0.007300799227974625,-0.0023034921874985873,-0.006592755072501986,-0.006757752646727069,-0.007748674686445767,-0.004338362755021416,0.000717618416744212,-0.0025115548015694055,-0.004931225619028835,-0.0021988924873023777,-0.0073309548975344285,-0.004134113270742494,-0.00019186947268805073,-0.0001693433913403547
AZE,ssp126,ipsl-cm6a-lr,-0.07806890056489771,-0.03560610630630589,-0.018240862988934632,-0.11813732075045377,-0.044238101729056636,-0.03060107215039752,-0.07976281578254558,0.0037387855538133855,-0.03721182974024784,-0.08638233449160493,-0.017207661017330126,-0.022324555016541518,-0.031806971550078444,-0.019583996960164364,-0.018051175243102353,-0.02371727274612332,-0.013655436925668885
BDI,ssp126,ipsl-cm6a-lr,-0.0021536897520737135,-0.004570447677660633,-0.009656029519713302,-3.554274467831498e-05,-0.0009847964975744485,-0.0012653991336275484,-0.0007801167787506877,-0.0004635412802651113,-1.2359321939053e-05,-8.783758955044731e-05,-0.00016990423572028996,-8.242883841353301e-05,-9.424183547376733e-05,-4.362340741645932e-06,-3.561677095146372e-05,-7.65571115387012e-05,-0.00012848122151870266
BEL,ssp126,ipsl-cm6a-lr,0.00040994389847841527,0.0025838824208431893,-0.002309176640089197,-0.003245903834347838,0.0024020980936191117,-0.0072116082030877614,-0.004370650581503766,-0.004329790250629251,-0.0021130195308498947,0.0014587861913486898,-0.0024143811523605315,-0.0023355253062051716,-0.0018796327641245928,-0.000795955519621416,-0.0018976136053599749,-0.0017889083210353973,0.0015328860560849512
BGD,ssp126,ipsl-cm6a-lr,-0.0028883984781372276,-0.002415429935512794,-0.0013602806921778072,-0.002088735375681169,-0.0011135039497006786,-0.0007020306805401262,-0.0013726609329432402,-0.00028278789772451365,-0.00018880119059632645,-0.0008201943670889035,-0.0005981065610229557,-0.00047267199960768073,-0.00037569743333488136,-0.00025738509155345894,-0.0004212824218878013,-0.0001640498326469794,-0.0003844347717721037
BGR,ssp126,ipsl-cm6a-lr,-0.0034597313466713186,-0.2934226509628171,-0.1325486300910476,-0.20344194067789195,-0.21857900291422605,-0.29634181937784954,-0.21843036136852406,-0.18224779544398306,-0.19429878008211865,-0.043751943356069745,-0.11926427348726736,-0.1208168424882615,-0.17473494780025575,-0.1257705062495332,-0.2184910123394578,-0.0842168378650204,-0.038905223712670314
BIH,ssp126,ipsl-cm6a-lr,-0.036049931906103366,-0.01311658121514748,0.0032649427881562172,-0.050935592637266776,-0.01912579441926887,-0.03030430054319049,-0.07958243115439984,-0.0756024251821767,-0.019358747684610027,-0.005299541238675587,-0.009668627379655233,-0.042920940077178435,-0.04558851669120547,-0.03182567714684073,-0.051027020638017756,-0.007328661779559355,-0.011064714070752265
BLR,ssp126,ipsl-cm6a-lr,0.0008731435624159449,-0.024487170416168748,-0.007405622671686842,-0.034674851121890594,-0.010405390989207798,-0.03497474823201567,-0.03552193898641797,-0.03463087233182569,-0.038079509522723015,-0.0013404905238614644,-0.02786575727178481,-0.011215061428205423,-0.01490179036321942,-0.006155856741911425,-0.019454542297976767,-0.0028051250568279233,-0.0036625517941254538
BOL,ssp126,ipsl-cm6a-lr,0.009435949081513581,-0.005285223773163218,-0.013479054644339449,-0.005616073429449514,-0.00017012369009859936,-0.010470145446912377,-0.005773115735483169,-0.0012288764989909608,-0.004460943768311165,-0.006602517172351562,-0.0032504242471018937,-0.0028533255889728972,-0.0062625860237454055,-0.001569329068546806,-0.002632766187285101,-0.003611628956175153,-0.002190277705059353
BRA,ssp126,ipsl-cm6a-lr,-0.001072455435818621,-0.0010639261017878609,-0.007150977324463034,-0.0022553023898978486,-0.001005590177673273,-0.003443248578925093,-0.0019087391813338804,-0.0033648961378304025,-0.0016129632828846849,-0.0031374485644962476,-0.0019477842170220125,-0.0020735028571197663,-0.002140081865103782,-0.0012436402668369662,-0.002108222368901966,-0.0007538357268435996,-0.0009119820698005823
BTN,ssp126,ipsl-cm6a-lr,-0.0010249512343660629,-0.0017581722526391133,-0.000158600721480403,-6.972877758159545e-06,-0.00012064758480167872,-0.0001962533377424276,-9.487349039114787e-05,-3.886527670713531e-05,-5.637209206982281e-05,-4.691068724178642e-05,-9.328461368078746e-05,-4.820712699018525e-05,-3.309929747438152e-05,-6.458140045134976e-05,-5.392951767738174e-06,-3.436285589850766e-05,-4.3084253089364e-05
CAN,ssp126,ipsl-cm6a-lr,-0.017963105571939527,-0.011078698290570017,-0.013433749230262406,-0.031288201554513916,-0.02075335256397803,-0.03716344538287505,-0.07372311284433523,-0.057511805714181616,-0.06189072256633637,-0.03498867830007813,-0.011859905795666691,-0.03128924628232351,-0.005873309489568022,-0.015354291018677553,-0.027831467368780075,-0.01713071677580812,-0.0034939992879115503
CHE,ssp126,ipsl-cm6a-lr,-0.003861699474607699,0.0010262927358529648,-0.000255873329944226,-0.0033731049163470547,3.253728782966769e-05,-0.0028181450614369087,-0.004696584657129534,-0.005284362194614963,-0.0021747471525353458,0.0006547110452444505,-0.0020234438827865177,-0.0022367913549274825,-0.0026429542379462836,-0.0016308258783293591,-0.0007640767349099769,-0.0001176775703347886,5.1606704448610976e-05
CHL,ssp126,ipsl-cm6a-lr,-0.0018433967837399481,-0.005628751211189305,-0.0003368683330690931,-0.001357009044102524,-0.002676490744192628,-0.0014679047785632865,-0.0012500014465624612,-0.002961734083221685,-0.0006977482981240722,-0.0009553200122432416,-0.0009598193184847132,-0.001375417408597637,-0.0014899537120077182,-0.0010285873995292136,-0.00022691839276181084,-9.312469006365335e-05,-0.0011293159343452224
CHN,ssp126,ipsl-cm6a-lr,-0.004514878548223322,-0.0065144552229932946,-0.010171102514023275,-0.006607204734509894,-0.009896139971059611,-0.007791928470433411,-0.008364260378872408,-0.006354145025743563,-0.008006313025248516,-0.007932220051203337,-0.009983257341280981,-0.012416298791016989,-0.007278749521547455,-0.006615276482586214,-0.00714744101288986,-0.009805790550894623,-0.007889549917830606
CZE,ssp126,ipsl-cm6a-lr,-0.011714603334893867,0.005497197402913615,-0.01163888935734159,-0.048604115951832505,-0.007108575382044683,-0.037111081730043446,-0.03683200466591599,-0.030042588969380328,-0.027237219851286902,0.0014196847572946036,-0.02156718007860914,-0.05528353480619963,-0.010215865202667809,-0.056443929800550616,-0.027433482963237943,-0.004187830435062557,0.0016160091021476422
DEU,ssp126,ipsl-cm6a-lr,-0.00012806761437429755,0.0027678559187230664,-0.007393646035791105,-0.009419354530460606,0.0024628498541688078,-0.0136334290797658,-0.011879882270182973,-0.010155260296630195,-0.006042581507277422,0.0033080024007987657,-0.009561756344145625,-0.012383329255517774,-0.007251327376836078,-0.008497540001027115,-0.004626155542831929,-0.0006005872145935725,0.001434450913326003
DNK,ssp126,ipsl-cm6a-lr,0.0028173207903096995,0.0024969066832921144,-0.006610223652569159,-0.00530677961634722,0.001898900790888429,0.0031132956108452245,-0.009599728111524103,-0.009415896960928158,-0.005879547583316506,0.0036469647685923334,-0.013195506416903568,-0.004514316877209857,-0.005453045286151064,-0.0037138554383735005,-0.006289778557277404,0.002626676894038056,0.0026082724662677896
DZA,ssp126,ipsl-cm6a-lr,-0.02590050065939326,-0.01180607677503063,-0.01215331121654077,-0.0694251989876592,-0.016973148439515154,-0.03461344993329838,-0.04335643748735449,-0.032893199454308054,-0.013063662663041235,-0.022640692309660856,0.0012959161777686271,-0.011861724644358165,-0.012398641434215615,-0.012604024754632506,-0.00779352015423262,-0.02462431429127313,-0.00990064514403682
ECU,ssp126,ipsl-cm6a-lr,-0.0003325722040857799,-0.00029404361298745075,-0.0002122033443525931,-0.00015864328559423035,-0.00014615420667075273,-0.00016091391770448735,-0.00010668937071378608,-8.500912458090722e-05,-3.0517307034504218e-05,-6.313572598625425e-05,-7.939052166367704e-05,-4.296141339893834e-05,-6.723686103243913e-05,-5.693084680994559e-05,-5.794709148570853e-05,-3.5328351042506666e-05,-3.3030008633776955e-05
EGY,ssp126,ipsl-cm6a-lr,-0.0045250288277208115,-0.013443021501706908,-0.0067231990393410235,-0.004685244531478069,-0.0024885997985535906,-0.003907849860903595,-0.0019151637162801666,-0.00010784742008445149,-0.0025851786212100028,-0.0014906089322765975,-0.001789264053713995,-0.0019950350783970766,-0.0015676132765399167,-0.0015228605002730324,-0.0008528521206583534,-0.0003073454968823431,-0.000342245024783858
ERI,ssp126,ipsl-cm6a-lr,-0.12555304443911838,-0.1158292097310326,-0.07634058277918078,-0.005227486334540582,-0.09925098682434469,-0.004455625631963081,-0.05435299080475218,-0.03140271735875314,-0.019232678753738255,-0.030392577846444984,-0.09397576756435123,-0.026724896668389703,-0.04872318864124519,-0.0016887244723654234,0.004391769714513048,-0.021573907917322898,-0.05143754159760738
ESP,ssp126,ipsl-cm6a-lr,-0.023083357944479587,-0.0047391803434098274,-0.005052882149364621,-0.010930799406314815,-0.02530762061721367,-0.013925226051188117,-0.027829908201852195,-0.025236154987388962,-0.009246822728158502,-0.010943731540764334,-0.001784455795148816,-0.006841003500044138,-0.013546279556297738,-0.008721819807986963,-0.009333308230490592,-0.01729171872118403,-0.009640542562265179
EST,ssp126,ipsl-cm6a-lr,0.005098614564224678,-0.009609799742540238,-0.016038791948559082,-0.03209065923815482,-0.02561900562985852,-0.02595610479406817,-0.03628817271119389,-0.029077306812078617,-0.05613831563771751,-0.013196455123710461,-0.05363244934741047,-0.02148148041354119,-0.03629638983412933,-0.0026044143721997877,-0.0475688881582968,-0.0022495649900936276,-0.013287812679999638
ETH,ssp126,ipsl-cm6a-lr,-0.10013510672585936,-0.025693447358686835,-0.03425341959781091,-0.02489038141399524,-0.012041767128260614,-0.00886956803926347,-0.006813959406399307,-0.009035136611591168,-0.003336780660062561,-0.004409765430639511,-0.00445639436695108,-0.0030198070242772974,-0.004328120387674686,-0.0016742814465856737,-0.0014329295127317632,-0.0024623802923678982,-0.007719801775627493
FIN,ssp126,ipsl-cm6a-lr,0.0006695782054395872,6.240086284984921e-05,-0.005151880324470379,-0.0027067544516763127,-0.0016801258808903895,-0.0007680066384376212,-0.0024936305378604607,-0.00504610710102826,-0.00042098141517985633,-0.001717295610451644,-0.0042031934926345885,-0.001808879436512449,-0.0007874847135297758,-0.001612444966768241,-0.003301369716966303,0.0005563526768982183,-0.00219672680150136
FRA,ssp126,ipsl-cm6a-lr,-0.012001399636969027,0.0071764497974937174,-0.005000662991085193,-0.0139020216303632,0.0015155846271246987,-0.03578127319361051,-0.02402870235765866,-0.04307381593225828,-0.009905637077258604,3.0958870406900686e-05,-0.0066426721240635785,-0.007866809266512943,-0.019425822148867587,-0.013146036464714924,-0.0069358262462452455,-0.0061275353130277,-0.004728927523041021
GBR,ssp126,ipsl-cm6a-lr,0.00023955724701284876,0.002861965728978122,-0.008544211525334139,-0.0021282581385636463,0.0010353913322526402,-0.00669680014942208,-0.0016102820489872268,-0.0037094005495363312,-0.0010856217286930993,0.0009151137595111798,-0.0017443340139155071,-0.0014266651089821106,-0.0027523725430376412,0.0002913172688124636,-0.002243950175748412,-1.4469638762209169e-05,1.9877143388732543e-06
GEO,ssp126,ipsl-cm6a-lr,-0.014157296437459992,-0.00967698800440325,-0.006221829771400131,-0.020513016370243452,-0.009004519795731365,-0.004888090778259539,-0.007242225229813351,0.0005753621655345777,-0.006970260415410327,-0.010549342085335756,-0.0036230131503173528,-0.00546257670093814,-0.013852488424185926,-0.0036594535718262313,-0.007107475369011202,-0.007445770342636609,-0.0036951679049991486
GRC,ssp126,ipsl-cm6a-lr,0.002697279802495288,-0.009943468395457738,-0.0016727810162730178,-0.013618311176806465,-0.011191556674488732,-0.010891479475224737,-0.013211962765251927,-0.008161617280723088,-0.006202862551419893,-0.01336507029740305,-0.0015014119064494502,-0.0035957212208267805,-0.009199906214524782,-0.005665597838695594,-0.00920588680134914,-0.0078067390907540545,-0.001054996622380254
HND,ssp126,ipsl-cm6a-lr,-3.28882389715789e-05,-5.16320836666401e-05,-3.728627102487795e-05,-2.296344115356827e-05,-2.8985547608817488e-05,-1.1709306500362172e-05,-2.7207839150663462e-05,-9.382144359822007e-06,-7.045813899329131e-06,-1.2166571484219632e-05,-1.7467433922180353e-05,-9.082043738628967e-06,-1.639595316151268e-05,-3.4093680583199488e-06,-2.681467996577881e-06,-1.5320426295447875e-06,-2.820565495063007e-06
HRV,ssp126,ipsl-cm6a-lr,-0.04173293777409911,-0.09455456598519152,0.014089601822945082,-0.3908070443604819,-0.11158473600407103,-0.28536780799560313,-0.5924052060239487,-0.6607509627299791,-0.17982335488155093,0.006083934942757489,-0.07984054219428824,-0.3167848589878126,-0.12716814783877878,-0.19208289888980032,-0.3793703956463017,-0.053614719552275064,-0.04056412520299184
HUN,ssp126,ipsl-cm6a-lr,-0.029475102869002383,-0.015111041355322602,-0.009447209713745014,-0.08559942235546175,-0.023720429107275877,-0.08482357697248281,-0.07081745335928386,-0.10630894801111056,-0.05629800318194925,-0.002461551991870592,-0.0260371664455324,-0.04684258739614262,-0.017001993857545954,-0.04815224740619493,-0.0611703588798879,-0.000647428199747205,-0.001645941234798807
IND,ssp126,ipsl-cm6a-lr,-0.01576202027090851,-0.05364338657873754,-0.018121333815579423,-0.0207119411597382,-0.00930956016891851,-0.011975015170208568,-0.007410399527003017,-0.0025738723076632612,-0.0015491311041333827,-0.004891869365099282,-0.003627706458665644,-0.005098221712122114,-0.004100471280291708,-0.001769426103414085,-0.0030260566354992093,-7.35008393422237e-05,-0.0031896674511862583
IRL,ssp126,ipsl-cm6a-lr,-0.0003490376042828775,0.0005706110250134107,-0.00028048024647272835,-0.00012206332065470342,0.0007672951518219286,-0.00012390520068801685,0.0002455779160291118,-0.0003319511411390782,-0.0004252564085255925,0.0004984954494640856,-0.0012867095845160148,-0.0012487226156823535,3.348124999811843e-05,8.418159164423297e-05,0.00013972716830317036,0.00014230572840970415,-0.0002384271873485439
IRN,ssp126,ipsl-cm6a-lr,-0.0234914217377427,-0.012444508450524546,-0.003072263667320866,-0.014005440089018866,-0.005376513361775588,-0.004361308891713889,-0.0056132021898298076,-0.0029191447930550295,-0.0039153271686087725,-0.005877551994755356,-0.0032433011410837463,-0.005850979945516877,-0.0017539837499746483,-0.004989205397337246,-0.0026025264494813024,-0.002586732828527686,-0.0019316529187215776
IRQ,ssp126,ipsl-cm6a-lr,-0.24289519749943225,-0.15597529040123323,-0.02480285908095139,-0.15529722757022416,-0.06451079140833939,-0.05230324961219445,-0.043340752083360676,-0.008151994784086083,-0.03199687783803762,-0.06924924876967381,-0.016454138202606335,-0.04815625938954328,-0.03069474581081874,-0.03201180162775308,-0.028909987677835015,-0.020367029940684036,-0.011930897799367485
ISR,ssp126,ipsl-cm6a-lr,-0.0005011830234014874,-0.002178604309350622,-0.0003433960001140378,-0.0016442738284172724,-0.0003513249357559142,-0.0002956763362357422,-0.0006699163535001207,-0.00012355301895454612,-0.00018674345764502784,-0.0003173770177955914,-0.00016459381576035983,-0.0005820189875179745,-0.00047633487713354497,-0.0005057381475341237,-0.00043913294893122685,-0.00026614249052881497,-0.00028014524065335383
ITA,ssp126,ipsl-cm6a-lr,-0.004678300897845706,-0.0015020206385154093,0.00244974928068222,-0.00900395887637243,-0.0047909249257283865,-0.005144908446493187,-0.02143509915804404,-0.014841752186280258,-0.005767537263566409,-0.0031189969248591465,-0.001592149689432181,-0.0037710115940555026,-0.0025709631586919406,-0.0036629716149354286,-0.004897348674917693,-0.004553526300694221,-0.001131802495719114
JOR,ssp126,ipsl-cm6a-lr,-0.0023275980687143187,-0.01315231899732433,-0.0018944264679413866,-0.00735004027251149,-0.0015987724190261047,-0.0009733627471065246,-0.0024922850367504502,-0.00019942613497022307,-0.0007743147357101734,-0.0012789052565909318,-0.0006822109797135966,-0.0014791760900633444,-0.0011935611907763406,-0.0012582632126764378,-0.0011158847722672921,-0.0008851759067205659,-0.0009304225575459512
JPN,ssp126,ipsl-cm6a-lr,2.2403278099800484e-06,8.309617319749868e-06,-0.00013471441909738115,-9.44157263360754e-05,-5.6850239503013524e-05,-0.00015464955351542517,-4.1336704976629115e-05,2.3186117190785228e-05,-0.00018694643989891356,-6.199583461101685e-05,-5.318695220463774e-05,-0.00011690205097983629,-3.6289215250980874e-06,-6.275155367094115e-05,-4.0288160952569914e-05,-5.5823187097563446e-05,-2.3154611350763208e-05
KAZ,ssp126,ipsl-cm6a-lr,-0.090681495885212,-0.17804064988725024,0.013974313100731071,-0.04931075426602793,-0.010752393955047906,-0.057098517073133834,-0.046154585546592936,-0.06267776495776518,-0.02572310672430873,-0.04162372472099177,-0.015410146440454625,-0.041809045714129446,-0.06946843387033673,-0.07954826464800475,-0.018432740829118575,-0.10529670527355423,-0.058537570783019764
KEN,ssp126,ipsl-cm6a-lr,-0.009997957716615722,-0.003474689476040491,-0.006981052766293648,-0.0027168460793679143,-0.0020934567011019916,-0.0029976268954184167,-0.0014341941586424945,-0.0016087815781196551,-0.0007700740782369129,-0.0013682382407727975,-0.0011774786375719029,-0.0006516728392565939,-0.0006171914918162916,-0.00038257194370846625,-0.0005171990773654764,-0.0004567502834743579,-0.0010798302105540622
KGZ,ssp126,ipsl-cm6a-lr,-0.1286815351001652,-0.00573579108417296,-0.04825121278821911,-0.06766696510707765,-0.021033661460093764,-0.023929928039689467,-0.05664915664883996,-0.017574149161397268,-0.02176048938464302,-0.014245250093435684,-0.025805012568965096,-0.015538236144019259,-0.019281246234880322,-0.013041973746084496,-0.011336786548391913,-0.014802919859209458,-0.009131616515835923
KOR,ssp126,ipsl-cm6a-lr,-6.0198960580690764e-05,-4.159343519504856e-05,-1.329318600630131e-05,-1.8051379866406506e-05,-2.2334268732753274e-05,-3.9545049620239946e-05,-0.00023317383964703946,-5.366043219803394e-05,-6.220212176149535e-05,-2.8166362177615953e-05,-1.7001700457518596e-05,-3.212054450622874e-05,-1.1549946284029876e-05,-4.764220231729437e-05,-2.593064850461227e-06,-7.018513273402142e-06,-2.389107435036608e-05
LBN,ssp126,ipsl-cm6a-lr,-0.0018285354208869807,-0.0005547382574768548,-4.817516339984187e-05,-9.031042397143418e-05,-5.0420407973973244e-05,-1.5464936133368628e-05,-2.4643238139085767e-05,-3.6328823371385244e-06,-1.7425654953030886e-05,-1.727467511924076e-05,-8.324119096821056e-06,-4.599891537170545e-05,-3.1221680562068395e-05,-1.828858525821928e-05,-5.944332233624306e-05,-2.079360397417097e-05,-1.1484301356859576e-05
LTU,ssp126,ipsl-cm6a-lr,0.0057161304504619835,-0.05984413795376976,-0.10446272581832801,-0.24633571892995104,-0.21663299429707222,-0.1105710205227062,-0.26972502103389523,-0.2501382618210159,-0.2674800146318217,-0.033736172793952676,-0.27647865122971277,-0.11632143001382807,-0.22688637191454405,-0.040519439186858366,-0.26799522247261853,-0.03749681161619125,-0.014717531908590395
LVA,ssp126,ipsl-cm6a-lr,-0.0023780020946917355,-0.026345260725614675,-0.057455772250693475,-0.12171285331925988,-0.14410936321569456,-0.09056187473092983,-0.13168879580261464,-0.1753670308278197,-0.15566613687490466,-0.027209576772969646,-0.13491490676782109,-0.05046763527809518,-0.13051099602059735,-0.011244997871773514,-0.13723562228241287,-0.013265462970385318,-0.01845768777026121
MAR,ssp126,ipsl-cm6a-lr,-0.07805173092380681,-0.026670574334322954,-0.04516515078973766,-0.011535555905761224,-0.03520008259406604,-0.010708372141412707,-0.02401185224123813,-0.012649357999403827,-0.004267490253492231,-0.012614394688678797,0.00022926162463488087,-0.0044122008431130046,-0.007744437061697715,-0.008524510023037755,-0.004305960679872428,-0.01482789725803821,-0.008293832854917301
MDA,ssp126,ipsl-cm6a-lr,0.03307357361231419,-0.1923588964210197,-0.09646271635930098,-0.1209475982122166,-0.08061930309499182,-0.1898765152266329,-0.15072983015229574,-0.1547664041629922,-0.12071562853949311,-0.0033831255582583075,-0.06286256627935538,-0.048653272194284274,-0.05770100359059783,-0.02759551700069538,-0.14736117608904084,-0.053458557525747484,-0.018441871946735498
MEX,ssp126,ipsl-cm6a-lr,-0.0020670591978880102,-0.006750495447108103,-0.005044663828996045,-0.0049276134220303525,-0.000316574658007585,-0.0035741098790541153,-0.0032601799140828153,-0.001470277198712288,-0.0017829619415224533,-0.003767310059047526,-0.0015851990824448513,-0.0014387977302337683,-0.002655409419892329,-0.0012872765033226938,-0.002626049315834543,-0.0008687948666855076,-0.0015290921777788259
MKD,ssp126,ipsl-cm6a-lr,0.004716289215580992,-0.018195585145863967,0.0032348372664683274,-0.04397721029550436,-0.025137548339831013,-0.028533339815940664,-0.021757103899486263,-0.027562950711979874,-0.012980969150991372,-0.031060035983329397,-0.0011504649324080307,-0.008360920607094736,-0.022138319028656542,-0.015132853344956395,-0.03379539911431393,-0.0246438794902143,-0.002116960985406772
MLI,ssp126,ipsl-cm6a-lr,-0.01612054457557586,-0.009168545902140689,-0.015579699073130357,-0.012101449806252702,-0.00796929882579416,-0.00569377111726598,-0.0046870123114403466,-0.0032192975491717912,-0.002423167354816831,-0.0021828561133127805,-0.0016974736702925369,-0.0014559710432921306,-0.001155607131258743,-0.00091679094895091,-0.000696718053032674,-0.0008360343715845989,-0.0008624469645317433
MNG,ssp126,ipsl-cm6a-lr,-0.02551961161076439,-0.03423524622723463,-0.006430972517206857,-0.016095217581900047,-0.004686171661459923,-0.02487024255623306,-0.018283301311738526,-0.030247217864886888,-0.03042900055819655,-0.0024766817693009265,-0.013467330387320692,-0.00715854358324589,-0.005218614203903179,-0.0052872487196354455,-0.011373084078587167,-0.010492775840454927,-0.0041945472022595605
MOZ,ssp126,ipsl-cm6a-lr,-0.002283333000087288,-0.0005503517551420795,-0.0007410748403276555,-0.0010043208401553333,-0.001049263452182007,-0.0005363570113724179,-0.00028603481039339156,-7.003335490275165e-05,-5.0139414571940466e-05,-0.0001002108386102429,-7.939228946515825e-05,-6.915802290171142e-05,-5.033450488606148e-05,-3.237323946887993e-05,-1.786429593059335e-05,-4.128256144808151e-05,-5.818595509883634e-06
NGA,ssp126,ipsl-cm6a-lr,-0.00023686540612722896,-0.0002471592803583375,-3.4554497955586854e-05,-0.0001693578833740846,-2.1648757361211514e-06,-2.0476576767520342e-05,-2.598635919507343e-05,-4.442220223082902e-05,-1.4179237628876972e-05,-5.1472638488833e-05,-2.2718476414564288e-05,-9.588679800374094e-06,-2.336497978101703e-05,-6.2673174697092e-06,-2.1586500239183246e-06,-6.978885125839489e-06,-1.9880262465666272e-05
NLD,ssp126,ipsl-cm6a-lr,0.00031952214507426123,0.0006419337844292943,-0.0005230752637694944,-0.0009640407180628556,0.0006582210395219065,-0.0025354815448840095,-0.0014265960839946056,-0.0014458419098927887,-0.0006990911097083454,0.0005003740318201748,-0.0011008986608900355,-0.0006926184992931568,-0.001338204357186997,-0.0007941863819294415,-0.0007421061145511812,-0.0006369286075900134,0.0005096799279912211
NOR,ssp126,ipsl-cm6a-lr,-0.0003085495735804602,-0.00018186630086806647,-0.0014721813203795557,-0.0017708117200352057,-0.001021667653661614,-0.0008457026750818218,-0.001676663687253717,-0.0010680806049787465,-0.0012304293945362018,-0.00074793686821788,-0.00141528027175686,-0.0006964764524059082,-0.00043767652316620216,-0.001116706373476629,-0.000733169199101305,-0.00017107336408770223,-0.000141805727735782
NPL,ssp126,ipsl-cm6a-lr,-0.07305589325800481,-0.17336072601907926,-0.08284846480398686,-0.06056138532192466,-0.03408240516042718,-0.0680403474656949,-0.053439975591589584,-0.00995491542965032,-0.025065818069759525,-0.02290949480324162,-0.03479261363832032,-0.01791025834997395,-0.010386828922456195,-0.005715846407886102,-0.006135898235698504,-0.004336521379566111,-0.0132870681515126
NZL,ssp126,ipsl-cm6a-lr,-0.00013445243439078955,0.0011242899143134879,-0.0031849489719220957,-0.0016328645205364396,-0.000803599229971819,-0.002422666120704335,-0.00022909377189032337,-0.0013366565605531582,-0.0010335067650729072,-0.0004653103305780665,-0.0007146904357680601,-0.003259557399808594,-0.0007804033254535529,-0.0006825247660109247,3.9295039310150007e-05,-0.00137779352976968,-0.00015137979295912782
PAK,ssp126,ipsl-cm6a-lr,-0.04375971151072678,-0.010634474877296421,-0.038278338607465316,-0.03484511215369348,-0.01688265632268443,-0.00878839779440793,0.005140515971520175,-0.011769594557955789,-0.009575615998078492,-0.005488757947913962,-0.004657422894015284,-0.012494187968904634,-0.00734857646271985,-0.002541371193463063,-0.005090380350689228,-0.0005944093078578669,-0.004853292298300691
PER,ssp126,ipsl-cm6a-lr,0.00038917844133046887,-0.0022716244042405276,-0.0009052397283461321,-0.000981230678497192,-0.0002806861896883643,-0.00080837353045406,-0.0003379732472921377,-0.0003600682757780451,-0.00020830856194507566,-0.00030012528290840936,-0.0006005921516826809,-0.00016690367747166466,-0.0003855806618326073,-0.0003437155248421644,-0.00010824861059735489,-0.00012658733923879607,-0.00018860571673945314
POL,ssp126,ipsl-cm6a-lr,-0.03412931648840344,-0.011758436432469214,-0.01716795983397833,-0.0520642422323466,-0.0196498345399123,-0.0453267689722434,-0.05931108811648815,-0.0644948268801469,-0.05665049452688735,-0.0005565185720963591,-0.04010648147155425,-0.05608148636274612,-0.02419707894067001,-0.0544776387142225,-0.08383254407261508,-0.009304901499248947,-0.0005506840173931454
PRT,ssp126,ipsl-cm6a-lr,-0.0014599563654427584,-0.0001708083817934919,-0.0011040402148682121,-0.00015025783565713845,-0.0022436685973780514,-0.00012830376459442035,-0.0013596159396845595,-0.002001343585848629,-0.00032800555339148105,-0.0009777626658923348,-0.00010696974167582534,-8.056267435757135e-05,-0.0008715505609531464,-0.000651197147547569,-0.0007097197920364093,-0.0009436326003858735,-0.0006883636839232471
PRY,ssp126,ipsl-cm6a-lr,0.004297989685210574,-0.007906360905076463,-0.03106433175635283,-0.004489705810110892,-0.001808081563992286,-0.00803888183584029,-0.010051473915387979,-0.003583444872232027,-0.007799050696842982,-0.004719499376301077,-0.004052392492221488,-0.0033921426681000452,-0.004173603739752251,-0.0025385771146679845,-0.004147896039499881,-0.0013778168276007662,-0.0027227009494447067
ROU,ssp126,ipsl-cm6a-lr,0.003194658473069262,-0.08396522928989077,-0.041468751751564246,-0.09363512541603936,-0.07439573441988051,-0.1310219500127705,-0.10049746751236727,-0.0968711680543766,-0.09212544180385336,-0.008127080469314813,-0.05017277594685924,-0.05688676286910116,-0.06190507012370513,-0.04775257369012817,-0.10216167913290389,-0.02960247204819123,-0.01954677535920577
RUS,ssp126,ipsl-cm6a-lr,-0.14880101531829074,-0.15063814992974953,-0.008950361610517673,-0.09233689788134426,-0.06669000873890615,-0.10934780801010624,-0.07958968384983081,-0.03287795270830071,-0.10017091461868072,-0.0546735452695232,-0.018381942134132936,-0.04171365477230225,-0.08326088287623,-0.019563718703855575,-0.06595412715929955,-0.07380888778732336,-0.05658839787166855
SAU,ssp126,ipsl-cm6a-lr,-0.007923489665130358,-0.02046509474443199,-0.012858051323577391,-0.018372120454744963,-0.016871198555148233,-0.014275565763585081,-0.013471245718516538,-0.011432311185946146,-0.013113231168626142,-0.012493664543985716,-0.011188511094322626,-0.012642198848445986,-0.011102380967552509,-0.010708148502027986,-0.010434971129078088,-0.009265845748270675,-0.008183879982790741
SRB,ssp126,ipsl-cm6a-lr,-0.0016003825788396197,-0.033100818827349214,-0.006978396453169187,-0.24216808641732238,-0.07732616777774787,-0.18949187472256437,-0.22497019656810682,-0.23676617458997523,-0.0817352480547263,-0.05622567616008099,-0.04362248219826473,-0.1827304691470017,-0.09253789148072099,-0.0727242453848867,-0.12023369542139418,-0.00825350820308265,-0.005178601427258065
SVK,ssp126,ipsl-cm6a-lr,-0.016533666927046654,-0.007718702707302212,-3.64311187114761e-05,-0.03924873534532512,-0.011346853339021922,-0.04040494679234127,-0.033759234136568846,-0.06487556982237097,-0.0314595533261488,-0.0009320806973492935,-0.01959710873717647,-0.03171400997584713,-0.012544350128145141,-0.04339001941626741,-0.03921690931890308,-0.0025548216304441197,-0.002466351761248681
SVN,ssp126,ipsl-cm6a-lr,-0.003859179243834459,-0.0030290949339286683,0.0010527801993274845,-0.0036865648756952375,-0.0008645338606317674,-0.0029954047645277056,-0.008996284031739835,-0.00719146751489918,-0.0020384298207283894,0.0007438443549130927,-0.0008702692819857427,-0.0014655787026985401,-0.001015072192031934,-0.0015617731303264356,-0.0047340830812377796,-0.00013963185790515347,-0.0007020258574473424
SWE,ssp126,ipsl-cm6a-lr,-0.0008569261981108977,0.0015564865207790004,-0.007326847274735359,-0.003771493484444233,-0.0006453561806239435,0.00018462835968694776,-0.006940961859232954,-0.009071460190653077,-0.002331653391410631,-0.0012866212980088864,-0.00551547637334847,-0.0018182785663615952,-0.004362982501229475,-0.001988681532999613,-0.004541160827226738,-0.0002992679868945711,-0.0009468669192975951
TJK,ssp126,ipsl-cm6a-lr,-0.09092925070429198,-0.016282959580741475,-0.0316831766936818,-0.06194510084386104,-0.01601918732096457,-0.009671071466430176,-0.016603194812765888,-0.0109797484892225,-0.005682083845121469,-0.007317395688888817,-0.00954823295758643,-0.007364770632035924,-0.005608815942793744,-0.006318160222378578,-0.00430557934429904,-0.007501554383157576,-0.004659563665849494
TKM,ssp126,ipsl-cm6a-lr,-0.08952463009766515,-0.06466181713529391,-0.022295997978022588,-0.11729421664542575,-0.025538420091394128,-0.020661637171156138,-0.04732503572780364,-0.039090304688518374,-0.023071795493352313,-0.05069698135115265,-0.04270990685655908,-0.049279424565651236,-0.02226630505369211,-0.04589664111504828,-0.03015405266591986,-0.04803077257791671,-0.02595172970403997
TUN,ssp126,ipsl-cm6a-lr,-0.019300398880629246,-0.005897009386068968,-0.00601067709963175,-0.0630822871046919,-0.0074311834523013735,-0.018381043602570545,-0.03354854373418312,-0.02117776175816572,-0.005944111847077222,-0.016247098284033736,0.0031122947826486584,-0.009372687068150509,-0.006003602119412081,-0.010280906054176501,-0.011040086505126785,-0.017919812550117525,-0.007909011737599336
TUR,ssp126,ipsl-cm6a-lr,-0.006564320554406443,-0.006936254198887169,-0.0036995665186724896,-0.008536168066133035,-0.0034753305398148174,-0.0025135570329324498,-0.0024895048733528883,-0.0006974137079810346,-0.0025300777451276093,-0.0069457391207787674,-0.001643030712684839,-0.0032857153635619026,-0.0027243577733918533,-0.0038351418059713255,-0.0035204373671271143,-0.002786187501048846,-0.001313761928158175
TZA,ssp126,ipsl-cm6a-lr,-0.0031014172364570193,-0.0012861326230830257,-0.0032859598031545678,-0.0011060616900038594,-0.0003659540798780101,-0.0011192353131741996,-0.00036397085237385436,-0.00026163580849239757,-0.00026437903056574896,-0.0004239350308205519,-0.00029619022531212003,-0.00014397090865848013,-0.00014231515477390814,-7.395059770533062e-05,-8.368015139402131e-05,-6.279289172141655e-05,-3.24848928725272e-05
UKR,ssp126,ipsl-cm6a-lr,-0.07288701935409501,-0.24403421109457274,-0.08412469461282565,-0.16962741811026072,-0.06192499008605435,-0.2157370633652559,-0.1558213151579674,-0.100058882914313,-0.13755858030511653,-0.014969238532000924,-0.06336745358779007,-0.0525008871859763,-0.05544884074542771,-0.023837546047979,-0.10151845067514881,-0.044209807876449916,-0.01902894019434452
URY,ssp126,ipsl-cm6a-lr,0.00843814095661282,-0.027212342685056415,-0.01624142206824385,-0.00737379516401322,-0.014459143049320194,-0.007827514580351365,-0.006929862553397796,-0.012001369991001279,-0.004358402887613457,-0.00682658394179882,-0.005161182556645461,-0.0014285103781411187,-0.010836026370714572,-0.0037784798621144106,-0.008812205662090605,-0.004525639965180508,-0.007390196676128433
USA,ssp126,ipsl-cm6a-lr,-0.003076518719620731,-0.001417708207736217,-0.0031001522589103442,-0.005557714174718477,-0.0031844071902655522,-0.0033705881250442223,-0.0035898465603648785,-0.0025280785092537186,-0.007422725114228272,-0.002577262628290158,-0.0026059422296316886,-0.0035754305697946786,-0.0019154728018328042,-0.0027442287480328995,-0.0033460391498982486,-0.002308043571053909,-0.0014554026904360457
YEM,ssp126,ipsl-cm6a-lr,-0.01675210043209203,-0.005285157285561566,-0.004245779878410228,-0.0030166067454067197,-0.0003530589605215688,-0.003066809363778928,-0.0021368031282871422,-0.001720938662739151,-0.001035477717406938,-0.0015319859944276284,-0.0011333786053486757,-0.0011373063848867948,-0.0012840343505619645,-9.576732020785325e-05,-9.579997477203945e-05,-0.0008077378973921776,-0.0010484213295166973
ZAF,ssp126,ipsl-cm6a-lr,-0.010091022481945447,-0.01713286892847328,-0.007348867002882867,-0.014665969202613744,0.0002721826600992441,-0.010720042940642743,-0.004143547038177431,-0.004816861024359659,-0.006301700811660453,-0.004277899940940676,-0.002132247885262776,-0.001315522420775285,-0.003371945176239461,-0.0031380440692586366,-0.0010186398340447783,-0.0006356806668573022,-0.004683237987263483
ZWE,ssp126,ipsl-cm6a-lr,-0.081385988615851,-0.0140364716939913,-0.028669400607823955,-0.06988838876304271,-0.02999381963898662,-0.05533193039699243,-0.016613791071501984,-0.008481348945626969,-0.00912379127943257,-0.00864874292093493,-0.009089178503256632,-0.0032963629770874823,-0.006741681025861061,-0.0011455653090795197,-0.0018988899363157855,-0.005606180382238822,-0.0004535371680135091
ALB,ssp126,mpi-esm1-2-hr,-0.027524370520669993,-0.20816547159199233,-0.0246116449973284,-0.01479805212668342,-0.003208314894309697,-0.021708974192598787,-0.07179764994901897,-0.08657040618208856,-0.09227103207021829,-0.03470491317271076,-0.027554513775735846,-0.042776996447929184,-0.005325516090787516,-0.013404880834083638,-0.01729770625667631,-0.03497153883475818,-0.02356760601148964
ARG,ssp126,mpi-esm1-2-hr,0.0016913677641672402,-0.0006332640419875957,-0.0007505322987289897,-0.0006121755250068086,-0.00016679390526925055,-0.0007877090554955959,8.09676779962027e-05,-0.0003777492243312694,-6.079752347861498e-05,-0.000266520119680808,2.1518227542363925e-05,-0.00011660301016322394,-0.0001599666231584532,0.00015817841686285348,7.680965661298648e-05,-1.4120353978673137e-05,-0.00010578208506359656
ARM,ssp126,mpi-esm1-2-hr,-0.01434677404272164,-0.014083984606006846,-0.06788997568721344,0.00501336579137143,-0.0073680030742256306,-0.004846579093845619,-0.011317019474273642,-0.007230600210764205,0.0032665757957399807,-0.007630656225009061,-0.008144963664562925,-0.018697504833819052,-0.014758031469456237,-0.00628974467187203,-0.0018625385032835923,-0.0014683004970913159,0.0009047782548769468
AUS,ssp126,mpi-esm1-2-hr,-0.0011675440516066902,-0.015771642941018547,-0.00713324623777839,-0.012252216981106201,-0.013914144384148144,-0.011359606451509048,-0.013781528196624263,-0.038045694242963585,-0.02589364751052582,-0.015931064098529464,-0.005059619644146173,-0.02533452999349351,-0.012562075269899683,-0.007167832098562488,-0.008093478515786984,-0.01723372382914494,-0.010611874464159102
AUT,ssp126,mpi-esm1-2-hr,-0.0005831821851014364,-0.006575706576365543,-0.0010521845109943053,-0.006681099520336982,-0.004730471733387198,-0.0010308571793102804,-0.008128476337327365,-0.014729910971663325,-0.0037731878709393336,-0.002776570380250318,-0.0007074805160361434,0.000384493345197939,-0.0005833735356735876,-0.0003456763584592754,-0.00036143358349712294,-0.001289801911186499,-0.0006146462572163633
AZE,ssp126,mpi-esm1-2-hr,-0.05077310237318821,-0.028476353463763315,-0.140127594520984,0.021792303847338122,-0.03307839192139847,-0.011434611585790292,-0.020493761671665025,-0.012271272940038836,-0.006630502790101449,-0.020569513684247254,-0.020436719684504306,-0.03257633585832034,-0.027021730390989512,-0.020296005892042116,-0.002362505263352795,-0.009728130850912065,0.002016683671292389
BDI,ssp126,mpi-esm1-2-hr,0.0011799295523715293,-0.004910351444804852,-0.0036749139269151086,-0.009920716657075078,-0.0011334639259766612,-0.0010300555145856898,-0.0003294786565747673,-0.0006404155671207075,-0.0004985287255700098,-7.863864921611887e-05,-8.737138731555018e-05,-3.0957957189586643e-06,-8.30026502046401e-05,-7.28557892617805e-05,-2.3403097033356982e-05,-3.746898481663885e-05,-8.332860653843128e-05
BEL,ssp126,mpi-esm1-2-hr,-0.0031398670486392,-0.0022718419694178838,0.0015014015455383776,0.001378120128274525,-0.002138184720491248,-0.01353085589062525,0.001514143182992101,-0.011834042988464678,-0.0004537605841805932,0.0005231249233673682,-0.00038455712896451414,0.0003727188759672967,0.0016282058345798757,0.0004906601139300208,0.0003714578902334105,-0.00014508607983272718,0.0008219922294321624
BGD,ssp126,mpi-esm1-2-hr,-0.001030986849418374,-0.0004095727588279355,-0.00041569903878132077,-0.0012376636572928037,-0.0009810463258251288,-0.0006185940302914382,-0.0010960198816289597,-0.0007759549198941164,-0.0008190494428215795,-0.0005992835682072466,-0.0005567496382618325,-0.00018529243522940437,-0.00042148430437016874,-0.000229730566214193,-0.00017952267395683304,-0.00043628405419353415,-7.485998824560648e-05
BGR,ssp126,mpi-esm1-2-hr,-0.19497257698864684,-0.4839442675847112,-0.16170242934594373,-0.09659576885898433,-0.07357795956358192,-0.09095744877782816,-0.1497514237611816,-0.21712594048634665,-0.2019717388084257,-0.05701143210635412,-0.06928000968739362,-0.121935969838701,-0.11375083229926451,-0.12183498667392889,-0.06825549830742653,-0.13536092152834622,-0.06349630513613612
BIH,ssp126,mpi-esm1-2-hr,-0.007700131329032049,-0.07037362003250912,0.002223988313328919,-0.0030207746093726313,-0.009456001217772583,-0.006107888649046497,-0.012497837269344987,-0.04122477666332285,-0.042899009094170534,-0.01640511726380834,-0.0015183789558641191,-0.0033941725889438446,-0.005255213859162741,-0.008730174573055553,-0.03290048995376529,-0.025286330563025785,-0.028885829042289462
BLR,ssp126,mpi-esm1-2-hr,-0.023202052217428867,-0.017616286362318052,-0.010988884311304396,-0.01804975260174986,-0.011373612122927064,-0.001895003383035757,-0.0027124200327693034,0.0031853599413819737,-0.0016104993106152022,-0.00606360940114732,-0.007935552842798092,-0.003705380896970747,0.0004211788174362151,-0.0034814188462617274,-0.003789724099131799,-0.0035702056805393414,-0.003373936945260976
BOL,ssp126,mpi-esm1-2-hr,-0.04604745851921568,-0.08864498254049387,-0.03137229488263994,-0.017664118533879218,-0.0249461353741182,-0.0029922745881262687,-0.01020413109427548,-0.010527003637758929,-0.015665567725028362,-0.00289220734124673,-0.00533487823960631,-0.0023686495117434844,-0.002959956508628038,-0.0021067856924223,-4.062603182887704e-05,-0.0030616880235518696,-0.002517270462917022
BRA,ssp126,mpi-esm1-2-hr,-0.0018995139501909117,-0.004665910189936353,-0.0012638848335745079,-0.00439063445518469,-0.0012318373199700114,0.0008575956842423953,-0.0013617542633408068,-0.00048215782836662506,-0.0018496669179233077,-0.0009650430493421443,-0.0008081065621899561,-0.00070154789070549,-0.0007185412777074142,0.00028554208383152404,-0.0007938756001106639,-0.0005202957436788841,-0.0013887086733548586
BTN,ssp126,mpi-esm1-2-hr,-0.0006379926606622394,-0.0009246554047499206,9.882205867055256e-06,-0.0004982204015095141,-0.00016545705610931377,-0.00020158777739630562,-6.45934917149192e-05,-4.067341127902857e-05,-0.0002309399226252093,-0.000220581130804312,1.531279896987231e-06,-2.7193005945296757e-05,-2.7514925981672722e-05,-1.881995748017986e-05,-8.24566872861477e-05,-4.787838362242135e-06,-5.2514849183221515e-05
CAN,ssp126,mpi-esm1-2-hr,-0.08320124630835662,-0.03598078150187528,-0.030339466823264594,-0.12289839945863897,-0.012825565240966029,-0.057411736947776605,0.02299149974339214,-0.036335277756057965,-0.028808695420996285,-0.0013773282721542498,-0.062188769353186873,0.001493010435207447,-0.003913646283066444,0.0013659494103147954,-0.014903289357938245,-0.023099346140997498,0.003439220022508049
CHE,ssp126,mpi-esm1-2-hr,-0.0010143948565300802,-0.0011375724301965484,-0.0008418904848852044,0.0005157348280407895,-0.0023226913387623593,-0.0026570972979077585,-0.00033196109570108885,-0.0022360880651243116,-0.0013627044260133335,-0.0012031703394179529,-0.0008406161274597459,1.5650471322816785e-05,7.336086801743746e-05,1.1778862709336996e-05,-0.00031010703675678414,-0.00033919171105708336,-9.324675589565635e-06
CHL,ssp126,mpi-esm1-2-hr,-0.00034854820427186316,-0.0021401693601923125,-0.008637249830019468,-0.0010697339000984379,-0.0011237564596542648,-0.0010535569226824907,-0.0014835985656118766,-0.0010202227913618219,-0.0014385650470072212,-0.00046429703217807657,6.718199686234906e-05,-0.0001714509170938964,-0.0005658921793381184,-0.0013799722320732041,3.32209955016299e-05,-0.0007320411782189054,6.673027660940028e-05
CHN,ssp126,mpi-esm1-2-hr,-0.007192513135164305,-0.008700341531509044,-0.01719596576554613,-0.0008313713572432322,-0.002582354729350817,-0.005141103242004998,-0.0032397477454585784,-0.00732688181614721,-0.008607286740967496,-0.004931766192300006,-0.008211517768942503,-0.006230087268191606,-0.005728232244255202,-0.004456364449589318,-0.0011134344457521888,-0.007626027463943173,0.00020760543838729947
CZE,ssp126,mpi-esm1-2-hr,-0.00128090031267515,-0.013710577324613511,-0.010883553435704543,-0.0231746764199015,-0.019621252043222636,-0.006052148334326086,-0.036535468730481475,-0.0796800852951739,-0.008310440761789177,-0.009180557084475472,-0.001512910779442109,-0.001886234493710009,0.0019645396764433813,0.00032280694142879394,-0.0020952752608890007,-0.0044860835072426915,-0.005235256332977676
DEU,ssp126,mpi-esm1-2-hr,-0.002833553798747277,-0.0029396251585092213,-0.000596205548932586,0.0014951485170908152,-0.006060296046771489,-0.01168829257840698,-0.0009134418441339787,-0.013685856047647481,-0.0020207414148238323,-0.0017200814253785157,-0.0012952969446953508,-0.002325209351076817,0.0015473411496661187,0.0005574432572618822,0.0011398903270682893,-4.71741361098565e-05,-0.0005401914188635402
DNK,ssp126,mpi-esm1-2-hr,0.0005903304355873451,-0.002567255019314772,-0.0012888324259866404,0.00035909947635309975,-0.003166643960163678,-0.0020455428757366967,-0.0042028510136695296,-0.011395315588265098,0.0018797382737685332,-0.0024477585883707566,0.000360685357145623,-0.0010241993850729132,0.00257636725495421,-0.005098559776941803,0.001612902101992175,-0.00025747833050984215,-0.00653415912819133
DZA,ssp126,mpi-esm1-2-hr,-0.1408161135815299,-0.18719521722327892,-0.07386663554571683,-0.007943254169859222,-0.04533726903225687,-0.020701740601886474,-0.030802278223296863,-0.04416900348363717,-0.029504631491462274,-0.03100924195470026,-0.011100973686748526,-0.010878089273470557,-0.011521514854036088,-0.007354314063638206,-0.00686853901965407,-0.011129244316693416,-0.0018280248289342554
ECU,ssp126,mpi-esm1-2-hr,0.00012511832603591736,-0.0002135354357741991,-0.00018438024326890057,-0.00010754674453980927,-0.00010833837998908602,-0.00016509269826817048,-7.941234282296941e-06,-9.67028956453113e-05,-6.771363804545686e-05,-5.299105554663965e-05,-5.178801095159096e-05,-1.6982140389888646e-05,-2.4882775149847718e-05,-3.24286817044381e-05,-5.849831721596313e-06,-4.3804702595621e-05,-8.922989438428381e-06
EGY,ssp126,mpi-esm1-2-hr,0.007285538034316389,-0.00553057690685554,-0.007225951677738991,-0.0022555639889303195,0.000905590945875606,0.00033759867626744324,-0.0027016991597740843,-0.00451619942254255,-0.002354159092934438,-0.000546844355785967,-0.0015744048391676782,-0.0014993024883594853,-0.0005947754830499645,-0.0016614178577111043,0.0008776440952581872,-0.0011126563656328743,-0.00103399284912566
ERI,ssp126,mpi-esm1-2-hr,0.07999239771001491,-0.10832541378573748,-0.0242714067924183,-0.08796567906056413,-0.1485505415547303,-0.2753881350563539,-0.10584365210997153,-0.09758343475735916,-0.09348881616607474,-0.03964424602030624,-0.06847040838964444,-0.049148878203656765,-0.058996968816289797,-0.023115740216817587,-0.04854703500812151,-0.04151650923557963,-0.03894189914641599
ESP,ssp126,mpi-esm1-2-hr,-0.023180279303017873,-0.009919731636360835,-0.011860245152881182,-0.001321549616625011,-0.011884351190459674,-0.015641239747862867,-0.0067743938034252075,-0.005982640602037425,-0.011768649374270333,-0.005835361136533158,-0.0049871400273895665,-0.002706162846750593,-0.004347360381557217,0.003390242387198113,-0.005822316218346098,-0.006596794530387057,-0.0008793620586763737
EST,ssp126,mpi-esm1-2-hr,-0.020912730330868767,-0.016546517459029145,-0.030431454816747746,-0.0010045797660197216,-0.0004113913408496654,-0.0016920641921124645,-0.01576255745412682,0.0032971720698451784,-0.003135445557923239,-0.0054594511705366305,-0.011039586133773469,-0.014325315928056416,-0.0060192591128923655,-0.013774895626836363,-0.005768356583327729,-0.015589859655107776,-0.014644398037613426
ETH,ssp126,mpi-esm1-2-hr,-0.018683947306991865,-0.04396140433791931,-0.003039600064601713,-0.003953626920953169,-0.015388186247883453,-0.029953862932256412,-0.006191677341468901,-0.005173317963236927,-0.004915862331867769,-0.0030626336894242164,-0.003167508035441872,-0.001686290364600504,-0.003621668820988858,-0.0027168490754623403,-0.002842516029590157,-0.0022897511382642738,-0.0003435571156637717
FIN,ssp126,mpi-esm1-2-hr,-0.002687190581790274,-0.0008940449947078754,-0.0006500722374087555,-0.004403784195691946,0.0008664095476292391,-0.000982382722303776,-0.003443378117327069,-0.00312885738068796,-0.0011713114389200893,-0.0005272232187385582,-0.0020780230380990864,-0.0017517555580072429,-1.8240788288053537e-05,-0.0008503499960575913,-2.433988150425852e-05,-0.0016935509539563163,-0.001482913879832921
FRA,ssp126,mpi-esm1-2-hr,-0.03177384846350609,-0.002960657611927,0.007858288718243654,0.0012887079906972849,-0.012046282164362316,-0.03653604202832707,-0.0032863897532328518,-0.017296563855225308,-0.010144905879747356,-0.00340174785119834,9.083764596134396e-05,0.0008318282784353931,0.0036076683997809302,0.0016484791037028003,-0.0011557231431056278,-0.004944712859761697,0.0017294556105770657
GBR,ssp126,mpi-esm1-2-hr,-2.729458803073337e-05,-0.0008054578196227014,0.0024626495689746264,0.0027948617827022034,-0.0004284993131411365,-0.0007851956638041303,-0.001769640530662409,-0.0014606545943629322,-0.0012703838551916709,0.0006648938999820708,0.0004375911171304237,-0.0001870334447299267,0.0011501551519083125,-0.00037076676786685037,-0.0003029143558258533,-0.000143101737198262,3.850187738410504e-05
GEO,ssp126,mpi-esm1-2-hr,-0.004700732829342954,-0.00830602617500644,-0.022751665231591476,0.0022974924430279693,-0.002684081301534776,-0.0022878870640846176,-0.005691662841462005,-0.0034796972542965815,-0.0025859839231797367,-0.0077382159765826825,-0.006025400244657678,-0.00834751922725391,-0.0023944923331442568,-0.0040642728506626495,-0.0013397093230077574,-0.0002649313931616404,-0.002949511415866615
GRC,ssp126,mpi-esm1-2-hr,-0.0013584831501203868,-0.04935937181408664,-0.008430234932581535,-0.0061743089322195185,0.0005914644999801565,-0.0047908506502639695,-0.016146622562872474,-0.010282858666675937,-0.011233339871165657,-0.005200960998630364,-0.0003547966765909258,-0.009773738319872882,-0.005920508380723503,-0.0039601591541619284,-0.0014945421150301841,-0.0039483454923256965,-0.0008941930973277931
HND,ssp126,mpi-esm1-2-hr,-0.00011182263820728536,-0.00018330866662503463,-4.156475468388576e-06,-5.539047983384601e-05,-6.190793690320986e-06,-6.707259763144146e-06,-2.015068817773104e-06,-2.923506232006252e-05,-8.12134523137108e-06,-1.953439994540555e-05,-3.3319333793368043e-06,-1.0430615127439177e-05,-1.851482859542541e-05,-1.1403792200386537e-05,-1.3938310398611854e-05,-9.407298093490216e-06,-1.1596826369554886e-05
HRV,ssp126,mpi-esm1-2-hr,-0.007506916195699124,-0.5076839015132306,0.019030099470347485,-0.07466569169692987,-0.1301888284791629,-0.08316033456293534,-0.16882431538070627,-0.43907499553982865,-0.3485891249059422,-0.14728759353873974,-0.00953531489628069,-0.0024750569859886854,-0.04852665772078294,-0.0061264158725734515,-0.1936028039472749,-0.10476366224157845,-0.04883413959173245
HUN,ssp126,mpi-esm1-2-hr,-0.04185334686687627,-0.0897632258944351,0.0020400453860206164,-0.04950823896716505,-0.031215030516165795,-0.0111782771213104,-0.02651160648902699,-0.09460424419705313,-0.05308339493636736,-0.0088412669421356,-0.006609305966319447,-0.001073019010613562,-0.006940165194663772,-0.001153585033466181,-0.024104814544151917,-0.013154461050628488,-0.013380486797625303
IND,ssp126,mpi-esm1-2-hr,0.00854457207678221,-0.007031684632826594,-0.0066543766897693354,-0.011067181112267618,-0.006993409305779918,-0.011011673891392538,-0.0037921011222695157,-0.009550119070049889,-0.0032743615254825055,-0.004310524815082905,-0.006967270798179846,-0.002602902368194863,0.0008113682988656777,-0.004683289571186075,-0.002123840070804285,-0.003224945787854649,-0.0026059052638200734
IRL,ssp126,mpi-esm1-2-hr,0.0001251231893682519,-7.008395114517107e-05,0.0005356135748141439,0.0009316556238143106,-0.0004933740831128681,-0.00027418729188711063,-0.0009297074524777978,0.0002464238241820584,-0.0008525901875292421,6.179693850672998e-06,0.0006597463272447146,7.166694234930235e-05,0.0006879380891103382,-0.0012123856602574994,0.00010732657306345319,-0.0012509409193563097,-5.869580189264853e-05
IRN,ssp126,mpi-esm1-2-hr,-0.01477452210460333,-0.005386359488875343,-0.009266080921434628,0.0017185081540236648,-0.004195019363730172,-0.002405466085761247,-0.002493669171646814,-0.0015149834366629757,-0.0007432207565510228,-0.001248159440928614,-0.002197826971752072,-0.0019768954558614343,-0.002297802042992951,-0.0009654157401666145,-0.0002363742010629363,-0.0017205542694509995,-0.0003107054958058842
IRQ,ssp126,mpi-esm1-2-hr,-0.1507155149877148,-0.07761347516977617,-0.10359875220523969,0.015781185065649746,-0.022145384381258543,-0.012043365741222571,-0.02450400298127414,-0.024371150756289178,-0.020143726410216663,-0.015225368479481577,-0.018484618651990962,-0.02333681515805321,-0.017835635711645384,-0.012650900170664487,-0.003544357156046544,-0.010025181146965307,-0.0047354206433282905
ISR,ssp126,mpi-esm1-2-hr,-0.0003473068231094875,-0.0005503906760407813,-0.000509365460589904,-0.0003261665944461912,-0.00018733518343529718,-3.538776170151992e-05,-0.0001575766689871863,-0.00023682758881224793,-0.00043536835664056273,-0.0004158386915607573,-5.289705751221884e-05,-0.00015663741628722228,-6.887078689751885e-05,-0.0002113285426733685,-2.2523459323332564e-05,-5.503184181745237e-05,-3.0367682012736277e-05
ITA,ssp126,mpi-esm1-2-hr,-0.004330548575972662,-0.02168591446988706,-0.0029490662473099912,-0.0019210266117401763,-0.0023865051837741558,-0.003225987060960189,-0.00454449634885092,-0.005695644182409605,-0.010637674534091788,-0.004472130171621207,-0.0014591958434196648,-0.0030182926268607444,-0.0013499626926163385,-0.00011511939133724482,-0.0021689981484929416,-0.0032142693820272046,-0.0016631117177195183
JOR,ssp126,mpi-esm1-2-hr,-0.0008827792774499393,-0.0034959840886256734,-0.003660185942375615,-0.0008404324423959806,-0.0011060002558561197,-0.0006331504964912816,-0.0007148522465064054,-0.0008220909771137433,-0.0015042186759673768,-0.0011328446454849641,-0.0002174791549560923,-0.0007117529739663613,-0.00035986558525138594,-0.0006632493990410174,-0.00013595779152483276,-0.00014540694463050752,-0.00011218105509463362
JPN,ssp126,mpi-esm1-2-hr,0.00012470007970824553,-0.0005537253620443629,2.7430459470679372e-05,2.2071215528790547e-05,-0.0002840532215337115,9.661560595329283e-06,-2.7769415563049336e-05,-9.671463372188617e-05,1.5633583913854613e-05,-0.00013357027357753021,-0.00017523780118501562,1.5697723189617805e-05,-4.007085305081932e-05,2.1099012368265133e-05,-4.375036033191097e-05,7.24171182509593e-06,6.1293870874975586e-06
KAZ,ssp126,mpi-esm1-2-hr,0.012693726892043901,-0.019823159777651603,-0.18891284550330142,-0.005976402342690036,-0.03680195982286447,0.014225881833153415,-0.004230225681277077,0.006482351559299266,-0.11695740106397669,-0.03315548058600565,-0.04222217677441912,-0.004841334677048226,0.0027876197951397365,-0.01170186294253153,-0.025637543472295788,-0.09427877404851719,-0.04610022003159901
KEN,ssp126,mpi-esm1-2-hr,-0.0022774034866803066,-0.003688798271683703,-0.0023374629626648053,-0.004138648361183793,-0.0013388844060779163,-0.0036404297292201826,-0.0005010947722582917,-0.0006781367155595115,-0.0005416729560533994,-0.00048258701122189205,-0.0008923762341418715,-0.0002447041795372021,-0.0004415746368974576,-0.00025555831040415027,-0.00034845049888635815,-0.00030458323400992795,-0.00021284849790316433
KGZ,ssp126,mpi-esm1-2-hr,-0.036499039010515315,-0.05071501028353195,-0.07909767954791735,-0.00607207356039977,-0.019546526366307243,-0.01353156232533281,-0.012154862612380992,-0.0014394879410214744,-0.00893163186826407,-0.0037368253493738055,-0.005887394465360377,-0.007827779798870161,-0.012855100313570532,-0.005123872647130768,-3.628013228158318e-05,-0.00745480919182621,-0.0029797402296550717
KOR,ssp126,mpi-esm1-2-hr,-5.621632950883721e-05,-8.026790923442958e-05,-4.499882495691782e-05,8.263231050745643e-07,-5.380915241771918e-05,1.3151061475614218e-05,1.1648824288260207e-06,-3.35070541172824e-05,-2.0137449283321068e-05,-0.00010974306944727154,-8.215220976307834e-06,-1.095351065916135e-05,-5.730901860852015e-05,-1.0681614631990594e-05,-2.4154625828221476e-05,-4.6960895035106716e-05,-2.0600043741700314e-05
LBN,ssp126,mpi-esm1-2-hr,-0.0014576549537928538,-0.00014473281232465205,-8.686690518147821e-05,-5.574066277095749e-05,-4.650451250339235e-06,-2.2435053689304238e-05,-1.6764604914815607e-05,-2.9449504070962964e-05,-4.376059262005094e-05,-2.9827688893475374e-05,-5.36124307518865e-06,-2.540467438505169e-05,-6.4843209615556214e-06,-3.2263211637707806e-05,-9.769113953251611e-08,-6.9929567112361934e-06,-7.276480820135078e-06
LTU,ssp126,mpi-esm1-2-hr,-0.08795026876388422,-0.10880404900432551,-0.09936701162577517,-0.03756442546672607,-0.03167342369396997,-0.0010532052688016489,-0.049235756994567184,0.026416784974167128,-0.013735341565806523,-0.0677983577874808,-0.0955560331845076,-0.07517523442004778,-0.0044958108502448696,-0.06433054489384381,-0.02581860787952999,-0.06270416314995675,-0.06573159267740908
LVA,ssp126,mpi-esm1-2-hr,-0.07288113017290827,-0.06336538679661875,-0.08312718536532934,-0.007730059783713024,-0.006748978181934756,-0.0008859775345976829,-0.041297866195167135,-0.002986470267132631,-0.01033543495766731,-0.0296674020427038,-0.03104335972787642,-0.03695828491564594,-0.0009804530999554,-0.0416040046564508,-0.016987989971844083,-0.03059128059470911,-0.029223535407943434
MAR,ssp126,mpi-esm1-2-hr,-0.042493566342964,-0.03428114507373288,-0.0617825029892326,0.006922904831479497,-0.012386024691165745,-0.014598798140007637,-0.004128702863841939,-0.0073575278785728065,-0.010021434588947904,-0.007044077992114038,-0.0066497163651361825,-0.002674852542357406,-0.0056148527011567065,0.001199754090093761,-0.006253153432294373,-0.006388835414705064,0.00014246971670619035
MDA,ssp126,mpi-esm1-2-hr,-0.10088081769495463,-0.29968000579297127,-0.03715936400923665,-0.10182064769677197,-0.08911460546806432,-0.08733793279412995,-0.034538254905584674,-0.1508921993522542,-0.06829633729700985,0.003291677826101162,-0.044542423118019044,-0.04160262036385563,-0.014200138992743281,-0.03340732524636279,-0.01652810557911924,-0.041411026430409136,-0.023280140727603663
MEX,ssp126,mpi-esm1-2-hr,-0.0024249016559052565,-0.004509463541473672,-0.004402528167834338,-0.003898264331529146,-0.005897125111098253,-0.006789613457350249,-0.0038217003043503617,-0.004175692281772169,-0.0035460499157357966,-0.0021697109745240774,-0.0037780970634499525,-0.0018108059576737718,-0.001062531171573189,-0.0005373363719635983,-0.001020262866964428,-0.0019168618332969577,-0.0004179274267220295
MKD,ssp126,mpi-esm1-2-hr,0.004566770591132556,-0.14370983645943322,-0.014998124185928201,-0.003772466919357011,0.008227284929144678,-0.007529633645966626,-0.021271285418765964,-0.02248308865999641,-0.029928915009649865,-0.0033435078514468352,-0.0003270231109738737,-0.01071690048402032,-0.008622642729402835,-0.011805204302900092,-0.002419542331688667,-0.009266161174769484,-0.0015136602375961344
MLI,ssp126,mpi-esm1-2-hr,0.0008664038023299971,-0.02289748848922552,-0.01719925067746671,-0.0030558616626870532,-0.008456838648552659,-0.006068535350950921,-0.003403718428100634,-0.0030493284437904545,-0.002222960993903648,-0.0019171484227754722,-0.0015244079237225617,-0.001254747004643976,-0.0010720518887920034,-0.0009953613357599354,-0.0009084016795585842,-0.0008300365272799191,-0.00029186254755180326
MNG,ssp126,mpi-esm1-2-hr,-0.012355481054484606,-0.027564396847699624,-0.017134331779657848,-0.007711768898114148,-0.012718646600108113,-0.007852046672760044,-0.00794522609587916,-0.008346227114744354,-0.002367141440172862,-0.0008079937248828027,-0.0014724231448014378,-0.0011629925921660138,-0.003783666930391496,0.0007195528997766745,-0.0026648170840504444,-0.0005816821876770232,-0.005104632003814038
MOZ,ssp126,mpi-esm1-2-hr,-0.0016773170649868304,-0.0017210511311335198,-0.00019167014361042272,-0.0006445138748170677,-0.0002747751182505656,-0.000648734605961955,-0.00019399948002536598,-6.923436949226419e-05,-8.292581972760106e-05,-0.0002301727969310903,-6.924439466683092e-05,-9.30872446631489e-05,-1.4632560456847732e-05,-7.373320933455419e-05,-5.127629009757971e-05,-6.413358057305979e-05,-2.8193442889702742e-05
NGA,ssp126,mpi-esm1-2-hr,6.539892153819256e-05,2.4471015011880356e-05,-1.7032765621497044e-05,-4.140269813059336e-05,-0.00011282284774468543,-0.00013413997294056782,-6.616768031175912e-06,-2.2111664978645433e-05,-2.2834206959542062e-05,-3.497510544886241e-05,-1.4433170012618388e-05,-1.9952819891954806e-05,-2.1472823771257446e-05,-7.800447429771411e-06,-2.1330762545647283e-05,-1.387960010199138e-05,-2.685360101894211e-06
NLD,ssp126,mpi-esm1-2-hr,-0.0004686885585634558,-0.0010369094547275442,3.4618674492420204e-06,0.0005898519941772725,-0.0010703884602084642,-0.0007552024969469356,0.0003256905580058234,-0.0038960165683013795,8.526538668308576e-06,0.00010148578251206264,-0.00022514472650939657,-0.0003909389725015002,0.0005919964132178446,2.3520382525111964e-05,0.00017431525246697902,-9.8653791382158e-05,1.3983899620714318e-05
NOR,ssp126,mpi-esm1-2-hr,-0.0001596638206043471,-0.0006059731438227336,0.0004289084145196658,-0.000265602172713968,-0.0010050829710345672,0.00027405603452625296,-0.002341075222054737,-0.000819487779074293,-0.0007612254306295736,-0.0012445634014783568,-0.00025150149268649864,-0.0006561358062877521,0.00027807420380439183,-0.0004111201960681824,-1.741620071156104e-05,-0.000612270228051277,-0.0009126520437209032
NPL,ssp126,mpi-esm1-2-hr,0.02429257228396954,-0.1245382482608084,-0.06229530262170241,-0.13394397218448875,-0.03536608500211889,-0.032524709977572626,-0.03179955084721376,-0.020739963204551355,-0.041782587733463515,-0.013482237234645726,-0.013050585262415761,-0.006169307199457346,-0.007112773845170287,-0.004811361870828466,-0.009855464350805579,-0.002186489590096013,-0.005439057025028982
NZL,ssp126,mpi-esm1-2-hr,-0.0005391649946103764,-0.000736529602611875,-0.00014851631430234564,0.00019602734511238004,-0.0007516145746916526,-0.00039622804132940283,-0.0008473012454057456,-0.00031747067426885964,-0.00131442189164615,-0.0008530418591549072,-0.00016626501618086076,0.00032387753494850203,0.00010023425605930813,-5.1627340447680754e-05,-7.795722570791627e-07,-7.637371881111e-06,-0.00020573560442475484
PAK,ssp126,mpi-esm1-2-hr,-0.0007383598145726165,0.010773556748608991,0.009968766161764803,-0.009951856021866311,-0.0052702572213530734,-0.019417770065783744,0.0009848202054853592,-0.008407753753517084,-0.0011799417598379386,-0.0012693968838003956,-0.004391507133350752,-0.005988871904573814,-0.0006006418926085423,-0.0026723611647046053,-0.0015215561036463101,-0.0041521867497398115,-0.0012665422904307886
PER,ssp126,mpi-esm1-2-hr,0.0003777284997600606,-0.0016159886993734615,-0.0001503135343271429,-0.00027359446168008874,-0.0005573507087838399,-0.001015721626709451,-0.0007500030836659381,-0.00016132542224254448,-0.0005123868154225972,-0.00022038054631380913,-0.00016439665151359264,-0.0001341704322663047,1.7011318546801157e-05,-0.00023662582436164768,-5.8334852423908555e-06,-0.0001658537258651568,-8.484683834793959e-05
POL,ssp126,mpi-esm1-2-hr,-0.019109425323705086,-0.022055218275573354,-0.005448764500486022,-0.012361435621206137,-0.028016018171965657,-0.006262029854981484,-0.009929911596004141,-0.04380087049155255,-0.008009703453141994,-0.009206107811003637,-0.014612824540993708,-0.0136917104300051,0.006214177402602,-0.0050483295693496836,0.0003592422879737913,-0.010530827629685671,-0.010415251417518546
PRT,ssp126,mpi-esm1-2-hr,-0.001094477249139731,-0.00024663601788861073,-0.0005462473315427203,0.00012398674596963576,-0.00039585531814682103,-0.0006516088172599153,-0.00020208205365840755,-0.00010173951811782583,-0.0004408283877598503,-0.00024686015401106893,-0.0003271855171078971,0.0002042598756253418,-0.00018670234262238192,0.00021480996477590494,-0.0005402330912030546,-0.0005758907300135325,-0.00011014011324685306
PRY,ssp126,mpi-esm1-2-hr,-0.006121214660928314,-0.011130651146011923,-0.004192349854777637,-0.008635807473693188,-0.004272037279055003,0.003366765542797668,-0.0044443853671342045,-0.00010019115941439948,-0.004876332969642225,-0.004269818566428385,-0.0007691166953171876,-0.0005974557256010862,-0.001274035841038104,0.0011130181795449164,-0.000755921323262571,0.0001420800396651749,-0.00277980092067368
ROU,ssp126,mpi-esm1-2-hr,-0.052565585243904096,-0.16950804832336594,-0.019380177207838856,-0.029801421321760616,-0.042047332747196,-0.03536908821862572,-0.030231394701860363,-0.11270522373389871,-0.0865727793104754,-0.00799818306749849,-0.024946787311808893,-0.02493861361811934,-0.022488160586523295,-0.02957401334352746,-0.025134003395203424,-0.04423474709575453,-0.027016391549061776
RUS,ssp126,mpi-esm1-2-hr,-0.028867864151287462,-0.05028010389506245,-0.11748246636464535,-0.08324525624405041,-0.05120801570328994,-0.01214710927331586,-0.051407102517554454,-0.017723055894643618,-0.047735396586985925,-0.039222841967852855,-0.03683991548396463,-0.0211451277358869,-0.007684569400843048,-0.022344639857008377,-0.053032267221607504,-0.04165466032721361,-0.028894184351160885
SAU,ssp126,mpi-esm1-2-hr,-0.007380884541347416,-0.015956195434095266,-0.011058402475892102,-0.002660722873349371,-0.011757166805296575,-0.011300845306978093,-0.009362060367903461,-0.009326295717189471,-0.009396282476840746,-0.0044960675269164465,-0.009205697020931968,-0.008811521114389488,-0.005020089082017056,-0.004101422870831299,-0.003220146421609042,-0.0075230373159647455,-0.004320016676331698
SRB,ssp126,mpi-esm1-2-hr,-0.02140442462762419,-0.2524424896560994,0.009492425272065503,-0.01405776881620514,-0.021063136480135244,-0.017802711017828425,-0.04560264660661274,-0.19236351350174102,-0.15821339258227257,-0.013065551395860547,-0.003043547236752039,-0.012505698585868608,-0.018803565565928267,-0.03366909994583621,-0.067740075266155,-0.05423271727253991,-0.04065140195672921
SVK,ssp126,mpi-esm1-2-hr,-0.016009393541365668,-0.038106415170680176,-0.004608363286764249,-0.06364015879039894,-0.024868320612537912,-0.0032688509138867157,-0.02595817739884917,-0.06895623376766108,-0.019831027294733967,-0.009249294968758748,-0.004023994346770084,3.833085143918136e-05,-0.0004034998304992977,-0.0021712509883186257,0.0002860011105538903,-0.007896226818358965,-0.006759857729015441
SVN,ssp126,mpi-esm1-2-hr,0.0006759876979263737,-0.010792957406784608,-0.0006024256809311138,-0.0024727157373493677,-0.0028051290848326795,-0.0014136601206693998,-0.002916386685526119,-0.005280025703973889,-0.0032970430668367097,-0.0019709779841483553,-4.614590788098415e-05,-0.0009035429799365757,0.0003066850903509986,0.00020480811913900756,-0.0013407555323374264,-0.0008251978523083127,-2.5064768586978464e-05
SWE,ssp126,mpi-esm1-2-hr,-0.001598552161881702,-0.0018018472050861458,-0.0005991033893157807,-0.004850898929638221,-0.0008267229025991328,0.00032444292957816795,-0.005846026054501679,-0.006141483057288623,-6.409731487290818e-05,-0.0025157064725813754,-0.002172865329510928,-0.0017811632994692763,0.0006703467808388341,-0.001237659381765083,-0.00016312414520760365,-0.0033151330729539966,-0.001741130302261707
TJK,ssp126,mpi-esm1-2-hr,-0.03707089218681706,-0.05413908132389212,-0.06955047784422669,0.010117554648919506,-0.019924091063629988,-0.008588976458634184,-0.009642529473676354,-0.0016921845526107102,-0.006117074541035451,-0.004516877281245163,-0.005277066262634319,-0.010040942538527976,-0.0044577542777988815,-0.004054826027990801,-0.0021862293868005482,-0.005640003025116035,-0.0029764290712724606
TKM,ssp126,mpi-esm1-2-hr,-0.059381083556558335,-0.03666925375842203,-0.06710817070895365,0.0019008666908204796,-0.033160102410332036,-0.016093832699703096,-0.022590961064254147,-0.006327604781345158,-0.019559588458808272,-0.018046751365648622,-0.016001090794487742,-0.03856712702292471,-0.013215210233914788,-0.023238757771562955,-0.004066879140811908,-0.02977279329673112,-0.006399645049348499
TUN,ssp126,mpi-esm1-2-hr,-0.11484730260040968,-0.2528977729441643,-0.04184817091513112,-0.020197176343146304,-0.0209312832897794,-0.011930569027699863,-0.01614182497443191,-0.028763073420158054,-0.021056953431174183,-0.018531398319963265,-0.00236651006590193,-0.014672988322713205,-0.00865039275822899,-0.012185488839589177,-0.004026253646017394,-0.008053452145298354,-0.0036187321846967648
TUR,ssp126,mpi-esm1-2-hr,-0.014125768376048507,-0.00614573653967629,-0.007155200924869288,-7.51033979607285e-05,0.00046332392041782363,-0.001973226102800963,-0.0069042332068766105,-0.0029847829400512036,-0.004248357991161911,-0.0024933293980721333,-0.0013747327826365834,-0.0063133365152907035,-0.004855060689964543,-0.002977248981985845,-0.0008434353700154493,-0.0007488192364443135,-0.0006311157799053928
TZA,ssp126,mpi-esm1-2-hr,-0.0031351296765188275,-0.0008711407313539205,-0.0028321445604985694,-0.0034907244533510544,-0.00040406592986376476,-0.0019027899649094958,-0.00027255885800070103,-0.00017209903620962657,-5.59556070449524e-05,-1.4091227807900668e-05,-9.14399164629183e-05,6.840571618279695e-07,-5.211596890683122e-05,-2.3631647621196455e-05,-9.39367779421689e-05,-1.552084216390786e-05,-0.00014914190858096032
UKR,ssp126,mpi-esm1-2-hr,-0.3134867143070801,-0.23695110593351235,-0.09147302643798595,-0.10567964236284676,-0.10767799422471665,-0.043739402995135485,-0.06172616504295028,-0.12127460350018823,-0.05202392340421942,-0.019019886217704115,-0.05315810891331768,-0.03571805983098881,-0.015140941611611872,-0.034578863606322584,-0.029457526031804803,-0.032259088334249744,-0.029134016093728853
URY,ssp126,mpi-esm1-2-hr,-0.004143097150197044,-0.014291748790615594,-0.00544057652740742,-0.009643097691107853,-0.0176456663904274,0.0044473190084591005,0.0012249585573091493,0.0006648917304726445,-0.008127881077060686,-0.00685986951560062,-0.0006386921865805451,-0.006629732882186925,-0.008528142045335562,0.002113687416969033,-0.0015613941853058542,-0.004699923073291064,-0.007764475520321846
USA,ssp126,mpi-esm1-2-hr,-0.007809587478937255,-0.0067614820444843035,-0.007103785009423186,-0.0067636347478269455,-0.0018690761512241353,-0.005596947339034439,-0.004108929253194182,-0.003784031548279778,-0.0025599335883309516,-0.0010523512394923261,-0.0025657271574845027,-0.00028518407468999286,-0.001246398591825608,-0.00018957727495474966,-0.002245213761854114,-0.00326897272992288,-0.0034371964789606706
YEM,ssp126,mpi-esm1-2-hr,-0.0033645547827953074,-0.004821693716775516,-0.0011270578276521969,-0.002729290941664263,-0.0007527889448488995,-0.0035882115984349782,-0.0014595934848038864,-0.001717939403927944,-0.00042600615507580494,-0.001193399527257815,-0.0011603108275393278,-0.0011760147392031824,-0.0008559889655677921,-0.0008629508379079511,-0.0005931631388528619,-0.000546823795194699,-0.000955048623531664
ZAF,ssp126,mpi-esm1-2-hr,-0.002591437820591128,-0.004694449853091875,-0.007503108611639499,-0.0019992705048856433,-0.003802093550825099,-0.0018130023781008536,-0.0016731511773781535,-0.0021262737073848327,-7.957388982757406e-05,-0.004554305069900706,-0.001302028004103895,-0.004112925804520334,-0.0021686405097801086,-0.0008250799165980542,-0.002290248143579908,-0.005941469060009211,-0.0006695695837802126
ZWE,ssp126,mpi-esm1-2-hr,-0.039815377251048334,-0.04394793045465593,-0.00552539974915982,-0.03766070434811745,-0.03472195766511676,-0.03125650617141377,-0.012402710604217757,-0.0023556640448342365,-0.0151540066498059,-0.015977968332035127,-0.004504367380317349,-0.010354899757776299,-0.0035315419834261036,-0.006051466475344613,-0.0035726902393317063,-0.01030499174346015,-0.0008081194279085112
ALB,ssp126,mri-esm2-0,-0.032949329786928744,-0.042319416239361515,-0.20748914199385007,-0.05498268199462975,-0.12466203253557455,-0.022575209284256288,-0.04351412683594685,-0.1002008151619661,-0.0877775004191001,-0.05180940747091561,-0.05135936272931172,-0.05385112537518681,-0.028490658772941786,-0.07907752957052853,-0.026267407422754612,-0.07720583037056862,-0.03262361512653152
ARG,ssp126,mri-esm2-0,-0.003957823025720935,-0.0024406034796007267,-0.000544623205128075,-0.0009606334378926831,0.0002487864583363364,-0.0005343143921792611,-0.0001802124696873636,-0.00015218884663880942,-0.0003818307328378816,-0.00017898042689490275,-0.00037966449614813705,-0.0002817771167259294,-0.0002420049867342318,-0.00045122854266510596,-0.00026557841800999883,-0.00037583999747769256,-7.312688195819527e-05
ARM,ssp126,mri-esm2-0,-0.009277797322002044,-0.030660199475391545,-0.013051722854048611,-0.02316792564083476,-0.004909267733518178,-0.012552858916681882,-0.024356943086586497,-0.0013997456572727072,-0.01715248976418664,-0.013179478741465446,-0.03836256198349902,0.002239040351707385,-0.011283869004174328,-0.003980425921230022,-0.0074179010514815735,-0.010422370434933903,-0.005824965008508251
AUS,ssp126,mri-esm2-0,-0.010972363337686562,-0.03452416239244005,-0.014860422835406792,-0.015722802764682072,-0.012124748324490502,-0.02171705623732739,-0.046084325873345364,-0.02805741789941927,-0.027762208727304668,-0.04289481298072389,-0.015653418944112457,-0.03092215267229533,-0.029822239131766064,-0.023516089545156726,-0.024414806433508806,-0.00924376596612509,-0.009194723630962956
AUT,ssp126,mri-esm2-0,-0.001977358417778472,-0.0022598754334244007,-0.012487567730799825,-0.003867830690987012,-0.0022053790763506193,-0.0025917101481747755,-0.0028570986019513553,-0.007285311816748587,-0.003988440401329095,-0.0037816425849852083,-0.0033786746821164284,-0.004087941270306547,-0.0027832727687344054,-0.001369014245432413,-0.0014126315455304838,-0.002033858774533971,-0.0003288418453474208
AZE,ssp126,mri-esm2-0,-0.04668595936433536,-0.08207968134303804,-0.05395521457884023,-0.07055418828071075,-0.031654715941834465,-0.03415154646497432,-0.06999326010426614,-0.005268390598728337,-0.06027563712538857,-0.03439767451757142,-0.06856016228499702,-0.012458375771395044,-0.03505271749979792,-0.0215566196423688,-0.01213008617543864,-0.022652719476218677,-0.018541604480686244
BDI,ssp126,mri-esm2-0,-0.008891995435451973,-0.01693610159595227,-0.0019447447810442707,-0.003357152832580116,-0.001006666618533218,-0.0010645317866973382,-0.000368825092413435,-0.0002835201689716085,-0.00018950750082334116,-0.00027560216589031175,-0.00020400328468482068,-0.00021646809001108375,-0.00010696207326356452,-0.00017683476808099644,-0.00011466920198845031,-0.00012958245121629438,-0.0002373250856574704
BEL,ssp126,mri-esm2-0,-0.001284506683354911,-0.0004411369183994643,-0.0022499528331675904,-0.0006513934500657757,3.416391896426668e-05,-0.013498748535109396,-0.0021764851132735773,-0.0021669745056083363,-0.0028129157422485695,-0.0015302797058114098,-0.005405628382178579,-0.003814796626997161,-0.001096551217983882,-0.0011483078395351128,-2.995868340436832e-05,0.0004318683396836419,0.00027848181126380756
BGD,ssp126,mri-esm2-0,0.000590652295867151,-0.001987731212961313,-0.0014581018501427679,-0.0007199229392237769,-0.0008374787227009425,-0.0007518283505302516,-0.0010088453874212964,-0.0009936851329684555,-0.0006333499137636686,-0.0006272497041001661,-0.0004946966149475475,-0.0005104585455585659,-0.00037925367249998216,-0.000251223115904141,-0.00038775321880137124,-0.00013856254756008577,-0.00016587833137578968
BGR,ssp126,mri-esm2-0,-0.1764338248917924,-0.19246361358645123,-0.7334922147559964,-0.2669030944434771,-0.5211250144589672,-0.08152503637371956,-0.16006792257786417,-0.21853644891603394,-0.079935293661837,-0.2068443129327299,-0.16586972335362024,-0.22729326646157394,-0.24226956700319913,-0.1869532422639193,-0.047054079692650595,-0.09657513700455798,-0.211758513724949
BIH,ssp126,mri-esm2-0,-0.011894907579949364,-0.021595955914738414,-0.07127837551076122,-0.01852463803869433,-0.015395974279737592,-0.01133598701658663,-0.052233565352447095,-0.027757776570051504,-0.022662706953619088,-0.018243119916933795,-0.03925131816498568,-0.03570163415220151,-0.021080999989850965,-0.01596423222717627,-0.01932964804992307,-0.0480145025215332,-0.003222483924387891
BLR,ssp126,mri-esm2-0,-0.028184340060784983,-0.01970681922230193,-0.014561630021722814,-0.017581490161334253,-0.016444614493152692,-0.0071569551754546695,-0.00506331544903483,-0.010951461803101343,-0.0043041252840112275,-0.009809422997870425,-0.010453178799574579,-0.009027813689605443,-0.007411744739692206,-0.005226182443225497,-0.00805425065503594,-0.006358981333844521,-0.007075572342550079
BOL,ssp126,mri-esm2-0,-0.0022708663195451324,-0.00495617402651964,-0.0012284122034991016,-0.005822496497819893,-0.030931130324707935,-0.006735174989684593,-0.0056019758673167466,-0.007651268881512917,-0.0053612509777086065,-0.004296363301613,-0.003280195750881656,-0.002988690301082088,-0.004422106666038029,-0.0010140407027616621,-0.004902071948700336,-0.00024068644063382952,-0.001394068756575533
BRA,ssp126,mri-esm2-0,-0.0014461311505342032,-0.0006910254958630431,-0.00046037931897720117,-0.0026933529496031205,0.00034934860020145974,-0.0022733544088092508,-0.005286623226422495,-0.0015091313073681847,-0.002867607272413696,-0.0013670297694585265,-0.0005380049643914747,-0.0014203853086014846,-0.0012619321400776694,-0.0009363247411863437,-0.0015236646288984915,-0.0010046032049910733,-0.0013412366816162697
BTN,ssp126,mri-esm2-0,-0.0004643983898360095,-0.0004077696341579329,-0.00042967768202671055,-0.0003589166774150498,-4.926827096006459e-05,-0.00011831422587428883,-1.6302581008969947e-05,-4.5742199757512774e-05,-3.1093956309276175e-05,-6.758295758970727e-05,-0.00010078598298681455,-2.858035193750259e-05,-8.532116577714426e-05,-9.725713784681191e-05,-9.453724088278757e-05,-0.0001476976617527097,-9.930913970747929e-05
CAN,ssp126,mri-esm2-0,-0.09873170366836885,-0.00032457927136816906,-0.053458396594240835,-0.023198496305448502,-0.036085457160060376,-0.01705707086618912,-0.01972135510714735,-0.02267949103583989,-0.02633922981942683,-0.015949395233511358,-0.02060920489990981,-0.02439088756308089,-0.002986021488583848,-0.011707040155155102,-0.009941586492431313,-0.010459706802780383,-0.006240161806734475
CHE,ssp126,mri-esm2-0,-0.003667740528580945,-0.0009332149065539336,-0.0043108940537104025,-0.0021429977624274725,-0.001959482835997031,-0.0035299459655709223,-0.0029466574227319073,-0.002926283166185009,-0.0031631559816485766,-0.0014494745336313653,-0.001359068248526273,-0.0029727491670853323,-0.001435987311842982,-0.0006870229265532922,-0.0013779976477528533,-0.001436264530188306,-0.00048224497046056884
CHL,ssp126,mri-esm2-0,-0.004325447355225625,-0.003840939677796067,-0.0014419955561618583,-0.0015356176137967198,-0.002576591903894738,-0.0003214872418357856,-0.0021032672661955103,-0.002152565588452954,-0.0009649856423614089,-0.0004486098250604046,-0.0019063023809826726,-0.0006742427281507637,-0.000907424260539654,-0.00047866472705924203,-0.0008485644295193846,-0.0009459155367856719,-0.0002911738280734506
CHN,ssp126,mri-esm2-0,-0.00928557601479706,-0.03407453161624106,-0.017160669245406747,-0.020623875720826027,-0.0183424195402458,-0.011023518407314534,-0.008517837089098196,-0.007861757459393782,-0.012357520693573118,-0.00967975113042452,-0.010434320185339767,-0.012793165191223593,-0.009755755620124578,-0.00682646636584031,-0.003857379727468426,-0.006566579108743886,-0.004104760123828975
CZE,ssp126,mri-esm2-0,-0.02553834327880369,-0.036490388952993814,-0.10804470942513604,-0.049598902262160745,-0.010299534874222988,-0.029144543556602204,-0.009726675691607003,-0.02899395894128753,-0.01820681226907089,-0.015892934263632103,-0.022788290174444968,-0.02385424271929762,-0.009352832188501636,-0.008001341573383957,-0.011457333546046474,-0.005439116799882186,-0.006291932997864968
DEU,ssp126,mri-esm2-0,-0.004479500325994082,-0.007114962529049001,-0.014951640914120982,-0.0027874557620625735,-0.0023376508345117706,-0.014291667601943206,-0.006284117956170561,-0.0073262522088188954,-0.007351029859369473,-0.005535197217607412,-0.004827334656878608,-0.007847232413574518,-0.0021124497335103993,-0.002659914117211645,-0.001856044535080666,0.000334916656612467,0.00012036672741328733
DNK,ssp126,mri-esm2-0,0.0011750547258111877,-0.006559502332236342,-0.0022116291685734084,0.003231400307480306,-0.002238514013106658,-0.007037735343762083,0.004448685547794614,-0.0030549951213613793,-0.0007331704941783134,-0.0011332600486085298,0.000672057406930274,-0.005922069424051624,0.0010589920680399332,-0.0010279375190648894,-0.002110302446402253,0.005047473943406917,-0.0008721087963357757
DZA,ssp126,mri-esm2-0,-0.11996668916488305,-0.03871991685570806,-0.2147583969924708,-0.07621887883124372,-0.06497572222179103,-0.01923900161640924,-0.06731002531835593,-0.09057807882389234,-0.03758582688584714,-0.0508670067103453,-0.019519360435594924,-0.006465213074071179,-0.011639520437023992,-0.03221328352823826,-0.0034259534801868675,-0.028530382257729407,-0.010998789103425404
ECU,ssp126,mri-esm2-0,-8.829223246558827e-05,-0.00019165155586386927,-0.0001492565305011928,-9.797608753419879e-05,-0.00017576491174653078,-0.00011541951280021019,-7.827660759480437e-05,-0.00010415811239387439,-7.017369895058653e-05,-8.824828319914785e-05,-3.3947772421500885e-05,-3.634297448389696e-05,-3.167413374818005e-05,-4.044796507182234e-05,-3.4250156499646005e-05,-1.2645991562878882e-05,-2.807464892251297e-05
EGY,ssp126,mri-esm2-0,-0.030723194396770077,-0.015338856520488305,-0.005876820049245262,-0.003874319456423027,-0.0050408883679774075,-0.0047599973020309065,-0.0021108240266459553,-0.0008889509537279712,-0.00255382456585152,-0.0018089150521062003,-0.001640005659738108,-0.0007253655233452688,-0.001443326623466699,-0.0006357744775267182,-0.0004929814979883659,-0.0010756199841244873,-0.0015652464245318337
ERI,ssp126,mri-esm2-0,-0.24086927490593446,-0.22461478913582789,-0.3255814533940667,-0.22233105591956573,-0.29435005693439975,-0.19881600167441926,-0.19634866124935013,-0.17286823947884464,-0.15751207981554585,-0.12152075100562741,-0.08581318735721556,-0.10141210636671291,-0.06448307591909638,-0.05568825680949974,-0.048663660756500304,-0.052583239664755164,-0.046301799520232875
ESP,ssp126,mri-esm2-0,-0.010757597410042112,0.00105587337305641,-0.028406221975696498,-0.010391556386270916,-0.008331828842382104,-0.006781190681680096,-0.016970990838076648,-0.021979566213446877,-0.0063074954276877825,-0.011345102543499696,-0.006163319423834325,-0.014615971961332245,-0.003412313307556733,-0.009309021764726054,-0.003397047844819048,-0.0077993427607344085,-0.001722853141212039
EST,ssp126,mri-esm2-0,0.005326186985105155,-0.016284429361013427,-0.02485281916328085,-0.014098009486690887,-0.016314799973339428,-0.04529688046854737,-0.014341429682913139,-0.020002648236245507,-0.023353677925079253,-0.00871407515925163,-0.006011371144784667,-0.028869010109220564,-0.014261508110960792,-0.014412864709156443,-0.014024298636660252,-0.025078635554166905,-0.020668141768272773
ETH,ssp126,mri-esm2-0,-0.048635906063470985,-0.03236255889842787,-0.05853748895650381,-0.018603025767574458,-0.02860926808176722,-0.013709295861753568,-0.017122770166241207,-0.013886262206460156,-0.00609380499723805,-0.00875136423423442,-0.004228101567641886,-0.008265646555324491,-0.004352456900605604,-0.004170791736912723,-0.00596194026508095,-0.005062399612984996,-0.004913294648733774
FIN,ssp126,mri-esm2-0,-0.0006822006953170123,-0.0019727723864287274,-0.001028617587128133,-0.0009765781011800434,-0.0027299819244393625,-0.010674865040611721,-0.00016474686623365166,-0.0028164154599021863,-0.004079554629940252,-0.0010711744170564205,0.00023786701022532908,-0.0057868329609587,-0.0016253134616312883,-0.005416506339776289,-0.0015778726316728793,-0.0031839014583557768,-0.0017173068339253802
FRA,ssp126,mri-esm2-0,-0.014496169409699004,-0.0022587058554360776,-0.02088512164919043,-0.01385872945314397,-0.005719905159517097,-0.015611519940110733,-0.013870504755499917,-0.022841901945561002,-0.009421827287780963,-0.008995986461162331,-0.010206447204426582,-0.011625554980262695,-0.004302875680455061,-0.004802590211236839,-0.0033094337011828076,-0.0037982431388891734,-0.00023903005324345264
GBR,ssp126,mri-esm2-0,-0.0008738087509189998,-0.0005574544903673189,-0.0015377219162518653,-0.00019451413086890628,-0.0009047161748702856,-0.005738343881774766,-0.0012802226013638863,-0.0013246800926030526,-0.001522331345079345,0.0005127123635635469,-0.0009499608087439565,-0.0019252239597571717,0.00012321708540454082,-0.0007398007803428642,-0.0010701906088142542,0.0009798618292298242,0.00014262119549491719
GEO,ssp126,mri-esm2-0,-0.0069116413394621585,-0.013988974903491373,-0.01568282868521183,-0.011889147143496603,-0.0030527822499207685,-0.008410514907910784,-0.00428030352720243,-0.002882458722521474,-0.005700936394288376,-0.008488439031200402,-0.008516708856062712,-0.002245262822184002,-0.0066929438852798145,-0.006631195829563568,-0.0068410370545675175,-0.004518364641187533,-0.005267018534375692
GRC,ssp126,mri-esm2-0,-0.006220754930618974,-0.01026340353473824,-0.0540794624842325,-0.020593610258848982,-0.03630512212317098,-0.0020405527964288137,-0.019604547538412367,-0.0179403992619207,-0.01897623256254312,-0.01223629508564046,-0.012314262153852989,-0.007746265382532362,-0.01169756270004014,-0.014903534857636255,-0.0003129716128321319,-0.007741350549734227,-0.006865499574563151
HND,ssp126,mri-esm2-0,-7.292240541939172e-05,-4.0218244767325515e-05,-1.0452171292133151e-05,-2.1911858138896647e-05,-7.753484791108734e-06,-4.398885776529742e-06,-8.050883724655832e-06,-2.8182890920471185e-05,-5.198266869485039e-06,-6.523155494164892e-06,-3.7474105155204044e-06,-1.1725157577943888e-05,-1.8561765154351782e-06,-2.744286312712577e-06,-2.932516032130172e-06,-1.9216126420198416e-06,3.5007457775684066e-07
HRV,ssp126,mri-esm2-0,-0.007623762763931926,-0.229791944261482,-0.45197144485941765,-0.17816327448611305,-0.11960299771924994,-0.09463207406598663,-0.4479172842394065,-0.26447954753134895,-0.16913059841706354,-0.13570864863331464,-0.23222943831919776,-0.2384180474252421,-0.12666600170777056,-0.07389906168712115,-0.05176669104301121,-0.18437226808968507,-0.018414349307321918
HUN,ssp126,mri-esm2-0,-0.02861138617457065,-0.03320226701934159,-0.10115964581269801,-0.03190095404863747,-0.023786485153340333,-0.021415762389814085,-0.05217485826172104,-0.03307076279984711,-0.025986650211307045,-0.034005127406187656,-0.043398140328313864,-0.03696025146081291,-0.02346563875942421,-0.015691452615485196,-0.0171568704391246,-0.025565190761019735,-0.005441461254097165
IND,ssp126,mri-esm2-0,-0.06445384233217967,-0.0366911197626576,-0.015010434025469355,-0.003474478293934947,-0.01001003772032662,-0.003372741377954015,-0.016201214621267526,-0.008947140966533438,-0.007941308667600695,-0.005407877270059711,-0.0008717984372098043,-0.008422789633400185,-0.009903779953654749,-0.005153984947429644,-0.006385613215334441,-0.0009842673460822213,-0.004377762298796121
IRL,ssp126,mri-esm2-0,4.6408109713397445e-05,-0.0002948499215686585,-0.0009110453857738439,-0.0001273059128116464,1.8491393204419348e-05,-0.000678785020606277,0.00017743773638666688,0.0003197838319612361,-0.0002668490035655472,0.0002931615418690023,-0.0006566541419822832,-0.0007955909396818451,0.00012657941358977908,-0.00029797913472511586,-0.0005976750665019888,-0.0005736617506556549,-0.00014682701038216505
IRN,ssp126,mri-esm2-0,-0.03952659584577771,-0.006939910609857893,-0.007247582604486287,-0.014095995884191886,-0.0069353251408373244,-0.0023458407147319035,-0.010451191522542423,-0.0018879477145397503,-0.006510288898403887,-0.004411450980066101,-0.0058693147223607125,-0.005308461209497706,-0.0029007938826968245,-0.0030829654559537496,-0.0005941022020030093,-0.004715566067815823,-0.0012625284334328263
IRQ,ssp126,mri-esm2-0,-0.2521325109253358,-0.03416311901806454,-0.0923697158324581,-0.10241296647367704,-0.06681185642675558,-0.030181319035536343,-0.07773684720728284,-0.01472141732612166,-0.055201754431298926,-0.03584875977607746,-0.03650887450251139,-0.0318291106868698,-0.0338580247616281,-0.022940955274884236,-0.004147272367036315,-0.023356327662002553,-0.0047573417278782785
ISR,ssp126,mri-esm2-0,-0.0017102779532583458,-0.001741082979889401,-0.0007365092093121779,-0.0004156384798340583,-0.000411061747800577,-0.00042187236855236056,-0.00018947537169691965,-0.00017328631860698683,-0.0004032386267784917,-9.649231731496125e-05,-0.0002556248476121083,-0.00015844226987627306,-0.0001820913188028759,-0.00023644035283653227,-0.00018909081582451392,-0.00017474403910775082,-8.522205018167642e-05
ITA,ssp126,mri-esm2-0,-0.0037968032442997107,-0.0010350636990717323,-0.02180627772312252,-0.016523381592526053,-0.007705616924595929,-0.004704315770475334,-0.010647645497611139,-0.014690471801604953,-0.010727849347473811,-0.004788915931496417,-0.005234706006079937,-0.003957392275602489,-0.003883889712847967,-0.006371795145934535,-0.0017030084798759077,-0.00588167965949088,-0.002702629667279059
JOR,ssp126,mri-esm2-0,-0.008612220761379193,-0.009919874994601282,-0.004770474935553089,-0.0024256444412479876,-0.0016431037566732886,-0.0013707673113137777,-0.0008202493283976643,-0.0004106078182056961,-0.001302837030594366,-0.0003416359917452113,-0.0010562906029838583,-0.0004410179941448642,-0.0005678442877341921,-0.000567009263475823,-0.0006824733593874682,-0.0004660329501227998,-0.00019604084273862284
JPN,ssp126,mri-esm2-0,-4.1908502999694155e-05,-4.921956447876815e-06,-2.5987283775804084e-05,-7.003839843224296e-05,-6.724853746632041e-05,-0.00015745293454248944,-5.4416432404581144e-05,-0.00034700051386274714,-9.12146337719539e-05,-0.00044315902187605917,-0.00010911183987990245,-1.1954933174451756e-06,-4.156989387684144e-05,-0.00012072327813101537,-0.0001836883581636768,-0.00013798848228343603,-6.02977954311729e-05
KAZ,ssp126,mri-esm2-0,0.004735178528589064,0.01913148904129121,0.02067600698621997,-0.02904724096923967,-0.00799780038495904,-0.014570484377451261,-0.04660549381000422,-0.004800107745038244,-0.04435208435392757,-0.018084155499359,-0.00859393923827477,0.014328543102941823,0.0032075648212299933,0.006559860914670373,-0.013311363548953794,-0.03422624384455365,-0.055439303146250896
KEN,ssp126,mri-esm2-0,-0.0028952700532125907,-0.0016745595599728946,-0.004000488401638076,-0.0027061969224727767,-0.001371666101230071,-0.0008045752008398392,-0.0015306461531316362,-0.0012634095405776985,-0.0005899777385802241,-0.0003720852913996368,-0.0007304866071713726,-0.0008066612534459721,-0.0003162139915672251,-0.0003181704347330648,-0.0007209249117805077,-0.0004891149365516129,-0.0005159386998338586
KGZ,ssp126,mri-esm2-0,-0.04903188801334969,-0.04514812267637255,-0.03723439706400049,-0.04972671898890591,-0.028834827606203206,-0.0111517983535447,-0.04004014816500819,-0.00508203001842505,-0.015317857209415845,-0.02495585521607951,-0.011356597000194243,-0.015492013044858031,-0.00304928836303861,-0.00787616493091847,-0.004643213758145126,-0.005478804142331458,-0.009160916586622951
KOR,ssp126,mri-esm2-0,-4.652982477531341e-05,-9.828585438962801e-05,-7.420301477622947e-05,-7.970801604213334e-05,-4.0564618096520547e-05,-0.0002063330634348432,-2.8795575505118053e-05,-3.564128634227951e-05,-5.988385860667703e-05,-7.279858613042928e-05,-5.119829886895013e-05,-2.7904997168960437e-05,-3.160868474487866e-05,-1.6853904207546212e-05,-5.503084296920645e-05,-4.8339061559632025e-05,-4.824979931345842e-05
LBN,ssp126,mri-esm2-0,-0.008554569476235377,-0.00033790507806340833,-0.000124173992778598,-5.7184352865873775e-05,-5.150005910072006e-05,-4.141460922963669e-05,-1.6899661255653554e-05,-2.6538805750545718e-05,-3.3984134195627746e-05,-1.1591626244085397e-05,-3.142798760125613e-05,-8.220426861803307e-06,-1.528093962537395e-05,-1.6661114026987124e-05,-8.372433460181138e-06,-1.5837042965283062e-05,-1.049411243193852e-05
LTU,ssp126,mri-esm2-0,0.001066111296030272,-0.09030286318365724,-0.03885863203131841,-0.06507962965940027,-0.06331230538076939,-0.17708988276183107,-0.03104246725303344,-0.09801675941529553,-0.03662405772208119,-0.04115429560021613,-0.06449708744519085,-0.13409066527197971,-0.11066632285936431,-0.11407046514994305,-0.10684151239682993,-0.25147744414929496,-0.07520794254225263
LVA,ssp126,mri-esm2-0,0.017486680819391257,-0.04463556059225478,-0.05663856333914028,-0.06667402258246904,-0.05249832127620375,-0.1581218304903751,-0.016207598428877163,-0.051561714600332584,-0.04044444233153415,-0.025864992980802446,-0.021906815928849376,-0.056066052625246124,-0.0523602728257171,-0.044491365027135875,-0.04521816588325158,-0.0730704968008706,-0.03736769205973381
MAR,ssp126,mri-esm2-0,-0.04946175130748132,-0.016125265972579968,-0.1117776706610716,-0.037593750830320176,-0.017305192587631957,-0.002421199091115117,-0.022330848986524453,-0.02619216607422718,-0.009065254796340544,-0.010451633016703018,-0.005712846923259335,-0.01219525365569991,-0.008223894399268775,-0.01189364223738255,-0.0023245674248817774,-0.0063584742449511195,-0.0028916210352898427
MDA,ssp126,mri-esm2-0,-0.10380871315435586,-0.2989741319636332,-0.4562121108934853,-0.14691829652244232,-0.2580413168767623,-0.07824293934030012,-0.08375907802624925,-0.18303559402933395,-0.046004881282340836,-0.16312804469534595,-0.15840639535944767,-0.0773351501110788,-0.038836610058978864,-0.057402783622616596,-0.04126553406931305,-0.028920483625761627,-0.05217535929635497
MEX,ssp126,mri-esm2-0,-0.004750614311606934,-0.007773173537518736,-0.006623198103800337,-0.007538575568593505,-0.00634290032099295,-0.005397025910245832,-0.004110462321970545,-0.0029759784633989566,-0.0046926425334818415,-0.0042261317400752695,-0.002496059262255743,-0.002296337273880165,-0.0035279504707834736,-0.0015415179353481644,-0.002797825635765626,-0.002570651249564515,-0.003265252328264623
MKD,ssp126,mri-esm2-0,-0.025189862996861,-0.013305231360916783,-0.1233877184977089,-0.02125666356077408,-0.07875034361980704,-0.002274353143743542,-0.05985352320789902,-0.029697126154187483,-0.02062018875785005,-0.02543764139609924,-0.022052410912522094,-0.0160651779152361,-0.030555203534591343,-0.024630437598083765,-0.003399323457230323,-0.017147931933856875,-0.014631670180538809
MLI,ssp126,mri-esm2-0,-0.03307041772055634,-0.024687525080934414,-0.018226833801761974,-0.012137653963374018,-0.00879221680318317,-0.005917584447340858,-0.004565169467317399,-0.0033396510469635545,-0.0025693923597100397,-0.0019695063148287696,-0.0016567528118885807,-0.0014125704200785784,-0.0012249603118114794,-0.0010875814178944873,-0.0009167896644082025,-0.0008119932905289733,-0.0007966966544897781
MNG,ssp126,mri-esm2-0,-0.030303949002960334,0.0006825039318014748,-0.02544766023129175,-0.03914785987171415,-0.0031442719007266635,-0.013235615720261718,-0.005157648618776841,-0.004562478648998036,-0.023186633193098972,-0.012072409593150812,-0.008496680933988183,-0.01075462615641945,-0.009558826210300153,-0.010324754125275545,-0.002854487390641556,0.00015004861676988393,-0.006121714011264878
MOZ,ssp126,mri-esm2-0,-0.00399610012966013,-0.011658183056134043,-0.0009792862646121085,-0.0018054241944193247,-0.0013203931958595738,-0.00023437221905546636,-0.00028014714487271166,-0.0001729755278944585,-0.0001485335990784256,-0.00020512210977919102,-0.00013073639043869432,-0.0002842372499883675,-5.993865104135626e-05,-0.00024183170655059583,-8.95732825371701e-05,-3.0848957129748024e-05,-9.941037885850259e-05
NGA,ssp126,mri-esm2-0,-0.0005210849426994297,-0.0001864312920974602,-0.0001898276686471282,-0.00026773334137198204,-0.00010496250314676351,-1.5554997837308512e-05,-4.762974761790425e-05,-1.2805719598573387e-06,-3.641148975898096e-05,-1.1459705030161805e-05,-5.0076862494433e-05,-2.076816575818079e-05,-1.8469245689244417e-05,-8.497517120310433e-06,-6.8100478939124425e-06,-2.2134710210333013e-05,-2.206364133969369e-05
NLD,ssp126,mri-esm2-0,-0.00035865838985138786,-0.0002301894376659049,-0.0005318736979418456,0.00011014646877074001,-1.1197148817750564e-05,-0.0058238565048218316,-0.00039181699557581457,-0.00041648540896268514,-0.0009320377228390355,-0.00010931753578312508,-0.002296956349795292,-0.0012854828945623347,-3.874344186795932e-05,-0.0006073030928410837,-4.6844874233782095e-05,0.0002498940881018857,0.0001355254461953711
NOR,ssp126,mri-esm2-0,0.0003221830696315959,-0.0015411741865948674,-0.0010845391877783806,0.000151894617578594,-0.0013988379897632796,7.141843352245255e-06,-0.00038454455770782747,-0.00049238006039363,-0.0002296140371691882,-0.0006419808350642206,0.00037865426622804853,-0.0006271701807734471,-9.411940313833829e-05,-0.000605998996510644,-0.0007238379102512821,-0.0006643852767975728,-0.00017128308046849354
NPL,ssp126,mri-esm2-0,-0.32416283827199993,-0.002451205900494829,-0.028239898212264785,-0.02360732347174847,-0.05057859790796071,-0.06527508177704476,-0.0267929660568752,-0.015154097500106928,-0.007489997961312694,-0.030780519668123653,-0.017853029688136596,-0.009848613454767424,-0.023665426745605272,-0.017872876089307987,-0.018135668903848445,-0.01595288151425576,-0.01649779176137063
NZL,ssp126,mri-esm2-0,-0.0010179069811495642,-0.00013008485272992414,-0.0015778231114367133,-0.0007357130469249734,-0.005668154317930068,-0.0023078287945806457,-0.0006311156770530152,0.00044786676137702425,-0.0004328312069761549,-0.00015894711164646526,-0.001349445851684362,-0.0006073343446452744,-0.0005437340319979503,0.00010346978105769394,-0.000146222660424059,-0.0004793957061234181,5.531285668219602e-05
PAK,ssp126,mri-esm2-0,-0.0996570036816362,-0.02996328054833632,-0.01141556173006533,-0.02708162061865735,-0.04523931101509729,-0.0043243011368336,-0.015135092875286863,-0.0006875724100502047,-0.006247913533548061,-0.010525949044701577,-0.007101777389165022,-0.011195196307580469,-0.0006749640409691965,-0.003617990123899128,-0.006108529111332561,-0.002467599413153683,-0.005989191999993943
PER,ssp126,mri-esm2-0,-0.0012841865421241347,-0.002318223205445227,-0.002210272066603088,-0.0007428456904916529,-0.0015621201289672266,-0.001210045438135322,-0.0006563166636703965,-0.0005413287458158084,-0.0005647280341192251,-0.0007460840126668392,-0.0004447960937722098,-0.00038356603929390613,-0.0004144133819243515,-0.0007160754169578086,-0.0002919673724641321,-0.0002919986822842566,-0.0003307023163958506
POL,ssp126,mri-esm2-0,-0.01898014557577165,-0.04032585694200874,-0.0721509218131457,-0.040736980464184974,-0.022953361925231064,-0.03957834931845483,-0.010688478410375863,-0.0242824663271212,-0.02111205327109791,-0.01699119163304179,-0.034550086580138265,-0.032120877477079396,-0.020264965664364025,-0.018868318833819484,-0.022320666427474163,-0.011276700090875454,-0.01378359728844888
PRT,ssp126,mri-esm2-0,-0.0007147052374465059,-0.00034149875045607904,-0.0004778809889041333,-0.000948504517678288,-0.0006481492335782188,-0.00041117105720948335,-0.0007155790793018579,-0.0013068334811022887,-0.00020318540919277693,-0.00048121542304126777,-0.00022160845095675247,-0.0018020179065235424,-0.00018322842635167298,-0.0006280696491890464,-0.00047820109609353166,-0.0007521041059808233,-8.714465824241807e-05
PRY,ssp126,mri-esm2-0,-0.008323841337358848,-0.002827110532199543,-0.0010364494668063614,-0.00569727828277355,0.0031145982625372754,-0.004188728032910768,-0.010066302525666707,-0.002060508432904913,-0.004321528131795032,-0.002829923059602577,-0.0004267614895771616,-0.002266595899218408,-0.001999589759627999,-0.001240094005112014,-0.0030424143471738567,-0.0031552549172521806,-0.0022817828255905755
ROU,ssp126,mri-esm2-0,-0.058129743811810186,-0.07027780940957172,-0.2195256055868836,-0.07128554289452159,-0.14754744553154256,-0.04546580582745311,-0.060523476911879245,-0.0853340337306725,-0.041389631368177866,-0.09756989560360543,-0.09101976007573931,-0.07869801083483907,-0.07245467009436472,-0.05732567947945249,-0.03736025899649522,-0.03969145744010967,-0.05024804983985514
RUS,ssp126,mri-esm2-0,-0.04823686041348512,-0.10023761528677026,-0.03816647736692583,-0.04131039114204153,-0.019107254071319784,-0.03147437852678691,-0.033860955088230706,-0.02226125635196166,-0.03141535888384271,-0.02566926605144383,-0.04318608164356205,-0.005364910338605164,-0.024798200107925952,-0.0039954948744842815,-0.03780028198660575,-0.03647109801470702,-0.052421025081707665
SAU,ssp126,mri-esm2-0,-0.014936153205502836,-0.00559042634938012,-0.019644147539713126,-0.019111560134001036,-0.017198022333260583,-0.014912995402542555,-0.0144793353572521,-0.01250278074102719,-0.01395494306956556,-0.013565864072218882,-0.012051287777550625,-0.011822495044922544,-0.011008154383734512,-0.009666670176210495,-0.006550781625678545,-0.009438771745642142,-0.00745077905828618
SRB,ssp126,mri-esm2-0,-0.05867084583680424,-0.08628503152442465,-0.35380130217693045,-0.06396929796995088,-0.21509960425925473,-0.022598942971553477,-0.2653765620911652,-0.11042242021143307,-0.11249266148387271,-0.12308977258932452,-0.20268130547853208,-0.09613192320524622,-0.1731523428651737,-0.035281000066785285,-0.03844095658208796,-0.06421684029927217,-0.018775672892042895
SVK,ssp126,mri-esm2-0,-0.01910430706563304,-0.015556620357754474,-0.06261627098514978,-0.027710816347714527,-0.019639340131249412,-0.014329372640053148,-0.014828035339931272,-0.020005742319589594,-0.01630523848870809,-0.025191391028824485,-0.019810531674027503,-0.02566992921895453,-0.019329489087512336,-0.008318089643460294,-0.015111543020317992,-0.016683327385864963,-0.007625829337216084
SVN,ssp126,mri-esm2-0,-0.0006641634482990957,-0.0014229569240112622,-0.004725884253326799,-0.0017858884260732765,-0.0025905111765847926,-0.003398381640090468,-0.002963617820138347,-0.003280618128549244,-0.00206028358746801,-0.0014274636832006847,-0.002125589743394584,-0.004108484618632197,-0.0027898662980139514,-0.0007958506313306235,-0.0008029230169321149,-0.0028142593422906892,-0.0007254081185593251
SWE,ssp126,mri-esm2-0,-0.0013196421898576368,-0.002516518092334235,-0.0015878584316409918,-1.1515889266112225e-05,-0.003892249472957665,-0.0035584725168125142,-0.00125433267345329,-0.0024265573923033645,-0.0029189335485315295,-0.0012591602199762278,-0.00011670349879960146,-0.005410397642815014,-0.0007172935797345617,-0.0018051310828802554,-0.0019927826827560212,-0.00039283169453091234,-0.0007055941312620055
TJK,ssp126,mri-esm2-0,-0.06497053996334975,-0.05484474289888134,-0.018072494130212564,-0.057603821275040074,-0.025388662497143857,-0.005558010278105109,-0.02272935002239746,-0.0037773565716040453,-0.00900825825488976,-0.01516601398416171,-0.008346671794395192,-0.00971804768031799,-0.0033455939223836525,-0.006400418461717398,-0.0016335001011967666,-0.007948663025871685,-0.007189591622540054
TKM,ssp126,mri-esm2-0,-0.10646606906871772,-0.09998240754512157,-0.051869258256573056,-0.10858518839375259,-0.05177310528048459,-0.005660316646405717,-0.07808478620170207,-0.014749988738909078,-0.030356441025651576,-0.053380528250283756,-0.043544115088690674,-0.027649490519059582,-0.017998981371457376,-0.027601534618083092,-0.010362270253554223,-0.03515956668055663,-0.025522855734938694
TUN,ssp126,mri-esm2-0,-0.1340721234504077,-0.020404037888462654,-0.11518207821983657,-0.04335642225232568,-0.05615228723228861,-0.0068934518695167885,-0.035197609765866195,-0.048428126446098826,-0.028802609427865698,-0.022528270137498974,-0.014378973568178533,-0.001616950345105777,-0.0037206064367183472,-0.025145509417055675,-0.0021441008930178163,-0.030953181577974383,-0.01932348511992181
TUR,ssp126,mri-esm2-0,-0.020439207925140587,-0.01588491868509609,-0.011667019940463116,-0.005440943480336756,-0.008745178851005602,-0.002484894750741024,-0.0029876209617858054,-0.0020515486464936935,-0.0035295785714948556,-0.0025519278363953374,-0.004064251387736367,-0.0014155189442936866,-0.0038377838240862003,-0.0011370714075377149,-0.0012762573441854482,-0.0060351325595099274,-0.001962441280980427
TZA,ssp126,mri-esm2-0,-0.0012906755717500263,0.0003608623143632972,-0.00027380134861213526,5.540834124470419e-05,-0.001199768550773306,-0.0005507731776797003,-0.0004277432830060459,-0.00015761061669014513,-0.0002554639489750521,-0.00010841477004921073,-0.0002400473701162041,-0.00022419499415310615,-0.0001299422264398084,-8.978323789753155e-05,-8.674422349491568e-05,-2.428190640494826e-05,-0.0002500254415423402
UKR,ssp126,mri-esm2-0,-0.23570627635279714,-0.29365280048357867,-0.34598147399389,-0.12217909017713494,-0.08869309738493517,-0.07518793800968593,-0.06275688538733878,-0.07858623269679722,-0.030528144547632263,-0.07013302223395014,-0.10085519388314235,-0.04759339490733591,-0.046360677227079476,-0.021700872923251215,-0.04796792833398948,-0.034908030159341366,-0.05503859051954555
URY,ssp126,mri-esm2-0,-0.004653525510263511,-0.03174240686840268,0.0002280119930326325,-0.013380113372991767,0.006949026398242305,-0.007773404345128783,-0.008666758298125602,-0.0029497086741867105,-0.007125942978670641,-0.003915203762529384,-0.01017430113236292,-0.004038671018775127,-0.0027335199903146157,-0.00870334733230887,-0.003509290885794005,-0.009946333405337111,0.002157075512683217
USA,ssp126,mri-esm2-0,-0.0028061295328959115,-3.837040216355823e-05,-0.004141202897899345,-0.007540368745906451,-0.0034470891274240942,-0.0030436660772150594,-0.0028124330019441857,-0.0033601508866903046,-0.005085077860030151,-0.0015898569199729355,-0.004930768750685056,-0.0017772327500588212,-0.0014863494133298394,-0.0010444246733127137,-0.0022311870495561647,-0.0014929655559199244,-0.0018734650192310624
YEM,ssp126,mri-esm2-0,-0.01787564893661241,-0.0029393246488161073,-0.008177393601881956,-0.0019414250198851496,-0.003609240548238325,-0.0005097427879635978,-0.002885222706517722,-0.0023650454574378034,-0.0017136070044545312,-0.0017891065928511357,-0.001495013289834275,-0.0014630798708286609,-0.001222716948565632,-0.0012313533706635362,-0.0011177792417175951,-0.0010605316181995941,-0.001018747600224864
ZAF,ssp126,mri-esm2-0,-0.008648964247208329,-0.004342456079359919,-0.006856451583721795,-0.01168372950961263,-0.002006189432637405,-0.005054165044631758,-0.005591472396367998,-0.0014901103144225973,-0.0021112142392430483,-0.0011249818434050575,-0.00036412323188793143,-0.002698011287153015,-0.003293390422283557,-0.0010565150945624326,-0.002010883245352941,-0.001117641569048477,-0.002993922527269001
ZWE,ssp126,mri-esm2-0,-0.17517143342457236,-0.22105787095552462,-0.012565955673474386,-0.1098679524531743,-0.05818969932279459,-0.05257902889567362,-0.038596385795441904,-0.004570301676998351,-0.011514792502194938,-0.023723737347872333,-0.012532893975254178,-0.017660394475747954,-0.006062814541185812,-0.014401787218648501,-0.010285806878868783,-0.0001055700712935105,-0.011753998262079728
ALB,ssp126,ukesm1-0-ll,-0.08844697910854056,-0.11184423180296323,-0.004819266349590748,-0.07341959789097335,-0.09816743043886265,-0.041769181369423966,-0.0549637272931429,-0.08833644153453041,-0.07454933767317773,-0.10206756922208064,-0.03306046676108826,-0.1083970794196579,-0.12292850715807109,-0.13850875949674923,-0.09547875705233219,-0.08263781793401384,-0.07017354413803178
ARG,ssp126,ukesm1-0-ll,0.0030178711723019766,-0.0015113577793807562,-0.0018530790888044665,-0.00036957480430393125,-0.00035453229842960114,-0.00047744413840600713,-0.00027026227250700677,-0.00037961048472680135,-0.0004247379200936633,-0.0009923909091794237,-0.00014298478187295516,-0.0005065302361596068,-0.0004984706492696539,-0.0003898169527100941,-0.00018951404308617246,-0.0004017225310931966,-0.00022452041839015935
ARM,ssp126,ukesm1-0-ll,-0.00947549489504027,-0.015261595752877069,-0.022184281988566472,-0.008124554831894526,-0.016277571346226358,-0.016061877431292292,-0.02667522056578381,-0.005590660001775976,-0.024477040377522935,-0.042296790651063024,-0.01174754129155857,-0.02351004405630732,-0.019884283099003617,-0.023969244773816036,-0.012805629133095285,-0.006252056288836315,-0.04310554810762634
AUS,ssp126,ukesm1-0-ll,-0.012388800757567826,-0.002666747647099212,-0.03161037471784926,-0.04201626427946441,-0.0500512845434096,-0.03961334774119107,-0.050492474558302955,-0.04828398522042306,-0.05834440632939257,-0.008275255083404296,-0.02592621921389435,-0.021133206463124467,-0.035090626939998835,-0.024925433193543366,-0.028035372352798016,-0.03150274596310538,-0.011052703673052437
AUT,ssp126,ukesm1-0-ll,-0.005704772815111119,-0.004187178901187942,-1.3048506310839196e-05,-0.020107208551535645,-0.01531601739009057,-0.0029039985875463723,-0.010953123736738717,-0.009651593161882497,-0.015384378430414724,-0.009181231448793431,0.00020071586949354473,-0.012185824326975368,-0.004530536277753479,-0.016326579177366286,-0.003940501365272125,-0.004885623228017012,-0.004174333496237104
AZE,ssp126,ukesm1-0-ll,-0.05680697316466709,-0.05740205609019589,-0.0639062115091265,-0.022747737210379725,-0.03893801720711314,-0.061710064855481986,-0.09885810494877116,-0.026481354653042972,-0.07196294129295491,-0.08939715912859264,-0.04515725705470314,-0.06410487655528409,-0.04930394941439797,-0.045090515800061785,-0.03310358982085651,-0.017231562262322857,-0.0626617103636713
BDI,ssp126,ukesm1-0-ll,-0.006008935454573758,-0.009685233045216415,-0.006950243477260876,-0.00456823301393222,-0.0009600844255005407,-0.0010108272054262539,-0.000875046763520669,-0.002574779849481291,-0.0003061543314162378,-0.000473423342295864,-0.00020977305862367415,-0.00022461737348168566,-0.00015844422130554343,-0.00015687077426935106,-0.00012260121455112935,-0.00014829410966976978,-0.0003616169488737978
BEL,ssp126,ukesm1-0-ll,-0.004346373550244866,-0.0013721020659487608,-0.009172782920005236,-0.017777243414559746,-0.010913172185998882,-0.001585646654948131,-0.0060645369909397544,-0.006255693765871017,-0.012074528940147416,-0.0029191593842555507,0.0012348890514397397,-0.014721198661840377,-0.003058075168691181,-0.013519587441903977,-0.002277640028943114,-0.009410570752078514,-0.0017285425585015764
BGD,ssp126,ukesm1-0-ll,-0.004285523514827173,-0.0019526268706113285,-0.002253535627669788,-0.001556257628411776,-0.0013191528469440577,-0.0013190593405913325,-0.0011676185788487951,-0.0011632388482842985,-0.0008896780777850023,-0.0006460716860474887,-0.0006124081898281509,-0.0006320302537610292,-0.0005667725875867459,-0.00040289727635007297,-0.00022509442755593676,-0.00035393855275396173,-0.000565518387050236
BGR,ssp126,ukesm1-0-ll,-0.5292993396341565,-0.4826478639560201,-0.10937918140243157,-0.3378184773279011,-0.26634971877563357,-0.20404521406570397,-0.18916880035745207,-0.258448166890823,-0.2766289020401195,-0.42430712197528603,-0.1312492199641917,-0.3728371714005879,-0.35707842489039066,-0.5117534134216852,-0.17465185316127818,-0.25781643850871416,-0.23236998426662825
BIH,ssp126,ukesm1-0-ll,-0.06703734930908682,-0.06034869219963062,-0.003372384263622357,-0.024921086673590314,-0.020638033592747098,-0.0142759055638552,-0.033944761757575215,-0.05773176696680536,-0.026081509320147616,-0.06081788690533846,-0.00911625666441919,-0.08045397611837586,-0.0629257951171294,-0.11531790000133153,-0.05513806197651316,-0.07452008716018017,-0.06861171912582516
BLR,ssp126,ukesm1-0-ll,-0.06564723049638903,-0.031168559833635253,-0.0007616972783611161,-0.022208232968159068,-0.026992680687673343,-0.020282603209390952,-0.016261081054464104,-0.02439466171529823,-0.024691211083406123,-0.016677067140801208,-0.013655633563152214,-0.02308425150025538,-0.020060850487416394,-0.028256526855703856,-0.015123919733980954,-0.026063952782275735,-0.01823862183793969
BOL,ssp126,ukesm1-0-ll,-0.015692014634082513,-0.02819387005898476,-0.005419180330915466,-0.018246504413260155,-0.026859423015668838,-0.023866814308168775,-0.01070001133288308,-0.011472872525039661,-0.010683551366703943,-0.005956851929208554,-0.005372132276641876,-0.005511569676399102,-0.008394546926538094,-0.007757142756620403,-0.005905209159634369,-0.004582136624575235,-0.005843586117364915
BRA,ssp126,ukesm1-0-ll,-0.00248739404451561,-0.0016911498370738643,-0.0020667459064728122,-0.001709863653573534,-0.0032432809622389216,-0.003238617093384999,-0.0033369030997896,-0.00204495073384746,-0.00177429619055111,-0.004610150948460641,-0.0008154100203947876,-0.0026342212867855735,-0.0035775502822512593,-0.002409252954652755,-0.001727165313493545,-0.0013551226015980332,-0.0020319093948966437
BTN,ssp126,ukesm1-0-ll,-0.0011719701232743753,-0.0002170778119102636,-8.833327864090004e-05,-9.427972549940137e-05,-0.0001582148071420246,-6.004366370458155e-05,-0.0001829438816149641,-0.0001381212605809886,-0.0001351000784674203,-7.880900252544675e-05,-0.0001900290205927618,-0.00013120071628692817,-8.969506552078848e-05,-0.0002247917641356792,-0.00014649727453606588,-7.625359302089886e-05,-0.0001541401128673706
CAN,ssp126,ukesm1-0-ll,-0.060241766433739095,-0.05727675711672827,-0.0725166944033069,-0.12440114758889229,-0.13446675103665867,-0.04202530737369192,-0.10371900659375986,-0.10355963423805599,-0.07965869858504925,-0.1078995845485823,-0.06938203546525676,-0.06726935548268045,-0.057390982846858896,-0.04624268782837967,-0.07467102378085079,-0.05642721962207053,-0.06308109773608112
CHE,ssp126,ukesm1-0-ll,-0.0031211692783429668,-0.0038575837948320196,-1.3313667332719154e-05,-0.008776843053356546,-0.006860132918795086,-0.00081260792405615,-0.003093607126962689,-0.004127378814932572,-0.0072590803113324115,-0.002456927172401694,0.0004039782828774066,-0.004305072334432217,-0.0015970604539300606,-0.004190466805854729,-0.001464006283227793,-0.0015746467172180012,-0.0014048182899715938
CHL,ssp126,ukesm1-0-ll,-0.006469235683129704,-0.0010447601686077782,-0.0018991699786103729,-0.007193410465374351,-0.002467480424910016,-0.0018365676982770546,-0.0017814849215368384,-0.0034612841991585137,-0.001630129923372054,-0.0046801611740965865,-0.0019628214391359555,-0.0029308685869476603,-0.0010104459175135868,-0.0010296580686428199,-0.0021935303428152987,-0.001833890296020771,-0.001973303783983002
CHN,ssp126,ukesm1-0-ll,-0.0170038686243198,-0.0209453424503297,-0.010837905472099426,-0.0179233016642029,-0.016076934068959457,-0.013875339579151443,-0.015446992657179994,-0.011858513563759498,-0.013513381337127529,-0.009036027054888417,-0.01579564711969816,-0.01523962647197099,-0.017175688776579556,-0.01327299978786448,-0.013908151771555445,-0.011047470403749147,-0.020560089817259816
CZE,ssp126,ukesm1-0-ll,-0.034763639416460136,-0.022617011771562636,0.009135231188909868,-0.12001214301058673,-0.10963774554453415,-0.00997939252178007,-0.03865001050454494,-0.04653071378836916,-0.09617894539944895,-0.043632876668188394,0.0013261871380328754,-0.07646944108491571,-0.020016513646414113,-0.10345338633480426,-0.02236465466193136,-0.04821138807996891,-0.0245627095842581
DEU,ssp126,ukesm1-0-ll,-0.004593730180554744,-0.004785062625725584,-0.0006901780598537106,-0.032605873113845905,-0.023008028792339583,-0.0006387001102573989,-0.01125667584165512,-0.01465159591215967,-0.027065415182794438,-0.006884596722338051,0.0010147625239140692,-0.02471328774477932,-0.0059751384073389825,-0.02810990502039816,-0.006910158778922667,-0.01679635871447276,-0.005730361977592089
DNK,ssp126,ukesm1-0-ll,0.004355955653837862,-0.004664430197830852,0.0055325925531277175,-0.01605982904888513,-0.0012804056144979654,-0.001634780825985307,-0.016237703779755887,-0.00970795981506147,-0.01612617082367654,-0.0037631909193471358,0.0006652739637140138,-0.018194578440372124,-0.00926386439067143,-0.020855125645213104,-0.006505180875222041,-0.018352758467138658,-0.011305294380804349
DZA,ssp126,ukesm1-0-ll,-0.07209319552530484,-0.0701819593382854,-0.038302517388640205,-0.13426032695768628,-0.08252655389284314,-0.028041588841416196,-0.041890563705240434,-0.040579220368359856,-0.03955497988238339,-0.04849684834314674,-0.03275407726703295,-0.030311655409515373,-0.04409440094413164,-0.0387463724148619,-0.03738249470804416,-0.020845943917392615,-0.028427617228887352
ECU,ssp126,ukesm1-0-ll,-0.0006280430701463008,-0.0002444797410331938,-0.0002745740022941665,-0.0003742957322024276,-0.0001589697261053047,-0.0004927042057286399,-0.00019875203850500714,-0.0003054771607437907,-0.00024525606967489336,-0.0002128823524478484,-0.0001783211128441402,-0.00018150208776308106,-0.0001468007530081985,-0.00015270881676008636,-7.013594153021704e-05,-7.32854981957339e-05,-0.00012199034916007694
EGY,ssp126,ukesm1-0-ll,-0.04146656532209905,-0.01283374004064846,-0.0019176723457905,-0.0035689909868871932,-0.005452901441610884,-0.005808950767407544,-0.001934775759096642,-0.002470251021096773,-0.0025726161098676235,-0.003308731729382026,-0.004052847829260814,-0.002066152301888267,-0.002610417175033841,-0.0018535537579709655,-0.0016894665183532732,-0.0008677924806025207,-0.0016417465191358655
ERI,ssp126,ukesm1-0-ll,-0.25976655036169566,-0.299928287071518,-0.38440388507776835,-0.3196235438238803,-0.010041180030143258,-0.22129736317351997,-0.21171897132208128,-0.20691352463894944,-0.15543090193845358,-0.10696933508103595,-0.11892702594036833,-0.07373938951619745,-0.07042361718599786,-0.07440374032228499,-0.04918110637044741,-0.05692068929674609,-0.046245595526175944
ESP,ssp126,ukesm1-0-ll,-0.005617322168775903,-0.02216124774158885,-0.0317115099703592,-0.02044504635602879,-0.015397079890305731,-0.011228401882759136,-0.009550305081430678,-0.011545047493988006,-0.027382173399243818,-0.0144479576038385,-0.006661154644654015,-0.008294433579218052,-0.011770151618221487,-0.020029101074845013,-0.02503747905760185,-0.013225721631147276,-0.01695333797737337
EST,ssp126,ukesm1-0-ll,-0.045388510193895525,-0.041214053312092214,0.003414398329705311,-0.0485002240865124,-0.044169162223063385,-0.03184747289099926,-0.04430745180035152,-0.07919264335951012,-0.09329545154231164,-0.04693647877418535,-0.034396440817118526,-0.11041963358265625,-0.05882259698145559,-0.10199297610730194,-0.0909788340616948,-0.0891738931734822,-0.056274386038933255
ETH,ssp126,ukesm1-0-ll,-0.08867942741025014,-0.11887451268065774,-0.059872095632033225,-0.05553472202345463,-0.02326008514726351,-0.024932308401620213,-0.014914342233946571,-0.016770769117075087,-0.007177049468360032,-0.004779524049250251,-0.012545470333523857,-0.0053027976198896385,-0.005098654139622962,-0.005446803914014769,-0.0047134855992882,-0.004188040984991208,-0.0036165823439278473
FIN,ssp126,ukesm1-0-ll,-0.0031471697567281064,-0.005128779827162461,0.000819245105360688,-0.0009563038449787733,-0.0039957223765106605,-0.0031667122293549807,-0.007011822917713504,-0.011137320900306977,-0.005771020659576508,-0.006342570956234124,-0.004550762151611711,-0.011142801837665025,-0.005553638246853713,-0.009016379514844094,-0.007497555260139318,-0.0077671474975392904,-0.008957594467346635
FRA,ssp126,ukesm1-0-ll,-0.013219228445642833,-0.01048429620240887,-0.02797148508020853,-0.05023328043071155,-0.043797332301154776,-0.009816197449272465,-0.022565018043180063,-0.04207496082084069,-0.04243834605127243,-0.0030998554890444637,0.0012644344960324857,-0.025337907560943843,-0.007594793731910616,-0.034023835226225034,-0.011965070981326069,-0.018364563928216355,-0.006833220128224499
GBR,ssp126,ukesm1-0-ll,1.8157342261345417e-05,-0.0008856316154257708,-0.008704500895862059,-0.021509995915183634,-0.005201954359445194,-0.002855261285687971,-0.010046553756050645,-0.007996379013551068,-0.006451667180467333,0.000547425106077621,0.0007102200054234909,-0.009195846971194131,-0.0063123593832762675,-0.0028550306432026723,-0.001977188901780887,-0.0061454357849721015,-0.004779541488449706
GEO,ssp126,ukesm1-0-ll,-0.009863095177440424,-0.01287544839337075,-0.00796078761819382,-0.002396824923089368,-0.008721517000062356,-0.00885129642247704,-0.014231041913763119,-0.00682886524179415,-0.007840966792007926,-0.02463231159288504,-0.007948089756567326,-0.010682461409545251,-0.012101864883726336,-0.01898172040698853,-0.00980648716779978,-0.004998660332475338,-0.02300312693339114
GRC,ssp126,ukesm1-0-ll,-0.03278907202933123,-0.02343426545796212,-0.0011879397962934728,-0.02001781075534414,-0.02720377742357272,-0.01038754898558647,-0.011071366274593543,-0.022843381583453552,-0.010828910747091181,-0.022725939044727545,-0.005038342091764254,-0.016326276059280838,-0.025361197744549178,-0.025385548963467324,-0.009423124151772853,-0.013693782206928165,-0.00745236547408162
HND,ssp126,ukesm1-0-ll,-0.00021363862906810928,-9.716685153672854e-05,-2.0208609367703006e-05,-2.9108687485873998e-05,-5.0321951980445545e-05,-3.218958236712341e-05,-2.978007204712743e-05,-3.647348732723071e-05,-1.110045298455691e-05,-1.0659047951080905e-05,-8.393061432365016e-06,-2.2556354118182547e-05,-4.279452132866322e-06,-1.280816061060382e-05,-5.170100779402075e-06,-3.913882109536973e-06,-8.528925432296643e-06
HRV,ssp126,ukesm1-0-ll,-0.04370169523170941,-0.3120367861405588,-0.02839690772059717,-0.23487269136529698,-0.23465595838910833,-0.14072220034262595,-0.3835649481415302,-0.549875528985583,-0.24930404004047743,-0.4819565749895557,-0.05735523704685268,-0.5022114159143413,-0.2935974957391015,-0.5922990650703854,-0.28377319860276806,-0.3363203199547666,-0.2588480802605306
HUN,ssp126,ukesm1-0-ll,-0.11832270143687246,-0.07872912167669834,-0.004665823218946064,-0.08797784613185546,-0.09714387596001102,-0.04402504497865052,-0.08237000916940015,-0.12294483997229426,-0.08405684476029421,-0.08544590515153963,-0.013617313644860168,-0.11188317786955575,-0.05323616237207411,-0.12708797676421968,-0.03962946276006968,-0.0892375853283321,-0.052018644075047644
IND,ssp126,ukesm1-0-ll,-0.04791606405741494,-0.02584641090840469,-0.010520544170953773,-0.01987184429714668,-0.01330630876727541,-0.014875212356428998,-0.00873327697886257,-0.014857596573037278,-0.007825184030435884,-0.0065285293362341,-0.008316510995186007,-0.005211357106906302,-0.005840096476001753,-0.0066466060258873385,-0.0038705493172818003,-0.004100683206814446,-0.0037339472946453845
IRL,ssp126,ukesm1-0-ll,0.00036812893144270114,0.0005030290170650321,-0.002250295152385415,-0.0011638132124468775,6.0971625444926464e-05,-0.00022941708107412697,-0.0011033980192781062,-0.000600681946799962,-0.0007351261432452196,0.0004477480730937582,-0.0002763446513796029,-0.0015195597733565908,-0.0006474659959077422,-0.0011825101533394077,-0.0008994671002492457,-0.0014391179007289994,-0.0030715793273367663
IRN,ssp126,ukesm1-0-ll,-0.038109992338738734,-0.015641156701822194,-0.01610427272223608,-0.006518545336272199,-0.005068921347322311,-0.009707476430520022,-0.009562277956235357,-0.004638352730724885,-0.008158556566867783,-0.005798976322803245,-0.0046361727656714325,-0.0059024295797073896,-0.005686807744122406,-0.0025400110620425248,-0.003977035268145003,-0.0026688390877753656,-0.005200005424062697
IRQ,ssp126,ukesm1-0-ll,-0.47074124995990985,-0.17507554324538746,-0.0783593896799216,-0.05666569048611205,-0.04874061688300674,-0.07946202272806988,-0.08544881136219984,-0.03542716487897107,-0.07142878675133751,-0.0682073371347728,-0.032806286812923205,-0.03535372305336877,-0.04339767038243546,-0.03254788654456241,-0.019626744731281443,-0.01010564623181817,-0.028603963244546334
ISR,ssp126,ukesm1-0-ll,-0.003380198203155886,-0.00118706559449212,-0.00025176825647529985,-0.00025953254943889676,-0.00047503937946506486,-0.0008408033306402158,-0.00010169657170101388,-0.00019011998129299325,-0.0002459520294319144,-0.0007141899239951017,-0.00037821757649236635,-0.00024502648390051576,-0.000334782869671023,-0.00037530501874823364,-0.0002296518864180864,-7.411898205471832e-05,-0.00019058494709592457
ITA,ssp126,ukesm1-0-ll,-0.00715001564098099,-0.009913629079757683,-0.0017368951899855798,-0.00817898621737374,-0.012441337350180189,-0.004661176737083517,-0.007362566444750466,-0.011803890014434524,-0.0070172990376452605,-0.010210904746276115,-0.005335314800611448,-0.011979471749098997,-0.010140760001081038,-0.013926677653383776,-0.009367275814956125,-0.006513002508001732,-0.006477751239000959
JOR,ssp126,ukesm1-0-ll,-0.01405257240296364,-0.009809802366443146,-0.0014756344258642677,-0.0008710665771798695,-0.0023551607578693535,-0.0038257580163546,-0.0006315531011918681,-0.0007565154819965886,-0.0011214301478816968,-0.002017155450090241,-0.0009614087887730802,-0.0007149221936540494,-0.0007937822127735964,-0.0011155818735750955,-0.0008669919074834877,-0.00020682886215990818,-0.0006820439012530896
JPN,ssp126,ukesm1-0-ll,9.131952727074929e-05,2.556693082331403e-05,-0.0005930363420004297,-0.0004821887106625958,-0.00019818779766661365,-0.00021289682776665716,-0.0007378378225286292,-0.0001507905149892206,-0.00043203476433945423,-0.0006287548849556704,-0.0005467417203296753,-0.0003413193746424152,-5.212454331416778e-05,-0.0001280043843421741,-0.0006244376859924175,-0.0005109382797239592,-0.00013716758092492754
KAZ,ssp126,ukesm1-0-ll,-0.16835170296882576,-0.05805836626825861,-0.09054171383527912,-0.029295875332046264,-0.09448944745951107,-0.058644532825984995,-0.036880106827362515,-0.04462768018157142,-0.10181934324230016,-0.06596648700424114,-0.08489903342857046,-0.05168752425610492,-0.058457680908717266,-0.06995460084658837,-0.09492553126741965,-0.04203378676877019,-0.07312807601595307
KEN,ssp126,ukesm1-0-ll,-0.013839768372794327,-0.012549829230788071,-0.0044247839146673105,-0.005032132460172031,-0.0039329171610206866,-0.0029526253260946486,-0.002707498400476098,-0.0025255690627766694,-0.001427813200183211,-0.001313148434361116,-0.0011840194019857651,-0.0009968613642603963,-0.0007464898485804826,-0.0006790655217163825,-0.0006948539645224719,-0.0006954267927462862,-0.0008882064447184669
KGZ,ssp126,ukesm1-0-ll,-0.2032791041705799,-0.25481424906738875,-0.08525619431586245,-0.03519920917315825,-0.04035777671793389,-0.07058570584740406,-0.08108511885547463,-0.03304987123862974,-0.027110231207598527,-0.023455764696389332,-0.028476631160770947,-0.05047841911592747,-0.03201570436379896,-0.012977213469910685,-0.022638979780786096,-0.026298262206893915,-0.018641997511890655
KOR,ssp126,ukesm1-0-ll,3.679556894296762e-05,-1.4095524895296239e-05,-8.318172114370222e-05,-4.094814491218252e-05,-1.1281732126267454e-05,-9.079279295926431e-05,-2.6738546835245854e-05,-4.6595340893651744e-05,-5.2961709732776886e-05,-3.8899639316546956e-05,-5.599167486848616e-05,-5.721146852736374e-05,-1.9247556346742012e-05,-2.7773507618220414e-05,-7.524461503325946e-06,-2.3330726318149686e-05,-3.0073872219723606e-05
LBN,ssp126,ukesm1-0-ll,-0.016745936841830525,-0.000210671637131576,1.0816098297630066e-06,-4.763823991316027e-05,-4.153192266630136e-05,-4.868000119902191e-05,-2.87093237115513e-05,-1.6873864206277496e-05,-2.35383640107242e-05,-4.2555530889924946e-05,-4.5714401005154406e-05,-1.808940725234291e-05,-3.846770959233445e-05,-2.386612641193971e-05,-1.9484732198966797e-05,-9.45232768266328e-06,-1.757356741015601e-05
LTU,ssp126,ukesm1-0-ll,-0.173660174645891,-0.12644534986559117,0.04702701488517379,-0.2884016996378553,-0.14063517883407503,-0.20724423335267855,-0.1468592853581834,-0.3138024015861632,-0.399236985994483,-0.20900181370613766,-0.18204085909539242,-0.40156068412000007,-0.21010981277528412,-0.5791331505741574,-0.26732007383332357,-0.4144682134528015,-0.5309709593606599
LVA,ssp126,ukesm1-0-ll,-0.13601387136127063,-0.08635932400459767,0.016012592059992715,-0.1763124220250678,-0.14019147990840888,-0.10342333252861781,-0.09559736821543735,-0.19443129657251945,-0.20490327697498326,-0.1094701168055361,-0.09768098771643102,-0.23923575750828494,-0.14034245051383937,-0.23894940543931176,-0.15332681590698216,-0.22763579742797682,-0.20841918268829362
MAR,ssp126,ukesm1-0-ll,-0.019481354090174895,-0.12390983817988026,-0.08150411773270126,-0.026188171577268302,-0.026579265000426688,-0.034111505747279655,-0.024968389277647964,-0.008121671630582498,-0.029385603807621938,-0.020176281535342698,-0.015494558975202646,-0.008742765976944135,-0.022605848089153162,-0.02158552640481587,-0.020070312941551743,-0.012940639750400018,-0.01615560984265792
MDA,ssp126,ukesm1-0-ll,-0.4360239293204054,-0.25473710610656863,-0.08827863458327544,-0.3040393288625475,-0.17996214486695467,-0.11230999689115775,-0.08692491466203557,-0.21691442975537764,-0.07601469164174177,-0.18897353674381936,-0.06768199953048952,-0.2000311457672221,-0.10513457767229492,-0.16512913605783905,-0.060420535554540314,-0.1331255377487107,-0.15581137114131408
MEX,ssp126,ukesm1-0-ll,-0.0024938547081442414,-0.0023823980276838075,-0.008617802638140484,-0.006482805968081082,-0.004905302908468138,-0.00427917179846301,-0.005428898325767792,-0.001889355938462548,-0.004137604687817657,-0.004114329977982302,-0.0031934481879252238,-0.0024948555147514748,-0.0036219881567542793,-0.0036136996848198247,-0.003797237307843172,-0.0021213357579652503,-0.0014936265895767913
MKD,ssp126,ukesm1-0-ll,-0.08825005784388391,-0.08065224905738391,-0.0023711569599367704,-0.04844100426374046,-0.053126605990568225,-0.01956372268888202,-0.02981973466672093,-0.05086602832023851,-0.0626763128957813,-0.05104437710561712,-0.013556410780077131,-0.04327381576627002,-0.07774560301097976,-0.07941086685942152,-0.03399782853679852,-0.043012696245083804,-0.025916333609222266
MLI,ssp126,ukesm1-0-ll,-0.01653755109195598,-0.02450340065690677,-0.007988324908384616,-0.013613909998774732,-0.009270996102360598,-0.006753741662068665,-0.005057081664196153,-0.003635493025842749,-0.0027627466941163147,-0.0019711841534752962,-0.0017760277451470167,-0.0015030688518082053,-0.0013137183897405664,-0.0010968699201527527,-0.0009004161079507442,-0.0008892863262911356,-0.0008299508952155189
MNG,ssp126,ukesm1-0-ll,-0.011996558234097881,-0.026528516824803228,-0.024743645490401752,-0.03691979696479038,-0.022162612127361647,-0.01850751792337044,-0.021292681905556003,-0.008136806595802829,-0.022597985982993837,-0.020233874808966473,-0.01034064689656673,-0.010670026476053926,-0.004323587707574925,-0.017197811718073226,-0.010208589026026674,-0.00718835976427168,-0.0069229731204101174
MOZ,ssp126,ukesm1-0-ll,-0.0008700981979876306,-0.0002653035804484862,-0.0035046637491533772,-0.0017579225067144138,-0.0025077299767971638,-0.00023063008569391364,-0.00021148021599189825,-4.904047106413802e-05,-0.00022156239974702069,-5.5543191153560333e-05,-0.00010836861697743476,-0.00034695219762892303,-0.00012612257564693439,-6.542365548465597e-05,-1.017329950152001e-05,-7.939750976920844e-05,-2.694120289584836e-05
NGA,ssp126,ukesm1-0-ll,-9.728568436469096e-05,-0.00025266244837469194,-0.0005387044658368119,-0.00038836282571018816,-1.4481331207379894e-05,-5.694318280284174e-05,-0.00011702491513372395,-0.00012094534865651178,-6.98442749106825e-05,-3.184750071113344e-05,-5.159309397635824e-05,-1.930333358810965e-05,-2.7936403011297784e-05,-2.6146689625470024e-05,-2.3002920045166986e-05,-1.994781745936622e-05,-1.1313930171003046e-05
NLD,ssp126,ukesm1-0-ll,-0.0012958306801254286,-0.00042546818578732663,-0.0005373710272881111,-0.006798700455456663,-0.0011879934798545103,-7.244444255874704e-06,-0.0020992337044967065,-0.0020373404377426675,-0.0025882755376686675,-0.0008374903208017085,0.0002635100545588721,-0.0053092836769270514,-0.0022426517684539246,-0.003690950925510964,-0.0007477580748359801,-0.003135405034963345,-0.0006236834214139607
NOR,ssp126,ukesm1-0-ll,-0.0009585578125534626,-0.00244971652145201,0.00037348657620625385,-0.0013346554918577534,-0.0008620110392129812,-0.0002755181158572412,-0.0030026234224433345,-0.002012621013042038,-0.0022723141281165366,-0.0022058273406082973,-0.0007525136425312048,-0.0012248602896951849,-0.0016412404139600479,-0.0018219764643342266,-0.0016882955917988604,-0.0026953936595989184,-0.0016382532421252774
NPL,ssp126,ukesm1-0-ll,-0.08972510500795958,-0.053088684322389994,-0.03981823911426403,-0.04578970720348531,-0.06095433304552255,-0.02600569729380673,-0.033160189443082105,-0.030342614869279416,-0.03433672226144725,-0.02410942640242126,-0.022965574813345508,-0.01735584415166736,-0.014234692299930775,-0.014089203609945975,-0.011626290361397531,-0.011975498655238932,-0.014104118745782624
NZL,ssp126,ukesm1-0-ll,-0.002380490165888533,0.0018388027639265007,0.0005377558359656994,-0.001281381726733352,-0.0041577297733784956,-0.0019462313514952295,-0.0012874486666047446,-0.0016908368702577747,-0.00022029283312057424,-0.0006461042896983983,-0.001392388751218112,-0.000553409997777295,-8.140171781884721e-05,-0.0007007651597063954,-0.0004963824741766182,-0.0004283252710053515,-0.0009817618093312887
PAK,ssp126,ukesm1-0-ll,-0.07577149128917335,-0.05785034363988301,-0.027261194098480313,-0.03624254509093059,-0.04052214024321463,-0.035954015952928624,-0.01688027608724785,-0.020650025510709963,-0.01331407860527151,-0.00609271436738142,-0.009040331610484863,-0.010298602632143779,-0.011501574463419765,-0.003029980213218831,-0.006108231620985287,-0.006569117068871123,-0.007073606981893161
PER,ssp126,ukesm1-0-ll,-0.002050551783634313,-0.001417811915651657,-0.0015085208997564741,-0.0017733156529418192,-0.002607686221181242,-0.002281820040077401,-0.0010826166734649203,-0.0014560230100231874,-0.0009860736790142323,-0.0011116352772413919,-0.0013664207331892386,-0.0006911088693122399,-0.0007847931129967102,-0.000689289666437158,-0.0005987236643688074,-0.0005734788607360291,-0.000655789332880088
POL,ssp126,ukesm1-0-ll,-0.02864332116635793,-0.026752851302336306,0.011984847187921376,-0.07194645967724174,-0.05578224968954159,-0.020259489176257573,-0.035505514353343995,-0.05413586260622049,-0.08460787974646744,-0.045341891930530974,-0.013064318486883221,-0.09693754177414472,-0.025561747732776127,-0.11941345650148719,-0.0453661890803025,-0.08166385319509609,-0.050344740077459836
PRT,ssp126,ukesm1-0-ll,0.0003262661453495023,-0.0007427771860431259,-0.0020750449497302973,-0.0008366264111755822,-0.0009234127536879351,-0.0008804232715740464,-0.00039192787935812324,-0.00026081656994826743,-0.0010252908634743076,-0.00024299350144087057,-0.0003253141082170617,-0.00033702292966759684,-0.0004056738868331288,-0.0010128084647222013,-0.0014634603385918297,-0.0007790783366222608,-0.0009787843193615569
PRY,ssp126,ukesm1-0-ll,0.0008490752233251059,-0.013352906488904595,-0.0045907044380217995,-0.002410170406921177,-0.014495364005995236,-0.009516288796854261,-0.005391018316151169,-0.0034257844913576415,-0.0018969005316751449,-0.0059777172428870555,-0.00101508039131522,-0.009570065719854031,-0.007919271791256047,-0.006261131986664818,-0.005700411801216934,-0.0025859871146883405,-0.003864181432566451
ROU,ssp126,ukesm1-0-ll,-0.20220916454816354,-0.2042170202341852,-0.046855049586722874,-0.1553345133437492,-0.10997954796587953,-0.08210865459588466,-0.09975756969047193,-0.16020654532517348,-0.11086141499753494,-0.16523553073494374,-0.05399316260426809,-0.19581367910314632,-0.13500095803434267,-0.2022989064737286,-0.0704518829393819,-0.15794573029213388,-0.1461081438756115
RUS,ssp126,ukesm1-0-ll,-0.15925649088894916,-0.0904281799948271,-0.09467574511032953,-0.03415607549256607,-0.09860857468192703,-0.07646512653303372,-0.05759439015736496,-0.05799420180495252,-0.10371915912155744,-0.08645137634044232,-0.08510234683894366,-0.060567733363724195,-0.05961565523262313,-0.08147739826824371,-0.07265615482351956,-0.06352387832905534,-0.09121118939547335
SAU,ssp126,ukesm1-0-ll,-0.016829373120149677,-0.02333733194845194,-0.020392503784308895,-0.017439973772327134,-0.015347499558948362,-0.017074170352881588,-0.014798782759970494,-0.01393181470507638,-0.014091455750267276,-0.01426595668312402,-0.013682799127054772,-0.012708494299783886,-0.012721087790197665,-0.010941825406279995,-0.01084855037088886,-0.009707279925285793,-0.009447400270019198
SRB,ssp126,ukesm1-0-ll,-0.21425074099771244,-0.2521454219844949,-0.004374546879891685,-0.13922535153647514,-0.14121558081218835,-0.0647413222867784,-0.16012441724355433,-0.29933709986478935,-0.20934130059327274,-0.2325347235542704,-0.03531122043520002,-0.3331365693844678,-0.22286638660539626,-0.3572057081662552,-0.08464866358020556,-0.17253593546937623,-0.15976254574432722
SVK,ssp126,ukesm1-0-ll,-0.06016357048051491,-0.03337856872195469,-0.008076659750433974,-0.07350014625164498,-0.07019045238718263,-0.02466300086452087,-0.04343620066017275,-0.06483428355774898,-0.06617789907712429,-0.04684664046076082,-0.006280749916713349,-0.05813989900571622,-0.032764340364810726,-0.08703608693290932,-0.024180705516712843,-0.04225065030610765,-0.02842522997985702
SVN,ssp126,ukesm1-0-ll,-0.00443064205196921,-0.002809942852939042,-0.0013319315153733876,-0.0041522834690027296,-0.0044555661455976635,-0.0022077186055148874,-0.004800039076711567,-0.007864696044360592,-0.004749156010813672,-0.006276065323001739,-0.0005125502317593338,-0.006240614554536569,-0.0030193270895756998,-0.0065716449348921955,-0.002991724822714473,-0.002810240232048738,-0.0031619880348477437
SWE,ssp126,ukesm1-0-ll,-0.0022319401848655386,-0.005020616640547341,0.001985374809754076,-0.00660154995290122,-0.0024905742222243953,-0.001321857756074513,-0.007253126745281898,-0.006597362590435631,-0.008940880812500128,-0.0041581977903394065,-0.0012108049178448737,-0.009261759607488462,-0.006781686029177082,-0.00896997653496722,-0.005147866762708598,-0.009872347509124938,-0.005248382379861789
TJK,ssp126,ukesm1-0-ll,-0.18332966671544132,-0.14132706839330597,-0.07845331829469908,-0.029316151055664562,-0.03543222997886307,-0.04174364281699648,-0.035372383375140086,-0.023097289232856553,-0.01819737994963984,-0.012543751546377048,-0.013307194058293795,-0.02278602201960687,-0.018117633572610495,-0.00823798255609169,-0.01258721145936677,-0.013131109104168502,-0.010835574241575064
TKM,ssp126,ukesm1-0-ll,-0.2888563081281154,-0.15041536676008044,-0.12955997189442858,-0.04058321977335163,-0.0799436933067736,-0.08213935889249646,-0.096983592025604,-0.06056090304681839,-0.061833509199427705,-0.04038399482122995,-0.0438089567937817,-0.06702578903870793,-0.06733305950722089,-0.03544814206404476,-0.05368964925046597,-0.055556899729334544,-0.056845352114802246
TUN,ssp126,ukesm1-0-ll,-0.08562123753161771,-0.06294660026221013,-0.015170062751720158,-0.06248229753381183,-0.037600407506886466,-0.02192908827551246,-0.023155307607788153,-0.024491668128170187,-0.023791199030141978,-0.026045816918542786,-0.025626016563945357,-0.02370871647807274,-0.03820742037953653,-0.03183309839789887,-0.03142686500231785,-0.023645149061066236,-0.025588884745330227
TUR,ssp126,ukesm1-0-ll,-0.06307123097768602,-0.009590550921531368,-0.0023588276557357825,-0.0024287850768754614,-0.007008369064641676,-0.004305193135352295,-0.004475746109715348,-0.00327830335796957,-0.003513399119119493,-0.009513743680904015,-0.0030211496817135813,-0.003664206256711368,-0.005517537209573546,-0.006647742485128158,-0.0023172629070602087,-0.0017952339700010173,-0.007318083328169125
TZA,ssp126,ukesm1-0-ll,-0.0017540785496015822,-0.0018954185822607581,-0.0011043946875756924,-0.0019573606096710797,-0.0008832190787860982,-0.0007552150773709273,-0.0008086194979231408,-0.0008063158603125696,-0.0004511946842022815,-0.0002665995347483786,-0.0001750698809099407,-0.00019459386959862077,-9.694773018758824e-05,-7.399791964723817e-05,-7.0535405536746e-05,-7.940376066451365e-05,-0.00015835634468407302
UKR,ssp126,ukesm1-0-ll,-0.834762649415233,-0.2897680128129563,-0.08266690579865707,-0.17200194234827887,-0.18029379339872056,-0.10917537581708163,-0.0933551484886993,-0.15428595373462448,-0.07823035151948882,-0.1417800620682567,-0.06699373282729759,-0.14343540094240112,-0.08248704400720956,-0.13848997733014037,-0.06045110206524139,-0.12387171663836842,-0.0937801156696738
URY,ssp126,ukesm1-0-ll,0.0003447279640682282,-0.014932604200139851,-0.09962865349827756,-0.004418856912432327,-0.01604999873808915,-0.010920174391919002,-0.002460360974831493,-0.004545332977066771,-0.004344650871626916,-0.015084799030590432,-0.0006263400339242325,-0.010794153129715656,-0.011802873171819297,-0.00783049496538393,-0.0006308002365794276,-0.006473341741064335,-0.008525590351333517
USA,ssp126,ukesm1-0-ll,-0.009375224237339079,-0.00778376309433169,-0.010160835177035973,-0.009517946369617608,-0.01189854365006019,-0.0067176593013611495,-0.006301344357333253,-0.005804744202574434,-0.008434107300818682,-0.011387830297148571,-0.006594268184264118,-0.004980231371066725,-0.005832933750100661,-0.007208629712860243,-0.007843655955211387,-0.006046990032986988,-0.005085356829120142
YEM,ssp126,ukesm1-0-ll,-0.030911564330942748,-0.011460759637362638,-0.00822686074366229,-0.006308817878916399,-0.00323973983891245,-0.0037426784733836246,-0.0028305625195164425,-0.00238635540057208,-0.0022290322069441365,-0.0016778914238280134,-0.0017011595535226544,-0.0014095044032972682,-0.0013136833172170761,-0.001168649801248011,-0.0012207058882672788,-0.001170127546469861,-0.0011321784508931687
ZAF,ssp126,ukesm1-0-ll,-0.0015607740825737502,-0.009503800953431247,-0.013726217938446767,-0.015285593251788701,-0.006502258114943012,-0.014499605298549167,-0.0026947633338900256,-0.007971247240621997,-0.007128891222352009,-0.00252208198016701,-0.006218944062219928,-0.005540023789347886,-0.002429055878630286,-0.003678690925140685,-0.00287324908865677,-0.0046192843189188865,-0.004243656711744398
ZWE,ssp126,ukesm1-0-ll,-0.006420589159282315,-0.0016646991328833122,-0.049079560766169074,-0.1113903140004374,-0.0818057527525501,-0.04714694232545634,-0.008054483833363508,-0.009027814108273902,-0.010655216344641567,-0.002202174434550369,-0.005116724193370515,-0.01908233926412176,-0.010866413745166215,-0.008160447070589565,-0.0037528730548860127,-0.008476063652459408,-0.005615289610355808
ALB,ssp245,gfdl-esm4,-0.06969433496437095,-0.05582617200492985,-0.06223045998176881,-0.026765301256637782,-0.017927069833712315,-0.08928196480292419,-0.0348366080929174,-0.06335080044511494,-0.04158357835438082,-0.10081221814466476,-0.0783851266543015,-0.04489462517022906,-0.04909884791364885,-0.1002551746618309,-0.0853135610458635,-0.10299963624169671,-0.1224412138433661
ARG,ssp245,gfdl-esm4,-0.00885355417008462,-0.0009318828553295147,-0.0011814780983892006,9.22689856549182e-05,-0.00025601559396346344,-0.0014107484265684835,-0.00034385820317007815,-0.0002618698445382377,-0.00013005273276988873,-0.0007018278034404576,-0.0004426165320706847,-0.0009001002572049133,-0.00022609775961115208,7.080268688143628e-05,-1.2312260562634469e-05,6.087979726180016e-05,-0.00015352169149666632
ARM,ssp245,gfdl-esm4,-0.03277439812329418,-0.04491675264739779,-0.015527028085710076,-0.019890802864512596,-0.024033309591307218,0.001364901874010304,-0.04450109441463365,-0.01252398683602514,-0.023713607188045115,-0.01759454615026956,-0.016490197903340643,-0.02683266512105703,-0.024006803272443568,-0.03799569006450799,-0.02764686473214716,-0.011483878735158043,-0.008826146864736817
AUS,ssp245,gfdl-esm4,0.006341725982059222,-0.03140846447127126,-0.043964047325776634,-0.05780870765820746,-0.0469260502866731,-0.030541783732767166,-0.015900333713607002,-0.035285626321338734,-0.05593444672605105,-0.017830125086981195,-0.008454514720733481,-0.031510281088959154,-0.003852360782517982,-0.03144526280399706,-0.04440220162641048,-0.024735733005055924,-0.03936724180939546
AUT,ssp245,gfdl-esm4,-0.010622222258622584,-0.0036310998856652803,-0.0025390327741599593,-0.006588295059122467,-0.002849239289186268,-0.009991963967062995,-0.002712669793635789,-0.0021380118596812784,-0.0016965645605956144,-0.003439663752373628,-0.009068586965680754,-0.0015844237023397857,-0.0021886348111097025,-0.0032746335537996336,-0.0011005281461114423,-0.0024885891253335723,-0.0006833204458246785
AZE,ssp245,gfdl-esm4,-0.07663968635080012,-0.08899319653849988,-0.040810864028538806,-0.05200792602574337,-0.061261977291919394,-0.011172479494233181,-0.12677719643269322,-0.045938540393286806,-0.06716897342568688,-0.041050829136580085,-0.046364967681033695,-0.0642896667889877,-0.07062064695791163,-0.07280143573988995,-0.04759287352244012,-0.035999839051060356,-0.016562706841499922
BDI,ssp245,gfdl-esm4,-0.014167247188505096,-0.002067285081729406,-0.006711149798812711,-0.0015361163627429007,-0.0009618191749110374,-0.007593861387131825,-0.0005451003756440105,-0.00046240442361826007,-0.00046523840774177766,-0.0003435107855214666,-0.0004960463226849602,-0.0002783374435640809,-0.00040484967127074796,-0.0004948054670054575,-0.0001451973802164488,-0.00021955061540669581,-0.00028975022426343814
BEL,ssp245,gfdl-esm4,-0.0009134542311006579,-0.002858092161689023,-0.002065721186829787,-0.0013807689262979967,-0.012145486790850122,-0.0005473342270369987,-0.011105005002185643,-0.0006647124445228192,-0.0028809531899274187,-0.0023295128801643448,-0.006777364585589697,-0.007141475538295709,-0.0015898811663069873,-0.002423013595708289,0.0005464840900311429,-0.001769973433424623,-0.001693488237095667
BGD,ssp245,gfdl-esm4,-0.001738423585903819,-0.00010604314454824252,-0.002249912261808422,-0.0011985318514633604,-9.087504859891829e-05,-0.00041491226819068735,-0.0002462371859344162,-0.0006700584858958113,-0.0010611894756640719,-0.0008471705737346291,-0.0008573604490045407,-0.0005030686327870767,-0.0007762522321983288,-0.0004997291018145791,-0.0007695680688675916,-0.0005398348496122214,-0.0006369209357188903
BGR,ssp245,gfdl-esm4,-0.290378905572801,-0.23155439705007264,-0.30402391409782886,-0.08481971813631038,-0.09072903440436675,-0.16047515471522877,-0.08225267797232917,-0.1029875878429705,-0.13761690766996337,-0.22560110236413108,-0.16754459748487352,-0.09978194235049499,-0.22952909118737738,-0.26822900035716646,-0.2611311958160799,-0.20391966786953822,-0.2700232372380468
BIH,ssp245,gfdl-esm4,-0.03967393304613425,-0.019874699536992214,-0.013521521353487031,-0.02913710471533637,-0.01212208686202459,-0.03132234270003038,-0.013818062057216652,-0.012840617879018659,-0.013060076899162998,-0.02742538628512902,-0.0531796138200994,-0.01862878058412674,-0.02746978306957584,-0.04508013461466486,-0.03648786063863364,-0.05382286742873421,-0.0879289495658384
BLR,ssp245,gfdl-esm4,-0.007173465387830238,-0.038448824288469664,-0.0078003224255064965,-0.019541583662720328,-0.001065048297125904,-0.011048526618702316,-0.017170974790492587,-0.012101961142131329,-0.013095298508802169,-0.009319984735973695,-0.015054643040816293,-0.0102109741216722,-0.011055232853678527,-0.0075776275416379385,-0.005740895176636225,-0.0043787764482167745,-0.008141267910621829
BOL,ssp245,gfdl-esm4,0.009874638711005563,0.004765017919189177,-0.016179112296606832,-0.013753315338719088,-0.013408396388938534,-0.006140494753604168,-0.0015437773027067892,-0.014557616026733193,-0.010863466441498567,-0.003278551766798609,-0.004939144847635398,-0.011331130054815468,-0.009228928521066389,-0.003115551955866229,-0.010531206729459914,-0.009011280180419932,-0.003953212466830227
BRA,ssp245,gfdl-esm4,0.00041976924993120053,-0.0009919403576556553,-0.017664572749037433,-0.0007665559213217686,-0.0023699099010822977,-0.005479995943667432,-0.0014773986992764544,-0.0042381710629668026,-0.002090825612889735,-0.0021277703749758895,-0.0027944778223672976,-0.0037287602578138374,-0.0017929344566681128,-0.00028514401322277084,-0.003603143437698116,-0.004162968011319116,-0.0010509699520571377
BTN,ssp245,gfdl-esm4,-0.00043018808226700367,-0.0006949028685004895,-0.00022523614591757774,-1.2460382061017649e-05,3.9452863358354766e-05,-0.00013121561838934508,-0.00011980811708554627,-8.211229961804624e-05,-0.00012739924753410003,-3.5918931730503634e-05,-5.0069867721605335e-05,-2.1713792058003658e-05,-3.221905235863416e-05,-2.674437410178287e-05,-4.6812229312076975e-05,-0.00012542698106204772,-7.026978422850839e-05
CAN,ssp245,gfdl-esm4,-0.07793941882483955,0.013312892005398584,-0.004627075837986903,0.01022001328812225,-0.0553985087419111,-0.010097715610931018,-0.006245856497995826,-0.036479578295656304,-0.050081264413837895,-0.016188676497208072,-0.0034632986087791908,-0.024073402264873145,-0.05010526010124541,-0.04674362048446842,-0.024223742611807528,-0.022604618013912493,-0.008458703673892868
CHE,ssp245,gfdl-esm4,-0.0004811814300843572,-0.0011653098145310513,-0.0023576368340194184,-0.0007655059478381783,-0.0013374501248495532,-0.0013086843560212171,-0.0019379121731503317,-0.0018761102823945538,-0.0012606128542553142,-0.0014991046400718367,-0.0021669818203519193,-0.0013004311884728236,-0.0011367948075726713,-0.00218637773788621,-0.0008183168086151859,-0.0010826646253001364,-0.0006937881255662903
CHL,ssp245,gfdl-esm4,-0.005050032458243971,-0.006062518292604366,-0.0006568210198338056,-0.0016185756650254767,-0.0008792264148022448,-0.0010715841731971727,-0.002574225860510142,-0.0031860317053943304,-0.000834656750913698,-0.0010942652274855006,-0.003991208116553034,-0.006616698229621066,-0.0005949895624820557,-0.0005484781851279502,-0.0020159044636858018,-0.002618124038887691,-0.0016314269739365894
CHN,ssp245,gfdl-esm4,-0.01813514643061199,-0.015011783979202532,-0.013872240177773758,-0.004569655973329904,-0.011905998695440912,-0.019519166442835446,-0.009164368367344206,-0.00911664217076316,-0.011312537521883357,-0.01816113394090527,-0.01816869726892518,-0.006778991143418543,-0.01317219434367748,-0.013658645963757302,-0.011332951549297435,-0.010932848891483934,-0.01133962304462595
CZE,ssp245,gfdl-esm4,-0.009219838166131446,-0.01816223589183123,-0.005933308984999133,-0.02126130397246065,-0.011260537947745666,-0.03333132471544689,-0.023058977871853247,-0.00705982036723259,-0.01223088992498453,-0.02250877804392907,-0.029834166788136766,-0.007588937114128095,-0.013834611050495558,-0.01939382024875797,-0.006549110770394042,-0.010407988349918355,-0.0030491132025035135
DEU,ssp245,gfdl-esm4,-0.0013459240754112082,-0.0061357662400514275,-0.0005203547453712558,-0.003449159153501158,-0.009926772360620461,-0.004240706796597572,-0.017522511467342444,-0.004756077156633555,-0.00026650678845846666,-0.008255899760944999,-0.009531648885021555,-0.012757801991023021,-0.004960584229675506,-0.005214273633908106,-0.0025308187001820692,-0.003535858760488052,-0.0019847443498269895
DNK,ssp245,gfdl-esm4,0.0024594356193822597,-0.0034448106568539883,-0.004902745242959583,-0.005129878279293453,-0.0066165443798199795,-0.004467035655471729,-0.013171202559245667,-0.005635996003088423,-0.0013390617587214178,-0.004750417262227547,-0.012872746954276348,-0.011723399345525836,-0.009338160620100903,-0.008113345289221858,0.002010911683193388,-0.004158953941591013,-0.002864371844398936
DZA,ssp245,gfdl-esm4,-0.0325216184485106,-0.019145507489712523,-0.019471623522942537,-0.021073756396687578,-0.049823042272387166,-0.051268107146432554,-0.021471166325746454,-0.06682390290182692,-0.047356877427810216,-0.02849892389363446,-0.05072519376463173,-0.05218860285773276,-0.03105800011315877,-0.055013513734585746,-0.02456174206580844,-0.04405012746869819,-0.02637256002687167
ECU,ssp245,gfdl-esm4,-0.00010949051503156011,-0.0001576361028429209,-0.00029462499464224335,-0.00017107035374748112,-0.0003281827558174077,-0.00013322677034785033,-0.00012628433998479425,-0.0002945516206791204,-0.00022463138866536512,-0.0001520903613826816,-0.00019043884002623756,-0.00016680598871595618,-0.00022584856158498824,-8.316978076778368e-05,-7.399771852893244e-05,-8.398000387735169e-05,-7.079197112393713e-05
EGY,ssp245,gfdl-esm4,-0.02646873646465233,-0.008399825636086504,-0.004085040446103636,-0.0018622481454764913,-0.0014441107342522512,-0.003075038111830824,-0.003147944473298429,-0.0020581453906758397,-0.003675175434879173,-0.0029446388594740083,-0.0019290011614778075,-0.002193209587213529,-0.0013897396756494297,-0.0017608081157852247,-0.00160490227787825,-0.0011838395843689399,-0.0019544819431164865
ERI,ssp245,gfdl-esm4,-0.052079405315077675,-0.3159530903735256,-0.17444320197119134,-0.3045871346966406,-0.19706822378881536,-0.18948758542491684,-0.08331425560917054,-0.26298285175623043,-0.2298278965285324,-0.16224209685436292,-0.14084672550173774,-0.1322049818425813,-0.1153609770852918,-0.1210390921809191,-0.11102502242705463,-0.10699078502705982,-0.08716729391389219
ESP,ssp245,gfdl-esm4,-0.009697324985396287,-0.003684241047705227,-0.008263644921556514,-0.004871236130243502,-0.014664492769267203,-0.012834046944776922,-0.007868573496659403,-0.02229949301703349,-0.005031931009787814,-0.007686612801845185,-0.02566141702106009,-0.016245157517859432,-0.012427317696530875,-0.023215627126391514,-0.01948864699348976,-0.016934941520622516,-0.002601481806409914
EST,ssp245,gfdl-esm4,-0.008000108097706411,-0.094405351710436,-0.014935433503852492,-0.02472171534454714,0.00018749458057664534,-0.013406636000611897,-0.03312142891501104,-0.016743642819485753,-0.04755985834404183,-0.02203298467159537,-0.015306273060670597,-0.039503106234027696,-0.02468869720102435,-0.055431102183689386,-0.014462682260655838,-0.008086229825184256,-0.0370189802249786
ETH,ssp245,gfdl-esm4,-0.004662900102446795,-0.04133142529662923,-0.023117817480190442,-0.0112819377133318,-0.048532259951753406,-0.017953307921377604,-0.010397959887983404,-0.016012471300518204,-0.011119998364269435,-0.009967864636470442,-0.007663296363596751,-0.006235259636387378,-0.004351639262282103,-0.011881869332222456,-0.0051898692315947405,-0.004790217103143161,-0.005184656170973227
FIN,ssp245,gfdl-esm4,-0.0029325545405704495,-0.007790194089445337,0.0011077578763404956,-0.004677372249731325,-0.0009937634021352259,-0.008285638403358622,-0.0025012405907308935,-0.001974072476822816,-0.002990423805195593,-0.0008601455226526347,-0.001565468670932119,-0.0012587834588339208,-0.002795558132636877,-0.01354502352014746,0.00021822299983723827,0.00026520383910118555,-0.0035949011553180503
FRA,ssp245,gfdl-esm4,-0.01428026248556154,-0.010931782763232785,-0.028244044632273438,-0.009995896784512506,-0.03157609306674413,-0.016464480290826478,-0.02463642691640722,-0.007669784124142145,-0.010870379854588745,-0.0140063345061504,-0.014052732650013089,-0.01553314342223255,-0.01621250760714706,-0.009091166818924305,-0.005730614353939327,-0.007808642004716372,-0.003316821002135296
GBR,ssp245,gfdl-esm4,-0.01123680766432222,-0.0025455047652309416,-0.012417581516326461,-0.004608624036786419,-0.0020263317488444224,-0.002732120773108685,-0.005513896731488455,0.0005114678362559879,0.0004124138522604276,-0.004666761848225153,-0.005477998523031011,-0.0036013496590171267,-0.003288490744158727,-0.001563425528958276,-0.0031601061699611807,-0.0013338261046357204,-0.0010912802561049795
GEO,ssp245,gfdl-esm4,-0.00764075408986093,-0.009013349841679296,-0.009530436209026645,-0.010031433080304028,-0.016697640989226253,-0.002560812464867422,-0.021973412770591432,-0.005842132602210506,-0.005932074538524466,-0.00665365362688904,-0.003738744061616386,-0.01151471799020861,-0.006334171980167039,-0.011467764939257823,-0.014665160501065876,-0.007799175974688012,-0.005888336309445187
GRC,ssp245,gfdl-esm4,-0.02627021709930009,-0.009068377737543359,-0.017387046848132654,-0.003156230089063719,-0.0066081880036032905,-0.013922658216891141,-0.002152918938626921,-0.011432784005366884,-0.0060342936543783,-0.020904133038252604,-0.008449428066251735,-0.004590579050511011,-0.0027099485567152093,-0.013051180979846817,-0.00885975246915107,-0.008155593869103054,-0.009553728882235163
HND,ssp245,gfdl-esm4,-2.0501738279685933e-05,-0.00016931062641572934,-2.8655933125358e-05,-3.5226398452571367e-06,-2.0775974618193408e-05,-1.2270295555630208e-05,-4.536518514374e-06,-2.707957229413959e-05,-1.6651119505577716e-05,-1.3280061861419348e-05,-5.492990728119309e-06,-5.857561291138774e-06,-1.6930882843427174e-05,-1.873734222814932e-05,-3.0604120789977073e-06,-7.849766759216203e-06,-5.305171177877671e-06
HRV,ssp245,gfdl-esm4,-0.03956857093347148,-0.15846422926399217,-0.08255218925152616,-0.24487948055625175,-0.09039544460093729,-0.27420371427780943,-0.15894647379729657,-0.0971008377954041,-0.13777122044249954,-0.23253204150589574,-0.4924187961545722,-0.13241830990740955,-0.18968094715725892,-0.23219979068227406,-0.17756048235336142,-0.26040695583558754,-0.2101151792149566
HUN,ssp245,gfdl-esm4,-0.1244462892514744,-0.032783584394671945,-0.038548309745233544,-0.05337314242789056,-0.012234151220086578,-0.03907623315590008,-0.045167442756398016,-0.01386472454908712,-0.027536783656844834,-0.05488871526827748,-0.07905963840890486,-0.018842325072741566,-0.027768225473562513,-0.03885861003559548,-0.021972233738698985,-0.026475367128095124,-0.024963439142801965
IND,ssp245,gfdl-esm4,0.013653151499373942,-0.027182744779698325,-0.036615959464543255,-0.012567459041416443,-0.007693383523394522,-0.0058837612286721545,-0.00151867416614661,-0.018383235957117407,-0.010182185832262575,-0.006693933914672282,-0.0044754565030618405,-0.005696145064126208,-0.009012998963979784,-0.00777342440119265,-0.0071344429678332315,-0.00394160853098328,-0.0041759609185596245
IRL,ssp245,gfdl-esm4,-0.001092098869142414,-0.005032774114994706,-0.004364795440052243,-0.00019655239585365767,-0.0018796870130789334,-0.0014114595877146177,-0.0006516356961006429,0.0003784528026297348,-0.0002395369401371943,-0.0006064780719306016,4.197534355211774e-06,-0.0005292235915306611,7.385335915026828e-05,-0.0004718710965378132,-0.0006319196573636095,-0.00035206770489134144,-0.0005991734698758454
IRN,ssp245,gfdl-esm4,-0.06067950896546965,-0.015418657215437667,-0.006265396684278934,-0.004861863525578152,-0.005846128510424183,-0.004294891751489229,-0.010251905302029277,-0.006474067058540906,-0.008828206435661092,-0.004298656051456217,-0.0072506614286188915,-0.004564805535089582,-0.007578321444100207,-0.0070962257317331735,-0.004206357914454863,-0.004515795360542473,-0.004326153282385838
IRQ,ssp245,gfdl-esm4,-0.29274193422410855,-0.013935359688107697,-0.12682697029108161,-0.02097790431667461,-0.1233839130117763,-0.0510174707710115,-0.04799236158073027,-0.07108065063809431,-0.0443140199211093,-0.08073498884095182,-0.05926071192429732,-0.044906937662358426,-0.03985693267790302,-0.043408618702452245,-0.03163847785880962,-0.029996820541272264,-0.025664273951595998
ISR,ssp245,gfdl-esm4,-0.0007359204916356104,-0.00031515557583329604,-0.0005252402030433468,3.219625649990033e-06,-0.0006614626125988417,-0.00023815957306828973,-0.0009881163573869055,-0.0002628342671312334,-0.0005748267509348558,-0.0003847743555171493,-0.0004816986948680465,-0.0002741738826276863,-0.00018351530172063478,-0.0003771212839056491,-0.00016530354413793076,-0.0001526557779272685,-0.0003304244530080543
ITA,ssp245,gfdl-esm4,-0.008039195418290124,-0.005287523517225333,-0.004497901300892557,-0.004731851652957105,-0.0050691295242635435,-0.00926351804265679,-0.004982077595047662,-0.008933109305602937,-0.004174142992082722,-0.009466764427535466,-0.008803263823220078,-0.0056092378592525706,-0.004653978110080779,-0.007220700251496138,-0.00593521981340814,-0.008394257572334482,-0.00548376340007684
JOR,ssp245,gfdl-esm4,-0.003675863681019865,-0.003674859465248347,-0.004095340316469267,-0.00012008190163030842,-0.003708335307599161,-0.0019008240643720274,-0.0036550887497411406,-0.0018162830328608314,-0.0017817254275261816,-0.002110111805922046,-0.0016955882439555943,-0.0012979110941198119,-0.0006216079550083451,-0.0014199149654449189,-0.0006721897059567628,-0.00048006963644898955,-0.001001176985059476
JPN,ssp245,gfdl-esm4,-0.00028423538456305466,-0.00015924145443785523,-8.725267181361376e-05,1.3299967999615134e-05,-9.316081107167222e-05,-0.00025900061578174575,-1.874295731401871e-05,-4.453510285950535e-05,-0.0001345125068722105,-0.00019876658690726103,-0.00012699581743822778,-0.00023614129045384057,-7.843071376984589e-05,-0.00024833101745894175,-6.867020341889767e-05,-0.00023843441641417044,-0.00011704154066020228
KAZ,ssp245,gfdl-esm4,0.01626728606131945,-0.09941719844750621,-0.12065328566885004,-0.026557433502055864,-0.04859842318238448,-0.01637094335940021,-0.10941349614207044,-0.0717695857095367,-0.031100139440814925,-0.04585013186288823,-0.036489777323970615,-0.09497328397225731,-0.10838230491667883,-0.016112428105899333,-0.07865350738335389,-0.046381810954001235,-0.03899512564051413
KEN,ssp245,gfdl-esm4,-0.0018455582499901245,-0.0041086427020786565,-0.00308034759849523,-0.004257055620444651,-0.005773675430788554,-0.005647344609870708,-0.0032068113746380536,-0.002788837755229639,-0.001872463560142235,-0.002293837189550837,-0.002081835504125872,-0.0012808352824214444,-0.0013675655937569605,-0.0022414424680471563,-0.0006684474991263815,-0.0010135763032896902,-0.0011118654746436122
KGZ,ssp245,gfdl-esm4,-0.2331971297866897,-0.10614606424042519,-0.06445202203560634,-0.023858628167174076,-0.026081532226028603,-0.0554447820263204,-0.02677275142852828,-0.01494466146795309,-0.07355062349997883,-0.02891123854140684,-0.027133465072524475,-0.019839166503319836,-0.012994703886983212,-0.0208561443773538,-0.01715778665661942,-0.010984859493271094,-0.01892225378405864
KOR,ssp245,gfdl-esm4,-1.2517751367008146e-05,3.0345945514591918e-06,1.6836136119098417e-05,-5.3687229424025746e-05,-7.889660922950019e-05,-1.6822898993204402e-05,-2.768841068399561e-05,-5.876755131374926e-05,-3.991007912969815e-05,-1.0873034008388593e-05,-1.4724722355783315e-05,-3.404259305849223e-05,-1.8688435490317074e-05,-3.432979185515828e-05,-3.106941320430725e-05,-3.057162372148181e-05,-1.925667521402298e-05
LBN,ssp245,gfdl-esm4,-0.004799005530186251,-2.8634043892002423e-05,-7.940923302376631e-05,2.1159318529549977e-06,-6.897637215693583e-05,-3.797734592493738e-05,-7.187170570082679e-05,-1.7610035816526637e-05,-7.058553796911139e-05,-3.945572554091468e-05,-4.614821965705669e-05,-2.544072896787219e-05,-1.6626820292258567e-05,-2.8518911891146913e-05,-2.2539374871053116e-05,-1.7096361653708205e-05,-5.7135361308453074e-05
LTU,ssp245,gfdl-esm4,-0.06395520906713209,-0.1988105952815079,-0.04528970404884235,-0.09804387570520798,0.005383090573314704,-0.09568072107817494,-0.1640233773056782,-0.09161661523540997,-0.21218958782375325,-0.12060112461497936,-0.14516854257336237,-0.17742600583652282,-0.16634020069004282,-0.1423992176290785,-0.07160429975517281,-0.06554393653585083,-0.15070645551406087
LVA,ssp245,gfdl-esm4,-0.0409659341928953,-0.22200621024778205,-0.04359273697343726,-0.08524503497743237,-0.027457811087119092,-0.08062295590848795,-0.11890867654624311,-0.06857138178990267,-0.16642264222814135,-0.08905612466542585,-0.06701632820196712,-0.11889750792231538,-0.10660605343608845,-0.1365779796768419,-0.05244621044511472,-0.029475801370428056,-0.07852131511622384
MAR,ssp245,gfdl-esm4,-0.07614394522596736,0.0017068246395603697,-0.014242446099730782,-0.008342173582179214,-0.02143435383028016,-0.012229946305779435,-0.009855420761741205,-0.0342052377838855,-0.01740618750188474,-0.010562025150820602,-0.023947470032533426,-0.019222293760747633,-0.02343526238389211,-0.024560884511418885,-0.022067901622442335,-0.021143285881866276,-0.003325935787149491
MDA,ssp245,gfdl-esm4,-0.10828561021700564,-0.15452956066111692,-0.049409598788267894,-0.04209034868482342,-0.020331457594659635,-0.11478209159402014,-0.07285633674037907,-0.044267374627614986,-0.08175789429974233,-0.08579162934871815,-0.0634583567947902,-0.0341895902240493,-0.06084691016813431,-0.07333716680622233,-0.055352885391413816,-0.042233004190456086,-0.10323057564233525
MEX,ssp245,gfdl-esm4,-0.003719710601054299,-0.0042661845207625955,-0.007444730375929204,-0.005765407619333122,-0.007290172871982727,-0.0017626858726405665,-0.005436161150265273,-0.004788941027552569,-0.005417123131949102,-0.0017586719706630355,-0.004601236290399667,-0.001813308114685559,-0.0029487020750000306,-0.004047460947875566,-0.0037524671808166696,-0.004620632734471103,-0.0019138605537737624
MKD,ssp245,gfdl-esm4,-0.05182845442560521,-0.02506696526843105,-0.03517726989918864,-0.011084398505201914,-0.008992882301705316,-0.03620182222014774,-0.007054214231377688,-0.025838703728438685,-0.008908525813400308,-0.0397135250415368,-0.02344809442471613,-0.005395944898291671,-0.009534317716486487,-0.034545322114717336,-0.027942935628764078,-0.022069711278963573,-0.039731658293689805
MLI,ssp245,gfdl-esm4,-0.030694420831194138,-0.022579120863332965,-0.012026855152008666,-0.00742290172877528,-0.0029725525937895577,-0.007523851269239899,-0.005175050132647734,-0.004883942883357276,-0.0038306316520137725,-0.0028359708366768035,-0.0021193631259563235,-0.00185234505561365,-0.0015511950877491053,-0.0011449951411478042,-0.0011001644752259708,-0.0009452547955885129,-0.0007270729548841882
MNG,ssp245,gfdl-esm4,-0.03647554593092349,-0.00264073270397663,-0.00736702408287243,-0.020484921875581624,-0.02122796155547875,-0.029231636866082048,-0.015561816658393348,-0.009161008201331212,-0.012417040211075954,-0.005278021994629285,-0.016633757611566442,-0.004957682002543605,-0.007154491570735306,-0.01105880120648428,-0.0064999448307172395,-0.006157804010991006,-0.005132967624400436
MOZ,ssp245,gfdl-esm4,-0.003302594161240967,-0.0004933039119171233,-0.0013649010827688336,-0.0003548040400913716,-0.00031973389552947354,-0.0003365851370350759,-0.00022662001835755638,-0.00023371885654094703,-0.00030530751460736805,-0.000140037346668725,-0.00013652476365179968,-8.667653757404841e-05,-0.00016128860676448278,-0.0002073623649770101,-8.165393785983238e-05,-5.6110816356793305e-05,-0.00011032299093456306
NGA,ssp245,gfdl-esm4,-5.53913298978348e-05,-6.886095420947732e-05,-0.0004165372602052668,-4.0173452536616886e-05,-7.290368708853918e-05,-0.00015824201126053193,-5.1159533798553187e-05,-6.926552854896693e-05,-8.277173847688623e-05,-3.98433964592725e-05,-3.917934416784077e-05,-3.39882803128726e-05,-3.4188894935311084e-05,-3.294597391655273e-05,-2.8782033000385854e-05,-2.4210463471340537e-05,-1.4995820718862455e-05
NLD,ssp245,gfdl-esm4,0.00030133087544895296,-0.00018856030440943662,0.0006790653547451949,-0.0007269333707950441,-0.004283692670106939,-0.0004384846169496729,-0.0024169311798860676,-0.0002536090437513204,-4.51765665052409e-05,-0.0009629621272341253,-0.0019065051555107254,-0.003592105238809495,-0.0007016242517110578,-0.0010587266734912704,1.767788117985604e-05,-0.0005344134717673244,-0.00031857262516137377
NOR,ssp245,gfdl-esm4,-0.0018897621358940834,-0.0020679639817136847,-0.00011485122657461153,-0.0013807277541480593,-0.00016995065418383835,-0.0013669200091842991,-0.0032368045657054133,-0.0013306018128205741,-0.0013493743511079168,-0.0005969649994423699,-0.0008529902928951711,-0.0008445800038424732,-0.0008677825968077481,-0.0014327050324968154,-0.00010829433288549386,-0.0007061499473253845,-0.0006565381857220084
NPL,ssp245,gfdl-esm4,-0.014279112532572044,-0.030385859102272733,-0.0406125613806611,-0.028063247544342404,0.0027103657257902952,-0.01715481042545065,-0.018547916332338828,-0.06306439906491351,-0.04322920287699897,-0.02334658646006314,-0.052496769562339576,-0.017585287831925495,-0.023990644658087625,-0.016666571544522325,-0.014094039780524755,-0.029458344428250207,-0.010545706952996784
NZL,ssp245,gfdl-esm4,-0.0005669254905794359,0.000384710595323229,-0.0002886463952835683,-0.0005772532289754052,-0.0002895375980134805,-0.0003587455238427965,-0.0007137358706151573,3.4376634446702434e-05,-0.0005908340959234293,-0.0010337272274547576,-0.00020706829384963059,-0.0006440678546822509,-0.0003512798211313036,-0.0008798310831505872,-0.0006113652694860762,-0.0004381013533438972,-0.00013906111977422505
PAK,ssp245,gfdl-esm4,-0.04988119540968631,-0.04133836251097106,-0.00943575621542636,-0.01758524474567351,-0.0019058013280684643,-0.012135560444742061,0.0024119314100703366,-0.012019192796007064,-0.019772510475605454,-0.009554838365803049,-0.004401265349169199,-0.0038547255421088585,-0.010836598337221025,-0.009883326088961123,-0.007410084326310268,-0.004975381208153185,-0.006340078934025861
PER,ssp245,gfdl-esm4,0.0003134412004150971,-0.002705265176719013,-0.008168018976144699,-0.00109567141254515,-0.0026707122646720278,-0.0014547873878805648,-0.0020779878827919436,-0.0010645391991990153,-0.0013354889368679122,-0.0010323207151196037,-0.001296159716795534,-0.0019719858377928003,-0.0009599107787757734,-0.0008225417373625596,-0.0016831092034075936,-0.0007377159735442206,-0.0009765570507258475
POL,ssp245,gfdl-esm4,-0.007282770532525356,-0.0187310389187907,-0.004573367012196587,-0.013111396310571993,-0.004653819200099286,-0.02293049580948322,-0.0611771777345989,-0.0099680413458925,-0.029496714105705105,-0.010724763449078988,-0.06245671476872148,-0.032904858995270354,-0.02492750741525975,-0.02522645548534318,-0.00730378846814517,-0.015714556272450386,-0.017479009938924983
PRT,ssp245,gfdl-esm4,-0.00014381730172008676,-0.00012261474832531437,-0.0006011342478668342,-0.0001466022963365493,-0.0006027284730081469,-0.0006120609679394339,-0.00034924805205562357,-0.0010854948185519014,-0.00032550006759965384,-0.00018908915062944227,-0.0015260776821018993,-0.0008278011725399671,-0.0006546266590794447,-0.001174431202274916,-0.0006976627023824035,-0.00045700752154499653,-6.10745748581935e-05
PRY,ssp245,gfdl-esm4,-0.011288238414919438,0.0010357612801175546,-0.02255383753816738,-0.0017116720293412016,-0.003494687692612361,-0.009255860421087997,-0.0030209374389033043,-0.004430500388725749,-0.001848492539714628,-0.00043050089046048524,-0.006290189168716469,-0.0026651841733227855,-0.002945942130893034,0.0005442854605748287,-0.003828241806799757,-0.004622847283357112,-0.0012241928849003798
ROU,ssp245,gfdl-esm4,-0.06897310379534294,-0.07702327947682566,-0.0723325387040101,-0.033125559773601126,-0.025118733779726676,-0.06622567842270564,-0.05734401609031609,-0.03141487889342122,-0.068434428685447,-0.10548720574568772,-0.08206226627358211,-0.042728043184545914,-0.07311274611727511,-0.1291885847416229,-0.08616736318376121,-0.07445538247852548,-0.13292262998014956
RUS,ssp245,gfdl-esm4,-0.035207627910287205,-0.13595835382039695,-0.12247314911877473,-0.07786441171524794,-0.07535285881004412,-0.020588813389910237,-0.12214890184352135,-0.06603381563679936,-0.0625923716893113,-0.047909142300518265,-0.024050480934200428,-0.08781434629805317,-0.06206959996932655,-0.0179333319572224,-0.0848952826840006,-0.0405337667936433,-0.04347807524020447
SAU,ssp245,gfdl-esm4,-0.017150161109840183,-0.015939247455948026,-0.018859230041999044,-0.009869834655501165,-0.01611954491051227,-0.014840402205132318,-0.013850521255975664,-0.014446047925125945,-0.013516638683804904,-0.013571599900968245,-0.012459587117907055,-0.012076161517481511,-0.01267937530319143,-0.010571698227364985,-0.010716728077931644,-0.009538263364373021,-0.009249744272061404
SRB,ssp245,gfdl-esm4,-0.16723832076207423,-0.07634988830099354,-0.08483513527434154,-0.10429366790773538,-0.03073331165924513,-0.10929763098485573,-0.08296684379253974,-0.05223624260361519,-0.0545676156697274,-0.1542996117369424,-0.14520728546329234,-0.05372275857910217,-0.07545545839210623,-0.2022277909267845,-0.09160842709451114,-0.11785644453705356,-0.20683363757550635
SVK,ssp245,gfdl-esm4,-0.06997255520031744,-0.017225296486255894,-0.015914277953255524,-0.041288724295391266,-0.0032576732110890616,-0.025556929536463064,-0.01729964266107416,-0.0038139707194011,-0.012859097868603134,-0.014774071748381067,-0.042214280758664374,-0.004224796370335367,-0.012714533333067445,-0.020795871906986806,-0.007304127917214408,-0.008406457514612902,-0.007054001736607744
SVN,ssp245,gfdl-esm4,-0.013962297146643909,-0.0010112383161768159,-0.00027248980901624034,-0.0032131198648718087,-0.001780528982170687,-0.0029365770076092514,-0.001482852989366108,-0.000920848152504243,-0.0027560756477708714,-0.002308605664851877,-0.006206335735303136,-0.001852622845995073,-0.0018445252319996878,-0.0019354158446016512,-0.0017985083919706722,-0.0022789064879742485,-0.0015468337755834105
SWE,ssp245,gfdl-esm4,-0.008572999898749446,-0.006969487165573389,-0.0029404301243455802,-0.0021183968888203093,-0.00047285593889993534,-0.006477168800235919,-0.009815003300099037,-0.0015569715224869334,-0.0025520372693545786,-0.0026149542407455906,-0.006183629707525481,-0.008577025428838085,-0.005064203094730555,-0.006938970454413714,-0.0005355654137138953,-0.0006806528073782476,-0.0024216354349659987
TJK,ssp245,gfdl-esm4,-0.1446262239462084,-0.14419271542779954,-0.05822595665731475,-0.038906491300877595,-0.02617981969365852,-0.021267047615264628,-0.026183376264836238,-0.010898359681733628,-0.05242552059631891,-0.012455711372563513,-0.017484534422798632,-0.011600338069595035,-0.01282146004727713,-0.01228759275517863,-0.00808745141093143,-0.007315275542798053,-0.010471331327578244
TKM,ssp245,gfdl-esm4,-0.2725129840807917,-0.2177667274674215,-0.06585144791075685,-0.04724153725272895,-0.03894990952729112,-0.020988668866908925,-0.06415147426933726,-0.04208604702994858,-0.06686744613767033,-0.02572512597503554,-0.04751471823966883,-0.04623267031968178,-0.05653173824745008,-0.04515863901786186,-0.04550718074186579,-0.0337912199685882,-0.0439614939793988
TUN,ssp245,gfdl-esm4,-0.09880384267903995,-0.050303150142997806,-0.032822070680593514,-0.02518644727638447,-0.024886105908815105,-0.029495164929182718,-0.02628425324728834,-0.02973896462632499,-0.03472960794557803,-0.023749292418205885,-0.03466784207441923,-0.033527178003197086,-0.018903574972081158,-0.03894921720975596,-0.014057275086936835,-0.03246167939594726,-0.027801361370120965
TUR,ssp245,gfdl-esm4,-0.038461531806362054,-0.002602777060146992,-0.0074974199233657475,-0.0012105401772202682,-0.009099704650693487,-0.0032334469448033446,-0.0033193099583247315,-0.0026239939664524994,-0.004856410311213037,-0.005503019093758216,-0.006832963347314598,-0.004121490891383537,-0.003841200277033826,-0.005170056100489342,-0.0059927340488641215,-0.002559140419470034,-0.00609210219796642
TZA,ssp245,gfdl-esm4,-0.0006178817607155465,-0.0001232576113147965,-0.00048427380050283363,-0.0013303629918294713,-0.0005772640573542599,-0.0018264208881577514,-0.0009201178490414869,-0.0004959089745184476,-0.0010077080574488653,-0.0007048017283612687,-0.0005757020907181292,-0.00032323618032591297,-0.0003017695428258171,-0.0003185280101009242,-0.00011791459205939893,-0.0002647836374673274,-0.00023449540409962053
UKR,ssp245,gfdl-esm4,-0.1878340606691249,-0.23923706527670566,-0.1372773193263422,-0.11589842382573486,-0.028470220078328758,-0.1009830562110711,-0.08855117535384376,-0.035629454738909536,-0.08545125995809101,-0.06319716051934675,-0.0421607549083694,-0.04226258762921623,-0.058859608269443,-0.02909659830009689,-0.04537792547113421,-0.02603359538261412,-0.06425360780699735
URY,ssp245,gfdl-esm4,-0.01573026986745461,-0.012829413778155474,-0.009621661108957052,0.003987414520291321,0.0008512413967821369,-0.024998082792419125,0.0003658874726314844,0.0004307270867221154,-0.004353472481035639,-0.009994284310426723,-0.038001996565203124,-0.004752877706421014,-0.004775783772964836,0.0010025249636301014,-0.005853903171003539,-0.0011689947704437913,-0.0030923221023944625
USA,ssp245,gfdl-esm4,-0.007812403172326476,-0.003515008850265271,-0.0008693124781123235,-0.002703345848626136,-0.0034221819897902617,-0.003431307757591187,-0.0020345338489000664,-0.0011700905328602663,-0.004046507675480739,-0.0030818069147391346,-0.002080808781505962,-0.0036046440781294237,-0.004917659795422048,-0.0031023492319504397,-0.0043196154734925635,-0.002571622559679977,-0.0031215805522061073
YEM,ssp245,gfdl-esm4,0.00372330517648304,-0.006497239018099549,-0.004426307784075753,-0.002055423866614104,-0.0014704405509633567,-0.0015131232996578585,-0.0009710219209513803,-0.0019821823727759645,-0.0011751859774469075,-0.000601069389042871,-0.00047350692146374467,-0.0009227423864333699,-0.00016513378203096977,-0.0008596231480746185,-0.0004531193119552487,-0.0007610882039579269,-0.0005881156192283236
ZAF,ssp245,gfdl-esm4,-0.0010212870755087723,-0.0068285527485848485,-0.006142688553418788,-0.008456749142344852,-0.0026067361850028972,-0.008675352282320855,-0.004850476246672986,-0.004240547774159566,-0.005125504330534567,-0.006482858166470296,-0.0053879687932212005,-0.005210595018173936,-0.00696277076676064,-0.003944834584396054,-0.007027311139055857,-0.0035425433883212345,-0.006608201134075338
ZWE,ssp245,gfdl-esm4,-0.026257001947633633,-0.01449040036682331,-0.07791028067309837,-0.003708960942528202,-0.015148031954281754,-0.009498333701592667,-0.045471930118195246,-0.016137386398028822,-0.020813002289910298,-0.008587598272373657,-0.017396967302039365,-0.011272426964567189,-0.00493622560543457,-0.016847765118308558,-0.009261571766282175,-0.005129322286923007,-0.010011101672192487
ALB,ssp245,ipsl-cm6a-lr,-0.017648018238850365,0.02194845388274505,-0.038580288045750505,-0.001017722242726267,-0.05461038212299347,-0.022387068514214212,-0.10428470945792152,-0.07768763883260082,-0.1442676912465077,-0.09925918868688821,-0.09095345112358959,-0.0675745520345829,-0.09077880709855289,-0.06822858275055517,-0.13409103163621203,-0.12283086723991866,-0.08080707036894658
ARG,ssp245,ipsl-cm6a-lr,-0.010450295646092499,-0.002266308607166937,-0.00310362788845738,2.9489571831373677e-05,-0.0008201670357235721,-0.001027327133821743,-0.00028513286242272943,-0.0008331436602613452,-0.0012509168566664534,-0.00010469213247199491,-0.0005837732521260586,-0.0008093207741045491,-0.0004976616460075862,-0.00044227709648407397,-0.0007464886324933802,-0.0003018175345288599,-0.0006566694542464541
ARM,ssp245,ipsl-cm6a-lr,-0.009219376261185004,-0.015234493580478615,-0.0031198928355717125,-0.022776604418258982,-0.029675439293499875,-0.011018167098835144,-0.01636309369209427,-0.05713033936684995,-0.0377527317460488,-0.07207205211093531,-0.031923987893977254,-0.03821242000027188,-0.06690004542035938,-0.04116888057645999,-0.05133129100214946,-0.07454833064136317,-0.03242546668606314
AUS,ssp245,ipsl-cm6a-lr,-0.00038387338261937527,-0.07241032793450257,-0.01656620815281561,-0.00877266634825409,-0.0634261067842307,-0.044086372408065774,-0.04026446325840602,-0.06568087595809922,-0.021539843738793956,-0.016638353994794033,-0.020239133442269908,-0.05184342522299941,-0.03677121132374092,-0.06273797631461753,-0.05020920486360276,-0.03968207537488337,-0.0315747684754817
AUT,ssp245,ipsl-cm6a-lr,0.0007262431410315068,0.0014849290481021337,-0.0037194763530832707,0.0003985504262573849,-0.0057348135750040575,-0.003222616219697931,-0.018818297120669143,-0.0065132838019299165,-0.008341817456468958,-0.011866887098367963,-0.013660053127419244,-0.008545724461264401,-0.003406272517699686,-0.0022113344785348607,-0.004393346043432445,-0.004619032669165175,-0.0030622395885081173
AZE,ssp245,ipsl-cm6a-lr,-0.043482465364421866,-0.03522838465867068,-0.017216933486558953,-0.07257636968785187,-0.09283825882356504,-0.019705043234593222,-0.0738522792525316,-0.13320039517390742,-0.08625752382779278,-0.13564802635350065,-0.06513312782518708,-0.08465345183678856,-0.11167805057917912,-0.09933804669024951,-0.09254363139453352,-0.09286135720779608,-0.06595508941122626
BDI,ssp245,ipsl-cm6a-lr,0.0006215223776955119,-0.01002285104458314,0.00028230620236272544,-0.0014915813828664459,-0.002455711100804706,-0.001727904285577426,-0.0008728668459527047,-0.0005917018267445643,-0.0003574280645000087,-0.00032637924481126524,-0.00039602350841194,-0.0005630877996022289,-0.00020702317360109124,-0.00024425615931120733,-0.0002158565121436786,-0.0003742038172620813,-0.0003845474941107098
BEL,ssp245,ipsl-cm6a-lr,0.0022996569039663395,-0.004373452953176085,-0.003119656189519107,0.0025103565994082713,-0.0019652595953755375,-0.005168133038766411,-0.0030758827850508163,-0.00017546775631934554,-0.000505186529340787,-0.007045987836043313,-0.006366828735304796,-0.007091229702558161,-0.0009627857760081477,-0.0011207942804458333,-0.002032634373259228,-0.0012781419780469269,-0.0033270936045371497
BGD,ssp245,ipsl-cm6a-lr,-0.0023156985549278816,-0.00362563338608003,-0.0018531586616611399,-0.002955201178885534,-0.0018368998114049258,-0.0017119814967885823,-0.001459607513686775,-0.001899621791344299,-0.0020391866343051463,-0.0009625977970871435,-0.001954739617434131,-0.0015302623360368304,-0.001266634342936907,-0.0015781775671768396,-0.0012646909756147855,-0.0010492592374928538,-0.0017588805668486075
BGR,ssp245,ipsl-cm6a-lr,0.00218697205381479,0.030030208676272933,-0.2941692356647231,-0.1027821424621714,-0.21366509336237846,-0.09447954155130925,-0.4438627906695843,-0.2489654152998977,-0.2107487636800982,-0.31444910530511,-0.2653501150748107,-0.3295828349033844,-0.30414899984822624,-0.16918878399093304,-0.3812337374768405,-0.39249176029513405,-0.3239135384571453
BIH,ssp245,ipsl-cm6a-lr,-0.034558453566572486,0.012453105953354878,-0.016612876977321188,0.0060024920909594135,-0.0687244270265213,-0.0136556521995512,-0.09318208479175343,-0.03226258127762249,-0.0690600261771474,-0.11015806820565387,-0.08619685231412798,-0.053385921220059925,-0.05396695896604267,-0.037021245223124936,-0.12659971958759156,-0.0873586463704296,-0.054216051501828906
BLR,ssp245,ipsl-cm6a-lr,-0.00962349200534307,-0.010186308176187151,-0.035013339381619955,-0.005331311300979392,-0.04019483408026793,-0.035583844128974515,-0.03793358314192197,-0.005050867208396966,-0.00983133836081339,-0.03809636805042759,-0.028738384385152603,-0.047058164088587436,-0.007982826294275271,-0.011479604933311098,-0.030209665720695656,-0.0107671827628729,-0.017345397786294098
BOL,ssp245,ipsl-cm6a-lr,-0.0056080932049979585,-0.040703865655519735,0.004755374130076022,-0.01494921946427575,-0.01936892272974283,-0.0038812847548311893,-0.022487219790524402,-0.013586471152162856,-0.013430338059151479,-0.004176537466148117,-0.006110754693084941,-0.005726057639402207,-0.006018536430967721,-0.010987943900129157,-0.009488445341830909,-0.0050961090685556175,-0.008278226244486655
BRA,ssp245,ipsl-cm6a-lr,0.0007132632031644887,-0.008081466327013452,-0.004957073904827162,-0.00018226780651075516,-0.005388118180286111,-0.0021780761004545394,-0.0023327667864635132,-0.0032868055664560065,-0.0038055175505487824,-0.008478999230299196,-0.0040456246343981705,-0.0020879330823081192,-0.0017622462610024955,-0.0037649210014526636,-0.007771072012222361,-0.002567923440522525,-0.0035766625486501917
BTN,ssp245,ipsl-cm6a-lr,-0.001128815752532503,0.00027468338639949634,-0.00013108336933649224,4.8435145329697135e-05,-0.0002220257976929668,-0.00013476750814577857,-4.904707765754735e-05,-0.0003316659673383082,-5.136233272460984e-05,-0.0002165473127549796,-9.574988963074988e-05,-6.7196395691251e-05,-6.950998838238119e-05,-0.0001103175422320224,-0.0001197725691647185,-5.0775808742330145e-05,-9.052435783330921e-05
CAN,ssp245,ipsl-cm6a-lr,-0.022134219281146297,-0.0363078285484341,0.012680810555583039,-0.027040878586988108,-0.09661532705930698,-0.01487393792849732,-0.044018295630424954,-0.04497729786652789,-0.04364465950398412,-0.03523808237313181,-0.09101975731748556,-0.02018782538950639,-0.049336134633638264,-0.03804291517578168,-0.06118772277899183,-0.0443620008253658,-0.019311187413975594
CHE,ssp245,ipsl-cm6a-lr,-0.004407056223693476,-0.0007313390833685978,-0.0022222378253957866,0.0012145368644006342,-0.0028344922657607668,-0.0021048924013159667,-0.008724023680848292,-0.004732545635957081,-0.0017653501136225681,-0.00527440267188527,-0.008092021788600206,-0.004332678864465984,-0.0017292098421647774,-0.0015448818853237537,-0.0018191997428778238,-0.0011684532210100352,-0.0015220563533773857
CHL,ssp245,ipsl-cm6a-lr,-0.00042754245208445586,-0.0021222945743996345,-0.0026427903031975295,-0.0034928789509130194,-0.0025232903000118176,-0.0034467781247638617,-0.0009369528894542155,-0.0020181772636520636,-0.001833102129587694,-0.002234562727815168,-0.0020402014660545775,-0.0020692949360152082,-0.002501879046922547,-0.0019741953149539945,-0.0020607828126813126,-0.005478541934998721,-0.0026737275679828885
CHN,ssp245,ipsl-cm6a-lr,-0.015159893998496356,-0.021314049992708438,-0.0067260000752758075,-0.014502280525716983,-0.015112897758376605,-0.014628579996316284,-0.016572668566845153,-0.015929598348644713,-0.019764543356979872,-0.01541118758641742,-0.016439803518897466,-0.020226087434671736,-0.016793683016771702,-0.01942130580178263,-0.017072880608713693,-0.019374257140856544,-0.018612754091540857
CZE,ssp245,ipsl-cm6a-lr,0.0059827926758932335,0.0030972489246319525,-0.02213453422085333,0.007785833310263746,-0.03171830102530248,-0.01549298116749125,-0.0932922730188547,-0.024845837181544726,-0.04349379631985563,-0.06633359735653983,-0.07079355724694171,-0.06782309552886348,-0.026038158769729758,-0.009984067764930667,-0.022300247545162053,-0.019920747997829214,-0.01611179646471563
DEU,ssp245,ipsl-cm6a-lr,0.0019529401285451372,-0.0022149534077683343,-0.007377681943272622,0.0023557989416814235,-0.005269323796589092,-0.0045182241395050424,-0.014556779836284625,-0.007128373026524945,-0.006099522430051616,-0.01826380117486607,-0.022351672848682447,-0.024450265239408537,-0.0037334404356346414,-0.0027786401448461067,-0.00571018593759281,-0.003953848866409696,-0.008062208732268575
DNK,ssp245,ipsl-cm6a-lr,0.001559737331819499,-0.008538825468820148,-0.0087729768227094,-0.011059692251273363,-0.00383075509002489,-0.007005756044595839,0.002872521747338938,-0.0024608366856981594,-0.008562532020420514,-0.005905842234038005,-0.020779208212243844,-0.019401039924184744,-0.003988739805693103,-0.004645948518497985,-0.005854475514330848,-0.003912319450786168,-0.0057515867737741345
DZA,ssp245,ipsl-cm6a-lr,-0.10486599365368943,-0.061486722576165734,-0.056445897692704416,-0.012822237775413395,-0.06577287608411163,-0.02329515846005652,-0.07379337192411105,-0.052230644518791315,-0.0978628785119706,-0.052751806781254545,-0.030719207980384876,-0.035096257186168725,-0.03877432532146429,-0.028947561750233032,-0.03494109996149576,-0.030509524819394555,-0.021127562099898564
ECU,ssp245,ipsl-cm6a-lr,-0.000686724016194459,-0.0004138586860123117,-9.393682179505566e-05,-0.00016151018090017555,-0.00029763551335048927,-0.0001468872163403821,-0.00020404467723072572,-0.00016767200713866434,-0.00023253120015853386,-0.00020824337238651013,-0.00013510669968754116,-0.00012059403156305709,-0.0001127486511814843,-0.00013775619899488326,-0.00011785311352617236,-0.00010959315808618164,-9.408861086859709e-05
EGY,ssp245,ipsl-cm6a-lr,0.014992901849838746,-0.009131114398594835,-0.0004747532619974689,-0.007070915483527877,-0.004891698886877697,-0.0022188409790816223,-0.0021287567345937837,-0.00454195422447825,-0.004127558989151703,-0.0025321543171606163,-0.000667274793935631,-0.0028269430171354235,-0.0033769965796715887,-0.003153215764193821,-0.003219392699688655,-0.0026129549467822887,-0.002016579383414886
ERI,ssp245,ipsl-cm6a-lr,-0.16558702335185704,-0.16210831524151398,0.11372650675507866,-0.0814115461967068,-0.038936695851622224,-0.30448520611779173,-0.24987566979011744,-0.30761155437734994,-0.1967921174932314,-0.08882392059572854,-0.052949907876118085,-0.10608026800984012,-0.11964199404742284,-0.15548860434264447,-0.10123585697074346,-0.07852862242275437,-0.08060042368008666
ESP,ssp245,ipsl-cm6a-lr,-0.03004126111452122,-0.002266491767795565,-0.016356488935265555,-0.006881852232679785,-0.031342035424288144,-0.030198596122808903,-0.03672391987702618,-0.01930596587105066,-0.023208115577633484,-0.02760634110797047,-0.028085595030572404,-0.02063559456567039,-0.017139854389635056,-0.019781306984658367,-0.024377004389518262,-0.01612968535574201,-0.017547240558993833
EST,ssp245,ipsl-cm6a-lr,-0.01366526594122485,-0.04179198601627651,-0.07574296629790007,-0.05713918323909125,-0.026538297395189866,-0.06639723719234292,-0.010356147689003475,-0.011690035816892111,-0.016799950677273856,-0.018702498592008492,-0.06230958972092517,-0.09398445854234501,-0.023792771339218033,-0.015057510586514024,-0.026319604045710706,-0.018743269208084907,-0.04333927325806862
ETH,ssp245,ipsl-cm6a-lr,-0.05827214546033648,-0.04349106247028589,-0.0035365238194514817,-0.012128840047324075,-0.03200902411099072,-0.04624545842807156,-0.020758831628885744,-0.015368803127982186,-0.01286637454240353,-0.009056156882323958,-0.007051034819223362,-0.005703031245046447,-0.00581143500368997,-0.007957670030103413,-0.006260427858223207,-0.005147766033801221,-0.005534245948072579
FIN,ssp245,ipsl-cm6a-lr,-0.002851330417345986,-0.00037754192025298217,-0.003527688429521581,-0.000887097734162618,-0.002995698829199628,-0.007260602573698502,-0.0005797969314180787,-0.0027051134367134058,-0.0031759803079929798,-0.0013951439145967895,-0.008736361834935091,-0.013208496000107029,-0.0032795660417433386,-0.0037309525401810375,-0.0035062562546809947,-0.00219811210981562,-0.007209905034937414
FRA,ssp245,ipsl-cm6a-lr,-0.002247950379485139,-0.01296785210121945,-0.01463037158747456,0.002555155631210172,-0.012514320694664021,-0.04693889660074269,-0.04168218954833673,-0.014189872583040398,-0.009833155368095058,-0.04917497756427443,-0.0443856498336061,-0.029500041113865748,-0.006543542478113518,-0.0077670422998084975,-0.01860278255699909,-0.007323725520203071,-0.02374171105537072
GBR,ssp245,ipsl-cm6a-lr,0.0025675207542440234,-0.004444703077171345,-0.002052371208983852,-0.008510754159916178,-0.0026831030536614425,-0.005623042342438327,-0.0034731563853806287,-0.002576636696628911,-0.0014583063605341018,-0.013365372071150945,-0.014744241657148037,-0.004782864426695614,-0.0007049355939425842,-0.003440341798260691,-0.001994149436112818,-0.002111939056674639,-0.00467486802154968
GEO,ssp245,ipsl-cm6a-lr,-0.004212683154245246,-0.0084527858542933,-0.004872361093000643,-0.010922605201173385,-0.014438978768226515,-0.0022282561434592914,-0.009765354630725177,-0.01686198956684743,-0.015860148963265805,-0.025231421401202686,-0.0071655795378109625,-0.018583888356792654,-0.026247411692070188,-0.018547452901332747,-0.012846498727545725,-0.031829015900298054,-0.013512791667204914
GRC,ssp245,ipsl-cm6a-lr,0.00020039514600725153,0.002424225388309607,-0.009233912959696501,-0.005607920279561696,-0.0126677115702022,-0.004539872083276339,-0.018671195920538803,-0.01311467206466983,-0.02271490308048126,-0.01599917064345179,-0.0145915582938463,-0.013203147601452164,-0.018651455991260838,-0.007397223068440137,-0.013875525387101956,-0.012823522663663921,-0.006573766325644575
HND,ssp245,ipsl-cm6a-lr,-3.352812360262276e-05,-0.00010687045869741101,-3.055127005571743e-05,-1.0096723036510451e-05,-7.437491621930011e-05,-1.1637518489818885e-05,-3.4658027895600176e-05,-3.775824102575679e-05,-2.2871635367604295e-05,-1.7001835263764118e-05,-1.7421828345110055e-05,-2.3652780366001097e-05,-1.4344272535171008e-05,-2.2960909720516857e-05,-1.708753287563094e-05,-1.7684697457876167e-05,-1.3446912050897579e-05
HRV,ssp245,ipsl-cm6a-lr,-0.019867294847830185,0.051569507018597034,-0.1519391170929077,0.036883254198939196,-0.5164514660146544,-0.1274622696687252,-0.8089768594186664,-0.2592029356721629,-0.3690002082509594,-0.8212963600478341,-0.6232301090827086,-0.4726800169619969,-0.29850196316853694,-0.21316502364825854,-0.5287335479226122,-0.41092091893250016,-0.21342925547014757
HUN,ssp245,ipsl-cm6a-lr,-0.00761050218845243,0.006629746155467491,-0.04928858320284436,-0.002578162970690383,-0.0889053810027983,-0.023994354999724837,-0.13049799509145651,-0.03483349371486685,-0.031065002846032204,-0.12337021429552865,-0.086918180433521,-0.07820600651839554,-0.032118504102766024,-0.03208051819226937,-0.07478719427551704,-0.042403020981969554,-0.04383048091861034
IND,ssp245,ipsl-cm6a-lr,-0.02666342369568306,-0.025902211464520656,-0.0008356498987527641,-0.018049995658518378,-0.02095266189017151,-0.012813594336862723,-0.01074459725807378,-0.02390239236212171,-0.01639086458003147,-0.009266317185057162,-0.011574792467113725,-0.013385797371631009,-0.006552735576351566,-0.014097854329241807,-0.009664999627411087,-0.008130220098666874,-0.012111945225476685
IRL,ssp245,ipsl-cm6a-lr,-1.5062133448869664e-05,-0.0011792864205817145,-0.00020778413975021482,-9.873566924757965e-05,-0.00014230425304846795,0.00040454406003871636,-0.000694080126618344,-0.0009012978167361462,-0.0011523622657897488,-0.0009021061809174672,-0.00072488586515728,-0.001120433086946215,-0.0013395704514589644,-0.0007998070674494161,-0.0018445645086281424,-0.0012374070029276018,-0.005249327210749407
IRN,ssp245,ipsl-cm6a-lr,-0.014159684532317479,-0.005764981823393867,-0.005604596907954816,-0.014487319014421426,-0.008357007237916911,-0.005090357333311745,-0.008736569878192553,-0.009976224815273434,-0.008060615107034885,-0.009633581016843728,-0.006198045114649195,-0.007780083483660636,-0.00851240840192535,-0.007117681081918791,-0.007344136976918477,-0.007461738773110694,-0.0054061852163339846
IRQ,ssp245,ipsl-cm6a-lr,-0.038133327162330095,-0.050007723545536564,-0.06609690635217792,-0.14847609990736757,-0.08489061936972365,-0.031225377556890893,-0.0924808580703266,-0.1059182434527022,-0.09437709182409906,-0.09514486231161966,-0.057868902136877294,-0.06447692037254,-0.06572039984664849,-0.04969879876746689,-0.04537163920089905,-0.0406710995189741,-0.02695636469280683
ISR,ssp245,ipsl-cm6a-lr,1.11558101837594e-05,-0.0001751120646855645,-0.0009129672744980886,-0.0016108256372365092,-0.00034149596058948993,-0.00030132305370640227,-0.0003893005777369841,-0.0004068511610199817,-0.0007144971796392536,-0.0007451387941593105,-0.00010299326419001663,-0.000564026623060832,-0.0005541739793677688,-0.00027787221401777954,-0.0004360402440367998,-0.0004191856836998634,-0.00035179443389344537
ITA,ssp245,ipsl-cm6a-lr,-0.008223634616551454,0.0012306798236999094,-0.004336929622222869,0.0009331897517123129,-0.010918124748044399,-0.0034608324004494497,-0.011438742168382454,-0.009523481770698651,-0.01744501198296697,-0.014268645580652899,-0.009912517140155723,-0.007027685914646833,-0.006630028852203255,-0.007391048901148423,-0.011697757219442119,-0.00598858462775659,-0.004567540826898019
JOR,ssp245,ipsl-cm6a-lr,0.0012119620841544694,-0.001470732202774485,-0.004241257803391741,-0.007922437883151008,-0.0017875955759088125,-0.0008827469599300788,-0.001544996975178486,-0.001705074439051669,-0.0027494654363212504,-0.002474983347921972,-0.0007362580638755843,-0.001741855467166566,-0.0017004609368528678,-0.0011211893860238401,-0.0013010344897773777,-0.0012613211400912087,-0.0010414511039985414
JPN,ssp245,ipsl-cm6a-lr,-0.0003545438206410382,-0.00022645485868084085,-8.492536584650462e-06,-0.00046241378300768165,-4.970192736749368e-05,-0.00013006529842110086,-0.0004027789018634157,-0.00012961193878643925,-2.1768664564536863e-05,-0.0001530582176277653,-0.00020404463124005414,-0.00020826376750273775,-0.0001628337919622819,-0.00017283728259300822,-0.00014800418891054197,-0.0002447551837623627,-0.00014655578312957988
KAZ,ssp245,ipsl-cm6a-lr,-0.026686013547284813,-0.0766757603798454,-0.021585901367300913,-0.04074415336210934,-0.06236130862703825,-0.06363846313049291,-0.05763190289454455,-0.10758877063324315,-0.0746554443578677,-0.09699172195925485,-0.08236232510168891,-0.11439604241688178,-0.09271729684436673,-0.05506414947429861,-0.12348926210103355,-0.11929040433027391,-0.13570221867266594
KEN,ssp245,ipsl-cm6a-lr,-0.010594349805096603,-0.002133493407956627,-0.002364324259253356,-0.0021334459527928267,-0.0035777103450438386,-0.004496777322974896,-0.003657499768947971,-0.002497093735033104,-0.0018528215701043354,-0.0014368058317154656,-0.001193919972043864,-0.001027982830353863,-0.0011464514440964143,-0.0011981780891902852,-0.0014843833391283625,-0.001277460810400819,-0.0012553031077536044
KGZ,ssp245,ipsl-cm6a-lr,0.022011344046994688,-0.047984050655385226,-0.10539021023558068,-0.05287109105159151,-0.03638696683401895,-0.025137281000260706,-0.03358671592486778,-0.05861258497472111,-0.03845669619636323,-0.02154927078450126,-0.04470114262230664,-0.046881736890500424,-0.03912260550452938,-0.04670622411808821,-0.025801071465177496,-0.047895454639427786,-0.020087655185344243
KOR,ssp245,ipsl-cm6a-lr,-5.58362520298444e-05,-4.300671810629803e-05,-6.1075328457506025e-06,-1.887316739552521e-05,-7.391145245787146e-06,-9.942077720702254e-06,-2.723803377485515e-05,-2.4588114617856234e-05,-3.760971773573549e-05,-8.499487961479756e-05,-4.852243788862212e-05,-3.7923410261561766e-05,-4.0871842829522254e-05,-6.462301258760192e-05,-3.4361249115793164e-05,-3.171434001369937e-05,-4.2744130363775455e-05
LBN,ssp245,ipsl-cm6a-lr,-0.000726779053123899,-1.9798978908598373e-05,-4.970050190298471e-05,-0.00017397636464547826,-5.865714682510607e-05,-4.4007375838754494e-05,-1.5876206677108704e-05,-3.988028712052609e-05,-5.1331394873719355e-05,-9.51315086530705e-05,-1.4509750131691053e-05,-7.936080454017744e-05,-3.74788879767916e-05,-2.988572446034658e-05,-6.509064762330691e-05,-3.661581445167313e-05,-5.6639007031253026e-05
LTU,ssp245,ipsl-cm6a-lr,-0.07000415848500352,-0.08501336366223834,-0.27566142645302283,-0.14719316395024998,-0.1626219463024666,-0.23427422203274065,-0.0873952367234613,-0.039596723233646346,-0.0993490821185125,-0.2995393581028443,-0.29451229755724656,-0.6166451967506756,-0.12058175048558482,-0.1681649746297345,-0.217574743491704,-0.1419560307623369,-0.3210279273792672
LVA,ssp245,ipsl-cm6a-lr,-0.054348930467806984,-0.05045810945570211,-0.23326361388054717,-0.13278009169942054,-0.10551330700389852,-0.16845047973811944,-0.04696154277033337,-0.03417842712378849,-0.06644506174251157,-0.11549696120690224,-0.20329467863565717,-0.37722680910302975,-0.07075915342892032,-0.06081582574641026,-0.11281344411550095,-0.06575982443451628,-0.15744572002761498
MAR,ssp245,ipsl-cm6a-lr,-0.04490289265521825,0.003029340143392943,-0.03821768455012228,-0.011864589634588387,-0.05539929640376337,-0.02692108548718519,-0.03931304228069126,-0.02570589657191711,-0.03156783092631278,-0.027676835233430744,-0.030940606997325253,-0.018960552950613576,-0.012380986734549421,-0.011698494360142796,-0.021203187107804736,-0.013518390704628309,-0.015716869260716533
MDA,ssp245,ipsl-cm6a-lr,0.004728129067038427,-0.022381504388678888,-0.17710940103046796,-0.010488601220718407,-0.29554782738702645,-0.08102621292638462,-0.29831656537881407,-0.1459651079780799,-0.1495966712955163,-0.236001663671484,-0.18179748896401982,-0.1961281740883505,-0.13553340107704534,-0.08340551275759117,-0.19454482599810358,-0.14745270745994732,-0.139387464868301
MEX,ssp245,ipsl-cm6a-lr,-0.003670849915941799,-0.004796852445677589,-0.0033271840052064836,-0.0020806053717117028,-0.007010762574562987,-0.004791373194326129,-0.007311549526181733,-0.005706171263365612,-0.006068245790504936,-0.005256085702979104,-0.00460697359528478,-0.0047266622061599515,-0.0037351202833731355,-0.005518664781252666,-0.0045944053843209815,-0.0029785316109000475,-0.004240300640158626
MKD,ssp245,ipsl-cm6a-lr,-0.023334191529925986,0.01633453343455195,-0.018262831935240392,-0.0015536003604632368,-0.021760940549612848,-0.01002420254314768,-0.060445348269427726,-0.033954452546738574,-0.06457730184587895,-0.042211482771998904,-0.040528787028268204,-0.025834395719716872,-0.04027408199290411,-0.01823830528275854,-0.042285662925129995,-0.06508272225531855,-0.0201235076168128
MLI,ssp245,ipsl-cm6a-lr,-0.013912961080603484,-0.013491202722330358,-0.001194331606709702,-0.013275939176388217,-0.011367712677810997,-0.00912691967024965,-0.006698078881297028,-0.005178259739542646,-0.004320164467807888,-0.003103039117365808,-0.0023049205488305585,-0.0018322472519216797,-0.0017492048053068664,-0.0015702718975916174,-0.0011921641924100429,-0.0010646882138532238,-0.0009177947628194043
MNG,ssp245,ipsl-cm6a-lr,-0.003430161600739531,-0.028272973732596116,-0.028475906414640026,-0.032575256494772525,-0.04955744764892362,-0.0157302197004208,-0.04074267961231663,-0.023585586471493825,-0.04701148143936282,-0.03794988916035621,-0.03764961576346107,-0.03349412257629294,-0.030098929912220514,-0.024893962356757934,-0.019996792515839117,-0.02382927892778773,-0.015523825454760653
MOZ,ssp245,ipsl-cm6a-lr,-0.009674526190905869,-0.00045571969668885276,-0.002095151009352318,-0.0006665945982641799,-0.0010550837495504491,-7.740347720884226e-05,-0.000703574738070344,-0.0005360783876785707,-0.0006995285172274499,-0.00013534477962971316,-8.681529357560366e-05,-9.970979981776013e-05,-0.00010063967013197062,-0.00027074518364721806,-0.0001502565766630772,-6.728177882758802e-05,-7.861798508409047e-05
NGA,ssp245,ipsl-cm6a-lr,-0.00034044509282764654,-0.0003243849344687948,2.4853415016915637e-05,-9.872205940397803e-05,-0.00012815688862177714,-6.219271537411001e-05,-0.00013792911028526244,-5.3246061994648664e-05,-9.115366570005717e-05,-2.8533687284673562e-05,-6.660260230658894e-06,-1.4497081760979125e-05,-3.4791945271711626e-05,-3.4654065103998395e-05,-2.7156015246593812e-05,-2.4660386613017446e-05,-1.995960728649735e-05
NLD,ssp245,ipsl-cm6a-lr,0.0007747543853775987,-0.002437610383002914,-0.0010084199078692314,-6.311386271250196e-05,-0.0008849258711538055,-0.0014154372549069416,-0.0004141288455755898,1.4654861919180636e-05,-0.0006783671946924454,-0.00146166185790536,-0.0038004150495801513,-0.0019313146926419377,-0.00045291666810408,-0.00033668681984815274,-0.0007050687583724514,-0.0005450161277152555,-0.0011513584440203325
NOR,ssp245,ipsl-cm6a-lr,-0.0006569445432325518,-0.003100472302495992,-0.0018481866880823846,-3.275679492570256e-06,-0.0020523766058899804,-0.002893034652017846,0.00012909465591957712,-0.0012959483705744588,-0.0015721287558282482,-0.0017348108049829135,-0.0021966622592236047,-0.0036042657056905045,-0.0017603729973471966,-0.002572199329013431,-0.0017127358886485505,-0.001075698972457131,-0.0011816928969067611
NPL,ssp245,ipsl-cm6a-lr,-0.0947604009192544,-0.020774909689644468,-0.009538467131806698,-0.007916329227468316,-0.10047457836320835,-0.05834046932713588,-0.045165148878831746,-0.07243918298207763,-0.060794072464383564,-0.06348642704726647,-0.03578587581975595,-0.04033719911923561,-0.03178614159253403,-0.045060523156143326,-0.029866680368316766,-0.025818951510653717,-0.023373902012246914
NZL,ssp245,ipsl-cm6a-lr,0.00016386198404364085,-0.0030367473370520965,0.0005876868363249113,-0.0008983839053674837,-0.0009925233666070344,-0.001225537855095504,-0.0015811341938188198,-2.645249874690602e-05,-0.0012114166930064622,-0.0010181817830173534,-0.000635652366561524,9.195419979178928e-05,-0.000558599052734509,-0.0016757409257444696,-0.0017297750591354708,-0.0009563928203066145,-0.0009789415083081118
PAK,ssp245,ipsl-cm6a-lr,-0.06220696496059645,-0.04958808774155365,0.0009790248565833192,-0.023039720683072022,-0.023443504262486623,-0.019602724152117328,0.0022239655312203915,-0.01656983819629892,-0.020882367582642447,-0.014258109514639345,-0.008995013740271661,-0.01529709830581786,-0.006610948349881851,-0.01590565407194735,-0.011125215988161696,-0.008489761190193517,-0.005666505344047812
PER,ssp245,ipsl-cm6a-lr,-0.0010189601532531569,-0.001036177647365841,-0.000445950467628922,-0.0008029247610498344,-0.002204100585088753,-0.0003811324698078961,-0.000892965466964294,-0.0013101255743107017,-0.0012053747295375772,-0.0010178775293361022,-0.0006415456525960626,-0.0006472778876291012,-0.0009514498660238406,-0.0010060997011175211,-0.0007785567017170417,-0.0008548101532217031,-0.0007642905606414297
POL,ssp245,ipsl-cm6a-lr,-0.009942196528763662,-0.010464674918207448,-0.0630572069372699,3.573471587938934e-05,-0.04881397278263175,-0.018338547580106758,-0.054442117265972,-0.02094136013106533,-0.021891221177663626,-0.07238811826628452,-0.08128139227153633,-0.10316480893084908,-0.02596147381228182,-0.02638137255242509,-0.049302426180364005,-0.028105374529562053,-0.05549418467104257
PRT,ssp245,ipsl-cm6a-lr,-0.0012187716455623263,0.00016399986789324307,-0.0004934382853951537,-0.0003580648728206857,-0.0010656956284142661,-0.0021217660126977775,-0.0021487900871637045,-0.0008856049414530708,-0.00040457248196688677,-0.001237674751956331,-0.002096274564650788,-0.0010881941190911597,-0.0007433666483176176,-0.0014921913869496695,-0.0015614346350703915,-0.0004523170829692356,-0.00122360807184895
PRY,ssp245,ipsl-cm6a-lr,0.00925468196114992,-0.01640182919223896,-0.0016532125085341356,-0.005348193293465767,-0.01429108625433585,-0.004562473391862947,-0.005253645772165711,-0.006871024343389341,-0.007887212709897567,-0.014191589166653038,-0.008265994557199697,-0.003970271125286091,-0.003935011342191343,-0.004623140862582743,-0.013031743429071492,-0.00289974388023927,-0.005228378837660943
ROU,ssp245,ipsl-cm6a-lr,-0.0006197690347088866,0.0072080390368160175,-0.10863613822569718,-0.010224170031753832,-0.133512806845251,-0.04846043215495551,-0.20479959216853277,-0.09433136406674804,-0.08638231031144443,-0.19274622179710568,-0.15210442474188351,-0.16491353175260487,-0.11164020528921105,-0.09144509151416579,-0.20536029111352488,-0.18001178746635388,-0.18763689261697503
RUS,ssp245,ipsl-cm6a-lr,-0.04233487237955251,-0.1231762118138092,-0.018058797363064257,-0.05595870790183993,-0.11004796803363039,-0.09288411982593711,-0.10577996731597672,-0.1284431450654841,-0.09053678373890116,-0.14519468310479838,-0.09024374141085449,-0.09441381608548599,-0.10206311956458879,-0.09355228219721577,-0.08671001829326144,-0.10590352942186504,-0.11211461618878327
SAU,ssp245,ipsl-cm6a-lr,-0.012053949791123474,-0.01023050123368713,-0.007447027028425793,-0.018992265134891655,-0.017047566471555455,-0.016111959857333536,-0.016392617774990948,-0.017101889995758134,-0.014756596896207518,-0.01457421719659893,-0.01337827571010712,-0.014052376093709944,-0.013501810983295953,-0.012701058248431766,-0.012404003679697378,-0.011111308693008535,-0.00947068662106196
SRB,ssp245,ipsl-cm6a-lr,-0.023576336841220118,0.036984998231982986,-0.08441254122892701,0.03116822496442034,-0.14820006152277004,-0.05940596926294887,-0.38632209558154673,-0.13836823612597485,-0.15855365584557818,-0.3849519579969568,-0.2582020034114752,-0.16431470789846236,-0.16072187065722124,-0.09174018763534889,-0.22999450970708382,-0.23109448323443865,-0.12340819613739121
SVK,ssp245,ipsl-cm6a-lr,-0.013745118753216549,0.0016457591449815826,-0.03102013039313772,-0.0010973473158252319,-0.03967153260690587,-0.01458653721442308,-0.07396304837240794,-0.01856231203818645,-0.02000151949428984,-0.0765705663985796,-0.05727332103846827,-0.058018254544011674,-0.021001762275365637,-0.01651812943159521,-0.03617404781877298,-0.020679200367589676,-0.023269546707872384
SVN,ssp245,ipsl-cm6a-lr,-0.004833473306840241,0.0015769352814079345,-0.001355862544934997,0.0007246186544448913,-0.004270346974138626,-0.001780736339187323,-0.01267855750423284,-0.0030694392081151,-0.0021109312427795746,-0.008611262921454301,-0.007586913816734229,-0.004176206869446391,-0.0026744909765630473,-0.001644030192977909,-0.0027787649138757615,-0.0028641531415416438,-0.0017058571946059536
SWE,ssp245,ipsl-cm6a-lr,-0.004920146315250903,-0.0034795993016956514,-0.00548902112143482,5.110012000570104e-05,-0.003302444457709214,-0.013397486288383071,4.177992647169973e-05,-0.0033574711428456775,-0.003463192819462846,-0.00381400111453008,-0.005430484428079875,-0.01598022630831717,-0.0029544659746648335,-0.002153657570583329,-0.0032736318770534606,-0.002315828084433237,-0.004118022799560837
TJK,ssp245,ipsl-cm6a-lr,-0.03665428971699211,-0.035933714255212,-0.11055411172378685,-0.052798731873442854,-0.023772895970767694,-0.018573279750125044,-0.01962468214251047,-0.027320968747001816,-0.013396485204561753,-0.01584858401668892,-0.021890279015790173,-0.020830812048084405,-0.021675875068148633,-0.02279456581500262,-0.01344928033585943,-0.022537984187952564,-0.009155947440538069
TKM,ssp245,ipsl-cm6a-lr,-0.0886537595424317,-0.10951444837408321,-0.037561774544391024,-0.12668104765589372,-0.043677934100004846,-0.05657077416643125,-0.06305891424729115,-0.05977920039046592,-0.06319603616029504,-0.041495923975201035,-0.05937306983752664,-0.0657777957617253,-0.06348008183026302,-0.06158418222155806,-0.05901215498219173,-0.059446096657195135,-0.052087204538285234
TUN,ssp245,ipsl-cm6a-lr,-0.09032790250950189,-0.04088607679887128,-0.028754516892277718,-0.015152733849780001,-0.028454697716569423,-0.00973902666699288,-0.03511052951296789,-0.03137094717804501,-0.060637385910259106,-0.029733991190473503,-0.01647975781717463,-0.017714815249454,-0.018494088593821522,-0.0276766671493944,-0.024663084790499824,-0.024727209235865792,-0.009303096530515363
TUR,ssp245,ipsl-cm6a-lr,-0.0012766891563963873,-0.0023979727141596593,-0.004499115130589443,-0.005354892376896208,-0.0052093643493568865,-0.001084115013681757,-0.0037019725121045207,-0.00866397660208318,-0.009213278505440877,-0.010505990059856592,-0.006006467384312026,-0.008038300619486183,-0.01034332690292285,-0.004637324875541342,-0.00760723550594954,-0.008996883652240202,-0.0045859235734848165
TZA,ssp245,ipsl-cm6a-lr,-0.0018630051875467711,-0.003153523678608943,-0.00011818039959876782,-0.0006053533853769291,-0.0021447322424256376,-0.000382049653438234,-0.0004799872052273518,-0.0010804237626587533,-0.000817968017801939,-0.00023015862960775623,-0.0001916649663300115,-0.0002711907096116381,-0.00015400483077883934,-0.0002849314453078094,-0.0002534231958008336,-0.00020888677830476792,-0.00021748094536438347
UKR,ssp245,ipsl-cm6a-lr,-0.06108865180984199,-0.10982503834393352,-0.16191041071871193,-0.029058741259094516,-0.24694315520762294,-0.10588974446848415,-0.27265156603459056,-0.13392418534126477,-0.09132256839203827,-0.24669621179724666,-0.1320366171058141,-0.20374514776025648,-0.11745673855312495,-0.08669006919765351,-0.15736221613791554,-0.12024760277661727,-0.10761646009455748
URY,ssp245,ipsl-cm6a-lr,-0.00994939083314306,-0.016066066343715997,-0.04168872692292826,0.006180001299904619,-0.019567724376950296,-0.019115472069630553,-0.0051033421727598605,-0.015625390381468547,-0.017701397162024346,0.0028349059163990335,-0.008653487720098274,-0.016421047668417406,-0.010822625570816232,-0.00964406889190286,-0.01520962212836093,-0.012267378796007743,-0.023352584318138876
USA,ssp245,ipsl-cm6a-lr,-0.0035761422198572175,-0.003010804348520258,-0.005409873110734334,-0.004026213790720829,-0.005187694799873477,-0.004951941172989371,-0.0037026058610270998,-0.0025765226610111867,-0.0042344884026759575,-0.004769987101982536,-0.009048346647325473,-0.004051924294442424,-0.005198594457043496,-0.0031995301343865777,-0.006363856694877901,-0.0073317136490400935,-0.005232195311852146
YEM,ssp245,ipsl-cm6a-lr,-0.014707315831652358,-0.008304324368838222,0.0005317963464430465,-0.00371214431075223,-0.003734654675778364,-0.003352601527880311,-0.0031169790309008277,-0.0024359323707010454,-0.0016763429852012842,-0.001071195919696116,-0.0011863037500686527,-0.0008761410455015182,-0.0009871534539023215,-0.0010736003621982838,-0.0009703734458026473,-0.000814933753444268,-0.0007931753446477046
ZAF,ssp245,ipsl-cm6a-lr,-0.014154181861651457,-0.011542068250591241,-0.007573009272247165,-0.004742549902305937,-0.01423854311047623,-0.006114447335190357,-0.004623463688921537,-0.01118750847705454,-0.005412984219678778,-0.0023225467174465167,-0.004666845499883015,-0.006688904052954148,-0.006549010669184363,-0.008004959691440782,-0.006057788655744642,-0.006322875933568443,-0.003489060641796568
ZWE,ssp245,ipsl-cm6a-lr,-0.1078153076797392,-0.019986361968762814,-0.02591472780761324,-0.03490984901780784,-0.04837794464038088,-0.019797071645983343,-0.05049616909996685,-0.038547209839219124,-0.04470367481802404,-0.010240607788002806,-0.006274403997851939,-0.013094748686488543,-0.011680380269261655,-0.02093222757166423,-0.014162139301087997,-0.011599213705070225,-0.00964120779911495
ALB,ssp245,mpi-esm1-2-hr,-0.10146120660873621,-0.09580033118772549,-0.0032867908440834225,-0.060589892372375755,-0.07240167629299163,-0.2010756891235028,-0.19124910906514753,0.001766242827812494,-0.16366723373379635,-0.1700541420490631,-0.03443888219411397,-0.05577408363104592,-0.1841325093445015,-0.2738051339061575,-0.10537510865508015,-0.13927227169540937,-0.11631564257600731
ARG,ssp245,mpi-esm1-2-hr,0.004786900721069348,-0.0016430324576698037,-1.2010100580695018e-05,-0.0015555261299569326,-9.307311749833396e-05,-0.0014826662405068786,-0.0007324127964169381,-0.0006912458089849106,-0.00015493101179125832,4.9493057866164357e-05,-0.000765071609283307,-0.0007813754489341979,-0.0010898935202425554,-0.0002147207509804491,-0.0009432654832098675,-0.00012348878083665198,7.443079849056711e-05
ARM,ssp245,mpi-esm1-2-hr,-0.002748112606871737,-0.0103480550631004,-0.0008497607429651,-0.010356238706006979,0.006836386517746947,-0.01872576559809246,-0.04617724616598024,-0.02678688571012582,-0.019810025351368825,-0.023978999529468498,-0.05769757755047976,-0.032031255488456326,-0.025866895127127323,-0.012074044372223064,-0.036249222275217395,-0.02524301954676874,-0.0040121646820234225
AUS,ssp245,mpi-esm1-2-hr,-0.011259164547924163,-0.06977036422633848,-0.033688664181349616,-0.03360471150529358,-0.01562635181195998,-0.01934037607177784,-0.01799666914949671,-0.02047391620418668,-0.028465202080545874,-0.027790691671159228,-0.02626882572927532,-0.03994932659764984,-0.019389935980477273,-0.036948864249001886,-0.027344483994793164,-0.021827390384079264,-0.021915815243707587
AUT,ssp245,mpi-esm1-2-hr,-0.009309535601902797,-0.005627613924211946,-0.0008288554843796426,-0.004131663082729894,-0.014955675169676276,-0.009523943599839962,-0.007615119167569896,0.0002084358208487237,-0.012357358410752714,-0.01594882105103696,-0.00596392696575286,0.00015742847421842336,-0.00840145206634746,-0.012399139424622329,-0.0057881898684483185,-0.004302744354727603,-0.006975747591731058
AZE,ssp245,mpi-esm1-2-hr,-0.022872397411163335,-0.013464563990531237,0.0003053952986480466,-0.031323174456227225,0.012376284815569856,-0.027563885150308887,-0.11860171254035959,-0.0584766457692828,-0.042228583499134546,-0.05002999602702872,-0.0721293089105277,-0.06344372207653526,-0.05371523330482437,-0.020703253784577984,-0.05873915661865174,-0.02665120449225091,-0.01085678611711342
BDI,ssp245,mpi-esm1-2-hr,0.0007931001354187183,-0.0027680831230665896,-0.016574642402780285,-0.0015055794212461369,-0.000676531170305575,-0.0008510687291630197,-0.001849565060743528,-0.00028103309471957916,-0.0004662987257058285,-0.0004655239858237461,-0.00029758740181462707,-0.0005483820398697505,-0.00024514898273377364,-0.0002206737188247507,-0.000842737419350325,-0.0008391340446697679,-0.00015017706619749433
BEL,ssp245,mpi-esm1-2-hr,-0.002468503755823895,-0.009473998855810153,-0.001228686332248359,0.0007100065479719599,-0.01122510839516022,-0.008725906952216388,0.00010463310389516142,-0.010542608796431615,-0.0037968039156261444,-0.00661185193509817,-0.006259629926977531,-0.0009595540589129325,-0.010054575058075634,-0.01014501238113638,0.0012254598116291744,-0.0027848437160617225,-0.00846997711712231
BGD,ssp245,mpi-esm1-2-hr,-0.0035758493921203395,-0.0004035148123395035,-0.002298306742359748,-0.0009526516517759751,-0.0013560726887106404,-0.0006852332827442694,-0.0002996653985756567,-0.0005176594634916438,-0.0012218126869685806,-0.000491161370284047,-0.000957488358984407,-0.0009331784231691013,-0.001506370618368218,-0.0007727005477155944,-0.0008358490123996363,-0.0007675593991067298,-0.0006338898002794978
BGR,ssp245,mpi-esm1-2-hr,-0.3310919469045017,-0.4770478157462126,-0.06376094669355006,-0.23454606867040784,-0.2429714534494472,-0.3442989682189872,-0.3330634459076337,-0.025376756546011608,-0.19774428922040194,-0.28514590678362545,-0.2504717647626016,-0.08118628664400727,-0.42230409158933724,-0.608381545329612,-0.40478237718556975,-0.2814655024766457,-0.16851454087625262
BIH,ssp245,mpi-esm1-2-hr,-0.06276051636949323,-0.06318190275402757,-0.004588362270063596,-0.025107406340413682,-0.05805498700465138,-0.057381903868173254,-0.04757734511472947,0.00736756952426453,-0.05288518864225516,-0.05045461384532448,-0.015730307120944285,-0.01114227166210749,-0.0615638493444339,-0.16583337740613383,-0.05242048330548592,-0.08356236313872514,-0.06836106482807144
BLR,ssp245,mpi-esm1-2-hr,-0.02859254957115501,0.012672471333588951,-0.0005854928501323883,-0.021917606569031408,-0.025301781468500005,-0.0013210981551680398,-0.015062288722239551,0.0023998155364623,-0.0005576168084484297,-0.027748637504193124,-0.01422477106845589,-0.00585057452985941,-0.011500732461128916,-0.031429038148633334,0.0009403722666880623,-0.008843949800556743,-0.017843565795407048
BOL,ssp245,mpi-esm1-2-hr,-0.003171039667654768,-0.05510369417343039,-0.019095584864017863,-0.002120475684506998,-0.02154934390902256,-0.003055619328045069,-0.004657363945929213,-0.004619837487267324,-0.007559125887013171,-0.014621291950745578,-0.0007753129901222874,-0.014353480298782424,-0.0031351069058324554,-0.004469960590643399,-0.0044452052209195654,-0.0016811515619953488,-0.004935129632451125
BRA,ssp245,mpi-esm1-2-hr,-0.0003443951062106133,-0.0049306021082806606,-0.00362895817107565,-0.0009665683124225841,-0.001324441278247594,-0.0010876069012209916,-0.0014490749506719048,-0.0009941820964264683,-0.0020035166468243912,-0.0014883949589642581,-0.002299858106741019,-0.001924606373645059,-0.0012900615680845856,-0.0025426646083482897,-0.0019571191740522225,-0.0008566835969625005,-0.0010016066420471391
BTN,ssp245,mpi-esm1-2-hr,-0.0002026053331122024,-0.0005201825347257839,8.581023994917177e-05,-6.070227903091186e-05,-0.0002529199766321154,2.4064667927344315e-05,-6.270506532851165e-05,-8.834678424617396e-06,-0.0001710150648116886,-0.00014055659849123854,-9.051051805953606e-05,-0.00017417520619044603,-4.2325274981079965e-05,-9.385835947930501e-05,-0.00013177613696877398,-3.811253780246687e-05,-8.860877154916463e-05
CAN,ssp245,mpi-esm1-2-hr,0.015311991056726032,0.0026013706285661024,-0.018841956855194762,-0.024169685528738404,-0.03210483850563272,-0.031287064788242405,-0.07863949900127809,-0.008694149778189273,-0.026274595443763947,0.0005839047578687495,-0.015144531046522101,-0.03299791553056976,-0.03550045203220731,-0.03566742982420167,-0.0008128388145814021,-0.015940778066911125,0.00029733651331237003
CHE,ssp245,mpi-esm1-2-hr,-0.0023192472834073245,-0.002230601851706908,-0.0006566246716328292,0.000347128256377152,-0.007592960717056876,-0.001178537214345122,-0.001368937210809218,-0.001118684223364123,-0.0032982509634559612,-0.006992735440912757,-0.0034852000701853293,-0.0004997032685738392,-0.004086657082721833,-0.005867884449498442,-0.0004041324114671464,-0.0023082114560588484,-0.002489728213523677
CHL,ssp245,mpi-esm1-2-hr,-0.0015512553338563814,-0.0013259452638723723,-0.001765990614075497,-0.00793360180009286,-0.0011727927900488481,-0.004772676527641765,-0.0017157030940906286,-0.0021128871213818732,-0.001039564120319823,-0.002157843855676909,-0.0059573230442378595,-0.002723997976458617,-0.00477911777698045,-0.0028706269804192495,-0.00436982055953875,-0.002111217960838579,-0.0006541691069309929
CHN,ssp245,mpi-esm1-2-hr,-0.012625368981210526,-0.011402156351949438,-0.0050314446280572325,-0.009713725440330324,-0.0029219334582600287,-0.01396643515422148,-0.014454660764114464,-0.0163778095405713,-0.011606775180119962,-0.00653386562073681,-0.013276624247266394,-0.016639176593509202,-0.011820542101610949,-0.012271296459445013,-0.011108598921664138,-0.015835576805742803,-0.01728751574930288
CZE,ssp245,mpi-esm1-2-hr,-0.04802663233406845,-0.02942809184738842,-0.010451763829697992,-0.012831392193235125,-0.10181070624120944,-0.061134872561012195,-0.016430700402342048,0.0016217644113836823,-0.024629983226785414,-0.0903123090949785,-0.05152303137272899,0.001088263493774644,-0.04937533249787402,-0.07066504979130658,-0.011539567025021144,-0.019470122026435475,-0.05128657033197183
DEU,ssp245,mpi-esm1-2-hr,-0.009484352506871916,-0.007158462868632572,0.00010170258287685649,0.00040194710217368097,-0.024220067268850797,-0.008464647010546665,-0.002687470743625776,-0.007748753052002393,-0.003602506832066668,-0.018098579462111596,-0.011738520086261296,0.0003145830159275317,-0.02155025557566928,-0.01671048056561508,-0.00045358956599145743,-0.0062084031924597785,-0.017125182561056485
DNK,ssp245,mpi-esm1-2-hr,-0.009971882737497193,0.0020511743352916102,-4.5325706798969474e-05,-0.0017764739734108049,-0.007869564502378976,0.00321606009202938,-0.004923676910317212,-0.026594540418432167,0.004659034876079482,-0.01605078516114763,-0.0015050455910556788,-0.005271079881316147,-0.014687829433390604,-0.0024042061058131463,0.003763231475157229,5.448516784183067e-05,-0.006616091706148937
DZA,ssp245,mpi-esm1-2-hr,-0.07801279938631558,-0.06204119788912984,-0.04769648932568526,-0.026828863120759612,-0.034957846092979014,-0.10007317878830504,-0.049020230648403294,-0.029022926763440825,-0.09089133973411705,-0.04317331097082387,-0.06037323838515037,-0.03841622360357272,-0.03261574295701397,-0.034083575783610695,-0.035255473597739895,-0.04832215786339062,-0.01236523500813845
ECU,ssp245,mpi-esm1-2-hr,-0.0008678433581113619,-0.00030918563073053645,-0.00010554175637396416,-0.0002332286020265675,-0.00016792529240302554,-0.00016848008466831496,-7.545982971007907e-05,-4.53810486076524e-05,-8.841992076088332e-05,-0.00015160313543674216,-9.049361963324443e-05,-0.0001007971613573381,-5.5863917650222645e-05,-5.1365315635693994e-05,-7.8931808802896e-05,-3.909961919077688e-05,-4.8464640050496004e-05
EGY,ssp245,mpi-esm1-2-hr,-0.0002487757326698476,0.006141736601982233,-0.000557048820360819,-0.010317469977705022,-0.0036326592458004164,-0.00023941574558461272,-0.004957063542739099,-0.001564237802386247,-0.002460685467755477,-0.00039075396248122875,-0.00036346741995225534,-0.003127640511891669,-0.0031847801034110925,-0.0018411461422700316,-0.0016805334166260797,-0.0005928364705636091,-0.000722753944960885
ERI,ssp245,mpi-esm1-2-hr,0.019383517438288592,0.03417647350588135,-0.07861801545644029,-0.1134591931610879,-0.1831357006876737,-0.03722175013236725,-0.0041738491895019466,-0.2276892824795001,-0.17585398336791108,-0.22106572615593698,-0.15181943864901984,-0.21070678461588238,-0.10381318697337703,-0.11242103945593482,-0.11616876871960206,-0.07120587452731983,-0.052623424512423016
ESP,ssp245,mpi-esm1-2-hr,-0.029828035901505043,-0.02727630149373233,-0.005825350603905364,-0.007354440343424863,-0.0032378574347638575,-0.027696361660934535,-0.01866097181246876,-0.019040830160010964,-0.03891949712615895,-0.02257679769364933,-0.02598985227025478,-0.006141805350273822,-0.0162490732054363,-0.021688748568801666,-0.01769111295459538,-0.024949678042241113,-0.018370754257903524
EST,ssp245,mpi-esm1-2-hr,-0.02232779304635407,-0.008197487240187352,-0.007645707603857125,-0.04224843000336082,0.009565391366841071,0.0016643433008040414,-0.008218231643515185,-0.002236983040613061,-0.0033726087337883313,-0.029542652723659406,-0.04172342101798646,-0.016441139286454475,-0.017761840536549115,-0.01033433607170023,-0.0028216828167800705,-0.003456560859232394,-0.01072058265298846
ETH,ssp245,mpi-esm1-2-hr,-0.00894851346730157,-0.00923063898623746,-0.014320141954563388,-0.01109847017949045,-0.016944151415139865,-0.013609532246938928,-0.011034654265395715,-0.008328274804739662,-0.01070103310345943,-0.01628918551640532,-0.006155311086749396,-0.009359986457290605,-0.002805337938608959,-0.004070957268972534,-0.005373586741894364,-0.008843028740636878,-0.004256704834989283
FIN,ssp245,mpi-esm1-2-hr,-0.0012652175419419788,0.001229066277229816,-0.0018411914321860834,-0.012092857920383617,0.002403993700920694,6.045119860114267e-05,0.00011334546006002029,-0.0014928088632134226,-0.0016717046740615453,-0.011933829624284825,-0.011746330189660875,-0.004066126832560147,-0.000763273697135886,-0.003350570876980367,-0.0010744973279275376,-8.923255474979246e-06,-0.006568528741214639
FRA,ssp245,mpi-esm1-2-hr,-0.007604714851250416,-0.07760650537204385,-0.005161860778101097,0.003673139143513717,-0.029666364147518946,-0.034325306353636766,-0.0064726106668585685,-0.03318760974496126,-0.03854452580538466,-0.03405641557401265,-0.03501193413037558,-0.004477670861444087,-0.028688448437044822,-0.034852531988009486,-7.59912515587321e-05,-0.017597582291765525,-0.029841952493205738
GBR,ssp245,mpi-esm1-2-hr,-0.0023256291337652056,-0.018189169488994166,-0.002474021776885417,0.0011943430592894575,-0.007017209602369758,0.0005002110091751614,0.0017424980563736918,-0.010089720468991191,-0.008464438374281668,-0.002663866835095032,-0.008025372339288536,-0.002585206034160019,-0.00911237812971771,-0.001792480310160951,0.0005937796017296485,-0.0005994173212333174,-0.007628477085999988
GEO,ssp245,mpi-esm1-2-hr,-0.0065383031536929434,-0.00979869578934832,-0.001220205863116165,-0.005231329707950333,0.0012002164376895671,-0.006598054508905509,-0.016673917318932488,-0.008920699026868512,-0.011821842087117297,-0.011309756220675362,-0.018772590510980965,-0.011386719496686803,-0.009371019304098994,-0.00938825570246251,-0.015500864300967032,-0.010623859982069384,-0.004013468390685685
GRC,ssp245,mpi-esm1-2-hr,-0.0196933159844504,-0.029534332440573654,0.0011693350579899421,-0.015319641780001761,-0.012616337262775463,-0.032909865964954044,-0.01916552182239154,-0.0006211720890260491,-0.019590162856258343,-0.018081971526376434,-0.010087712035114174,-0.00820004784259851,-0.016111496211876103,-0.022503766995136044,-0.013007423482797403,-0.01317578043862866,-0.005427410030839566
HND,ssp245,mpi-esm1-2-hr,-2.4757987710106182e-05,-4.158691213025235e-05,-1.787301460960558e-05,-5.834890743793311e-05,-2.9987770894462146e-05,-5.287127591230507e-05,-5.701595918444515e-05,-7.122436340863372e-06,-3.1014457205975355e-05,-7.757117539586412e-06,-2.1989297545596867e-05,-8.30260046007069e-06,-2.1639405026763987e-05,-2.1250173688310457e-05,-1.797207292657321e-05,-4.482617803164931e-06,-7.3939801652762765e-06
HRV,ssp245,mpi-esm1-2-hr,-0.05290162306246752,-0.525146322448977,-0.016386051016062005,-0.32111790366541454,-0.5585125651423212,-0.47302227767167787,-0.34264963039610385,0.04411186281365605,-0.5388692399841353,-0.5366154582580872,-0.11348726062209043,-0.04420865570546481,-0.2979690730785906,-0.7735509326504139,-0.35973729592251535,-0.3658042650918659,-0.33477579457886675
HUN,ssp245,mpi-esm1-2-hr,-0.10229334512709695,-0.09933962094437127,-0.006412994495051271,-0.04692762581176578,-0.10554480361329062,-0.06727358443931425,-0.07976606674887878,0.00963143861484224,-0.06184536534851877,-0.0999094044318376,-0.04146440880106559,0.0011069647458848524,-0.04885484789246985,-0.11129557874821837,-0.020724354192048728,-0.04559883604767483,-0.055456432804768106
IND,ssp245,mpi-esm1-2-hr,-0.0024338289191977265,0.004518943309821808,-0.019433808152905872,-0.005889020455061499,-0.00029703097171806137,-0.00859772397163515,-0.017681662950318068,-0.007856745091318748,-0.00477794152484902,-0.01391583704999732,-0.0017268506209206734,-0.007315517606524016,-0.005532570063508914,-0.0036483989413869516,-0.006860396236534924,-0.0030446823789443745,-0.005928649066282383
IRL,ssp245,mpi-esm1-2-hr,-0.0006132826508291788,-0.0037466623923537662,-0.000773192459492123,0.00018124020905754964,-0.0007463834564452664,-0.0008152929684703662,0.0007759352161878774,-0.0011147566364160305,6.606826623192535e-05,1.7127717368791262e-05,-0.0002486396422390713,-0.0010217643207288336,-0.0015789136116490005,-0.00043338889382781796,-0.001050950082371212,0.00026621985791228374,-0.0031766937046927633
IRN,ssp245,mpi-esm1-2-hr,-0.013074124101391787,-0.005143564758869509,-0.00280203881503272,-0.0027948851381930074,-0.001971975340583759,-0.00401723135047462,-0.008037337128380225,-0.003443644585221142,-0.003602344331468016,-0.002721252409016522,-0.006585860666333307,-0.0051621235427968615,-0.006149340704307897,-0.0025954500772711175,-0.005048750269935415,-0.004041912850650404,-0.0024057536723715053
IRQ,ssp245,mpi-esm1-2-hr,-0.18438953466506744,-0.05647814417256691,-0.008199070438759927,-0.04449064058265164,-0.02380993714100993,-0.07883380279723909,-0.10845891946016449,-0.03960805861179869,-0.04478085822748224,-0.043508451473654015,-0.05790594536980312,-0.04835536949628373,-0.04115095755411436,-0.03580989531438315,-0.0422837693686651,-0.02662795801686738,-0.018570056356907776
ISR,ssp245,mpi-esm1-2-hr,-0.00041374466550018064,-0.00023293387495958352,-0.00023292130319508246,-0.0005104832773907341,-0.0005410728840633599,-0.0007622366520879106,-0.0008299458702340854,-0.0003091195422199551,-0.00022146484978197343,-0.00015066045616199563,-0.00028725371091880176,-0.0005788275008561713,-0.0003391094214712905,-0.00024065559321971979,-0.00041669583638040343,-0.0002303414449803432,-0.00015904395245803759
ITA,ssp245,mpi-esm1-2-hr,-0.012344836654599897,-0.015093448187313233,-0.003265230374741885,-0.004736370978952803,-0.00824147720054599,-0.018620961572789006,-0.01648650981149588,-0.0008857815802072429,-0.013228835006405721,-0.015106180535363358,-0.003810338614516622,-0.004272161815195346,-0.008740857194878049,-0.01371208102790524,-0.004994624425475171,-0.012807314697420389,-0.00497490201922001
JOR,ssp245,mpi-esm1-2-hr,-0.0021622718380321544,-0.002214864923093645,-0.0010934680958824927,-0.0027200306735184324,-0.002698580366191733,-0.0027253687918687448,-0.003890476305843281,-0.0014741111122824637,-0.0009144820476801489,-0.0006589534712595532,-0.0014583062750470326,-0.0018215605181740202,-0.0011773870789078635,-0.0009571287420531037,-0.0012595112306731835,-0.0010436225577140285,-0.0005838638788358544
JPN,ssp245,mpi-esm1-2-hr,0.00017370470514161708,8.314673655912815e-05,-2.681933408544491e-05,-0.0005554611774366345,-3.395624089371038e-05,-5.148235373646536e-05,-0.00013204599860538465,-0.00021353460295595636,-0.0005968320967197008,-5.355786549875054e-05,4.213948496508095e-05,-0.0005590626992739812,5.3487077324350303e-05,-0.00015829508064859165,-0.00010773080455723956,-5.593046348849636e-05,1.946576740495046e-05
KAZ,ssp245,mpi-esm1-2-hr,-0.018470499043291528,-0.03632895184285133,0.011044132816325138,-0.007649613062679938,-0.06266157753091064,-0.004937859536769351,-0.017650137631282637,-0.13702734075944967,-0.07097566070950578,-0.04070052239448092,-0.008301074169035458,-0.031201272916394532,-0.04187540878262323,-0.04390360608651489,-0.10257734304401393,-0.04317005764568374,-0.027860177042113875
KEN,ssp245,mpi-esm1-2-hr,-0.005464750897498961,-0.004236610954562924,-0.0013610708258930569,-0.005305208436268839,-0.000803484007506954,-0.002614934710773793,-0.0024653744822443605,-0.0020874087064419455,-0.001145480698135588,-0.0011187427202230507,-0.001507366885441463,-0.0011610614530066794,-0.0012488696363021736,-0.0013714482419751896,-0.0013719401491352299,-0.001466614676241128,-0.0007091727058229231
KGZ,ssp245,mpi-esm1-2-hr,-0.013124294985201896,-0.06548370398424824,-0.019297483958250747,-0.019295075519379014,-0.022942509821859854,-0.025603194775930278,-0.04582149062784014,-0.02034369608260632,-0.0345901436750253,-0.03301592886511008,-0.039169203764049955,-0.016826269190652752,-0.034641952403765906,-0.019644774492038046,-0.02144959478751603,-0.017404423044613166,-0.014555242897895556
KOR,ssp245,mpi-esm1-2-hr,3.0474625516371318e-05,-1.9032118129921088e-05,-4.4775105025185865e-05,-2.6061286679223905e-05,-6.290687954360952e-05,-3.504458187927435e-06,-1.8846805287721152e-05,-2.08783185335361e-05,5.207029873177811e-06,-2.154553237236394e-05,-4.432983329890979e-06,-3.168629983695704e-05,-1.3310049859297436e-05,-3.7383040073175705e-05,-2.7809601508695166e-05,-4.520123841447761e-05,-7.281737941823232e-05
LBN,ssp245,mpi-esm1-2-hr,-0.002713134825334379,-0.00010170762363591962,-3.5437293133237464e-05,-8.82477840680618e-05,-7.492337999990084e-05,-9.873686867367192e-05,-0.0001327269630170515,-8.477839207504587e-06,-2.471847382096305e-05,-1.2399622626759318e-05,-5.0308626770761146e-05,-4.77243910295048e-05,-4.634188126425088e-05,-3.0959972996205903e-05,-6.552508384867852e-05,-2.5565188954923143e-05,-2.4860496634349787e-05
LTU,ssp245,mpi-esm1-2-hr,-0.07370530345446089,0.019396624033612423,-0.03837456673141502,-0.12701469942274357,-0.02834283841189976,-0.0056123086252446415,-0.04115532968534854,-0.019502489950252385,-0.018495601583324178,-0.2665981107416655,-0.20649877903808686,-0.08648108839067707,-0.2169034296955604,-0.2799123361323818,0.0058552200085629485,-0.08706397936466523,-0.49124677640039516
LVA,ssp245,mpi-esm1-2-hr,-0.061596391253899846,-0.002724141203101186,-0.033944792888839725,-0.1032605010349725,-0.0017560704392302869,-0.0037928709910100486,-0.027342960884863092,-0.034133066780149955,0.00027859631480963917,-0.1426205353283921,-0.15987517583941585,-0.0630333852518717,-0.10862333681459413,-0.030789771451802832,-0.0012757213749653947,-0.035198013687182415,-0.1794208559199742
MAR,ssp245,mpi-esm1-2-hr,-0.060100599692185425,-0.06553876712175635,-0.028262925665018403,0.005619383990296352,-0.007207592729518417,-0.048739161417561475,-0.020238429112497926,-0.014284951933815529,-0.03942442629192568,-0.015585892730954792,-0.01663278295605747,-0.005040293991573084,-0.010481237536950008,-0.017828454309385657,-0.019462992986257303,-0.024536178623294165,-0.010149256138886344
MDA,ssp245,mpi-esm1-2-hr,-0.24546691703606804,-0.04493837738420331,-0.009905187302166201,-0.16215170426107156,-0.22864054062752187,-0.2529045524712605,-0.2798568478484573,0.006488062158303299,-0.0715223679288997,-0.1253457548923034,-0.1614067627534406,-0.01907174652277947,-0.16780687277639617,-0.28683056834674064,-0.08804637531602526,-0.10774173660162113,-0.049037452330219215
MEX,ssp245,mpi-esm1-2-hr,-0.006928270456613577,-0.0056422311244980535,-0.004184787529155528,-0.0010294124918822213,-0.006299604030709896,-0.00450874807410819,-0.0038640896365492103,-0.004185536294865653,-0.003903719790684714,-0.003992839727207863,-0.005981570802302257,-0.00479725047518776,-0.004225400706454569,-0.003602766016180486,-0.00463963230982218,-0.0041366536037012016,-0.0019259737581619298
MKD,ssp245,mpi-esm1-2-hr,-0.0631787873317245,-0.06742879850155234,0.0114554441872283,-0.029049864274534,-0.04455494368000768,-0.09153025153491536,-0.06734939498440551,0.00569818221416244,-0.04697458717538596,-0.04272315393887828,-0.018707040502739414,-0.015027602449046957,-0.05844725201537263,-0.09081995046124933,-0.056853550966892596,-0.04131592933578345,-0.032395836731396586
MLI,ssp245,mpi-esm1-2-hr,-0.013408948713799343,-0.008451475605975778,-0.0056451785843727184,-0.008220619907399702,-0.010465372748559553,-0.007862358486724631,-0.006425758143535503,-0.004797100533115376,-0.003993596714626782,-0.0030131118800449147,-0.0022696849316740904,-0.0018896649351157345,-0.0015572510556063,-0.0013161814084675413,-0.0011282187866333698,-0.000723685031742429,-0.0008087018790451762
MNG,ssp245,mpi-esm1-2-hr,0.013189128724468174,-0.057262616094668525,0.007745414105993206,-0.045861581868468046,-0.006113883952387487,-0.06357829773797027,-0.031189001614930004,-0.0002868730123054484,-0.0036565826227514344,-0.007291729776426273,-0.006254597639741545,-0.006543536627858306,-0.006817744627392425,-0.011195806066350053,-0.0012917912350317578,-0.011017870748750278,-0.010486463483446302
MOZ,ssp245,mpi-esm1-2-hr,-0.004935095458420294,-0.00016923613234259887,-0.0023537372369297612,-0.0004894308631801602,-0.00023715405348817838,-0.00030004254012139394,-0.00025242989677768383,-0.00023316009136347944,-0.00015777310765015848,-0.0001438800398972605,-6.537203926813575e-05,-0.0001081273756316695,-9.125089299272067e-05,-0.0001351529784203609,-7.18849533552753e-05,-8.31351939285191e-05,-5.0381330695978696e-05
NGA,ssp245,mpi-esm1-2-hr,7.72878473679521e-06,5.578385410465779e-05,7.357915605452746e-05,1.681485159737181e-05,-1.3950555858065399e-05,-2.561653174310416e-05,-2.6703205515972236e-05,-7.774938544263094e-05,-8.468916131901498e-05,-5.5541025148653785e-05,-4.104122250064375e-05,-4.9569777205343736e-05,-1.7408661563701346e-05,-1.6272610810021465e-05,-2.640058886025941e-05,-1.4085257354212942e-05,-1.5052066823788162e-05
NLD,ssp245,mpi-esm1-2-hr,-0.001243342897864459,-0.0025272569188516296,-0.00043338387960711275,0.00021142217603942288,-0.0026359770006365944,-0.0002117562721261613,-0.00010378377008448313,-0.003158248999366687,-0.0006292949121359195,-0.0014493561706985603,-0.0011534499373597198,-9.159285478643015e-05,-0.004277122854852912,-0.00207189182413688,0.00048767371462505183,-0.0007542267275358883,-0.0030131361196218806
NOR,ssp245,mpi-esm1-2-hr,-0.0003120041944932433,0.00035737811319826553,-0.0006805773927161365,-0.0031206995450951003,-0.0014966476541923455,0.0003625145630388272,-0.0013499257924642154,-0.004215904106261221,-0.00021712096001580726,-0.003437566862045433,-0.0011376459333542843,-0.0015804308674109999,-0.0006403710988792904,-0.0003375165133185105,-5.286235070442335e-05,-0.00015875708947242124,-0.0006849328850410074
NPL,ssp245,mpi-esm1-2-hr,0.006494161913654848,-0.006702144519240073,-0.009013293492908225,-0.013504975013748024,-0.03610407300381144,-0.020390206155947416,-0.0569504471860563,-0.016391867000709152,-0.0352367953508467,-0.043311496111150115,-0.017933635416871353,-0.04021274193646258,-0.018245417979217596,-0.006333538000820886,-0.03336886353545265,-0.008623644655530885,-0.009945434742635482
NZL,ssp245,mpi-esm1-2-hr,-0.0006443658546264985,-0.003855746108621818,-0.0008242199134964696,-0.0006249760306780753,-0.002207594943328334,-0.002362404978018031,6.578510805332317e-05,-0.0009641945841698947,0.00014868399262755143,-0.0010684410191405275,-0.0008903189178766307,-2.2959779111373504e-06,-0.0009301685383548323,-0.00026126301848614336,-0.000894134941099193,-0.0024489472210471627,-0.0006183019906715014
PAK,ssp245,mpi-esm1-2-hr,-0.015031567863171686,0.02015160088814207,-0.02708414936372387,-0.017903257849815342,0.0021707082311691476,-0.007975617321303207,-0.010281492259051183,-0.007756703540586112,-0.009461528916852785,-0.006006813187516393,-0.005869232746829734,-0.006680134592852686,-0.0006082173698365383,-0.0018908968180773454,-0.003997379234479415,-0.0010946634082623415,-0.0033009199050807684
PER,ssp245,mpi-esm1-2-hr,-0.0011177140158454759,-0.002053187897998544,-0.0003421594337312915,-0.0027716060114715913,-0.0007269177649525254,-0.0002892569570920782,-9.36021119298453e-06,-0.0005101488383590377,-0.00022632810124855067,-0.00044401613007805037,-0.000839200216715508,-0.0006339470562023455,-0.0006414601541628186,-0.00011182827612300979,-0.0005085304433484595,-0.000432610603259576,-0.0003477927451587665
POL,ssp245,mpi-esm1-2-hr,-0.03541346195817463,-0.008201102439930542,-0.012663416766985078,-0.01812928130810095,-0.07776369035840786,-0.028205947921967522,-0.016868822610904506,0.0016253874709955575,-0.011611570726683564,-0.07022966465302091,-0.03200869159681992,-0.006660361157943462,-0.06338131155888416,-0.09306042523466103,0.004772728155023573,-0.0363368867208754,-0.07521610848461867
PRT,ssp245,mpi-esm1-2-hr,-0.0012614590467409706,-0.001973641228855439,-0.00031720401699326917,-0.0007579441724240798,-7.346116000402814e-05,-0.001807829910255756,-0.0009516257530082451,-0.0009150189857477973,-0.0023905345949525175,-0.0009764064359482972,-0.0009147253636400424,-0.00017275101488082762,-0.0017615499341573576,-0.001489425273217382,-0.0011439993808867387,-0.0014470157375417873,-0.0012711321175716932
PRY,ssp245,mpi-esm1-2-hr,0.0050698721406921615,-0.013444098507635682,-0.01374176820696806,-0.0022506560039169806,-0.0023265563123627555,-0.004377779980292935,-0.0011174487457308684,-0.0025197841084893292,-0.005069874288003706,-0.006319225098963445,-0.002898502578643953,-0.0018843588452823478,-0.0028564691417086977,-0.002186417671400897,-0.0024122033171881424,-0.0019508862173409551,-0.0010653623202337853
ROU,ssp245,mpi-esm1-2-hr,-0.11021618043871483,-0.11298210879162769,-0.0195740305946858,-0.07602308150796847,-0.1409810224440952,-0.13361892273809137,-0.17192568616220658,-0.0010179807945334817,-0.08684106148341754,-0.12771666921603753,-0.10310650250201928,-0.006366672968283933,-0.18832183778577624,-0.31662822175517974,-0.1412056572493092,-0.155040791654825,-0.0783782349409061
RUS,ssp245,mpi-esm1-2-hr,-0.07547230046293134,-0.03450037674082048,0.01052817130149782,-0.025910078114418394,-0.06508912937131994,-0.03467458976472877,-0.07707726531242791,-0.09063271287178931,-0.04702057493106638,-0.08858004831464338,-0.03434131721401958,-0.044513676398111886,-0.06137482406328148,-0.0763937943357168,-0.04568171930278875,-0.032038690757627566,-0.05201016293144149
SAU,ssp245,mpi-esm1-2-hr,-0.008680888468037825,-0.015652793857848075,-0.013764049861916969,-0.0115228979500396,-0.010964185301429747,-0.015160060063067134,-0.014353582771333119,-0.010415894495606036,-0.013566076272902907,-0.011195883197240745,-0.013714705187331866,-0.012276930896636498,-0.011189898893268001,-0.010939080542647759,-0.010003083104105725,-0.00971393701053793,-0.008999293523060342
SRB,ssp245,mpi-esm1-2-hr,-0.14950517520274767,-0.14993674111340877,-0.013125284754032476,-0.0865553939684143,-0.26916944393203435,-0.2862945154589624,-0.23942009990624763,0.030328877235850173,-0.15459338720100826,-0.19123772421584423,-0.11472684405722641,-0.041637565463938854,-0.20726856813428307,-0.40740096739609893,-0.14871907417392433,-0.17776669472320977,-0.12998704021008547
SVK,ssp245,mpi-esm1-2-hr,-0.05968581196205729,-0.037941804015145214,-0.011553107752980348,-0.0256941544589881,-0.0739573449712049,-0.02933051583779364,-0.03476643673061469,0.005493782352770499,-0.03387377424372045,-0.07235907920845651,-0.015175613759992407,0.00027615004522573593,-0.032991599875032654,-0.07133746054513218,-0.001138113402593182,-0.023611653857127112,-0.04773536812692006
SVN,ssp245,mpi-esm1-2-hr,-0.005815281508878867,-0.010449102258464292,-0.0006423264106193026,-0.0022598132939687554,-0.005356352691544721,-0.0070582729854514305,-0.00514330230438801,-0.00011301117038459385,-0.011955521842103084,-0.01156571253884011,-0.0005913049125378912,-0.0006682550502487251,-0.0025436107810834835,-0.008168686420190838,-0.004556871029294971,-0.00295840083985454,-0.004426598337877167
SWE,ssp245,mpi-esm1-2-hr,-0.003533113382498672,0.0014466224413917106,-0.002059181960246545,-0.00504953909819284,-0.00191501485914341,0.00022201784484080053,-0.0002483558916851995,-0.013069287668294856,-0.00031693489622185964,-0.010541264728455986,-0.011238758907018614,-0.004949760380906502,-0.00511300812106915,-0.002497831539179579,-0.00043643093537826645,-0.001687277075070728,-0.007864489178171296
TJK,ssp245,mpi-esm1-2-hr,-0.018426316543104528,-0.059760458431061786,-0.02874196926800402,-0.018348698402059046,-0.033425321358297386,-0.013520550994075073,-0.036179164086140095,-0.007135428477658306,-0.016968713029077955,-0.011597723287631556,-0.021634625170146117,-0.011519139622155302,-0.024758672381737745,-0.007874836814740748,-0.010727452420778896,-0.009667234232884979,-0.0062844156471461386
TKM,ssp245,mpi-esm1-2-hr,-0.02975533864854271,-0.07114686373485181,-0.03492458983786743,-0.021879347539514,-0.029563476759959736,-0.016522662799480937,-0.05809982145377547,-0.024200473644047777,-0.02568093849206858,-0.018951256134723485,-0.04617332727081937,-0.031553351734354945,-0.04424656841258109,-0.022176159121648345,-0.04545477394414355,-0.02843573548970825,-0.0259460523699388
TUN,ssp245,mpi-esm1-2-hr,-0.07179081326859058,-0.055464789960493116,-0.03859917034888895,-0.022402418542695795,-0.03559269731747876,-0.042127518831128155,-0.025536255540241526,-0.004230056415548412,-0.04625285235591977,-0.02532274167052591,-0.04056373344632943,-0.03194746981706256,-0.030289393089852526,-0.018649057173006474,-0.019570772627602966,-0.035304199730439086,-0.007033014782827201
TUR,ssp245,mpi-esm1-2-hr,-0.018537161720766058,-0.0061058841126511425,-0.0006531216340257437,-0.005094660462719262,-0.001808630865068291,-0.006688684816479781,-0.010478808571314918,-0.0036427522353316916,-0.006078305967424699,-0.005333023153023643,-0.007409749596135601,-0.006417318035772692,-0.007696419539789039,-0.007843994053213363,-0.009362607991986478,-0.003890380610069875,-0.0047421543236837345
TZA,ssp245,mpi-esm1-2-hr,-0.0047109528254547246,-0.002780553058835139,-0.0006888922218715808,-0.00046357014952588647,-0.000228319463320121,-0.0012945061313054068,-0.00020774929799115665,-0.0005275620716429967,-0.000409484039194824,-0.000692219695573282,-0.00017123032895339526,-0.00016694888456866437,-0.0002860145144099842,-0.00045431852844895755,-0.0003456153499402773,-0.0003623978658919659,-0.0001238148339991845
UKR,ssp245,mpi-esm1-2-hr,-0.5302728416984969,-0.01072677258331194,-0.007120167759865027,-0.1316448847279133,-0.24707814578351392,-0.14883195922179882,-0.2595694549040881,-0.0299069898109993,-0.062456861949587064,-0.1732487582748561,-0.1051695060142855,-0.04385431871422248,-0.14293144439217328,-0.2204804055236553,-0.04020174081560751,-0.06818593491446724,-0.07574537039643336
URY,ssp245,mpi-esm1-2-hr,0.00924511421874801,-0.007763998633227295,-0.00605191495067348,-0.010099664833429101,-0.0031489889411287575,-0.0668874478557597,-0.004965817695693066,-0.0010760783596718549,0.0008847282645586713,0.0037526005308994147,-0.019854052359527453,-0.0023213711473804763,-0.011626208207526608,-0.004887925939474518,-0.024312355451859242,-0.002716093309757276,-0.003413518109434715
USA,ssp245,mpi-esm1-2-hr,-0.004851269151980105,-0.0010072653478557835,0.0009820256385966602,-0.0015321216284195107,-0.006641273252378078,-0.0029216881884907694,-0.009385783179637744,-0.00330086521742976,-0.00733507411420999,-0.0035258138832008775,-0.0028234226494452818,-0.0035041375914588546,-0.0023025731292535133,-0.004720833083768622,-0.002330320879148594,-0.003490674906070846,-0.002052003670571881
YEM,ssp245,mpi-esm1-2-hr,-0.0008677274755020449,0.0006137552982639205,-0.005323145894404064,-0.00503349018592375,-0.002335752761695477,-0.0004127593584726016,-0.001349524496943204,-0.0014294158214795977,-0.00150303890669059,-0.0015899452496823863,-0.0013330697538918137,-0.001345341073366927,-0.0008268847165233182,-0.0009390090651693947,-0.0008779718900138235,-0.0005883612706413544,-0.000699072340589827
ZAF,ssp245,mpi-esm1-2-hr,0.001721709889639801,-0.008894573655412803,-0.006355177135408009,-0.008538782036693393,-0.0025821687297219184,-0.009769517404698487,-0.009105721176935368,-0.004728030118043545,-0.0006001980033698623,-0.004464440124586932,-0.004906605636224422,-0.0023614809617123486,-0.0016447141158167158,-0.003698266566441831,-0.0035582138548016624,-0.0033940693578002894,-0.0034212077365433887
ZWE,ssp245,mpi-esm1-2-hr,-0.0701081282016105,0.008133636130692887,-0.1089230736844762,-0.018742463416103253,-0.019868214289467414,-0.0014221326772768995,-0.012226076541939006,-0.023650486829400394,-0.018054546022030223,-0.014604067341508677,-0.009821589065152856,-0.008981747716656486,-0.011329320496318455,-0.013958233250813799,-0.009509041412547652,-0.007930829623182433,-0.004664085674608153
ALB,ssp245,mri-esm2-0,-0.014242216675459312,-0.07837846227537258,-0.034049781701007274,-0.1494468208754099,-0.0600006003914824,-0.0645246973845561,-0.04458320729334264,-0.0476308839717391,-0.04483546670575315,-0.06644432581210477,-0.06273269693417881,-0.11640211012184874,-0.14703243005871172,-0.13347633502620598,-0.11263337153864485,-0.06576455571191649,-0.07796783849122232
ARG,ssp245,mri-esm2-0,-0.005068626512656605,-0.0006360146980789038,-0.002180952778873064,-0.0004397702984945549,-0.00043756050830609744,-0.00068070091378316,-0.0007227777318644433,-0.0009637444613731959,-0.0010806896046232069,-0.00045440276736638367,-0.0001931750263093299,-0.0005596775763135532,-0.000702123041274395,-0.00048326264731517475,-0.0004266215949774954,-0.0010333693141943202,-0.0003621342156193372
ARM,ssp245,mri-esm2-0,-0.006068525058903998,-0.04368247446367395,-0.005986564243015299,-0.0030843742623338985,-0.09772720153650534,-0.01245601973842773,-0.008283168018018334,-0.04997027921552392,-0.013072245450539692,-0.013710445583774988,-0.018011078645385453,-0.017094536781438185,-0.013207994508047879,-0.008213311421289185,-0.008031950104361417,-0.03629042233046606,-0.004195428414495129
AUS,ssp245,mri-esm2-0,-0.027097618017499766,-0.0002298666576490742,-0.017019296521399503,-0.020772427163605466,-0.03589786018045819,-0.018661873772419926,-0.1023411253146614,-0.029262783909342793,-0.0377772450761741,-0.02411530865589385,-0.05119582278880682,-0.03882818205561623,-0.051445005342837115,-0.03607157135670813,-0.049052071745344816,-0.015982319863168035,-0.0339392405662736
AUT,ssp245,mri-esm2-0,-0.001922673730047668,-0.005620060888536377,-0.002931435998959694,-0.0034786609049549245,-0.0055343308699658915,-0.00569941999689457,-0.0033629873834313357,-0.003911661541167021,-0.0046023963092673365,-0.004828562172400033,-0.002278190802260734,-0.004209011411049195,-0.003846198921276505,-0.004918579918523711,-0.001437292408054426,-0.002762867687781987,-0.0026325371812915706
AZE,ssp245,mri-esm2-0,-0.028282666913129386,-0.08041040261759609,-0.0334746215211572,-0.029514289708638647,-0.1760245823195388,-0.0480707116468276,-0.02993368681443262,-0.11180409972706663,-0.03331570030351081,-0.033210151260671346,-0.07330933877199416,-0.07378958727642974,-0.0407340366005044,-0.04591698818897197,-0.03396134787394317,-0.06669313296295903,-0.012505969961696202
BDI,ssp245,mri-esm2-0,-0.012755509671570906,-0.003640536165767486,-0.0022929521637079613,-0.006188626588988476,-0.002435839557458405,-0.0014654221622491914,-0.001161147151759574,-0.0014639914367307126,-0.0008120496349432192,-0.000932098865283472,-0.0004401682826492006,-0.00047173786074115404,-0.000677566515070947,-0.0003282569735408047,-0.0003016042016069557,-0.00022934612488865355,-0.0006955569825578107
BEL,ssp245,mri-esm2-0,-0.00044536896093238544,-0.0041209497666074985,-0.0020989035149500727,-0.010187185123001532,-0.004466298346338974,-0.0063612168762870935,-0.006904658872585225,-0.0025199283836997246,-0.009814262631378981,-0.0033651839890928886,-0.0016508333762932472,-0.00025730167050181106,-0.0015476485052273352,-0.0034206650220329833,-0.0010664028052504767,-0.001784954613706565,-0.0029439160437491696
BGD,ssp245,mri-esm2-0,0.00044566407305207347,-0.00142543075673273,-0.0015520167117666064,-0.0010326213068660233,-0.0009382840232281431,-0.0008569654325150851,-0.001251972011288469,-0.0007163503075236723,-0.0007514563284850278,-0.0006932146913186164,-0.000916779834699962,-0.0008537937337865327,-0.0006197367128060832,-0.0008484527379589197,-0.0004232597178126521,-0.00048413858493972166,-0.0005956982117600435
BGR,ssp245,mri-esm2-0,-0.11201299078479454,-0.22654555793424447,-0.11859154818653535,-0.09695180763585572,-0.13598540996216732,-0.34937053099367854,-0.2451578740666035,-0.0800071313444188,-0.37944433652471066,-0.2107855454635944,-0.12830925450398092,-0.2947358701263813,-0.19327786652308135,-0.4281280092016296,-0.4021932353324818,-0.16149867164987594,-0.12725821857997127
BIH,ssp245,mri-esm2-0,-0.011410523775990902,-0.02237148899458943,-0.018858022014024714,-0.03873441864366212,-0.023821872003726523,-0.027211252017529084,-0.032022578550672955,-0.032945807767213446,-0.023006459081772485,-0.028776853721552288,-0.028378446376783786,-0.10321796988324017,-0.05178252858302285,-0.06587639095009619,-0.030496303675098077,-0.037005947166213575,-0.03384597696531651
BLR,ssp245,mri-esm2-0,-0.013824565022129288,-0.016574322929844298,-0.007009405302976463,-0.04261667325115997,-0.012711709360346294,-0.008285976070965624,-0.014584900602207431,-0.007532824974544219,-0.013508703879458822,-0.02520196223813296,-0.00581611300990592,-0.007581057711699469,-0.01025119400575181,-0.025066793491368557,-0.0029612730521340093,-0.008516199956559684,-0.011063160450338741
BOL,ssp245,mri-esm2-0,-0.008934493304609107,-0.006179936701280697,0.0024274718493465758,-0.012243484069433172,-0.012308392778082053,-0.00738863687780488,-0.006142259374126639,-0.00711125592450005,-0.004446021552990402,-0.015514566765479213,-0.004331923608154881,-0.004588479263370926,-0.007549489276090595,-0.005286816995626081,-0.003653945848888353,-0.0014860016645575336,-0.0032200377332207027
BRA,ssp245,mri-esm2-0,-0.0038280349186707433,-0.007706696084114402,-0.0023093278373492814,-0.004132904292117684,-0.0023081249860602967,-0.0022073649867080138,-0.004254686962924877,-0.005724265833476148,-0.0022120065100686395,-0.002363030251463288,-0.0023782681190445687,-0.0051594292938755655,-0.0020981832942937157,-0.002388594307242886,-0.002952779687393564,-0.0018518785080088977,-0.002111266159447346
BTN,ssp245,mri-esm2-0,-0.00043076365860361763,-0.00022014837530759583,0.0001811519493520384,-0.00019637361219312365,-0.00015065483898654933,-0.0001373789416974852,-7.726765415250555e-05,-0.00013841886059047512,-9.968763422527594e-05,-6.681581338536347e-05,-2.6915436908367486e-05,-9.312622951749427e-05,-0.00023094600294159336,-0.00021555832111825186,-0.00010878430735694658,-0.00011175795804267748,-0.00011321136406646397
CAN,ssp245,mri-esm2-0,-0.035171700265956514,-0.01960912729883892,-0.02050290393913424,-0.03108289229768876,-0.016243903973775946,-0.026525059010758623,-0.02324743456834155,-0.0512437024459013,-0.03268433020192713,-0.023173702606927513,-0.026164691458327168,-0.020345054167097178,-0.015242176255591947,-0.016759824223703743,-0.008638640879607234,-0.02213761577444939,-0.010461946230066537
CHE,ssp245,mri-esm2-0,0.0005884147829192152,-0.0020583897711246107,-0.0024016130365242354,-0.001669523291719433,-0.003180886908910075,-0.002072782619972543,-0.0029691390079212856,-0.002266660807521353,-0.0028505467380482738,-0.002660076776901612,-0.0010072889633089715,-0.001483588553703738,-0.001033776848125069,-0.001565763036400465,-0.0009705133043913652,-0.0017422788659660694,-0.002239663982856958
CHL,ssp245,mri-esm2-0,-0.003718840866398953,-0.0027365068121117603,-0.0018499942369341168,-0.0012666164529925633,-0.001486698404479906,-0.0017139526851435915,-0.0021848213360570537,-0.002813227672098327,-0.0011740616821201504,-0.0019669218154561097,-0.0011315781660225397,-0.0033790162384455405,-0.002961958013284572,-0.0036712763874875744,-0.002517303068188939,-0.0031925228335964216,-0.001003399142865557
CHN,ssp245,mri-esm2-0,-0.01692850845217153,-0.013010907933656484,-0.014759660926234234,-0.015417005128257397,-0.024969592241763715,-0.009274809367383114,-0.016903900228013514,-0.009122943286646399,-0.017608172006675707,-0.01566530841769089,-0.011120974249011824,-0.008546985000728011,-0.015913165876616404,-0.01078342821224621,-0.015215961901515756,-0.01166627130663969,-0.009715418090171036
CZE,ssp245,mri-esm2-0,-0.006055665198044848,-0.051292242205712574,-0.04687554520854339,-0.03172501641568914,-0.020894380757406773,-0.026890526206012264,-0.015608558112076247,-0.018002643711619516,-0.024886278581783,-0.0282499396154731,-0.005445168018904362,-0.01685266831798634,-0.01330798860657066,-0.02512257154281045,-0.004403009353923521,-0.015733968457553458,-0.02093075762651724
DEU,ssp245,mri-esm2-0,-0.0002265789279545338,-0.008625856149105061,-0.01926010044525683,-0.008831032817536964,-0.007948752183006608,-0.010938413287198072,-0.01249737632453763,-0.004206123453579917,-0.011507701717327219,-0.010039924527740163,-0.001370038989542047,-0.00135748044706972,-0.004811452859381246,-0.009092701381951512,-0.0007441351751570096,-0.005255457768636096,-0.006113707546459814
DNK,ssp245,mri-esm2-0,-0.0019639033049274083,-0.007818688813975367,-0.015141469617361774,-0.032736403022013284,-0.005002108733503256,0.002042733052673877,-0.0080106800749127,-0.004441166348811415,-0.008509282379420943,-0.01820913352894341,0.0026618066499993942,0.0033574210170848376,-0.0069564557518456815,-0.009771358471175046,-0.00014906234470838758,-0.003310978177753443,-0.003933631919069222
DZA,ssp245,mri-esm2-0,-0.030651092037507262,-0.1585015961445235,-0.03476382119161649,-0.007499774535672384,-0.08979490805900771,-0.017602762065478568,-0.07658670977386511,-0.07030386050644022,-0.022940802743876394,-0.04783407418648494,-0.05922326631389396,-0.03712900399194775,-0.06472476171081844,-0.048397953749284045,-0.047101043111101734,-0.0385905174866359,-0.016635565912950647
ECU,ssp245,mri-esm2-0,1.5694343157197288e-05,-5.9855025037928384e-05,-9.509388754657731e-05,-0.00014658744885728684,-0.00010658722040059333,-0.00021145754344085578,-0.00015502808946939953,-0.00014651004286210097,-0.00010783173013565471,-0.00012911144080660097,-7.73628334128857e-05,-8.91669543224745e-05,-7.945407055010802e-05,-5.794621359234248e-05,-7.097794218431744e-05,-8.456667240257435e-05,-4.41604738766895e-05
EGY,ssp245,mri-esm2-0,-0.013872296273881955,-0.0020728002731513675,-0.0006628975198185425,-0.007488488956063388,-0.004690689131613405,-0.0029369290525329797,-0.0031296458819663983,-0.0021696591388969525,-0.0029945779269489824,-0.003836693366400704,-0.0025552436554701304,-0.0011737398181271403,-0.0020651925093195496,-0.0018413467293653043,-0.002007064558409109,-0.0032618314021079305,-0.0019734157113555717
ERI,ssp245,mri-esm2-0,-0.06347770628410106,-0.33517604875279206,-0.28820406601012827,0.04072291036199937,-0.37664896718974356,-0.1453974578366663,-0.2750465230764508,-0.27124544798449157,-0.21393436506577135,-0.19485025741559278,-0.21703908295539887,-0.15601151156215326,-0.16494893131245736,-0.13599524263114743,-0.10612454770385962,-0.07088008202131274,-0.08625689255333867
ESP,ssp245,mri-esm2-0,-0.005636114540503686,-0.017732298062997344,-0.010461030001317472,-0.003913013542369512,-0.021984961856975297,-0.0015813044432165958,-0.004300428624065902,-0.01583439618483573,-0.011478756776376782,-0.0013945345451242975,-0.01811348121202679,-0.026674585226834455,-0.026052660204977193,-0.017951519816729797,-0.007919961626648403,-0.008707444770254957,-0.00892208750761663
EST,ssp245,mri-esm2-0,-0.02511334661337688,-0.009274894547124561,-0.004060754087605054,-0.10503582011387269,-0.02423969302124035,-0.004716233491937893,-0.0034171422617572723,-0.00824565994425729,-0.017950783064724956,-0.06169337716026359,-0.011508719688032503,-0.02031821600224629,-0.02196804282231054,-0.030704504557938623,-0.0047604824537970875,-0.01871692241752674,-0.02093576020606217
ETH,ssp245,mri-esm2-0,-0.0037060099203082173,-0.04622169409761777,-0.02203899603526701,-0.01998431875165848,-0.034615611289289167,-0.02759546698296528,-0.015013138019782497,-0.022746987329910272,-0.020475253205680104,-0.011633868377052027,-0.011147433327318393,-0.015584979739508837,-0.007979267458727408,-0.00981920836832592,-0.005446583529879989,-0.003896936216928512,-0.006514818624174162
FIN,ssp245,mri-esm2-0,-0.004439057340580958,-0.004432777170079005,-0.0013391368920754872,-0.00691645249658708,-0.0035954181492637524,0.0003642849671293282,-0.002179035638654948,-0.0036664228984069477,-0.005516077982789112,-0.009781043953358229,-0.0022781076155205335,-0.0011730756652384717,-0.0026010516212623836,-0.0026313279907549383,-0.000887752288160649,-0.0026168449475634263,-0.0024577945174925242
FRA,ssp245,mri-esm2-0,0.002660515084063069,-0.01829368071956742,-0.02452624347828671,-0.030582459894689135,-0.03205858875864093,-0.013477178742801549,-0.02352741280573231,-0.01443052947744879,-0.033809676892569966,-0.011444534970535592,-0.014349674069098442,-0.019477200742634333,-0.00949422707383798,-0.013461844252768881,-0.006063721544470847,-0.007784192774267552,-0.012927175350758744
GBR,ssp245,mri-esm2-0,9.919386030095775e-05,-0.003935214769302304,-0.009109812229904105,-0.021861421155506915,-0.004782988921167758,-0.0012983945089189255,-0.004883426226128207,-0.002738771794028908,-0.008642005136758302,-0.0025642029285761923,-0.0008101364892806951,0.0003712761308664062,-0.0014365485904543715,-0.0022612486926868987,-0.0006199719781968938,-0.001352335132457881,-0.003554035566681926
GEO,ssp245,mri-esm2-0,-0.003592412148777589,-0.011837475192781085,-0.007305577835262249,-0.008271361100759368,-0.029330394015347993,-0.006596191580809432,-0.011086234190729906,-0.013220068877463288,-0.010362308212398898,-0.008834787917749122,-0.008537755696756908,-0.012340282507472959,-0.010586211087097931,-0.0074908854918875785,-0.004541718670533823,-0.01065667862180024,-0.006578909643010059
GRC,ssp245,mri-esm2-0,-0.004891480878045036,-0.022558888543767194,-0.006153263215054202,-0.005698340976283315,-0.013210022063179236,-0.015148929572879184,-0.01322749475713931,-0.006492445710127399,-0.006534190285915584,-0.008076904054685361,-0.005830603331756625,-0.005562252564126812,-0.01385926792155937,-0.011521515683728478,-0.01812248701024205,-0.013226872563604991,-0.005847969240818247
HND,ssp245,mri-esm2-0,-7.511160461117317e-07,-8.56932622746944e-05,-1.4763347590524323e-05,-6.828959996696684e-05,-2.903876816131459e-05,-2.600731153454137e-05,-1.3333747132646062e-05,-7.808007049937478e-06,-3.031115455648406e-05,-2.2287984397377366e-05,-2.4353797788880956e-05,-7.669977245501405e-06,-1.0285364175398529e-05,-1.1163008153783995e-05,-1.1481837034142314e-05,-8.152178505844643e-06,-7.933547294501943e-06
HRV,ssp245,mri-esm2-0,-0.006876454599363413,-0.19415040707983242,-0.1357322188416849,-0.311580776240409,-0.18762665792846991,-0.2650575208388834,-0.2497047732335635,-0.310311025381269,-0.19195719912192247,-0.23090311505233638,-0.15022541925820024,-0.6693825796566825,-0.30645630216798825,-0.36778397825521136,-0.11237824954383491,-0.1632272831816239,-0.1304367975343439
HUN,ssp245,mri-esm2-0,-0.019920235871699297,-0.03570543228629285,-0.024599804905470576,-0.06022706797245824,-0.03778836083617148,-0.060146178490024634,-0.03664700212903622,-0.05928749281726479,-0.05141109801069411,-0.04093007327249106,-0.025376837046726577,-0.06062784331714886,-0.031221090721675816,-0.073541892707338,-0.014789016252891172,-0.024139650725647204,-0.0203215207890787
IND,ssp245,mri-esm2-0,0.003405979675943746,-0.00838535591752651,-0.0055305834537094836,-0.007013117471876041,-0.0022416687051022804,-0.00875002974703723,-0.007750182149256957,-0.00540539258903695,-0.0051864973655061,-0.01399754109440873,-0.00933805477523793,-0.01795557938367145,-0.005111495288610128,-0.010462015629502918,-0.008815607693289963,-0.004662669235954954,-0.006124365665626927
IRL,ssp245,mri-esm2-0,-0.00019348908990579082,-0.00023256807513246064,0.00023682030624593502,-0.006081176150484302,-0.00022810648095556585,-0.0003547389161402939,-0.0009136747811255961,8.820174343300657e-05,-0.0014314199047944912,-0.0009150433372373231,0.00010276845372218224,0.0004933605094737631,-0.00016439931722222862,-0.0007259792070391168,-0.00022389431029637216,-0.0001814417725192767,-0.00042044941275632243
IRN,ssp245,mri-esm2-0,-0.023812770063079428,-0.014016628941923499,-0.01602156779281714,-0.0020508830437532613,-0.01972252325391153,-0.005696006146463949,-0.0025759623049303342,-0.014198725971117392,-0.005550426197102267,-0.0022609369172975242,-0.009420183159226582,-0.004783050357803954,-0.005244446805169436,-0.005206308270013085,-0.003963890647786616,-0.006859838308629206,-0.003088414344300182
IRQ,ssp245,mri-esm2-0,-0.10933745365478834,-0.14410802348410023,-0.09412783944179087,-0.03632087711937747,-0.13117699332614438,-0.027961567264336448,-0.025812711272133578,-0.09444950262815516,-0.051428667033764384,-0.033916581471904995,-0.056750310401970164,-0.04150762208095968,-0.044543696189733306,-0.03945473655146919,-0.023985018910916853,-0.03940017303067084,-0.019043218870144502
ISR,ssp245,mri-esm2-0,-0.0002495310071016961,-0.00025316952852388923,-0.0006240505681260212,-0.0005569872960938218,-0.00029642965007810036,-0.00017881206737471058,-0.0004979615078228734,-0.0002379084055993538,-0.00032701758082193946,-0.0002886161559908485,-0.00042751819413791705,-8.708912291298863e-05,-0.00025834360893434464,-0.00044613462241459344,-0.00033706763554912475,-0.00039113566692112567,-0.00014104584341888534
ITA,ssp245,mri-esm2-0,-0.002731411662418274,-0.009206332441782818,-0.004377766664124615,-0.0019863298989754113,-0.01672706297657118,-0.004687168103291556,-0.006117862236306647,-0.010736277436086352,-0.004312105195390567,-0.0048484596962893,-0.005646557003195237,-0.013266068915593563,-0.01210877358679111,-0.007691062820132907,-0.007937430392588821,-0.0071977468575827735,-0.004518751554051023
JOR,ssp245,mri-esm2-0,-0.0011532490434105756,-0.0025734083873068057,-0.003903053751633734,-0.003142812271787409,-0.0018031034285739406,-0.0007291576323501324,-0.0020639620841510537,-0.000960781535568399,-0.001307292149819419,-0.0011154661205332256,-0.0012184508181154081,-0.0004176598705467895,-0.000946493879430835,-0.0013578587784802427,-0.0009935732816499776,-0.0013008188424878902,-0.0004731418234930192
JPN,ssp245,mri-esm2-0,-9.677110654472648e-05,-0.00017334574209717675,-0.0003350194776593229,-1.6790284108919177e-06,-0.00012987661269614852,-6.593184073870148e-05,-0.00012963313138264897,-0.00026102745127940387,-4.049415509194018e-05,8.480321665884919e-06,-0.00010583788850706668,-0.00017857890560624766,-0.0001391505809084836,-0.00017759348607458917,-0.00013055757204034768,-0.00013288040565139793,-0.00012641211732510244
KAZ,ssp245,mri-esm2-0,-0.16106699070865652,-0.023622536143346088,-0.06955224007850382,-0.06239306002959763,-0.025458534519536898,-0.08366286136003587,-0.02893432624274951,-0.03752794596045319,-0.00408869261962864,-0.013106102675545494,-0.009617122159670352,-0.04342720152110665,-0.011750607298647799,-0.009037594648208322,-0.008339498844291748,-0.014085769432330579,-0.014917381688979693
KEN,ssp245,mri-esm2-0,-0.005121359871328727,-0.0045911827424917236,-0.0032529287421835923,-0.0024053116956094605,-0.001861812469834851,-0.0018797155401247103,-0.0018722827428015116,-0.0026423290525987336,-0.0022109749513876484,-0.001549962192700705,-0.0017559227648041797,-0.002557153220238856,-0.0013334657157473737,-0.001296029380692239,-0.0008719057182103232,-0.000487283086477168,-0.001441014662246616
KGZ,ssp245,mri-esm2-0,-0.0002790733878085746,-0.05569457823119678,-0.06903945976635228,-0.019374567296403845,-0.07752708813605146,-0.01723971914145131,-0.043392374969110026,-0.03774811814861878,-0.026462544383291764,-0.01764695859394938,-0.028642876953675803,-0.005731945414548623,-0.013520433641161237,-0.004545575446986156,-0.021230301972202836,-0.02168837186356023,-0.006895467868057314
KOR,ssp245,mri-esm2-0,-5.587819140797908e-05,-4.1092593946800135e-05,-5.161574664267746e-05,-8.0792659270289e-05,-3.40052127752376e-05,-2.30285710983689e-06,-2.280783200086899e-05,-8.105904230772949e-05,-5.3087896102439907e-05,-2.727498268341788e-05,-3.623730160567543e-05,-6.0092276594670155e-05,-3.593489883814478e-05,-5.39219733004696e-05,-3.9133298274008946e-05,-5.8265926164144216e-05,-4.330106680029469e-05
LBN,ssp245,mri-esm2-0,-0.0008726488719937518,-1.288049113866517e-05,-9.378686177367822e-05,-7.846415789240767e-05,-5.170691190210985e-05,-2.0804282956378562e-05,-2.4082934084474815e-05,-2.7281614357719156e-05,-2.6518669276437364e-05,-2.5699809913468562e-05,-3.287968184044264e-05,-8.188443045244458e-06,-2.5265189145303694e-05,-4.099443207872233e-05,-3.283810329808013e-05,-5.0356388501316225e-05,-1.8085819664494648e-05
LTU,ssp245,mri-esm2-0,-0.0714742148101931,-0.0640118369076474,-0.03643005192836747,-0.4594048270935299,-0.07087798114426277,-0.027005786478308046,-0.06017504783744082,-0.030577331304600802,-0.10771894364366942,-0.35909953853105653,-0.037827169153566875,-0.07248947554301564,-0.13974879442858557,-0.3683822383566209,-0.05364102061115342,-0.13623574031621635,-0.1597340204523553
LVA,ssp245,mri-esm2-0,-0.05070244548748475,-0.039474050210236054,-0.01785755115584609,-0.2880196983263861,-0.06613177801615791,-0.009752354123764231,-0.023509978018396948,-0.016023632017896677,-0.0697338990099667,-0.2380495162289629,-0.034501961533166876,-0.053830339901667586,-0.08270092146567576,-0.13727315048582958,-0.026422514106174282,-0.0719522124475629,-0.08043571642616565
MAR,ssp245,mri-esm2-0,-0.004553065037859592,-0.06052223584109668,-0.05339396945995953,-0.0016848647856938948,-0.0250335092325143,0.0043835659163463,-0.016133522640191175,-0.029395281907897967,-0.009748693779900551,-0.00999611449481258,-0.03153855780131204,-0.01963491048111157,-0.029122216333416218,-0.017842023752860283,-0.016169660339652912,-0.018779569185958595,-0.009761624599007814
MDA,ssp245,mri-esm2-0,-0.04964370384319501,-0.16981610477103934,-0.07540040933594716,-0.029764574062508358,-0.11232358235423862,-0.13142990696419354,-0.0778373284923953,-0.07129216393850747,-0.26812009761733935,-0.0979959887302061,-0.05473436476290829,-0.1675164283639111,-0.1154628711478631,-0.24025898436570245,-0.06928914289181803,-0.07213799673661611,-0.044446900282105885
MEX,ssp245,mri-esm2-0,-0.003811767841720158,-0.0016684695760830017,-0.004384282111538821,-0.003681669538260841,-0.009024618523461198,-0.005244797588485674,-0.0038198975310332877,-0.006149852561941227,-0.006059266229424184,-0.0046367662082496515,-0.0051182443528990365,-0.004265251745000413,-0.0034799331513628504,-0.0037293683579018907,-0.005252811519830242,-0.00354048616745572,-0.004263473280886913
MKD,ssp245,mri-esm2-0,-0.027108949163261356,-0.03965605821481162,-0.02094573184476022,-0.027154697403005648,-0.025781081242212234,-0.021505384866185407,-0.016114992695068994,-0.013843926752221753,-0.014335773426109191,-0.020275552522696458,-0.021120159856184064,-0.02478386770530369,-0.03999200616183285,-0.05277109810042995,-0.04766178754795755,-0.02337544389730626,-0.03159172041779459
MLI,ssp245,mri-esm2-0,-0.00895260256234072,-0.02379848098289549,-0.006389431587276094,-0.01303750473470046,-0.011506330707101688,-0.006531510604510464,-0.00596688664754377,-0.004638986221045809,-0.0037931777332222616,-0.0031097532283114906,-0.002732040941755675,-0.002236539334169204,-0.0017443816919723578,-0.001365229127680623,-0.0011961367278076763,-0.0010037541999148828,-0.0009166333446490657
MNG,ssp245,mri-esm2-0,-0.046241715704745404,-0.02276753002471236,-0.03996498062747696,-0.03755621140953604,-0.02919468334391523,-0.021220643182250393,-0.04344647142774079,-0.006065973031320695,-0.03372108402597056,-0.010800253031287961,-0.01503327427503441,-0.011132243881226106,-0.016811781946433502,-0.016813980879158058,-0.0067430946049030814,-0.0027735224898688417,-0.010735732991843256
MOZ,ssp245,mri-esm2-0,-0.0005234588342178781,-0.010471874667101103,-0.0005380444257774635,-0.0014629940429576715,-0.0003179602075257424,-0.0009474066860818698,-0.000545379812906186,-0.0007611676685221517,-0.0010805321314687041,-0.0007587891955070254,-0.00012243088876598686,-0.00018129596564262415,-0.00021533300445917007,-0.0001064138851082531,-5.867543522120314e-05,-7.981693630884667e-05,-0.00024132133264319688
NGA,ssp245,mri-esm2-0,-9.089789203709475e-05,-9.704671524386603e-05,1.6949967081997057e-05,5.889455477590734e-05,-5.344850543772081e-05,3.4996595696698526e-06,-1.999859136295575e-07,-2.1384497412304777e-06,-7.703088153637894e-05,-1.0457822116067753e-05,-2.828828382960267e-05,-2.6343776046455733e-05,-3.15791544242432e-05,-5.282284111765968e-06,-1.4909738079633533e-05,-6.807446768193671e-06,-2.3522401794828358e-05
NLD,ssp245,mri-esm2-0,9.271757644175699e-05,-0.0011577615137148669,-0.0008897344273150883,-0.004063804818793407,-0.0012416515410803913,-0.001799658379021318,-0.0027079181250308196,-0.0007677598920635477,-0.0031942209353294907,-0.0015039485867180057,-0.00026274712222699743,-5.338759526056402e-05,-0.0008744456258966466,-0.002294432613199219,-0.0004274374630456724,-0.0006566471247880965,-0.0007264023873994202
NOR,ssp245,mri-esm2-0,-0.0006269085374492916,-0.0007579299990487556,-0.0003336202504794878,-0.0033987292638241124,-0.0014606168056209576,-4.904860635927011e-05,-0.0016118094960027784,-0.00020432881644936692,-0.001095041760313215,-0.0031872734085309647,-0.0001491029465659489,0.00034412093155202427,-0.0007550316417292935,-0.0011512994955211503,-0.00031531180046884277,-0.0005390480564356827,-0.0012749298240757722
NPL,ssp245,mri-esm2-0,-0.023363119970143703,-0.052867096373387705,0.013372222354201763,-0.06178429517710112,-0.0558990843963898,-0.10513121904482825,-0.044690877921855277,-0.09120831780404205,-0.06407591420118061,-0.06986173917936266,-0.0277065582121411,-0.04334445420068967,-0.039724016721220404,-0.04754587789776764,-0.03396472949410119,-0.022131850853691768,-0.0226250521667712
NZL,ssp245,mri-esm2-0,-0.0026281232653405885,-0.0008907706756910337,0.000237759123948464,-0.0003170552815683993,-0.0005854193193580542,-0.0019376728243497114,-0.0013339099618767279,-0.0004241518918958425,-0.0009235355786276358,0.000213893289001314,-8.725113881488458e-05,-0.001553936463939798,-0.0006938514623455109,-0.000668958577719206,-0.00028101484962400527,-0.002816211231858674,-0.0007400642825753073
PAK,ssp245,mri-esm2-0,0.03719475719960877,-0.007470450201286053,-0.02350706881655448,-0.013328191611163982,-0.024379937812393365,-0.016170554960804186,-0.028776725050093627,-0.020001869006170535,-0.013355305446134901,-0.02096930096633809,-0.022159210768009575,-0.0034049139073968715,-0.008314438778732345,-0.005776059536289873,-0.01155201026575193,-0.00969989816221868,-0.007654811017937968
PER,ssp245,mri-esm2-0,-0.0001200132581001011,-0.0005035954684124985,-0.001943351320354363,-0.0024950203463350424,-0.0011365376503046699,-0.001113696436805905,-0.0009883672591408962,-0.0014368494267104316,-0.0019328004236945032,-0.0010946330740330718,-0.0007356925466817957,-0.0006358775219524937,-0.0008999790537938018,-0.0006092579274121955,-0.0007095255827872431,-0.0007373428480335601,-0.00046934999509758504
POL,ssp245,mri-esm2-0,-0.004866529703127605,-0.030435581213550902,-0.023803586327272683,-0.07828361883051903,-0.018009849702423288,-0.0183613858048869,-0.02345417993524289,-0.03295409005660492,-0.04213792879172938,-0.06475041615810269,-0.012590192818389493,-0.017255954829188524,-0.02125185948065735,-0.06754688000372572,-0.005202194465838621,-0.023674158738060433,-0.024300498838912044
PRT,ssp245,mri-esm2-0,-0.00041466773053438306,-0.0006819138837858149,-0.0010295761617375857,-0.0012185033582763698,-0.00089326601571679,-1.7325795795100848e-05,-0.00023134777611076064,-0.0009689192822881621,-0.0007354480169205597,0.00024280640356846302,-0.0011273125292079978,-0.0013636484500075966,-0.0016735975140365622,-0.000878264773050632,-0.0006426796723626667,-0.0003079172356239716,-0.0010926382119765437
PRY,ssp245,mri-esm2-0,-0.019148762959978794,-0.009584857067579592,-0.0019161034963209817,-0.01874863828244556,-0.004039258351895623,-0.00430636816284491,-0.0041604490225167195,-0.01681197398167222,-0.004304294853455518,-0.0037717361288181358,-0.0031788157904057792,-0.006027147372735613,-0.0011960603135597197,-0.0037975227760858963,-0.003551532355633385,-0.0013619124494065598,-0.002745624505682887
ROU,ssp245,mri-esm2-0,-0.03139354114685856,-0.06991961863453244,-0.05070429584146011,-0.05077857584090392,-0.06675881740753999,-0.11210567916298762,-0.07150444262800841,-0.05376870067892621,-0.14912234846412473,-0.09719384106988191,-0.06904703812524729,-0.17421709413972247,-0.09587438126129848,-0.2425898184093362,-0.10826691542903377,-0.0822170495501082,-0.061269112168644724
RUS,ssp245,mri-esm2-0,-0.1354300372144029,-0.08473965514253831,-0.03362763578474934,-0.047168841495341125,-0.06281423256121374,-0.060790802420156595,-0.04893392701570012,-0.035375675194777856,-0.03484371608004209,-0.03529368122545106,-0.020916866660976884,-0.09212939151490898,-0.04334353535524853,-0.07474014962579725,-0.021993530141662894,-0.03573286320541748,-0.04317358592698862
SAU,ssp245,mri-esm2-0,-0.014010933418442112,-0.020372834741005978,-0.019937720125803467,-0.011867859257251487,-0.01903781773759484,-0.015472977463028748,-0.014529376095707215,-0.015904080576374963,-0.015526957868499478,-0.012472824143575542,-0.013424057530085342,-0.01198653541275392,-0.01236267970338124,-0.011442337796333087,-0.01040713623781938,-0.010817645229707183,-0.008826802388348634
SRB,ssp245,mri-esm2-0,-0.04285581422215687,-0.11798590570772198,-0.06017202983483809,-0.07866626170698318,-0.1122513732256078,-0.16975341558563103,-0.17376815048606362,-0.11327602546818835,-0.1414257290440517,-0.10554801136328171,-0.06634142458481054,-0.2437361343923734,-0.12260318041968979,-0.33818033419225335,-0.12817045912268826,-0.08705636759120165,-0.08875659419922455
SVK,ssp245,mri-esm2-0,-0.011625684526870772,-0.024179758982751817,-0.014524494580800238,-0.03373058707484683,-0.021486495176660625,-0.024566803178694818,-0.01486114690898604,-0.02706845271997006,-0.02322215507259858,-0.026245184164350958,-0.015714341933766113,-0.017925984421996978,-0.02155135265584266,-0.03507970907270165,-0.008168103751740138,-0.017061945961409752,-0.016995773952121696
SVN,ssp245,mri-esm2-0,-0.0017706254659284745,-0.0025217813453322297,-0.002310902696334383,-0.0010998785192753208,-0.0022847528991233467,-0.0017813602385144051,-0.0034802218609077634,-0.0020784475602593807,-0.001723876031413191,-0.003770737654679696,-0.0017060797174167869,-0.005727057839848982,-0.0018573056501268162,-0.002387153213858755,-0.001167324009721661,-0.001861188625780353,-0.0009697167204292125
SWE,ssp245,mri-esm2-0,-0.0016887888459553517,-0.0038166672015522794,-0.0069791061194841375,-0.020293674824495667,-0.0025701527100338933,0.0004077095705018459,-0.0021940450180019406,-0.0030689188952562475,-0.007473438045374601,-0.010251937758069507,-0.000925652376795584,0.00023259385457713514,-0.0022836322665692704,-0.005575629933072264,-0.0008796507238530789,-0.0020251835707949355,-0.00232741306265578
TJK,ssp245,mri-esm2-0,0.006395587493765646,-0.0952162664730036,-0.08409533753627908,-0.02557813481674259,-0.06242511707964238,-0.017284445754735638,-0.021127742565370533,-0.03194828679318083,-0.01858797138315976,-0.013117539305965709,-0.020399021973524525,-0.0027461116353709393,-0.008624903564408405,-0.0033181207705704637,-0.010544030355766114,-0.014561826598129489,-0.005566986122889997
TKM,ssp245,mri-esm2-0,-0.08949821934489474,-0.09441780003679502,-0.13416619496702115,-0.04511637449293958,-0.10629904034335069,-0.03190647720269322,-0.026422359421998637,-0.07789858792599462,-0.036900084075645705,-0.04077557942224481,-0.0601353699369625,-0.0381524731190981,-0.027094880018352103,-0.03311155180415995,-0.042116199951610346,-0.05197327422532157,-0.03410180215537
TUN,ssp245,mri-esm2-0,-0.042243257970040415,-0.17387520449859475,-0.016315825788067614,0.00022578396641762918,-0.07405896413325001,-0.02269243943844304,-0.04932956013308803,-0.03465747076306213,-0.011786316375552733,-0.03389751675078875,-0.03445330890973518,-0.014808811550081805,-0.0445554089967546,-0.03666459230841945,-0.03702822031715327,-0.03259318931952847,-0.019882773591471403
TUR,ssp245,mri-esm2-0,0.003905946802131713,-0.0036495289556458753,-0.003678012152018029,-0.002030710142174165,-0.009324863002102382,-0.007806411879766898,-0.004450117956276239,-0.002898080706641167,-0.005456681158380415,-0.0052182040768179025,-0.004693320055096141,-0.0028486299407785363,-0.00704205342856929,-0.00502577209191759,-0.005631752498722549,-0.008369664786886952,-0.002449349431537585
TZA,ssp245,mri-esm2-0,-0.001069617748637295,-0.001275459497998785,-2.9993169879500992e-05,-0.0016206930500410977,-0.0005513034591434473,-0.00034891512465438977,-0.0006752757641936334,-0.0006244047555248686,-0.0006538397199963406,-0.0006147716545190505,-0.00019426958416061306,-0.0006104422925829906,-0.0005445948884238894,-0.0001484563695040878,-0.00013042229835043287,-9.608730923851665e-05,-0.0002984708616658927
UKR,ssp245,mri-esm2-0,-0.1420834620989366,-0.1387123296874792,-0.08296141296150934,-0.08644585348801781,-0.14222170587363483,-0.14737729806685682,-0.09003325132209489,-0.05747746033289791,-0.18542581154719148,-0.09050589847782466,-0.05095843902382364,-0.14078297400229736,-0.09142259601711938,-0.1687311849694919,-0.032794355461756436,-0.06582566277833193,-0.04777269747078597
URY,ssp245,mri-esm2-0,-0.007511284867050378,-0.001325847397400636,-0.04148389089222238,-0.005673691818405231,0.0062169817457399836,-0.0046400267375242095,-0.007076796996457674,-0.017823791331468376,-0.014812509733913142,-0.0031815295891873415,-0.007048863858473982,-0.01482858525166858,-0.01773154233717781,-0.008239321957387975,-0.013012602174304534,-0.022401889977728184,-0.0105753626628124
USA,ssp245,mri-esm2-0,-0.009005451206513856,-0.006186627791015217,-0.0035134418840580897,-0.0042496560956253255,-0.0038149350837245956,-0.0026430784579373743,-0.006871924562248374,-0.005831471035338294,-0.00472483864071242,-0.002833908533982773,-0.005713913289975065,-0.004242255997980277,-0.0033999302903071032,-0.0033734457725866484,-0.0035053536520934536,-0.0027707820323700887,-0.003656015754820595
YEM,ssp245,mri-esm2-0,-0.009140030563035641,-0.004627673737359512,-0.0022752740577579476,0.0002013396858222631,-0.004950912146825504,-0.00241252635808873,-0.0029364338757552613,-0.002526579748002581,-0.0019141589309733752,-0.0014073101577092185,-0.0015556005293798265,-0.00124938709527137,-0.001124917931188076,-0.0010569728669189973,-0.0009422142276111658,-0.0007973220490685932,-0.0008186026566322342
ZAF,ssp245,mri-esm2-0,0.0036726350203078527,-0.013684306029173508,-0.0019651276999606807,-0.004192398530586855,-0.010228662091951652,-0.008957394653203313,-0.007056051497338193,-0.001818191872672679,-0.004885178891838486,-0.005766432799182236,-0.002511660687661031,-0.00395792684088783,-0.0038991057143700062,-0.002416317616471152,-0.0025600101438637214,-0.0013325953230045443,-0.0025539063433580927
ZWE,ssp245,mri-esm2-0,-0.005873999022610493,-0.23090785472470052,-0.08054325858933216,-0.11171693080745762,-0.005584166457845109,-0.05628223856372417,-0.027901352510528055,-0.03707678425918525,-0.047252051222843594,-0.036179106021472944,-0.012645482597471046,-0.01821455960788204,-0.022791358751039253,-0.015316126558445706,-0.0077664153709370255,-0.014759116381296811,-0.013996047843695993
ALB,ssp245,ukesm1-0-ll,-0.011210273277325426,-0.05746141256832778,-0.019359800727172076,-0.0641451915221261,-0.04141356899968155,-0.07840071502214645,-0.10179538799558009,-0.04605175221277069,-0.06932435928573231,-0.1636480491778073,-0.15103000222482485,-0.23522920263479388,-0.22633479382724292,-0.09440233026813338,-0.19881483576427494,-0.23270699119165963,-0.1704795795511097
ARG,ssp245,ukesm1-0-ll,-0.00028847477062824914,-0.000868066538326974,-0.001601953195525856,-0.0010640351410384555,-0.0014303713908808858,-0.001160563842522871,-0.00015076937811792343,-0.0005020608348879906,-0.0004683765406362224,-0.0006318213474748467,-0.001060216033241441,-0.000949507555722658,-0.0007700150203994088,-0.001027196065864242,-0.0009483696847413536,-0.0004967498900707054,-0.0006712395064119917
ARM,ssp245,ukesm1-0-ll,-0.047005297537226265,-0.02177047945213145,-0.01651366053997703,-0.021155717224815313,-0.036060335218231404,-0.020471346967817695,-0.037271228984873866,-0.028135625071997593,-0.06804914985294502,-0.04521223583202389,-0.02509991371675258,-0.020560954530741245,-0.03204358949261794,-0.07936428456415903,-0.055401393196787115,-0.04137601128660825,-0.062354384754270326
AUS,ssp245,ukesm1-0-ll,-0.00780932418197716,-0.03916662702536535,-0.033564018800994244,-0.020042076743617642,-0.07853624638724736,-0.10311133264546803,-0.06240355463393072,-0.02581092517943106,-0.050657521549415906,-0.04529205663807485,-0.04992118538943639,-0.03512078154480141,-0.060648933557433664,-0.04512752429536635,-0.025394509852812604,-0.05137028996122523,-0.05100673002862556
AUT,ssp245,ukesm1-0-ll,-0.006653457193842812,-0.004486077433173741,-0.007456552764831093,-0.005177641362105808,-0.014087951015748335,-0.008634210162296665,-0.015057305413498137,-0.01449961525439893,-0.004415476854579032,-0.015260511855695935,-0.01554880624557458,-0.015496116410310408,-0.013382673375841257,-0.008006220240967681,-0.013398166889097186,-0.011708177504235128,-0.012845563377036686
AZE,ssp245,ukesm1-0-ll,-0.11139772759016987,-0.08017798421806356,-0.03434491762220271,-0.05850295251811176,-0.09097232654190807,-0.06445205536110349,-0.10502841874621535,-0.08691174093226504,-0.15813357831042096,-0.09710416938380585,-0.09768802126266996,-0.06879622262902921,-0.09538234087593891,-0.1113985655924083,-0.08438599159727934,-0.06158675354344604,-0.0752077814453811
BDI,ssp245,ukesm1-0-ll,-0.013763402193483687,-0.012713291792698287,-0.0030274030597051385,-0.0019668843208660246,-0.0033675672896958998,-0.0015778501985636093,-0.0030451498453402783,-0.0015019298685263146,-0.0017624044638652769,-0.0007293714779236914,-0.0019300318269508904,-0.0017765489931494253,-0.0007479756505197915,-0.0005204473903132793,-0.0004695614412038702,-0.0008217178969699339,-0.0007054723686176701
BEL,ssp245,ukesm1-0-ll,-0.015954987716311757,-0.00366692810452203,-0.01832059492809925,-0.0008071278201784366,-0.017964931474545278,-0.007282335475432053,-0.013546196764294336,-0.009804677676843471,-0.011088071475393027,-0.013515636546923074,-0.006409820956738331,-0.009064014474506263,-0.012696262838488829,-0.006715080641112379,-0.0053235182681636035,-0.009655809011960888,-0.010552257010413686
BGD,ssp245,ukesm1-0-ll,-0.0035085085372417095,-0.00332145112435512,-0.0019326210351957103,-0.0013901834224699244,-0.0021841460461938587,-0.0024632071168173664,-0.0025078090420927444,-0.0012185484900563701,-0.0018572609070430794,-0.0017873779865929963,-0.0016992597300431046,-0.0016895093990768142,-0.000951286190948976,-0.001440675204993132,-0.0009488810007434129,-0.001139239637718929,-0.0007486091068611354
BGR,ssp245,ukesm1-0-ll,-0.11425740254564609,-0.2855313381969515,-0.1090331536789645,-0.19939646485941628,-0.2593733334360733,-0.3834846055707149,-0.3178171445171241,-0.22081176733533592,-0.3070557218117911,-0.43786975812750073,-0.47724953646093227,-0.5701906252521796,-0.5522113136842248,-0.23360033117254178,-0.46297313779252497,-0.40517076816713904,-0.5837427622127676
BIH,ssp245,ukesm1-0-ll,-0.01911462567919692,-0.027702938852104935,-0.014423529312504964,-0.029948351345954183,-0.047945454918212276,-0.04329479132551451,-0.060494615009336825,-0.02466842313544419,-0.043721441874995264,-0.09373180011502853,-0.12262793633606774,-0.132861985849762,-0.14890732673353269,-0.04781933702805051,-0.18068166775721414,-0.17856172789336508,-0.21611593663768713
BLR,ssp245,ukesm1-0-ll,-0.07322936945429688,-0.008746325097891559,-0.026743483195466135,-0.06692481802015661,-0.0685527905245211,-0.04010202290648551,-0.07443936246511812,-0.05549816697755413,-0.024221721329652755,-0.040211090442455494,-0.05946177165558961,-0.04524688311402019,-0.04628982638152466,-0.03135010039051014,-0.03420805586105623,-0.027359312384934546,-0.04400359385456738
BOL,ssp245,ukesm1-0-ll,-0.02382007053455321,-0.024944634600479174,-0.039755122188654915,-0.0041402961187482455,-0.03254486493774474,-0.029092367203499808,-0.014508350820603352,-0.027534701287168756,-0.013781359293797334,-0.013081330097819754,-0.01645537966921839,-0.010593912493752924,-0.011055348336571746,-0.007229311292790238,-0.007311839659510823,-0.009898104653957155,-0.0058201887209504005
BRA,ssp245,ukesm1-0-ll,-0.0024331069331347257,-0.0006641913395328765,-0.01430672780322577,-0.005605306176688178,-0.014903426313212856,-0.014078405909476495,-0.00458963643574726,-0.0045429746019320875,-0.004586740560659709,-0.004764209050726529,-0.00661417662286997,-0.00822420764407146,-0.008288079794346582,-0.006876055185073237,-0.005521540043275367,-0.005691761896420848,-0.0048954601377601435
BTN,ssp245,ukesm1-0-ll,7.905001132176382e-05,-0.00018324940277891116,-8.384229985154693e-05,-0.00026004857135820405,-0.00038166843379295554,-8.822766979398031e-05,-0.00012727152687345142,-0.000169290303772149,-0.0001619630025875276,-7.890420108927613e-05,-0.00010602466371717913,-8.59971817156363e-05,-9.777659656804619e-05,-0.00014097788152413735,-9.697226051631008e-05,-0.00017822865513195699,-9.551953140036392e-05
CAN,ssp245,ukesm1-0-ll,-0.08841235219599733,-0.0841080548556544,-0.034395941944631345,-0.06257732751980705,-0.09589450226971269,-0.12071372056742798,-0.05334881292084327,-0.07561498053035538,-0.059850648928616176,-0.07907573563858002,-0.08591187263425254,-0.08136192235514793,-0.04581507880852717,-0.06993187195192634,-0.05245407760170772,-0.052339777048477046,-0.061187214713803326
CHE,ssp245,ukesm1-0-ll,-0.0032228202578292705,-0.0023682096464425644,-0.00853730688368766,-0.0016766095519379779,-0.005919273527731006,-0.002697543015955707,-0.003953362962560206,-0.0032818178323385677,-0.002021425972643647,-0.007481127747820026,-0.004407268906925288,-0.004622631606709015,-0.004320634577829253,-0.0014922789232683818,-0.003942748498985433,-0.004168917822328949,-0.004945845408904352
CHL,ssp245,ukesm1-0-ll,-0.004440049498721475,-0.001239147087868282,-0.0036095461305569116,-0.0034471921889752373,-0.0036468515502810018,-0.0022479980564341544,-0.0015443497709772208,-0.0024267290237161166,-0.003177057954901526,-0.004399973998600784,-0.003207732694338908,-0.005036313414277612,-0.004510375502749405,-0.008645038348373074,-0.004751199221838329,-0.003579852950378948,-0.003174292294735952
CHN,ssp245,ukesm1-0-ll,-0.024732711674923157,-0.029970389353450266,-0.018180617451417785,-0.01652398082533246,-0.014677541014188852,-0.01803831138866299,-0.02182810759342034,-0.01746829770665108,-0.030010459078105216,-0.021182582138053775,-0.017986975673737336,-0.018409579960249212,-0.018463832437864012,-0.028193847994376565,-0.025218068641640657,-0.042147175838067624,-0.02531297558072508
CZE,ssp245,ukesm1-0-ll,-0.053350821814700605,-0.02111672957924031,-0.07495786918989611,-0.028636555743972444,-0.110925440947016,-0.08994526282734579,-0.08222436027878076,-0.07657117887048895,-0.021189357653727713,-0.0845205351112931,-0.08692671896716754,-0.08318160109541584,-0.08096505133658945,-0.06180067472432305,-0.08330388319141165,-0.06842904316035187,-0.08105923005374438
DEU,ssp245,ukesm1-0-ll,-0.025005930884323742,-0.009010557719244628,-0.029881333512706595,-0.0076904418898008226,-0.03477715084304954,-0.021279271145683572,-0.029901109162063177,-0.02201916452243864,-0.01836194398673358,-0.026486892214337504,-0.020701869808313424,-0.02185735506173087,-0.023660594919655217,-0.01145572802364692,-0.020419701680039995,-0.01888593428725567,-0.02486421228414077
DNK,ssp245,ukesm1-0-ll,-0.03588237934789357,-0.0015170761639955114,-0.02811681626188331,-0.004028145679388325,-0.019022932820129193,-0.003340916102549599,-0.05058372065413979,-0.02864935491348998,-0.006385930114613588,-0.03108791452346749,-0.010789144015959182,-0.018538639349568432,-0.008843840155071375,-0.003489072851205973,-0.006502443558619566,-0.01166870763601138,-0.028091215883932767
DZA,ssp245,ukesm1-0-ll,-0.038868017393967155,-0.0873758411978065,-0.017373290992244328,-0.10177873259704755,-0.12602330867827416,-0.10193770597143241,-0.07937081984373537,-0.05392578336023571,-0.06922955111562237,-0.07977584120949806,-0.05741272326739275,-0.06383087377999483,-0.05123792229385953,-0.05402387595740474,-0.04894614652298726,-0.04333262143177165,-0.030774111971453216
ECU,ssp245,ukesm1-0-ll,-0.0013128354203397544,-0.0006955256754729133,-0.0005040732737412767,-0.00015002940079567807,-0.0006960968022282941,-0.0005753586364397069,-0.0003349023747047573,-0.0005463752075134914,-0.0002399393424747694,-0.0003572099297816882,-0.0003334871366868796,-0.0002474169330678999,-0.00016599813108394325,-0.0001972422431724924,-0.000207307751479898,-0.00022362151022866023,-0.00015402672659394913
EGY,ssp245,ukesm1-0-ll,-0.015027308722765273,-0.018065882712299468,-0.0024373698967045895,-0.008980235057478496,-0.007270734434579185,-0.007711673660437337,-0.005963762201228117,-0.004864424738836976,-0.005134567812669946,-0.0053388817575330755,-0.003361695315111422,-0.003823851620290447,-0.004241180197510264,-0.004035706362724192,-0.0033397832458754704,-0.0033854182496740977,-0.003362677939019615
ERI,ssp245,ukesm1-0-ll,-0.35302201976717656,-0.39310601877424944,-0.3492767061672087,-0.4309833729640828,-0.304647979794951,-0.2764367181701048,-0.2968957309070076,-0.24844008742004706,-0.3317625409455977,-0.22656064924522784,-0.25503024344444086,-0.16131453759505177,-0.1514537609449232,-0.1765803444424484,-0.10579639431331994,-0.13208137163538594,-0.10579604075483823
ESP,ssp245,ukesm1-0-ll,-0.014212959746513942,-0.006838195128532641,-0.009810686012713937,-0.006194382758667456,-0.01426593141138785,-0.023580279711798408,-0.015788561352830723,-0.019102114623524166,-0.027715816364634105,-0.02605011536627831,-0.03413535376429728,-0.024921878591003237,-0.024301724670531294,-0.026344992696866812,-0.02381621557901197,-0.022916072187266563,-0.019225117017016395
EST,ssp245,ukesm1-0-ll,-0.08579840365306876,-0.00048038125327235724,-0.026486838860187455,-0.1061193308304852,-0.13377013986909495,-0.03542817142147711,-0.12371127511920893,-0.13525086720043158,-0.10284420097395863,-0.10849155912223234,-0.08615329938831164,-0.10071518585077124,-0.08325865220483969,-0.058478098602940995,-0.06863365082369499,-0.07766753644080573,-0.10240237232534205
ETH,ssp245,ukesm1-0-ll,-0.035512837762513114,-0.09088253780917734,-0.07718076980591992,-0.05094500364543937,-0.056841827248277625,-0.04137978394815026,-0.03129247189484466,-0.026077417694771274,-0.019191948991542918,-0.01623284056574052,-0.017501248653532923,-0.010437039839479523,-0.010318661783502745,-0.016719261650919685,-0.007096425527670686,-0.009139479579615074,-0.007085793700219532
FIN,ssp245,ukesm1-0-ll,-0.007093788987468139,-0.0003386124974969828,-0.0023815079554882017,-0.005605734425232009,-0.006954548821078328,-0.004105902183796921,-0.00901977982082962,-0.016342999079379004,-0.006407798887080843,-0.015023660435629005,-0.012763314986955935,-0.010400715792339633,-0.00786938251961928,-0.005023870550436329,-0.007603539991293351,-0.00828581957921898,-0.013472250950995485
FRA,ssp245,ukesm1-0-ll,-0.041549917800585145,-0.013945295997021668,-0.033538778165706454,-0.01447348516417667,-0.03792080641094943,-0.010873973566740113,-0.02920179826058336,-0.019828333684774248,-0.026113123951765044,-0.04360539251057695,-0.03514672885152998,-0.03917430627463275,-0.03892538472065247,-0.010902298470166839,-0.019550403902042865,-0.040480713281135346,-0.037048544827348366
GBR,ssp245,ukesm1-0-ll,-0.013217108958140248,-0.003637321589226186,-0.007125229131311332,-0.0037966143175422076,-0.010646204517494018,-0.0009730368255975317,-0.009705704764790511,-0.01064635758514954,-0.0016338660842116458,-0.015662309200831854,-0.01243539073148321,-0.011172146212410243,-0.0088515516099928,-0.0020393258713131608,-0.0036248422265954035,-0.008326318262824949,-0.01013770924045217
GEO,ssp245,ukesm1-0-ll,-0.012770838667832888,-0.008916718043360396,-0.005576127158010179,-0.010160447744888284,-0.017649303259800995,-0.018224015507134997,-0.023122155215932007,-0.01688341888868515,-0.03491581398660878,-0.015650842990072408,-0.01587708329431987,-0.012548862929366954,-0.016741513406066458,-0.03326314303307998,-0.028832350883735782,-0.014369780964432302,-0.03149275711815303
GRC,ssp245,ukesm1-0-ll,-0.004914271549165629,-0.017727931488239913,-6.0543293152781014e-05,-0.014080496612741156,-0.011181297442350944,-0.02009952739181506,-0.01734551092955485,-0.012314782422675894,-0.017125589178950556,-0.02257731694258425,-0.020622959250375255,-0.028383124745023004,-0.024193713224882202,-0.013546372593782425,-0.015209425099430051,-0.01778348225613563,-0.01632694124326782
HND,ssp245,ukesm1-0-ll,-1.7273939736093143e-05,-2.7689667798882926e-05,-6.136054769923625e-05,-5.834564410363191e-05,-7.458479298199555e-05,-8.6959764032415e-05,-4.0668454209091275e-05,-3.7846576831068435e-05,-4.734107369948723e-05,-4.019920418726742e-05,-3.5964102283568405e-05,-3.0372542374675933e-05,-2.7477971822421166e-05,-2.4220379704947584e-05,-1.861994686051739e-05,-1.942269479919196e-05,-1.8068241807616367e-05
HRV,ssp245,ukesm1-0-ll,-0.017980321072971817,-0.18599095816145794,-0.12022603520297268,-0.21702253340745822,-0.47113259564599363,-0.3591206404581103,-0.7551995218599076,-0.2973064058259114,-0.3753400958874833,-0.6391851887371869,-0.8310514244947448,-0.8657706046991608,-0.8445095877788295,-0.3174544248411891,-0.8145074059497893,-0.7265107793159569,-0.8113201488147845
HUN,ssp245,ukesm1-0-ll,-0.0497677526884392,-0.03596496070364917,-0.029517941414241803,-0.058369390218312445,-0.1073684113318035,-0.07380404893229221,-0.14415203387890121,-0.10303606582904544,-0.06806080336504784,-0.10027771722662995,-0.12153060208484054,-0.12354401711042277,-0.11627386089593818,-0.05465320499953705,-0.10701026836567244,-0.09087631798879561,-0.10294589375335816
IND,ssp245,ukesm1-0-ll,-0.02403942816974087,-0.024284708995276464,-0.019949659891488766,-0.012060482311732084,-0.02487416412874624,-0.015576412378207349,-0.02367431329524442,-0.019963850136930292,-0.015571478480841514,-0.014275160802904373,-0.022466135640793992,-0.013090917001669294,-0.012706284235088608,-0.013986373507690256,-0.011853349486429856,-0.013929376012098864,-0.011374748476903564
IRL,ssp245,ukesm1-0-ll,-0.0011074483596116196,-0.0009557943299498202,-0.0004935813259037172,-0.00036658332281475553,-0.00043259272612885944,0.0006453047359645162,-0.0009652304173864429,-0.0015349219121220505,-0.0002486895230289179,-0.0036669548265451176,-0.0013323047006240894,-0.001703258874663405,-0.0013046752034575123,-8.827496626742754e-05,-0.00040484804390881443,-0.0015770358990118117,-0.0041495863878089545
IRN,ssp245,ukesm1-0-ll,-0.04381230334208433,-0.018869077618881794,-0.007323619624360782,-0.013417839956682246,-0.010035817847877765,-0.0075455088370061,-0.013482534967157117,-0.010383207374879784,-0.012590975652367739,-0.006613236606779463,-0.005069544459983651,-0.005748282843538322,-0.007705240278688903,-0.00914956241966041,-0.0061363034966532915,-0.006583132159419366,-0.00681705742983412
IRQ,ssp245,ukesm1-0-ll,-0.41432107134600005,-0.12124595594347781,-0.03753090179949174,-0.13453219342583048,-0.10772819932067584,-0.09886128189942238,-0.11600444530957658,-0.08533858121841993,-0.1197863030652435,-0.07222597406717783,-0.03442738765741523,-0.05560801818157173,-0.06065008096645054,-0.05629874167456888,-0.03897486234809716,-0.03421903287874189,-0.032813688843152986
ISR,ssp245,ukesm1-0-ll,-0.0006049962869400869,-0.0021532019490083983,-0.00031073411945731254,-0.001672624437482205,-0.0005694468596296323,-0.0005649294050750088,-0.0011294971543130636,-0.0005632209709826995,-0.0008571612034510582,-0.0003707982644642035,-0.00026057794255955196,-0.0005107377786143496,-0.0005868256648731606,-0.000520240275289858,-0.0003194701838643362,-0.00036642483357246844,-0.00040116529152362304
ITA,ssp245,ukesm1-0-ll,-0.004343430842923964,-0.0047350174018755695,-0.002351142814185651,-0.006429146351585367,-0.009334006511852079,-0.006968711763088041,-0.009132858235830712,-0.004467149293465129,-0.006296178035478684,-0.008257542305397634,-0.014222360048674122,-0.02060304203066822,-0.018127530640391104,-0.009775245324931264,-0.01244589982041479,-0.015792630903844376,-0.015769167117444804
JOR,ssp245,ukesm1-0-ll,-0.003045948527055517,-0.01458029712328809,-0.0021870181151325122,-0.008024821550031803,-0.0033078478001086885,-0.001895549946580671,-0.0042552575970256174,-0.0025461741566402056,-0.0030209893283782434,-0.0012835574269148635,-0.0010647885037827418,-0.001805383515924964,-0.0017279289039187496,-0.001543490161745936,-0.0013643853397195928,-0.0012649950602404163,-0.0011870583780612643
JPN,ssp245,ukesm1-0-ll,-0.000543915451534799,-0.00013456397661291107,-1.812690384040494e-05,-0.0002491668914698245,-0.00013723506124171361,-0.0003424964961649459,-0.0003747695800969979,-0.0003745984853393223,-0.0010216235059088412,-3.244375182538935e-05,-0.00039717465548930766,-0.0009257497869348186,-0.0008669678828377856,-0.0004985163407847434,-0.0003842981561254902,-0.00046120990627808786,-0.000743587151537068
KAZ,ssp245,ukesm1-0-ll,-0.07166231609602398,-0.0488708012610407,-0.052941928640327526,-0.10342636168855791,-0.058998853854572514,-0.03202192335012949,-0.05528447102493265,-0.12174822266089026,-0.156274773160021,-0.08710085115514056,-0.15785053810248237,-0.07549858643640564,-0.11328465136027924,-0.12035907991201614,-0.11366447333735863,-0.060583693470722316,-0.07207896223528475
KEN,ssp245,ukesm1-0-ll,-0.003619863111337116,-0.0077815790333002855,-0.006592234000051717,-0.006675090865605754,-0.004525232890476697,-0.004020858090973808,-0.004996223114199845,-0.003218831075876273,-0.0030307022995019247,-0.002404152337146504,-0.002133402195355854,-0.0019232368648024194,-0.0018305205823473491,-0.0017592518754313649,-0.0012677583153955887,-0.0012982870495228933,-0.001073102840816469
KGZ,ssp245,ukesm1-0-ll,-0.2609092996079995,-0.39533854639226124,-0.053459824284038435,-0.07171058886167997,-0.07712932977051834,-0.0821114139201073,-0.07165232318974302,-0.04554127024182495,-0.07635920023773822,-0.03849748241945627,-0.02912671916288737,-0.04293742048345995,-0.042754542415172,-0.056995875035243664,-0.03176092262386156,-0.05327750082035355,-0.03504906590040076
KOR,ssp245,ukesm1-0-ll,-6.100110195978814e-05,-3.9578300758758026e-05,8.81987860571997e-06,-5.511332201576312e-06,-1.8664463905934307e-05,-4.233535498816235e-05,-5.098828942755059e-05,-1.4698896874683333e-05,-7.564949705181128e-05,-4.006357105463653e-05,-1.3387053196780684e-05,-2.3893379496962067e-05,-3.876158399612523e-05,-3.442707610271761e-05,-7.798219151680742e-05,-3.494400525297432e-05,-7.236270091600373e-05
LBN,ssp245,ukesm1-0-ll,-0.004900998688323593,-0.0002709695651077607,-0.00010575440696327741,-0.00018601706656369183,-7.637182155596987e-05,-4.887832823322124e-05,-9.772346829042215e-05,-3.244954150200519e-05,-6.485230076923823e-05,-3.918029759964043e-05,-3.9536105554089465e-05,-4.00196958130121e-05,-5.586403946592262e-05,-7.508934219285071e-05,-2.5310609092734156e-05,-3.272724589907672e-05,-6.388801679089975e-05
LTU,ssp245,ukesm1-0-ll,-0.466480604751206,-0.020663907546895448,-0.14460783850379855,-0.4832188812552539,-0.6596467614392425,-0.2462010983651659,-0.7096945329693808,-0.593952117717561,-0.23952077440961872,-0.4072505895989501,-0.6589830073970326,-0.6630202147573494,-0.5668310092728007,-0.6361370517949367,-0.4160874478720206,-0.5554131491096113,-0.8341672396432613
LVA,ssp245,ukesm1-0-ll,-0.3671467749154197,-0.010581075943568162,-0.11037650104067716,-0.3064357475296645,-0.49168548395971556,-0.1519226136854801,-0.4448858643374775,-0.4519683385645767,-0.20913198627576834,-0.3464071483979227,-0.3704909532536183,-0.3903184998305227,-0.3015690947125467,-0.27457568960246714,-0.2630366988101449,-0.2895824371864026,-0.4052563052332468
MAR,ssp245,ukesm1-0-ll,-0.04679615702596031,-0.03842969896123793,-0.018372457802386784,-0.03188010911509847,-0.039557557366421525,-0.05273207796835595,-0.017374905711470462,-0.021758588757074926,-0.037176960355926936,-0.023471775134906035,-0.03104734119609624,-0.020969454602742035,-0.02445000798907811,-0.02776398483386915,-0.022435111475686404,-0.020502296952450434,-0.01830447599363785
MDA,ssp245,ukesm1-0-ll,-0.12436098311125719,-0.12381536779548222,-0.09548022547475493,-0.1826741892247529,-0.29124227522499896,-0.22223013479684114,-0.30563682934649566,-0.21578870828340269,-0.14108334260204197,-0.19350707493414726,-0.2391756345331364,-0.2330302798483901,-0.25691074611307013,-0.15227830113251312,-0.2454504796150976,-0.1622455708220046,-0.24179732363063502
MEX,ssp245,ukesm1-0-ll,-0.00557193748133501,-0.010951941470437562,-0.010256847636162985,-0.004008858883102824,-0.005004223939546997,-0.005558851010187455,-0.007626548957734819,-0.00536998211202848,-0.0030779291599959883,-0.0050641106277772305,-0.005181095879918895,-0.0034430514943035568,-0.0050960754242853614,-0.00421551782564428,-0.0048422126897855865,-0.004846692377071624,-0.0036607257815990503
MKD,ssp245,ukesm1-0-ll,-0.023050361495300927,-0.04020633761951702,0.001560149703935156,-0.029255860846958852,-0.015644896439381238,-0.04819248800164399,-0.04838226307998851,-0.01814162420466859,-0.05573393483988974,-0.08004215596134487,-0.06036236858717277,-0.0901845089160053,-0.08615090263900009,-0.038023466748255644,-0.0789111639673369,-0.07275714354801555,-0.07803536891581636
MLI,ssp245,ukesm1-0-ll,-0.02542309029824921,-0.02414559821015297,-0.01980144776539463,-0.014100078656877277,-0.01260015443073612,-0.008903244951012818,-0.007004910376069248,-0.00544569089267178,-0.004591151526333934,-0.0032520499871226817,-0.0030203229269933777,-0.002204451684051276,-0.0018434956026350444,-0.001494681726376891,-0.001256867166624082,-0.0010683117224117987,-0.0009462570916932121
MNG,ssp245,ukesm1-0-ll,-0.0443829182729473,-0.020047393807370122,-0.026499723487847147,-0.005025073888494517,-0.035986188083531254,-0.0344686681815332,-0.03379075801068016,-0.04283667290726413,-0.014511973000378868,-0.01944617884830181,-0.017898678942767948,-0.013732191568021843,-0.02667199279696728,-0.008079657010744578,-0.02421133577780719,-0.023631634855007768,-0.024612563137471833
MOZ,ssp245,ukesm1-0-ll,-0.0022502219220505186,-0.0007371095337899474,-0.005919520590735756,-0.00047883328668150873,-0.0027072935960150606,-0.000741376530182059,-0.0005643836822723062,-0.0009495583766522296,-0.0004057934507005063,-0.0003637422086170969,-0.0005384198252487674,-0.00070472523050542,-0.0001631549083419218,-0.0001515653797269508,-0.0001623811585661501,-0.00011105704448281781,-0.00019324299702692672
NGA,ssp245,ukesm1-0-ll,-0.00023945858712038194,-0.0005222689838382151,-0.0003472810351025442,-0.00028233367585389787,-0.00015689503383798436,-1.1966757876608383e-05,-0.00014009772703366135,-8.078647849853708e-05,-0.00011843511285518058,-7.489868253224517e-05,-7.400751436855586e-05,-4.669693307216398e-05,-4.3037272137250914e-05,-3.971111995790663e-05,-3.1286640549116066e-05,-2.7263079133221924e-05,-2.2583990508490787e-05
NLD,ssp245,ukesm1-0-ll,-0.004309125339242343,-0.0005367886581156241,-0.004617081349117652,-8.257804841582339e-05,-0.005028154235416756,-0.0008510499099654224,-0.006142409973982541,-0.003531109485769368,-0.0018904324975147365,-0.004312874976704343,-0.002434232879801094,-0.0030584941928002212,-0.003961412599578792,-0.0028691192072705708,-0.001313401742764815,-0.002313788132985914,-0.003810130049955206
NOR,ssp245,ukesm1-0-ll,-0.0017672420254304052,-0.000553646469789375,-0.002381430932497453,-0.00138622064586021,-0.0029177607101275533,-0.002429269426691203,-0.0037391751848170557,-0.003159520128219304,-0.0023389332856346102,-0.0023362102218215247,-0.0031360078752736107,-0.005664678362462968,-0.0019055177572918029,-0.0012235906860493923,-0.0016351550938720856,-0.0020145893330678812,-0.004300189356514884
NPL,ssp245,ukesm1-0-ll,-0.024363130226472678,-0.08300368546318569,-0.03157069361770814,-0.05646244679908902,-0.0813395303729972,-0.04920271190408457,-0.06311484908035855,-0.06932558250020888,-0.04668071342143787,-0.05357862366629426,-0.04309872133617032,-0.041722249540789375,-0.03008650115959418,-0.050553052146011426,-0.028883337743765003,-0.024655141756179413,-0.02446652563143307
NZL,ssp245,ukesm1-0-ll,-0.00316691081287775,-0.0008044148353829927,9.38756745552821e-05,-0.0021931767853351387,-0.0006675485257832927,0.00016698023749936995,-0.0013496592118475762,-0.0008334704036909389,-0.0013072347623520656,-0.0009488862491783598,-0.0012471537487070009,-0.0028012372033854563,-0.0009669369206895659,-0.0005464264099537616,-0.0017453267370894127,-0.0010250179950949097,-0.0008881016797214132
PAK,ssp245,ukesm1-0-ll,-0.036620749672697926,-0.054219160234864006,-0.040839991019969865,-0.02784698378714749,-0.041108337197006226,-0.018356746304665574,-0.028665367673312847,-0.028842881397947363,-0.022358677722032975,-0.022177666193300777,-0.011509670447620628,-0.01915777815230365,-0.012707476736246337,-0.013461005124008527,-0.009967030137399538,-0.011815766275939077,-0.010301702434489978
PER,ssp245,ukesm1-0-ll,-0.0034496529765479698,-0.00554199273020371,-0.0026002349091642962,-0.0020838129597176144,-0.003056817689292303,-0.0024482613270114897,-0.002139588817148203,-0.002927015661724928,-0.0017012757233155886,-0.0015265079364204478,-0.0022981248852597053,-0.001545047651489395,-0.0012842206185610012,-0.001350914594475485,-0.001379218759416886,-0.0015249507588371832,-0.001098856091142337
POL,ssp245,ukesm1-0-ll,-0.061692273252036814,-0.012727886703496182,-0.057146277713486265,-0.0685303433303328,-0.10922980592290947,-0.07914291799427856,-0.09697744909324146,-0.0712175844893793,-0.027580684424481552,-0.04419354534893973,-0.0911476403453016,-0.10969092889572023,-0.10768986537940656,-0.08089182639331685,-0.09740292496619173,-0.09192955301593254,-0.12181267226374023
PRT,ssp245,ukesm1-0-ll,-0.0007487727995520634,-9.88758409915319e-05,-0.000541080105365908,-0.0002405820183670096,-0.0007828840970631368,-0.0007415911708585275,-0.0006440600317304041,-0.00048573599689127634,-0.0014398906993840779,-0.0012156001082098526,-0.002019026856059632,-0.0008117774369176457,-0.0010969920919360362,-0.0013494768696694114,-0.0009376436895729349,-0.0012052225651912054,-0.0011557501790066167
PRY,ssp245,ukesm1-0-ll,-0.027866400243328916,0.001367552120631645,-0.03210013337703494,-0.01514034876872092,-0.04220433677332252,-0.03146213072598472,-0.00791470469230566,-0.008682607822435249,-0.01057031157219617,-0.01194582741347751,-0.010242693276749882,-0.013235645180716194,-0.011948327242292696,-0.009065156660322642,-0.009720993746841341,-0.0089636885720175,-0.006325379372627625
ROU,ssp245,ukesm1-0-ll,-0.047857803052487116,-0.10630147403489398,-0.04995770372899665,-0.10392953769859246,-0.14565598025568371,-0.17512173264042696,-0.20172951239164089,-0.12879789874334205,-0.14160763398683104,-0.19980479019139435,-0.24040431120938688,-0.2699823296270171,-0.2833621761067524,-0.13559070194930817,-0.28815010996445006,-0.2368477939338906,-0.33252640550184676
RUS,ssp245,ukesm1-0-ll,-0.12961312840749,-0.05053361501141452,-0.06686068609233976,-0.12681194349316413,-0.11626770852161815,-0.10498197268057846,-0.13262416843697555,-0.14735591939446419,-0.16541583566929446,-0.10508853291120815,-0.19446315341087578,-0.10828826318968311,-0.1492575873640794,-0.1196927925531868,-0.1311191620674405,-0.06222858470817082,-0.11859356633787427
SAU,ssp245,ukesm1-0-ll,-0.017091788551929405,-0.02267210991307599,-0.019516690821550012,-0.017501661174671664,-0.01857580800898747,-0.016382775122499242,-0.017403051004973823,-0.017557077247878555,-0.017123933140389933,-0.015547330243188386,-0.014291396128417101,-0.013777997869530545,-0.013507796294507931,-0.013100178427006406,-0.01224667802342653,-0.011552093838193675,-0.010854199288598062
SRB,ssp245,ukesm1-0-ll,-0.055690687385311965,-0.1130980905556545,-0.0463923810816279,-0.12922430827050888,-0.16790223719591843,-0.28669468563846084,-0.28746696025183366,-0.11427193658154486,-0.220071058866022,-0.3809165807479102,-0.3985469006804564,-0.43764158199877345,-0.4228554075566954,-0.12567886123538216,-0.4201515436953236,-0.35695612892925815,-0.4186006256908024
SVK,ssp245,ukesm1-0-ll,-0.035863034156993656,-0.02339380953793149,-0.024159725136913827,-0.03587064925247423,-0.0581205348561863,-0.050013688662210405,-0.09010358606094822,-0.06696820927743988,-0.02756590083826144,-0.06034082784645851,-0.07717821940558663,-0.08011459977019501,-0.07270167733764292,-0.04799889873401271,-0.07030699236951374,-0.061316559738865864,-0.07221147369663476
SVN,ssp245,ukesm1-0-ll,-0.0028786815169943303,-0.002860416577474412,-0.001242123307680984,-0.0025835465447039733,-0.006194674439067115,-0.004257265031190924,-0.011267267890494025,-0.004412523625369775,-0.0031748025178908058,-0.008589702533758068,-0.009545966619907982,-0.012081936466619633,-0.011460942203322609,-0.003055948626725974,-0.008211464388780298,-0.008845594085797305,-0.010572816216215303
SWE,ssp245,ukesm1-0-ll,-0.013189627328541405,-0.0014003291894535525,-0.01088338968324218,-0.002652690743483251,-0.01698284664327439,-0.003694952084999838,-0.017470419180373013,-0.01343352073607857,-0.003014061552885312,-0.012236996470048002,-0.008897993971718044,-0.01428975480683018,-0.0064628034407943225,-0.003179455473579868,-0.008048356875255444,-0.005949378817715922,-0.013680546792275719
TJK,ssp245,ukesm1-0-ll,-0.14823874612309287,-0.2811530011492003,-0.0620517440615827,-0.08306981898019557,-0.057576102695232625,-0.051632862480512846,-0.04696988298640167,-0.03525245059484639,-0.03752007061512938,-0.022094862486813843,-0.01751548361095941,-0.020821786887507257,-0.026093175270949818,-0.03159295087310504,-0.014448693664618813,-0.026436875712334395,-0.01819464067212298
TKM,ssp245,ukesm1-0-ll,-0.1796103298835549,-0.27194256604695405,-0.07731460451109454,-0.13180361645894845,-0.08563058233953548,-0.06674842650430543,-0.08937449941966788,-0.07859079999458138,-0.07235544889245953,-0.0456885401076553,-0.05532251826013008,-0.06288014221174676,-0.06963302086199859,-0.06563151604193809,-0.05587596282888911,-0.06356547160777704,-0.059474547861709595
TUN,ssp245,ukesm1-0-ll,0.005394642565214305,-0.10188249356011686,-0.0012064062510476995,-0.04877379944506925,-0.05772356379781021,-0.03717155794364674,-0.024963650385085363,-0.02214593558381405,-0.03153901996113007,-0.045770048618202275,-0.024183842806518457,-0.035867402618505094,-0.03479735637391702,-0.039315691397118276,-0.028824501858592713,-0.036285653655822654,-0.023900943838673378
TUR,ssp245,ukesm1-0-ll,-0.019662100582855124,-0.01181099814959199,-0.001919474418703123,-0.01272495325662439,-0.008195884313389435,-0.006602077287529373,-0.010749949981651137,-0.005501666499345469,-0.011319084698843717,-0.009890129178945795,-0.006184983501116695,-0.00881272680962649,-0.009052061508712779,-0.00984284333024068,-0.008719680350510047,-0.009101937143146287,-0.009990732848564601
TZA,ssp245,ukesm1-0-ll,-0.008577054139221418,-0.010143595013338159,-0.0015357586601833337,-0.0005398041647033974,-0.001831846347788413,-0.0007598021041830729,-0.0010049065538812677,-0.0008690359310552717,-0.0005438057343245165,-0.00040016514930993303,-0.0005823200216263613,-0.0006542230125513085,-0.00043175605882137815,-0.00021383563594731928,-0.0001917823313830601,-0.00018210474465307896,-0.0001319526852799104
UKR,ssp245,ukesm1-0-ll,-0.36508359083827296,-0.0868819891727492,-0.10471741867640078,-0.21604106768184972,-0.36696627230387485,-0.2708250800893959,-0.3349486219253008,-0.2260979060198177,-0.17405043620108362,-0.1819005117713026,-0.2881790121600724,-0.19792982755493976,-0.2219091260188007,-0.14825461691331937,-0.19535124464273523,-0.11816397825153864,-0.18990059712352797
URY,ssp245,ukesm1-0-ll,-0.005950045125166515,0.0005060157650164202,-0.01840188501558068,-0.016058835892983403,-0.027202038486816824,-0.029194073170310166,-0.012357947956395809,-0.012568270976347126,-0.007486254422713168,-0.011707631579055766,-0.029803645789496746,-0.027459559992411748,-0.026264624810486175,-0.05266411772330686,-0.026273081268611168,-0.014081206590882217,-0.022870849682343385
USA,ssp245,ukesm1-0-ll,-0.0064039152162078915,-0.009575281890682179,-0.004082871045308444,-0.007814863994216228,-0.009055276228282455,-0.00826831000462194,-0.009207484767151837,-0.008084135079816741,-0.006465787622114667,-0.010544615772135484,-0.008103259030625904,-0.008403154592206615,-0.008063306033436541,-0.010286782828112686,-0.0083780400611066,-0.006532333671085768,-0.008680002321657481
YEM,ssp245,ukesm1-0-ll,-0.030927963610854505,-0.011915880354406352,-0.008761001388339535,-0.006189838519796807,-0.005408461934387025,-0.004094094944950285,-0.0034034170540374734,-0.0027584272089124675,-0.0022885076922324146,-0.0019694297206357255,-0.001683909186373315,-0.0013425560658827085,-0.001282689170402328,-0.0010976657979081517,-0.0010175337939797916,-0.0009680423383262665,-0.0008197170600422568
ZAF,ssp245,ukesm1-0-ll,-0.01737350770672603,-0.015744478425975802,-0.014103484854953741,-0.004539623639984679,-0.015420302612442408,-0.011364730278947402,-0.007455784943969835,-0.012376708370560676,-0.00910511810880176,-0.006540643303522779,-0.007001242867385629,-0.010169100536249396,-0.006280816930071525,-0.007021788615028856,-0.007382678362559263,-0.008885953998775646,-0.007073400619747933
ZWE,ssp245,ukesm1-0-ll,-0.009735982541431825,-0.01615252666314757,-0.12204279777427784,-0.028293581495347445,-0.12643724769441708,-0.02180036181254529,-0.042210784810666,-0.05029129434515262,-0.04115589566916265,-0.02656247760450681,-0.03644265312277163,-0.03220284694479201,-0.02216880730385033,-0.006104055351711163,-0.007391309318759971,-0.01292135191743097,-0.015405479489437142
ALB,ssp370,gfdl-esm4,-0.04258607639068549,-0.02847609526259712,-0.011463950284284579,-0.04870766523486514,-0.07008423185260257,-0.037859421185287304,-0.03324574361460284,-0.0884487287700491,-0.05985261825305377,-0.022142313796220583,-0.0689657588981814,-0.04947330796003764,-0.0673548009801981,-0.19352678320688632,-0.18584703697366506,-0.17074389253320887,-0.16916564665446235
ARG,ssp370,gfdl-esm4,-0.0058058340555242165,3.3865515407392724e-05,0.0002888509545610236,-0.001043065751258712,-0.0003875823093679293,-0.0010937282217870405,7.171184895090861e-05,-0.0007417287132434748,-6.953572874572847e-05,-0.0004513090399674595,-0.000399826873579284,-0.0008110270089315705,-0.00010589157551868595,-0.001068585071011549,-0.00044419837388295924,-0.0009308834947249366,-0.0010280128900091517
ARM,ssp370,gfdl-esm4,-0.008885275312884678,-0.01016764598638247,-0.051365254378286,-0.005646636157193602,-0.011352592870416732,-0.0264062094859074,-0.10411332155190424,-0.05659459065251156,-0.04520071123041362,-0.05493976085299778,-0.07354006825187713,-0.08108467149933034,-0.03424314710893571,-0.07619095588547979,-0.03561853635731869,-0.05517087511081782,-0.0690778379961392
AUS,ssp370,gfdl-esm4,-0.005395015792294411,-0.054338174156719675,-0.031519125087342004,-0.03214738517666052,-0.01887500998056429,-0.057932362069040344,-0.0404601506013711,-0.01912220274429892,-0.07441499278110143,-0.08699082753826792,-0.06615725934505659,-0.05793882544167322,-0.05514318889750768,-0.08230085648727509,-0.09174731036218128,-0.05444481369231411,-0.07062749962744659
AUT,ssp370,gfdl-esm4,-0.0062579839972676295,-0.0023641068297421248,0.0007045629929094033,-0.001237976419896515,-0.006726711478298828,-0.0035095508471717214,-0.0031799922395387595,-0.004330957564208764,-0.0012577072711686392,-0.002065814101441737,-0.018203688364802864,-0.0032806503980851907,-0.00807401698818979,-0.011587504767450844,-0.008684604129273847,-0.007083866391261642,-0.01884719568024809
AZE,ssp370,gfdl-esm4,-0.031085995856989748,-0.04366526422245066,-0.12698195899919595,-0.022743404373249832,-0.0506989258990333,-0.1085358388107887,-0.20742632886753984,-0.14504869601155695,-0.1163061928914034,-0.1260574263035531,-0.15858070960981743,-0.17661358994848236,-0.09547681351044306,-0.15300017066983318,-0.06269440052640216,-0.13876643250564702,-0.13253648261945264
BDI,ssp370,gfdl-esm4,-0.000578215847020445,-0.005240004594711016,-0.001722093505558055,0.0004967371960835015,-0.0032070157745114677,-0.002860209757345653,-0.0014362479891807715,-0.0020657036288684993,-0.0017372146754911662,-0.004748904167539085,-0.002783604656863244,-0.0038995626036933007,-0.0019574904163140398,-0.0008599236501561586,-0.0008731186750868911,-0.0007409929275785713,-0.0009752684852647093
BEL,ssp370,gfdl-esm4,-0.003576340382746717,-0.0023138820012725794,0.0007677029650486647,-0.0017485869831412586,-0.0031830277065114034,-0.0008825416455525781,-0.0011486837142140396,-0.004269936369798051,0.001210016263216722,-0.0013458103485636487,-0.0028859895607383623,-0.004470335876270513,-0.006301599117172197,-0.005799609107421426,-0.010899449577392766,-0.003059468014431182,-0.005050932315532795
BGD,ssp370,gfdl-esm4,-0.0010744224377548075,0.0011660052761682973,-0.0009096832745021375,-0.00013721698965842708,-0.00036228568187849194,0.00046210326699118215,-0.0004221548131856382,-0.0010086579373269826,-0.0021600857286164497,-0.0017523721188562717,-0.0007230264841259307,-0.0011819888879189416,-0.0015105550492561135,-0.0017311051813591483,-0.0011930877448654024,-0.0012120710577473962,-0.0013477505763618424
BGR,ssp370,gfdl-esm4,-0.11897642177666154,-0.04451988210037315,0.0256267547785509,-0.07853796663221509,-0.22546916180662496,-0.03382620805264473,-0.1669545908258951,-0.27202675021381717,-0.17184149452247674,-0.19799828536923147,-0.3709024906813121,-0.23558876538066134,-0.4839079019582182,-0.5670927056068078,-0.5304904283886577,-0.4346203355169256,-0.5403138158564621
BIH,ssp370,gfdl-esm4,-0.024421498478513222,-0.0006374629966007742,-0.0014820046927754218,-0.00755058789891259,-0.0328286593781362,-0.012679025930864056,-0.016166683278414265,-0.02814897962626403,-0.012326173052634726,-0.012593775307322932,-0.03946672012625892,-0.013721476514585992,-0.04978563325303297,-0.06380585304337567,-0.05234147897982721,-0.05524689646249402,-0.08299177226223198
BLR,ssp370,gfdl-esm4,-0.014539374460651266,-0.0019047316526542744,-0.0012343622271345155,-0.000913241778495662,-0.00593778304923772,-0.006677217802243616,-0.017943037430575636,-0.045913740889857106,-0.02099113638669398,-0.014249400844191658,-0.026934501297198585,-0.009683149613868203,-0.01655158893381719,-0.01985441579087995,-0.024010344966899917,-0.024421640318535453,-0.02432707103068089
BOL,ssp370,gfdl-esm4,-0.007560881697369273,-0.058276082219080726,-0.03716171299751301,-0.018213382901196628,-0.015091501457658967,-0.03612409844761675,-0.031106179277841303,0.00030410964520196493,-0.03841449368478183,-0.034887818544643075,-0.012789329565956372,-0.017774103951682958,-0.020842373180332368,-0.02104546770815576,-0.013893631328118465,-0.012967535964860147,-0.017367876337644264
BRA,ssp370,gfdl-esm4,-0.003942064029734873,-0.0011842519115158388,-0.005885903366671219,-0.0015314871223971417,-0.002466075705266643,-0.007945652232110035,-0.0026162983282799865,-0.010139713385738668,-0.0060247243590924515,-0.006982015528033899,-0.0058008504150635475,-0.0063836035520011955,-0.005465391508318258,-0.018244339334848463,-0.017766299738582212,-0.007766025887296488,-0.007200386339365259
BTN,ssp370,gfdl-esm4,-0.00032563675008735597,-0.0003178206027468403,-0.00012289756171370638,-3.548112509341789e-05,-0.0007948293760090555,-0.00025837453407295683,-5.7277278055592034e-05,-3.0019951254741293e-05,-0.0002328781331760142,-0.000305044213324443,-0.00022744873371728088,-0.00012683588836497314,-0.00012568883467604442,-8.269297419759483e-05,-0.000108268946495834,-0.00013477656403629195,-0.0002278295676072937
CAN,ssp370,gfdl-esm4,0.0030615284174542482,-0.02657072137690443,-0.0011431836314358464,0.01599226649931548,-0.019790593993346983,-0.015557586446653105,-0.018591106621231254,-0.017124942094337018,-0.029659978192490763,-0.015941897691806175,-0.07259361196863102,-0.02129123775597476,-0.022206683475715343,-0.01544576955919203,-0.04731236890069017,-0.04025801586638618,-0.040234845056909906
CHE,ssp370,gfdl-esm4,-0.0019681019807837328,-0.002789613189012673,-0.0006596536634797211,-0.0007069729149760282,-0.003140138705543447,-0.0018501817546676094,-0.0015074777965057708,-0.0018020441211642276,-0.0003304111793865257,-0.0012217377182446507,-0.00350845131051929,-0.002812825228649462,-0.0018501496609562938,-0.004911616536903668,-0.008980671669780357,-0.003030465240406094,-0.006286406739267232
CHL,ssp370,gfdl-esm4,-0.001211157579475548,-0.0001256718517115073,-0.0013883563919549866,-0.0027467456899158776,-0.0006605246471601905,-0.006906680677773482,-0.00722133847788544,-0.004122499470097174,-0.0009288368884707552,-0.007342055980817237,-0.0031039657783012704,-0.0028461202403286946,-0.0021311152605556893,-0.01045191100231951,-0.006059561180792382,-0.009692695298242108,-0.010137823998813468
CHN,ssp370,gfdl-esm4,-0.008962014445037993,-0.0027905163360364233,-0.00300197334433384,-0.014166621974364378,-0.00893324082875655,-0.019348216590688676,-0.028544429669166742,-0.01508537064880123,-0.01631297048652429,-0.0241350754482291,-0.02467003963345661,-0.01189378843519628,-0.01978009050718896,-0.024911094982307667,-0.020595015629660766,-0.02753233758996177,-0.02822742256234005
CZE,ssp370,gfdl-esm4,-0.03669280236668606,-0.012374747790261603,0.013015076797573345,-0.0005027371522595752,-0.018884283612635677,-0.015225045975453174,-0.012699976884881026,-0.024974833899881883,-0.007278914639264424,-0.007716149760079083,-0.07754965632333781,-0.016112651628410184,-0.02976741671103581,-0.05215508481932645,-0.03188933208346168,-0.025112890991448075,-0.0859007349079206
DEU,ssp370,gfdl-esm4,-0.014825589918511824,-0.006052255169649057,0.00033175688766464985,-0.0035181390945741194,-0.006366865598351996,-0.003431228697564523,-0.005247834647722899,-0.027557970438191387,-0.0003376992766390301,-0.004764913069894632,-0.013032384496291854,-0.007031734586082072,-0.009806013995429274,-0.016693573054048148,-0.023251922996938918,-0.007725532136695409,-0.022289648495116495
DNK,ssp370,gfdl-esm4,-0.013263567389611361,-0.008614164741632003,0.006126101551602795,-0.004483982833658309,0.0010997871652402911,-0.002360354623459783,-0.004072872264123957,-0.013952400763537612,-0.0009047407668079329,-0.005491234578911223,-0.007902344167816234,-0.01920285058803587,-0.0031992580371781707,-0.009629491915232054,-0.01171310655297263,-0.0038920353002692264,-0.009305050136740605
DZA,ssp370,gfdl-esm4,-0.053448565513759434,-0.10074313496640332,-0.044966663733364026,-0.1163535483963658,-0.06401207136052317,-0.11722546900252956,-0.05099326809044509,-0.026750419763277095,-0.11010883434047375,-0.09039217508090487,-0.10928825092768393,-0.05604808131160735,-0.07491103337810831,-0.08451324989181108,-0.0748310424970452,-0.07014117500954489,-0.06631060381821896
ECU,ssp370,gfdl-esm4,-0.00021489308383528931,-0.0005873556263597096,-0.0002712933175825284,-0.0002905478977626668,-0.0006355998764459526,-0.0007690410855278402,-0.00022924101705068807,-0.0005882109841330395,-0.0004501591387639029,-0.0005166171755016288,-0.0005008945490360156,-0.00045195593116438196,-0.00025840057030842494,-0.00039727490715861594,-0.0003827410310375908,-0.00037605395922001565,-0.0003265458296690041
EGY,ssp370,gfdl-esm4,-0.013209569743420871,-0.006647174128164423,-0.004376869426873937,-0.006101437519245208,-0.002211739067760292,-0.004322820162112342,-0.006854455449923365,-0.006623999802888695,-0.00485395491539834,-0.004721169999976404,-0.0051546231188761265,-0.005808370791570119,-0.0036590987873934776,-0.00595395222471853,-0.005059019005452766,-0.004823358581704676,-0.00431384442099487
ERI,ssp370,gfdl-esm4,-0.3794451090405731,-0.296616022619722,-0.4453919880720661,-0.1803795625208265,-0.13235220035725115,-0.47444581025362986,-0.38861339124599853,-0.07937371198115177,-0.3161826884307294,-0.38856278953791545,-0.1592588134333751,-0.2551724429623043,-0.3883849705694639,-0.33481499933860176,-0.354116302114419,-0.2998745840901928,-0.3182018829691708
ESP,ssp370,gfdl-esm4,-0.0050678321180985374,-0.011477056076334063,-0.01462817960651217,-0.015318898915084648,-0.02614678944672223,-0.019927177673219477,-0.020940745728510384,-0.025130754637192224,-0.010011494622125788,-0.03436417728137762,-0.04163279829740473,-0.03982315110251936,-0.0462018109194313,-0.03764109972444061,-0.03878032826242446,-0.03887614329050036,-0.03934718288084579
EST,ssp370,gfdl-esm4,-0.02741602168799892,-0.013652595838078858,-0.009307106430874778,0.0007355757323514284,-0.0031808097936587712,-0.01287598493942076,-0.026601291062679874,-0.09297185416911469,-0.024181483698265945,-0.027532292182028975,-0.03462804708763916,-0.022036693054244123,-0.02204117774396045,-0.03038341258498493,-0.051123534929852575,-0.03069368146384765,-0.03393964996388539
ETH,ssp370,gfdl-esm4,-0.05264291154837726,-0.02984486438705634,-0.10310932838550552,-0.010656547782136781,-0.014257048765250425,-0.08054064562494283,-0.02496034094714326,0.0022652100690493584,-0.03234153233469934,-0.036930561887285905,-0.016012478618221828,-0.03541511193145514,-0.03429910290204122,-0.012072501334821649,-0.023330074575844722,-0.012959686997430383,-0.023282397076964705
FIN,ssp370,gfdl-esm4,-0.0008847415028298187,-0.002257634280821598,0.0005445051366026855,-9.496712280824766e-05,-0.0007187231124357006,-0.001283827568081373,-0.0010388685477374182,-0.0038814352222426816,-0.006567405606215753,-0.0032904591156294625,-0.00814839127065706,-0.004083088022336098,-0.0032023002639242682,-0.00395128909893141,-0.009877600480967828,-0.0019465483329594278,-0.002831083807405687
FRA,ssp370,gfdl-esm4,-0.011525341019044863,-0.016844866058233873,-0.027015986529121,-0.01176769472805909,-0.0186448677373349,-0.014922457553645782,-0.015740167507221518,-0.01854621601595869,-0.0019421064788070286,-0.008511129293545184,-0.0175700384856374,-0.030113803685386648,-0.040929340087506615,-0.030565301818094446,-0.02718749961530168,-0.02105542247830357,-0.0283828614944643
GBR,ssp370,gfdl-esm4,-0.004203443173335717,-0.00394379260998395,-0.0048730511544095925,-0.0009864218319204014,-0.0008320642487314715,-0.012921086780550985,-0.0024400709995029,-0.008710651716787192,-0.003702824257238488,-0.0012712353333472258,-0.00170114841188501,-0.009228300150708541,-0.010977102568892295,-0.002418461965460223,-0.003935179081113316,-0.005202800802705955,-0.008593245806512405
GEO,ssp370,gfdl-esm4,-0.004776951516843198,-0.005284912123760028,-0.010802218838784095,-0.003707711178691398,-0.010574239293475502,-0.00499031439990028,-0.030166987939265966,-0.0251448645233472,-0.020589155955105246,-0.01733439398861283,-0.019696078580285603,-0.025661368278645118,-0.012772888071913853,-0.02338052482785497,-0.013582747335696288,-0.018036854738665214,-0.019856583068514094
GRC,ssp370,gfdl-esm4,-0.008433118530852811,-0.01961130437556715,-0.0006816622387698618,-0.014440775421438581,-0.009778497794223844,-0.008347156644148592,-0.013489452296257134,-0.02165902952023545,-0.031538211500566155,-0.011693663740015627,-0.021470837870727615,-0.01185699390574605,-0.026661788620549128,-0.039708778496310215,-0.03728020778143902,-0.033107013340248806,-0.030811690312767318
HND,ssp370,gfdl-esm4,-1.8937056561806075e-06,-5.329940193041523e-05,-2.2100513824662524e-05,-2.02593497408279e-05,-3.177137577155539e-05,-3.930479556157281e-05,-8.015029653296752e-05,-1.781538479297882e-05,-6.3457520603498e-05,-6.544302747478111e-05,-1.4398108256832552e-05,-5.557807320715309e-05,-3.0156959754821506e-05,-4.797528748698594e-05,-4.4631988312004176e-05,-2.895468635081104e-05,-3.62472046203446e-05
HRV,ssp370,gfdl-esm4,-0.030819933090790584,-0.024900631922875748,-0.011640949845177318,-0.08572921410030047,-0.2901153329502261,-0.14685431785013825,-0.2107595927352444,-0.422966775836643,-0.16534997143871255,-0.15943749443544375,-0.5881188417879392,-0.16996059618707726,-0.6953125070777426,-0.850272464332643,-0.6196147548013854,-0.8269697220596468,-1.0684633710612057
HUN,ssp370,gfdl-esm4,-0.04970273724065539,-0.007192507824475655,0.0009469328250122126,-0.010178958786822007,-0.05355679174340806,-0.015215645631380859,-0.030718874910566695,-0.07959239638146151,-0.022378264549162388,-0.021915181105654456,-0.09380467429398762,-0.02489095165169076,-0.09259114197688462,-0.11772521419320592,-0.09266426593080314,-0.10483064424775554,-0.1343091446995556
IND,ssp370,gfdl-esm4,-0.021076059016815467,-0.008667302132006048,-0.019347825685604756,-0.013048656837728465,-0.010613163823527134,-0.021296507883743165,0.005539562313504544,-0.005856304389196167,-0.016695649092724373,-0.007476863400217037,-0.018337730801748085,-0.004472285650155473,-0.02568742800955382,-0.02325865570583347,-0.013966939755487464,-0.01868047686597092,-0.02444681334553033
IRL,ssp370,gfdl-esm4,0.00012338987715627614,-1.5073358912122529e-05,-0.002261848964491643,-0.0011803549977697882,0.000114652764826478,-0.00021156899916894558,-0.00033271588270382125,-0.0003132074537692275,-0.0019151059729974208,-0.0011576849348754216,-0.0001239347275591547,-0.0029283110013020204,-0.00039056784055780194,-0.0007638023433069886,-9.770385517797937e-05,-0.0014457997501301926,-0.00047203293890351174
IRN,ssp370,gfdl-esm4,-0.01846786859878431,-0.00886141511588047,-0.020179249459252785,-0.016623229926547415,-0.005051442963969984,-0.01375754183044931,-0.019347306931093357,-0.01460688796154164,-0.010188321869133522,-0.010925616073688107,-0.014223179012149326,-0.013836747296880617,-0.011374343455054347,-0.011482914299797113,-0.007200115145464121,-0.00903304050894192,-0.010046836105113552
IRQ,ssp370,gfdl-esm4,-0.11991859434648093,-0.047852358858492774,-0.07602076183173954,-0.13557289310237053,-0.0589691464169433,-0.05856840942756071,-0.11533312808185067,-0.0991034241864096,-0.07734621369908058,-0.08536047512868294,-0.09673862660061358,-0.08378284193264918,-0.07142862313647058,-0.0700505268606541,-0.054639679011602424,-0.0496432105670456,-0.05408313564116972
ISR,ssp370,gfdl-esm4,-0.0008516882710171995,-0.00035606260571785677,-0.00015537884388370398,-0.001565211743427254,-0.0002001795177158492,-0.000284224874981073,-0.0011223807818924016,-0.0010524185401046425,-0.0009012014410252427,-0.0003685284485250872,-0.000536830412917579,-0.0004970316638290376,-0.0006191863482337155,-0.0006325009925859127,-0.0005341228666027357,-0.0003719039388200369,-0.0004266651906525218
ITA,ssp370,gfdl-esm4,-0.004765268305100741,-0.0026118880491177786,-0.003156042033444186,-0.0052804111077589125,-0.010594572412716658,-0.006367921365822442,-0.011224866256371945,-0.004637289831701278,-0.01064619555575333,-0.009322360257929471,-0.019200704884082327,-0.009776265792767642,-0.016277408888819657,-0.02440317414860917,-0.021340769000138492,-0.020641975066314038,-0.02364761297062787
JOR,ssp370,gfdl-esm4,-0.001538044356958832,-0.0020208778773462732,-0.0019274580988257197,-0.00807375795360917,-0.0011661662738246341,-0.002560735771744837,-0.005256045985481092,-0.00470200013257985,-0.003934579779640686,-0.001901708452501444,-0.0032464654767239715,-0.0030368747307354836,-0.002588830488138441,-0.002663979108883047,-0.002262179124108139,-0.0018791483110567008,-0.0018705474171462557
JPN,ssp370,gfdl-esm4,-0.0001191971738091816,2.8445487308348465e-05,-2.948163521189313e-05,-0.00013258452565724868,-0.00013872030266958427,-0.00022501704654038297,-0.0002598945494074934,-0.0002665526402108301,-0.00011730740243424808,-2.1752758152385843e-05,-1.4290384382847793e-05,-0.00026638079220159125,-2.7509441660276392e-05,-0.0003756876329653174,-0.00019223376700209483,-0.0003797331347573813,-0.0007375872737588707
KAZ,ssp370,gfdl-esm4,0.0007861396089282505,-0.009673111521639424,-0.1556124861264469,-0.07789052451136938,-0.11000196714851945,-0.07309023479735914,-0.02621386178833167,-0.03773889615290728,-0.08101686533322529,-0.06434845447933077,-0.10246962954869718,-0.1484162081801449,-0.12695873251489984,-0.1372680505560147,-0.05432628741685986,-0.0824479883404122,-0.04892565452033185
KEN,ssp370,gfdl-esm4,-0.012037582294610005,-0.0065386365564218734,-0.007470535856217035,-0.0030512283352479436,-0.004036074006451141,-0.012108633049184412,-0.003300755983733165,-0.004477005720517447,-0.0031064645139618316,-0.003918777950727416,-0.0029103352395429805,-0.003802287290870699,-0.003778577229158783,-0.002610685139818005,-0.003221228154460726,-0.002299686543816467,-0.002421287693339182
KGZ,ssp370,gfdl-esm4,-0.03011701156657641,-0.06962810393248407,-0.05662360448998946,-0.02516335700253878,-0.01936389990210133,-0.032629248272982185,-0.14738660068433337,-0.023522433906928417,-0.051398542851114684,-0.021966566598060944,-0.0493469684012344,-0.031236794842315656,-0.022127931481990906,-0.02837712989792821,-0.025191961663017626,-0.05270485090397729,-0.0156432826418089
KOR,ssp370,gfdl-esm4,1.5619510661357436e-05,1.7498113922799814e-06,-3.963041798276406e-05,-3.769186898594972e-05,-1.898056156058404e-05,-1.2501785913359966e-05,-4.584020276121509e-05,-3.3988567237197426e-05,-1.8256677102610552e-05,-1.2581596234311194e-05,-1.0400288435751663e-05,-4.465088645159338e-05,-1.8768088885161913e-05,-4.297465828189338e-05,-5.4356312838234815e-05,-5.804711652135e-05,-4.981728049038864e-05
LBN,ssp370,gfdl-esm4,-0.0013077958364052609,-7.878826750784673e-05,-7.18767475622446e-05,-0.0003436636233878063,-1.2888472946447587e-05,-3.33850852181661e-05,-0.00023351562883613047,-0.00011958165612023072,-0.0001000480239370632,-9.176765408231756e-05,-9.539867879461283e-05,-5.322279763046319e-05,-0.00010997533778027588,-9.558035427866843e-05,-0.00013569423595694024,-6.817491438128049e-05,-0.00012038049957051054
LTU,ssp370,gfdl-esm4,-0.11029010505932044,-0.09185209070711134,-0.02316813619178417,-0.04950793719223129,0.008590179276989388,-0.0867034817597686,-0.1280285171347971,-0.4053175343700684,-0.13040418071850135,-0.13382554159613883,-0.2524025159114336,-0.10352820624506581,-0.16858394936445448,-0.21440238205031042,-0.4250208137488224,-0.19379929645303914,-0.23014517173821744
LVA,ssp370,gfdl-esm4,-0.0615481713426166,-0.07239153553989158,-0.034317607284716334,-0.026823632080717443,-0.018400412348013945,-0.05745416676623238,-0.09769864753772098,-0.41461174011910784,-0.10351531531470291,-0.11532895297886797,-0.1836824400746782,-0.10157657764856881,-0.10871256932346264,-0.1606432147831553,-0.2711318790243334,-0.15411196682018458,-0.20603688732184255
MAR,ssp370,gfdl-esm4,-0.016908886132495575,-0.04572466350129559,-0.061436576100331645,-0.04054876432653206,-0.03209207551309352,-0.058515688175867005,-0.03310460977880715,-0.042835848053214075,-0.033370781469262964,-0.061758952418789,-0.05366172632594324,-0.034474829043081155,-0.047954235930679254,-0.04324405537239371,-0.04262425235270404,-0.03950759015631102,-0.036645049982099526
MDA,ssp370,gfdl-esm4,-0.05488889990482761,0.019824612362366784,0.014714013491177487,-0.030626965938925173,-0.10921858177835612,-0.0011179885209077634,-0.11438315000331838,-0.3072329642581584,-0.06662687197563268,-0.1442681981353733,-0.2033643691510665,-0.06886560334261899,-0.3014210298084832,-0.27474755920360966,-0.21243628704878922,-0.2331036216450084,-0.20839894184861235
MEX,ssp370,gfdl-esm4,-0.006039154185886268,-0.005876603958034588,-0.007800339410145048,-0.003737795018049351,-0.005529944321563931,-0.0073496321726260975,-0.008588589148059145,-0.006570876191346529,-0.010565538599754093,-0.00691634497666102,-0.0086042464200166,-0.01010986683729505,-0.008587471297746653,-0.007764233236813106,-0.00890565997834112,-0.007592689610765917,-0.008190822543865862
MKD,ssp370,gfdl-esm4,-0.03744637888515575,-0.048570296279171345,-0.0005137323096608044,-0.018822412518359966,-0.02897121505536869,-0.007973733906136878,-0.01278443131997266,-0.0428265739305213,-0.027786169564546295,-0.003206810862103045,-0.0347851263905013,-0.027542058528097758,-0.04100411464599275,-0.09159063660416804,-0.08649066950414493,-0.07986761701107374,-0.07589161256086902
MLI,ssp370,gfdl-esm4,-0.022583248715650584,-0.020823189729321522,-0.01955657651753356,-0.01652183974025419,-0.012777657405921712,-0.011288328920511024,-0.008065776585632576,-0.008369762306799878,-0.0070961204801825595,-0.006166994914848569,-0.004746995055184079,-0.004416399056116653,-0.003827683320056509,-0.003256005693818998,-0.0033154963369964492,-0.0027207784199280156,-0.0026603424944394035
MNG,ssp370,gfdl-esm4,-0.031238266985443765,-0.009797045361956034,-0.027656096032823665,0.00075269944725909,-0.012098415390350448,-0.016333265064020167,-0.011427008384754966,-0.0391318621677965,0.0011922215849426512,-0.008424080292394923,-0.005112235530688452,-0.00892735407404775,-0.004919006622234773,-0.009534357111828968,-0.016716790292314467,-0.023473162917765737,-0.014822034861018747
MOZ,ssp370,gfdl-esm4,-0.0027812540892815283,-0.0015955422969742986,-0.005689843092889737,-0.0004549496533517246,-0.0024062365182557464,-0.0011936151357879064,-0.0004947255293766035,-0.0002674989734693999,-0.001070314468971683,-0.0012257315479921604,-0.00040052002929984724,-0.0004921162070584986,-0.0003921909563480632,-0.0011647058643080189,-0.0012014499356218164,-0.00037232865161343216,-0.000615504434355136
NGA,ssp370,gfdl-esm4,-0.0001768422611941871,-0.0004977491730171528,-0.00014449265070365708,-0.0002634084767187672,-0.00021583133177682055,-0.00031336390884659796,-9.17730850377424e-05,-7.629285578009824e-05,-0.00011952397144696149,-0.00015698102977596999,-3.248990277542281e-05,-0.00010208369387809648,-8.748538962536514e-05,-7.383480738077168e-05,-6.300018179389455e-05,-5.248853349101157e-05,-4.706439139761175e-05
NLD,ssp370,gfdl-esm4,-0.0018907190284742019,-0.0006624897038223327,0.0003062261672838158,-0.0005796212092898387,-0.0005877508477894126,-0.0003998065449258307,-0.00018843199461710428,-0.002871639820386229,0.000594500366705624,-0.000949861451658922,-0.0010308519775445858,-0.001163375890254548,-0.0004161411292857744,-0.0013191136277828496,-0.0026644942847110584,-0.001151780335228022,-0.0016389144503063243
NOR,ssp370,gfdl-esm4,-0.0019399854654027103,-0.001357397807448872,-0.0010437434300181445,-0.00038296396498932716,0.0007181740886052387,-0.0004012997811855239,-0.0003356134780787422,-0.0029159970229946457,-0.0005618506107302805,-0.0012007830613013123,-0.0011121133944870898,-0.0015330080990446754,-0.0004992603092268197,-0.0014728322866400154,-0.0011517395048555956,-0.0007990831334009804,-0.0006529327733207387
NPL,ssp370,gfdl-esm4,-0.034287617084683156,-0.14616350014532922,-0.010687909475219557,-0.02542710093547678,-0.055964310460241716,-0.08306599452616106,-0.020058914634916068,-0.0006517294647745536,-0.07462575587884852,-0.03301106196940971,-0.06629527689022868,-0.051661659505845794,-0.08072818411971273,-0.03393587105469959,-0.04055163206400534,-0.05796245656617935,-0.05638364709343736
NZL,ssp370,gfdl-esm4,-0.0019649266530789105,0.00016640761630052085,-0.0008132064943281653,-0.0007549397116728017,-0.0003535115236211165,0.0008722610926003848,-0.0006224759511513692,0.00033129100610564723,-0.0012341042414093385,-0.001372610245197962,-0.000582491887917529,-0.00022455223082501255,-0.0009568006263829025,-0.0011495858164576576,-0.0006502695227202707,-0.0025180047976799845,-0.00045573533041403665
PAK,ssp370,gfdl-esm4,-0.10630048199611265,-0.013285330653731693,-0.023624464954617546,-0.02412966258249891,0.008998855860759825,-0.010511248222524255,-0.004132522783063645,-0.01805848660809518,-0.026307227971646682,-0.02031499111689923,-0.022224161319404297,-0.022628535376580123,-0.02228647803980687,-0.02783048554752159,-0.02064967114478259,-0.019567553070582624,-0.018425443021504163
PER,ssp370,gfdl-esm4,-0.0015505942163049338,-0.006211833070540557,-0.003345608527512341,-0.0009910954605450398,-0.0013638307903920596,-0.005513165654350494,-0.0015444253700926218,-0.0010093006697147425,-0.0028098771646266306,-0.005046605734253554,-0.0015836242946334327,-0.002009378521511541,-0.002680551269764688,-0.0023127234717344627,-0.002727884996267254,-0.001962284411509764,-0.002210251099804588
POL,ssp370,gfdl-esm4,-0.039935139467763225,-0.012607604954200548,0.004839250444280596,-0.0002704333471393404,-0.016852108338563262,-0.018999284180366744,-0.01312460127748087,-0.048162041359460124,-0.015736202644984935,-0.011020899016089382,-0.043619770662857375,-0.021387834697543597,-0.028895227523142736,-0.03901904159785376,-0.05625618961067505,-0.02950210075847155,-0.05285679735987649
PRT,ssp370,gfdl-esm4,6.265838991911705e-05,-0.0005522601848149425,-0.0007924575084477871,-0.0008773133343946104,-0.0012613055423027191,-0.0007527895152904438,-0.0006327635088017852,-0.0018022607771434906,-0.0005751359360027946,-0.001672000246728779,-0.002110063473997448,-0.0023486925655770608,-0.002355856615507622,-0.001743516031147938,-0.0017598764888515105,-0.0019723944195904277,-0.0017698240121567144
PRY,ssp370,gfdl-esm4,0.0030579710445424184,0.008721762285526112,-0.0060739454789606965,-0.0021670888293793852,-0.000949041777937762,-0.015894456450446917,-0.004786337445447395,-0.015869472962676285,-0.007081974014255294,-0.008892264091832284,-0.006217381652040542,-0.00465213062428957,-0.004159865490023903,-0.017157751733787446,-0.0166368629788048,-0.003915088560435217,-0.005555119359727945
ROU,ssp370,gfdl-esm4,-0.03840008814290414,-0.0023946656516043467,-0.0009411504417680971,-0.02392932070738127,-0.07955914087050792,-0.01350424022126729,-0.06129714250110223,-0.13244599778211577,-0.055538212291305906,-0.06872710188042916,-0.17608548678918504,-0.087253665215231,-0.23473318893490408,-0.2594638990623784,-0.2484499496323431,-0.26796814369996425,-0.2880321240555104
RUS,ssp370,gfdl-esm4,-0.023855608161627333,0.0016315647491106323,-0.08330565250459539,-0.06236459523633073,-0.16220285172046803,-0.04980265813389203,-0.05866448595657617,-0.1219933172145046,-0.11901327891821244,-0.0949186622142728,-0.13926485044374698,-0.14815135471926483,-0.10405482914697584,-0.14643888008026212,-0.08078470393157008,-0.1498297873429056,-0.13158739863716606
SAU,ssp370,gfdl-esm4,-0.007524349185173027,-0.011996206360233214,-0.019629649976585457,-0.01675487332664267,-0.016029169338971572,-0.01623998488590466,-0.01678880232058235,-0.017002049205013546,-0.0157980645222498,-0.017301258641632854,-0.017576823215373624,-0.01714129621364476,-0.015677964391218897,-0.017138999814154385,-0.015992059781856503,-0.015506797474665488,-0.015205629718830462
SRB,ssp370,gfdl-esm4,-0.07421128481655012,-0.02902200292200901,-0.004807211651012103,-0.040476586520573746,-0.16330991037075213,-0.0402981026624687,-0.09136577111938128,-0.14896664657425912,-0.07385196368780324,-0.03553830525290624,-0.22794136381341165,-0.07617177134047842,-0.28174560379775354,-0.3858342058029958,-0.3465047157226902,-0.3825676313436407,-0.43922075621592893
SVK,ssp370,gfdl-esm4,-0.033393678562188736,-0.0055572682745431345,0.00864323462034386,0.002247436109756732,-0.0208417311752525,0.00020237235334133718,-0.011712505763693152,-0.025906299033858073,-0.012056466970181645,-0.0013298090118692358,-0.0576997817125148,-0.012199977295198467,-0.02348159637370401,-0.05471882838761378,-0.032941354401709054,-0.02289480292856794,-0.062183970343061196
SVN,ssp370,gfdl-esm4,-0.007079036737018048,0.00011480928618123358,0.00015686084789243184,-0.0014374121358593686,-0.0039571384180601705,-0.0023586955941946545,-0.002175243242288407,-0.0030091354601426363,-0.0006961601883235256,-0.0015579501566924255,-0.009726731086769854,-0.0017737373526062192,-0.004625409888324602,-0.005916756194196975,-0.004423958252291299,-0.006143001198377246,-0.010822410169223752
SWE,ssp370,gfdl-esm4,-0.009895690375356349,-0.004995842326096258,0.0009603115684470525,0.00013623188455270233,0.0010560558171166935,-0.00233864796901722,-0.0021024502255874533,-0.009600881703533005,-0.0028498067738505052,-0.003158307489429196,-0.006201365870333056,-0.004797207145891702,-0.003023965176819075,-0.0051197125286058095,-0.0051450485389769665,-0.0028091307626971333,-0.004022872140188095
TJK,ssp370,gfdl-esm4,-0.052243942521465775,-0.04886338791112387,-0.06290080179632833,-0.0167393935548101,-0.020389308202015753,-0.04095721789086582,-0.10428031369906286,-0.02448175625277916,-0.04316125535199716,-0.02153672879607078,-0.03851902432183191,-0.028757283272639926,-0.01802715546913676,-0.027119715159520295,-0.02323536773040222,-0.028586803341683495,-0.010748495348908002
TKM,ssp370,gfdl-esm4,-0.03953335699505316,-0.07634549130818008,-0.10078635381903296,-0.06421141604626822,-0.045314649592197956,-0.08894006253752512,-0.09151401943580677,-0.05812852380170654,-0.061849413823032544,-0.05100955449884231,-0.06488529836887706,-0.06261811539951596,-0.05414893610468605,-0.05985494319192079,-0.051466626079028334,-0.05668189184520466,-0.04440170488214355
TUN,ssp370,gfdl-esm4,-0.06967850236490801,-0.04543763959141131,-0.045766811795887666,-0.06320646227070167,-0.05409626851256505,-0.03993381008662617,-0.017849857761155944,-0.002889692348448723,-0.04057650266485231,-0.02845966116501048,-0.058669365238134076,-0.02707225673320743,-0.037106364218293504,-0.050519895258153806,-0.04291712479437121,-0.03209617712202254,-0.04161318147178833
TUR,ssp370,gfdl-esm4,-0.006606628621239875,-0.004688314647903759,-0.0013212750315974005,-0.014326088277746273,-0.004254772365579325,-0.0035111857092543154,-0.014360466745370963,-0.017689409811239103,-0.014027960993012546,-0.015481257269837933,-0.013734214713051113,-0.01285183576011238,-0.013393244923828101,-0.018050018188680947,-0.01762522043548937,-0.014742595981758092,-0.01821118253231916
TZA,ssp370,gfdl-esm4,-0.00137757765153245,-0.002785265115018918,-0.0006507460160914256,-0.00030350834183464953,-0.0020055313076386273,-0.0017679042247176885,-0.0015720351567423303,-0.0007267673470784226,-0.0007753081691589074,-0.00200482993929857,-0.0007406076095777265,-0.0010769174448909972,-0.0008717340402575651,-0.0006014414608392475,-0.000907107811155252,-0.0006457455161889185,-0.0004713022307921837
UKR,ssp370,gfdl-esm4,-0.09294917391500107,0.03516616883834828,0.008224585158117114,-0.023334009533075566,-0.14323741985173777,-0.01799801090963181,-0.06776053804937546,-0.33467261353260946,-0.11822546116994237,-0.14160902834450076,-0.2006707921944335,-0.05721039666506368,-0.17574065984425546,-0.23091984812261004,-0.12031654567885024,-0.20182751383190334,-0.22084718504821596
URY,ssp370,gfdl-esm4,-0.009435591957777954,0.005943218685272776,0.011493589549408576,-0.02454427220666504,-0.011229088766569046,-0.02074930584223026,0.004062159319216378,-0.0165204243991761,0.002449206409452556,-0.009323465090909783,-0.010379073551844729,-0.01451276409287179,-0.0003805032898510899,-0.027531709985438947,-0.005580910266758781,-0.007604618068626631,-0.036568903730835364
USA,ssp370,gfdl-esm4,-0.0022418802939960024,-0.005598468606924859,-0.0004610064747119627,-0.0005372340035673627,-0.003867761289442849,-0.0041725813213907125,-0.003704487726283598,-0.004326120043710343,-0.005363084989301258,-0.004037711669633842,-0.011213489910225985,-0.005193724805090119,-0.004745501630866234,-0.006217144666362781,-0.005160606177276864,-0.00684890510379607,-0.006588241615290743
YEM,ssp370,gfdl-esm4,-0.016223107438259318,-0.0007000278407111463,-0.0018866965532559055,-0.0005563088298432161,-0.0007506790607931276,-0.004782980533518386,-0.002616871659068951,-5.69710795840793e-05,-0.002129895967744801,-0.0025391585683101937,-0.0006043011605444861,-0.0010688745943377442,-0.00199085516975849,-0.0014828221982454005,-0.0016796205990412066,-0.0013433200240165195,-0.0013990353312699272
ZAF,ssp370,gfdl-esm4,-0.008717483383195983,-0.0060198289635124734,-0.00637570075955385,-0.0029880326528486855,-0.004755928089071847,-0.009659308947514073,-0.0044542555927665,-0.01011682688033409,-0.009398904753419016,-0.018271027809426327,-0.010171633504850647,-0.008470005155292512,-0.009498039335231035,-0.012145246167041062,-0.014655987924952365,-0.009616061579399595,-0.012301783653868666
ZWE,ssp370,gfdl-esm4,-0.06476362399239124,-0.07604150293614043,-0.13658015790092473,-0.02080633291603835,-0.06396802144433665,-0.10577435706748677,-0.016241249739082905,-0.02061878985167745,-0.06807195476351013,-0.0651560838491847,-0.016040097689478068,-0.036452145415100314,-0.024419732859212312,-0.031241799260443258,-0.03848490427714237,-0.020936260704947394,-0.028352846858079164
ALB,ssp370,ipsl-cm6a-lr,0.0063993760585527954,0.0025123136694968694,-0.004214851602342706,0.0017829005288022063,-0.014601305910745476,-0.07688369197440584,-0.028640416370200542,-0.13056641730098678,-0.055688079511092434,-0.13093208219977528,-0.05995598639365517,-0.06888289169753742,-0.17473673209387416,-0.08558819473655824,-0.0891840293017971,-0.1401697574258023,-0.11095545608090383
ARG,ssp370,ipsl-cm6a-lr,-0.006023599564769918,-0.0016955646969930547,-0.0026690463860624286,-0.0003685799931566707,-0.00021738772680924377,-0.0013995239747270113,-0.0008646128670140179,-0.0007695410370696446,-0.0011269899529568277,-0.0017388198041848203,-0.0017732144959800215,-0.0014305031448210615,-0.0008951364566635101,-0.0013085296262927229,-0.0007920402427084329,-0.0009168506677144791,-0.001122437147592128
ARM,ssp370,ipsl-cm6a-lr,-0.0009343795719474244,-0.008986969969271667,-0.00961561130174201,-0.007477589026157158,-0.014421297751564569,-0.006936899908786843,-0.06393554055885523,-0.012566003220587426,-0.055439745945296576,-0.056003803199360165,-0.07067088682394884,-0.039421486781138604,-0.07333900594376318,-0.027129071091558377,-0.07342567577098016,-0.06140402159616492,-0.08616448640687477
AUS,ssp370,ipsl-cm6a-lr,-0.007348930325309753,-0.06542263732263777,-0.04981256623740757,-0.04526839868456842,-0.013169650093041116,-0.044940969905922445,-0.07721417243690763,-0.06085177768711389,-0.07213497375479294,-0.07812316050066266,-0.053852844003468625,-0.06610819456216945,-0.07127151932648025,-0.11072607322823215,-0.11512095769405986,-0.07153393933303401,-0.10247193464341113
AUT,ssp370,ipsl-cm6a-lr,-0.0020711357698028356,-0.00371993448616433,0.003735885043487275,-0.003933175513741638,-0.004098445043366827,-0.004362610547267091,-0.003558560676583311,-0.006639929776922536,0.00037493123066939185,-0.020831501207381378,-0.010286361091367078,-0.004360268504499279,-0.019119647236253798,-0.013629990709932151,-0.008545058550339964,-0.020887062257898346,-0.009141830668267842
AZE,ssp370,ipsl-cm6a-lr,-0.03305605640086904,-0.030191471873818557,-0.021553753045416787,-0.011303844883271736,-0.04924139790904632,-0.02517330484095847,-0.16958675770239418,-0.09514230456213332,-0.14152861352844928,-0.16528137181177185,-0.17973179165863615,-0.14840793873709254,-0.1725927464043469,-0.08942081315289242,-0.18368192809968562,-0.15479873329043262,-0.1611117527021344
BDI,ssp370,ipsl-cm6a-lr,-0.0037131846333174705,-0.004766286290758293,-0.002168743697768133,-0.0042636272108573835,-0.003039305152031234,-0.001764992654640621,-0.002703626415175439,-0.0013308383862489735,-0.0005560244145802727,-0.0015892718016512761,-0.001003158124421917,-0.0016648011088765307,-0.0015667945201980078,-0.003354381444145276,-0.0029832985742142756,-0.0018065377286908045,-0.0009209765742759228
BEL,ssp370,ipsl-cm6a-lr,-0.002134158015776772,-0.0005062065985219568,0.002987571185082439,-0.006160645239642571,5.506566242694619e-05,-0.001375916288722412,-0.0022588790214313516,-0.005416987991180359,0.00030982534408625066,-0.0038601583321402695,-0.004312450483636125,-0.0018356439248426097,-0.00255187688525248,-0.011318512821341139,-0.004437039352097961,-0.012840519450027957,-0.003996757002174904
BGD,ssp370,ipsl-cm6a-lr,-0.004477587574969925,-0.003356116691305235,-0.0006398619926760759,-0.004088359510153699,-0.0014866249571230587,-0.0024339206963516764,-0.003149463291258918,-0.0026818964787318498,-0.002437482685489185,-0.0021204903290827416,-0.001133979314544179,-0.003049857420072468,-0.0033299217214388275,-0.004766659760922857,-0.004166651398202406,-0.0034879195517201083,-0.0035411033042252525
BGR,ssp370,ipsl-cm6a-lr,-0.13151968603208414,-0.15254166217058565,-0.04996490803074563,-0.08145176083177937,-0.11042994670764844,-0.22144252447862356,-0.13426420530095254,-0.22569745204137423,-0.2647587957475331,-0.42995374569594313,-0.20663355948000792,-0.36282320387291644,-0.6537266328152008,-0.2624318479270805,-0.39747399759457114,-0.48377179680278176,-0.33237182549042166
BIH,ssp370,ipsl-cm6a-lr,-0.014387987014183331,-0.0029176860338211755,0.0032904634441436706,-0.043700277723711455,-0.015616741840738059,-0.06881554768331903,-0.009101649356301434,-0.06059737929006635,-0.039422313349205755,-0.06746187752791317,-0.07740715724697368,-0.024111435036136,-0.09242849596007452,-0.05219191001630227,-0.056197879692423264,-0.07625557370100991,-0.05451396463603509
BLR,ssp370,ipsl-cm6a-lr,-0.04718705939476482,-0.039541632593188526,-0.001016842907192842,-0.028050337516946664,-0.02234589135008134,-0.017682961021084607,-0.010000673937804941,-0.03146578811217525,-0.0192871995029886,-0.0722801735134123,-0.03473220977510005,-0.04108423751087322,-0.06708050881400734,-0.045691773244922164,-0.037281747221267654,-0.06958455560960167,-0.033519018073032536
BOL,ssp370,ipsl-cm6a-lr,-0.004150173743193628,-0.01134961717664727,-0.016311105335475806,-0.04143977916654286,-0.013281112431258357,-0.018315290744036233,-0.027804276891892635,-0.013812192616431842,-0.019076116184565114,-0.014916690672377978,-0.010126874363290395,-0.021358413721621623,-0.015478003712710468,-0.02476935079944437,-0.015991021241141577,-0.01714435908967372,-0.017483555552068843
BRA,ssp370,ipsl-cm6a-lr,-0.003721252932652932,-0.004864219461783529,-0.005136582069773482,-0.0028558836045707967,-0.002232336430825436,-0.0042237986341400625,-0.005002494358601735,-0.007097372097371028,-0.01706559167978774,-0.008768009463204648,-0.009747293634128832,-0.009254163385653266,-0.00766323264092137,-0.013913298109474368,-0.007798693084452072,-0.01540293723439012,-0.012050429748596604
BTN,ssp370,ipsl-cm6a-lr,0.00030389625724204934,-1.1171105185996221e-06,-4.944023951382789e-05,-0.0001349181794012358,-0.00019489023503242204,-3.2942362290197975e-05,-6.280351432360404e-05,-8.87697384699953e-05,-0.00014747367714404967,-0.0001829890140072876,-0.00030297543792469204,-0.000181258522679346,-0.0002328544510404263,-0.00017386674193209777,-0.00038595769648016383,-0.0002713335676057321,-0.00030195560970261014
CAN,ssp370,ipsl-cm6a-lr,0.01949186526180031,-0.014787380110540939,-0.02089640496656056,-0.048312098840955615,-0.09010171824666749,-0.07409106777336957,-0.04070122763125192,-0.03641515581961039,-0.0527386588736993,-0.06636902184669811,-0.06697438977764722,-0.04710912312797394,-0.08243496850430516,-0.07343762011533718,-0.060282640964382385,-0.06783189719529185,-0.0676245343532391
CHE,ssp370,ipsl-cm6a-lr,-0.0010856337462817386,7.04075728664493e-05,0.0007658457185354872,-0.0021547313572902816,-0.0023347375684990485,-0.0023927445025242436,-0.0026090580195468854,-0.0033371434966706043,-6.267298653679064e-05,-0.004387587768682108,-0.006452534879768766,-0.0024640929621687654,-0.005870392021648129,-0.006918016262801943,-0.003218126663088072,-0.010642806232949173,-0.0035210125879276775
CHL,ssp370,ipsl-cm6a-lr,-0.0029835506952304415,0.0005182491334792292,-0.003374177084232005,-0.003260780716450196,-0.003128060089979274,-0.004888621054756851,-0.004261534595834517,-0.008216521288738761,-0.004708668877627762,-0.010191788769604826,-0.008726204670602216,-0.0045996045832898316,-0.007468425532664552,-0.005394610904019746,-0.007129987778143743,-0.008590019616123813,-0.008864828368479788
CHN,ssp370,ipsl-cm6a-lr,-0.049508484359763905,-0.009476670296384222,-0.010528419811695205,-0.01340108128033924,-0.013486553874163018,-0.00567491199370493,-0.026706205484035565,-0.019304869550390635,-0.03275818258721181,-0.04611927665412167,-0.024719969149944374,-0.04736189402583228,-0.03151621175797306,-0.04336148491051386,-0.0505418169566194,-0.04270153400704014,-0.06366760581771086
CZE,ssp370,ipsl-cm6a-lr,-0.012376883066577256,-0.014638569274669404,0.02633105469769777,-0.01479391570297521,-0.020597355142868506,-0.015875595384263964,-0.025235099644177826,-0.029827953308173966,-0.0018948461775898872,-0.11162528320118766,-0.03959152415221099,-0.01899066269183218,-0.06676820964528081,-0.05343224859359875,-0.024543802930123603,-0.09474821376118638,-0.031195952876842053
DEU,ssp370,ipsl-cm6a-lr,-0.005277535151469351,-0.00043294251882758134,0.006105702349851589,-0.008468549152340387,-0.00398240369620205,-0.002988186367417799,-0.006483648511111129,-0.009959573258140893,-0.000569352917922021,-0.030876515949837036,-0.016290820136153246,-0.0070494937945785475,-0.013738065311966153,-0.024934660132512294,-0.011974404934354865,-0.033816356907809424,-0.013492353667902298
DNK,ssp370,ipsl-cm6a-lr,-0.03140651300160639,0.001432457987251419,0.004700331610842623,-0.006033234973743166,-0.0019395201387941326,-0.0031499863241293523,-0.00627964096034774,-0.005833774752262601,-0.003546453536368799,-0.010367915665243468,-0.007464823925545556,-0.013133971543437855,-0.00885068559013061,-0.02949003028916286,-0.010820545522122001,-0.015489413866805479,-0.013148733291698581
DZA,ssp370,ipsl-cm6a-lr,0.006003194347256845,-0.0532349651022933,-0.08602622045711117,-0.0016714018573254475,-0.03657220428757357,-0.09321451551969516,-0.11763253071282492,-0.07654195944440778,-0.08438687672391176,-0.07716552257630492,-0.08105250082055052,-0.043182855697902166,-0.08723092968380382,-0.07357673730117187,-0.07411761761644899,-0.0683279915646602,-0.06729545337051239
ECU,ssp370,ipsl-cm6a-lr,-0.0003219950246754749,-0.0002923095638722666,-0.00027147038162315913,-0.00033702995943113233,-0.00022736871043460178,-0.00032867431502217387,-0.0003350393556688518,-0.00029988537842815763,-0.00026397219960046475,-0.00027098433538673145,-0.00033475995956462986,-0.00028546227230962743,-0.0004094161399749995,-0.00027857659499930937,-0.00025999809959369375,-0.00033917573819420004,-0.0002968599621292453
EGY,ssp370,ipsl-cm6a-lr,-0.01732101304774207,-0.01090150330996599,0.004476121222971379,-0.004266067571542735,-0.007016092708563182,-0.005241857900021228,-0.005726591426631917,-0.00770912217221554,-0.0058316443908046885,-0.00818398000138081,-0.005038625827121494,-0.006187326203484593,-0.004682304843876393,-0.005235748266374461,-0.006126223637465946,-0.005672033456070902,-0.006570712008593868
ERI,ssp370,ipsl-cm6a-lr,-0.09279234034246964,-0.18849397606860416,-0.053566773619509296,-0.24416725847857065,-0.35691031400210493,-0.24019747902887914,-0.23684924181063055,-0.3300147799301398,-0.11117412487204352,-0.2672502310903637,-0.264340383571164,-0.36112889011038063,-0.2349795758079133,-0.3307287481317843,-0.3764174264508824,-0.2449046246178603,-0.3243863276123709
ESP,ssp370,ipsl-cm6a-lr,-0.0063560617686804054,-0.012861912645013946,-0.017892915829019907,-0.008270055496671383,-0.02021149217221121,-0.0289982963921441,-0.018079999731962827,-0.01440169915224737,-0.03645892052558457,-0.034437842675799274,-0.047287688994524825,-0.029776368735299194,-0.04480571390390856,-0.037368602845023746,-0.038480226668641905,-0.043233656864238745,-0.036963055305167615
EST,ssp370,ipsl-cm6a-lr,-0.031434304765608025,-0.052409617739925016,-0.004089518733528047,-0.03458093981495675,-0.032384381673793455,-0.019386649084219644,-0.005944064795804381,-0.022368606918788513,-0.03251884158184729,-0.057644809762327096,-0.023076047214344485,-0.03401513792100168,-0.0368859387061856,-0.11575444250984174,-0.055106639791934454,-0.10362646935836604,-0.0632082969039237
ETH,ssp370,ipsl-cm6a-lr,-0.07518935955003972,-0.05803453207786494,-0.021746135611862533,-0.05629276663776283,-0.052152469336023924,-0.03639766189159692,-0.032114221306832565,-0.03627819880007945,-0.02411822015176377,-0.029859476609369474,-0.030054718192409822,-0.024808351602431174,-0.020748982489914726,-0.024597228227303158,-0.023727162954749918,-0.02178353813403289,-0.02074619744817727
FIN,ssp370,ipsl-cm6a-lr,0.00303265027766108,-0.001106510408589491,-0.0013436704339897423,-0.004555254276351079,-0.00335901977988569,-0.009092184140204605,-0.0012264043714569357,-0.002409991350603463,-0.005683820158590468,-0.004586146590859521,-0.0035957064221848016,-0.006367904335672056,-0.0038873610861070674,-0.012144485150565378,-0.006415790172961909,-0.006925091480930158,-0.008590314687378716
FRA,ssp370,ipsl-cm6a-lr,-0.006925250476157544,0.0043133031571109025,0.007254417086395414,-0.02059325494672153,-0.010867971803582874,-0.006077193178096295,-0.01386310381698995,-0.019806537261017526,-0.0070249431085622205,-0.04038047989691305,-0.042436644374683107,-0.02312001541321393,-0.02942695192029339,-0.04361522014303891,-0.021087013613052066,-0.0499257687674675,-0.03168993058692659
GBR,ssp370,ipsl-cm6a-lr,-0.0003660092436852919,0.0003069812856155028,0.0024393420928559006,-0.009310435638795085,-0.002154903354183269,-0.00011462996675345044,-0.003466222001071825,-0.014263215984546983,-0.0006973029297451602,-0.004257574622216049,-0.0022188670793521705,-0.007865085739689312,-0.007661428157616396,-0.011219243893125628,-0.0046553524173099815,-0.011446072648298306,-0.002994135713440524
GEO,ssp370,ipsl-cm6a-lr,-0.003814673480143231,-0.006241546232727803,-0.008462959397012488,-0.0023258818016824666,-0.009339685790265116,-0.0046179826523905995,-0.01602924798556457,-0.008493791064359657,-0.01348224055851625,-0.026443220172226514,-0.013156554736430133,-0.015353106065292223,-0.016385843510531607,-0.01006615610066735,-0.020528309178793586,-0.017083077706926898,-0.02733634142249766
GRC,ssp370,ipsl-cm6a-lr,0.0022885873420857247,-0.001001179477189636,-0.0033543748438498427,0.0004406075031216885,-0.0030947802424130325,-0.018300869928026854,-0.009771402207085455,-0.01929356809913123,-0.016314444330837834,-0.02945954627499547,-0.01369596653236341,-0.01591642034253694,-0.036527646947352777,-0.020619266369251064,-0.025859344829734482,-0.028468240308186954,-0.029309542505742518
HND,ssp370,ipsl-cm6a-lr,-4.142326708659067e-06,-7.328511524352893e-05,-2.02781524723441e-05,-7.214004189309202e-05,-2.1864781705506877e-05,-2.27085571767409e-05,-4.91688137559126e-05,-2.7330908660174285e-05,-4.244748670673069e-05,-6.207960267336937e-05,-6.166229753243077e-05,-5.353305566292999e-05,-4.8727630608825584e-05,-4.9212814226008986e-05,-4.5306596404037237e-05,-4.024993312968531e-05,-4.0582264971715886e-05
HRV,ssp370,ipsl-cm6a-lr,-0.013000607632321018,-0.07677197128669623,0.07332036162482583,-0.47760985620614055,-0.19726634235861926,-0.37971097290629047,-0.08904359068385251,-0.7174211347007473,-0.31218639195578135,-0.7911886655554611,-0.9392941958229557,-0.3140639413813354,-1.121992548126149,-0.8194869093067929,-0.7724936664146009,-1.0221360597666267,-0.6939166328303509
HUN,ssp370,ipsl-cm6a-lr,-0.016308034965508155,-0.024876221016101752,0.014783540022063939,-0.05403109584218578,-0.04344110936513803,-0.03666360035412721,-0.015266869640810567,-0.10488056959395031,-0.04088598243002934,-0.13188174150109,-0.11342045712988555,-0.055494835202283675,-0.14871859714167518,-0.09526574848300502,-0.08552832863714314,-0.13134669468960633,-0.07758754032103983
IND,ssp370,ipsl-cm6a-lr,-0.017111921370865292,-0.030068114619640044,-0.011688320727921619,-0.04420813296042692,-0.005312054475208827,-0.018210620420258755,-0.02360004183401067,-0.0352684777128085,-0.04088417016151765,-0.027117256386480246,-0.024051761551854664,-0.034752118024510004,-0.034399266197988575,-0.060384266228380404,-0.059859297497001585,-0.05399503874931395,-0.05675918686763537
IRL,ssp370,ipsl-cm6a-lr,-0.0005889479713924104,0.0002792495273131643,0.0002985002301343179,-0.0008382895128985299,-0.0009565353047657412,-0.000978424350520182,-0.0018630743090129996,-0.00021881945159383614,8.07550300076082e-05,-0.0013508606618600485,-0.0004786694713221606,-0.0017984253546428066,7.184704033711693e-05,-0.002687797839019723,-0.002253586013043987,-0.00248312933867648,-0.002094814821457789
IRN,ssp370,ipsl-cm6a-lr,-0.025627530913127618,-0.004564815017751182,-0.008223614009824725,-0.004401093820435443,-0.009805905604335495,-0.006671713511387173,-0.012699971891656515,-0.007428225966574972,-0.01226923737822139,-0.011109814738011863,-0.013873320749442544,-0.009781220337365918,-0.012550250130662785,-0.008196796632134405,-0.013604157707179322,-0.012785396481059256,-0.012466292281291029
IRQ,ssp370,ipsl-cm6a-lr,-0.15695287144408293,-0.02631143929904775,-0.049228476053765194,-0.008176662242586624,-0.11400615930460453,-0.04256964024001355,-0.10419398676927243,-0.06290223765901254,-0.09315457850637765,-0.09055765690188686,-0.08784251616357151,-0.07851554882461344,-0.0861746926339896,-0.062122733421173915,-0.07016458233448526,-0.0628352817646921,-0.05905704320406299
ISR,ssp370,ipsl-cm6a-lr,-0.0002902738123637524,-0.0003834813244658104,-0.00010091226895175548,-0.0003077294213956005,-0.0010658445459217193,-0.000369453128665513,-0.0007898697722025016,-0.00101888732670996,-0.0009379480206318503,-0.0009381443442252517,-0.0006850122016334663,-0.0007621742936489183,-0.0006393852845428436,-0.00027863516723858323,-0.000539254771735461,-0.0004885615759790244,-0.0004903778249094949
ITA,ssp370,ipsl-cm6a-lr,-0.002068635534409757,-0.0006195468613817679,-0.0020163104509357175,-0.001172952666921745,-0.006092510864519317,-0.015401352645787871,-0.00894514130664248,-0.015628254268867808,-0.010661366454489181,-0.018003928680214304,-0.020983584382861607,-0.008801794479319697,-0.025374016794213777,-0.0179937092137478,-0.018930685928469988,-0.02285485542605235,-0.016483856612406398
JOR,ssp370,ipsl-cm6a-lr,-0.0017920730111590894,-0.0021762240105057213,-0.0018678641098205683,-0.0014503537330153434,-0.006562830693752038,-0.001679707211776974,-0.005402037953097985,-0.004569122973034192,-0.004235194667158234,-0.004059718638714973,-0.0032136105673876312,-0.003250629642324779,-0.0027930755950792423,-0.0011223485561425441,-0.002357905676392174,-0.0021291959408978943,-0.0021645062520887076
JPN,ssp370,ipsl-cm6a-lr,-6.60900419312258e-05,-1.836996692445484e-05,-7.674385789937194e-05,-3.723949905772614e-05,7.955661713970346e-05,-9.103622113449888e-05,-0.00015713888935011747,7.58400353497922e-06,-7.678185894617974e-05,-0.00032366210708742053,-0.00014311738701206113,-0.00018903376451950244,-0.0002673710268083785,-0.00025540163197831754,-0.00026551406876613217,-0.0004046798857654498,-0.0006103612336061359
KAZ,ssp370,ipsl-cm6a-lr,-0.015041556876915822,-0.024890449327121457,-0.03436998264486125,-0.004482633399250817,-0.08461311782317188,-0.027753094963990546,-0.06996622378258252,-0.08934250599383653,-0.1179478725824016,-0.1576415012873202,-0.11517671607141611,-0.14257055153914097,-0.08312796032855765,-0.12579241229424054,-0.17122044487028582,-0.15930756847421715,-0.15005997473558316
KEN,ssp370,ipsl-cm6a-lr,-0.004308931286495755,-0.004439936548429347,-0.007470254819154357,-0.006013144653388041,-0.004665898906842866,-0.0043593839868054434,-0.0047633541971575976,-0.005403495779411136,-0.004450002784564705,-0.005236421708910985,-0.0036732131722318063,-0.004485189703813876,-0.0026136634082467958,-0.004041877825849973,-0.003924784175173836,-0.0033744459164507965,-0.0033272006028541514
KGZ,ssp370,ipsl-cm6a-lr,-0.41354401871130225,-0.057248005632424354,-0.07712820310009774,-0.022105199035585173,-0.04049701957753734,-0.038019449008293134,-0.08597769316974663,-0.048664933280735456,-0.10638289855505281,-0.05949537296415118,-0.0419346611886322,-0.06218024704510416,-0.04424904228178487,-0.04081619386458316,-0.06064258799228608,-0.04572075515871698,-0.06711583841849404
KOR,ssp370,ipsl-cm6a-lr,1.3587691036715312e-06,-3.6114095369936036e-05,1.3414154838561844e-05,1.6372938711652533e-05,-3.7052053689922114e-05,-6.073570256986891e-05,-3.721682562904066e-05,-1.9112463246532696e-05,-3.946929955273747e-05,-8.97172822006497e-05,-2.1565340255681355e-05,-6.907529526658039e-05,-0.00010224011435429053,-9.063747606902422e-05,-9.677210277318596e-05,-8.679055894229353e-05,-0.00011820497670477577
LBN,ssp370,ipsl-cm6a-lr,-0.00048648041176126155,-5.5679646525041166e-05,5.639577595884731e-06,-8.603778975246625e-05,-0.00027694718383911666,-5.462062204790368e-05,-0.00010433254344474189,-0.00010080964181510112,-0.00018748685520175056,-0.0001868858499525591,-5.244290351449813e-05,-0.00016174470107089875,-5.3418189579341594e-05,-6.207278174061638e-05,-4.7695920706246144e-05,-0.00012907004558342712,-0.00012814062342362758
LTU,ssp370,ipsl-cm6a-lr,-0.3516545804329564,-0.1970798985375927,0.0274013042397421,-0.1266870263070917,-0.12222538496156614,-0.02624956530284313,-0.09421913497672317,-0.15878579108279875,-0.15604663537419197,-0.48000001571717416,-0.13679456396576134,-0.21298285411848447,-0.2711055518075278,-0.5570725053006981,-0.3531164083286323,-0.7616439734379298,-0.39448296075594924
LVA,ssp370,ipsl-cm6a-lr,-0.2955861996895266,-0.1948652382831149,0.004059077136578236,-0.100222494375337,-0.10930467342177784,-0.02398082841359421,-0.05672420342525499,-0.10241827767566458,-0.13191527953885018,-0.36110443413128074,-0.11367704528116042,-0.1538278991987097,-0.18732275927424075,-0.5527651210585067,-0.26940084081835747,-0.5575188307341004,-0.3239776901243929
MAR,ssp370,ipsl-cm6a-lr,-0.010228105614642238,-0.046581676591772384,-0.07998369539467814,-0.014493391566578702,-0.06436117979976566,-0.05051803102979936,-0.05968875483007153,-0.048922969440874736,-0.05531946168467152,-0.03614736860177428,-0.035965300404748685,-0.01748526929262573,-0.048917136323596275,-0.04120934171428602,-0.03933224619240189,-0.04278619096939882,-0.04013303603025791
MDA,ssp370,ipsl-cm6a-lr,-0.11157300118054331,-0.14906029026789347,0.0016190519314993154,-0.07811914761307812,-0.08379876568881396,-0.12727901894111968,-0.07660491260971979,-0.13589064097832484,-0.10850928482333524,-0.25590930722876276,-0.20229347176739165,-0.2339409454232629,-0.42080986448963964,-0.23888948049500128,-0.24461681791053463,-0.3278176622780447,-0.23886556470860346
MEX,ssp370,ipsl-cm6a-lr,-0.008041776829081098,-0.005648013329880046,-0.0055902141325899265,-0.004127149899408847,-0.004416927622704059,-0.005712377006083454,-0.008512222185590059,-0.0074618348807746135,-0.0042036392052413815,-0.005722493747654109,-0.00847904092319065,-0.009393064495076906,-0.008062576291096335,-0.010100645022479017,-0.009096282254253824,-0.00906017818847291,-0.008767280871618977
MKD,ssp370,ipsl-cm6a-lr,0.0034413921836152256,2.834219076316013e-06,0.001771985826455676,0.004425962953551196,-0.005910512818170973,-0.04062601323897185,-0.010974874345353516,-0.051163634319208486,-0.05490821485620868,-0.07468321045903817,-0.023511243456129035,-0.02763289303481673,-0.09112076579366082,-0.042101343194860016,-0.057811611397364446,-0.07411690289085021,-0.06222386223880276
MLI,ssp370,ipsl-cm6a-lr,-0.007551560918066288,-0.02431073899336962,-0.01813779658163043,-0.015619105348398622,-0.014056524714524246,-0.011205306744111356,-0.009486450053425334,-0.008583902162881168,-0.0070245695444598735,-0.00605553690482579,-0.0053811390616635545,-0.005088855197053747,-0.004249533476319158,-0.004211168436055172,-0.00373142464197496,-0.00312409786221837,-0.003123178329369426
MNG,ssp370,ipsl-cm6a-lr,-0.061046502915474476,-0.06154207936077857,-0.0666194205447505,-0.016131535803744365,-0.07352856664124119,-0.015463615376542054,-0.0482053159900702,-0.06049872820739045,-0.055837311526261146,-0.04701980884429984,-0.04620169231730349,-0.039758067445781926,-0.046967662448152446,-0.03924194421973648,-0.035646836292662354,-0.037208831504185365,-0.033186592128511064
MOZ,ssp370,ipsl-cm6a-lr,-0.0005556912590714514,-0.0010003897717594295,-0.001187162802907631,-0.0021917964823344816,-0.001103285251606907,-0.0011303451044489543,-0.00143110626811477,-0.0004965127850108181,-0.0005374603099612332,-0.00045545588770977896,-0.0006060922082980369,-0.0004611973229976365,-0.0013076682636379649,-0.0005544464975656821,-0.0004300201715855492,-0.0005347734633912371,-0.00040225896295939724
NGA,ssp370,ipsl-cm6a-lr,-4.25986453450076e-05,-0.0004641186418139937,-0.00014040103429232903,-0.00021035878163467472,-0.00023885423304155262,-0.0001607814158384338,-0.00023103583188203685,-0.00017687507924093475,-7.376374838574086e-05,-8.958178163308236e-05,-9.526705028716531e-05,-0.000101579135247696,-6.113791338592043e-05,-7.661994823818413e-05,-6.324420385692245e-05,-5.247126737467713e-05,-5.089104821339205e-05
NLD,ssp370,ipsl-cm6a-lr,-0.0008937126292047964,0.00010740748209646907,0.0007904187114990409,-0.001764178170349311,-0.00034625604473700373,-0.000808855787979612,-0.0009492598072553979,-0.001812999686419453,-0.00019195726207925365,-0.0013847953067403838,-0.0014328628877746641,-0.0005507969502162469,-0.0007432336704147443,-0.0032582099402440417,-0.0016821331173095973,-0.0029592742422552467,-0.0011639546316163025
NOR,ssp370,ipsl-cm6a-lr,-0.0018678564291529848,0.00033750609154905995,0.001122942316298227,-0.0022635816389620267,-0.0019215836300805285,-0.001963589785706513,-0.0012439545914942605,-0.0019098879306000752,-0.0010529844375964856,-0.002541917867558931,-0.006203508807618921,-0.0018220121268532662,-0.0019876069810514647,-0.004826217102344752,-0.0029304224533258432,-0.0028421414594149417,-0.0032059319852074386
NPL,ssp370,ipsl-cm6a-lr,-0.11603235737362207,-0.07432181551313267,-0.016464343932010184,-0.15978052018820313,-0.059776268770474913,-0.06875051332100698,-0.10239416745588831,-0.12382699246639209,-0.10266205299216148,-0.10750572137412856,-0.0925733121981594,-0.114058036989664,-0.10577813219130061,-0.1384174070890804,-0.16763323480735245,-0.12560426465083172,-0.12967607175077078
NZL,ssp370,ipsl-cm6a-lr,0.001263915843898872,0.000734659837401457,-0.00046465310737321317,-0.00044430380299040985,-0.002016476435378319,-0.0003740178208887296,-0.001166248505645857,-0.00016223699854040215,-0.0013607786152265708,-0.0011997576033134095,-0.0011956742926029515,-0.000945070412252611,-0.0008102899094252653,-0.0012288560282879143,-0.0014776107379427237,-0.0034380698988853067,-0.0018902831793438202
PAK,ssp370,ipsl-cm6a-lr,-0.08754174628868987,-0.04717264824607972,-0.033261155640762624,-0.040347279210601564,-0.012429117654246279,-0.039903606969118044,-0.03671769969599059,-0.04567747467908441,-0.040160678689495924,-0.03125539332572702,-0.025413830669380917,-0.031788402590140125,-0.029055466269982275,-0.03534498290169483,-0.04148857779882749,-0.03626661839202907,-0.038189048799452105
PER,ssp370,ipsl-cm6a-lr,-0.000381365946336161,-0.0013530477676584655,-0.002810215574748101,-0.0021055758386459775,-0.002640272780664249,-0.0021438646651578677,-0.001757408341430296,-0.001433080185403848,-0.0008439729885909593,-0.0013804846561407671,-0.0014833803806834623,-0.0022724051954520455,-0.0030311113765060663,-0.0018195844671029956,-0.0017466784971948233,-0.0019490552118619651,-0.0016931082197333054
POL,ssp370,ipsl-cm6a-lr,-0.01878044097473745,-0.022145686950538805,0.01734460875597959,-0.03100689953562186,-0.016506078459171618,-0.019702794070356796,-0.014586936373863447,-0.03443861865752393,-0.01774189389834398,-0.10272303347969526,-0.03870446949246918,-0.04102209658559792,-0.07007076092109943,-0.05467948202978343,-0.0432805419272428,-0.10438524939957589,-0.046453114060706055
PRT,ssp370,ipsl-cm6a-lr,-0.00025817707671131954,-0.0004497462891629204,-0.000830081226843038,-0.0011018950637523683,-0.0010099297448611458,-0.0017043368654584333,-0.0006073829510975989,-0.001241024178548809,-0.0014976220260449864,-0.0007733733108980314,-0.002170375971356059,-0.001375763232221914,-0.0020725151275135553,-0.0013840786462162506,-0.0019150644917454822,-0.0020572336592204034,-0.0017991139382866114
PRY,ssp370,ipsl-cm6a-lr,-0.025473669528246364,-0.01131005503338323,-0.013062780014924603,-0.006107779236527818,-0.0026526569706658383,-0.01064120760786757,-0.007237409148260004,-0.009847682063737281,-0.027889494186389998,-0.020913853568266107,-0.014739019333420965,-0.007691947078604821,-0.010824715513326534,-0.01927462353579296,-0.007557673234998656,-0.018208055497417653,-0.009236798018318847
ROU,ssp370,ipsl-cm6a-lr,-0.040376036023216016,-0.06112529145162729,-0.01079431248928589,-0.032492567386458976,-0.050272545639164806,-0.08899013190576206,-0.048330392202035645,-0.11058855135742558,-0.08365449472679473,-0.21767819979351227,-0.1278740497562534,-0.19062283958658077,-0.33360691442405405,-0.15188432409194078,-0.19343475223016704,-0.30737257862438117,-0.1703986477444094
RUS,ssp370,ipsl-cm6a-lr,-0.09570304082490699,-0.06728036666898046,-0.024458523063672057,-0.034438013100118556,-0.15473036571947135,-0.06473613407766528,-0.09442437077300464,-0.1198448560467192,-0.1425973206134239,-0.23083374138025822,-0.15204877161953645,-0.17495589248980037,-0.20946053781233906,-0.18384277149480382,-0.2672387005905583,-0.2301281002056687,-0.21519324418421112
SAU,ssp370,ipsl-cm6a-lr,-0.009804387222401392,-0.018352946663866946,-0.018622979676185453,-0.015378423898354348,-0.018603898238313595,-0.01694904254180101,-0.017731917479794003,-0.016551282714241146,-0.01745820389581291,-0.01834422098363737,-0.018265093857922878,-0.017208144883290234,-0.01912217376371972,-0.01796412510136215,-0.018305934728388422,-0.018416998265406166,-0.016769774925822763
SRB,ssp370,ipsl-cm6a-lr,0.006495716911682503,-0.016333236388801062,0.020782481114955235,-0.10513040169136724,-0.09079912899744165,-0.17222007739989792,-0.030615965996771466,-0.22712739714842908,-0.1594347940094443,-0.40013609628639435,-0.2854982637664003,-0.15254179811688331,-0.475771129134976,-0.20614178592459304,-0.24716997675356023,-0.4085506481152545,-0.2511204542733132
SVK,ssp370,ipsl-cm6a-lr,-0.014396464833022258,-0.02018970595959238,0.012296972255225315,-0.03468030327958337,-0.01959758980562436,-0.017407369820229966,-0.010624466284120112,-0.04201463559093308,-0.002991391247970977,-0.07237774075196951,-0.04122423747904788,-0.024748841680500632,-0.07321458743066453,-0.04876308364040209,-0.030505985949511732,-0.06895511706187085,-0.02623518193251752
SVN,ssp370,ipsl-cm6a-lr,-0.0006322477663223774,-0.0006411238059158277,0.002031345859704626,-0.0026039133117958897,-0.0011039144114832423,-0.0020654703907571586,-0.0014700618328996923,-0.005000845855258925,-0.0006749900267969992,-0.007399320212596547,-0.008504610027312601,-0.0027063353533387153,-0.016731164209634566,-0.010705442016681143,-0.007208801704510322,-0.011341981002924557,-0.00574442405107038
SWE,ssp370,ipsl-cm6a-lr,-0.0023867437491954945,-0.002429592981266425,0.001168135606935739,-0.00427871687786959,-0.0024987726792094645,-0.0016244172364847894,-0.0026086282502182263,-0.004007920167108551,-0.004472592603037605,-0.006437013550041744,-0.007205529893525998,-0.0048663059921039906,-0.003891519156369493,-0.015694582665986907,-0.00663451945777632,-0.0123149280509205,-0.009247145995139015
TJK,ssp370,ipsl-cm6a-lr,-0.15797073857116892,-0.04289860044189529,-0.050570681491695434,-0.03426949661629871,-0.038617427701164615,-0.027654886122397998,-0.07353805526157495,-0.02914997654922182,-0.0672053877654029,-0.05067508967138793,-0.02647840163104733,-0.029815205068532913,-0.026090888379499706,-0.020253207469625775,-0.030320290100173522,-0.03409357327162704,-0.03365253611761104
TKM,ssp370,ipsl-cm6a-lr,-0.12104975958326508,-0.056470566100137634,-0.0787366232486569,-0.02178537096327448,-0.09769705149948676,-0.02669204528870046,-0.08725493942596668,-0.06728090184112187,-0.0720090225018763,-0.07225018278875929,-0.06395438058822171,-0.05948764973982144,-0.06258901641092908,-0.05993406635301997,-0.06660912062476056,-0.0665687767073702,-0.06535942003831824
TUN,ssp370,ipsl-cm6a-lr,0.023511482563038675,-0.031889033125097485,-0.04134220312642021,-0.010455355444468534,-0.004870103314693758,-0.04979997868717039,-0.04957566325439742,-0.03097281900184105,-0.027301085825276596,-0.029818922321921446,-0.027268347220537024,-0.020696039167707965,-0.03640011574369418,-0.03320058086791689,-0.04577268200235686,-0.04131192222253077,-0.04237681737819729
TUR,ssp370,ipsl-cm6a-lr,-0.005367174297140631,-0.0008766620448793068,-0.0012996243285441705,-0.0010568428942720415,-0.004403080867211488,-0.003964712076131029,-0.009542409558040837,-0.006044374495327895,-0.012613589409641432,-0.013187486180338366,-0.00948042352279972,-0.014236750461235988,-0.015535046306908284,-0.009134505729843149,-0.015347826086233944,-0.0174350085087923,-0.019544144931735168
TZA,ssp370,ipsl-cm6a-lr,-0.0004695723677680962,-0.00333881611859457,-0.0018410225484499364,-0.002453473036856356,-0.001312887573684633,-0.0010851906541456315,-0.0014217070551035195,-0.00126949624017994,-0.0006967310262908733,-0.0019155046751584439,-0.0006418302522065701,-0.0016042307827250546,-0.0008202923003151081,-0.0012462153762317746,-0.0011526036961490016,-0.0006572323833842264,-0.0008062992796977654
UKR,ssp370,ipsl-cm6a-lr,-0.3888988792043685,-0.21521382373406706,0.014162582299195576,-0.10457751256887224,-0.13310749566055952,-0.17235713031043431,-0.12503881560674304,-0.1650424222802911,-0.16408567689974876,-0.36510987530735645,-0.2288776544554536,-0.24056558871100664,-0.41395635644887835,-0.26165184217103216,-0.26783305936489005,-0.35161278715234356,-0.18786032087273455
URY,ssp370,ipsl-cm6a-lr,-0.018043579311444725,-0.020589533378610067,-0.037575702240940125,-0.006735092719671003,-0.0002855748519174356,-0.017489853535294676,-0.015670920827870766,-0.009274292291623158,-0.01621063807313621,-0.0029547594134407855,-0.03947504872820704,-0.0426048801095365,-0.01662559406098826,-0.02197185931281094,-0.011315137431764117,-0.013623186143700998,-0.021354790049674215
USA,ssp370,ipsl-cm6a-lr,-0.004456509704570886,-0.00302865246490263,-0.005652851263808309,-0.0028362074320549997,-0.005364940531209648,-0.007069616413257037,-0.0022514787544549645,-0.003956001109925748,-0.008772162312394303,-0.006124372082302446,-0.008864509704500423,-0.006578660880629052,-0.011472874063979434,-0.007036451647780139,-0.007384711353090404,-0.010234841232415763,-0.008547696377150063
YEM,ssp370,ipsl-cm6a-lr,-0.004499407062198288,-0.006145159127446331,-0.0015346243734453157,-0.007469251656575547,-0.005919578720260901,-0.005014745423901412,-0.003787334369775182,-0.003925894738999751,-0.0028849735961844394,-0.0026738751458593585,-0.0020884247246530274,-0.002267179652814528,-0.0018030187003964073,-0.0019247741112770641,-0.001800756471248309,-0.0014855847415978461,-0.0015672681310133583
ZAF,ssp370,ipsl-cm6a-lr,-0.02259396445153725,-0.02236430529189509,-0.027301686757230447,-0.006541990975312296,-0.007960814376548407,-0.01551574327069008,-0.019661847504593898,-0.005852832062856884,-0.008275129593810857,-0.007039892538140207,-0.019323621740876828,-0.014637367316677266,-0.015471287491744645,-0.015728868101263966,-0.015783868934113494,-0.014941749969709173,-0.014178135800143859
ZWE,ssp370,ipsl-cm6a-lr,-0.04685307037161371,-0.059387757353337185,-0.07471706701778576,-0.06719612713195625,-0.08451873316299165,-0.05134329455527616,-0.05995753308956609,-0.03512940168910254,-0.040399873042673166,-0.02601370218812711,-0.04169565637778154,-0.022577423208920047,-0.043194985759181896,-0.038481410145421724,-0.03294046620401118,-0.031123112556338844,-0.030378853640273866
ALB,ssp370,mpi-esm1-2-hr,-0.1298969887548111,0.03090223476421071,-0.04611622347259638,-0.018311101004746526,-0.06615268079830587,-0.017527996540873045,-0.13938376441001507,-0.17491493531605337,-0.008643904705115309,-0.20433363935175372,-0.024007947782983607,-0.1278806400971938,-0.03506883613599605,-0.12524663806731437,-0.1367538089064692,-0.13497581218999458,-0.14911258848469786
ARG,ssp370,mpi-esm1-2-hr,-0.011244342353732105,-0.002626508311800565,0.0005306420304095115,-0.0012736669482413762,-0.0004424273700908741,0.0002079074775291848,-0.0030891807466391845,-0.0014748956692271823,-0.001778178922391263,-0.0011718381086345704,-0.0015865388651009468,-0.0009369547133168473,-0.0008845593819496812,-0.0014921715751892853,-0.0008368413140310296,-0.001204154657135876,-0.001923907875953835
ARM,ssp370,mpi-esm1-2-hr,-0.005524758757494605,-0.015074892453462147,-0.0019004926878255263,-0.0035230812512864283,-0.008197630913682481,-0.020675464739444614,-0.00281493088753575,-0.053217117399998445,-0.022619558235524855,-0.05831546553948694,-0.08635927327354563,-0.036700082182216334,-0.06161956386251172,-0.019197558219595533,-0.04840289894411736,-0.05819037202209521,-0.04149046474600383
AUS,ssp370,mpi-esm1-2-hr,-0.001525300058940466,-0.02161067111326082,-0.009056206509137993,-0.06150435340054205,-0.0395209329497568,-0.00805707702473935,-0.031420747933894204,-0.06367634788245576,-0.03260040765967055,-0.02527424683489201,-0.03082219736121745,-0.023858171302794218,-0.07999038516535595,-0.0536144197246019,-0.07871126265484152,-0.08880206822325855,-0.057490876162763625
AUT,ssp370,mpi-esm1-2-hr,-0.0069222140482237075,-0.005594452938685712,-0.002416865560520318,-0.001998850005557759,-0.003724029518415407,0.0020658142094220583,-0.020602042148707526,-0.017098708666752397,0.002590727608567379,-0.005342253452310954,-0.0011404027808159202,-0.01669810454595697,-0.002375839952583915,-0.0066729103927971115,-0.009503850311359568,-0.017123969120236428,-0.012278521121649046
AZE,ssp370,mpi-esm1-2-hr,-0.021654953464940636,-0.04155695918558782,0.00815473856195218,-0.029333090857377373,-0.02354404503897052,-0.07382180643618388,-0.001888514282553011,-0.10363759008503728,-0.05911497766542341,-0.15182039852182969,-0.20551918589842877,-0.13107125299449038,-0.1628841038324237,-0.06965908040795206,-0.10907544074048323,-0.12138547504508693,-0.10044870777788342
BDI,ssp370,mpi-esm1-2-hr,-0.003634577970022667,0.0029761111572238473,-0.005535625836090339,-0.003183138987646413,-0.0013731852162187793,-0.0019277593294877988,-0.00176985265142527,-0.0021668114267576165,-0.0022330201227151853,-0.0006925357838850186,-0.0010432642050575752,-0.0012309722119499184,-0.0022858563548175306,-0.001179566234965248,-0.0008335858693995734,-0.0006195717555879377,-0.0005603635783593461
BEL,ssp370,mpi-esm1-2-hr,-0.005461440583153396,-0.011338602723702719,-0.0024664534297399944,0.0023690655325491737,-0.0003366578701157347,-0.00800150136264245,-0.01691072210750018,-0.0024594904421141937,0.001478629882290638,-0.0024945355528752686,-0.002601206206161441,-0.005664505455215529,-0.0024883990503642706,-0.005335136877001651,-0.010567716881197082,-0.0019292419408783504,-0.012198121669058587
BGD,ssp370,mpi-esm1-2-hr,-0.00580965540430706,-0.0007875730350216171,-0.0005323333092453911,-0.0005387317260800858,-0.00023865416729213778,-0.00045223633226583416,-0.00181346560451635,-0.0011219772622201103,-0.0007505546815298351,-0.0006868014734447019,-0.00046954880034047794,-0.002578018881278925,-0.00087516759264052,-0.0019757987380416633,-0.0016853033654733879,-0.002259318709219385,-0.0017059488575112368
BGR,ssp370,mpi-esm1-2-hr,-0.23532842551985877,0.02358643883780626,-0.19517801046750854,-0.05205011876458468,-0.19635678378224938,-0.06602251985329007,-0.22361710981076774,-0.25772775594542247,-0.19299968996911449,-0.4918964398251086,-0.21720573211252062,-0.33821836473136485,-0.15695607487291557,-0.3431880716254362,-0.373740311825067,-0.5759530320041407,-0.5602870898606332
BIH,ssp370,mpi-esm1-2-hr,-0.06848749633724427,0.022009162085312665,-0.029903270524751228,-0.002887430240700773,-0.034156174613697764,0.0070534967255085675,-0.024455516297235254,-0.02620917500373929,0.002585190778049393,-0.070154862117154,-0.003990506139273299,-0.053979979828092765,-0.006372263198428606,-0.03369958325921739,-0.02572455589656873,-0.05396263755322001,-0.03876860117967023
BLR,ssp370,mpi-esm1-2-hr,-0.0658128931581491,-0.030550253939552973,0.009128878811650948,-0.0011991329623695967,-0.0016145925589869442,-0.018993131703324798,-0.03127928753357084,-0.07069378869688664,0.0022588688908131245,-0.01477974993177926,-0.010719966514534125,-0.015103295640885615,-0.021081539759852264,-0.051144407607806995,-0.009716278493203738,-0.045425811609965956,-0.05845195395992358
BOL,ssp370,mpi-esm1-2-hr,-0.03729181278434631,-0.016144134295027014,-0.015373418222683632,-0.004659335127122954,-0.009058359040264072,-0.0036141950901064646,-0.008418470845956726,-0.004086257127007029,-0.012920219743991284,-0.006593464366101466,-0.014061687224761811,-0.023393797573544397,-0.012663962644229856,-0.019173563009539426,-0.019264003789900567,-0.01555928275902144,-0.01358940256126115
BRA,ssp370,mpi-esm1-2-hr,-0.0004112930438016816,-0.006185137935448486,-0.0027946725365450946,-0.002805520998843316,-0.000888719545183236,0.00020822104913492925,-0.00420182790412269,-0.0027927116032035438,-0.0017710921594041205,-0.004133871353195757,-0.006923900051561158,-0.007251863121981229,-0.011588776199866048,-0.006768259488734778,-0.012099052700664152,-0.004819633501667508,-0.0076510588021642826
BTN,ssp370,mpi-esm1-2-hr,-0.0022244422067666607,-4.311893912973091e-05,-2.1437922537363923e-05,-9.006867662889018e-05,-8.136887443903228e-05,-8.457044388914317e-05,-0.00013615504391088724,-3.3055723512438384e-05,-0.0006201458574263788,-0.00015721326206769758,-0.00020161786820079385,-7.531837236927607e-05,-9.690834357319481e-05,-0.00024795604280042257,-9.98998727964758e-05,-0.00010451724351350152,-0.00013222669049706262
CAN,ssp370,mpi-esm1-2-hr,-0.03742550459143641,-0.009223621514818179,0.011951945705825537,-0.0031750401051299122,-0.11065240290300783,-0.047450650625766,-0.024653064284506653,-0.012026980062299004,-0.017850896969686877,-0.029616426862340766,-0.02546222397020654,-0.04551660159992738,-0.0206465342060836,-0.048231964192787406,-0.03271957903735264,-0.024887231224586,-0.05792380748640669
CHE,ssp370,mpi-esm1-2-hr,-0.0028318367997270093,-0.0009988056333007644,-0.0016546106876675472,0.0008066714924157004,-0.0009774204774496006,-0.0011651903083094702,-0.006659398597771907,-0.0016403648401743175,0.00038807009728421293,-0.002134930775665095,-0.0005737644216279969,-0.0032253592033655606,-0.0018154822126151427,-0.002799602353818424,-0.0017646819532449354,-0.0052623869065013835,-0.006838544763172267
CHL,ssp370,mpi-esm1-2-hr,-0.006702247317248136,-0.002884181689181445,0.000901872578460253,-0.0003254810712982738,-0.000900368030013495,-0.0002128814710680311,-0.0033037436401674863,-0.0027495682740169293,-0.005963308952469635,-0.014827289592104678,-0.0031653329837840827,-0.0071111839915066755,-0.006729482874194494,-0.00913648451121784,-0.008055150040731693,-0.005004909589985443,-0.012625744425939348
CHN,ssp370,mpi-esm1-2-hr,-0.005692499225865567,0.00770655475224337,0.005414239807438454,-0.007501804224452238,-0.0019236904567347432,0.0015751947442382262,-0.0007578274325189174,-0.009225019667149656,-0.028360686050877257,-0.015142572339645633,-0.01844474702306365,-0.018376040412084915,-0.014988855668447232,-0.01717231422686975,-0.02837061606573252,-0.031405963592235506,-0.02171972134123513
CZE,ssp370,mpi-esm1-2-hr,-0.03884632309477938,-0.08889427489463264,-0.0030898201411767557,-0.008120292815854165,-0.011182828742916174,0.0002653688729996211,-0.10594264972712142,-0.09441920028055524,0.016482698386025216,-0.014896102898450584,-0.008983919007822432,-0.0772766740550754,-0.01547180711616045,-0.02570442955452626,-0.05052420076773898,-0.07816097912514701,-0.07679317541190032
DEU,ssp370,mpi-esm1-2-hr,-0.01020962226590083,-0.023243945934316272,-0.00021163232716014564,0.0023381460094285228,-0.0007849299626834319,-0.01143908696465014,-0.018829075929028556,-0.016365571820233984,0.006251869897156078,-0.006833634559193142,-0.010351314254954721,-0.018203513083260188,-0.007354855794837558,-0.010320663093942929,-0.014490242117501021,-0.022098252054548233,-0.031759992347061276
DNK,ssp370,mpi-esm1-2-hr,-0.005574272157129238,-0.01689430943159543,0.00554749193829655,0.002864442404964418,0.0035554686029398647,-0.005761851589618721,-0.01625875965750082,0.00038553462731891034,0.0006488963352514884,-0.011377624021970732,-0.010410603730870972,-0.004568749192336814,-0.01108499286327261,-0.012848145092038592,-0.006457879738960702,-0.006235354748401462,-0.018076015986325557
DZA,ssp370,mpi-esm1-2-hr,-0.043967994068331934,0.000250233988955467,-0.08489118602816595,-0.03454648728807366,-0.05713061918571837,-0.03736529427695003,-0.033946107097185645,-0.0757625617509592,-0.11064125747781389,-0.10459185766697222,-0.05547042165452225,-0.07922680204429325,-0.07463290877462038,-0.0827101861644256,-0.0625530670714187,-0.06578384374542244,-0.0625082930194281
ECU,ssp370,mpi-esm1-2-hr,-0.00017646120468238738,-0.000338614214910157,-0.00011979592597833915,-0.00014968628926499873,-0.00018437252836826684,-3.316341939108873e-05,-0.00022967841487388588,-0.00026932314413491437,-0.00015844034388332292,-0.00012300876411381256,-0.00012943786460894955,-0.00019361611626255945,-0.00015627324436393668,-0.00015915151951003876,-0.00023886875853461,-0.00029345465685646534,-0.0002443218705934749
EGY,ssp370,mpi-esm1-2-hr,0.000781251586489108,0.004743065495666934,0.006454103112769801,-0.0052288209327863485,-9.297373354687883e-05,-0.00431929346689028,-0.004336654712967335,-0.0032457476290355127,-0.004044774536525696,-0.0032360131463573887,-0.005199883566809231,-0.002966234114023171,-0.003547541544292568,-0.0025783799950721185,-0.0062191545999729205,-0.005980767105254764,-0.0035259259889827673
ERI,ssp370,mpi-esm1-2-hr,0.02552116319565122,-0.24470010151367547,0.019826418794107875,-0.14881873874735072,-0.2665385738950049,-0.08602753698812649,-0.18898580842695364,-0.19926532211154302,-0.31269730142394236,-0.011123996791293923,-0.28102523480544844,-0.20399631310822375,-0.3194867341781519,-0.30985553548787115,-0.3055520492780422,-0.24113649920094415,-0.23549908910943715
ESP,ssp370,mpi-esm1-2-hr,-0.015928258927890234,-0.00503546611920175,-0.03175808233251474,-0.02720729333396664,-0.016226812185799015,-0.0066885169191786996,-0.02621151327218285,-0.016666580145370764,-0.01359904492975939,-0.04620852094804963,-0.02353714666030234,-0.02849384576246956,-0.023365896252898494,-0.04422929577857479,-0.016358769860752586,-0.024281806524515042,-0.03735117681793802
EST,ssp370,mpi-esm1-2-hr,-0.006257263894840617,-0.10149565551300913,-0.009468192990417467,-0.009325521006406205,-0.01452733555420822,-0.023212808702710634,-0.05735902648838512,-0.040335678408444195,-0.01770380026813502,-0.02173035644625081,-0.038562833533926984,-0.035677924644919194,-0.08117241823729163,-0.04959504184835819,-0.02164835891526942,-0.03641350892426788,-0.03712231800371118
ETH,ssp370,mpi-esm1-2-hr,-0.02256660313823908,-0.06065444410874105,-0.0214380367166385,-0.006884462588495156,-0.02206233143402304,-0.014316581651956494,-0.04475444312662466,-0.01659899882144437,-0.022283068831502023,-0.012774751466891266,-0.011562132486137074,-0.01451269894144356,-0.03111763082130879,-0.03211975518265042,-0.019545772238095567,-0.012974965585242207,-0.010591793881835244
FIN,ssp370,mpi-esm1-2-hr,0.00012678333810157185,-0.008612656367266802,-0.00023361085582102696,-0.0020772525776493874,-0.002857336750263236,-0.0041128088739962685,-0.009710127683387528,-0.00033584532762274803,-0.0015926974992106048,-0.0026458234024643525,-0.007579973930044245,-0.004299158348186364,-0.014678293202677805,-0.004970544332421059,-0.006296261767450929,-0.010916182117745265,-0.0031821846893424
FRA,ssp370,mpi-esm1-2-hr,-0.017651056915407807,-0.03162160020790765,-0.029355221495485664,-0.000949155853387304,-0.024182467856258185,-0.019937687560219103,-0.06557065151261245,-0.009216102024394868,0.0008435685770137802,-0.02648442329444521,-0.008028892113135613,-0.01978366553995829,-0.011476922192379986,-0.025215895414899173,-0.03571580821492918,-0.01330663815788898,-0.038719161660431455
GBR,ssp370,mpi-esm1-2-hr,-0.0006171415150834112,-0.028588515817222,0.00040100131072916403,0.0003871785361242685,-0.00845960100091268,-0.005899258599322549,-0.020153765457641866,0.0011407938824316147,0.00124053787179319,-0.0023088417787976733,-0.0016269684579078433,-0.0029372687231795217,-0.0022052490603555164,-0.01447286064740794,-0.00399241452054282,-0.0007929752845760891,-0.01048326425550017
GEO,ssp370,mpi-esm1-2-hr,-0.0028804003309063184,-0.008247307629454382,0.0004466386768101059,-0.004823434865827296,-0.0033105224787842976,-0.01243457343531996,-0.006088174023444939,-0.020903344957060317,-0.009144511391576569,-0.009474875829935737,-0.021812880430573833,-0.009770477312433568,-0.013347121752324737,-0.012955194317550324,-0.020255481406530447,-0.018983288767573808,-0.011569346435567745
GRC,ssp370,mpi-esm1-2-hr,-0.01250267450509963,0.00981466997398288,-0.011214887569808912,-0.005362180932270569,-0.010890885007647436,-0.0047294427207822416,-0.0205331049265878,-0.027668343560518865,-0.01675746087762846,-0.0388011397659988,-0.011101523337662513,-0.016403366349400875,-0.007681317087653575,-0.017862762201906558,-0.02711897578324047,-0.034084411066580694,-0.02972601601857633
HND,ssp370,mpi-esm1-2-hr,7.197382859068193e-06,-1.3407719878737616e-05,-0.00016886221958077423,-9.987919639120523e-05,-3.781632370576585e-05,-6.917363484345223e-05,-7.163641070720988e-05,-4.295168002961777e-05,-1.5098546337150382e-05,-2.1534270383976538e-05,-4.233218025265389e-05,-2.6947307472237322e-05,-8.052796099134044e-06,-2.295682084643834e-05,-4.1777257338378895e-05,-3.8022883097301214e-05,-2.6342244624596888e-05
HRV,ssp370,mpi-esm1-2-hr,-0.05595338301765377,0.15367432199275208,-0.22075901263275077,-0.043107198778703594,-0.3022259864559399,0.09850777315796704,-0.3885594383176343,-0.3782260984237504,0.07882228740761818,-0.7813609001486768,-0.045774187736684416,-0.7295393288583065,-0.06327677646129619,-0.4148417127763707,-0.31620982311363355,-0.7230178841855915,-0.5429602349389353
HUN,ssp370,mpi-esm1-2-hr,-0.13581014632426902,0.004373124968916661,-0.017687629337148472,-0.0005005669025511503,-0.03826777707580888,0.012877522149793924,-0.0699618145933513,-0.06251183229689623,0.021832321400558286,-0.11707172653654377,-0.011529095970364492,-0.12288247898525806,-0.008332216696695635,-0.057097622548419526,-0.04553852308012782,-0.11736301523534146,-0.086269771302993
IND,ssp370,mpi-esm1-2-hr,0.01993146046755539,-0.002174423355212138,-0.0011302111129217005,0.0039051888277386784,-0.004838605423976798,0.006625336169834974,-0.016619896977876622,-0.022739627473350548,-0.010669539290298267,-0.005456372447020596,-0.009087060540270378,-0.003882718593798119,-0.013840760416492279,-0.023385901014994465,-0.01912621209968473,-0.01960706715280067,-0.028003453532700118
IRL,ssp370,mpi-esm1-2-hr,4.050560645335258e-05,-0.005904214863530446,0.00036255711315840046,0.000625268002341802,-0.007399654588660785,-0.0026316397884281703,-0.0025438700417924837,-0.0010087171289564925,-0.0008701494399477031,-0.0014556031396286443,-0.0006437854431088016,-0.0008503446004719238,-0.0014728826414574486,-0.006820803655672722,-0.0015999880637857372,-0.0003382621045292995,-0.003576164232379931
IRN,ssp370,mpi-esm1-2-hr,-0.010695203303443776,-0.006121346223593624,0.0005182586889351094,-0.0025893605687758526,-0.002837659304196865,-0.005468769348889863,-0.0023140584583683154,-0.008438121646690541,-0.00562193341042571,-0.009269624823008556,-0.014378422156969866,-0.009416608269614478,-0.012655647356137775,-0.007954623637898669,-0.0069924540272895234,-0.010228040698828201,-0.007757859388802024
IRQ,ssp370,mpi-esm1-2-hr,-0.04014166632647423,-0.018199784647748667,0.012303727349327474,-0.01180314855847536,-0.030122655370856975,-0.04520932110453999,-0.016261309006373757,-0.08833467658357153,-0.03734254874021786,-0.0651729696828483,-0.09534195102959903,-0.07742879046570836,-0.0700952585168513,-0.04490865517536619,-0.058612793281875616,-0.05793487782217673,-0.04305305990121084
ISR,ssp370,mpi-esm1-2-hr,0.00030104287565738483,0.00027752370201744836,0.0002650839420028921,-0.00015903133060408086,-0.00010815658016367283,-0.00042086578720822485,-0.0003739983659063132,-0.00042838492241742713,-0.00026816822317539537,-0.0004025957978837158,-0.0007612955167864928,-0.0005560214975647724,-0.0005617936145036272,-0.00024327852795785022,-0.0005556407288293674,-0.0005067904554840498,-0.0004125513081907705
ITA,ssp370,mpi-esm1-2-hr,-0.014226356422128428,0.0011579894853779632,-0.011476556877840273,-0.009026224306944537,-0.008865105472941132,-0.0014924068824874637,-0.005006386386232581,-0.01428509828499243,-0.0013880236535356082,-0.01913865348511688,-0.0048345439797961845,-0.012523216823996978,-0.006308491435844499,-0.019446410442220532,-0.013095938171953671,-0.012816263094508114,-0.013112506824516191
JOR,ssp370,mpi-esm1-2-hr,0.000832878969759134,0.001801659547542438,0.0013239564946454826,-0.0005407148656516903,-0.0004980075204501596,-0.0022534476643086207,-0.0019617492013794873,-0.004255532040657874,-0.0019205182622035457,-0.0023857486209931996,-0.003355888516104424,-0.0028837691864027266,-0.0025035080505049815,-0.0011561319501429783,-0.0023768647521559415,-0.002182173014253609,-0.0018206731293773548
JPN,ssp370,mpi-esm1-2-hr,-0.0007359145125529403,1.271663737744906e-05,-0.00012825563365668303,-0.00047922040397683916,-0.00010933993622430281,-4.1906409417124364e-05,-0.00022729129392811458,-1.7281947068668988e-05,-0.00023904970545978908,-0.00028777381537558873,-0.00029306823805929857,-0.00015110283338463175,-0.0001600404127053398,-7.328047076155145e-05,-0.0004780055018314693,-0.0006238870911203569,-0.00024150987432794847
KAZ,ssp370,mpi-esm1-2-hr,-0.009760973022595126,-0.017795438559879244,-0.05208899125292143,-0.019395519993865948,-0.10539959192226343,-0.09017329559758809,-0.03504554255468047,-0.011781633184868037,-0.04745440208081239,-0.09703700380157848,-0.13102355038451138,-0.08001371197028496,-0.09261896414383217,-0.047266817690492714,-0.10612723150278622,-0.0457939307427693,-0.11742762035228899
KEN,ssp370,mpi-esm1-2-hr,-0.00946980056481328,-0.006084848966967892,-0.0014163787201138932,-0.0031702461341893665,-0.0047891213066302025,-0.006154788319758208,-0.005741605112822143,-0.003399855830060957,-0.0035871468318493566,-0.0027133583368040143,-0.0025640524693686926,-0.004278239525260536,-0.002464855646623933,-0.0034925683487061587,-0.002693596863959061,-0.0025614339841774497,-0.002047567706542453
KGZ,ssp370,mpi-esm1-2-hr,0.007175987434668236,-0.0020212603091494027,-0.07705939994620024,-0.037314625818863904,-0.035855231350616676,-0.031552949970597106,-0.014601266768518034,-0.02254371351422999,-0.0347700587245149,-0.025657471198175814,-0.060037483331516706,-0.03961858714238201,-0.07214609744430668,-0.02346054735252917,-0.057263432526252406,-0.054880823312846494,-0.03635883512653446
KOR,ssp370,mpi-esm1-2-hr,1.7644181848652187e-05,-0.0001196473983571825,-5.857015103838237e-05,-2.2012573578692462e-05,-3.288467383003017e-05,-7.202063196736537e-05,-1.1968858752512288e-05,-4.718290388627602e-05,-2.5618844239476414e-05,-8.642973036598408e-05,-2.71452542064538e-05,-2.5399393189059997e-05,-5.051888680022571e-05,-4.403593210322465e-05,-3.410187437041775e-05,-4.2409744713564036e-05,-3.324784078498448e-05
LBN,ssp370,mpi-esm1-2-hr,0.0012402186303877186,5.558436776435359e-05,3.951125844455091e-05,-1.8371513319759082e-05,-1.1989577161724937e-05,-8.015882517823397e-05,-2.844492964483669e-05,-0.00013138089854956202,-7.378360944991643e-05,-6.580279717753438e-05,-0.00017135744077376055,-6.59589632649338e-05,-6.751500258385788e-05,-2.784261940495466e-05,-0.0001405370393885983,-0.0001340062695897367,-0.00011732165344404651
LTU,ssp370,mpi-esm1-2-hr,-0.14119749715986024,-0.5011739553844622,0.06580594661212301,0.023352192008289953,-0.032981089414620884,-0.29922122707821985,-0.27342839620233444,-0.398696238057134,0.0036890593752555052,-0.09226817714244824,-0.15760619798229147,-0.1194101822005121,-0.28380172513144886,-0.4186370475705413,-0.27198812087141433,-0.45968727126497955,-0.602336608673649
LVA,ssp370,mpi-esm1-2-hr,-0.0788493831509248,-0.41282646953574914,0.04155565878963061,0.006021188973987397,-0.014225496358576863,-0.17615170279713807,-0.2943803245616152,-0.2869699608461904,-0.032198976648711734,-0.09023562678165681,-0.1170621171411034,-0.14397091464125922,-0.267244015330734,-0.2961651758034108,-0.20738596751213684,-0.32282937663895633,-0.4472776093119582
MAR,ssp370,mpi-esm1-2-hr,-0.04245272473038724,-0.03370314778393502,-0.053440556293412364,-0.04386566537049644,-0.027815316792961776,-0.016103589153915746,-0.01666055199435001,-0.025274337309524435,-0.023652449129691486,-0.04579468423731775,-0.03413620550005317,-0.04058436539510484,-0.0321324469262473,-0.033906577334992784,-0.01307677434932007,-0.024045138431604364,-0.03082093365899581
MDA,ssp370,mpi-esm1-2-hr,-0.1859479923929565,-0.053602650618366006,-0.1199273687668993,-0.020923544035680395,-0.03579608419987255,-0.024094970536837113,-0.13121015001246372,-0.16421769196334216,-0.013991043329665834,-0.38166168923899474,-0.17576126181250673,-0.21114839229501012,-0.07797457304872436,-0.3129816987176,-0.14751071002351912,-0.2804434964437791,-0.4112574510460757
MEX,ssp370,mpi-esm1-2-hr,-0.003228479140764242,-0.0018609403068087838,-0.006362609989920947,-0.01048285589320701,-0.005299850567165952,-0.004501910903325964,-0.009346397348703956,-0.006490831480720458,-0.007243460864757277,-0.004852438387414883,-0.00896339823795438,-0.007455730735055917,-0.008137117384568798,-0.009391040014288478,-0.008617327096585591,-0.007898171612685221,-0.008600085540470384
MKD,ssp370,mpi-esm1-2-hr,-0.05334590452283579,0.02756663598676871,-0.016719748194417895,-0.0014090464226496492,-0.021817288222423712,-0.006836795251828723,-0.04177573922585306,-0.06655245193679189,-0.017418726394000047,-0.08794396853746027,-0.007538348246769692,-0.05233341860995433,-0.008680347527902373,-0.035649307993842055,-0.050521416512893616,-0.07696539589913642,-0.057015191459454176
MLI,ssp370,mpi-esm1-2-hr,0.0027546053232379657,-0.01894941613097013,0.0017252966125110086,-0.0057250810142468285,-0.013460526393227926,-0.010283795021786835,-0.0041315850883669744,-0.007587719168166229,-0.006567858316508449,-0.0007088968037561219,-0.0049103285104906795,-0.004174888537155327,-0.003879751527243504,-0.0030617778491111493,-0.003169409881456707,-0.002986625572422141,-0.0024994450989779936
MNG,ssp370,mpi-esm1-2-hr,0.011207210218686064,-0.01754680464478565,-0.0387125334288404,0.003460248188822662,-0.024447932217318433,-0.007723933819777314,-0.05482697983565142,-0.016330682496334705,-0.014653938432852018,-0.015789264449903043,-0.008969221496822473,-0.00464193249342556,-0.014215731324095692,-0.036932654602279895,-0.019757772269783546,-0.024142609975980278,-0.014501670177632911
MOZ,ssp370,mpi-esm1-2-hr,-0.005378898668226535,-0.0015918146572580494,-0.001959553654816569,-0.0012628579228247537,-0.00020005038027399048,-0.0006354998894138387,-0.0007738671260404506,-0.0012932981308324328,-0.0003351404548013453,-0.00041381890405974334,-0.00046253404736163904,-0.0005644899943481991,-0.0002244819596473006,-0.0002903324432340338,-0.00030137331166175783,-0.0005882932924479714,-0.0008141145486130649
NGA,ssp370,mpi-esm1-2-hr,6.675686351721855e-05,-1.4434931186328445e-05,9.219316265501846e-05,-1.6288262503638683e-05,-0.00025618947499089735,-5.9427787338323714e-05,-6.305092830217329e-05,-0.00014152596541406256,-0.00014127687475938775,-1.5028315665748505e-05,-4.926737537750216e-05,-5.6214069934728894e-05,-7.986860165582381e-05,-1.1912877417435605e-05,-5.7961437669560387e-05,-3.6709844923729496e-05,-1.1511893533853147e-05
NLD,ssp370,mpi-esm1-2-hr,-0.0018689536866199601,-0.003811231964449196,1.3755971417579138e-05,0.0005490221411146486,-1.9770102445093555e-05,-0.0028093099247829202,-0.004284155425027311,-0.00025849620617446215,0.00022003456868680717,-0.0008692614432446309,-0.0007312046500022014,-0.001554099858206767,-0.0009891722210988879,-0.002151886062273582,-0.0005876900714912436,-0.00044286888084286156,-0.003281508339330456
NOR,ssp370,mpi-esm1-2-hr,-0.0005504932907372632,-0.0008077714662406689,-0.0003788245652379446,-0.00025599271282270253,0.00025772998664378913,-0.0027541254611764387,-0.003361815307636351,-0.0006058268487981517,-0.0008606653043434219,-0.0014585380757360404,-0.0015953886014302254,-0.0018803075722926724,-0.00382027187364245,-0.004531540295964071,-0.00042884437004007557,-0.0011854650169541665,-0.0013633987707536693
NPL,ssp370,mpi-esm1-2-hr,-0.10393160200335894,0.04390830548303686,-0.09483968740796822,-0.013685331935798808,-0.08669832929247347,-0.03833417253182803,-0.06897641581186251,-0.045454649912115515,-0.08649070806897804,-0.03966059354362809,-0.036327995613960815,-0.03057970371223361,-0.0386427276113597,-0.07183162635622488,-0.03467151523612645,-0.045319652894844575,-0.058527702589814254
NZL,ssp370,mpi-esm1-2-hr,-0.00018012467176639475,0.00037915273618450876,0.00023263478037231292,-0.00019271903019570395,-0.005305779674134325,-0.0010865355874679669,-0.0018413513001639614,-0.0004179384062013115,-0.001298704391191822,-0.0016075935818505571,-0.00040081498509758737,-0.0005693587124448238,-0.0020476208596572365,-0.0033934704838693686,-0.0016033438457622024,-0.002182608471224389,-0.0012976175782273424
PAK,ssp370,mpi-esm1-2-hr,0.07419135984482807,-0.002898804865270007,0.027568339277294625,0.026510122675296576,-0.004185801802672347,0.01865862189149924,-0.002860328015280869,-0.01898013057619806,-0.012772973449734892,0.005553400986400351,0.0027851514036143976,-0.005359943976490005,-0.010165793122439808,-0.01834470029956625,-0.015012580409972751,-0.02088321827087327,-0.012184046007567022
PER,ssp370,mpi-esm1-2-hr,-0.00017709289847493958,-0.0016803528032889076,-0.00023613705590965102,0.00011996540503819203,-0.0013585523002007105,-4.285654665547328e-05,-0.0014266459212298026,-0.0008474593372536348,-0.000545766596444079,-0.00015264865128491916,-0.0006225980606975895,-0.0012935552404465184,-0.0014689512429909243,-0.0006580659535653882,-0.0017082645045356508,-0.0016086652459704799,-0.0011208617760160616
POL,ssp370,mpi-esm1-2-hr,-0.05685267110474711,-0.0721917450848681,-0.0012058216312628334,0.005753054401807246,-0.0005942499718209845,-0.006461005454034452,-0.09429200431650547,-0.07266048823168059,0.010524001819123116,-0.016664278756102522,-0.022316918347775848,-0.048786068763141885,-0.02448639596680152,-0.06691907399323112,-0.04873650113091755,-0.08104519386584863,-0.0799504643214357
PRT,ssp370,mpi-esm1-2-hr,-0.0018573842326211959,-0.00042751962425790504,-0.002030475406079008,-0.0024749345153236083,-0.0007842090405834907,-0.0003566535219244843,-0.0014072432355635906,-0.00048591376009495516,-0.00025984484171315915,-0.002210110275677427,-0.0014719943412114993,-0.0009920505338168366,-0.0009889969490049695,-0.0022782302877441415,-0.0004601086746315129,-0.0005130838747271284,-0.0019506060960818403
PRY,ssp370,mpi-esm1-2-hr,-0.004327692239704019,-0.02955636931160084,-0.0050870643467480995,0.00018968750743720482,-0.00012017871250809038,-0.0015752874216585148,-0.009101821824613839,-0.004453459750095657,-0.004743162591694467,-0.010566809413614656,-0.011095180954197547,-0.009908402449742169,-0.012432412936994153,-0.006728727046713394,-0.013314409483507293,-0.005001537929598279,-0.006030728795182939
ROU,ssp370,mpi-esm1-2-hr,-0.10306316531555353,-0.006801632709444926,-0.07861192562350448,-0.006399917671218141,-0.06130809898595501,-0.011465049493214106,-0.09152327629232175,-0.12878391613704432,-0.020977703635506953,-0.24700249725066076,-0.08016069015539617,-0.20527121988218355,-0.0697993355125459,-0.21373436077256822,-0.15117255267001972,-0.2937402563020092,-0.32023255059655104
RUS,ssp370,mpi-esm1-2-hr,-0.08652283667045187,-0.1048360632377638,-0.04429083572441066,-0.04475516637020606,-0.08219723004742185,-0.16042334432908056,-0.08905636106048784,-0.0798252361604413,-0.09304091643765114,-0.17891482272160034,-0.22035121648676975,-0.08023284769442843,-0.12575160746954545,-0.14887752559416773,-0.15260833131516136,-0.13780648358424244,-0.19595466387415028
SAU,ssp370,mpi-esm1-2-hr,-0.01193601176160104,-0.01899725255832694,-0.002066669953691437,-0.008053300660727604,-0.011670873620166118,-0.01409643358911135,-0.014875408963554396,-0.016331763577981894,-0.016108263277263817,-0.015178864641104538,-0.01707311707954317,-0.01664578591369465,-0.01626202347668734,-0.016486989168383023,-0.016288535125022072,-0.015570984031201164,-0.015039194554054943
SRB,ssp370,mpi-esm1-2-hr,-0.16539913206578435,0.07650095788704059,-0.07182723910886539,0.01518016106612758,-0.12091478454141569,0.024560752285951372,-0.1528785837330195,-0.13395532482604805,0.01287472469582476,-0.40277414342926077,-0.013000468058525073,-0.25769696764933586,-0.015840517530299605,-0.18867231131344367,-0.16836750007523446,-0.3340364490887713,-0.22574871066003854
SVK,ssp370,mpi-esm1-2-hr,-0.06939965484697187,-0.017331975948859737,-0.010815153955456559,0.0006290040082142522,-0.012350714982448685,0.010162136585658461,-0.07116631151185784,-0.06029210132921221,0.004270206091581122,-0.029272859345177007,-0.006479836678730204,-0.06119658295106226,-0.007291629569932603,-0.027729788534592584,-0.025406797125042645,-0.0585984385933326,-0.03848135506133431
SVN,ssp370,mpi-esm1-2-hr,-0.0043729992167295395,0.0020481261470625305,-0.004223292563982392,0.00018323368623614333,-0.0034532065683553735,0.0016024971673285148,-0.0057595103729472545,-0.005708390079497857,0.0004979546254323383,-0.006683208639847357,-0.00043051790075590405,-0.010289351541627023,-0.00042252141067741626,-0.005372679068263026,-0.00366334537087826,-0.007711360565362746,-0.004240200499987062
SWE,ssp370,mpi-esm1-2-hr,-0.002999648329498931,-0.01458501902526577,0.0013475755346118623,0.0003174119984683526,-0.00016653413756032294,-0.01642842003201055,-0.01873458738040514,-0.004158103128587144,-0.0012748203781357025,-0.0029051710302389743,-0.009189018027104137,-0.012055599955179174,-0.010302703217153108,-0.014504254758155045,-0.007078617475837221,-0.011567955058217614,-0.011796687080379705
TJK,ssp370,mpi-esm1-2-hr,0.0037698230565029163,-0.013665458214744575,-0.048224646543124486,-0.027259978129160124,-0.025984438340853996,-0.03177165160831407,-0.01925314669892495,-0.02582133475538508,-0.023598906905250194,-0.02632724389891338,-0.04685381816464355,-0.025176885066268074,-0.046721392323873165,-0.01773603421809812,-0.03173306384962472,-0.02988827740478039,-0.025179694526880896
TKM,ssp370,mpi-esm1-2-hr,-0.07798221285027274,-0.04077757235906603,-0.04049065236961273,-0.045414881307226075,-0.04012368371338097,-0.06466052691866823,-0.02616149801346184,-0.05658269761683529,-0.03448312604206743,-0.054271120158981806,-0.06515275315699673,-0.06035313395602542,-0.056757562246025905,-0.04126242331119486,-0.05557435775945676,-0.053598677256681417,-0.05149852678423395
TUN,ssp370,mpi-esm1-2-hr,-0.054892478723921806,0.022677545830886096,-0.05442225643910904,-0.02431269518647038,-0.05455117506048405,-0.014498291623210455,-0.012102435170280458,-0.049482649198178165,-0.05376757216152743,-0.03947568295315882,-0.025260692469889368,-0.04084958494764893,-0.03699151197918799,-0.02829632195570521,-0.041753593038561285,-0.03259944760586351,-0.036446357888258105
TUR,ssp370,mpi-esm1-2-hr,-0.00035103606845912595,0.0022771368076595724,0.0011202840940586494,-0.00150567266790633,-0.002857000602536573,-0.0029237641809528947,-0.009695742120821955,-0.010995968129472943,-0.008318365592679004,-0.013482787741577207,-0.016451505745864157,-0.007841813441932936,-0.009520609433546585,-0.004972757638476464,-0.01739252824272314,-0.018794198504716347,-0.017281838895713688
TZA,ssp370,mpi-esm1-2-hr,4.1486870388731584e-05,-0.0017568601873354259,-0.0010593562369860666,-0.000997970492539193,-0.0016718295775544768,-0.0012602027921963701,-0.0016021730854932404,-0.0016840486753013338,-0.001014030004167486,-0.0004172171535643959,-0.0015745531942076775,-0.0010094151548020614,-0.0002925213753146142,-0.0006744066467107305,-0.0007728269953842234,-0.0003714864276984466,-0.0003478190024307889
UKR,ssp370,mpi-esm1-2-hr,-0.6864121591793243,-0.1733214102743685,-0.04202319637323169,-0.03800533583376918,-0.0463865991369237,-0.10661243571470118,-0.1839520183147537,-0.2597869090539042,-0.08626883032100899,-0.3178174068801513,-0.2255766487184609,-0.2265514561412153,-0.11498660110117026,-0.3062060652440161,-0.17145592236628987,-0.3064581563229232,-0.3584475675041839
URY,ssp370,mpi-esm1-2-hr,-0.006711201555763934,-0.04191291663985191,0.013754014875082406,0.003218181711587601,-0.0018932995590711758,-0.0063635203399846196,-0.04281088536003932,-0.0649166760452206,-0.011484005635739203,-0.005716114150048409,-0.027566190569457454,-0.019076420586012152,-0.018142916274526674,-0.009146472931682297,-0.009134227909114057,-0.016095847284475807,-0.021895712031244605
USA,ssp370,mpi-esm1-2-hr,-0.004166688663017106,-0.0036043025490139283,-0.0005669721911409447,-0.003161728249243036,-0.008326034707036113,-0.00967879940923949,-0.002947961326161381,-0.002628681201470465,-0.006022769164328541,-0.004642329462763416,-0.006897771622071676,-0.00481921479815748,-0.0032294430274729005,-0.004508639933033383,-0.007745086791451555,-0.006593207503144568,-0.008033487207694423
YEM,ssp370,mpi-esm1-2-hr,0.0013791929344839555,-0.00715191717642345,-0.0028974919316111032,-0.0011193795251691408,-0.005770921357018571,-0.0023424150507505804,-0.003294451288724387,-0.0024586056279692183,-0.003237150469617789,-0.0010585011604331712,-0.0024041077013879342,-0.0013851366398099673,-0.0020542927102083306,-0.0017978259231517728,-0.001697407891263078,-0.0014991641882212098,-0.0012508406630062235
ZAF,ssp370,mpi-esm1-2-hr,-0.027777102060741292,0.0012821949567566244,-0.006447024249169903,0.0027679959101397722,-0.006777604852697789,-0.001020746310472523,-0.0056212389423476545,-0.007757152854347846,-0.002832858804817226,-0.007624565185476009,-0.0108741942564842,-0.011688997795427338,-0.010076964070924796,-0.009512913624904994,-0.009189006415816502,-0.014519479660701122,-0.01030780955519622
ZWE,ssp370,mpi-esm1-2-hr,-0.09391033610065652,-0.0016702489293949846,-0.022656086032582626,-0.0004035454758217677,-0.030501605624612665,-0.019592434311694683,-0.007840268810842597,-0.020311353463761603,-0.01459465748525757,-0.013562174648375013,-0.049335959585318175,-0.04228121833518975,-0.018875343486492877,-0.010922296115817845,-0.02703300619173829,-0.028909236888405233,-0.029135902047613835
ALB,ssp370,mri-esm2-0,-0.027094487529985133,-0.05762158685380219,-0.06845538432801859,-0.0606835606148575,-0.03152833257737692,-0.06369658109294406,-0.06903147182917319,-0.04305782614039796,-0.019010318859051165,-0.11729467071696907,-0.14339204992903815,-0.05789814260545667,-0.11405207117295398,-0.15855155543048627,-0.1829531101614244,-0.13445100167211466,-0.17161362991695583
ARG,ssp370,mri-esm2-0,-2.3939161894354855e-05,-0.0021065697728298426,-0.0018224400275729201,-0.001234994844506806,-0.0012608235526644165,-0.00033481782251331793,-0.0008330626044942583,-0.0012603088875522562,-0.0009173771079034492,-0.0009899482061676015,-0.0008511766248124699,-0.0011414568602945204,-0.0009137281760579081,-0.0007672091366917159,-0.00041325161149290254,-0.0009891473969068421,-0.0008319754169583375
ARM,ssp370,mri-esm2-0,-0.00629097760562365,-0.0065214395065904904,-0.03535077168025555,0.0014698345553540838,-0.017983759063366068,-0.037676781016714005,-0.01267256084213057,-0.08840462466523082,-0.07048914092235409,-0.02298246115246679,-0.015633974527833716,-0.02644475903917296,-0.03656225010160856,-0.023731551538694336,-0.03452995633846836,-0.06217016787835544,-0.041630651533099625
AUS,ssp370,mri-esm2-0,-0.004026789588391514,-0.050667587881880825,-0.013677675735685688,-0.04155224390233929,-0.07064247325487233,-0.02598511259658942,-0.06995548205011407,-0.036692379450440404,-0.0814202491478503,-0.05415109956930886,-0.048963551655060465,-0.08105471038531056,-0.07819219200522608,-0.09975426640476931,-0.0799957266080669,-0.07561777027430652,-0.06470426616356467
AUT,ssp370,mri-esm2-0,0.0010849064618991728,-0.0059582863591120154,-0.003925295010160147,-0.006532191372788941,-0.01246591100402156,-0.003153483168067194,-0.005593439056308829,-0.0035963721533709796,-0.0013510857428632127,-0.008933870007744567,-0.007105167021221474,-0.004369047791542709,-0.001690585653374964,-0.006488227127009396,-0.006614849119082054,-0.012879559481030117,-0.008134461183164745
AZE,ssp370,mri-esm2-0,-0.025397662395795502,-0.004011033686584216,-0.09060902314047779,0.0008786625400188192,-0.04168294306369115,-0.05982106873672723,-0.056660632442701205,-0.18798541090346343,-0.1797242416352314,-0.09602423624374183,-0.07341855926953249,-0.08369934147581672,-0.10859886088308505,-0.10655560218184189,-0.12020457875370356,-0.12915154224964334,-0.07947361189863009
BDI,ssp370,mri-esm2-0,-0.014612662953794486,-0.010854996539119215,-0.005746974763833378,-0.004584526092646741,-0.0037448817798399745,-0.0026026267758377155,-0.0027375580255828125,-0.0023929480095729564,-0.0012426538241115791,-0.0016337107884180698,-0.0025042333140807014,-0.004163452836786389,-0.0023827780709367295,-0.0025245796626611867,-0.0008084888639511188,-0.0011834209967206955,-0.002240783963094763
BEL,ssp370,mri-esm2-0,0.0012221697231114504,-0.005265087895285393,-0.0011505993748580576,-0.004093092888590187,-0.008373214176482131,-0.0016292036525682168,-0.004058634789344797,-0.0003478567080174971,-0.0006025874233943485,-0.0008063158418157131,-0.008663301844073346,-0.003764627965759592,0.0006549881025812351,-0.0034394227610084747,-0.005805311383895622,-0.004874653224160858,-0.003119673411291931
BGD,ssp370,mri-esm2-0,0.00031749492501615155,-0.0027918214140750523,-0.0015373180343928538,-0.0015621373181341244,-0.0006679588427603572,-0.0015394806304642348,-0.0011050327850070044,-0.0016636285063601998,-0.0006363028264338137,-0.00137635695218622,-0.0014109939253527208,-0.002064406565111512,-0.001173315857399262,-0.002377452894858385,-0.0014780096482051367,-0.0016060738601941414,-0.0017034477832208832
BGR,ssp370,mri-esm2-0,-0.14146355452551962,-0.09663693098055655,-0.12120020318313533,-0.17017316646055483,-0.16242968240576403,-0.29084563246864414,-0.36495936499134,-0.1623541228886688,-0.13629801104641004,-0.500299517237172,-0.5581716632993438,-0.19798183680325848,-0.37205205461957735,-0.6154569907598809,-0.4991450614201005,-0.373601394984062,-0.505907700054087
BIH,ssp370,mri-esm2-0,-0.00947717514121056,-0.026427951104523367,-0.03277849673671087,-0.02217392231022083,-0.01481479590133122,-0.01923177914284029,-0.014975603786338653,-0.01205297591040708,-0.004827673706096567,-0.0312657568472328,-0.028231083029623284,-0.01947643549208891,-0.014539733643205956,-0.05565781542495384,-0.07856247265808326,-0.04239168465923286,-0.06774587148050099
BLR,ssp370,mri-esm2-0,-0.007805719286250292,-0.022976896953564245,-0.007042116217379591,-0.04567578383321621,-0.04031567556973838,-0.016285076571883387,-0.01436694590654253,-0.007356482450597363,-0.014713531941850462,-0.026655984207383864,-0.01064975845185394,-0.00802901641212848,-0.011745802722904422,-0.018601269315529266,-0.009846097100957702,-0.050140588747888314,-0.016404299060969314
BOL,ssp370,mri-esm2-0,-0.025362271818530388,-0.00522983556828602,-0.0019374445405641648,-0.036238098194893195,-0.012677698032888787,-0.017121841105055047,-0.012133868133126367,-0.014991456398354459,-0.0060532520619865126,-0.01152733947876647,-0.027533807366606496,-0.02246608685415492,-0.014956569671889105,-0.018090781669308872,-0.013922121700178544,-0.017495200785430893,-0.01663909822884481
BRA,ssp370,mri-esm2-0,-0.0016828242490734687,-0.016044830639285433,-0.009455078116906742,-0.0027539147554693656,-0.007120825911919201,-0.002144091352974771,-0.004615024050838979,-0.0009770821051107083,-0.01235069859853251,-0.009499036533191507,-0.0054291024522953495,-0.0070494035804650294,-0.013245617725518065,-0.007049929177248962,-0.005630547779838623,-0.007423383052443253,-0.004733788532914826
BTN,ssp370,mri-esm2-0,0.000401221875694293,0.00011442227076063723,0.0001097411342193026,5.277940496049002e-05,-0.0001002408645197861,-3.097010048201551e-05,-0.00035286995614745013,-1.2965838239422358e-05,-0.0002946179211071483,-0.0001644285096872643,-0.000146938753635092,-0.00015354203319893763,-0.00014637951025277138,-0.00011892315226047955,-0.0001711959396343067,-0.00013663915446752534,-0.00020606384567374466
CAN,ssp370,mri-esm2-0,-0.04408602949114059,-0.030878962765883762,-0.0058380206315597144,-0.05484559108269663,-0.02792115115889097,-0.016333312890906046,-0.020218121312436627,-0.014804957460635905,-0.016947603546232214,-0.038090005180179166,-0.04316167078110406,-0.023995824444710625,-0.07067940252719171,-0.050763312958053766,-0.04243842562467586,-0.031163460899901786,-0.054183940922955864
CHE,ssp370,mri-esm2-0,0.001029209222811413,-0.003235866803093158,-0.002272749869239751,-0.0029005439474434967,-0.009257289580311166,-0.0015694211913714583,-0.0030461545003185758,-0.0027342722358459073,-0.0009428592006820799,-0.002246096895056668,-0.003161783172584557,-0.0024140166562452267,-0.0009537844815638715,-0.0029329284243200075,-0.0032744398207429936,-0.003707366252980643,-0.004323841578042012
CHL,ssp370,mri-esm2-0,-0.006896061990809091,-0.00755507831903309,-0.009780641599540679,-0.0012369739741808095,-0.0012421190631002684,-0.0027622598245988436,-0.004444032427378406,-0.0033660750607935087,-0.004170104464116052,-0.006493008297290101,-0.00384801717661208,-0.00690939295430576,-0.004284930615588328,-0.0037490938858105037,-0.006613444074459869,-0.006439801502071241,-0.007670447098635219
CHN,ssp370,mri-esm2-0,-0.015490332376810469,-0.011774663247881826,-0.012676341761370141,-0.012120102560850159,-0.010270947447491921,-0.01709098814878137,-0.019976150446832125,-0.015923793022749898,-0.022857744908410017,-0.012868623421958467,-0.022281839098213522,-0.027175921256369875,-0.018763504797345877,-0.018849511575410642,-0.034191586432281804,-0.021445962314832725,-0.02484317960987508
CZE,ssp370,mri-esm2-0,0.010707373387150462,-0.04158073506632773,-0.016794945991646586,-0.03156358114969772,-0.1116434152753173,-0.03331458512725084,-0.0599858563575759,-0.010745627709231497,-0.004562960843519954,-0.06379346702083265,-0.03461021240485651,-0.011606169716632406,-0.0028882082400193054,-0.023702482823071067,-0.02810012541782675,-0.07308261535930559,-0.03236712300553263
DEU,ssp370,mri-esm2-0,0.003035202256360156,-0.010172940334016296,-0.004254811315053113,-0.00955105191424028,-0.03725316573132959,-0.01744403408425915,-0.017616718104021944,0.00011788676504006898,-0.0014272181688413477,-0.01112280653603165,-0.006450254945703884,-0.00795847479179934,0.0019631872229621734,-0.008310090502784017,-0.020232655034154202,-0.016549093477848272,-0.013015524806874016
DNK,ssp370,mri-esm2-0,-0.0010418833804598767,-0.0036594425990765385,-0.0034470673184664553,-0.009223593350091918,-0.026348200975803395,-0.011269220624960477,-0.022137220388807655,-0.0026849992093138896,-0.0045260348683255494,0.002691013506547179,-0.004376134400619227,-0.0025611990066521763,0.0015211461254875777,-0.007038529359360385,-0.009229282821883397,-0.008045133823282908,-0.005182715537666647
DZA,ssp370,mri-esm2-0,-0.04050021601307391,-0.14388814304272882,-0.10039093039523886,-0.03494814388920014,-0.008772501348604005,-0.024974715856691723,-0.09627684109800153,-0.16324271209593896,-0.07027889722332366,-0.0737542104662858,-0.12026239625878989,-0.08879478076439176,-0.08853369133153262,-0.09450703126077725,-0.0849194947714197,-0.05856965558682621,-0.0609928722475741
ECU,ssp370,mri-esm2-0,0.00010861959978736788,-0.00018605835592233665,-2.678431895150427e-05,-0.00017071936372304122,-0.00031044751037583447,-0.00021061284702482435,-0.00014596502271388388,-0.0001256723267697092,-0.0002184160652698634,-0.00020694678418402634,-0.0002633299161316766,-0.00013604422393622223,-0.00021227247452298574,-0.00022680233571182383,-0.00016477630956727762,-0.0001735201629253191,-0.00021058560778339014
EGY,ssp370,mri-esm2-0,-0.02178776396119494,-0.002471870327594418,-0.005323571025026546,-0.009124276315510419,-0.0010409148482464644,-0.005354754176198637,-0.005699076979110144,-0.00745651551729877,-0.004821452651356195,-0.006642436086969334,-0.00761975804713866,-0.003990477241577471,-0.005828668723899258,-0.006044234019281214,-0.004373891429832703,-0.004190038500680988,-0.005655018349711993
ERI,ssp370,mri-esm2-0,-0.44854329336507626,-0.1588961227220925,-0.3302947823736668,-0.16389756269398187,-0.2984372932679166,-0.3241413428093913,-0.25029578619611653,-0.2849796584765687,-0.26357024268157325,-0.2196851288724328,-0.34171388044092865,-0.1937188216035401,-0.36059210655469476,-0.2779947999580189,-0.26742004985772777,-0.2656091953768982,-0.2609230120291288
ESP,ssp370,mri-esm2-0,0.005716697578117012,-0.02664891938486059,-0.014760542657894468,-0.003490884652524759,0.002038117840172192,-0.007316947265417906,-0.005086645840637755,-0.03239584721206238,-0.04269927000914235,-0.02643408751054655,-0.025849640392010594,-0.018988195385727873,-0.030793572585730514,-0.018885789098374305,-0.040630086155090867,-0.025663499878501965,-0.02394370274498669
EST,ssp370,mri-esm2-0,-0.010884940650094566,-0.031512855465896175,-0.029103527745154,-0.04215748884369607,-0.06085389103287984,-0.006500906643470673,-0.018619387936426247,-0.0037551029868704644,-0.026499611405015007,-0.015191992665588775,-0.013331743921364846,-0.013554771064220737,-0.008939076090118672,-0.032305980950894625,-0.013305053506679845,-0.03660875850498949,-0.028969013459576285
ETH,ssp370,mri-esm2-0,-0.029283612451492712,-0.04922785895682901,-0.09231958001372956,-0.029276522672234795,-0.03561665750129273,-0.026170868834687975,-0.024756225507346907,-0.04210708316263414,-0.02422154684628378,-0.01649369910161412,-0.028672870468700623,-0.02198071135395616,-0.03689761609273641,-0.020311457669717408,-0.018405225373167616,-0.013426203073026794,-0.014623115672039465
FIN,ssp370,mri-esm2-0,-0.0030622569067041026,-0.003977242604868345,-0.0020632543363755394,-0.002994527906673554,-0.004981035480656828,-0.003191106284144175,-0.011686433343680785,-0.0008239653358608249,-0.0057120312110800625,-0.0012041642832710568,-0.0024716794022466484,-0.007097558601376433,-0.0009947391157912643,-0.003156617423731112,-0.003980804494488994,-0.0023807315311159265,-0.005594615598600496
FRA,ssp370,mri-esm2-0,0.0047488400449030785,-0.029419210689585515,-0.0058265256217338674,-0.015469473513312893,-0.0233948294614298,-0.006665618385542672,-0.01211165167598839,-0.00931628785684301,-0.010097996681916752,-0.005952727739980524,-0.014715808265983775,-0.013562418377669432,-0.00642900693739386,-0.015561398474557201,-0.0274790278679884,-0.018359450470865176,-0.016191895419646624
GBR,ssp370,mri-esm2-0,0.001473230489203451,-0.003752736221315698,0.0007077061973890086,-0.0028205571546561525,-0.005481127012576746,-0.0037944067042436206,-0.0038505324299663896,-0.0027308160672947198,-0.010798657138949574,0.0014553636774498383,-0.003157384597665769,-0.000970074277144428,0.00016503826433377267,-0.0021451795326716473,-0.005247499814143146,-0.0023852645847561096,-0.0019434908207825576
GEO,ssp370,mri-esm2-0,-0.002960067469858764,-0.006995282844774526,-0.008611606824651334,-0.0034191852273109478,-0.004328739509352307,-0.013761816936570147,-0.004628687530776183,-0.017339234745881733,-0.013862405271283141,-0.01170445439295797,-0.008711570879197437,-0.008022793229962957,-0.01052612573172571,-0.010128197127214295,-0.012454816428337078,-0.01547369827532554,-0.012331641528046021
GRC,ssp370,mri-esm2-0,-0.010401658089204891,-0.01377743802793273,-0.010449690698357886,-0.013244124419791963,-0.0038536928632021085,-0.03239136918146725,-0.03977103489472868,-0.02128294561717039,-0.0037067268461904255,-0.03726017794612399,-0.041842674817756574,-0.015084560577720865,-0.029930147454925653,-0.03635891006452977,-0.033705874979185396,-0.02844237248889385,-0.02926739235391241
HND,ssp370,mri-esm2-0,-2.257381767211633e-05,-2.9085547779941473e-05,-6.251804991162441e-05,-1.5368882408804743e-05,-1.630470599534943e-05,-1.0377302267138793e-05,-3.3588366665997394e-05,-3.8819882931011895e-05,-1.9664710670729835e-05,-6.126762464412319e-05,-5.569232817321225e-05,-5.3618380339640405e-05,-3.8401032804075944e-05,-4.266703497634918e-05,-3.8934680797840794e-05,-3.642962098804425e-05,-3.242178779829236e-05
HRV,ssp370,mri-esm2-0,-0.0011604569865819108,-0.2390409525886364,-0.20049981423516933,-0.22610896241407552,-0.18218144028527683,-0.18567362177229904,-0.17744239708272389,-0.17467219489739996,-0.06837290129038974,-0.2734802659859879,-0.37173457480233824,-0.23602869221058614,-0.16232253609281846,-0.4681762221111609,-0.8696030941373917,-0.4885556375176676,-0.6761123774835491
HUN,ssp370,mri-esm2-0,0.002012229816127374,-0.052954705145120476,-0.02368437704384321,-0.04588535332162486,-0.06413931470149613,-0.02679256449421161,-0.03354328929179305,-0.025681551866230216,-0.018457264429140387,-0.06144206260967898,-0.06870072663651335,-0.02698742277618637,-0.02787407661206546,-0.04762138871178901,-0.08792568836853452,-0.05353670102403754,-0.06621700048799672
IND,ssp370,mri-esm2-0,0.0049149756403904996,-0.00789042394823961,0.0068210272264323055,0.0022553888840695173,-0.02819471365156534,-0.01033880266512435,-0.008129193871880484,-0.010905363378716493,-0.00838239514981602,-0.01377111997936794,-0.014382547524604078,-0.016297569901966513,-0.019706719778458122,-0.02229223008307898,-0.021897412759010675,-0.02235709866100196,-0.036259188601794085
IRL,ssp370,mri-esm2-0,-0.00033459767288531583,0.00019521603776969843,0.0004942124158977373,-0.00016489744217721095,-0.003721068796539842,-0.003112652526287337,-0.0008811731221224686,-0.0012636613770581886,-0.00449068928082101,0.0008016729977323472,-0.0012881038320138182,-0.0018267653946920483,0.000277800255490415,-0.000823226809244804,-0.0003857176706875523,-0.0004232827070957275,0.00019351474560242715
IRN,ssp370,mri-esm2-0,-0.033718961656886814,-0.0021640938732223614,-0.018177922069326564,-0.00433090458036137,-0.005099600170499332,-0.0048129077299002305,-0.011722119696637789,-0.018999181082346193,-0.015107470637281592,-0.011313347188854685,-0.010137295439134891,-0.010415060087195484,-0.011632629724365337,-0.009415120468369299,-0.009847203669711353,-0.005608073565701853,-0.005037332190775833
IRQ,ssp370,mri-esm2-0,-0.11898440332656528,-0.036858274153658846,-0.10571781023007974,-0.01697133469597573,-0.04070849223453133,-0.06784201297335818,-0.05453692719670667,-0.1107769147631675,-0.08354014906427105,-0.09579265077966452,-0.03945046571288187,-0.06315081010793135,-0.08680607250110091,-0.0718486366921768,-0.05948123052268069,-0.04075913708127191,-0.03216532133688305
ISR,ssp370,mri-esm2-0,-0.0007275443503173449,-0.00011886438451131266,-0.00033364876831117084,-0.0003499603240269188,-0.0003270248256383699,-0.000532697745184487,-0.0004579860102249426,-0.0008002616834273627,-0.0005186990735637944,-0.0005264815103346734,-0.0007225509883217363,-0.0002510189929110845,-0.0006750585271984504,-0.0006231569502182293,-0.00044230825838707506,-0.000463452230061058,-0.00023743490899983313
ITA,ssp370,mri-esm2-0,-0.0018844615158517385,-0.014408038241559321,-0.006839994775097467,-0.00529998266225595,-0.002384927252039854,-0.004226440382920727,-0.011042418143438586,-0.009748751483771906,-0.00795434719238058,-0.012389068081729062,-0.015222370906358163,-0.010777961164658519,-0.012183638663380363,-0.02003182519931306,-0.023592931454011035,-0.017029187584965553,-0.02096157321286608
JOR,ssp370,mri-esm2-0,-0.004290251619325269,-0.0015755405126843874,-0.003378770666588406,-0.0028719852588897964,-0.0016023744558116776,-0.0037068653915847153,-0.0022839096098513168,-0.004357397262661799,-0.0028675720777260384,-0.002827285456793426,-0.0036358141540070543,-0.0015231859377326654,-0.002895232126144948,-0.002583029875094776,-0.0022457268430943794,-0.001980314464574969,-0.0013156193639190664
JPN,ssp370,mri-esm2-0,-0.0007482180286855874,-0.00014825213431814109,-8.155538310415483e-05,-0.0001072818724037151,-0.0003385075765090586,-9.724898786144812e-05,-0.00020925358404329535,-0.00023612187193102705,-6.82349952704249e-05,-0.00033893306281775076,-0.00024199309782611337,-0.0003552074107508177,-0.0005190685458582993,-0.0003450295525378933,-0.00036871174093488634,-0.00016711548177758662,-0.000290597552660178
KAZ,ssp370,mri-esm2-0,-0.11431929908874612,0.016811494034000157,0.03220840798044635,-0.08825692681977249,-0.0181926847062344,-0.016413901433553212,-0.012166748203279365,-0.018932317397764124,-0.013488348261020869,-0.11090596255140878,-0.02093890450663399,-0.03425886642652963,-0.03202095965244464,-0.023055598181903753,-0.03962896319135421,-0.04353132174942226,-0.12329902858947733
KEN,ssp370,mri-esm2-0,-0.0029117329476666047,-0.006931693184945116,-0.009485173212372524,-0.002890058345994138,-0.002921789593449743,-0.0032091377690485617,-0.0045069450508407,-0.006606934092183967,-0.005338668192154354,-0.0036075922859330448,-0.0032057181734330364,-0.0037681109369900614,-0.003911136559261225,-0.0037957954232447633,-0.0034058852561077552,-0.0024821481670528845,-0.003036882903546254
KGZ,ssp370,mri-esm2-0,-0.14868396305296436,-0.03171278298436045,-0.0777865081423184,-0.03843746837412342,-0.05054823858859515,-0.046174224541898366,-0.09344095962370041,-0.12656223033661235,-0.0960949306280261,-0.04077954181450723,-0.05547708653887302,-0.041206486438142904,-0.039382181460169016,-0.016750611787735268,-0.0345041061725692,-0.017158664386107376,-0.018416957746698732
KOR,ssp370,mri-esm2-0,-4.497419976235755e-05,-8.634254553337608e-05,4.043022190067473e-06,-8.283865580833126e-06,-5.1211655297430825e-06,-4.375281211883171e-05,-0.00010998884711721621,-2.8527691676214357e-05,-1.8274103110598074e-05,-3.682052268392482e-05,-8.4428364914234e-05,-3.351516232443593e-05,-8.483204603854853e-05,-5.862565789829449e-05,-3.83982836803261e-05,-3.232583512937395e-05,-9.039532020691261e-05
LBN,ssp370,mri-esm2-0,-0.002801165100630139,-5.085643784742794e-05,-7.180854325116018e-05,-2.666026902247758e-05,-1.904653264876407e-05,-0.00010466801071575513,-5.665650704928011e-05,-0.00010787828542950108,-8.361567171468646e-05,-7.047658003403341e-05,-0.00010101353447606046,-4.315188424521603e-05,-0.00015915339762608862,-0.00013921584595664137,-7.891390150963057e-05,-6.912289953003909e-05,-4.828193001790008e-05
LTU,ssp370,mri-esm2-0,-0.01026417615811281,-0.11986029020982102,-0.0868795784925396,-0.37163076800213374,-0.20202543178432017,-0.02338083299860365,-0.0942883739182816,-0.0011695929039860476,-0.10757871488172406,-0.05045372920010001,-0.09350365052376815,-0.059115607269629986,-0.04992405962551958,-0.20585969291942352,-0.12429359784264175,-0.28214102897678306,-0.17703904570095463
LVA,ssp370,mri-esm2-0,-0.02072386743222911,-0.1087026184479809,-0.06176290866564381,-0.199369650552993,-0.16548401153971573,-0.02253635839069712,-0.07215060360148942,-0.0029402231775108472,-0.09998915132890271,-0.047547590418629875,-0.06331987770671242,-0.07462503903092123,-0.03647417602202715,-0.14808739221665512,-0.08393616645219179,-0.2203226721290062,-0.1344386512925473
MAR,ssp370,mri-esm2-0,0.0003508360311465907,-0.07596867733581937,-0.04366606434539202,-0.00501345424798308,0.0032987463446500836,-0.031907815164490747,-0.02751136133019359,-0.07118729421555349,-0.06459870914992853,-0.049188967317476906,-0.050382901269165864,-0.027672338369013758,-0.040485681542804255,-0.037192495660251845,-0.039254163747746845,-0.02128627991051009,-0.02468672510817809
MDA,ssp370,mri-esm2-0,-0.04824106988135065,-0.1115996988434441,-0.09726588603340154,-0.11155656681172892,-0.27004121608700665,-0.16091867734569937,-0.3754664745295272,-0.06379772756669874,-0.10516991974608961,-0.3763526589892906,-0.3870954580511851,-0.1436240249224779,-0.3421326202749915,-0.3721963899621985,-0.26066424310212954,-0.2210638192458723,-0.2746208193067196
MEX,ssp370,mri-esm2-0,-0.003623472275454961,-0.0029085342574222883,-0.002808840406336384,-0.004832030379020963,-0.006135800340760972,-0.007868492203246367,-0.008762296179028057,-0.00750900762005979,-0.009142778528282318,-0.008339571620374206,-0.008879808702740941,-0.00868064798600136,-0.008306856317629402,-0.00895698890049952,-0.008051384960808615,-0.008536043995325121,-0.00872803737447422
MKD,ssp370,mri-esm2-0,-0.03599803791707026,-0.016472614062934085,-0.023405717862965046,-0.023383325255591624,-0.009664564214920445,-0.03475464622952059,-0.04793299196862688,-0.016538735518598163,-0.009947428418535683,-0.06526946975816161,-0.07184895221539182,-0.02222518002405315,-0.04379886339642586,-0.07580598246217841,-0.07978693777686424,-0.05263152528813197,-0.06742660801321107
MLI,ssp370,mri-esm2-0,-0.032569046148693756,-0.014927342439513132,-0.01749219071954196,-0.014253818032273005,-0.012736645311484595,-0.011832725400629842,-0.008959484712077925,-0.008254758265242959,-0.006667601908495683,-0.0059586709596531,-0.005468173041007767,-0.004955905331980914,-0.004502472807917596,-0.004051747271292975,-0.003537859117030998,-0.003085312360126256,-0.0028448367209781907
MNG,ssp370,mri-esm2-0,-0.0274968126233688,-0.007134192281192185,-0.014419630234547391,-0.015636623964548103,-0.008017427716542354,-0.057035810172764344,-0.03949216786936291,-0.03428408344764057,-0.010053342480803399,-0.014203411730277272,-0.007429546947420301,-0.025622070266933986,-0.01251122795554023,-0.035215815060675684,-0.023187705427987405,-0.031999109204958506,-0.02208676622542202
MOZ,ssp370,mri-esm2-0,-0.0017299561315088667,-0.0007179765021572437,-0.006055174484549091,-0.0021379781195437343,-0.004626629539446446,-0.001147752334255345,-0.00025459545420813674,-0.0003775066415688932,-0.001791283840493421,-0.002415618777109446,-0.0011909519848104734,-0.0007481351034035963,-0.0007808200986063967,-0.0011351590756484419,-0.00040537725441493075,-0.0003914229190378122,-0.0010298528796071913
NGA,ssp370,mri-esm2-0,-1.3899304482389013e-05,2.8085436599041073e-05,4.8048584453424694e-05,6.319089603360898e-06,4.509325658508251e-05,-8.648244486419534e-06,1.5970244635155057e-05,-9.640286412197218e-05,-2.8219116555208084e-05,-0.00011945593612360696,-8.159371063647267e-05,-9.13507468416332e-05,-8.629767392573968e-05,-6.586368459188942e-05,-4.9994300097333434e-05,-4.4817568330586756e-05,-3.885422031757822e-05
NLD,ssp370,mri-esm2-0,0.0007223360173958473,-0.001358981620517312,-0.0004632383392798672,-0.001576372366494664,-0.003913893442151074,-0.000947159091231464,-0.0017071265588920216,-6.237464425395946e-05,-0.0006295178835681711,-0.0001592417900065417,-0.0030530793286096805,-0.0008122758781920708,8.159885198012656e-05,-0.00126305939611401,-0.0024170223486334446,-0.0015343223724677522,-0.0012142848240779614
NOR,ssp370,mri-esm2-0,-0.0007528412728304098,-0.00015526138118518627,-0.0004686260464666728,-0.0011280189872910579,-0.0015025609780911545,-0.0007828433553978852,-0.0013081378372581003,-0.0008177995211140124,-0.0017614813109023012,-0.0010531214765667984,-0.0013140994132770777,-0.0004925834523926123,-0.0005019478073127624,-0.001583470492220029,-0.00045535831371733987,-0.0013625570346575263,-0.0011495516535784528
NPL,ssp370,mri-esm2-0,0.00039641471446551864,0.01357840208286961,0.03139239252899333,0.017269671027080876,-0.06145547815913821,-0.053406520014568436,-0.08512333434071688,-0.024071817755423965,-0.05892441891329701,-0.07384894034316106,-0.06463887552438154,-0.06018115742744383,-0.07726098237484719,-0.07459924097242177,-0.0826242342801276,-0.0570491165910977,-0.05934179902678598
NZL,ssp370,mri-esm2-0,-0.002678107788018521,-0.0005220061523343858,-2.293759708660612e-05,-0.001210496920682238,0.0006581862475523579,-0.0028342547056523794,-0.0007972095195893101,-0.0011823967939291035,-0.0009688913951850324,-0.0015136706386252772,-0.005152144027018172,-0.005318155919905466,-0.0018969418238268048,-0.0011028550294995552,-0.001934969683519982,-0.00118425089198045,-0.0013569262165647076
PAK,ssp370,mri-esm2-0,-0.09271382474485293,-0.012221328581116445,-0.024061106892551656,-0.0005269306312407727,-0.03837563851109617,-0.03172035510081868,-0.029888445837780615,-0.04987023882143149,-0.038104615561115995,-0.038809403204286365,-0.03973506078278824,-0.03662815504088884,-0.030537994130347232,0.00288258005204086,-0.023602716483514093,-0.006793355402666557,-0.011538667662829289
PER,ssp370,mri-esm2-0,-0.000872055630743258,-0.0023538188327542633,-0.0011360996267566219,-0.0020691415291085972,-0.001989972202030237,-0.0016829367018235703,-0.0021251913842687095,-0.0013396627011592066,-0.0020512027325166873,-0.001297081849338226,-0.0018965145121949026,-0.0019439757570131238,-0.0017708103533066052,-0.0015705644112833884,-0.0014944479388271233,-0.0015623264325096587,-0.0014191099599990301
POL,ssp370,mri-esm2-0,-0.004063932796712629,-0.03457412598230634,-0.014061792785326573,-0.03883455990301027,-0.10168290506346932,-0.06091979903744915,-0.04329269419421919,-0.010214757627065172,-0.016303661800294,-0.04067276046463699,-0.023584673937427567,-0.014953870043555858,-0.009289559690720605,-0.03506944852391363,-0.045222869668371926,-0.07407679904889788,-0.039145498744339084
PRT,ssp370,mri-esm2-0,0.0007418561204954263,-0.0006071813827645181,-0.0001389349369466563,7.215850553595158e-05,-9.607334963431144e-05,-0.000326471476826731,-0.00011324919581498315,-0.001232675410514585,-0.0028712006135208365,-0.0009694631329945569,-0.0007717923296353823,-0.0007784810408686505,-0.000889245638997926,-0.00045324863646057934,-0.0018442819592399753,-0.0010647220907103493,-0.0012001806712919083
PRY,ssp370,mri-esm2-0,-0.029313303917725193,-0.04266773887137447,-0.03655275658876543,-0.005664401126940228,-0.008542672869969263,-0.0015817061904305448,-0.005955638642536355,-0.005042053956227114,-0.02384815931705009,-0.011053126504944645,-0.007307985074465396,-0.009689584008811881,-0.01947564350748472,-0.008927204228565614,-0.005733645055617111,-0.006608600166991127,-0.003841832529466675
ROU,ssp370,mri-esm2-0,-0.026414937420210262,-0.04892408538534576,-0.04728410905514917,-0.07283048958561068,-0.08512057672480042,-0.06945558193648278,-0.11364806375113755,-0.05533471128450775,-0.06379822521001849,-0.20638270992330957,-0.21572261958820335,-0.09598861708884787,-0.1623866002514134,-0.27217924677364475,-0.2600146711068612,-0.17205949492924696,-0.2371745582556322
RUS,ssp370,mri-esm2-0,-0.13372257749919064,-0.01411886242373186,0.018543825543691415,-0.07325497468932628,-0.039553045078581525,-0.0701625473138912,-0.02957080059523996,-0.07142398648604766,-0.06360890541916557,-0.15765353637784793,-0.04932692951299701,-0.060489348812007314,-0.11307835699117542,-0.10839913596552792,-0.08258137941151358,-0.1369343574103607,-0.13209942758512788
SAU,ssp370,mri-esm2-0,-0.013809474977129373,-0.005570219841022791,-0.020248694813350513,-0.018468073865366343,-0.016469447601152803,-0.015453763971921792,-0.016006075960354894,-0.017421425616497684,-0.016399501833159167,-0.016828143105460668,-0.016009037121727018,-0.017194799621532166,-0.016259494637551903,-0.016727408977672505,-0.0163686374156779,-0.014925133369883783,-0.014443654115685938
SRB,ssp370,mri-esm2-0,-0.05266014737290857,-0.07416682977781561,-0.09936085835335451,-0.14087153153625087,-0.07144275678591126,-0.07317475138962873,-0.0781340460126916,-0.05599881274570307,-0.03662810472002384,-0.25757708425915027,-0.19038883384472452,-0.10231471020685097,-0.1168692277429145,-0.35886710823958945,-0.4146918446570689,-0.3082863104102062,-0.3589235228328091
SVK,ssp370,mri-esm2-0,-0.00239243665642622,-0.03215510861281363,-0.018884799357583963,-0.03143247713071896,-0.06477926641802861,-0.01726758923531746,-0.022074706392307103,-0.018798821036428576,-0.011499657832150305,-0.024496855576007705,-0.029065272388226718,-0.012454866130146507,-0.011782162414434576,-0.02034177785577919,-0.02925847367080742,-0.037200653082029196,-0.026969870316003994
SVN,ssp370,mri-esm2-0,0.00039941684601901156,-0.003191961526555981,-0.0033667206631451067,-0.003910768996493543,-0.001953288810613839,-0.0019425849184131093,-0.002757384283142049,-0.0041950912790407625,-0.0011635309336400618,-0.00253037861843771,-0.00373893200084974,-0.001731696856802569,-0.0008675021550616277,-0.002985276357508643,-0.0058157710107710385,-0.004274602758895408,-0.003950939265662465
SWE,ssp370,mri-esm2-0,-0.0029173997680770457,-0.007973323674436067,-0.002329119374402655,-0.006010398302206996,-0.016106031794887867,-0.0016428565651343356,-0.007583935648013539,7.927972197439848e-05,-0.008100551319126938,-0.0008872444927870057,-0.0022605183346866885,-0.002469749759254204,0.001092927293170102,-0.0051223990546948395,-0.009031081353362575,-0.003253639710393782,-0.006125131051036785
TJK,ssp370,mri-esm2-0,-0.13247383399925133,-0.041804004843460314,-0.07283694477690007,-0.04259344727710366,-0.054050643755501226,-0.0388790321026252,-0.07219030079818851,-0.10860266910168695,-0.06416115588432365,-0.03679689594087536,-0.04459541193794709,-0.03686182358552149,-0.02881968737517559,-0.01412912397079183,-0.025633782486931645,-0.014355533263256556,-0.010239243152799067
TKM,ssp370,mri-esm2-0,-0.17625872896038225,-0.050152896549282136,-0.1364579354784767,-0.05151837294420794,-0.08411811662442428,-0.04139700669169375,-0.0956584175382114,-0.08789953195355771,-0.07402000901442399,-0.05910759513404978,-0.06811999311641656,-0.06597947922238379,-0.05688605017382046,-0.05112154466035731,-0.05210807064682107,-0.03101564551085519,-0.03217517892982071
TUN,ssp370,mri-esm2-0,-0.06554442035878942,-0.16318321325480345,-0.0977177146963247,-0.03174878109213842,-0.011805912967524177,-0.01547188020715015,-0.06494614695248785,-0.07913002748750628,-0.027489419831643113,-0.025507772444169668,-0.06255044060862065,-0.03996856205290494,-0.04927688128589805,-0.05449194192932182,-0.05093684131948836,-0.041410371497839174,-0.038837666555182254
TUR,ssp370,mri-esm2-0,-0.0038290173368966006,-0.0008233064162192162,-0.008155541425673329,-0.0007820897435530745,-0.001208711175569396,-0.01232487953610849,-0.006473622624135136,-0.010953235494912937,-0.007033330916083222,-0.017502259192861934,-0.013983578795029943,-0.007621132269785904,-0.01793449961225692,-0.018143753298904487,-0.01716563968911012,-0.014511424861978612,-0.012120976734522854
TZA,ssp370,mri-esm2-0,-0.00022710666568704602,-0.0011832454839887166,-0.004448462064158432,-0.0011656295538332953,-0.0002969846601990822,-0.0010346358038513046,-0.001161825775258901,-0.0029612617889601227,-0.0010369213883016613,-0.0015135858478496217,-0.0007787564795005993,-0.000752026724426731,-0.0010727405505089591,-0.0009343554755695304,-0.0006982423204599021,-0.0008521727296304496,-0.0009000608640460323
UKR,ssp370,mri-esm2-0,-0.10817337284610996,-0.17251374266011235,-0.0674906715712717,-0.1479805388953475,-0.16900417269763585,-0.21223997399669425,-0.19461759762452996,-0.06157417929085713,-0.11520217990125287,-0.3019972432883121,-0.21309361124398812,-0.08189929560948452,-0.2220795695259744,-0.2291773522234771,-0.14280404890584217,-0.26191699514688993,-0.1924909685103503
URY,ssp370,mri-esm2-0,0.0010045013403088285,-0.04095087232438234,-0.018929894092332488,-0.014493942782104632,-0.015421781927452027,-0.02353950251830759,-0.018168950317969626,-0.03608654487303935,-0.024149583695003737,-0.014647821022899687,-0.008238884636161532,-0.06339481182333795,-0.01572536767515973,-0.014194531412553302,-0.008101381958692559,-0.015414552048324447,-0.007815077357852048
USA,ssp370,mri-esm2-0,-0.011103505411826302,-0.0028861448994806547,-0.00243327391384601,-0.003977097524853168,-0.005201353381019741,-0.00556029017640497,-0.0028233422490319834,-0.006299797153259216,-0.004926885670983713,-0.007333106786848672,-0.004048729370321719,-0.0055416003488685875,-0.007325802471900566,-0.005785676773344296,-0.00600402406144507,-0.006501837824549564,-0.005066361110784226
YEM,ssp370,mri-esm2-0,-0.016657036991014257,-0.008534256032737424,-0.005318002796609291,-0.005667702794826113,-0.0061002241741510725,-0.004642021347315409,-0.003945565549616957,-0.003319749901809915,-0.00288355097712598,-0.001924291106724113,-0.0027918801275288035,-0.0013394660512955655,-0.002052945424604707,-0.0016952007928725133,-0.00173000041902542,-0.0014871430322704953,-0.0014943837627822306
ZAF,ssp370,mri-esm2-0,0.002245932401157706,-0.005365873399169311,-0.02900798086495584,-0.0031253938942378125,-0.016758626485132145,-0.007543392503012083,-0.010204782811991638,-0.009305006197983988,-0.007099583935400192,-0.003628371617277858,-0.007813384010894805,-0.009616005307473353,-0.012794766481481154,-0.008950400829417378,-0.007872097685816922,-0.008541758302637257,-0.011007688676648676
ZWE,ssp370,mri-esm2-0,-0.08773295326635504,-0.08045261345341301,-0.1971942111888442,-0.049989399656580946,-0.12272396420528625,-0.03959185838277347,-0.058350580824034944,-0.04205662323151653,-0.06985393094844172,-0.0755619789568181,-0.06258240679863673,-0.05039508011678289,-0.03966439609785815,-0.041189189282590445,-0.03507027597302359,-0.029596250269939117,-0.033204035418628555
ALB,ssp370,ukesm1-0-ll,-0.01339705007711997,-0.041054617991236955,-0.05086875563513689,-0.11308704907616533,-0.06440109964289677,-0.10764589395755675,-0.05748875223361309,-0.1301316433689874,-0.08618755008657619,-0.12924103064670178,-0.1338306390660357,-0.11003756176818792,-0.089894471751725,-0.19723408725407124,-0.20167226430523436,-0.2013276230747273,-0.20895883819393551
ARG,ssp370,ukesm1-0-ll,-0.010403497011451122,-0.0006533770607310221,-0.0020446070350996362,-0.0007696470059565927,-0.0009939389509319829,-0.0007197100408912593,-0.0005548776465526587,-0.0010626920869740866,-0.0009771686816611028,-0.0011849105155850993,-0.0010754453570350044,-0.0010935397976931196,-0.0012820909897072795,-0.0012230048151051598,-0.001577440782760359,-0.0014302000449353306,-0.0013520282502708847
ARM,ssp370,ukesm1-0-ll,-0.02066975688898153,-0.025660173841046838,-0.048776034437964313,-0.029222287860171187,-0.017601189214766267,-0.03215626842990798,-0.09369266256987374,-0.05644795324055878,-0.06111503834295805,-0.05407885687948825,-0.08643468805392206,-0.09477780577926413,-0.06499276083246647,-0.08218995167570263,-0.05941171179317926,-0.06546268380689141,-0.08953836739308679
AUS,ssp370,ukesm1-0-ll,-0.00917593926887283,-0.056451892610039967,-0.06024850107092098,-0.04203641623340164,-0.04356456962707065,-0.0711672052579495,-0.04819474576237185,-0.03253777527020665,-0.08162270603897943,-0.09877087691118383,-0.08138484688849376,-0.09336155809007313,-0.07877068248360525,-0.09789798168638195,-0.10126068188480244,-0.06787377218089087,-0.08748192082715267
AUT,ssp370,ukesm1-0-ll,-0.004085298380539193,-0.0034660078514742155,-0.0014475779013921545,-0.009027879864643634,-0.007510928541906524,-0.014181286495248054,-0.007258175126174643,-0.009245636818822395,-0.007083008069039585,-0.01241118147696927,-0.020019979957136592,-0.00958689706599786,-0.013820664884448237,-0.017379330670565924,-0.0159323797144862,-0.018627914124845536,-0.02299662559422289
AZE,ssp370,ukesm1-0-ll,-0.03790333611481676,-0.06814695802451329,-0.1284272612098338,-0.09081070410416835,-0.06045287988939239,-0.1268972755990193,-0.18578305765014147,-0.15199317480770722,-0.16173337608364746,-0.14979819508596698,-0.20265048051297,-0.21562423765167246,-0.17805223801660636,-0.1733342845899538,-0.13271161198652856,-0.16202934197283228,-0.1806041271038674
BDI,ssp370,ukesm1-0-ll,-0.012672071777884066,-0.0032617855281136293,-0.007917111362894932,-0.004653881409188713,-0.008062910259387192,-0.003689488492287196,-0.002477676613508904,-0.0034377053329065163,-0.0027500881159287917,-0.0050352233458671675,-0.0035327672494773663,-0.004462054300977306,-0.0025860487495835472,-0.0023760667414714546,-0.0016522450886004918,-0.0015870606919243858,-0.0017308833501451552
BEL,ssp370,ukesm1-0-ll,-0.0010321931383029668,-0.002460765066956362,0.001456219091941461,-0.001716771009757931,-0.0023581033224358895,-0.004963986198028483,-0.003399779768546941,-0.005794770094334747,-0.0032769298307667193,-0.0061457570436175895,-0.004906128653043849,-0.0030219029404194783,-0.01093945183038929,-0.008292812520085464,-0.013559477693181481,-0.01118765725030219,-0.0063747177730466
BGD,ssp370,ukesm1-0-ll,-0.0034606391038805424,-0.002296355147703469,-0.0015870834677565182,-0.001212962455715252,-0.0023981492897452404,-0.00233536150028606,-0.0027331779462006047,-0.003479118421270069,-0.002388805849729219,-0.0046640325265587465,-0.0030765318424262537,-0.002894784158186279,-0.004020920878898996,-0.003433766597573798,-0.003472275140612637,-0.0037019850329224396,-0.00403361287007602
BGR,ssp370,ukesm1-0-ll,-0.143794719965038,-0.2305500275126072,-0.18174917486726244,-0.4293037481725733,-0.33180897016655136,-0.4248687628685819,-0.36720774907347575,-0.39569108966793903,-0.32679993504087135,-0.4566770216077849,-0.5422613796117077,-0.47411426972596554,-0.5457769999260428,-0.6722630260419024,-0.6189298023894779,-0.5774207110868055,-0.6633256087123768
BIH,ssp370,ukesm1-0-ll,-0.024181648519708988,-0.009423238490990643,-0.015184654581872287,-0.05058183265837094,-0.035008228374873794,-0.055445141377756836,-0.03258076869910476,-0.0530456044945495,-0.02916174982851509,-0.058715155873880605,-0.054156712782835494,-0.04797755693172659,-0.059309028334935496,-0.07313648225531576,-0.06750928965862792,-0.0810925321129449,-0.09557876629240948
BLR,ssp370,ukesm1-0-ll,-0.010168679760770164,-0.03969799984955844,-0.02993406066876432,-0.03436871671635842,-0.047510019579038304,-0.04404084289198338,-0.046574308095626335,-0.0549436166680905,-0.0304531312027608,-0.041926417411482265,-0.062299473303114965,-0.052196573199865676,-0.042855307810354064,-0.05340493114600825,-0.047746046760025,-0.056431528721264224,-0.04688444094147736
BOL,ssp370,ukesm1-0-ll,-0.022609266382570513,-0.06046861325432973,-0.04189534695782193,-0.03001844586410507,-0.02838081700223909,-0.03685480915117762,-0.03669711231362503,-0.01530910807808808,-0.037212154286565956,-0.037316112999800984,-0.023153692616994778,-0.02123975496996048,-0.02443176205147398,-0.025616256863745947,-0.018604823905306628,-0.017714274331216227,-0.01941524917896349
BRA,ssp370,ukesm1-0-ll,-0.0052055978778625155,-0.0033335269173654933,-0.010904163914146772,-0.009082730531951674,-0.007155107562290028,-0.007084498849427141,-0.010890731279615191,-0.012958705029952694,-0.007932457336923349,-0.010991926428331213,-0.014173413450926126,-0.012827413821622708,-0.01472393106108903,-0.02090082584579396,-0.019774285482989082,-0.013616706434863495,-0.013889430216589851
BTN,ssp370,ukesm1-0-ll,-0.0005619385880575325,8.534381253808496e-05,-0.00018171375518717984,-0.00015570580173438842,-0.0007561085968875548,-0.0002635084943021093,-0.00016919758879780424,-0.00010798485282397033,-0.00028510531798993225,-0.00037000807287674176,-0.00031605511272384153,-0.00018251727666373477,-0.00023686906402957964,-0.00023861228943071022,-0.00020199455583059736,-0.00027752718089817785,-0.0003212847688145049
CAN,ssp370,ukesm1-0-ll,-0.08406956131050305,-0.07469829246207006,-0.0576823333412256,-0.033540089218072236,-0.08636461447495299,-0.0726523989983434,-0.08974935507021504,-0.08360093935548304,-0.0834531347007003,-0.06576261386071997,-0.10020945050559452,-0.07676957917449807,-0.07014407931684517,-0.06808883601845225,-0.07473397204661579,-0.06873332828959502,-0.07043283337598548
CHE,ssp370,ukesm1-0-ll,-9.565445628646237e-05,-0.002789515265261544,-0.0006597872485063928,-0.0024154483576001766,-0.002936359024145492,-0.004814044644662746,-0.0030786755948237284,-0.0037001144027741096,-0.004198352737148671,-0.006073587292281355,-0.004885280396984136,-0.0039790258486822015,-0.005255361748380927,-0.006634867664489227,-0.011373621970194448,-0.008918590907406525,-0.008157945826331758
CHL,ssp370,ukesm1-0-ll,-0.0016087568272295527,-0.00585851073453679,-0.0020481929196768723,-0.001773591315658013,-0.0034607279740015255,-0.009337911250234027,-0.008514851846708896,-0.006857554231212388,-0.004321171658637214,-0.010431810326008796,-0.005336287422860369,-0.005771129209133189,-0.0058091138733448525,-0.01319701364051637,-0.009446272956474776,-0.013122506073796492,-0.012269075861653673
CHN,ssp370,ukesm1-0-ll,-0.004842175412135042,-0.029387442197034524,-0.02258286914267618,-0.023259659898391533,-0.02765996628773344,-0.03083229029003561,-0.025983989762826162,-0.028856897305370083,-0.0428364739222682,-0.0330791207056612,-0.04031102091268841,-0.042648177056703075,-0.03639915159767324,-0.03887464710621163,-0.036155232108107484,-0.04721648935045611,-0.05868563363556487
CZE,ssp370,ukesm1-0-ll,-0.022705417027714933,-0.02538225153473491,-0.0001228502881020632,-0.042551195087393,-0.02642183355623265,-0.07444678277259681,-0.033203769714631404,-0.04422882955498168,-0.024244772752457282,-0.04993884025815332,-0.09252363665106428,-0.041169945289767945,-0.061885836788874736,-0.0770125547936571,-0.06274951987709411,-0.07606590332181189,-0.09867505160470696
DEU,ssp370,ukesm1-0-ll,-0.008273989905590987,-0.006726360002802322,0.0005665485826430742,-0.008378666475280468,-0.007508434791841721,-0.015804919310245046,-0.010428252552788649,-0.029106844551600432,-0.0071902556644458365,-0.016990345833006622,-0.02140047556380829,-0.011283698202738697,-0.022554144368386396,-0.023687255130315665,-0.031556854166241724,-0.029225727150622535,-0.027237855796133685
DNK,ssp370,ukesm1-0-ll,-0.0018682603950102203,-0.013485567152634622,0.002449097120626941,-0.003060500477557666,-0.005285238363841181,-0.008151420793448803,-0.009974744844634939,-0.013050783477605132,-0.0048436858754678964,-0.011052513675578827,-0.015574004747386804,-0.018878754654374545,-0.014715910466843823,-0.015097262304922355,-0.01729956434646813,-0.019617562323806483,-0.013680769913040187
DZA,ssp370,ukesm1-0-ll,0.013798319014446907,-0.09410752875286157,-0.044247789381876484,-0.13469330106072244,-0.06696130140518727,-0.14352013646879175,-0.06914028650380857,-0.10262586938729401,-0.1317561057242479,-0.13617564102106225,-0.1178549303249721,-0.05222761451590762,-0.08243750179540009,-0.0895375998687019,-0.08992478798470462,-0.08639215184077662,-0.08051341256510776
ECU,ssp370,ukesm1-0-ll,-0.0007375562631924106,-0.0009621671688713696,-0.0003822208496618365,-0.00045001833593951975,-0.0008405220034026971,-0.0008819661269119478,-0.00041862664263225753,-0.0007100270857123784,-0.0005129237174171989,-0.0005755061041389781,-0.0005960750319003496,-0.0005431550853403671,-0.0003317151626269675,-0.00048819038685471856,-0.0004391404318008137,-0.0004336875300887174,-0.0004044391376910324
EGY,ssp370,ukesm1-0-ll,-0.014440128975354067,-0.01605824954558561,-0.014363755745534787,-0.013385635249520342,-0.009225743039244167,-0.011241934973246095,-0.007502843821769196,-0.007780196501584615,-0.009415560243618828,-0.008788433790077708,-0.010016042376272193,-0.008770065714958312,-0.007315349754488193,-0.008045062890813897,-0.006045723587258831,-0.007003786717141069,-0.007185671589159484
ERI,ssp370,ukesm1-0-ll,-0.3663655818813177,-0.371058712202421,-0.5213262312809094,-0.17290077295618725,-0.21481841808527175,-0.511310444863394,-0.49080325949066167,-0.292060273820045,-0.40392935947576053,-0.4496858548248074,-0.2817183249882035,-0.382514834371992,-0.4682970578998651,-0.42024096489025436,-0.40581095110090104,-0.3605382148872918,-0.4064606913443524
ESP,ssp370,ukesm1-0-ll,-0.0011647462981651915,-0.006396322320794628,-0.013852482521124435,-0.013069297416882744,-0.020221837965915576,-0.020678068677213862,-0.023848976628423328,-0.03326957649969076,-0.02741571890826441,-0.046330794298302995,-0.04125574744042155,-0.03539777580248151,-0.0476981947595193,-0.04342601634695896,-0.04917670048582985,-0.0476812838617663,-0.04553015626031488
EST,ssp370,ukesm1-0-ll,-0.021774324292594627,-0.06621065014057026,-0.03863457346022039,-0.035277423480011186,-0.08019449087422606,-0.0475843631991682,-0.07139129896145283,-0.10811252400562738,-0.04457434686284484,-0.051075886074541096,-0.07640296460705182,-0.08149815819030656,-0.06638954040660382,-0.0801428236152937,-0.07458869031769304,-0.09065180754693983,-0.06841302525928111
ETH,ssp370,ukesm1-0-ll,-0.06843916395536469,-0.05876919164556697,-0.17999856219275498,-0.059936866319563166,-0.055918999663735224,-0.11751626522945469,-0.05575758793656813,-0.04454199779595618,-0.060970060380812784,-0.05675271750825399,-0.038576307800113,-0.04964491220429441,-0.05040387883084406,-0.030930612199241456,-0.039134312218417185,-0.02443630201374843,-0.036641666803824725
FIN,ssp370,ukesm1-0-ll,-0.0013092876591497178,-0.009408396889219012,-0.00213843941025503,-0.002253043446002971,-0.011615686176158605,-0.004368946103497555,-0.006906182027231521,-0.00921819692061121,-0.009607283095068682,-0.005529368826102401,-0.012972461622412541,-0.009244860407380638,-0.009418568999524408,-0.00984402296475997,-0.011471802154446268,-0.010313975142439431,-0.008058700690469565
FRA,ssp370,ukesm1-0-ll,-0.008205552047736974,-0.008562496523526574,-0.017833065810244034,-0.010537072007574607,-0.011383018098455114,-0.017495668372642936,-0.014869731326822497,-0.026120784625304466,-0.0194642784314696,-0.03553031937562206,-0.02288239061522317,-0.023173250969188014,-0.05177651779542093,-0.03734681661459335,-0.04435890047003452,-0.04417972755781119,-0.03218920220727202
GBR,ssp370,ukesm1-0-ll,-0.003033409124707184,-0.005053323009577424,-0.005089570047566161,-0.000144933183670566,-0.0006816030244715646,-0.012493194694941964,-0.0009856949083857445,-0.008279365879395054,-0.006235050160835939,-0.0044074902769478215,-0.0030369048193417507,-0.0058581145118297056,-0.014477195826600757,-0.005203310893213042,-0.0073394365050826,-0.00987816807825531,-0.010047505865177983
GEO,ssp370,ukesm1-0-ll,-0.011184320050104172,-0.015814384374890956,-0.018194974528100098,-0.019146290409935218,-0.010052747578311361,-0.015307831931591905,-0.02734910981262716,-0.023151974944356488,-0.025449129309632182,-0.020385608727434647,-0.028161079320869482,-0.033110340917565206,-0.024583840626770694,-0.02810848566144762,-0.022828344429371174,-0.020740917369980207,-0.02706672578905697
GRC,ssp370,ukesm1-0-ll,-0.0030186953786812644,-0.02508984390300988,-0.012872686549415495,-0.030840976514496583,-0.017336061174444993,-0.027942577577603208,-0.02141859680646395,-0.029623091197212372,-0.03601811623123091,-0.03034492820364279,-0.03377332512876448,-0.025705905099242757,-0.031473820873467694,-0.0404431577050803,-0.03992386483935788,-0.03914133667115679,-0.03918349984106362
HND,ssp370,ukesm1-0-ll,-3.290209569571852e-05,-9.928638996603966e-05,-6.053662192466778e-05,-5.0693352913932436e-05,-6.414030354197245e-05,-7.023172838567666e-05,-9.366675541776244e-05,-3.8878441735140196e-05,-6.681988022391569e-05,-7.428996347506214e-05,-3.6097332025740374e-05,-6.543319847330585e-05,-4.2428513679395014e-05,-5.319655721265152e-05,-5.035218164468051e-05,-4.231343447143961e-05,-4.21937015811417e-05
HRV,ssp370,ukesm1-0-ll,-0.025864288016428153,-0.05219166512583674,-0.10761703645236335,-0.42028764172963434,-0.3133744484144898,-0.5793055980673412,-0.38501200341747255,-0.6435458027434611,-0.3453441978656128,-0.6642328427087921,-0.7028239485550745,-0.5820293116700527,-0.8089065759674774,-0.9871854464703425,-0.7902429923057905,-1.1048751511474024,-1.2044330553515719
HUN,ssp370,ukesm1-0-ll,-0.02861499302829246,-0.015415220429388707,-0.022273822689302974,-0.07680440346233208,-0.06001462388526715,-0.10313449424514841,-0.06645317893635154,-0.10378807428849729,-0.051268026697738805,-0.09462918300236586,-0.11695914197452864,-0.08908254533151078,-0.11248363000263019,-0.14433229483859017,-0.11561059557315988,-0.1431674693259591,-0.15324879174143716
IND,ssp370,ukesm1-0-ll,-0.03706565288667751,-0.008973728616380072,-0.01986532824671152,-0.012220804879997275,-0.014346352423249989,-0.02389386711169281,-0.028335866008701693,-0.028254433914584,-0.024769361396097565,-0.03985346742500869,-0.030510873545376724,-0.02137406651735768,-0.0410475708928721,-0.03702336233654609,-0.04274809113737065,-0.03687213331097449,-0.04753489830780593
IRL,ssp370,ukesm1-0-ll,0.00022991836798130996,-0.00011769707683198498,-0.0026138972257573408,-0.0006324593462799359,-0.0003738093109342463,-0.00011699119312327122,-0.00010046898082631126,-0.0009371647886326704,-0.002005853525494678,-0.0017395185260436479,-0.00029743107611490644,-0.0015601878100111454,-0.0022913289505709943,-0.0016900627466961593,-0.002396963642193873,-0.0034356001820580453,-0.001931244057886894
IRN,ssp370,ukesm1-0-ll,-0.015280717939744297,-0.010773474469010875,-0.020669937708023334,-0.018071377711727565,-0.009120554514360746,-0.014421035700851171,-0.017293598284780252,-0.01599873196038641,-0.013740770921782343,-0.011024759654571965,-0.016226941088275746,-0.014680518953042013,-0.014576342017818877,-0.013137545911230333,-0.010360342680857499,-0.011472955656235816,-0.01334356761279225
IRQ,ssp370,ukesm1-0-ll,-0.20456523905180551,-0.09061836542081539,-0.11053146679623416,-0.1661640115364259,-0.06405237437861118,-0.0852157585631011,-0.10565677848387643,-0.09940758275464555,-0.10641274924540797,-0.08010661718828889,-0.1146340099578042,-0.0926340264949766,-0.08908293913126267,-0.07423364442977716,-0.07063900711962966,-0.06199234472192189,-0.0666058994278531
ISR,ssp370,ukesm1-0-ll,-0.0010058033227880608,-0.0006294669143007546,-0.0007015427033453679,-0.002009294973016351,-0.00044609644259874297,-0.0006632448533147835,-0.0012168312429611276,-0.0010994876000817372,-0.0010246365518014995,-0.0005291513643101896,-0.0007043868329149876,-0.0005739769246811733,-0.0006927626818882578,-0.0006221104596866975,-0.0005838747931588663,-0.0004561427854651947,-0.0005171323796814677
ITA,ssp370,ukesm1-0-ll,-0.0029349167343132674,-0.00272494406804079,-0.004190865378521468,-0.010906771204640347,-0.00845658837937422,-0.012859372477114182,-0.011103393044204936,-0.013671397406515637,-0.015590485778622069,-0.021322673570226866,-0.02100842399560958,-0.013451712181672675,-0.017602900104799896,-0.026221940826043635,-0.02520419697400438,-0.02814755670477807,-0.027030074696362705
JOR,ssp370,ukesm1-0-ll,-0.0033609121089667173,-0.0036637724728404725,-0.004703237004638269,-0.010261521156744271,-0.002703721162571498,-0.00413140706750294,-0.005587321649055436,-0.004820012484176639,-0.004574366560736769,-0.002378790720694038,-0.0038335861030234317,-0.0031852881382861123,-0.0029114822293109526,-0.002627422336538916,-0.002465565629818008,-0.002203364852679214,-0.0022753681949911767
JPN,ssp370,ukesm1-0-ll,-0.0001754191158100198,-1.866468837404922e-05,-8.081894600215619e-05,-0.00020495507696531617,-0.00016838755691294934,-0.00040845322278464785,-0.00030339880553165096,-0.00017872150913601258,-0.00026094346470342854,-0.00011173188412644499,-0.00013774892121071438,-0.00025071139945035575,-0.00021222930530101394,-0.0005103394556845605,-0.00034932949534353735,-0.000482719172052199,-0.0008885998886505873
KAZ,ssp370,ukesm1-0-ll,-0.06456898655923415,-0.05475711858603427,-0.16919140721574338,-0.12388850736153967,-0.09563815586959551,-0.0734878002504679,-0.08959398194583784,-0.09509598205489488,-0.09443331731496378,-0.1076373256670683,-0.15510561527242284,-0.17735648837451168,-0.16067865946087545,-0.15261763921975352,-0.12928435698890473,-0.14713207398755077,-0.13680003523632947
KEN,ssp370,ukesm1-0-ll,-0.011717563289314809,-0.006508025691823749,-0.008368423342049035,-0.004991903929531853,-0.005478212655932199,-0.012579566483481965,-0.00447536911342154,-0.0056049284330068035,-0.004479831497849597,-0.004739869122474165,-0.0037020058336146087,-0.004744373269121524,-0.004266160353490962,-0.0033113923563721052,-0.003985727920255856,-0.0028777378504946734,-0.003373989924082505
KGZ,ssp370,ukesm1-0-ll,-0.021004283050276892,-0.17984782817318853,-0.1258624664263379,-0.07451439684772444,-0.07943728902795329,-0.06489733380249074,-0.14182308013517236,-0.08657606048536558,-0.07874523572167404,-0.05082166662069904,-0.06581312666044264,-0.05847248027777731,-0.06295574515547143,-0.05802626748561409,-0.04955225024591445,-0.06892424855009176,-0.058124526589813943
KOR,ssp370,ukesm1-0-ll,3.5278966437647916e-05,-4.187282505491328e-05,-7.355957663293345e-05,-6.518884518979035e-05,-1.896998307246414e-05,-8.578962031816686e-05,-4.058697589164161e-05,-5.368918840170875e-05,-6.52324131947111e-05,-5.271376035315633e-05,-4.447476491509256e-05,-6.433140633710875e-05,-7.604725044938347e-05,-7.078323565292236e-05,-9.224635021487561e-05,-0.00010603456469011857,-0.00010555168833149123
LBN,ssp370,ukesm1-0-ll,-0.004677119326137971,-0.000116364641881898,-0.00015951177525640582,-0.0004185953685598733,-7.066582311602354e-05,-9.212113923430794e-05,-0.00024422832666029303,-0.00012435280534850717,-0.00012413958537664334,-0.00011348959674040326,-0.00011780262056120345,-6.619649204074821e-05,-0.00012688748663869308,-9.178958821306063e-05,-0.0001425657541991621,-8.90818569915615e-05,-0.0001417742140882184
LTU,ssp370,ukesm1-0-ll,-0.06676177652109967,-0.2935891023109423,-0.13583732171982169,-0.1933362657245087,-0.2948381390336221,-0.3052037950269993,-0.32833424055401744,-0.46674238073487656,-0.25100909876611377,-0.32111213320330206,-0.5118913319574687,-0.3959200492669733,-0.39560906886241687,-0.5235909113093284,-0.5578212498324625,-0.612572049712696,-0.4919923920220724
LVA,ssp370,ukesm1-0-ll,-0.03788753984634242,-0.22594519532794544,-0.1103151324446562,-0.121553753979992,-0.2478929923484189,-0.183737309926613,-0.24873598769451313,-0.449987125145087,-0.17338613343001766,-0.22219548972261124,-0.3730227658772505,-0.3323189084847656,-0.2839408338674486,-0.3902652737442986,-0.37424134485417015,-0.4622287450166015,-0.39035832449183827
MAR,ssp370,ukesm1-0-ll,0.012335907882956692,-0.0468881105603433,-0.05417811992698742,-0.03809117058371796,-0.028894793385559756,-0.06284421353718429,-0.03785151601814001,-0.05833675546471947,-0.057002866390170485,-0.0735144912111318,-0.05861366630881572,-0.03449509577300333,-0.0534905369652096,-0.05099247934707224,-0.048898686928398535,-0.04645196279415838,-0.04500352734567895
MDA,ssp370,ukesm1-0-ll,-0.06698716927653053,-0.1319725923013878,-0.14915183609636123,-0.2822580811577944,-0.21233499007888623,-0.24684719452738924,-0.22727823250358986,-0.2922793941121315,-0.16700687251868354,-0.2518363712610734,-0.3282629323822372,-0.3177620072627849,-0.3447083666366489,-0.39888745406688925,-0.3304744633202288,-0.3614528934487421,-0.33656448422703333
MEX,ssp370,ukesm1-0-ll,-0.003196421572485695,-0.005876956516358392,-0.004909090866846307,-0.005351206810387808,-0.006835680823993263,-0.007728504800676462,-0.009230549440531284,-0.008299407288527695,-0.009762243857931901,-0.007341485268987116,-0.009500657831498885,-0.009888363350294384,-0.008203435988695862,-0.009791933251067314,-0.00893657283127186,-0.009275200994403546,-0.009066719771111911
MKD,ssp370,ukesm1-0-ll,-0.038166108358673095,-0.06004574606756787,-0.023355498418906037,-0.06389262439188308,-0.036059627056418214,-0.06274808520057523,-0.0340130546320881,-0.06506506729783725,-0.04408325472147946,-0.05711772836534848,-0.06443813913031962,-0.05986163678256746,-0.053526808731676166,-0.09253243724042624,-0.09346001190848689,-0.09191409046565568,-0.09229990246900516
MLI,ssp370,ukesm1-0-ll,-0.02668720859427823,-0.023807099056664238,-0.02025223851916352,-0.015344446451988746,-0.014708397413293203,-0.011920985601391234,-0.009778376776119873,-0.008626019180374044,-0.008213124375718025,-0.006795720414298403,-0.005850203742859943,-0.005372829564198331,-0.004773186458980623,-0.004193050873217018,-0.003934302419737831,-0.0034534406855741356,-0.003374336760170956
MNG,ssp370,ukesm1-0-ll,-0.04591170080047866,-0.015936907568537075,-0.030753704442791765,-0.0188278859267129,-0.0254918037545446,-0.04061617772104771,-0.024615549870987772,-0.04676728274356991,-0.019374881742531606,-0.02158534586795886,-0.019685937767710514,-0.02166651295662452,-0.019900823567633133,-0.025230130808204503,-0.02829749452233852,-0.030324070535523058,-0.02818690293052547
MOZ,ssp370,ukesm1-0-ll,-0.005148728289738006,-0.004115526727852968,-0.00511165193592372,-0.0007552467493711675,-0.002670164745318737,-0.0014452695900739852,-0.0008893621452980511,-0.0021296018662244212,-0.0016518854477799822,-0.001336142580373128,-0.000969255312667464,-0.0007485011892716358,-0.000708531034321451,-0.001366717557550431,-0.001297361585119653,-0.0008521648579478196,-0.0007653989500906752
NGA,ssp370,ukesm1-0-ll,-0.00016476134470333782,-0.00048326275948204776,-0.00016569656971794636,-0.00023486200548460443,-0.00023598941632216132,-0.0003178391411175325,-0.0001582600325683906,-8.154862098450472e-05,-0.00015157467222752183,-0.00015131869632195466,-4.078383467441589e-05,-0.00010202454878512833,-9.879610933185675e-05,-7.745837793951795e-05,-6.939672052729536e-05,-5.772130087511111e-05,-5.5488602895659104e-05
NLD,ssp370,ukesm1-0-ll,-0.0008062727152517669,-0.0010909951522679272,0.0003743103351375749,-0.0005427095353525858,-0.0005657591414399223,-0.0019329581364413977,-0.0014422672092256061,-0.003286583979593428,-0.0008614093648167926,-0.0020802728002005952,-0.001669963758763559,-0.0010078923481153048,-0.002226819235794994,-0.0022690685182210476,-0.0037056339648330315,-0.003965397242005287,-0.002402404499970261
NOR,ssp370,ukesm1-0-ll,-0.0014555175937958412,-0.0034914057986744785,-0.001385988571455248,9.202286518365726e-06,-0.0021335378590295524,-0.0016963066909868043,-0.0019729320041779637,-0.0035683261357916107,-0.0025486270336359837,-0.0027574208570728836,-0.002872474683782951,-0.0029745430105059386,-0.002979469553971858,-0.0037648564425947885,-0.002616039459290125,-0.004387471945384533,-0.0032207365527821743
NPL,ssp370,ukesm1-0-ll,-0.04612425278351119,-0.07275656316279709,-0.03519186552532349,-0.04907192585014206,-0.06366751061700532,-0.08850417294174942,-0.07839192207778346,-0.035617555096892614,-0.08433905903160169,-0.07830858107130999,-0.08857590032261828,-0.08333275021713486,-0.0942436649107549,-0.09519590500045111,-0.09215537978197069,-0.09587534248916724,-0.08482834768829063
NZL,ssp370,ukesm1-0-ll,-0.0021596214524336357,-0.000319192270394889,-0.0003099182110065884,-0.00069091257916101,-0.0017830646531824172,-0.0005779743086531444,-0.0018079727577024374,-0.0017614095133185819,-0.0024039179679208717,-0.0026284350223458506,-0.0022734592419308914,-0.0019741212635921933,-0.0011273550405803182,-0.002117492401999182,-0.0008037294443780326,-0.0032271702453207708,-0.0022489318191504645
PAK,ssp370,ukesm1-0-ll,-0.1343514671159596,-0.02524104008113561,-0.04237985149961904,-0.044505427373349865,-0.04168473794952164,-0.04616247815750664,-0.03684366707578633,-0.049535032578834334,-0.04063569096180832,-0.04153101393093468,-0.03914536071747006,-0.03474078087337856,-0.03453697998107402,-0.03884970715521991,-0.03510712259501525,-0.034486858761054964,-0.032950937937947865
PER,ssp370,ukesm1-0-ll,-0.0028855601718376016,-0.007699692911278841,-0.0033932367149212533,-0.0020599670968534127,-0.0025777423251053615,-0.006016204704108822,-0.0026762067657298137,-0.00225432225635646,-0.003073355636901649,-0.005335638469837254,-0.002585249549809417,-0.0025844038013860655,-0.00309855520951089,-0.003053688147751894,-0.003163663811144104,-0.0026064815762069553,-0.0027444740730598574
POL,ssp370,ukesm1-0-ll,-0.018087479838259618,-0.03244131111719603,-0.013400480231647534,-0.036672121381679745,-0.05040657682008837,-0.0675481504415901,-0.04814604773952119,-0.06395918397628064,-0.03826706550684908,-0.05655899679375485,-0.08231534020849401,-0.05247406006630425,-0.06169179259567798,-0.08202128974015441,-0.08440758013575601,-0.08996147362507734,-0.08065866838903676
PRT,ssp370,ukesm1-0-ll,-0.0002656168128353606,-0.00019283797975195937,-0.0008323352722616012,-0.0003932669912796896,-0.0007010736454301145,-0.0006405387663904989,-0.0006011659313415156,-0.0015883628252968945,-0.0013198193151302189,-0.0019728867769280766,-0.0020589829872688496,-0.0020156000097006715,-0.0024919625630959634,-0.002122178899000064,-0.0021837802202763863,-0.0021938765416927197,-0.0020162677363449876
PRY,ssp370,ukesm1-0-ll,-0.019888484805642495,3.4433294911033854e-05,-0.02283536514476851,-0.024937418710871184,-0.01494002637939736,-0.01206644819293737,-0.021002616584534627,-0.023048430770441514,-0.009264430622882718,-0.017851278611940795,-0.02106815445107476,-0.013720722175490621,-0.019068179979190844,-0.02069717172047579,-0.018773912395875704,-0.012281528145005365,-0.012210974298965342
ROU,ssp370,ukesm1-0-ll,-0.0356558960465597,-0.05493578151184392,-0.07127957830683833,-0.16753375640319237,-0.12818039259252678,-0.18724433008146038,-0.1536985755381556,-0.17968720596147106,-0.1362660590586794,-0.2073983379916503,-0.2657941655003124,-0.24526577400173183,-0.274914752834986,-0.3455617537035808,-0.324967401595588,-0.36141481044141266,-0.3789963569574051
RUS,ssp370,ukesm1-0-ll,-0.06747767966553354,-0.08950188713082158,-0.15578490369104656,-0.16050331456049935,-0.17515331852396593,-0.11889876859346833,-0.13917913728704484,-0.1731713993510225,-0.13753602558569675,-0.1678796468621095,-0.24097207259413034,-0.25220067782189637,-0.20764058527293244,-0.22172880377760532,-0.18964016904920303,-0.2229840875386461,-0.22693892159683732
SAU,ssp370,ukesm1-0-ll,-0.00991993346897721,-0.01581483544902104,-0.021607855814381245,-0.019945635219186207,-0.019713254063388894,-0.018095287377157203,-0.017276557818408443,-0.01830459203264349,-0.018344012175672445,-0.017833663034340523,-0.020663586007874324,-0.019174307935639533,-0.019918191027748458,-0.019641705936251294,-0.01795962123062497,-0.018361932922807963,-0.018378180369582442
SRB,ssp370,ukesm1-0-ll,-0.06111937375288813,-0.06816281432028078,-0.07038192630870983,-0.22636925037320893,-0.17889384660126145,-0.2792089124395014,-0.18515485303648957,-0.2529128132662921,-0.14623089492408767,-0.28228333463984984,-0.3234065780618175,-0.2725662096940704,-0.3361023109785046,-0.4162544566598087,-0.40710070840709367,-0.46539965040484277,-0.4956161224806774
SVK,ssp370,ukesm1-0-ll,-0.022349277149581986,-0.019497143304357572,-0.012543454328100917,-0.04751277550299408,-0.03881991329568884,-0.06151870924684758,-0.04036736228793894,-0.0479018580766842,-0.032991789034523836,-0.049319092940925555,-0.07524155520068249,-0.046278925245479045,-0.048759902027909204,-0.07814864043721143,-0.057541631541847424,-0.06157507897656834,-0.07611489907288757
SVN,ssp370,ukesm1-0-ll,-0.005785662901020816,-0.00037384471654766633,-0.0009627472370501121,-0.00609081488562812,-0.00482436421357482,-0.008906718886065344,-0.004882525572202754,-0.006706726365713153,-0.004667891547538087,-0.00868830752223348,-0.011483591883295964,-0.006405557960872969,-0.007394686367224111,-0.00996681083135335,-0.008646592792689959,-0.012622007456852342,-0.014142648349336167
SWE,ssp370,ukesm1-0-ll,-0.005429345633779457,-0.010817051043030839,-0.0016560293467789485,-0.0008354348702556921,-0.007483826463728796,-0.006127807938132019,-0.006993228032046081,-0.012459104059715006,-0.007135846409364086,-0.007224519027082155,-0.010457920444214777,-0.008424250643433346,-0.009022332256137819,-0.010781387755057773,-0.008813275163448112,-0.012719611689618784,-0.00974273592372692
TJK,ssp370,ukesm1-0-ll,-0.023475261999257674,-0.12128355511164284,-0.10312370778654745,-0.06635492321426822,-0.05882734061645188,-0.05692901858784622,-0.09875499451468685,-0.06814139560006813,-0.06137711844879672,-0.035841762038402655,-0.05120270390461155,-0.043338886664172495,-0.0438101123041743,-0.04286059088498001,-0.03458459742260522,-0.039481259004790166,-0.03581476762047883
TKM,ssp370,ukesm1-0-ll,-0.07469511575747331,-0.1201913332093975,-0.10626015639114755,-0.10492482340311307,-0.06913393576688924,-0.091560356280613,-0.09338473052127734,-0.08626241339466202,-0.0769401441516467,-0.05853434286503079,-0.07941263526852099,-0.07497639866540995,-0.07434288443569187,-0.07083544425110967,-0.06624533982914094,-0.06925273310231533,-0.07264864519915466
TUN,ssp370,ukesm1-0-ll,-0.0029473831985004717,-0.054722482386645475,-0.05908468596565489,-0.09826661301797258,-0.058407549595059755,-0.06731651266904805,-0.027008495234311255,-0.046187757669377924,-0.05501328194309396,-0.06324587627867129,-0.06302577046158446,-0.025537187184263895,-0.04283553384813173,-0.053506208734057856,-0.05039178344389209,-0.04719429671765035,-0.05040394751478729
TUR,ssp370,ukesm1-0-ll,-0.019322207490779068,-0.0066463986348775286,-0.006519855067866318,-0.01858977589372948,-0.005455375508473987,-0.009248843692128425,-0.015467706920667491,-0.01649069673097356,-0.016857119867733646,-0.016072186961481685,-0.017525814660319685,-0.015916525465112335,-0.01748815688210554,-0.018670594589932164,-0.019212393578650355,-0.016833172058558412,-0.021489441686492756
TZA,ssp370,ukesm1-0-ll,-0.0038073409731984734,-0.0009595411606848328,-0.001274481287320434,-0.0011091170617919038,-0.002835409653724719,-0.0021096695443071516,-0.0020428288686651745,-0.0009069826102316215,-0.0010584647893330413,-0.0018026547558469225,-0.0009104692395235112,-0.00129109106549423,-0.0008445456148263475,-0.0009251495271890062,-0.0010031734258515823,-0.0008743563463680949,-0.0006902221410829521
UKR,ssp370,ukesm1-0-ll,-0.1926514962969956,-0.2134996759997599,-0.20786661797198266,-0.26857984689564446,-0.26985013970793065,-0.2720361318121475,-0.21548262111059555,-0.3417346169804927,-0.18471155805513537,-0.2685630323301431,-0.35639628229288367,-0.31511748631752945,-0.2839030669964785,-0.3654303368642585,-0.2651740871165119,-0.3182511243471608,-0.3192028997261263
URY,ssp370,ukesm1-0-ll,-0.013550166394499921,-0.0031397136271493157,-0.02722374789584732,-0.03049397637908586,-0.02540937799555331,-0.006031332965042861,-0.00997934732497526,-0.02220503718199196,-0.022178327128393915,-0.023285132365077538,-0.01836602396064931,-0.023165772055710524,-0.02678441367003889,-0.03257665749913069,-0.03201363124512001,-0.020038401500117806,-0.040302099884417374
USA,ssp370,ukesm1-0-ll,-0.00866662788036141,-0.008278815732156929,-0.007019763285367519,-0.00583361203770487,-0.00962081323823317,-0.00866638840234095,-0.009542027620322953,-0.010394852830062376,-0.011677602839594174,-0.008895472016510574,-0.011466006389055924,-0.010446036832436114,-0.010479620152256954,-0.010316119343949845,-0.009921027204860974,-0.010264304961024808,-0.009849739025796589
YEM,ssp370,ukesm1-0-ll,-0.015828940581511578,-0.004503630179608966,-0.003662597951645273,-0.0017525570706239445,-0.0032451921370438798,-0.005024317467315784,-0.0038590660150829145,-0.0022826115269600562,-0.003002763327268296,-0.003238010359315641,-0.0018682944982952598,-0.0020128857204956296,-0.002249784736977627,-0.0020755226688986272,-0.002010607502118372,-0.0016171132377901095,-0.0017849130858396546
ZAF,ssp370,ukesm1-0-ll,-0.010984908509136223,-0.014204374429597008,-0.003266534600399974,-0.006728363646851,-0.012553915516398149,-0.01364545007100411,-0.011526988381275286,-0.016330552321840566,-0.01599328832464038,-0.019632770006351323,-0.015667537951828663,-0.01061944232383549,-0.014009143070784491,-0.016396507797916415,-0.017228136311432312,-0.013372606079176116,-0.015629224627485998
ZWE,ssp370,ukesm1-0-ll,-0.13990683566062564,-0.10446168252634433,-0.11904391383722256,-0.02719300949603868,-0.08010634590800786,-0.11509590802278051,-0.03529962052493603,-0.08454521267140745,-0.08364956182780604,-0.07340249533422434,-0.033013006100148866,-0.04538577253950517,-0.03125096797155323,-0.04477213126472794,-0.040411027024637114,-0.03399355903510544,-0.03438024855905437
