country,ssp,esm,2020,2025,2030,2035,2040,2045,2050,2055,2060,2065,2070,2075,2080,2085,2090,2095,2100
AGO,ssp126,gfdl-esm4,-0.0024651141394178163,-0.0013293212645390426,-0.00037426916902290905,-0.0004365096623803837,-0.00026535747486219533,-0.00048352183665957587,-0.0003557942546347956,-0.0005326008048773274,-0.00023693722465377076,-0.00027279264186040846,-0.00024215280354833864,-0.00019563110756419668,-0.000159847719320317,-8.376525877814152e-05,-8.46659097403868e-05,-8.20326334975902e-05,-0.00011916051409298933
ARG,ssp126,gfdl-esm4,-0.036142063680952484,-0.000793855172532962,-0.008013241122654212,-0.0033238163060821174,-0.008615027051054235,-0.004632845149046476,-0.0002867572920301129,-0.00018337800569806555,-0.0013559927078913613,-0.0015174621807051301,0.0015108757169011108,-0.0015897008071825594,0.00010430446946375945,-0.0005004215325617892,-0.0006105073520801019,0.0008945689604696092,-0.0013164103945713108
AUS,ssp126,gfdl-esm4,-1.3059013705617033e-05,3.6129591278063924e-05,-0.00018113480318999653,-7.466527521857553e-05,-4.892460291290276e-05,-0.00012770083448258862,5.12771777842786e-05,-0.00021286665676850886,-2.974555664221167e-05,-7.478295076714785e-05,-6.631636064975661e-05,-7.896843141168592e-05,-3.526595819126006e-05,1.119117238931471e-05,-0.00010428980971125207,3.351128934859277e-05,-4.467512240266509e-05
AUT,ssp126,gfdl-esm4,0.001456422128111726,0.0007456573646541667,0.00010434596699241427,-0.0021368497318875667,-0.0004895384149008082,0.00016035501269471048,0.0016211446986263169,2.226847232218109e-05,0.0015719588813425367,0.0005478366551718998,-0.0016284377236362908,0.0008173549763404761,0.00034658640780760877,2.8780922551626284e-05,0.0009079391047849883,0.0008347790074983882,0.001302683816626368
BDI,ssp126,gfdl-esm4,-0.004159045129716318,-0.0029887447296755502,-0.0001344453550776116,-0.0005617411624127766,-6.203895695161225e-05,-0.00010714187380836339,-9.360912363667325e-05,-0.00010285158164760255,-0.00010389379788768384,-0.00016031094373053641,-6.491934083139506e-05,-7.429679112669364e-05,-4.9568899429599285e-05,-1.537264558432e-05,-1.0531849373821303e-05,-1.8987248551521297e-05,-2.1605598796984166e-05
BGR,ssp126,gfdl-esm4,-0.0012001628678105273,-0.003360920674391083,-0.001984444628717852,-0.0008257340404028424,-0.000809704845993615,-0.001287294598741649,0.00018813412431565354,-0.0006098827641435644,-0.001196411154269772,-0.00023201320656763267,-0.0012430305608092196,-0.0015963003747899835,-1.1152845225321436e-05,-0.0022028681923745566,-3.562295345681113e-05,-0.000598736663776973,0.0002394020622718492
BIH,ssp126,gfdl-esm4,-0.0030980045285353714,-0.016660304546120174,-0.015276582942724673,-0.012182433336330189,-0.004377715834243236,-0.0006847874012099378,0.003331629034973473,-0.0035305931494998438,0.001509255823696843,0.00153119043475534,-0.013873647833451457,-0.006919014136387051,0.0003543296328905514,-0.014949051522804489,-0.006706125114577791,-0.005144402938447066,0.008229631375479683
BOL,ssp126,gfdl-esm4,-0.14227687734856861,-0.281059112893697,-0.5510105553259336,-0.29319622448510224,0.01764195232091791,-0.10928899664779448,-0.20401045894219982,-0.12897631593137293,-0.19141675739892627,0.021813504528709657,-0.0027867674947227713,-0.07805416214228436,-0.05468514576122887,-0.015682953130613898,-0.10210782718904114,-1.0963807202724377e-05,-0.08616321222160422
BRA,ssp126,gfdl-esm4,-0.19507570355773934,-0.2072200804322524,-0.1759842027919531,-0.16922866436514206,-0.07628616409937457,-0.09639327643158556,-0.12008752494239962,-0.08934865455240154,-0.13641241115061628,-0.012343996136877415,-0.047986142039856426,-0.03338463395813108,-0.04472710545473911,0.0007154621397797733,-0.0639732294736667,-0.01421567547324982,-0.04254576100673182
BTN,ssp126,gfdl-esm4,0.00063769909572979,0.00015545917865182623,3.887039197085561e-05,2.498961283026317e-05,2.5807370466671092e-05,2.481743234832691e-05,3.116915851128907e-05,2.2455496012292655e-05,2.056681219946553e-05,1.6276324173781295e-05,1.4512799462388074e-05,1.2815020543018968e-05,-2.65700970566417e-05,1.3862171271596646e-06,1.9047109192578562e-05,7.700399650931514e-06,1.4502656584939331e-05
CAN,ssp126,gfdl-esm4,-0.004003671122184478,-0.016090808342325104,-0.006910515864058443,0.000800930530673029,0.0021376905837359357,-0.0018636345501225372,-0.002458306202732714,-0.009850176408057814,-0.0031862873588067303,0.00034047222028355445,-0.005042184837581026,-0.0019984553681271556,-0.006015409334760114,-0.002803118993418178,-0.0020492881752277514,-0.0032670218344342007,-0.0035553485507646195
CHN,ssp126,gfdl-esm4,-0.006573515904962753,-0.0025195214715435315,-0.002970355759491801,-0.003174277084443714,-0.0029686041163111466,-0.005121605444459187,-0.004077783564675246,-0.005476761648737836,-0.0020078855527956812,-0.0020915266973283095,-0.0036962508977879493,-0.0012657233017412024,-0.0017600638204182029,-0.002218786656534001,-0.0020157838379528488,-0.0010561889657560017,-0.0017389548972048577
CMR,ssp126,gfdl-esm4,-0.001840930812523393,-0.0012298976508374382,-0.0011304105298472597,-0.00048351926852992005,-0.0007127437436063306,-0.0005088833745696184,-0.00034664747805392837,-0.00040075590358567843,-0.0002921357675887253,-0.0002615410586818085,-0.00024116994029079375,-0.0001839885734776963,-0.00018452332307109822,-0.00012677946338613197,-8.399515252790475e-05,-0.00012723196571331612,-9.467526440268217e-05
COL,ssp126,gfdl-esm4,-0.002886583170602648,-0.0017470236725735141,-0.0014696288628413927,-0.00011953794421903088,-0.00044740447180529046,-0.0010219613809761853,-0.0006754818241514768,-0.0013448012805969123,-0.0013134439899184845,-0.000447833812652938,-0.0003691578434030204,-0.00020752198346352208,-0.00047016723300213057,-0.00038628122182859123,-0.00017741259705745055,-8.18935930328836e-05,-0.0004636385092637299
ECU,ssp126,gfdl-esm4,-0.003471860055543099,-0.0018756400777474496,-0.002498650992065209,-0.0002908770863553311,-0.0009731547510002169,-0.001494839008409015,-0.0006448115356806723,-0.0013660058728233316,-0.0008468800955187573,-0.0005640906468978354,-0.0006674457666947848,-0.0004768781395070405,-0.0006148573514078253,-0.0002318404333322793,-0.0003761021647817982,-0.00016882335531255254,-0.0002854580015231246
FRA,ssp126,gfdl-esm4,0.00036474355020476093,-0.0009364200399897286,-0.0014479686893074486,-0.001035997415258943,-0.0016341175063033255,-4.3871083634829e-05,0.00011307659085340116,-0.0003090026121412249,-0.0001885738687275084,-0.0002250367463936662,-0.0008956839332389139,-0.0005222921958603361,-0.0004171484179298543,-0.0005312332335580595,-0.00012861378253532457,-2.5007565244971163e-05,-8.559459365856345e-05
HRV,ssp126,gfdl-esm4,0.00028740506671277226,-0.16791365437363048,-0.13589864716439348,-0.14802176318717547,-0.0530376164051883,-0.00507744978729687,0.04497800447770159,-0.027067176708929948,0.025881856362684745,0.019238223757202435,-0.13033238307143985,-0.021815684122838932,0.003345428740382999,-0.1281050300503106,-0.017213408156426087,-0.0009413986503995791,0.04665254358154667
HUN,ssp126,gfdl-esm4,-0.0008524617706415251,-0.0074451306496252125,-0.005564347454202096,-0.005341357012715882,-0.0037261267094960827,-0.00035028341157225057,0.0012569964150078903,-0.0017123535219477938,0.00018869989926401825,0.00046980025182501465,-0.005148091384110515,-0.0011502748323692668,3.7817216752410603e-05,-0.004116025606906706,-0.000465189290615957,6.306160804202183e-05,0.0014676321747152958
IDN,ssp126,gfdl-esm4,-0.0012146610288971162,-0.0010008450046391972,-0.0020090010637599885,-0.00050528457704428,-0.00038565921179276524,-0.0003348440029098637,-0.0009051571394267842,-0.0007694726133028844,-0.0004278572443010994,-0.000450019108474071,-0.0005884951962588329,-0.00039754046054263896,-0.0003457994318124908,-0.0001209506589928517,-0.0002075123095963004,-0.0002520717402156752,-0.00034551206830514585
IND,ssp126,gfdl-esm4,-0.027244557616628515,-0.015716014173968527,-0.01577056177612345,0.0002184183734910164,-0.005552783108107785,-0.00997811105949626,-0.0025971782287267406,-0.0038884953691588607,-0.0044974546717731455,-0.002430616458635752,0.00027947197037141207,0.0005966230792601671,-0.0010032901132785072,-0.00030616372877265033,-0.0026289416632034024,-0.0009592648610455962,-0.0012231662520915212
IRN,ssp126,gfdl-esm4,-0.0012792501260688923,-0.0005706528482506376,-0.00010584477382844602,-0.0004812732630392617,-0.000297872778049863,-0.0001441609621259425,-0.00038214527531986534,-0.00027358763710774546,-0.0001298968148930022,-0.00037195139684640955,-0.0002733246057056532,-0.00020370571025849326,-0.00014128875846011385,-0.00013593917918616725,-0.00012526023811137432,-0.00012112849922683829,-0.00014842350546562683
ITA,ssp126,gfdl-esm4,0.0012101904524364731,-0.0032781088265161425,-0.0027365849634425946,-0.003352282463798467,-6.99771718985039e-05,0.0002091995240661871,0.0003945122553970094,-4.8402500336912216e-05,0.00033986944968634434,-0.000389776017636555,-0.0019506717648724477,-0.0010483223853962878,-0.0012301987778837156,-0.0010726118471527197,-0.0005356835499086988,-1.8965920243903265e-05,0.0003673109962399151
JPN,ssp126,gfdl-esm4,-0.0005623427203445493,-0.0003401277009551529,-0.00047183147525627447,-0.00020869856704257606,-0.0002588893541767298,-0.00024798099574486083,-0.0004475122330974481,-0.0003995424851408857,-0.00047217521490596696,-0.00047468518192964726,-0.00027041132895659083,-0.0006172986087788284,-2.6475939302425967e-05,-0.0005629499082613658,-0.0002053187509852048,-0.0002061970212139682,-0.00043747948608024924
KAZ,ssp126,gfdl-esm4,0.001312914430773437,-0.0002442503015342067,-0.0021968670325216394,5.877129974449967e-05,-0.0011632469225448775,-0.00038050006196040375,6.881339682678845e-05,0.0011833385760040384,-0.00041725870748681603,-0.0002513817851854744,0.00023925751541308213,0.00027233292763683835,-0.0004892912377585396,0.0005474780408697984,-0.00031664700642110375,0.00037399530163035666,-0.0007215342706149631
KHM,ssp126,gfdl-esm4,-0.02774032764472972,-0.008143095656556743,-0.014174752255208966,-0.0013728820715866626,-0.010336004960131514,-0.00755925597336993,-0.0039273992676955635,-0.004808797808199839,-0.004525784469302426,-0.0017647139844165448,-0.0012205530944917715,-0.0017014542579835664,-0.0022519200854382504,-0.000620918392246776,-0.001309207810211111,-0.0015777049139648264,-0.0008357359074354377
KOR,ssp126,gfdl-esm4,-0.0020599618563959285,-0.001151263225976004,-0.002422898987881049,-0.003133851663752972,-0.0014406131904540534,-0.0017002750594629146,-0.0011990053128714592,-0.0023636030670305666,-0.002094033815407521,-0.001853412594124088,-0.0016967071536832371,-0.001778183087148274,-0.0009218018045206875,-0.0014302251164063503,-0.0016087634771586813,-0.0014005133954559214,-0.0020679675279835796
LAO,ssp126,gfdl-esm4,-0.004291745757100799,-0.0018034777436584954,-0.0036239510724215026,-0.00032354974356642763,-0.0011741289385279173,-0.002454704245165337,-0.0009042304588475217,-0.001238863241536493,-0.0002985622075586937,-0.0006140606168218726,-0.000762092152587599,-0.0008472436156864182,-0.0005293413583722,-0.0003634808577245699,-0.000844945149076207,-0.0006185900434969396,-0.0011888900632744
MDA,ssp126,gfdl-esm4,-0.025673213644489015,-0.011116312480715818,-0.019500284046554753,-0.0008153229962210222,-0.006413212581271366,-0.00732804717032358,0.0018703889898548781,-0.0012541043185005827,-0.008346072555231877,0.002419209071189551,-0.009970263673403115,-0.0037330783091547417,-0.0008903231450065835,-0.012543116406552528,0.000659331431829959,0.0007977826405679723,0.0038633000255870317
MEX,ssp126,gfdl-esm4,-0.0011275263934201368,-0.0010928646727859322,-0.0015362375222369145,-0.0002668024484090787,-0.0004779629414942678,-0.000192545242953924,-0.00037059076095900497,-0.0005538469398501578,-0.00018882925119953985,-0.00025792884458563574,-0.00028991927507175555,-0.0002799508976238149,-0.00028694279237756373,-0.0002995292347096756,-0.00033620662760727027,-0.0002337263841620592,-0.0004956225702072157
NGA,ssp126,gfdl-esm4,-0.012980166404465122,-0.002756106230247887,-0.0026278712110696482,-0.0012884833653325752,-0.0010699361724697662,-0.0008142924994565402,-0.0007868409595982832,-0.0006456022709414847,-0.0006974701903785166,-0.0004157209413806056,-0.000576168945472811,-0.00040878799082743673,-0.00016611785081310166,-0.00021692410045905412,-0.00014576923455609497,-0.00019993240544033714,-0.00012425653992785072
NIC,ssp126,gfdl-esm4,-0.019385701165375833,-0.00505322934338005,-0.007279544504202203,-0.003002991648652238,-0.0011657856307126834,-0.002794633748267317,-0.0030641526119576123,-0.0020268204872528994,-0.0018200665493360586,-0.0008787381422337593,-0.00024253703533836694,-0.0004300370636731498,-0.0008832808453794795,-0.0007044086448673155,-0.0007927381590960975,-0.00027549549478219433,-0.001220567468861332
NPL,ssp126,gfdl-esm4,-0.013375596342567037,-0.005780658294238117,-0.0023121464466818475,-0.004432884056899284,-0.003433517938271266,-0.004989003642992836,-0.0014426086677518063,-0.0013226960389857339,-0.001925782328053952,-0.0011639263935116822,-0.00012524237343722772,-0.0014392838287227885,-0.00100801717520085,-0.0005171471070329822,-0.00031589397962488347,0.0001641030862858288,-0.00015228688010418092
PRY,ssp126,gfdl-esm4,-1.2341281872461474,-0.3345839333509473,-0.15157268467719368,-0.3139221988751658,-0.07441974718377281,-0.18177162308532843,-0.12478364786393954,-0.03096539917463337,-0.19049031127991192,0.060034819071730784,0.03682103202877368,-0.07776704613793092,-0.08220843424141815,0.04729392771397281,-0.13342485799286705,0.027154923806485234,-0.05276753877565356
ROU,ssp126,gfdl-esm4,-0.008177913685901574,-0.00870450395809959,-0.00767974826751425,-0.0019497613868571196,-0.0028853342686755603,-0.003348417827368008,0.0007984315353447388,-0.0019433451238383592,-0.003987038797971971,0.0002554533027099288,-0.005575515448822459,-0.004270693471236707,-0.0002750357194058335,-0.007976413109813004,0.0001028698492871121,-0.0008870722243052323,0.002102403455382261
RUS,ssp126,gfdl-esm4,-0.0019810179860096045,-0.0036058340996860602,-0.003710095553593962,-0.0010346890029405314,-0.003080927521232821,-0.000616083334285807,-0.0022345157642922535,-0.0035997225930377136,-0.0022521874874540013,-0.0006038014433932856,0.00017406018192885425,-0.0020311774005101263,-0.00047404841519904574,-0.0011636174324202476,-0.0008479867993873527,-0.0004282925445731687,-0.0006483543080656394
RWA,ssp126,gfdl-esm4,-0.011623455705643453,-0.009154422030213254,0.00018326728934931494,-0.0043378702960802495,0.0003081032132887087,-0.0002862275848013663,-0.0005440862424849912,-0.0006679503826160904,-0.0007933604488727596,-0.0014191480293949976,-0.00047666549721544235,-0.0007739723187547612,-0.00045958250518720565,-0.0001639856043882014,6.455644636867363e-05,-0.00012222633841234745,-1.9523403544721405e-05
SLV,ssp126,gfdl-esm4,-0.006407354694571007,-0.0031171586209400646,-0.0031779247966635515,-0.0015995788816170096,-0.0007314251136703847,-0.0014002587197592545,-0.0019400580622992499,-0.001252382922573584,-0.0013499013669214064,-0.000820664977547449,-0.0005945533220769444,-0.0006976938596211181,-0.0009710127751287189,-0.0008428096870299078,-0.0010242599326634604,-0.000622143372702329,-0.0011785055740610427
SRB,ssp126,gfdl-esm4,-0.03848658237533979,-0.058240594271316344,-0.07055008797691682,-0.0406798037696737,-0.02631540663973688,-0.008116244970875965,0.014215162960991089,-0.008636701156085674,0.0009291739080482654,0.009167109330448672,-0.034990488284105246,-0.02844159950801628,0.001822669494334084,-0.03662130788123189,-0.013407655450536777,-0.01367851615733945,0.016088803736098084
SVK,ssp126,gfdl-esm4,0.0024943168873636096,0.0014387619649918334,-0.0005726775078198733,-0.003871465746306068,-0.0016897386351851578,-0.00013041455594937522,0.0021650404918409157,0.00015738092316186245,0.0013602318891519803,0.0007311531603494113,-0.0036940085853162884,0.0010949330958763838,0.0008023892912527145,-0.00030823713178048886,0.0012087446602845324,0.0009976201309627988,0.002263799553703312
SVN,ssp126,gfdl-esm4,0.00036695779690498835,5.892601240767994e-05,4.859986466885048e-05,-0.00013596386175437645,0.00030012613548365615,0.00014111084761952886,0.00013110175922594083,6.795964222291721e-05,0.00022527099506831647,0.00015841268586583467,9.319894447545082e-05,0.00022218363743938034,4.566717866040363e-05,9.970451142835391e-05,0.00014728313079022862,0.00012149078545338864,0.0001630589244343828
THA,ssp126,gfdl-esm4,-0.0002897537453412064,-0.00013607303422331755,-0.00023860023288206132,-6.207202487602612e-05,-0.00013837818469327829,-0.00022190619208971608,-9.479312715196184e-05,-0.00012675170362079076,-9.484466753267427e-05,-7.641466430725947e-05,-6.826634989960595e-05,-8.700472771993062e-05,-9.19041033364672e-05,-5.226234202832327e-05,-8.26284854885564e-05,-0.00010400192498966166,-8.273875802543952e-05
TUR,ssp126,gfdl-esm4,2.080022030344704e-05,-3.460832359453405e-05,-7.479748887101653e-05,-4.407486469499095e-05,-9.473100823278424e-05,-5.7999562201655935e-05,-1.9455389929633296e-05,-7.963330784279551e-05,-3.062959879412036e-05,-0.00011351619774029038,-5.383799664945065e-05,-9.133322415901978e-05,-5.1938345019517686e-05,-4.7510072193544936e-05,-2.4917831474117255e-05,-3.107791107439751e-05,-2.05385251874495e-05
UKR,ssp126,gfdl-esm4,-0.14234017746155322,-0.02306103304610628,-0.0563456758405251,0.015660341152985764,-0.02040097357420945,-0.030733976293244796,0.00436635412565632,-0.0053530226955585845,-0.026859167689050653,0.0088958177332919,-0.02291180813508501,-0.010863352058249003,-0.00023184849478602836,-0.02934117434528151,8.10947083040613e-05,0.0076636259111232865,0.013911487822797748
URY,ssp126,gfdl-esm4,-0.06969841214457016,-0.014576468439948318,-0.030944985853906558,-0.026328123323347663,-0.03394832541706039,-0.02472355838296769,0.0008616886855260962,0.0049144084325656295,-0.004029028128516916,-0.0064059099874734324,0.005611195355867034,-0.015981433238352428,0.004562145341675559,-0.011045047702688222,-0.0007233063296511564,-0.0012399566373904995,-0.0025014754330616833
USA,ssp126,gfdl-esm4,0.0011390822560204275,-0.06440138362376902,-0.0066522679865756405,3.913519504909897e-06,-0.015754418663457913,0.0009405668718415949,-0.02797171058494708,-0.005902504980981771,-0.005692948047041798,-0.008089313549009648,-0.01019304212087908,-0.010493527523254997,-0.018835135055716535,-0.020704969785335647,-0.015303520119639369,-0.010226739859277094,-0.008540876620738885
ZAF,ssp126,gfdl-esm4,-0.010338823798623912,-0.0038174344107277398,-0.004494191004387235,-0.009726920787532253,-0.003986297295156547,-0.0010542285570218461,-0.002996796929086737,-0.0024188036948268716,-0.0028483163501497617,-0.0012223440801518801,-0.005212561922137267,-0.0011937657512127427,-0.003079539905227259,-0.0013181871715621223,-0.001991849876267331,-0.0014374361769605444,-0.002528311774698068
ZMB,ssp126,gfdl-esm4,-0.015534488428751431,-0.03639796256511203,-0.013307973381667811,-0.0017168485664496615,-0.0012633689256458735,-0.0037242607839407266,-0.005622191146749269,-0.003294721120749918,-0.0017444527831917904,-0.0006366064896436544,-0.000960371262770062,-0.0005160482112299417,-0.0009285356988948959,-5.3898158689479605e-05,-0.0008857300711183975,-0.00061416009189581,-0.00016457671578337877
ZWE,ssp126,gfdl-esm4,-0.0164802216144795,-0.043184263232730474,-0.022642649189472046,-0.00839938652671805,-0.004061397970205742,-0.006595673518013865,-0.008896311069499098,-0.004673983483037875,-0.0045293268841995775,-0.00020384096144731114,-0.004340021406333278,-0.001056584716492022,-0.002418388074135347,-0.0010375272907712366,-0.0017591923434709627,-0.001976022015482032,-0.0006128954888171941
AGO,ssp126,ipsl-cm6a-lr,-0.00112315191890784,-0.0009933097251749758,-0.0005408935625531995,-0.00037525884792052454,-0.0010149019760215788,-0.0008239005343989867,-0.000307114778120484,-0.00038484252582524797,-0.00024113015090600678,-0.0001825278675053845,-0.00016290522053804066,-0.00011250586254394087,-0.00017100790183793472,-0.00017700301653478332,-5.056915514574674e-05,-0.0001315012853996914,-0.00012072557929259091
ARG,ssp126,ipsl-cm6a-lr,0.014964901010587625,-0.014578373199043626,-0.013103798202654456,-0.004540156823668894,-0.0033239080105097224,-0.004929802410020378,-0.008342884619426727,-0.0033294194832949793,-0.0014504365025915752,-0.0029578974474337,-0.0020749714321338627,-0.0014841429381203571,-0.0014013039560674613,-0.0016168853139167606,-0.002415289302268895,-0.0035176533071817947,-0.001758507869682668
AUS,ssp126,ipsl-cm6a-lr,-3.779485162290587e-05,-0.0003846451167865204,5.512950209977835e-05,-0.00014809372846237865,1.7993886528829651e-06,-0.00014586715909352738,-0.00021741392411007778,-4.351523766232785e-05,-2.1027944939682644e-05,-0.00011623574940392324,-0.0001124599996202015,-0.00012255141901935896,-8.632541299364647e-05,1.662293909220502e-06,2.5118093523884572e-06,-4.9645010798018156e-05,-0.00013693311766999606
AUT,ssp126,ipsl-cm6a-lr,-0.0024535020563965088,0.002555911195697508,0.0013429976008689584,0.0002795610298928965,-0.0018391992042195503,2.4842293474062946e-05,-0.00047436029832458715,-0.0023391147782614243,0.00018292042922856303,0.0005592963968178532,0.0008150752161699723,-0.0002754179126712164,0.0004758227124584184,-0.0016439389525439512,-0.0005164077048847025,0.000846964721401023,0.0007949273904994488
BDI,ssp126,ipsl-cm6a-lr,-0.0014491590986393354,-0.0012072328979658429,-0.0014434537485222216,-0.00023194947532438975,-0.00014125346547484206,-0.00024406558795470883,-3.936885399812618e-05,-8.866293175553113e-05,-1.5494622920617223e-05,-1.6457842719552593e-05,-4.194784755927182e-05,-2.2715046893899037e-05,-2.305508615499549e-05,-6.781615247724833e-06,-9.87261126530347e-06,-1.7601257100444412e-05,-2.9615461021920706e-05
BGR,ssp126,ipsl-cm6a-lr,-9.494120040962501e-05,-0.0018894406794863429,-0.001066051035574821,-0.0014724921289555435,-0.001295964409894252,-0.0021132100686056384,-0.0012904976652906427,-0.001259242030808106,-0.0010811992492689088,-0.0002302185172733732,-0.0007660830370510247,-0.0007800850317536541,-0.001176873721215873,-0.0009016153390290716,-0.0014718085448250388,-0.00020850409879782483,-7.105103857956879e-05
BIH,ssp126,ipsl-cm6a-lr,-0.009124502863251756,0.0033630056495426,-0.00015389069213369295,-0.012867572237490615,-0.011507719738090632,-0.012625401427288406,-0.016952540459912686,-0.01634109322181964,-0.010114280372287711,-0.0018300067734132377,-0.004814056652490673,-0.00878703841230663,-0.0168688792261446,-0.022277398283775975,-0.011817721911089686,-0.007831257747202213,0.0051321183661087585
BOL,ssp126,ipsl-cm6a-lr,-0.03636909826262886,-0.4451789786250755,-0.3992482127611558,-0.06088683355890981,-0.017212864655213364,-0.20332896651110585,-0.13747389651163636,-0.07042827554217965,-0.07938627307247893,-0.10353064051618296,-0.10237603197039949,-0.03111815005597466,-0.08816167075696442,-0.050161297459934875,-0.052911652206581665,-0.06099897282966497,-0.04026869718740911
BRA,ssp126,ipsl-cm6a-lr,-0.07588899612767988,-0.12347675500653083,-0.2022675851111944,-0.06807080476749863,0.0031703210690999808,-0.11641636219097665,-0.16102412211403974,-0.0824312147530291,-0.08059826897089202,-0.08077768617804434,-0.09569074455788189,-0.046695162838741325,-0.06799653944483122,-0.05796801565477081,-0.04692256497318029,-0.04400080551613801,-0.0397765368603083
BTN,ssp126,ipsl-cm6a-lr,0.0002162669147569324,-0.0001301738515560052,8.384566462824513e-05,9.391917505939189e-05,4.778613964757131e-05,3.97982602650093e-05,3.399761840995406e-05,2.7989037994742642e-05,3.22813963868321e-05,2.2031978363931333e-05,9.20677362828137e-06,2.4279913378063686e-05,1.79649620116887e-05,1.2628540819119592e-05,1.9711725657434883e-05,1.9420920321911287e-05,6.133635126270625e-06
CAN,ssp126,ipsl-cm6a-lr,0.003576481093202926,-0.001188240490521089,-0.008982302423138785,-0.0006474211571749271,-0.001446948761774007,-0.007631381792754017,0.003355507233856322,-0.0011552578132733144,-0.010765698367958926,-0.003808216206135652,-0.006758819846517236,-0.01059246860165874,-0.0047279375175601004,-0.0066903126123638475,-0.006421428803639774,-0.0074400800018136,0.0018204533871953347
CHN,ssp126,ipsl-cm6a-lr,-0.00021119836297113512,-0.006223022695846314,-0.0017312697251945627,-0.001929563427756283,-0.002674883155563291,-0.0017168381685384434,-0.004202437071399254,-0.001267263848424109,-0.00266510302457349,-0.0029872911126263895,-0.004080664946404726,-0.004244899878812247,-0.0014427119108912935,-0.003235184785587429,-0.0022449200848214945,-0.002677417936991454,-0.0036097829094983306
CMR,ssp126,ipsl-cm6a-lr,-0.000857958248678218,-0.002485393791172567,-0.0007316290963853319,-0.0004957746417771102,-0.00044373303088153466,-0.0002866348676663312,-0.0001111837410146289,-0.00021749008039274588,-0.0001874269733899068,-0.0002603948330698098,-0.00013073681697158048,-6.479981749303052e-05,-0.00016108714712327087,-0.00015366691078055677,-5.139061757647602e-05,-7.62458483769951e-05,-0.00013440953690796784
COL,ssp126,ipsl-cm6a-lr,-0.0009826788508001615,-0.0008152071320539783,-0.0012907471151288653,-0.0006468557333627473,-0.0010583999904032208,-0.001174851202290179,-0.001485856430340174,-0.0004395176723300248,-0.0001629350262881052,-0.0006660362999455668,-0.0010697279819446993,-0.0008508332600062518,-0.0008587143196790738,-0.0003975018673856268,-8.433298104038045e-05,-0.00040481437456710355,-0.000331499498243869
ECU,ssp126,ipsl-cm6a-lr,-0.0017537301559121948,-0.0028321552889126393,-0.0018392962870999894,-0.001686313278313495,-0.0014774063607370736,-0.001600228658355208,-0.0008060003998182633,-0.0006937521039841485,-0.00048674211771656433,-0.0006301324467806202,-0.0007551853209269693,-0.00047052409971498355,-0.0005184352832354747,-0.0005832945114277812,-0.0004781547467596599,-0.0003458620888509129,-0.0002816999573927514
FRA,ssp126,ipsl-cm6a-lr,-0.0016142152405351107,0.00012777642890032014,0.00019354503956935554,-0.00041914780682583474,-0.0005538521900147864,-0.0006686719501364411,-0.0013855785329545227,-0.0013689069864259197,-0.0005581646082360566,-0.00040167797603758097,-0.0002547358015735801,-0.0004772251688450925,-0.0008532510677311865,-0.0008610947119922292,-0.00029271336153393517,-0.0005058144883375911,-0.0001860159488300818
HRV,ssp126,ipsl-cm6a-lr,-0.025273261286961494,0.053629606208673714,-0.002397575893697122,-0.12797420487668962,-0.12478612874399425,-0.10673114603703725,-0.20393227960414764,-0.20251932012753543,-0.1242293756830582,-0.008738350607274492,-0.024172017186521427,-0.06579235798175956,-0.07659975052759292,-0.1430750850830172,-0.08566548510878758,-0.03984146922804787,0.016585851667403017
HUN,ssp126,ipsl-cm6a-lr,-0.004672802897958499,0.0015543828857693231,0.0004018133919557372,-0.005204419089305669,-0.004746865221501839,-0.005225500744860882,-0.006063413860056841,-0.0059162117416448915,-0.004454931681711689,-0.0002120438156993111,-0.0013827258650279206,-0.0022223601749430805,-0.0026781139573471145,-0.0045089293051653505,-0.0022736922387553943,-0.0006074253334273025,0.0007568000580500505
IDN,ssp126,ipsl-cm6a-lr,-0.0012530792948112718,-0.0019019369346889802,-0.0014028370709315624,-0.0010675329975891237,-0.000947100735879909,-0.0010013612068986374,-0.0007005048350162922,-0.00045246735491814556,-0.0005142212364581998,-0.000504172558193446,-0.000856590336451132,-0.0005221879771925424,-0.0005073709714005581,-0.00029921831895915934,-0.00022580731611889448,-0.00024201391434126483,-0.0003167611801956236
IND,ssp126,ipsl-cm6a-lr,-0.015966034845533054,-0.035533178255238766,-0.010615116271731326,-0.009519370155855198,-0.002126057561760741,-0.009030639502992968,-0.005063326994802118,0.001341853924583963,0.00013348486388872906,-0.002605322862054429,-0.002841109980754049,-0.005086155990707991,-0.002690385235646686,0.0012195097798951295,-0.0021954916180496505,0.0005406000771693647,-0.001703964172169563
IRN,ssp126,ipsl-cm6a-lr,-0.001316023031661555,-0.00045286644107332387,-0.00022646211158332169,-0.0007493773489390929,-0.00041657262830559986,-0.00033868354067571296,-0.00037403193265314215,-0.00026490493287554726,-0.00023797415368129217,-0.0003264765399356069,-0.00018164911964439507,-0.0002737363677820115,-0.00011050453317449922,-0.00020156553325029674,-0.00016466598837320743,-0.00012754893244327817,-0.00013822869862750898
ITA,ssp126,ipsl-cm6a-lr,-0.0030303651297778214,0.0009563332562907105,0.0005952673873950124,-0.0012792360066458165,-0.0019338801708763734,-0.00010308831069596558,-0.003714549163612226,-0.0030065037103720405,-0.0014401142245632603,-0.00010013482107339172,-0.0003107408404727483,-0.0005132453234913563,-0.0007574115219782336,-0.0013902538896592546,-0.00033360138730006864,-0.0016712523588056842,0.0003443454405359954
JPN,ssp126,ipsl-cm6a-lr,0.00010805011633523035,-7.566906844703267e-05,-0.000160199246249797,-0.0006775377700157046,-5.0085747191114854e-05,-0.00026770908347991605,-0.0008047519999618923,-0.000344576486955342,-0.0006024494870353439,-0.00046636498092880794,-0.0007916093389338712,-0.00043233808437597235,-0.0002495776990748255,-0.0002786352167449498,-0.00030276678756607377,-0.0005467213434407434,-0.00014617173392370732
KAZ,ssp126,ipsl-cm6a-lr,0.001392480985131707,-0.000799218076984452,-2.5465866487389676e-05,0.00012183169230122593,-0.00056775906930163,-0.0013221208847109722,-0.00016223546119900555,-0.0008118979063948366,-0.0006911051898575046,-0.0009992929320988332,-0.0008041373193189691,-0.00062072155917279,-0.0006286830184492711,-0.0008245482506759764,-0.0005518779625766137,-0.0011266934765620578,0.00014146274152686256
KHM,ssp126,ipsl-cm6a-lr,-0.02329187692043263,-0.019425828906855326,-0.017500446612127723,-0.016956997450911025,-0.005010811904456684,-0.0091299726314152,-0.010607753766366322,-0.006614655949191952,-0.0038777484559982516,-0.003903187750337871,-0.004430825241506696,-0.002359269028152205,-0.0041157992228083515,-0.003003762997582793,-0.0018992006407536194,-0.0016574568691384245,-0.001451378224329726
KOR,ssp126,ipsl-cm6a-lr,0.0008559548143430487,-8.885124240649817e-05,-0.0006404831735585076,-0.001968607233458549,-0.0006824405315734984,-0.00033381050695739753,-0.0037326975290862307,-0.0014915844191993272,-0.0018757284080883694,-0.0011307643636428652,-0.002958949790220517,-0.0022471923336370423,-0.0005140432921910008,-0.0018409938056885844,-0.0015638751968158544,-0.0015624137910589051,-0.0008754006808712112
LAO,ssp126,ipsl-cm6a-lr,-0.006899011228679984,-0.002699399068189989,-0.0034878038774095047,-0.0028004522990391976,0.00019177714418245804,-0.000573459035713051,-0.0019374040012372692,-0.0011268727458566832,-0.00046724033882979924,-0.0009943288249890222,-0.001180437017413003,-0.0006875144466158632,-0.0004411984332813476,4.139280310064767e-05,-0.0011636529667969743,-0.00040914724314048616,-0.00045085499736044417
MDA,ssp126,ipsl-cm6a-lr,0.004895198079443563,-0.01302951892071864,-0.006327077601675813,-0.010396820168268303,-0.005097376222522459,-0.01654156099106542,-0.01015424314729215,-0.009997506398084888,-0.008492060877058515,0.0011106507455313408,-0.0042805492297000635,-0.002279217177635669,-0.0035390077366257116,-0.00032709860760656614,-0.009688623230459319,-0.002337840034824268,0.0007208156419491331
MEX,ssp126,ipsl-cm6a-lr,-0.0011236134506185842,-0.001258535287722234,-0.0008267398252656235,-0.0009167670633301239,-0.0006519268830080611,-0.0005910976870704114,-0.0008084938677374839,-0.000612687685406558,-0.00035713355900478933,-0.0005633729484527207,-0.0005732262872882678,-0.0004670413679420877,-0.0006734946371361118,-0.00021837482108689983,-0.0003468294265785817,-0.0003160674762223243,-0.0003825231425750868
NGA,ssp126,ipsl-cm6a-lr,-0.005303376924203524,-0.005838277009531771,-0.0023682486364875266,-0.002376838612472708,-0.0011497442111069625,-0.0013293868545812804,-0.0007078322087031752,-0.0006079741905653613,-0.000536195754784086,-0.0007818979158923207,-0.0006081181052267363,-0.00022098946626783133,-0.00039055879955254196,-0.00030996452225121556,-0.00016231207698802063,-0.00014685618541092953,-0.0002366022556061468
NIC,ssp126,ipsl-cm6a-lr,-0.012229479833547184,-0.008089643467855161,-0.006038185798919594,-0.006020323485260224,-0.0057609317776027005,-0.003350705488764443,-0.004168733398280948,-0.0028094076101819977,-0.0021040059712540632,-0.00198087004247014,-0.002447080378650507,-0.0019542589105370385,-0.0021387324641755972,-0.0012392015352153199,-0.0007891351130247532,-0.0005524227606678295,-0.0010317329682886312
NPL,ssp126,ipsl-cm6a-lr,-0.009049983048304153,-0.014477913854065634,-0.006619950720207334,-0.0024267815839743535,-0.004111853041110252,-0.005628526913356826,-0.005318145808293184,-0.0003852419460379313,-0.002789523919686089,-0.0019941033423701935,-0.003187174465835987,-0.0011393756450947025,-0.0007809903823043224,-0.000529733653607916,-0.000462480497123523,-0.0003403521219656487,-0.001165447735777428
PRY,ssp126,ipsl-cm6a-lr,-0.09356018776466334,-0.4659311355384445,-0.5118152817679819,-0.04191155033804696,0.016396182541460618,-0.1934157432959705,-0.2730261576292288,-0.11665374088948902,-0.1290760182731107,-0.09751421167952616,-0.14229336239200344,-0.07451620530291748,-0.10840516709718559,-0.08393762127287999,-0.04535964676185892,-0.04202729439001229,-0.1005452082385262
ROU,ssp126,ipsl-cm6a-lr,-0.00047735360471732994,-0.004661438129954503,-0.0029672044073549226,-0.005539584177512633,-0.004677166309096324,-0.008104238648999416,-0.00559914977928853,-0.005417649220409151,-0.005188351085241362,-0.0004829491054590178,-0.0029917145288265836,-0.0026079999038945804,-0.004226325467831059,-0.002790976658811201,-0.006124751373760497,-0.0017194833513669125,-5.03495415021301e-05
RUS,ssp126,ipsl-cm6a-lr,-0.0038202730596708,-0.005906451168784821,0.00046227949907135305,-0.004163263302624144,-0.003911185491599985,-0.00696629527257167,-0.004214364399177269,-0.002340296160554038,-0.004172141919690258,-0.002805209144036251,-0.002453270378023447,-0.0029546099995817632,-0.00228466184582055,-0.0012048207735068936,-0.0018924785952696046,-0.0020663502610253808,-0.0063556564290975625
RWA,ssp126,ipsl-cm6a-lr,-0.002876006105277801,-0.0015330117912975103,-0.006692341512620276,-0.0002779130730144601,-0.0005377455870084261,-0.0010996357146692657,0.000206822583712196,-0.00034047382060309556,0.00021265322220602069,-7.387242423701595e-05,-0.0002232111600218036,-0.00030888204194998034,-4.914838545815862e-05,-7.327813112899931e-05,-1.585580467422649e-05,-6.582691376110441e-05,-5.019143568571462e-05
SLV,ssp126,ipsl-cm6a-lr,-0.003443431179728564,-0.003474995862413064,-0.0033918922495768276,-0.003151163429988466,-0.0026589392980585773,-0.0017248113901472742,-0.0026202573907383596,-0.0018082701699432982,-0.001109554126706873,-0.00142945785376644,-0.0018170948780869612,-0.0014273733407872229,-0.0017580623699834223,-0.0009678801173429226,-0.0007841002129573678,-0.000683750072683935,-0.0010998244810400506
SRB,ssp126,ipsl-cm6a-lr,-0.05083020187140953,0.011068816338887734,-0.005391672212786559,-0.057585297812112066,-0.058918015316679055,-0.06527009674819953,-0.06230783279199616,-0.05866643152112046,-0.048741543627243145,-0.006680191219511062,-0.020256041223742687,-0.037116039358292656,-0.04311588765137632,-0.044541000424970216,-0.027800657589110458,-0.013237451966305224,0.013781980544603592
SVK,ssp126,ipsl-cm6a-lr,-0.006762397124799661,0.0035968033332397197,0.0013552208013168495,-0.0017124642395034185,-0.003359605680554907,-0.001540306080355641,-0.0028800614430840063,-0.004608256869220466,-0.0017831826629287765,0.0006873676322234849,0.0006087378502266112,-0.0016598451939436013,-0.0005129679468577224,-0.004299401552215758,-0.001941162467600926,0.0014881652056357938,0.001159996100896107
SVN,ssp126,ipsl-cm6a-lr,-0.00021214846641795165,0.00034217611606376805,0.00015692679307705812,0.00011272130183954498,0.00010209886148515532,0.0003534794833019683,-0.00038655711104753764,-0.0003011157064311089,0.00016865303703601938,7.887268735969715e-05,0.00021542476280243637,0.00011120764771584581,0.000145251138646258,3.96872364602255e-05,7.973477430717047e-05,6.857319689696264e-05,0.00018642397202834986
THA,ssp126,ipsl-cm6a-lr,-0.00038805382353386027,-0.0001781448203841077,-0.0002240625285353008,-0.00023138534102483765,-6.928068095510608e-05,-0.000139003385838131,-0.00019405178369771256,-0.00014200051970113167,-0.00010563579641683558,-0.00012459280547836446,-0.0001362296244729301,-9.80352343073412e-05,-9.737707426301625e-05,-7.588293510097039e-05,-0.00012164973847875115,-5.94530911146715e-05,-5.34048223427014e-05
TUR,ssp126,ipsl-cm6a-lr,-0.00014074894564182285,-5.8917833881189365e-05,-4.6953074583989005e-05,-0.00011704293678240726,-0.00011141481633924483,-7.44497566990525e-05,-2.5948780145367642e-05,-3.760573225739029e-05,-5.017119984729639e-05,-7.438687120344165e-05,-3.165031716424185e-06,-2.126317412176041e-05,-3.096983157554103e-05,-5.279555901399024e-05,-5.608136878339885e-05,-4.9344445583319476e-05,-5.3229157993410795e-05
UKR,ssp126,ipsl-cm6a-lr,-0.02496311603549225,-0.10571369613698678,-0.02748756256621409,-0.0758717416241211,-0.010386836121336932,-0.08374927528665659,-0.04060548198584342,-0.03152479427335108,-0.03815299602819882,-0.0008389427360749876,-0.020484732425947894,-0.007609620814251773,-0.017447816629480764,-0.003774036356216401,-0.035649349517881776,-0.012386128330708988,-0.001265362157248595
URY,ssp126,ipsl-cm6a-lr,0.06394752023859324,-0.04594134886707916,-0.051685600530214044,-0.018787957870486687,-0.016113287855085364,-0.012921716805241599,-0.027321535149552288,-0.025012396070952268,-0.007721003873399209,-0.01456374503544186,-0.006262057219024011,-0.00259981286662391,-0.006255658531409552,-0.009786976688967684,-0.02013875866413057,-0.013242217299823191,-0.010072269554453112
USA,ssp126,ipsl-cm6a-lr,0.00863096007770497,-0.0009422278059701478,-0.025566378093695333,-0.024871145658164513,-0.017034020876263805,-0.025853519410843556,0.002314442542206371,-0.006576753157109547,-0.04094078935066788,-0.010497033213318605,-0.015816019886735713,-0.019070274089857883,-0.007105906259873678,-0.017984613628291502,-0.01593188666863514,-0.009878184087051965,0.0013309486806675117
ZAF,ssp126,ipsl-cm6a-lr,-0.016154910945634055,-0.014346923714273643,-0.010424948219218516,-0.012027023056479845,-0.0013970346248275652,-0.009618082409335996,-0.0024091481312465235,-0.003625144905079274,-0.006188913320488584,-0.002926880482234866,-0.0028510646602075466,-0.0018765289226603903,-0.001824662213108755,-0.002687579883484763,-0.0014640697208855738,-0.001870209417902329,-0.002515478098553073
ZMB,ssp126,ipsl-cm6a-lr,-0.005995298598309022,-0.010526721961868834,-0.002456557547326782,-0.018227556498139532,-0.007317079428694681,-0.006125117403261318,-0.001679523011760638,-0.0006759301143843714,-0.0010688186535547318,-0.001214085511780476,-0.001307478679113082,-0.0009028224445789025,-0.0012944370721492213,-0.00013694518800521716,-0.00031934763827722853,-0.0006357991933251221,-0.00015064861763656198
ZWE,ssp126,ipsl-cm6a-lr,-0.03969753073838514,-0.009180941147433968,-0.018715722440264322,-0.026700199156755137,-0.013353191261442679,-0.017917986471194178,-0.007231474101874012,-0.005693494999194409,-0.005573878509135233,-0.00483407422205588,-0.002534420978923688,-0.0022933111583490497,-0.0017433575779124723,-0.0012999680641528689,-0.001501735093287996,-0.0023708117016591488,-0.0005896779399758049
AGO,ssp126,mpi-esm1-2-hr,-0.00037238196886795556,-0.0003199793787785065,0.00023633943447851834,-0.00033761165263559333,0.00014984406429889344,-1.638899990901759e-05,0.0001295147767113668,5.6366599133073085e-05,-1.3045814658120097e-05,5.9056397807791155e-05,9.079767234961609e-06,2.4719878018049835e-05,1.3072632267879005e-06,2.8724196141576828e-05,3.5822862345026885e-05,9.849899665717069e-06,-3.2041870885642378e-06
ARG,ssp126,mpi-esm1-2-hr,0.03856333515844361,-0.007487345530160432,-0.001844099831568397,-0.0032017369094836435,-0.0029410648229406004,-0.004645460073501838,-7.708480544016962e-05,-0.0021551304919874103,0.00014944632495122643,-0.0017777327553969377,-0.0007107129865913124,-0.0006042843543507693,-0.0018984899978196782,0.00041929883034372316,-0.00031589208604863536,0.0011182661184853252,-0.0006706833323578866
AUS,ssp126,mpi-esm1-2-hr,6.79435438503853e-05,0.00017600948492313442,7.768676178126147e-05,-0.00028388737098915506,7.660460974138635e-06,-3.9130280378242575e-05,-6.964229990545005e-05,-5.722761714511347e-07,4.0123364727082515e-05,-0.0001111206796595484,-6.996594136808038e-05,-4.8867707671245535e-05,-6.992672179248108e-05,4.733555858213001e-05,-0.0001018198349633425,-2.1685712983436136e-05,-8.476919186037399e-06
AUT,ssp126,mpi-esm1-2-hr,-0.0003271474507653001,-0.00324284996649129,-0.0005598322486186233,4.701029778666472e-05,-0.0007178391988426202,0.0005385045249213836,-0.0019383805215519839,-0.003842010548098963,-9.02365641620276e-05,-0.0001488890770688553,0.0002705098586597425,0.0013156654428047511,-0.0014156213942256137,0.0012537312034956918,-0.00012419762957508406,-0.0003161713013306321,0.0006128340151002493
BDI,ssp126,mpi-esm1-2-hr,-0.0004634809612760024,-0.0002578347175482488,8.453686658909617e-05,-0.0014007806283956546,-0.0002152800368851255,-7.87413957366444e-05,1.5716837768804646e-05,-0.000134636541734088,-2.2696524670529348e-05,1.2767012788994244e-06,-1.1504583629554507e-05,-7.616461793092588e-06,-1.369093662317089e-05,5.21960580456015e-06,-6.35043931081041e-06,-4.757402869425757e-06,-9.20445956811995e-06
BGR,ssp126,mpi-esm1-2-hr,-0.0009651484701170188,-0.0028568990948759244,-0.0009142622750506147,-0.00020375216970440433,-0.0004301540003999032,-0.00048472927985320863,-0.001051398160462161,-0.0017779343004771734,-0.001584154598916279,-0.00027388471643389,-7.387793699227204e-05,-0.0003677824813214292,-0.0004930032601677326,-0.0005734485734542799,-0.00016150736972749138,-0.0005565659829391129,-0.00020837667669056217
BIH,ssp126,mpi-esm1-2-hr,-0.010677398084724996,-0.02902028074018067,-0.0020809158826939093,0.0030576698371643334,-0.008031808046933852,-0.0013928800605825025,-0.006469701666277262,-0.016344628053964527,-0.014883832586985057,-0.004409731820735148,0.0013398031059583184,0.002007366335712965,-0.010540340945041636,-0.0011844705316498808,-0.005541661415815052,-0.00873935144715876,-0.008036147800378243
BOL,ssp126,mpi-esm1-2-hr,-0.5172978933514604,-1.181194882195314,-0.6050744700147941,-0.38543714386184175,-0.3821695690294805,-0.24783709783766533,-0.11859250814247278,-0.15052501954561154,-0.17720642805217016,-0.07010946156855874,-0.08483895796877598,-0.035215407472497996,-0.05692483180888519,-0.051608542633172404,0.003179277909464888,-0.027099469797155218,-0.036123842918366914
BRA,ssp126,mpi-esm1-2-hr,-0.12200856725386883,-0.34831221322214323,-0.13652588980343944,-0.14988357750359774,-0.08431294825885324,-0.09444481452410396,-0.08017556313671088,-0.04048550278527508,-0.10602042628374457,-0.05655463628897346,-0.051720633460663155,-0.03743163392006038,-0.020697813122928448,-0.023923139590304045,-0.026830512657491114,-0.05660518157905597,-0.0160882841898614
BTN,ssp126,mpi-esm1-2-hr,0.0006588702999269618,0.00012648631226380204,8.697158184480891e-05,-3.782836747690029e-05,9.140915157069844e-06,1.5849505508534697e-05,4.3688863961915944e-05,2.1171749480129218e-05,-5.118928716585413e-05,-2.3338028317896712e-05,2.3479945884277052e-05,1.8140729157192608e-05,-3.023766840742673e-07,7.704010944211008e-06,8.876855796619733e-06,1.1393687392887574e-05,1.3622860669245904e-05
CAN,ssp126,mpi-esm1-2-hr,0.003028282631918423,0.001164600815153508,-0.001106738704399212,-0.0005712126001251211,-0.003134718322978114,-0.015006649487983326,-0.0016047575937120572,-0.00740903839858487,-0.00895101351054428,-0.003464987533827727,0.0007529461603400466,-0.002772490069165465,-0.0017397408932593177,0.0009506773439430474,-0.0014302422744470922,-0.002703049696252331,-0.0017865741817398276
CHN,ssp126,mpi-esm1-2-hr,-0.002420317356766748,-0.005057393751738698,-0.0043762432407886106,-2.1925918789830978e-05,-0.0030899716027250035,-0.0005252884109261345,-0.00043466711292724033,-0.0034645997815490664,-0.002244100818184396,-0.001594476669145711,-0.0030762120784427823,-0.0009975788524690316,-0.0012679474088998204,-0.0005352885099924408,-0.0004926216720048511,-0.002364924337326885,0.0008124500437011928
CMR,ssp126,mpi-esm1-2-hr,0.002014377365426725,-0.002462292650841013,0.0001180665518201863,-0.00025817022660631835,-0.0003803564201709668,-0.0006276242463944183,-5.856244886193823e-05,-6.631147726292488e-05,-0.00018662246417656736,-0.00021906184864082672,-0.0001783488769945072,-0.00014077972437368108,-0.00014724356996494297,-9.475678449511467e-05,-0.0001252060212037893,-0.00014849531783747052,-3.202120028859463e-05
COL,ssp126,mpi-esm1-2-hr,-0.0012161221101791545,-0.0009895989233760737,-0.00022248649705896683,-0.0004297667608401832,-0.0012511187953204075,-0.0008600514583201032,-0.0003419428024328907,-0.0007015791887073862,-0.0009868464638649493,-0.0005232936395725613,-0.0005216423353404772,-0.0005570020530696506,-0.00031140820360279624,-0.0007352714008188867,-8.651124276155656e-05,-0.0005594829423246303,-0.00010475869974263946
ECU,ssp126,mpi-esm1-2-hr,0.00028816456429652323,-0.0019087168227016863,-0.0010851782965413978,-0.0005546245965997232,-0.0007776891168394252,-0.00047483590240914844,-0.00031415345936614583,-0.0002856129859003525,-0.0006265696324193789,-0.00039947747428757034,-0.000420269923910197,-0.0002911238930962643,-0.00012617702012613285,-0.00024548679143385655,-3.5563430347798634e-05,-0.00024378886030261313,-0.00012132498211006517
FRA,ssp126,mpi-esm1-2-hr,-0.0013344702621246904,-0.0006622291550356787,-0.00025523853725696735,-0.00016736034966745612,-0.00021119902545136725,-0.0008744192837337242,-0.0008298047717533227,-0.0008205860715273818,-0.0005255947171171913,1.0398140537039879e-05,-0.00022406966414252589,-9.47743983747666e-05,9.169206576985037e-05,0.00014631496211768504,-0.00016043191536725893,-0.00047608659321437245,-1.7791765433372765e-05
HRV,ssp126,mpi-esm1-2-hr,-0.023229102328436006,-0.2722447584894801,0.0023307885022028417,0.011790315025188555,-0.08326158413183607,-0.016853227993693962,-0.0875370120774782,-0.1741503555758428,-0.15505681147987016,-0.022557411619463674,0.002583834616297794,0.03842639826001155,-0.07673438359991236,0.007530141238970782,-0.03322908967509895,-0.050575127931845196,-0.0014881585058685717
HUN,ssp126,mpi-esm1-2-hr,-0.006213755394073617,-0.008831227760619596,-0.00019455713738342103,0.0005017933329560262,-0.0031294160327620273,-0.00048623759477264166,-0.0031108028813780567,-0.005460674376863382,-0.0050122534941920965,-0.0012665661607360824,-9.71829770912264e-05,0.0008735178172897553,-0.0029248435854544626,0.00014158156470873607,-0.0011466060334109085,-0.001615582888242286,-0.00044125268664294394
IDN,ssp126,mpi-esm1-2-hr,-0.001390143393857342,-0.002388604651014146,-0.0018464640334316107,-0.0007066753878526816,-0.000826937399424469,-0.001229800111681366,-0.0010710892926799609,-0.0006546812600081858,-0.0010185329400386562,-0.0007222204117593284,-0.0003877111516620646,-0.00047271398049024817,-0.0005013657953493051,-0.00035033364817863103,-0.00012816737425994494,-0.0003253310359135226,-0.00048426240703529615
IND,ssp126,mpi-esm1-2-hr,0.0059870351847377485,0.001526238385932208,0.013815333133939702,0.0031200314834980833,0.004125511081497576,0.0038934662609735257,0.0030452880843263854,-0.004335925357063782,-3.336410613723421e-05,0.0008030466752151795,-0.0008550414687637753,-0.0015567067250363267,0.0020463669242220435,-0.002225077154751349,0.0012824396773708955,3.3578575778329735e-05,0.00055975991824906
IRN,ssp126,mpi-esm1-2-hr,-0.0011257719129790923,-0.0003867900775390677,-0.0005819752508653006,3.537163138886344e-05,-0.00036117461589137156,-0.00020377910053481196,-0.00023644495789963785,-7.557610768335287e-05,-6.0970012665963365e-05,-0.00010214638253954706,-0.00013346373253959003,-0.00011526609304851234,-0.00014646956190930395,-6.408176493671558e-05,-3.270403267236236e-05,-0.00012090294691325003,-2.932676899044322e-05
ITA,ssp126,mpi-esm1-2-hr,-0.001881890133740988,-0.004647413028722002,-0.0005755253731444538,0.00042366175935886456,-0.0009940206164143716,-0.0008396553652231688,-0.0010738672549102082,-0.0007861751082412671,-0.001769068726710751,0.0003035891985282394,-0.0003530052415671619,0.00028354298450549223,-0.0003329119141444662,0.00027080399543636074,3.576659756885603e-05,-0.0007683112071922135,0.000543261836854628
JPN,ssp126,mpi-esm1-2-hr,-0.0004800285974718261,-0.0005783544336338922,-0.0007461304633441472,-0.00010656256520449378,-0.0005052667886196823,-0.0007053437048336463,-0.000564167912652862,-0.00031832218432224286,-2.1880641404076824e-05,-0.0002603972153300121,-0.00044332977319855467,-0.0002883286139068026,-0.0005498142907749881,-0.00011718777343643842,-0.0002526745314141618,6.164575389134701e-05,-0.0006112735704035809
KAZ,ssp126,mpi-esm1-2-hr,0.0003941945716270728,-0.0010973426739263454,-0.003734555568803399,0.0013621612682762092,-0.000636697620798341,0.0007009210857901702,0.00032388592562615883,0.00014874140669968156,-0.0018935900667824519,0.00046474800686279724,-0.0008375106316799028,0.00035792780786531893,0.0006446669532661597,0.0006747620455160501,0.0003092259215656132,-0.001628364388710078,-0.001358341944615078
KHM,ssp126,mpi-esm1-2-hr,-0.0029322065403896776,-0.030285237636654225,-0.002581037865988696,-0.012231752216205916,-0.009993895055887818,-0.0011652468952594549,-0.001902830866121297,-0.00126547470804705,-0.002443079377511495,-0.00020549179066802717,-0.0011530579004108352,-0.001056852943175057,-0.0010704076734186297,-0.0020216550218142906,-0.000623608275411365,-0.001038402779841924,4.933701711067981e-05
KOR,ssp126,mpi-esm1-2-hr,-0.0008034808269986105,-0.0027699318802437813,-0.002144051320830003,0.0008231361232039398,-0.0009661177114899345,-0.0012645464226755591,-0.0021078891697795905,-0.0007384500097888113,-0.0009068585486220568,-0.0009275423452934828,-0.0009522616727221281,-0.0004659260861843321,-0.0004776881074618338,-0.0004890159145769404,-0.0009570541842185796,-0.000558490660521482,-0.002296168260415897
LAO,ssp126,mpi-esm1-2-hr,-0.014524463424786532,-0.006168352149423258,0.0007308503326298901,-0.004200746420372622,-0.0027220287803399346,-0.00016316157379822092,-0.000290144703476853,-0.0009654333707995674,-0.0009676392201839592,-0.0013655827116523989,-0.0009129143230558004,-0.0006543071736574476,0.00020482184775422532,-0.0003491860526931857,-0.00015022119869488346,-0.0006646883760072267,0.00035392810671958823
MDA,ssp126,mpi-esm1-2-hr,-0.016672381797402026,-0.027986896229518145,-0.004914296665301868,-0.006334086085519238,-0.0053965286887117285,-0.007670693884733861,-0.0033757944132421377,-0.013586180750786773,-0.007143634430762012,-0.0005719313178703548,-0.002684690704470052,-0.004354202925169193,-0.0010939731312926615,-0.0024866598012438686,0.0019384814092873028,-0.0019290901643386228,-0.0013495406831311497
MEX,ssp126,mpi-esm1-2-hr,-0.0006255144376165304,-0.000807146171524091,-0.00012216280542247553,-0.0007522289251839646,-0.0006402205877625678,-0.0005202230915746103,-0.0003565378881874796,-0.0004459044624892373,-0.00034375343416146874,-0.0002916590666949343,-0.00043513706779499725,-0.0003231854733843881,-0.0001689216733817636,-0.00016772081247821993,-0.0001948755588547206,-0.0001847235300489426,-0.00015279453362029483
NGA,ssp126,mpi-esm1-2-hr,0.0034346521853181205,-0.006237133440443157,-0.0013236483929361408,-0.0012407245084869577,-0.0007544093740260047,-0.0016952227820692565,-0.00022116495411855932,-0.0007530466690625429,-0.0005221320522545197,-0.0005959568189087786,-0.0001916764087355996,-0.0003890361960613398,-0.0003488572789853619,-0.0002061615097830507,-0.0002924209672135694,-0.0001225654039728208,-5.185767117650848e-05
NIC,ssp126,mpi-esm1-2-hr,-0.003370483623265057,-0.011428476283624058,0.002070480583936745,-0.00011786549252975623,-0.0008902346547532689,-0.00016051259333704223,2.0747773557393772e-05,-0.0032962640171322116,-0.0003750230448378469,-0.0011865064822219936,-0.0001253257545368795,-0.0003901092632504784,-0.0014243949277330961,0.00012476303942511032,-0.0007714732914890813,-0.000229435880950334,-0.00032199662961218683
NPL,ssp126,mpi-esm1-2-hr,0.0013992218779038106,-0.01776235094536244,-0.0024223328122439085,-0.008470336660052374,-0.0033062819695800416,-0.0008145546537989353,-0.0030258164535825016,-0.0021679069134573664,-0.002960620962937198,-0.002220439026536021,-0.0005817324168048721,-0.0012407383064180178,-0.001259006871384922,-0.0005002155782513362,-8.008910312383678e-05,-1.5856910544671145e-05,-0.00026478381486474284
PRY,ssp126,mpi-esm1-2-hr,-0.6258974186254604,-0.5817874829619122,-0.32892452957955914,-0.2545436350107825,-0.17808052453596998,-0.01678509423184544,-0.07581201347260114,-0.0017063387541758957,-0.1452878498412346,-0.10133115143382836,-0.02563083764346225,-0.028392776055301484,-0.00047917663961616536,-0.014865201734680271,-0.039322374673481604,-0.025472507407157806,-0.04922248725230903
ROU,ssp126,mpi-esm1-2-hr,-0.007328981360386147,-0.011058767246302371,-0.0020720400401542886,-0.0005754317146621756,-0.0024286653214539997,-0.0022582650360216533,-0.0029656790707508216,-0.007047402823981733,-0.005935968464920646,-0.0004076912378418429,-0.0010036336665877616,-0.001492721312431683,-0.0019167357230059682,-0.0014946298091697838,-0.0003238058624492563,-0.0019504880507579634,-0.001458572241095923
RUS,ssp126,mpi-esm1-2-hr,6.164673063354244e-05,0.0017302697229841654,-0.004389287024173177,4.522147248290308e-05,-0.0011481212634199937,-0.001193411275390282,-0.00034853090813996487,-0.0007483421755998992,-0.00157624716817179,-0.0007805179383694627,-0.0017692002832575377,-0.0005989116178270796,0.0007706453855872986,2.6475593447925495e-05,-0.0008036638829990253,-0.0014103995481480104,-0.0005354394651475614
RWA,ssp126,mpi-esm1-2-hr,0.0004996525844725907,0.0016689518809219913,0.002132634360571342,-0.007028911427309039,-0.0006436182067118733,0.0003175962957736404,0.000545841744464256,-0.0017519382181098407,0.00023545695550577597,0.00019048355327612348,0.00012112231821923605,-8.906477672359362e-06,8.350735120963284e-05,0.00013666634733486358,-0.00018498050204772962,4.3167134438558805e-05,4.3184169369497436e-05
SLV,ssp126,mpi-esm1-2-hr,-0.0021586643476104997,-0.0028019651502830074,0.0003644141511308192,-0.001506178432767801,-0.0014281181461925263,-0.0011149710562994605,-0.00025429546536371835,-0.0015732102574705126,-0.0004650266967224072,-0.0008869274336173996,-0.0008280844605923032,-0.0007034638291280238,-0.0007750914271582106,-0.0004877726979127662,-0.000651593610263393,-0.0003697191460847197,-0.0006010932892806963
SRB,ssp126,mpi-esm1-2-hr,-0.07539333746932321,-0.09570936151094264,-0.003785543217666897,0.008564671187253351,-0.027506476805171407,-0.0019279906527225807,-0.028889692288065857,-0.06659367170727486,-0.05983900892659468,-0.0010405506194665697,0.00548890250982783,-0.0018788547031381236,-0.03848944252696763,-0.0011627073166143166,-0.010157929062263864,-0.02009693977987801,-0.014684578141692967
SVK,ssp126,mpi-esm1-2-hr,-0.0008990974590899554,-0.006206625674887035,-0.0009018488659909333,-0.0009730509300595576,-0.0021448031610533337,-0.0003318227659145248,-0.002939565428337728,-0.007059866430318519,-0.0005520701183549055,-0.0011311886737989493,0.0002500383097191,0.001534157497115216,-0.002083307076586752,0.001765445785280045,0.00030482749492716785,-0.00028030883770539675,0.0007093729958884093
SVN,ssp126,mpi-esm1-2-hr,-2.6997607968250284e-06,-0.0005514865022399541,3.492993554033329e-05,0.00015995388183326773,9.662329665848673e-05,0.00015295711029372625,-0.00014961748055412552,3.8088937849102325e-05,0.00016656228028923711,0.00014984393542602232,0.00010356024816054258,0.00022787052150534281,-9.956693031176784e-06,0.00019136796490150986,4.307278903896128e-05,9.59556230461534e-06,0.0001431717696639517
THA,ssp126,mpi-esm1-2-hr,-0.00038155203573591126,-0.00018472600116037057,6.395257532876746e-05,-0.0002581326044415329,-0.00015246988577884623,-9.272226639979306e-06,8.159728402520206e-06,-7.920402999621989e-05,-9.07884674100649e-05,-4.923084788102342e-05,-5.427825003033661e-05,-4.204491732123572e-05,3.1017291561917206e-05,-3.779448867120561e-05,-4.999406302254426e-05,-4.4958863019374e-05,3.189890341562993e-05
TUR,ssp126,mpi-esm1-2-hr,-0.0003133053736073845,-6.909363616033948e-05,-0.00014198068227614107,-3.0162232284539297e-05,-2.4892107044845567e-05,-2.3501341477111504e-05,-7.197647807901803e-05,-6.353054983620246e-05,-4.02789414154097e-05,-3.324042173762453e-05,-2.896869923138373e-05,-5.0461166930554615e-05,-6.478282893379426e-05,-4.723018120445254e-05,-2.8528053817779042e-05,-8.49290481048652e-06,-1.2623880804186895e-05
UKR,ssp126,mpi-esm1-2-hr,-0.06668279800509934,-0.049492825422980544,-0.04961168075046137,-0.038561967964751954,-0.025668369715343666,-0.019359871536056707,-0.026031783106405876,-0.044031372781946056,-0.021816037655165633,-0.011105211668792093,-0.023240003198285595,-0.020485518558362937,0.004947319562864069,-0.011515458013672741,0.0011167103141270064,-0.00020288185627577156,-0.006734147735852351
URY,ssp126,mpi-esm1-2-hr,0.038898449250007655,-0.02770427312828676,-0.008751578374954251,-0.015695139392751436,-0.03411577769784587,0.004035179771867967,-0.0015381841884945936,0.00120251405918645,-0.002417013650973144,-0.010186813331469992,-0.0024776124526611986,-0.0013374977201444775,-0.011512107109649524,0.0015046962057712018,-0.009808497747110515,0.0003464049488357904,-0.0050348580126428144
USA,ssp126,mpi-esm1-2-hr,-0.007782567166604504,-0.04228498945927888,-0.02398133779410166,-0.047912803835045495,-0.013538950574394715,-0.02174967955264975,-0.01547266514287515,-0.012827228209618074,-0.01853523299524629,-0.010434620186281772,-0.015201585495318163,-0.009164778652412543,-0.0068485207673852095,-0.0014033419613404055,-0.013255465382842987,-0.018038864825044132,-0.018144147875134922
ZAF,ssp126,mpi-esm1-2-hr,-0.00595868967960752,-0.010326092232205994,-0.004844641470181486,-0.0010557375158594885,-0.0013755851536341058,-0.00233675891946115,-0.00184332319675098,-0.0003127172901151169,-0.001226677078121407,-0.002147425008910056,-0.0021831704591471716,-0.0036635723480271253,-0.0023428106512394624,-0.0016180584816161974,2.834387147262881e-05,-0.004334612329583527,-0.001428851565865371
ZMB,ssp126,mpi-esm1-2-hr,-0.011427872373058735,-0.01866700244844294,-0.001460147269961307,-0.008797709323649306,-0.009332916040959184,-0.005982586635932162,-0.0019930758518574895,-0.0017297923710878468,-0.0027119290874048556,-0.0029979181142714894,-0.0012895234319361974,-0.0013288118360390302,-0.0008075161705573331,-0.0009028227432927819,-0.0006351628262881726,-0.0012126933524691658,7.115372708181904e-07
ZWE,ssp126,mpi-esm1-2-hr,-0.02794618475753066,-0.024620614426555124,-0.008361303913245305,-0.01026405120147157,-0.009420353890758982,-0.01186210286736093,-0.0038666340490146425,-0.0023132507414564117,-0.004502170072670663,-0.005528869584290499,-0.002207376626717032,-0.003224356048380828,-0.0017869417355689879,-0.0023573865581040395,-0.001394503502733589,-0.0027599375927744303,-0.0008183770781925202
AGO,ssp126,mri-esm2-0,-0.0011306498922961734,-0.0006010054452902679,-0.0002874717699133027,-0.0003373506938595224,-0.0007657985862444701,-0.00047177938296067963,-0.0004570575318453688,-0.00011886486064821366,-0.00024580507357446063,-0.00014555781875970697,-0.00013362521401363584,-0.00016364867157911303,-0.0001083882649192399,-9.569654655591899e-05,-0.0001020318769031873,-8.928244737408136e-05,-0.00012555096446999656
ARG,ssp126,mri-esm2-0,-0.0012831674447715516,-0.020020541289426014,-0.003897410161882329,-0.010318980755872422,-0.0018989079154046464,-0.0037464321128299265,-0.002048756197175201,-0.00035857571817202546,-0.0036179301709559917,-0.0008953101644577854,-0.0035833528541651207,-0.0018942057004991946,-0.0010059785746680337,-0.0017144950066402005,-0.002671299976817964,-0.0034898911028783813,-0.00014498048176735847
AUS,ssp126,mri-esm2-0,-8.801028686155084e-05,8.118846591314823e-05,4.958753286444937e-05,-0.00027816474480857453,-0.00010323288700958882,-6.852266780849116e-05,-0.00011756764092486477,-0.00017484411633886097,-1.4083475637811259e-05,-0.0002308932376014318,-7.298473566357259e-05,-2.406860573679949e-05,-0.00012709430325204602,-9.14102257530672e-05,-5.0331243149206e-05,-8.446798561491777e-05,-9.708998799411047e-05
AUT,ssp126,mri-esm2-0,0.0011957844168436725,0.0016161731113856135,-0.0019839953053320428,0.0001863070088699676,0.0012069293114560994,0.0007014403850599437,0.00095326606626103,-0.0015045038134951457,0.0014525689054607235,-0.001078970228326857,0.00024077727793788634,0.0003982953804496628,0.00021289412779336016,0.0009266515365447181,0.0014821624827228595,0.0007112570051851512,0.0011512040582832698
BDI,ssp126,mri-esm2-0,-0.0006712634154230369,-0.0018576044522138119,-0.0004050245523033437,-0.00025523291930963307,-0.00019339728853084935,-0.00023848826176889055,-8.038863341501748e-05,-4.4983072373650095e-05,-3.59767069970109e-05,-6.0595152721180623e-05,-3.904022815562171e-05,-4.013722889912469e-05,-3.375430564867347e-05,-2.7764803506671365e-05,-2.7064708660326175e-05,-5.151707540901985e-06,-3.472955006833508e-05
BGR,ssp126,mri-esm2-0,-0.0006518539336967416,-0.0009615564455792695,-0.004282143225457427,-0.0013476303420990718,-0.0029412696126355636,-0.00025411924535243707,-0.000811173823814923,-0.0013788301076011634,-0.00043955907436476647,-0.0014757176879045156,-0.000974255342030144,-0.001336839106862096,-0.0012770845822504366,-0.000823535871750325,-0.00016158179196519814,-0.00034930187932318067,-0.0011947442437759172
BIH,ssp126,mri-esm2-0,-0.006936857085865191,5.6643555349816094e-05,-0.019222964401849955,-0.008577830875253245,-0.004820258404023993,-0.0019838346927509992,-0.0116874323215091,-0.012750784728506733,-0.0030618342166758832,-0.006911448727148128,-0.008954585613912786,-0.004011952880749531,-0.006554473201840183,-0.0015452436530556854,0.0037155872783017027,-0.00029328932175834514,0.005278767699562495
BOL,ssp126,mri-esm2-0,-0.3789245915839855,-0.6898490345313698,-0.20843039244698236,-0.21577186854503114,-0.3078804052804137,-0.12102777525482009,-0.20835864927749104,-0.1446520989771251,-0.11098910872018232,-0.09647337340227924,-0.07889387405731915,-0.05131806502635622,-0.08161715409927155,-0.03734079069222768,-0.07677613671775699,-0.053600795076993044,-0.03600362496974042
BRA,ssp126,mri-esm2-0,-0.13151519831413155,-0.1381262138953497,-0.07616176065014417,-0.16161177084206188,-0.12227880983321292,-0.12046475214470005,-0.13403015738243002,-0.08503424128136947,-0.06858943972819148,-0.08373864051536845,-0.0789362366976083,-0.06532551170855508,-0.048336772456606565,-0.0304217589417861,-0.05005391668893365,-0.03920827708898362,-0.044497921465317565
BTN,ssp126,mri-esm2-0,0.0008372449964155811,-0.00011945510209207399,-9.302771881286403e-06,1.6745349454343775e-05,6.122936988640833e-05,2.6959282593102392e-05,3.964491998218334e-05,4.1109146417527864e-05,2.564821685595055e-05,2.4822537412332826e-05,2.0054893865039693e-05,1.6365550488328573e-05,2.150726790234738e-05,-7.367762573336438e-06,2.4398621240192416e-05,1.52867538308491e-05,1.209543401139243e-05
CAN,ssp126,mri-esm2-0,-0.016425548082655114,0.004786989120128904,-0.0008270858246452392,-0.005451246529935587,0.002714487529531007,-0.00788813639243561,-0.004640095323304031,-0.004299870225521208,-0.004453670320924758,-0.004361772866799553,-0.0064780692771898565,-0.0019794113802719952,0.0005371393526098416,-0.0031112005000233024,-0.0005704157142132495,-0.00029023636418569124,-0.0006305281819879822
CHN,ssp126,mri-esm2-0,0.0017270784704370404,-0.011043939086135171,-0.0041308265077222165,-0.00554183902062663,-0.006094032046377069,-0.003612795202571601,-0.0016681336795954537,-0.001688028232479833,-0.004002973811918721,-0.004432957192289417,-0.0024423354287609247,-0.005607892167419335,-0.003647731307345946,-0.00250702159972209,-0.001145261231143765,-0.0013830426780283296,-0.001363648064310457
CMR,ssp126,mri-esm2-0,-0.0017347207891294846,-0.0014803008227072202,-0.001095572581482532,-0.0009795592016995378,-0.0007331771811341406,-0.00021353186527143432,-0.00048316683220718716,-0.00019006627276316106,-0.00021293325094589205,-0.0001803267465785552,-0.00019202938297277174,-0.00017509186637523587,-0.00017123460824270155,-0.00010602420064554629,-0.00011053888590267459,-0.00012662982833941302,-0.00018559028454127023
COL,ssp126,mri-esm2-0,-0.0007859456813141529,-0.0018312105140059446,-0.0005927007893838547,-0.00040404535509785706,-0.0009607277933277787,-0.0010432406435008537,-0.000921545210004996,-0.0010641519739855339,-0.0003569793250328748,-0.000934358952189524,-0.00041614440550146164,-0.0004777381774955027,-0.0005451745114649099,-0.0006584936936075334,-0.00041179707254923045,-0.0004150871563945819,-0.0002917930870031737
ECU,ssp126,mri-esm2-0,-0.0013266154621884342,-0.0016746992064785341,-0.001767665373732558,-0.0012043471607699552,-0.001713558584891851,-0.0012023260670629083,-0.0009541805009937081,-0.0006610880420128445,-0.0006917148037466962,-0.000754844937328573,-0.00039763044996110483,-0.000273026865463695,-0.0002942718733418933,-0.00025160369390140355,-0.0003871852698182773,-0.00018878837393580318,-0.0002526318813103173
FRA,ssp126,mri-esm2-0,-0.0005876083258885583,8.268646578492089e-05,-0.0015469041331778197,-0.000820945817183854,-0.00047751198756218536,-0.00053148400256472,-0.0005247983348697416,-0.0010837208639752206,-0.0002277843398518739,-0.0004090869941421093,-0.000540389947634767,-0.0005094897609340453,-0.00023062615166412264,-0.0003924702502212721,-0.0002601573324441164,-0.00013488634590114892,1.5181727869403131e-05
HRV,ssp126,mri-esm2-0,-0.007180304480105881,-0.0015964791745007195,-0.16442642136212318,-0.08549535077059436,-0.01593042841447953,-0.016744141517620145,-0.10836159952951571,-0.15395410806954782,-0.009025315060787395,-0.0570931864826849,-0.05402964945755315,-0.024058634463621654,-0.02714559315979088,-0.0016448026854575402,0.03361597448625524,0.003558170952859165,0.037518845925953836
HUN,ssp126,mri-esm2-0,-0.0028262754633422795,-0.0016686919817489106,-0.005367884981554926,-0.002497638034196638,-0.0012081458357524936,-0.0007303551340689891,-0.003691532430896365,-0.003826700158341735,-0.0008574472438874183,-0.0024212292548566367,-0.0023162217977369883,-0.0015256412893991822,-0.0008429462633483164,-0.0012667238827605899,0.0006991137879967235,-0.00016413385674063545,0.0005800898304249003
IDN,ssp126,mri-esm2-0,-0.0019431438869909382,-0.0016690297377116236,-0.0018032843200222193,-0.0014141181112405467,-0.0013199261884581784,-0.0012966472630895078,-0.0010068681916046017,-0.0012100751197870506,-0.0007106144500692675,-0.0008117721942179641,-0.000603615665747237,-0.0004687126146131421,-0.0005550518033748371,-0.0005956267544218489,-0.0005852589791600049,-0.00032588536980057513,-0.00036559289133007776
IND,ssp126,mri-esm2-0,-0.04792193419899089,-0.02274895321888163,-0.003671037151200676,0.003853661934657938,-0.011300520390068321,-0.0026606495617466598,-0.008714810874501419,-0.00816103183350857,-0.0035886375968533714,-0.0021414511105925906,-0.0020195286692786117,-0.002763988817883296,-0.0073496714413838595,-0.00418270424098796,-0.0037239038562561708,-0.0023691647095178984,-0.004255399602860068
IRN,ssp126,mri-esm2-0,-0.0016420868994793192,-0.0005861655395295035,-0.0004622359409061733,-0.0008257211755074983,-0.0003722887610903862,-8.427907709342465e-05,-0.0005286091744911383,-5.72896726790555e-05,-0.0003821622921352212,-0.00028147210302259605,-0.0002971105380211744,-0.00021348494948810994,-0.00018860761643624624,-0.00016252711420480011,-7.802062391590238e-05,-0.00019335336205399546,-9.417278333490853e-05
ITA,ssp126,mri-esm2-0,-7.557484229245023e-05,0.0007753001316500807,-0.002551923339501279,-0.0016980689812371266,-0.00018108425069787368,-0.0005325122152292543,-0.0010372219318793092,-0.003045358000494372,-0.00020052433184164446,-0.0008971794874494331,-0.000557219940138315,-5.9695592339888256e-05,-0.0002852331347762448,-0.0003022280273543277,0.0001359942819782667,-9.755832390118573e-05,0.0005450068803152197
JPN,ssp126,mri-esm2-0,-0.0003807967316828439,-0.0005491295429707373,-0.00045435596212199295,-0.0007108117540584129,-0.0005009263014421975,-0.0007190022653432419,-0.000582072343208743,-0.0004894824645654992,-0.0006855025729852999,-0.0006851277901560342,-0.0005462707151777133,-0.0005846810545367028,-0.0005415377698916857,-0.00048107094407771054,-0.000263295152863184,-0.0004074507990467468,-0.0002718221604193079
KAZ,ssp126,mri-esm2-0,-0.0005065682893367812,4.984352760673738e-08,0.0004524858167904358,0.0005539088178110942,0.0004933007084244701,-0.0007231870227084867,-0.001599674919169262,-0.0003152724370611688,-0.0007558635120986604,4.9688653594123e-06,0.0005439578349803934,0.0008899421608624612,-0.0009925887564945573,-0.0009107563984255333,-0.0005378126605994656,-0.0007975945508859337,-0.0010585381417591768
KHM,ssp126,mri-esm2-0,-0.016124107779641253,-0.02811746852900487,-0.016207483158458335,-0.013710319284424675,-0.010344636420781478,-0.011990698343456086,-0.0015412433549757542,-0.0075274973226007414,-0.0026336886846044134,-0.0026224729684313037,-0.0021550440457734237,-0.0032231221717590568,-0.0015866695324352302,-0.0030591331007778586,-0.0012932115173841401,-0.0016787230802340727,-0.003115308598562291
KOR,ssp126,mri-esm2-0,-0.0009797956881703483,-0.006186322598041061,-0.0019182675765177049,-0.0028901137889798295,-0.0029019876693561655,-0.0043141227825581555,-0.0019849111505625843,-0.0018291156153749024,-0.0029298288752948984,-0.0028022069463094364,-0.002535426575579726,-0.002546258630080172,-0.0019115536486780695,-0.002233586881300559,-0.0008926204238605089,-0.0012913558897871406,-0.0019634385734441455
LAO,ssp126,mri-esm2-0,-0.001763598439214746,-0.0020529708263006376,-0.001233535123437568,-0.0016658808291128261,-0.004604551835665526,-0.004200072459412935,-0.003601783894825298,-0.0031438473634661573,-0.001166053000038988,-0.0014484627175332346,-0.001447771952601206,-0.0021010844257182844,-0.0018441183838597427,-0.0015302953508389717,-0.001505130101179204,-0.0013962422937811216,-0.001817116360586686
MDA,ssp126,mri-esm2-0,-0.007340739167197374,-0.022972925610375988,-0.03915083271631685,-0.013825610540087001,-0.023497315957159846,-0.0019390378816571644,-0.006978298607986774,-0.014321395664927877,-0.003943128607473298,-0.012345322812013162,-0.013188848634243628,-0.007542390854120195,-0.0020964914625551203,-0.004740231219053991,-0.00044273983222425765,0.00026844858582240807,-0.00548354156458282
MEX,ssp126,mri-esm2-0,-0.0007532201439325916,-0.001381520695712967,-0.0009874454788421872,-0.000995031627466004,-0.0007695009018963584,-0.0006580874548203881,-0.0008178350976553641,-0.000687272659953164,-0.0004991218091224286,-0.0006414947985682819,-0.000554179525510848,-0.0004943653578263443,-0.0003546794996627656,-0.00023183769271862385,-0.0004510388249713233,-0.00021752074305114334,-0.0004919222783297475
NGA,ssp126,mri-esm2-0,-0.009866820421196704,-0.0031464003154021555,-0.002815420920465445,-0.002940877555170078,-0.0024066745907371607,-0.0008482361636614319,-0.0011621059812858925,-0.0005336692633081579,-0.0006579971162806634,-0.00047194250097072485,-0.0004886598975505674,-0.00046806789604955803,-0.00037097959454374834,-0.0002682276048414801,-0.00020315396683160842,-0.0002570479867977448,-0.00026997967738254437
NIC,ssp126,mri-esm2-0,-0.008188225763250383,-0.003912107786095892,-0.0022452428599891326,-0.0009231666747188849,-0.00033204527650725936,-0.0001936201300128477,-0.0008048918074899796,-0.0016731578386613394,-0.0008196700489440093,-0.0007651247485605218,-6.371518610500593e-05,-0.0011575241013038443,-0.00015830158026737982,-0.0005442870931953381,-0.0009401475927616402,-0.0004997555336481629,-0.0003003313578789504
NPL,ssp126,mri-esm2-0,-0.02570717827912358,-0.0017073673253642097,-0.001652648040257688,-0.0026498187355407372,-0.005708432255646366,-0.008341102028616397,-0.002584866584058627,-0.0010753480073600046,-0.0011805110032799878,-0.0026851064390894003,-0.001600245635945692,-0.0013478984919888157,-0.0022573971197628394,-0.0020889911460730704,-0.0008589643079681117,-0.0019078322410643505,-0.0019317300785451845
PRY,ssp126,mri-esm2-0,0.0006392182554447643,-0.46649439376120794,0.0026429455916323315,-0.24845116695252975,-0.08633392024088887,-0.10749903865707007,-0.23222187308245243,-0.11455902113638423,-0.112324168071317,-0.0757866490840583,-0.06983996127144533,-0.06660282582771877,-0.05959041500088047,-0.04350765884774884,-0.10666936113011771,-0.08768992349039675,-0.04340976307137199
ROU,ssp126,mri-esm2-0,-0.004119120322997209,-0.004562622654042648,-0.012675735933427402,-0.0047305042620618635,-0.00933853653166935,-0.0008118915156675314,-0.003509377857674474,-0.005839916208808331,-0.0018957749028602172,-0.0058104496333303765,-0.0052440627004007034,-0.005021924986068866,-0.0034490061935501916,-0.003444602249833365,-0.0007118575043301286,-0.0008040242306322538,-0.003745905169550132
RUS,ssp126,mri-esm2-0,0.0011921696302713046,-0.0079323737140726,0.0008380774042779192,-0.0038003706854141226,0.001444548122918609,-0.0006293891934269164,-0.0007522769130021801,0.0008912724845723348,-0.0037318943426555766,-0.0019624851402139445,-0.0008202514238335714,-0.00019075515190820658,-0.0011178999297301669,-0.000936150271129041,-0.0018078690229991938,-0.0015630061209884164,-0.0017930896165470607
RWA,ssp126,mri-esm2-0,-0.00010647848545476484,-0.006500280404673817,-0.0017798111489817474,-0.0009210463689192615,-0.0004081165030749345,-0.0018016179896342232,-0.00010276004147970311,9.888522406033792e-05,2.5976865981836617e-05,-0.0006171087035781408,-0.00030057977664420206,-5.331515285255209e-05,-3.586780004518993e-05,-0.0001694861327617018,-0.00020556305162365177,5.676882845328305e-05,-0.00020521842417744253
SLV,ssp126,mri-esm2-0,-0.0021849643912514277,-0.0024408540222617503,-0.0014777296480877292,-0.0013039994164931203,-0.0007302716051310219,-0.0006505223748779,-0.001595057815050137,-0.0019292136522429796,-0.001064273829694645,-0.0009516060019288766,-0.0005184880963819519,-0.001336099263208241,-0.00046401839900739214,-0.0007751129359437215,-0.0006367372765129128,-0.0003929543090671705,-0.00025361674773291976
SRB,ssp126,mri-esm2-0,-0.044433412600290975,0.005333047996436016,-0.08083477273124738,-0.0316748868284751,-0.0485545053480075,-0.00499957938644872,-0.04322962262341377,-0.037994407840083184,-0.02156440319378856,-0.0428580883295464,-0.03840888437012934,-0.016405808541027633,-0.03307721980990297,-0.0023870873568847175,0.008750722803867848,0.0026226556733131546,-0.0005717351744980513
SVK,ssp126,mri-esm2-0,0.0020413029047700554,0.0015075902511272896,-0.005067643433170064,-0.001672451482590097,0.0013323102795710386,0.0001362587697594204,0.0008018431619045889,-0.0030576549157477306,0.0007734368688741233,-0.0030427598579978966,-0.0003012890287014552,-0.0005286968845586664,9.641935867897687e-05,0.0010094543434671845,0.0021190521095997587,0.0010649177884335984,0.0015902952208808295
SVN,ssp126,mri-esm2-0,0.000248753902409153,0.000320751933151788,0.0001439604223179769,0.0001381673818819211,0.00021830397874850522,0.00015019734956155461,0.0002593106978215889,-6.644894836227146e-05,0.00024491156418955635,0.00017614375724317536,0.00023253221155788325,0.00024355711640203613,6.966711324514354e-05,0.0002145289816500063,0.00023772685704103876,8.612415823735977e-05,0.00023789574835662565
THA,ssp126,mri-esm2-0,-0.00012850435153488582,-0.00024635471855894494,-0.00021317925067639324,-0.00014761626366849003,-0.0001404279912078982,-0.00023622711995474426,-0.00011331948570094072,-0.00012830935117679493,-5.424570021817666e-05,-9.415234929456563e-05,-8.666928528295165e-05,-0.00013070465015972813,-9.829046049277765e-05,-0.00010007980315017041,-9.090211410364962e-05,-0.0001277410580963402,-0.00016739105935406804
TUR,ssp126,mri-esm2-0,-0.0003750210540407748,-0.00020716778576875162,-0.00017430093569961293,-0.00018153783611828624,-9.758350636114827e-05,-6.589289031720757e-05,-4.473932748574971e-05,-6.400732323332063e-06,-7.888722421121096e-05,-2.313728563936349e-05,-1.5885281977305317e-05,-3.5694780014706384e-05,-5.3889578794388386e-05,-5.948057592118393e-06,-2.4869023836204456e-05,-7.274933275890519e-05,-2.7339891618777725e-05
UKR,ssp126,mri-esm2-0,-0.00766900293191724,-0.10349861608595923,-0.11880566857661934,-0.03858248058692592,-0.03679843404947867,-0.007186547009903628,-0.024674829014862395,-0.023543653788695704,-0.0048303507681052085,-0.019666537549357554,-0.03512481704074062,-0.005658960551365725,-0.004171460288846909,0.0052381222983882815,-0.007747739997816111,-0.0067948083362214815,-0.02339763276771436
URY,ssp126,mri-esm2-0,-0.00626038444989645,-0.0698904233319299,-0.01827183263928026,-0.03887464912351594,-0.020087134387164387,-0.016329218399494073,-0.005933761326955301,0.007035211743970425,-0.015438357040223255,0.005380398983650182,-0.023366901193824605,-0.006051694346334789,0.0009345202778363004,-0.0016691107434514299,-0.0050948110622732485,-0.025198788713975257,-0.007793266614462347
USA,ssp126,mri-esm2-0,-0.007520427970365522,-0.001568695400335855,-0.0214969867432109,-0.04163443679421757,-0.018424274656176177,-0.020589030794722494,-0.019923774952601458,-0.019836402836166094,-0.02873789939965843,-0.013393489836911434,-0.026205996929938573,-0.011795959688733614,-0.014218557794683196,-0.012097326492407967,-0.008958571345445272,-0.006454003176010081,-0.009414791334517251
ZAF,ssp126,mri-esm2-0,-0.012541207210750003,-0.004199518183607715,-0.005078498158209869,-0.01161663573265757,-0.0017111563116032052,-0.005392849740816376,-0.0034661699861334556,-0.0032173255794574513,0.0005287392325848794,-0.0012979094519813042,-2.8415544802588345e-05,-0.0017712238459053715,-0.0029126757320913576,-0.0012885287793306783,-0.001604465470324311,-0.0015910521117328792,-0.0019088058471061836
ZMB,ssp126,mri-esm2-0,-0.013310611120376344,-0.04226263133343471,-0.0092383321056496,-0.021992835655194755,-0.01638502000487163,-0.009767436586799117,-0.007476399361305827,-0.002732581744672358,-0.0020507443156970377,-0.0032324623312461275,-0.002037578512912709,-0.002205457928149308,-0.0008711025746783259,-0.0019055798324004603,-0.0012257272885138266,-0.00012212083519921806,-0.0014224374381615053
ZWE,ssp126,mri-esm2-0,-0.05155290245432346,-0.06208892000749694,-0.013525574004623543,-0.03677465857477184,-0.01953553862716079,-0.01851012398971993,-0.014753206867814886,-0.0033152878037838117,-0.0012300383689294791,-0.0063014129395406,-0.0032595197868655794,-0.0054142517501179,-0.0023088983802145484,-0.004272316645523663,-0.003008336931192521,0.00014482248837181504,-0.003921499687453083
AGO,ssp126,ukesm1-0-ll,-0.002882905294013403,-0.0025588396639270056,-0.002145441028847326,-0.002116414873721777,-0.0008426994576691135,-0.0014746201777263222,-0.0009211320800149908,-0.0008906718596176825,-0.00040393397258216675,-0.000375262226454497,-0.0004373653309104823,-0.0003356766755731634,-0.000311080759119114,-0.00022211820931296224,-0.00021985068462461997,-0.00020048889010360234,-0.000188575751245924
ARG,ssp126,ukesm1-0-ll,0.030668310470470236,-0.01236519114960303,-0.011178706744964203,-0.0004868471426649497,-0.004985611468343854,-0.004016357400935565,-0.0006190539278920935,-0.004135416801423188,-0.004223831434926228,-0.005650140175874498,-0.0019510450334074615,-0.005224860671447088,-0.004709204810683689,-0.00349802636065888,-0.0024960588333673753,-0.0031141543549410883,-0.001753830006661411
AUS,ssp126,ukesm1-0-ll,5.940559705829537e-06,-0.00017906194035310303,2.7216707822601335e-05,-0.000162471554420243,-2.0753861123709285e-05,-0.0002357545674582362,-3.5145692253160986e-05,-0.0001918090977234754,-0.0002436830329584606,-3.313373041673854e-05,-0.00024719939245101686,-0.00010975250956182596,-0.0001616619440321021,-5.8046715025407616e-05,-0.00013145450457335055,-0.00010098773874095522,-6.323335431343723e-05
AUT,ssp126,ukesm1-0-ll,-0.00042303016323368397,-3.853025460134369e-05,0.002316308683847912,-0.003374023179766012,-0.001026216357779918,-0.0014092962333074391,-0.0022613553692954268,-0.0015370616094929086,-0.001309778512384604,-0.0020126487340003047,0.0006807148409306113,-0.0032773410917201953,0.0006976705703985258,-0.0028336456986623308,-0.0002696743430366491,-0.00015379412601010303,-0.0006804322334466872
BDI,ssp126,ukesm1-0-ll,-0.0002755528812396168,-0.0020693673032042724,-0.0013656685507013307,-0.001088973560107745,-0.00024523526132645863,-0.00020688515855873935,-0.00018771435644988053,-0.00036305742240166065,-5.487281290483614e-05,-9.52807477966993e-05,-6.699244056381407e-05,-5.9116677350594865e-05,-4.0480413162101725e-05,-4.097786062850422e-05,-2.832817615202186e-05,-3.017285879207706e-05,-6.106380730952494e-05
BGR,ssp126,ukesm1-0-ll,-0.0028444056814434723,-0.003178399135586303,-0.0005869220290178244,-0.0019506601131908132,-0.0016605083224709527,-0.0014308703687379964,-0.0011916585117411791,-0.0018168278434827205,-0.0019170900151226518,-0.0024195317847685222,-0.0008279717885666123,-0.0025790136346849606,-0.002341505418493894,-0.002870294712438858,-0.001193205256258445,-0.0016963273996032815,-0.0016757590600961448
BIH,ssp126,ukesm1-0-ll,-0.012959830531411354,-0.024484381054958326,0.0009371664130958704,-0.01062621997435588,-0.006805717710190317,-0.008626414975834404,-0.014378834097227058,-0.015328267044625272,-0.006379159940619396,-0.017520164130774847,-0.0048488476647377,-0.02701523577035088,-0.01308065878859965,-0.028438140262513147,-0.017755157951030724,-0.024069458757763965,-0.02214064028550263
BOL,ssp126,ukesm1-0-ll,-0.417833512418763,-0.5686197007142417,-0.3926983027825708,-0.47156391964684075,-0.3574186423753125,-0.3944881541678975,-0.21000602431811244,-0.2516503383758234,-0.2089033977153086,-0.14279164556553722,-0.10623972297124085,-0.13503945322841832,-0.13330036148967295,-0.1237671870648433,-0.1300673997366698,-0.08168957166548443,-0.10933473749019113
BRA,ssp126,ukesm1-0-ll,-0.13349758789388125,-0.15022688803074094,-0.18033915631067196,-0.15147544645630207,-0.16116322748077172,-0.2309214994983645,-0.15643543897475093,-0.1600330698067632,-0.12412042668786577,-0.12360614038298742,-0.11756020824692007,-0.12685775212037836,-0.1249616562943403,-0.11442932403368108,-0.11534527586595361,-0.07989636767553082,-0.08334194623413198
BTN,ssp126,ukesm1-0-ll,0.0010809703142812043,0.00021430836937347367,0.00011696987760863095,8.202823291994397e-05,6.537146783915069e-05,1.547351931672245e-05,3.4262030753662175e-05,3.425601907708994e-05,3.507164414059372e-05,2.6138985066203916e-05,2.0750253690820466e-05,2.195238355595116e-05,2.3979539810530736e-05,5.365990642615609e-06,1.9965364500969656e-05,1.99284630186357e-05,1.853769513628229e-05
CAN,ssp126,ukesm1-0-ll,-0.02515218963533333,-0.005720720480035468,-0.012316666887589476,-0.01631269657073656,-0.03316813856591502,-0.022074248411880576,-0.025326037046543345,-0.026967271598383226,-0.011892560895158947,-0.023436248861573666,-0.016069515461650016,-0.012010433671349355,-0.015120111333762658,-0.006117411307121565,-0.017452383291429695,-0.00896060512655794,-0.015577515766439905
CHN,ssp126,ukesm1-0-ll,-0.005682860941341846,-0.005709406867020708,-0.00576522121009363,-0.008915671426867128,-0.004795619941860919,-0.006650167857854678,-0.006184038369447937,-0.006084053578528356,-0.005390533842834166,-0.0033984062534718144,-0.008645656890290326,-0.0072461225857744,-0.005522079522293421,-0.007168230324678657,-0.005777507611347666,-0.005642284551834581,-0.006200478991358695
CMR,ssp126,ukesm1-0-ll,-0.0014607132022609083,-0.001474160134567075,-0.002444018884087224,-0.0019012908662621713,-0.0005279515171200975,-0.0006811015203061039,-0.0007332411548292317,-0.0006052733738342298,-0.0003336312294821654,-0.00015254754126957886,-0.00027218327380547396,-0.00029131502969711396,-0.00021843002752433495,-0.00023129104603197606,-0.0001415840308175475,-0.00015042610426588794,-0.00012509806420683657
COL,ssp126,ukesm1-0-ll,-0.0009323751692653161,-0.0018078949529528134,-0.0015014550389040224,-0.002172450244612973,-0.0015327438687682926,-0.0028520804042342224,-0.0018980987517112152,-0.0013713486998349416,-0.0006864848662881662,-0.0003686234662634943,-0.001084945140495821,-0.0007003265294489827,-0.0011561260719481208,-0.001165850324947202,-0.0009738806808525478,-0.0007205845304847219,-0.0006918051661417525
ECU,ssp126,ukesm1-0-ll,-0.001953320945789453,-0.0030932480529906794,-0.0030775183108645255,-0.0033433964174922454,-0.0020230742118351763,-0.003044875325174635,-0.0018862880606887872,-0.0017823921979044806,-0.0013937849033285724,-0.0008713510723507961,-0.0012781290791258595,-0.001052792154349397,-0.0007979885159189697,-0.0007610792813419852,-0.0006587790994306356,-0.0006428645385657325,-0.0007169966011073471
FRA,ssp126,ukesm1-0-ll,-0.0001394898877986845,-0.0005331492233425179,-0.0007704946228505474,-0.001812301344764123,-0.0014067377284927938,-0.0003367025960086172,-0.001056870251436295,-0.0011169471839439587,-0.0012822721758289453,-0.00042078101132265696,-0.000397645185109268,-0.0008757388766918091,-0.00038389193408588576,-0.000915972993322316,-0.0007375262821027958,-0.0005897899041434212,-0.0005503992912159477
HRV,ssp126,ukesm1-0-ll,-0.01870576901952764,-0.19242699142330807,0.03412584725725702,-0.10196020218171675,-0.06486284352820768,-0.10032881569737552,-0.16590806791000082,-0.1689430265922527,-0.05198103838479107,-0.18272792170443156,-0.0368567877318876,-0.2194272743030322,-0.07128678963655319,-0.17362837438915274,-0.11607128681964511,-0.11465662272086004,-0.1150207008562772
HUN,ssp126,ukesm1-0-ll,-0.0062321265370869185,-0.007522615989100006,0.0008511679403383782,-0.0041856572511329345,-0.0025641468662840347,-0.003799307477547229,-0.006212574527780707,-0.006136636400168576,-0.0017557269538804612,-0.005946347091441177,-0.0010931043242636094,-0.007150433852916068,-0.0023003472062550125,-0.006177900455823978,-0.00382908682219798,-0.004011556036431901,-0.003365567147918869
IDN,ssp126,ukesm1-0-ll,-0.001829082275036118,-0.0023029975796742337,-0.0014653680213803765,-0.0019745768458578374,-0.0015674920930266944,-0.0017927400566253439,-0.0011564183566030236,-0.0009554719463421387,-0.0012661483923400582,-0.0005709333272123011,-0.0008951567291884341,-0.0006456217085712705,-0.0006195209114586216,-0.0007668077138270801,-0.00046070526085945963,-0.000585251076263705,-0.0005068076428293657
IND,ssp126,ukesm1-0-ll,-0.02172116679495341,-0.008461739320174607,-0.001811263580654922,-0.003478455398214368,-0.005553457955855685,-0.0045361915216998545,-0.00456368615560212,-0.008916623876440856,-0.0032180921844789075,-0.0026343424369762456,-0.004718121248758918,-0.0023908296119839086,-0.002861500787016644,-0.003150776811989612,-0.0009051417778103499,-0.00048539920072960006,-0.0013313516154318731
IRN,ssp126,ukesm1-0-ll,-0.0017987062032508048,-0.0006978066816225043,-0.000908307059841406,-0.0004200485613317507,-0.0003451055901250168,-0.0005419122392980619,-0.000524837348720718,-0.00028165804934321615,-0.00044150591769410167,-0.0003351534196901716,-0.00026279173057849127,-0.00029326633196929134,-0.0002848836168926432,-0.00019723698746180072,-0.0002032588645345927,-0.00016897452680462421,-0.0002478812156791485
ITA,ssp126,ukesm1-0-ll,-0.00017487570292090392,-0.002218439026809997,0.00020180092140856484,-0.0021383669360620448,-0.002954843712293315,-0.0019293859206643215,-0.0017234086799299785,-0.002309596960321957,-0.002387752558197845,-0.0019587992677552787,-0.0007906400175801038,-0.0023371004645395574,-0.0008009732660870687,-0.0024608959074923355,-0.00130424766332829,-0.0007608603306901086,-0.0010155203783389793
JPN,ssp126,ukesm1-0-ll,-0.000661795057922538,-0.001287565072994957,-0.0009049727419245232,-0.0009570484349436882,-0.0008329650963509953,-0.001063408114561918,-0.0010680495268211002,-0.000594105636566459,-0.0012251100417975972,-0.0010124263926100715,-0.0007437823949777963,-0.0005656192184823488,-0.0008035233626022282,-0.0010458702435633285,-0.0005179893566387623,-0.0010741559609623874,-0.0009427468072806119
KAZ,ssp126,ukesm1-0-ll,-0.004351103205747649,-0.0008382159372749249,-0.0021093519304255966,0.0010287199420716052,-0.00128464519228579,-0.00040484130805439766,-0.0003036446549197409,-0.0012687213458996687,-0.002680706987692394,-0.001274051032887958,-0.0018106186856727885,-0.000690778619402153,-0.0015274586730611558,-0.0011880774426065578,-0.0023322397224752856,-0.00037675424898389874,-0.0010493215681089793
KHM,ssp126,ukesm1-0-ll,-0.01550315627756376,-0.04295875779355801,-0.015137497707311851,-0.018375605846101702,-0.01932851436087373,-0.01453358903024448,-0.00556070154479434,-0.008512085241001527,-0.008265849064163534,-0.006905379515053339,-0.006109697147572282,-0.0036325876472607134,-0.003724340239361348,-0.002492836132256967,-0.0030024189346581067,-0.00297315864916678,-0.0026976989608424357
KOR,ssp126,ukesm1-0-ll,-0.0002450457963791024,-0.004328934319400733,-0.003579324802681837,-0.005240519268178269,-0.0031625654136195375,-0.003502991081283452,-0.0029324961151621226,-0.002791894503475824,-0.003290292602829552,-0.002659426428203183,-0.005279510034237313,-0.003492380582539951,-0.0036180305662570364,-0.004023479513278312,-0.0026861154262410986,-0.003789139857021912,-0.003196104053975842
LAO,ssp126,ukesm1-0-ll,-0.017554691656560883,-0.0020163948814466474,-0.003131457353871722,-0.001758051150078006,-0.0034608454719602727,-0.0022879174663564135,-0.0017202458234905759,-0.0016907811764018702,-0.0018265480202256886,-0.0008020548456853983,-0.0025724963533505537,-0.0016228030770881565,-0.0006684252930758453,-0.0005363584224184174,-0.0014401565307858718,-0.0006950046287595796,-0.0011075282463012123
MDA,ssp126,ukesm1-0-ll,-0.051652770178044725,-0.025431730871656608,-0.0019287647229607318,-0.02140711005418031,-0.012720784249838137,-0.011008957925509103,-0.005555236959052921,-0.0161678864612922,-0.007458974466583228,-0.015241109155145432,-0.004382565963287478,-0.016742273803164273,-0.010627695485360933,-0.014094803499291932,-0.003590697478328166,-0.01069935617165202,-0.01180509096932793
MEX,ssp126,ukesm1-0-ll,-0.0007461818331858519,-0.0013489914135711347,-0.0014718637953626261,-0.0009660840061914557,-0.0007039414555687651,-0.0008640076799884385,-0.0010112577352441713,-0.0008949614103391376,-0.0007651387107223352,-0.0005130401648289447,-0.0006967719952219902,-0.0005780846170689548,-0.00041386201665670686,-0.000652384864675026,-0.000545326215886204,-0.0004219494558294659,-0.00039684675704051173
NGA,ssp126,ukesm1-0-ll,-0.00918764641100089,-0.0032894220040426596,-0.00688472871688261,-0.0064723226525391095,-0.00208909860998205,-0.0014803037208470657,-0.001628198765918208,-0.0021017527161468668,-0.0009779611004858432,-0.00036636458240320633,-0.0007385741093978553,-0.0005719295125062176,-0.0004014192238621195,-0.0003881985158566647,-0.00020081465773248063,-0.000265930410869516,-0.00017712589834127033
NIC,ssp126,ukesm1-0-ll,-0.02021552769949827,-0.005747757825857174,-0.0016460615750220392,-0.004450547352984828,-0.0031274355614012484,-0.0025915094282513654,-0.003473475255812266,-0.003437883528388099,-0.0010022997883224391,-0.0011843821065335202,-0.0011623452444884806,-0.002054942478967687,-0.0005890523270429002,-0.0014451811288122337,-0.0005007865577016913,-0.0007632177248944174,-0.0009043166963979048
NPL,ssp126,ukesm1-0-ll,0.0004336712834306377,-0.007948910419743901,-0.0019992992743566047,-0.004493753690214668,-0.008093192742973949,-0.002061432668572742,-0.0031018005642303925,-0.0033339331479105,-0.0016692904816288465,-0.0024817548012573895,-0.002664047966224769,-0.001133935626711795,-0.001432612396498834,-0.0014210320453647608,-0.0017876742411143283,-0.0006701202284909222,-0.002103979918094961
PRY,ssp126,ukesm1-0-ll,0.10886102594714006,-0.4850436250105223,-0.425327283825482,-0.08258022045518149,-0.3428793915100245,-0.3154957717305095,-0.13126062480038586,-0.19353895846678865,-0.08270198741175656,-0.16776645933567674,-0.0636691846265113,-0.24145262167842999,-0.21075355618300043,-0.15715767161841065,-0.18884757276462877,-0.10312606500499687,-0.1058133818665154
ROU,ssp126,ukesm1-0-ll,-0.019837805063694446,-0.011765951615648572,-0.001592203398886787,-0.008435596004249927,-0.006171029513053075,-0.005308008458451869,-0.004804921477352937,-0.008673579533830234,-0.006608531494900475,-0.00951211135116505,-0.003113115085151368,-0.011180409836815034,-0.00789439258265229,-0.01128623014532658,-0.004324760660346497,-0.008305715074867489,-0.008759937382887
RUS,ssp126,ukesm1-0-ll,-0.011925244421136688,-0.0005849785048344115,-0.01178416331115562,-0.007595222439845861,-0.005275657927128376,-0.008396383189914364,-0.005502652202205866,-0.002335212031377716,-0.009186088218097643,-0.005926489831899451,-0.010593884949459823,-0.009248935394534818,-0.004802577409989562,-0.007742884257361056,-0.005635573497401583,-0.005188101013408348,-0.00532757784078448
RWA,ssp126,ukesm1-0-ll,0.0022056170846726534,-0.0052647897377873605,-0.002419971943363206,-0.006488775350610783,-3.4870767332183535e-06,-0.000532724480515117,-0.001335209571204568,-0.0029778790367381842,-0.00018370427216539396,-0.0006314726806051683,-0.0004474365213931855,-0.0004016094059823227,-0.0002553992718317943,-0.00018498661440117484,-7.246743462970771e-05,-9.839605423341378e-05,-0.0003850865554937713
SLV,ssp126,ukesm1-0-ll,-0.006398969003565115,-0.004528977588679489,-0.0019791464503579725,-0.0028452541700139983,-0.003043441321945888,-0.0019426434028751813,-0.001939247402453581,-0.002581565918225822,-0.0009401701827090374,-0.001520843389865482,-0.0008861428395430153,-0.0019705346499248053,-0.0006315785706234791,-0.001316751205146596,-0.0011179206770964543,-0.0007667556421585949,-0.00111711342743722
SRB,ssp126,ukesm1-0-ll,-0.10470747702437697,-0.0839238822103977,-0.0026560937276485794,-0.05355895676917837,-0.030695593947727275,-0.041545758096374306,-0.0528518967469606,-0.06136472440139906,-0.03796297953331798,-0.06479986796100157,-0.016422224715399433,-0.09032295879953689,-0.042030861459654685,-0.07877677412536324,-0.027518838420732834,-0.050232515525431926,-0.041254805639843406
SVK,ssp126,ukesm1-0-ll,-0.002057516317371825,-0.001176314382443232,0.0031516931772859447,-0.00647189365550032,-0.0031395878145704706,-0.0030232183654095614,-0.005435255748958088,-0.0025947012149229974,-0.003583112088415909,-0.003907268377799806,0.0005683324083281151,-0.0063735034069771455,-0.00015153299529896741,-0.006433888056394235,-0.0010181888422501912,-0.0018490345469954989,-0.0020722081423354987
SVN,ssp126,ukesm1-0-ll,0.00025923088201898486,0.00013394256529731933,0.00033611127987645236,3.7160121688576855e-05,-1.9430074913029873e-05,-1.655419663488777e-05,9.625433091441146e-05,-2.5135100795057043e-05,0.00013359231121144662,-0.00010900955630938776,0.00015993628133497936,-0.00011193762362333094,0.00022171298239252054,9.31244433704946e-05,0.00015677572232444521,0.00014235456977558788,8.728721927651502e-05
THA,ssp126,ukesm1-0-ll,-0.0009113258133374558,-0.00036268131930074026,-0.0003162207196678416,-0.0003132955309248983,-0.00040297286497651,-0.0003048697238831757,-0.00023580270217606628,-0.0002626437391676775,-0.0002872979892745247,-0.00011564300695030177,-0.000273398988253407,-0.00020589232740353698,-0.00014240813503280797,-0.0001405605405415077,-0.00020207278280810092,-0.0001398629809130413,-0.0001705476119708429
TUR,ssp126,ukesm1-0-ll,-0.0006275601969928238,-0.0001441468811027077,-0.00011635825982514641,-5.598359847906679e-05,-9.157254208949964e-05,-8.492627358879663e-05,-7.1425590617759e-05,-2.9472672293766632e-05,-7.307252179635014e-05,-9.58984133511236e-05,-3.602666271282863e-05,-4.963063989761122e-05,-7.943907013730735e-05,-4.7315700301662454e-05,-1.6279279864907112e-05,-2.4522792608665604e-05,-9.595326979946334e-05
UKR,ssp126,ukesm1-0-ll,-0.20783053694301987,-0.10096097445884998,-0.01881823353867212,-0.05072774131940124,-0.05336469119505298,-0.041805129399821464,-0.023732760774612914,-0.04578065372318678,-0.021785547400734108,-0.04926255675209456,-0.022759028213521947,-0.050138299240931335,-0.03158644940493371,-0.04985697116733081,-0.01493644623917793,-0.037912933457668815,-0.038875979736073776
URY,ssp126,ukesm1-0-ll,0.05088503050368851,-0.04186869680697224,-0.09216775147477706,-0.007845060360520953,-0.02963636472299348,-0.002509755856165433,-0.007806057583478824,-0.01884007357714097,-0.017998010088121276,-0.03044389750275455,-0.007901913769454068,-0.022802745948247966,-0.027067249227634312,-0.014142991538749605,-0.013673940294696445,-0.012099847961423165,-0.004185763041239937
USA,ssp126,ukesm1-0-ll,-0.047474229481112795,-0.03673239917194961,-0.05451793200399954,-0.056486351133574315,-0.07463960309835369,-0.05265401083185672,-0.05261279258975424,-0.044120475999789445,-0.030362891557046977,-0.052864102890078014,-0.037314349158477755,-0.027539747671122935,-0.043121936368826344,-0.04400407946742721,-0.045259558307166874,-0.03708485343409813,-0.038496785921199865
ZAF,ssp126,ukesm1-0-ll,-0.006421938346516556,0.0011530376874206688,-0.0066136559108169405,-0.015098683549049806,-0.008145729139682764,-0.013923049655867012,-0.0035485361576859096,-0.0082835878303148,-0.007080648776614726,-0.0024892470935876667,-0.006548566753737541,-0.0049313943077204745,-0.0032056850921489384,-0.00426294094464385,-0.001985072003537845,-0.0037565621346919943,-0.004610634647998488
ZMB,ssp126,ukesm1-0-ll,0.0018781632235881096,0.0029108438102891064,-0.011564637153858215,-0.012533390163460044,-0.019324752335352944,-0.005606046824923094,-0.0048080831914241616,-0.0018277988427423386,-0.0019636980538628094,-0.001459138416173062,-0.0020386545221610336,-0.0022277545397115066,-0.0010683424273929998,-0.0012315979528847222,-0.00040099507605079833,-0.0011804909309550424,-0.0004267509449539242
ZWE,ssp126,ukesm1-0-ll,-0.0030372294036929135,-0.005241663192344957,-0.022123312285419666,-0.038748759482093185,-0.02941373445426806,-0.01771047378557186,-0.005213341267056094,-0.005864679492175399,-0.006032138395885157,-0.0009609072786035702,-0.003459203272935417,-0.0063444626831555785,-0.0037752504233149312,-0.003669158181267208,-0.0020408001984813925,-0.003085711231727683,-0.003398618805814793
AGO,ssp245,gfdl-esm4,-0.0010238330356777754,-0.0012811381202307017,-0.001036951184849262,-0.0005108522812594482,-0.000603644452801448,-0.0010342850477566452,-0.0009818968912473415,-0.0005781014660123831,-0.0005827253783285343,-0.0004230100468604664,-0.0003775529534779408,-0.00022518424215726537,-0.0003749777057931747,-0.00029424183247109037,-0.00023029832231713073,-0.00020054537683377303,-0.00017456885155815746
ARG,ssp245,gfdl-esm4,-0.08149997146430077,-0.003352763207323024,-0.00640975648491149,-0.003299092573844471,0.00019002418546979418,-0.011224004155664642,-0.004777078563261134,-0.0027339515709624736,-0.0033466022045229994,-0.0031539147142428236,-0.005949207426430764,-0.003505610975431872,-0.002975163833507007,0.00013751549967910498,-0.001319865204954835,-0.0007408402890108393,-0.0015903830281055653
AUS,ssp245,gfdl-esm4,8.405408252406392e-05,-0.00022585570803555733,-8.146350534178682e-05,-0.0003213454307812452,-0.0001508115059543505,-0.00013962412057580285,-0.00015850282514555386,-0.00021965458504072854,-0.00020354584120147457,-4.157242090146853e-05,-0.00011170248839834902,-0.0001023480557342414,-7.019680331183887e-05,-2.6668956085685275e-05,-9.193637543656748e-05,-8.427509596530454e-05,-0.00013472719950833012
AUT,ssp245,gfdl-esm4,-0.002632230369163242,0.0010882575528997037,-0.0020773115423858837,0.0015481818673391224,0.0013979681755171458,-0.002681178802945803,7.234726560994432e-05,0.0009144347409193916,0.0005177588652466309,0.0007475300071670489,-0.001789686825657432,0.00028651236515972445,0.0008417629388404747,0.00044128935829849903,0.0007252825663967244,-5.3790365598205455e-05,0.0006315816952218456
BDI,ssp245,gfdl-esm4,-0.003239580336295677,-0.0009249664225538827,-0.001405754005607937,-0.0003761847643657168,-0.0003936812693876581,-0.0010015381469771338,-0.00022509223340691034,-7.576867238075867e-05,-0.00012187005465580578,-8.367448855106383e-05,-0.00011587003888115094,-7.034012114812832e-05,-8.793343734129919e-05,-7.502704891497707e-05,-3.2483195478505724e-05,-5.0297671488473606e-05,-6.83359049101425e-05
BGR,ssp245,gfdl-esm4,-0.001395835591813657,-0.0009853616281334091,-0.001916728304869045,-0.0003339454385246754,0.0002673380369875948,-0.0006068242887232079,-0.00027061379421776296,-0.0004465004986212867,-0.00037249097533219365,-0.001458928062991447,-0.0006780903187111727,-0.0004318511170978994,-0.0010147224875529622,-0.0017068995627595729,-0.0015120828584963024,-0.0009650333370057395,-0.0019619496697856095
BIH,ssp245,gfdl-esm4,-0.01113738314361769,-0.005095940094126273,-0.0033085986155994332,-0.004698520639676884,0.00025307640726818047,-0.010907822516028287,-0.0022963466519945164,-0.0014556686439775707,-0.002868718715668329,-0.009973473745665089,-0.02053952256480297,-0.0073721921490367,-0.0032178721107811365,-0.006700604417312339,-0.010055425832316485,-0.0216450093091679,-0.0236870897315708
BOL,ssp245,gfdl-esm4,-0.26242224654454144,-0.05868648317422852,-0.4384857262610637,-0.38175515311080593,-0.2516327872315692,-0.21870511887921848,-0.10752159385491948,-0.18569812068105185,-0.19593654274320066,-0.10478845928321638,-0.16333132870341446,-0.1846108990376694,-0.13042274341582122,-0.07260861969094294,-0.11881132384871555,-0.10594682802015816,-0.08568097278674383
BRA,ssp245,gfdl-esm4,-0.15802241610905718,-0.09888637684173925,-0.30355843507009095,-0.10944049626251469,-0.1281923604931818,-0.16838435262297918,-0.063232576909907,-0.13672232734683276,-0.14005992395223185,-0.10530329719854235,-0.11223331712703166,-0.14307438844650228,-0.11796165739973409,-0.12826145000695138,-0.151920158941439,-0.16808586643287338,-0.07339883855207628
BTN,ssp245,gfdl-esm4,0.000492210353628594,9.267574528188069e-05,-0.00012009575527033031,4.295312631798981e-05,4.216268485903545e-05,-1.054602778940666e-05,-2.644288965738794e-05,2.1008010371243645e-05,-6.4213511483209445e-06,-6.993650826396163e-06,1.7810976326354194e-06,1.0991195755196377e-05,2.421078391719059e-05,1.8142421202170605e-05,1.995934764465005e-05,8.985775549970837e-06,7.944717475451003e-06
CAN,ssp245,gfdl-esm4,-0.006029832187152095,-0.00969583328339597,0.007756539818116826,-0.00288361048892254,0.005142208153609715,0.0005461792281457227,0.0002164552541677827,0.0006038275253462407,-0.005011954588022362,-0.00025838045600984144,-0.0008853712790673981,-0.009182025118452394,-0.007490069943426132,-0.0029978878499207664,-0.009771755112805872,-0.004124265339660829,-0.0030328185784810635
CHN,ssp245,gfdl-esm4,-0.008087649253750308,-0.005602009026014152,-0.007099749186871331,-0.0037881019511700103,-0.004118731148202064,-0.007809093963745792,-0.0036951066936468254,-0.003975827651460799,-0.005489190160729375,-0.004770369137853089,-0.006072612477728525,-0.0031879254600178995,-0.005353183062976985,-0.007726992046701826,-0.005700183894555631,-0.005132424040076263,-0.004647072886996448
CMR,ssp245,gfdl-esm4,-0.0006974940656676798,-0.0009353895863919862,-0.0020056063978492263,-0.0004911011199873334,-0.0007526016466941918,-0.0005572886022982767,-0.0004456918172186324,-0.00047815988255961065,-0.0006454112460810202,-0.0003419932076290379,-0.0003546564095851079,-0.0003060530016130321,-0.00030685121734164427,-0.0003214480384000061,-0.000260763370967,-0.00023928435259930686,-0.00016943688918130288
COL,ssp245,gfdl-esm4,0.0002425485898930544,-0.0012928087350686998,-0.002464813356233293,-0.0013895948181918008,-0.0016554948723367408,-0.0015685176920512515,-0.0007861876156665635,-0.0016050918390174734,-0.0018799898313678056,-0.0014166649459134424,-0.000844796266339475,-0.0016974075006781835,-0.0008643195940723764,-0.0010448146198711013,-0.0006875998478142182,-0.0008652841188581654,-0.0009745461364315607
ECU,ssp245,gfdl-esm4,0.00043697608277630794,-0.0020995534628682013,-0.00296808484438084,-0.0018354969034246429,-0.001961057219287586,-0.001348641730189052,-0.001467781273730068,-0.0019457567948756253,-0.001964607630187752,-0.0008052980927506104,-0.0011635194490430248,-0.001046986562174044,-0.001207931081206926,-0.0007250633139669084,-0.000789818001908633,-0.0007244170466279972,-0.0006557817946958724
FRA,ssp245,gfdl-esm4,-0.0005144343618798899,0.0005950859628963653,-0.0005056110556101252,-0.0004786866471518042,-0.0003704324768670622,-0.000736748353170204,-0.0005853626155117046,-0.00042633864338446475,-6.888958254278935e-05,-0.0004406393789708583,-0.0005064793508494727,-0.0005036995924890959,-0.0003502807837725562,-0.00034806380465303124,-0.0005513590797571932,-0.000548797905829997,-5.315901073370358e-05
HRV,ssp245,gfdl-esm4,-0.0180930419478642,-0.008705918917820165,-0.04332041893621025,-0.009232349940146744,0.02202532514146526,-0.12411574365486977,-0.029568623838214646,-0.011157348637586594,-0.01753262809584617,-0.0735042540903356,-0.18405149756827835,-0.054829461784743516,-0.01748599677839562,-0.011416973808127255,-0.0343481894042075,-0.1108368734851784,-0.06357377132336367
HUN,ssp245,gfdl-esm4,-0.005045497008549991,-0.0020929997554366957,-0.0029152569152650033,-0.0007393728403407734,0.00026515062429594406,-0.004217921111153764,-0.0015024894526909818,-0.00036535317222350684,-0.0009897789944243744,-0.00274026531740104,-0.0057183769742666065,-0.0021085017658706386,-0.0013709431940099107,-0.0004993541986646554,-0.0010480224059751032,-0.00231908907605654,-0.0015867916649248703
IDN,ssp245,gfdl-esm4,-0.0004136189243959754,-0.0010858340951584227,-0.002274961503130447,-0.001139542669232967,-0.0008154875872419436,-0.0007645584038048357,-0.000681377274105839,-0.0007360135932463816,-0.0009543351671567531,-0.0004946531205916097,-0.0004676033621366159,-0.0008997779204305381,-0.0007195760102809762,-0.0004573469733960401,-0.0008957506483990745,-0.0007630520162587208,-0.0007405716070152791
IND,ssp245,gfdl-esm4,0.02587496273087384,-0.00803340497149867,-0.029093727976200967,0.0013810433979892932,-0.017291792722476856,-0.00028262544955331086,0.0009103362542005906,-0.011466158637474596,-0.0060714289943103895,-0.0002868490964064993,-0.0007594322273332057,-0.0014167763520653125,-0.00569354860121503,-0.0039037719024497715,-0.003250056923801969,-0.00345562051193966,-0.0033751209677383614
IRN,ssp245,gfdl-esm4,-0.0022865010152277165,-0.0005497606772654361,-0.0005085775902904618,-0.00039750469774622475,-0.00035180214814374046,-0.00035023354680610444,-0.0004643151471053145,-0.00034956534630603884,-0.0003768643480177253,-0.00024943624526965497,-0.00029652124285154644,-0.0002642235473235201,-0.00032918016826332183,-0.0002749161508168587,-0.00023488086906711287,-0.00020833764395402902,-0.00019495305675824344
ITA,ssp245,gfdl-esm4,-0.0022905771213928847,0.0009647196196243045,0.0002032924669854586,-4.303761351519109e-05,2.083868848476265e-05,-0.001774015408835934,-0.0003598293420251478,-0.0004994700041016585,7.826858507469564e-06,-0.000588716590917433,-0.0019226738026972992,-0.0003064071997651612,-0.0005822441545929134,-0.000595675589077232,-0.0006510853807303751,-0.0018883204451662417,-0.00042157441640796396
JPN,ssp245,gfdl-esm4,-0.0006687992496845402,-0.000917327680887906,-0.0001988384648691837,-0.0007543854957228173,-0.0006261496177430342,-0.000638410134351782,-0.0010965215488262757,-0.0007983752888899059,-0.0007890666535138062,-0.0005595056242040016,-0.00044977395906078683,-0.0011025374623295618,-0.0008574802321087635,-0.0011734025986323887,-0.000463482625791436,-0.0009359230304832254,-0.0008797222923998956
KAZ,ssp245,gfdl-esm4,0.0011763903059777367,-0.0005660933511975121,-0.0019062241180433652,0.00043741409290341734,-0.0012363626161362054,0.00040034371878884284,-0.0018225630129574079,-0.0018035618752482616,0.0007452701386285257,-0.0001992967409481172,1.9370350403815615e-05,-0.00115040463579514,-0.0017204696655908893,0.0007346592097804254,-0.000504538893879341,0.00028425916072135076,1.5298172848858194e-05
KHM,ssp245,gfdl-esm4,-0.02078005526677206,0.004354170399490295,-0.013419680484204718,-0.009176996574077017,-0.005791154197908947,-0.008342045513224467,-0.007598320184054515,-0.010113710721099808,-0.00686137967500871,-0.003030530106612169,-0.00424101219038921,-0.005096372641263156,-0.0040154062354117144,-0.0031045331717281252,-0.005296482350653969,-0.003975957172920676,-0.004144853830637709
KOR,ssp245,gfdl-esm4,-0.0019851156310593363,-0.002988139127044001,-0.0015854035935247888,-0.00206056894678217,-0.002166677658145092,-0.0018651382392598104,-0.002862102257512106,-0.00398370001855114,-0.001929444896664456,-0.0026996377786554955,-0.0023411570714847946,-0.002118041276803548,-0.0022785887183212777,-0.003273337500561392,-0.0013043403585281921,-0.0031177447635966065,-0.0043853558644809595
LAO,ssp245,gfdl-esm4,-0.0005852822746477173,-0.0016053650255952745,-0.002820890050606322,-0.002573031530880335,-0.0025934119088865,-0.0025121849156903003,-0.0016434881806213896,-0.0026681508252124997,-0.002677904472076237,-0.002176107411582815,-0.0014382296076773412,-0.0015400025541108201,-0.001391883685755875,-0.001658940440332204,-0.0016105946923261718,-0.0013007987062856473,-0.0010758087892461222
MDA,ssp245,gfdl-esm4,-0.015430677887080049,-0.007967000337063705,-0.0021510876631595944,0.003921921226746143,0.0023808886637770254,-0.007937436990938638,-0.004513008631011968,-0.0019402099119638818,-0.0036187713476429303,-0.007984798505661488,-0.0034325746311454734,-0.0006161987093496376,-0.0015316308826577028,-0.0068807871342429746,-0.00311113969176764,-0.0011110787898786119,-0.010049774835006325
MEX,ssp245,gfdl-esm4,-0.0007418296397876206,-0.0015420857511305255,-0.0008402376407627736,-0.0005393499281101121,-0.0007736062079281697,-0.0005099963227024541,-0.0005428621057007706,-0.0010960816799401294,-0.0007680996904827215,-0.000533107041473139,-0.0005042995355815722,-0.0004812961620187308,-0.0006915831951298964,-0.0005697159236234541,-0.0003911028580016312,-0.0006710979721206745,-0.0005179266772438703
NGA,ssp245,gfdl-esm4,-0.007891976770425604,-0.0015020838344781654,-0.0036768509134041624,-0.002082469703039099,-0.001539550893765815,-0.00198351849692237,-0.0018463325691430526,-0.0014542005684938626,-0.001662456545499718,-0.0009550456680309491,-0.0009065494960166842,-0.0007361285429478224,-0.0005851820252586426,-0.0005710923821803696,-0.0004492531543942274,-0.00036936125331806305,-0.0002773299300418207
NIC,ssp245,gfdl-esm4,-0.0027958243307023775,-0.013491994819284661,-0.00790777788012328,-0.0023845298127533766,-0.004819608538905966,-0.0025885430565728168,-0.0017507332949835356,-0.004788674018524788,-0.0036530995355080168,-0.0031623345402323816,-0.0013726467958509502,-0.002159352421196173,-0.002199472537182447,-0.0026765061365306843,-0.0007352137337569303,-0.001734265236732816,-0.001518781142803553
NPL,ssp245,gfdl-esm4,0.00045691476779083557,-0.003795810720018573,-0.00016735185851615432,0.0009838580648222394,-0.0015137467038313479,-0.003016500831785734,-0.002268294820533075,-0.004600584764702186,-0.0025642339701044464,-0.0011180253439541574,-0.003669850442319023,-0.001171241758653062,-0.0020500657910057047,-0.0008334518191914969,-0.0013748106306807502,-0.002047755607153224,-0.0006093512301478662
PRY,ssp245,gfdl-esm4,-1.124391039555936,0.1719874288526265,-0.4763104128155316,-0.0729489091352735,-0.08861952208638088,-0.21065090601177722,-0.020696394915072153,-0.04741590573913201,-0.08271854336863096,-0.022403518249321897,-0.20126497660488685,-0.09110313690777014,-0.09333399425472343,-0.055299096196699246,-0.13241997416394807,-0.12421818878390622,-0.0504067135795471
ROU,ssp245,gfdl-esm4,-0.007749878936434942,-0.0035886659777060164,-0.00458835919059706,0.00019127934206723327,0.0010142579731645717,-0.003175457769293382,-0.0030896232572307364,-0.001506448279711922,-0.0019746237287108326,-0.006973945664478354,-0.004056780816260587,-0.00282418098853981,-0.003025403739671168,-0.0073818140626093235,-0.0050001699210336405,-0.003941420064114251,-0.00893673646127257
RUS,ssp245,gfdl-esm4,0.0006982520629573555,-0.00654242225765866,-0.0011027909944542075,-0.0038122978627484062,-0.0035372142829706572,-0.006126659146156291,-0.004828145435516761,-0.002909893038063195,-0.003515950412202337,-0.00026028647173369966,9.558221145313463e-06,-0.0026119732952039733,-0.002026005155259048,-0.0056026379205048205,-0.005686541508866898,-0.0019525742875837065,-0.0025502698932452785
RWA,ssp245,gfdl-esm4,-0.004836711908393536,-0.0023195102024247314,-0.002388851989949415,3.50237384365435e-05,-0.001600000425614769,-0.006634361998750374,-0.0010807306558192112,0.00019158799249121924,-0.0001243842694423794,-0.0001593531550222982,-0.0005954169863405078,-9.883895128081235e-05,-0.00037705639697317294,-0.0005656666377219571,-4.28714386221534e-06,-0.0001142986844827051,-0.00030810266454040755
SLV,ssp245,gfdl-esm4,-0.00022922051071915233,-0.004859384573303787,-0.001481038320879008,-0.0007694553368339525,-0.002103408446023386,-0.0011384711455196027,-0.0006324958339615328,-0.0022403472894238032,-0.0017892324714886294,-0.0013260156523389295,-0.0009306451341787919,-0.001180323221125685,-0.001427163614821696,-0.0021362134330322555,-0.0008759173985207681,-0.0010736183354519225,-0.0011205646894921774
SRB,ssp245,gfdl-esm4,-0.10048512788554623,-0.017873941867237873,-0.025574604468143858,-0.0010687822831687169,0.0054662092743447575,-0.02667513399240717,-0.01342005540756306,-0.008142584635657387,-0.011013152501568077,-0.04112570533080369,-0.04684239998349747,-0.02817685164027474,-0.005549929251274281,-0.030421865219408917,-0.025903475288513104,-0.04101356226085617,-0.050864421217508116
SVK,ssp245,gfdl-esm4,-0.006613963399305406,0.0010516154145180003,-0.002692489441835837,0.0015498065070534209,0.0013074626031390727,-0.00547000959863186,-0.0013344815882796496,0.000626830106793359,0.00017980051541201413,0.0011503887180802446,-0.0033567427212876336,-0.0006266823263600144,0.000903027061581056,-0.0003270912192641272,0.0010336358103819315,-0.0007336164766177351,0.0006909604420621639
SVN,ssp245,gfdl-esm4,-0.00032982716907453035,0.000462640032792857,0.0002724705721409,0.0003866435412041561,0.0002586450656045236,1.2829118516291536e-05,0.00020870516303717258,0.00011920970706604274,7.518684521841759e-05,0.00022110281861180552,3.8411867920792475e-05,0.00014942708928624804,0.0001707821891711287,0.0001983301064146838,0.0001846046468052533,4.34423841555719e-05,4.961117663028075e-05
THA,ssp245,gfdl-esm4,-0.00011629151449011651,-0.00010354620716473788,-0.0002452559372013743,-0.00025699469801032237,-0.00017261599472250235,-0.0002025616452203912,-0.0001616693768321158,-0.00021832166913174234,-0.00020238039287286298,-0.00021408079384900352,-0.0001573912512473065,-0.00017780035384833766,-0.00018537250464628188,-0.00019847592109800642,-0.0002246080114281004,-0.0001598736837493742,-0.00017086006744935196
TUR,ssp245,gfdl-esm4,-0.0007290765778326298,-2.8050764346066062e-05,-8.674238938714265e-05,-1.4973295251792533e-05,-0.00010492286108954022,-5.187364602629358e-05,6.274854041555029e-06,-4.89307358602441e-05,-3.4606667221756795e-05,-8.92010822544782e-05,-8.611915256556682e-05,-7.1373072855774e-05,-6.970393418541749e-05,-5.6300791483885186e-05,-8.823991441476894e-05,-3.0134300909670675e-05,-9.405019292584175e-05
UKR,ssp245,gfdl-esm4,-0.014781683965060952,-0.08143848360111146,-0.04694183616081683,-0.010749543387882983,-0.004188586263842246,-0.028628655535468082,-0.027617531847984118,-0.002880202849352704,-0.028844719635257546,-0.017016428185578362,-0.007126441779669239,-0.002601659276683622,-0.0033201624800074923,-0.005000326279536374,-0.009678694972075333,-0.002470750394731165,-0.02351361440968942
URY,ssp245,gfdl-esm4,-0.19211488324247986,-0.03259707016400856,-0.011424486134882388,-9.54655179457975e-05,-0.007386069393478413,-0.04608626949675665,-0.01554558955657164,-0.004304266691510217,-0.02546021930459417,-0.010772245087883029,-0.03900474306711794,-0.014514604345305167,-0.01382565770719832,-0.006234493424997795,-0.016393709768416816,-0.008364289062210652,-0.013329879567219226
USA,ssp245,gfdl-esm4,-0.014176533555573632,-0.03244461890730942,-0.00596864894765342,-0.0077979435290353345,-0.00868153521724067,-0.01955315858173069,-0.02735210943509082,0.0009952208210163634,-0.024436993818259773,-0.01603143206504135,-0.008188530693497406,-0.021729508894159245,-0.034922247889134554,-0.011604444305046108,-0.028771152353398246,-0.015622063953732189,-0.027996600192506067
ZAF,ssp245,gfdl-esm4,0.00863086218880788,-0.010049364063718222,-0.00968937172929816,-0.011431661222763876,-0.002957308209233667,-0.004556034735769967,-0.0031595707146492343,-0.004774298336637011,-0.006902936031084117,-0.003059074009542913,-0.004646244361081636,-0.005606040457086775,-0.005149946971511688,-0.0055243872360112726,-0.006457682545751453,-0.003616614095179126,-0.0047988314728289756
ZMB,ssp245,gfdl-esm4,-0.0016313455758328313,-0.004981137313402263,-0.011473575554049254,-0.006610842440142494,-0.005769338304218247,-0.003866370619217434,-0.004134240571649365,-0.00219217332060947,-0.004372365250865855,-0.0013089140544094739,-0.001956487260068065,-0.0014067676110361854,-0.00107340901145498,-0.0011920286156454941,-0.0015342480690228354,-0.000835144642769326,-0.001214918481016438
ZWE,ssp245,gfdl-esm4,-0.007788428055547351,-0.019611478105802778,-0.03198706165081804,-0.0032868701008645835,-0.008358288321388716,-0.0030783984927675503,-0.01623031988968849,-0.011072108859118083,-0.007939716974873773,-0.005571287178694266,-0.005175362410109578,-0.005184311594158652,-0.002520587939092553,-0.005875411015023784,-0.004658024801007253,-0.002683566152412109,-0.0032577560944719755
AGO,ssp245,ipsl-cm6a-lr,-0.0009604000315946341,-0.0005535895424755796,-0.0002488154441785583,-0.0009042365412357698,-0.001018968949173091,-0.0010632442497537612,-0.0008462391825503565,-0.0009997048206359018,-0.0005871716741163437,-0.0005570019411844761,-0.0003693800933098408,-0.00031014469850329925,-0.000304638607617276,-0.0002821460375868816,-0.00019756961053752581,-0.00020717452667635462,-0.00018928287965157715
ARG,ssp245,ipsl-cm6a-lr,-0.06495373073003155,-0.014038203750327006,-0.013762496297591902,-0.0023877384435472674,-0.005446220963268385,-0.007456238004564146,-0.0066854728420903805,-0.00834107814054099,-0.008256264733336755,-0.002622597044534966,-0.005418356374135293,-0.005676385981045103,-0.00451181977243608,-0.005275777352774827,-0.005270661899120517,-0.0035095655090135007,-0.005894500515480021
AUS,ssp245,ipsl-cm6a-lr,3.706854280968967e-05,-0.0003460855130909817,4.971015624946174e-05,-4.855302355246077e-05,-0.0002791779532091929,-0.00011016459711431039,-0.00016558552838231072,-0.00020118204152291296,-0.00012693365202758023,-2.375957510374822e-05,-5.9350412768518515e-05,-9.43904751716661e-05,-5.4445851811136876e-05,-0.00019144373725524081,-0.0001815017562452455,-9.468258086343598e-05,-0.00011564650508402587
AUT,ssp245,ipsl-cm6a-lr,0.0010692571410990928,0.0019151502978059746,-0.0008713877207667496,0.000373467521701084,-0.0026736610176230245,-0.0003826467031570928,-0.003970833455224547,-0.0015331879389342286,-6.72467942493075e-05,-0.0030200114302092696,-0.0017620761880657964,-0.0027522310235791676,0.0002792388346869614,0.000901909736179614,-0.0010649854020085045,-0.0011158588500349098,-0.001495900600383711
BDI,ssp245,ipsl-cm6a-lr,-0.0008486979704037383,-0.002709352381392679,4.53636458564712e-05,1.8278278994167546e-06,-0.00048742236105463004,-0.0003169725476906688,-0.00018002695945136006,-0.00021700784391525443,-0.00011574948584315696,-8.631689527482592e-05,-2.2317923272311475e-05,-6.125559501846425e-05,-5.692831628627027e-05,-4.95912941005552e-05,-4.8152465070999116e-05,-6.0132133645597064e-05,-7.359997313122915e-05
BGR,ssp245,ipsl-cm6a-lr,0.0002974333646399012,0.0002336881487418482,-0.0019609023637091505,-0.0006014382615053431,-0.0017975536768266476,-0.0005743987325705518,-0.002668124226060682,-0.0019792649917429865,-0.0012469773284223753,-0.0024852949687821984,-0.0016878801543585408,-0.002090898777773498,-0.002019191875438952,-0.001102428908920446,-0.002311055355000514,-0.0026898642531331465,-0.0022364142770788776
BIH,ssp245,ipsl-cm6a-lr,-0.0002548400872945203,0.006257880002922994,-0.016584558537946572,0.00017975303180563492,-0.021928061650706456,-0.0054376001910506466,-0.024869698946049797,-0.014000685954599542,-0.010157778071982433,-0.027734220626173305,-0.018010789357569112,-0.02950122466893637,-0.01212449646260294,-0.014170246150348129,-0.03498613480484875,-0.03823936217885766,-0.040758746240631714
BOL,ssp245,ipsl-cm6a-lr,-0.1391168721136407,-0.5608490114491369,-0.17619756553997823,-0.23902478436357738,-0.3644195770069484,-0.11851102079010363,-0.35120143382441477,-0.17283669647360617,-0.21335250598787625,-0.11113846767465708,-0.0920201936984617,-0.1264704119756881,-0.11503720492456652,-0.13225979452617345,-0.12587691624862662,-0.07986350878492536,-0.1239173264447137
BRA,ssp245,ipsl-cm6a-lr,-0.08099886943895071,-0.20041962347893094,-0.12231624513231773,-0.09095001318772365,-0.1555059796874023,-0.08762675856533188,-0.17178256580953596,-0.1694183609497187,-0.13494045548192315,-0.1342639038003837,-0.09749496103709904,-0.14271238198927017,-0.131469377394402,-0.1597898188580321,-0.15910713621888084,-0.1217984175694947,-0.15361199806281436
BTN,ssp245,ipsl-cm6a-lr,-0.0007116768997592229,0.0001395538836238678,-3.175564880202756e-05,8.151592420674599e-05,6.560602000714059e-05,2.919872035196746e-05,3.576372137317851e-05,-1.8428489394834933e-05,3.071596225752943e-05,2.8247893965812403e-05,3.316657225586492e-05,2.5414191543929678e-05,2.513656637281659e-05,2.083874115704657e-05,1.4540564226656195e-05,1.4729610025837028e-05,1.0098136649850388e-05
CAN,ssp245,ipsl-cm6a-lr,0.006072741811012265,-0.0025022066824953123,-0.0031633903026433105,-0.0014995415408939547,-0.017252529218738207,-0.01156204342141388,-0.00947525960058435,-0.00959137109142021,-0.011355191296569206,3.917718745586826e-05,-0.018314634129145576,-0.005841963521437906,-0.0008201351835351863,-0.0018503946473052693,-0.009996985287057251,-0.012124484517032318,-0.010487843626798691
CHN,ssp245,ipsl-cm6a-lr,-0.0028373449418616506,-0.0076644459110034105,-0.0031642849921055334,-0.0031507169667211923,-0.008087566086207693,-0.005696446136377525,-0.0053094663511836695,-0.004962109752384081,-0.008222267338006179,-0.007687320750654952,-0.0066389352372752414,-0.008913785918555742,-0.006538175698308024,-0.008395965740965367,-0.008613630974277985,-0.009077371359709235,-0.008624975563477952
CMR,ssp245,ipsl-cm6a-lr,-0.0018474647013836598,-0.0011144047688509415,-0.00032442113380804074,-0.0003814522917904753,-0.0015874646934011642,-0.0005679662429574016,-0.0007093361458285764,-0.0005745346403594723,-0.0005604682471129968,-0.0002459770315116499,-0.0001286825639480842,-0.0003016408686889084,-0.0002492986583042556,-0.0002942237678546161,-0.000263015115869872,-0.00021998580302367088,-0.0001727318596429821
COL,ssp245,ipsl-cm6a-lr,-0.001044729806843037,-0.0016020531734502498,-0.0007702198123805744,-0.0012985644552851248,-0.0029441945209780183,-0.0010988874125195094,-0.0015639382580273397,-0.0006325448888791322,-0.0018454397294287142,-0.0011054503807238505,-0.0013449878284044995,-0.001347179606978236,-0.0011028225552413636,-0.0015082660215911287,-0.0018909638893999004,-0.0013377369971763417,-0.0011727649605034547
ECU,ssp245,ipsl-cm6a-lr,-0.003402883073164491,-0.0024119575173443485,-0.0014844397087610595,-0.0012000224968962768,-0.0021990224623166183,-0.0015398873816143497,-0.0018623342580482802,-0.0016960837352760084,-0.0019097834577970398,-0.001576370912791784,-0.0011408744072167922,-0.0008633718411973079,-0.0008789853720170631,-0.0011013140853296456,-0.0009915069587183062,-0.0009220630802022914,-0.0007146526243510465
FRA,ssp245,ipsl-cm6a-lr,-0.0010698399754597186,1.6260501757813606e-05,-0.0009238153277394245,-0.00033252224067927477,-0.001020307509163614,-0.0009010238167666978,-0.00171433073147819,-0.0006876158144923586,-0.0006398861516191567,-0.0013254521940968757,-0.0010138428320962446,-0.0006925034839076409,-0.0007898816986268208,-0.0006192886835327195,-0.0008902443743268277,-0.0005059874337435148,-0.0007957317657422036
HRV,ssp245,ipsl-cm6a-lr,-0.005109333704365745,0.05771557053606228,-0.14282195918518184,0.006256580816182805,-0.24749043945549398,-0.05719639721485345,-0.2549710182146093,-0.14050904288708352,-0.09115716689401902,-0.24833781555605658,-0.17117471266936254,-0.24770381490643367,-0.09648245448872082,-0.0979728272735924,-0.22328741800993732,-0.18220665250126084,-0.17756147560339508
HUN,ssp245,ipsl-cm6a-lr,0.0005261517397655899,0.0021542986626065515,-0.006231944521926967,-0.0001562890553926664,-0.007777783071242127,-0.0018343020010832781,-0.008186467229420385,-0.0037235796508091855,-0.0020524359872491405,-0.006784328613968925,-0.004273179521925474,-0.006815158172562296,-0.0015749707497516557,-0.0026516251917716458,-0.005089620485956682,-0.004614860729368243,-0.004698643294361333
IDN,ssp245,ipsl-cm6a-lr,-0.001984751488456369,-0.0017416489706658814,-0.0010890175029910614,-0.00102279278810731,-0.002412850745642966,-0.0009694089648296815,-0.001762568244398533,-0.0015646708253129636,-0.0013620518190458274,-0.0010579199645061412,-0.0008450596550139016,-0.0011076326692193107,-0.0011530935228335829,-0.0014748217209070956,-0.0009521688444933645,-0.0009926533616950316,-0.0009955040064907775
IND,ssp245,ipsl-cm6a-lr,-0.007903173383391008,0.0007709359277743536,0.00621493549377431,0.001957018223886784,-0.013454988442024104,-0.0061405949138127885,-0.009315233242352025,-0.010561592094815792,-0.01052136782883027,-0.007041489092347813,-0.005115543889548305,-0.004754317261791297,-0.004346894151193147,-0.0087665720441489,-0.005450489639210893,-0.0041349577336669266,-0.006087139944022831
IRN,ssp245,ipsl-cm6a-lr,-0.0011423186182056508,-0.00033728817380034883,-0.00038729163252507545,-0.0005993596067644189,-0.0005826302989751169,-0.0003365125728974988,-0.0004273285316627482,-0.0004980278163770739,-0.00040524778062930986,-0.0004512634586646764,-0.00035243766844083755,-0.0003854642801695846,-0.00039669075934508995,-0.00035286142432355155,-0.00032611198377800336,-0.00031967116081057416,-0.00024704520098726106
ITA,ssp245,ipsl-cm6a-lr,-0.001121742905766381,0.0010053567437512138,-0.0011308922703439014,9.487927226101322e-05,-0.001961484817021124,-0.001175741098316711,-0.0038835480384508863,-0.002607652409689697,-0.001813984126755004,-0.0026426237198365803,-0.0022829666476033286,-0.0019407570020265011,-0.0018866265193671259,-0.0015908398714524455,-0.0021733197832223025,-0.0013058383796551254,-0.0018690324863187473
JPN,ssp245,ipsl-cm6a-lr,0.0004389865969437241,-0.0012541496288181488,-0.00037992183026282266,-0.000791836222483459,-0.0009022561724940885,-0.0008463360771783153,-0.000463978869473319,-0.0007521698580141794,-0.0009024724007531881,-0.0012355369614059483,-0.0004425256110716737,-0.001280235202536694,-0.0006627864530850878,-0.0007385153862714225,-0.000780561491405057,-0.0007442709410382825,-0.00095167115539298
KAZ,ssp245,ipsl-cm6a-lr,-0.0018718500940245024,9.433286545019326e-05,-0.0007850819089463893,-0.0016450130988537326,-0.0006412481446681228,-0.0009632635844063486,0.00021040249078510453,-0.0021343983943805152,-0.0003044676441962088,-0.0010876749430887682,-0.001015085506826607,-0.0015165092216922194,-0.00012335433535180665,-0.00032170615657654985,-0.0020570389282953748,-0.0013737113215813019,-0.0024369751918807254
KHM,ssp245,ipsl-cm6a-lr,-0.02020697178584779,-0.02694348003088005,0.0007575543608510708,-0.01365181703519028,-0.0291814456125806,-0.01867126157174462,-0.014759597532120895,-0.013890760478374193,-0.01243395280726908,-0.010777690915187902,-0.007088423754126312,-0.0059880547515893875,-0.007354571896593506,-0.007898432081250266,-0.006047646623599236,-0.005432236606965494,-0.005601989113681246
KOR,ssp245,ipsl-cm6a-lr,0.0005710946222463797,-0.001931225931543558,-0.0011799894530716876,-0.0012345094046608029,-0.0018540085540584101,-0.0007310663569774611,-0.002455224000596634,-0.0034074423059943055,-0.002806578461401454,-0.003518890374924526,-0.0017762161600257177,-0.00342174338939625,-0.0014994993967675197,-0.002673178594258458,-0.0018875994875380917,-0.003627852172537447,-0.002303373603494484
LAO,ssp245,ipsl-cm6a-lr,-0.0071196573227714334,-0.002357160212053905,0.001439109324371815,-0.002279225839504938,-0.00401080403391502,-0.0034441605991956813,-0.00311254639699031,-0.0020515632203268563,-0.0028506844806237327,-0.0013142596665263813,-0.0011065047493667643,-0.0009099445141377288,-0.0013580140368794874,-0.00216528997005031,-0.0010774299726331372,-0.001039304205698095,-0.002038064436591719
MDA,ssp245,ipsl-cm6a-lr,0.007132840923882212,0.0020876359727705074,-0.014854407234867844,0.0012899544678399559,-0.021183082859173877,-0.005670683253378115,-0.023074421606843587,-0.012983632267164872,-0.010115642457694803,-0.0214216710131448,-0.014185750262712246,-0.016313061986708784,-0.010636346525903869,-0.004955256319251924,-0.014776856222966189,-0.012751888675858171,-0.012142051994566756
MEX,ssp245,ipsl-cm6a-lr,-0.0009791417044348195,-0.0013766993961047782,-0.000637595072261757,-0.000601620687553118,-0.0013417035113625002,-0.000807834497250828,-0.0009308995844583291,-0.0011089818772128817,-0.0009206454091603867,-0.0005649190208058141,-0.0006359765029116327,-0.0007348738247349437,-0.0006665874813176815,-0.0008388123094972842,-0.0008033291307140068,-0.0007150168155906774,-0.0007165423478793344
NGA,ssp245,ipsl-cm6a-lr,-0.007730654933934676,-0.00360437948741969,-0.0025666595982905376,-0.0018689680666397208,-0.004986753362597382,-0.002107193455514532,-0.0021056756849366764,-0.0021546497753279,-0.0017036607298550849,-0.0009129372073199026,-0.0006135759054497207,-0.0008147991913590225,-0.0006266960843116246,-0.0006384664501927347,-0.0005518496281206317,-0.0004075183877930676,-0.00036124344524561715
NIC,ssp245,ipsl-cm6a-lr,-0.006866734686370606,-0.010087263516961393,-0.0036674273860244164,-0.0038122721334461263,-0.010340624824738194,-0.0034700417775203156,-0.006476832509712696,-0.006233900244473379,-0.004443797677848196,-0.003069954122108247,-0.00284509486361846,-0.004357310752898704,-0.002722637761581718,-0.0036659597089621016,-0.0028869308931637736,-0.003030534214666559,-0.002115907708544187
NPL,ssp245,ipsl-cm6a-lr,-0.011550991067631956,0.0006618207216053478,-0.0015923682758998319,0.0005812394680901382,-0.010176151989271024,-0.004260716368615095,-0.0035153553382352284,-0.006888640068081183,-0.004398177540325158,-0.005384289305934859,-0.00242906182177891,-0.0032351468410355792,-0.002033960078803873,-0.0031737618880605667,-0.002185348004398626,-0.0021328095979809094,-0.0018486788319236104
PRY,ssp245,ipsl-cm6a-lr,0.25975803017386917,-0.2523904774674922,-0.17377909315647327,-0.12392107921366999,-0.19183985759574268,-0.1624032702049049,-0.21789946072087746,-0.2800125425761848,-0.17462517955959392,-0.20222525245885709,-0.12513930247594088,-0.16491812460336547,-0.14557684249003214,-0.11226061472448252,-0.19618672304421236,-0.10092849135578208,-0.18228516395929767
ROU,ssp245,ipsl-cm6a-lr,0.0019213463985380845,0.0011110688276983899,-0.007655535542011637,-0.0005497571961361115,-0.008855757828556018,-0.002958169781030678,-0.01196766056235718,-0.008123002142584634,-0.005640780252390096,-0.012718563663054207,-0.009108645947500214,-0.011490802159702496,-0.008249431491815624,-0.0052584646551270655,-0.012471025169100532,-0.013062475312035946,-0.01282181469767563
RUS,ssp245,ipsl-cm6a-lr,-0.0064109326552677,-0.008263010736841665,-0.005741179496770131,-0.0064431074250910604,-0.0029366084257463677,-0.004985766313542847,-0.008107682392450613,-0.006598707040621516,-0.006525315883315642,-0.0076195650468858485,-0.006391520519723616,-0.0069017008509042735,-0.007803025203016804,-0.008593749695304444,-0.007995615655583797,-0.008358415264693619,-0.00711369856386776
RWA,ssp245,ipsl-cm6a-lr,-0.0004911591023698835,-0.012196925227560803,0.0010564453871930919,0.0009400462752264829,-0.0022158741091014914,-0.00286665781117765,-0.0008957862627629402,-0.0007154509582961352,-0.00021335398494012843,-0.00020415492560646152,8.250531918419172e-05,-0.00027564751998085694,-0.00013231156817020728,-0.0002521480046226952,-0.0002070677602229106,-0.0005738665373627432,-0.0005891765661361105
SLV,ssp245,ipsl-cm6a-lr,-0.0041249158033002595,-0.005586264916816466,-0.0025565741495293362,-0.0025559844709871922,-0.004802972025104532,-0.0021578510683257766,-0.003141065648755104,-0.0031801085834694594,-0.0027180380800560446,-0.0022966558794936458,-0.002189720946160487,-0.0026895696684361226,-0.002041435318424165,-0.002676573132686438,-0.0024564497039856474,-0.002387137987463381,-0.002062829674723475
SRB,ssp245,ipsl-cm6a-lr,0.016195182456894972,0.029008943470824795,-0.06398386462413143,-0.0048216491340941315,-0.07084533846735808,-0.02403152236922504,-0.10373582486801647,-0.062346134354722006,-0.039306570765497546,-0.09470454041951867,-0.0654801497625675,-0.0884827194197317,-0.030974357021325685,-0.03509368494294918,-0.07500269000184512,-0.08697586698650925,-0.0780219783621205
SVK,ssp245,ipsl-cm6a-lr,0.0024746566591151934,0.002279212422067759,-0.003331786232748483,8.453625571917086e-05,-0.005888147435854385,-0.0017383673797773595,-0.0066549815056979635,-0.0028267371560680163,-0.0021009401431510265,-0.006052042274674175,-0.004210136879785532,-0.006469721967600618,-0.0006701675817808509,0.0005970701243504075,-0.003842357922985164,-0.0031829156510763575,-0.003767455438230544
SVN,ssp245,ipsl-cm6a-lr,-0.0002866544252493127,0.0003325121761806378,0.0002414545695318325,0.00016737045734657223,4.886834633485578e-05,-9.072498302463086e-07,-0.0002565453116112143,-0.00017955713955247242,0.00012268137806456094,7.936681670289246e-05,-0.00029777767899778025,-2.9225540381026406e-06,4.4727864217360544e-05,8.359073179871984e-05,1.0580265521199136e-05,5.854681247235053e-05,1.9113648184855167e-05
THA,ssp245,ipsl-cm6a-lr,-0.0002250107800012361,-0.0002279109567344895,-5.0737150664588145e-05,-0.00018809041783836457,-0.0004080483872492748,-0.0002761089437114942,-0.00027958987710152575,-0.00029208878353320346,-0.0003141253829676751,-0.0002400565833970578,-0.0001811496363948517,-0.00018373867718768044,-0.0002420309324404653,-0.00028954686321469065,-0.00017425724979929164,-0.00019825604589099744,-0.0002572372695688753
TUR,ssp245,ipsl-cm6a-lr,9.299399138374893e-05,-2.327164692509507e-05,-9.117907795066884e-05,-0.00011563117845542976,-8.229317001601672e-05,-9.762219030326821e-07,-8.729430891689499e-05,-7.62426776784168e-05,-9.35165534708659e-05,-0.00013418331706714718,-9.229812944653531e-05,-7.424287397727967e-05,-0.00012009259033257392,-6.922085804918424e-05,-9.316281161280863e-05,-0.00013187799996135753,-3.8886449620569075e-05
UKR,ssp245,ipsl-cm6a-lr,-0.0019468937107482345,-0.03634841353012985,-0.052071828609359064,0.01615628828869751,-0.08726979603133568,-0.030872133875671583,-0.09854509102338967,-0.0613450080465318,-0.033981517277013804,-0.10099814029823487,-0.054163590417426674,-0.06656213955156914,-0.04811938156642766,-0.03079219041293568,-0.051115826862226175,-0.04726490526071877,-0.04455543338668676
URY,ssp245,ipsl-cm6a-lr,-0.09414417786652596,-0.028677442891018923,-0.04676269576679608,-0.01043256032329134,-0.021497437697345523,-0.030909727506288114,-0.03236616328246665,-0.04273467426097894,-0.034285575059336285,-0.00538807151350553,-0.0259645335476348,-0.030294806398239973,-0.02452545550193847,-0.03201657718327578,-0.030892253311280995,-0.021002394467624974,-0.042249820395318445
USA,ssp245,ipsl-cm6a-lr,-0.017189792007737542,0.0020273206711507443,-0.028786667396298433,-0.01984420898438692,-0.020391487893828032,-0.027174413408834246,-0.02104751296407633,-0.011412447158670819,-0.020113147331876646,-0.020734749001373877,-0.0507685336273383,-0.023579767431279274,-0.029053021068273958,-0.013883029003515112,-0.03690973948207762,-0.04415064875652077,-0.03505791988920539
ZAF,ssp245,ipsl-cm6a-lr,-0.02212024826054326,-0.012457986375714802,-0.012089994283740114,-0.007843893563441888,-0.015117765908787396,-0.008832641753406636,-0.004712801120361959,-0.007493589606350008,-0.004848239106343223,-0.0027155033354587174,-0.004753965209787178,-0.005132990145872528,-0.00532486242925363,-0.006011320396281479,-0.004660403936760571,-0.005096684045806103,-0.004858095592505622
ZMB,ssp245,ipsl-cm6a-lr,-0.010800873166497645,-0.0131517219151138,-0.005399692659886435,-0.00899126424782699,-0.014773839425829258,-0.0025192467831342065,-0.005872773814064577,-0.007039283629902793,-0.003885995687159756,-0.0013966176015807554,-0.0010577302901538998,-0.001363190684554746,-0.0009443831223878217,-0.002247625437146427,-0.001612018593287053,-0.0008234891885931135,-0.000974341846702097
ZWE,ssp245,ipsl-cm6a-lr,-0.039312680160605275,-0.017194183614471725,-0.014015067265984966,-0.015516317315203637,-0.022400787192992603,-0.010142898814579528,-0.013602960881103852,-0.014499533925780279,-0.012417183248169828,-0.004056080215444944,-0.0038584366731370893,-0.005235581988818226,-0.005530571563034232,-0.006270400574407118,-0.005255555841053844,-0.003757968197925712,-0.003825665309475241
AGO,ssp245,mpi-esm1-2-hr,0.0005790030663073149,0.0001250200204435851,0.00018683765790215092,3.4734222704506e-05,1.9415487498589053e-05,0.00011890649112955172,3.8102634181315476e-05,3.4202416684632486e-05,-1.9268279616430232e-05,-9.396762074006118e-05,-1.9189799324149207e-05,-0.00011782143413868832,-9.060944398925744e-05,-7.615480623805679e-05,-0.00011767737990356102,-0.00012082367764532784,-2.9399701119200296e-05
ARG,ssp245,mpi-esm1-2-hr,0.02387279056836142,-0.012738674747358113,-0.002040893347421763,-0.010955212902690116,0.00021110266105289213,-0.008144927223043451,-0.002562501048804648,-0.00327379107158684,-0.0017038370906764383,-0.003387505331434265,-0.004802045182215374,-0.004340908430281969,-0.006615461794219487,-0.001788540752098796,-0.004994012260948225,-0.0007244663385460212,0.0009964000007277635
AUS,ssp245,mpi-esm1-2-hr,3.945477479123887e-06,-0.0002572795933055996,-4.447848049051353e-05,-8.66713108207184e-05,-8.985768595187381e-05,-0.00016494608812263605,-0.00010932470369721362,-2.567439388667085e-05,-0.00020349849290948833,-8.142293484803993e-05,-5.9428453489066436e-05,-6.542672652428956e-05,-0.00014582692585340265,-6.49072071368272e-06,-7.166327550601089e-05,-2.063754047649076e-05,-4.990074633105163e-06
AUT,ssp245,mpi-esm1-2-hr,-0.002610305391403355,-0.002946509957740707,0.001175300811156857,0.00011025842700000103,-0.004000466346948082,-0.0013837548790567374,-0.0015975668932381162,0.0018469174549135825,-0.002563147173307284,-0.0030875291175001054,-0.0004870089868718077,0.0007319288004674562,-0.002151589607780494,-0.003844185843403295,-2.316193288522927e-05,-0.0012152611887338836,-0.0017746530151791038
BDI,ssp245,mpi-esm1-2-hr,7.015221818892651e-05,-0.00046527151474945965,-0.0022876354335305774,-0.00014283205228679115,-8.024325508867792e-05,-0.0001542107228798493,-0.0003241848951892001,-2.6366436337766254e-05,-3.590777914714552e-05,-8.342328489211876e-05,-5.473835028878075e-05,-0.00010445173020260631,-2.75845755663827e-05,-4.53991233732917e-05,-0.00012197667973156946,-0.00011817767655273421,-3.1048557045670135e-05
BGR,ssp245,mpi-esm1-2-hr,-0.0019651171788013797,-0.0028656437088132856,-7.240796073942798e-05,-0.001742155644938408,-0.0017689936785601418,-0.002049536139793782,-0.002538535793721724,-0.00010641715216609966,-0.0014282811413800312,-0.0020746421415975265,-0.001591278830464534,-0.0001188879639976541,-0.0026930038871962646,-0.0037833028823954767,-0.002325580636506417,-0.0016771430920791714,-0.0006948687216548985
BIH,ssp245,mpi-esm1-2-hr,-0.022468699463372988,-0.02315688342936466,-0.009029067918354242,-0.006367038618477286,-0.020059125513185682,-0.015337803154685645,-0.01503957138517476,0.00244020599045806,-0.01579298706539041,-0.01407487731603372,-0.007538673029307135,0.0007543532383902382,-0.019695193760856877,-0.04561910393886217,-0.019524226220675716,-0.038949676973832316,-0.02983992236277452
BOL,ssp245,mpi-esm1-2-hr,-0.2763324540275241,-0.8434746385577505,-0.32385035651213934,0.007343057046373843,-0.4341113873604697,-0.18101389445843574,-0.2134692251516418,-0.083044868670844,-0.11230304450229804,-0.22606892477820217,-0.09605065234525573,-0.174105461102323,-0.08271124487026925,-0.11461283708841374,-0.06651275040670389,-0.061277710736790926,-0.07004738320131106
BRA,ssp245,mpi-esm1-2-hr,-0.1122888844548516,-0.258090889662618,-0.20707046735521703,-0.0560897570638118,-0.12503283491499326,-0.07476971758058461,-0.11976637280479661,-0.12610674754005227,-0.09222333688664733,-0.1158603497628635,-0.12564513494851526,-0.1445020944305204,-0.06908703794284306,-0.12090705506527268,-0.08781560212415067,-0.06530459550195564,-0.07991645945814586
BTN,ssp245,mpi-esm1-2-hr,0.00043169508915755813,3.3303839722163314e-05,4.451323566102017e-05,6.921854462645323e-05,-1.6715597520841394e-05,3.794476295418531e-05,2.7706244197732025e-05,3.34372841275642e-05,3.524719268416383e-05,-3.3273534262011326e-06,2.87495949302745e-05,-3.382125078860332e-05,5.214902207691115e-06,1.1944604691150743e-05,1.3767751824477036e-05,1.9523603248165765e-05,1.317264288690903e-05
CAN,ssp245,mpi-esm1-2-hr,0.004015222036529871,0.0036990804873599007,-0.0034695403600795483,-0.009248037007968092,-0.018155085515567215,-0.005986738256613396,-0.006669058847281715,-0.0038355419422805917,-0.009063126243818552,-0.0019600634261206927,-0.0025509649017477374,-0.0032701931189668605,-0.0028423562383842033,-0.0019242144057915898,0.0007249552643599381,-0.0031248363717643383,-0.0010462412580530633
CHN,ssp245,mpi-esm1-2-hr,-0.002080480663386499,3.64298693748671e-05,-0.0038715166291203354,-0.005200766457072727,-0.001939701960390377,-0.0073647920759558425,-0.00539138865293235,-0.00287457876351918,-0.003721080188745666,-0.0026791681335547927,-0.0025390287650756114,-0.00816050591287862,-0.003640538806683173,-0.0073303748882316425,-0.004445989563400871,-0.007199811965743054,-0.006083873936777697
CMR,ssp245,mpi-esm1-2-hr,-4.8121248923418366e-05,-0.00035750014580111463,0.000705802316654597,0.00044748912662171043,-0.00038027750157968435,-0.0004705200524103945,-0.0002491098573557229,-0.0007602681969937048,-0.0006199057760796463,-0.00042500875885603947,-0.0003437622230204029,-0.00040115970931955486,-0.00021199469524153282,-0.00023592689487414193,-0.00025736510353332526,-0.00021356312349818886,-0.0001627987993726211
COL,ssp245,mpi-esm1-2-hr,-0.003941656079948108,-0.0005446818250740362,-0.0009837072668051523,-0.0019031500740119458,-0.0011039039209520764,-0.0018075975955342185,-0.0005732909478646749,-0.0012281566243838467,-0.0013773613501842817,-0.0013050426477145957,-0.0011402745561524992,-0.001510360122865651,-0.0007866437532070419,-0.0009090626377169502,-0.0005107433331957951,-0.0007748429908104117,-0.0004970504387668769
ECU,ssp245,mpi-esm1-2-hr,-0.0026933963944601367,-0.0017045236693903013,-0.0007489844981194889,-0.0019678955451539614,-0.0011508408983362285,-0.0009290920711518693,-0.0007482521149332369,-0.0005510658323453906,-0.0007385849454166461,-0.0008451537086196425,-0.0006292098305746366,-0.00074581152617656,-0.0005251465585008264,-0.00036209576903363305,-0.00048545314391425465,-0.00028435296580375455,-0.0002700666790228078
FRA,ssp245,mpi-esm1-2-hr,-0.0017950573336034958,-0.002553332653329833,-2.5709853672578964e-05,-0.00015483249740821456,-0.0010710362954753489,-0.001185798126145492,-0.0012625672997680297,-0.0012089324661725628,-0.0013761287181453072,-0.0011377967535181218,-0.0012371130794112558,-0.00020884521400276634,-0.0006362840933277654,-0.000980936347703513,-0.0004480027932655198,-0.0010372645768272411,-0.0009793377471169816
HRV,ssp245,mpi-esm1-2-hr,-0.05095652670497456,-0.24881878022515105,-0.047808490562184607,-0.07046865479752429,-0.21872691189701016,-0.15720371946052059,-0.14544026586768405,0.03922702549947805,-0.16581444648426893,-0.14756914121085477,-0.05897374347370993,0.017288110152621643,-0.1469916035010937,-0.31256447547183197,-0.1112705245182211,-0.19673072312601528,-0.15091712105491265
HUN,ssp245,mpi-esm1-2-hr,-0.01200470100780064,-0.008051348023417879,-0.0014925239903705568,-0.002933056045468039,-0.00735284792346809,-0.004181106668905275,-0.004250781062142893,0.0010504421312189476,-0.0046447961850315835,-0.004425513958636695,-0.002027698158258783,0.000524013547909211,-0.0038831261034560907,-0.007099226034487439,-0.002625326170830361,-0.00484696136504395,-0.0036501905843480936
IDN,ssp245,mpi-esm1-2-hr,-0.004518828115425228,-0.0016445173905984955,-0.0017128862480648244,-0.002526292013251936,-0.0022679176414709037,-0.001476008521019749,-0.0010209293645538284,-0.001491986363074402,-0.0013500997435672898,-0.0012346017821516313,-0.0009363223045649504,-0.0008860213175067068,-0.0009965529691161985,-0.0007314097444175114,-0.0006940380734382894,-0.0005439008052023672,-0.0008373935625774377
IND,ssp245,mpi-esm1-2-hr,0.005848289112695066,0.00879079695919934,-0.00686708346159635,0.004395335724825561,0.009102015647791027,0.0066584894954556115,-0.001854781357139274,0.0012668689968586063,0.0027007049385202085,-0.005719656129739807,0.0019794427563737177,-0.0002337820691649976,0.0014328820601586854,0.0011585210352980356,-0.001799178306121649,0.0006486326149953893,-0.0010899722588883737
IRN,ssp245,mpi-esm1-2-hr,-0.0007292433434401248,-0.0004021690003949023,-0.00024567575136645803,-0.0003049246964448651,-0.00014336223528090084,-0.0003041545573073439,-0.00040565155501897624,-0.0002455236545058855,-0.000238201576020956,-0.0002264709120198518,-0.00033161312668947355,-0.00026860078089864633,-0.00023346470366081867,-0.00016511694723191274,-0.0002473302218955741,-0.0001763651495014778,-0.00014792546441356035
ITA,ssp245,mpi-esm1-2-hr,-0.0032272016112634668,-0.004602272231386233,0.0001343777825091041,0.0001702077042960645,-0.0015501688270042064,-0.0032569139355084105,-0.0031262442899392083,-0.0006284280146069514,-0.003318113529423356,-0.0029358802990674697,-0.0010228175463271793,6.919412963455318e-05,-0.001415664727487057,-0.003067858693505174,-0.0010464283472667148,-0.0024268938886873284,-0.0021566090988454924
JPN,ssp245,mpi-esm1-2-hr,0.0005551985290075261,-0.00016427924144844083,0.00022547881361609313,-0.0010415392144947095,-0.00014836363208616042,-0.0006807298087171976,-0.00032800430145993385,-0.00034694046599953324,-0.0005997116701763215,-0.0008485366802563825,-0.00010167101720762478,-0.0012771612127932654,-0.00028343821366769455,-0.0011393224123218552,-0.00045087811247151066,-0.0005673620048760458,-0.0006164138009270195
KAZ,ssp245,mpi-esm1-2-hr,0.0028952133769234627,-0.0003321491361394912,0.0011982342548722247,0.0005109873139064189,0.0004855372836892354,-0.00034738643502505665,0.00010652993122503125,-0.0024134261164817116,-0.0003077383561697549,-0.0002324156973479414,0.0004053472750189958,0.00027597702725195336,-6.511364375953534e-05,-0.00033997922251809685,-0.000845698217581585,-0.0023369542182954724,0.0005500295242405826
KHM,ssp245,mpi-esm1-2-hr,-0.01519853846272227,-0.02701727919307129,-0.014452166741032564,-0.006299788025047183,-0.009973302407181183,-0.000102277758910914,-0.004662958079646802,-0.0048648450559658045,-0.005332700244013541,-0.005371263931268716,-0.0029070881851224807,-0.0040868258042052715,-0.0029084327429723753,-0.002743082728458687,-0.0031728684990947236,-0.002487036365474928,-0.001612230600723566
KOR,ssp245,mpi-esm1-2-hr,-0.00013200678492940118,0.00011100193370620338,-5.4104548079780266e-05,-0.003169527333561357,-3.482302692584327e-05,-0.0006453509092975779,-0.001000376388864243,-4.476735217262034e-05,-0.002499340355784442,-0.00034229001689628947,-0.00023859864887921644,-0.001490824125621816,-0.0015184503521109424,-0.003753837413096803,-0.0004060315405071398,-0.0009932774726333468,-0.0036242478020054748
LAO,ssp245,mpi-esm1-2-hr,-0.004344518870167129,-0.008134001892852011,-0.0033104800158542643,-0.002634520409490098,0.00010650355740519014,-0.00017920663986911492,-0.0008400154313323707,-0.0013407983202403002,-0.0003979003678598746,-0.002101819074135983,-0.000976675074753805,-0.0023990682028493513,-0.0015825703951951836,-0.0006308079107633635,-0.0007909598813921617,-0.0007875278352574241,-0.00047850987392433585
MDA,ssp245,mpi-esm1-2-hr,-0.03850923709068486,-0.009998299036301117,0.003181194775794962,-0.015862661707847715,-0.018442843996083515,-0.021430160018102003,-0.024964271384681762,0.0021698630662224513,-0.006283656513600271,-0.013322188339184898,-0.014163612384378117,0.0017591140917146012,-0.016849913581910403,-0.027250148377794433,-0.009121063646765168,-0.010086591421273782,-0.0023909259439232663
MEX,ssp245,mpi-esm1-2-hr,-0.0004311182032172422,-0.0009656412338312111,-0.0008934507302895278,-0.0005607360076778075,-0.001176057240086296,-0.0003590306512623083,-0.0006140655658243346,-0.0006189591410391128,-0.0005780825311687076,-0.0004799200827631883,-0.0005543820043423066,-0.0006034168398334097,-0.0006301528191962599,-0.0005418800510933267,-0.0006299133174950129,-0.0004307674804298274,-0.0003621605308298761
NGA,ssp245,mpi-esm1-2-hr,-0.0038004220577169245,-0.0019337472339188853,-8.380496722254767e-05,-3.417811096863935e-05,-0.000990764327633944,-0.0021927240752873983,-0.0009149818111681507,-0.0018638441329670826,-0.001343549706506544,-0.0008986353334864241,-0.0007647934063119468,-0.0007713508783277218,-0.0004851389522767184,-0.00047751593019382916,-0.00039329120945278187,-0.00033331353572999434,-0.0002515487908687974
NIC,ssp245,mpi-esm1-2-hr,0.0009269090569346842,0.00015491605087120946,0.0007837448149574893,-0.0010411969970232355,-0.004624434542500747,-0.0031263850664384448,-0.003939139743280621,-0.0002804602038831756,-0.0012207042685191754,-0.0004733271295310965,-0.0016057331476164068,-0.0002591546832522206,-0.0017209034594764625,-0.0021843789610725105,-0.001419629886300427,-0.000887136475177472,-0.001130242606297661
NPL,ssp245,mpi-esm1-2-hr,-0.00017474691363736946,0.005958996690770213,-0.001673181540449686,-0.0012541525559235408,-0.0036921144153606506,-0.00283662962122363,-0.0036327188763934366,-0.0003427636990127659,-0.003344811246705044,-0.0030915843127094517,-0.0013344337514705127,-0.003509755592781252,-0.00064290684244947,-0.0003106343233087707,-0.0023300903749407464,-0.0008589612671520381,-0.0002805302185299818
PRY,ssp245,mpi-esm1-2-hr,-0.49049595734088886,-0.2657901733501413,-0.3185293067710975,-0.0450679583100944,-0.13992392938185147,-0.22096715474780915,-0.12328314649406734,-0.03915243062400904,-0.13155509538121982,-0.19995729628964828,-0.10905710040567294,-0.10289635803314226,-0.1001189085668096,-0.08601759108933552,-0.08069443757862617,-0.06231725993153536,-0.040295210231199065
ROU,ssp245,mpi-esm1-2-hr,-0.014333609605553905,-0.008624809767176876,-0.00030072970816292507,-0.005506178411745279,-0.007896109260013304,-0.008323773108654849,-0.011563229479101957,-0.0002784432700057687,-0.005406271111606609,-0.009292926040894515,-0.007490987669885117,0.00028866710170562097,-0.012626298433302015,-0.019565709418044638,-0.009463065123301471,-0.00954863960626511,-0.00468934107941399
RUS,ssp245,mpi-esm1-2-hr,-0.00010581539871416851,-0.002355623380427399,0.004116182724693227,-0.0013552161562815734,-0.0026721490183284208,-0.005566013143062759,-0.002087743099992609,-0.0023157855053786585,-1.1859775256614457e-05,-0.003468742658461901,0.0004187090923848969,-0.0035730709216976065,-0.0020853566399496415,-0.006126499725922,-0.0024809268871160556,-0.002777580939019719,-0.0016851542070053054
RWA,ssp245,mpi-esm1-2-hr,0.0018103501066878069,0.0012317640306688314,-0.011834235817007472,0.0013175399560920254,0.0005403969239333012,0.00022179701561477597,-0.00289886138315578,6.813012644818295e-05,8.267224438167527e-05,-0.0005514588046930655,-0.00021625957823753308,-0.0004915920030610818,-3.067600773338655e-06,-0.0002251234942605388,-0.0012224698135841327,-0.0011065447173859023,-0.00024175749833053536
SLV,ssp245,mpi-esm1-2-hr,-0.0010008502914769265,-0.0011920382371701196,-0.0015135523296556808,-0.0030811200158477013,-0.003086238017414814,-0.001123874876309171,-0.0021980644260215245,-0.001172887588563492,-0.0022933053219,-0.0018980282165857456,-0.0014389226838108296,-0.0015155012882567501,-0.0018724000453719035,-0.0016536017950710222,-0.0012992830579519681,-0.0011436617102205842,-0.0013629160690172854
SRB,ssp245,mpi-esm1-2-hr,-0.1491636613926701,-0.06663642651793487,-0.032519272984358714,-0.022563300234812518,-0.07989159145433902,-0.07047173952211364,-0.06863814774056044,0.005555042359864847,-0.048507506020030886,-0.052413162816411646,-0.03244647942861756,0.001886629587520161,-0.06694347652242388,-0.1179386302340052,-0.04704184494828723,-0.07799775298046499,-0.050344528331060755
SVK,ssp245,mpi-esm1-2-hr,-0.008769643344981341,-0.006792396929871201,0.001492031374406322,-0.0005844137984268346,-0.006783626433470166,-0.0021534370843484495,-0.0029523531294413877,0.0022261206134686073,-0.004527825592702134,-0.005424474336785068,-0.0014835656403850593,0.0012090499569564544,-0.0042155510619696695,-0.006882334439290985,0.0006376836668863945,-0.0034658192108826032,-0.004348304628482936
SVN,ssp245,mpi-esm1-2-hr,-0.0003587422764654002,-0.00041833979812475085,8.417212330368994e-05,3.501462031778085e-05,3.5924989878218196e-05,-0.0003095952899277035,-0.00021246230381571576,0.00017368894715652974,-0.00032805998111732775,-0.00016074219181432981,2.3512892348006974e-05,6.707494936851723e-05,-7.295818888527197e-05,-0.0003377357205601313,5.1836750162133966e-05,-7.760435092873248e-05,-8.04887350128434e-05
THA,ssp245,mpi-esm1-2-hr,-0.00030063744796054423,-0.0004447309597527548,-7.092758497078573e-05,-7.31844675961536e-05,8.002131743910878e-05,3.8229783106196605e-05,-5.935301421421751e-05,-5.623476680010555e-05,-6.334449080280718e-05,-0.00015888181634286002,-8.173179513170238e-05,-0.0002680856692282924,-0.00022760340299386158,-6.907587405865867e-05,-0.00010252138284846951,-7.974623625114817e-05,-6.335051538651947e-05
TUR,ssp245,mpi-esm1-2-hr,-0.00020651109967747565,-0.00015641200918301175,-2.9139335827587385e-05,-9.381483701188715e-05,-4.0817367279945625e-05,-0.000126800200329128,-8.488856897238417e-05,-8.22018627017108e-05,-9.227566897563669e-05,-7.404674306254088e-05,-8.719062000625064e-05,-8.080990197860452e-05,-8.285666025994021e-05,-9.781534329979958e-05,-0.00011726725602109694,-5.483223338494127e-05,-7.946968807985124e-05
UKR,ssp245,mpi-esm1-2-hr,-0.12276891502060508,-0.024630332724754175,0.025429575598281625,-0.04474055625510061,-0.06993121037987961,-0.07010157330343258,-0.10963834738831335,-0.019092382389878596,-0.023697539769914736,-0.07693698505514751,-0.052217321408397875,-0.003926599789638309,-0.06457178883179132,-0.08789309972450021,-0.019494616501061657,-0.019781170531834338,-0.020108632814092614
URY,ssp245,mpi-esm1-2-hr,0.08686289939757705,-0.020683005132683754,0.006735120696061047,-0.018960265112309894,-0.002378918799200299,-0.05351152367856752,-0.011481500380014286,-0.003545444292161106,-0.005768725815385282,-0.005565469398525724,-0.03017262538514641,-0.00819793705637853,-0.02906528410299745,-0.010708753772115335,-0.02391786189538593,-0.004274409017192939,-0.002209751410182684
USA,ssp245,mpi-esm1-2-hr,-0.021487909783443532,-0.006186169122448985,0.00666091085007321,-0.021231201575808087,-0.03761059487474139,-0.020322179117537125,-0.047027527422931426,-0.02576994785786316,-0.04599485446400675,-0.016629850159658406,-0.020961739477825734,-0.01598133761973192,-0.013778567046739663,-0.018248014647007385,-0.016724932895065228,-0.0222450555870321,-0.017037727608375693
ZAF,ssp245,mpi-esm1-2-hr,-0.007340233961694717,-0.011493575309511003,-0.006293058792306658,-0.006661015148890707,0.002354859570557736,-0.0008914206631419365,-0.007624289117690472,-0.002147224822565686,-0.0018264668299578961,-0.0005225435083432196,-0.00449024869129928,-0.001891948720114065,-0.003037063591859818,-0.0005815611930128371,-0.0016926322603180897,-0.001996242513518422,-0.001258526705320446
ZMB,ssp245,mpi-esm1-2-hr,-0.01876824924855464,0.0018615021909404608,-0.0129202704939121,-0.009487935849930356,-0.008758598678212956,-0.0005475163154454168,-0.00034403038454839004,-0.003755179463877635,-0.00305604767683329,-0.002457523023722039,-0.001738073110656208,-0.0013456932427391845,-0.0015564934451359432,-0.0011347507909326823,-0.001066548107891569,-0.000820567043862063,-0.0005875915044481803
ZWE,ssp245,mpi-esm1-2-hr,-0.04147714942326569,-0.0003910143618187227,-0.022667393632575163,-0.009704028909269606,-0.0065273718680085935,-0.004359472334735727,-0.0063704740980102485,-0.00817418425955418,-0.0039177046902144005,-0.0034144323523021824,-0.0060635481714173,-0.003361056293338823,-0.0038865408649049783,-0.003675822040309265,-0.003629089229673442,-0.0026479214271224634,-0.0022726643024640948
AGO,ssp245,mri-esm2-0,0.00017817174082136077,-0.0008045480790601652,-0.0003701248362874199,-0.0014982625035689008,-0.0004522324986105924,-0.0004040100911755377,-0.000589140484522291,-0.0004898294072594205,-0.0007795492373414022,-0.0005167720178083217,-0.00034348614416684204,-0.0002360528459638452,-0.0002204531091459111,-0.00015125991980467627,-9.914582151389538e-05,-0.00010414360449250353,-0.00015284101499542723
ARG,ssp245,mri-esm2-0,-0.04603702031832229,-0.0025084683272901336,-0.014092848364092567,-0.00582191438396237,-0.002958802356350407,-0.006990225492878458,-0.0038743591007468635,-0.00875983551060839,-0.007440973091194633,-0.0020082427235693806,-0.0006095193174372906,-0.004205532048446433,-0.0054193351037786506,-0.003359149756199858,-0.00035179382642068697,-0.004457856602361154,-0.0034818812951232596
AUS,ssp245,mri-esm2-0,-2.6538195564793865e-06,0.00010180076512891728,2.8165979305024608e-05,-0.00017336675596019315,-7.029276392849477e-05,-0.0002011193622059705,-0.0002883155032032919,-0.00012466617042487652,-8.210597711748758e-05,-0.00011952988542378109,-0.00025662163123012195,-5.1383280772241034e-05,-6.995524051651883e-05,-0.00014495477708819865,-0.00011664428285925574,1.9688805002995607e-06,-6.28406735993596e-05
AUT,ssp245,mri-esm2-0,0.0015605426606602549,0.002372672068749612,-0.0006582557231845021,0.0010538353018143074,-0.001194957733405694,-0.0005836354433071885,-6.876262109363108e-05,4.910054836049641e-05,0.0011318939327693905,0.0006283189677998948,0.000639914239031642,-0.0009407946118104288,-0.0010868163651909938,-0.0012305251629014945,0.0002550522937621665,0.000443022411992016,0.00030020967166990254
BDI,ssp245,mri-esm2-0,-0.00035747396468415203,0.00013198595286667374,-0.0003829386643938623,-0.001014996215273649,-0.00012488742236190114,-0.00012737202816946348,-0.0002794315312785341,-0.0001385279358082775,-0.00016995351905005926,-0.00018986828749932883,-6.678870978892512e-05,-6.268826801278984e-05,-0.00013238570451344842,-6.272078316475536e-05,-3.463545173947412e-05,-2.443787112251918e-05,-9.048238181855243e-05
BGR,ssp245,mri-esm2-0,8.797071709078241e-05,-0.0014307466663052947,-0.0004196935741355186,-0.0003907235598582095,-0.001190627897621581,-0.002360564109502443,-0.001328144693481929,-0.000391900675535786,-0.0024482987183029625,-0.0012533924095906742,-0.000573252129586326,-0.0025212265871971022,-0.0013857708856484653,-0.0027503645369610858,-0.001855780049212722,-0.0007367213698152915,-0.0005654270026793863
BIH,ssp245,mri-esm2-0,0.005430811124260181,-0.004087520881310783,-0.0062941539702972395,-0.010589710625350588,-0.007274808384407322,-0.0069615887983855654,-0.00905379938909476,-0.010365911659194425,-0.004524966958627962,-0.007027866335792463,-0.006066083782858071,-0.0371229678188442,-0.023274153366402515,-0.016541127522127202,-0.008807050647404707,-0.007279486236554636,-0.006626740860696376
BOL,ssp245,mri-esm2-0,-0.22327819179863237,-0.5372600885055858,-0.13390147507393912,-0.4692565638201758,-0.21575660015861697,-0.19453950052055025,-0.13748228979875965,-0.1669934032609528,-0.09910915901146063,-0.18244024451844573,-0.11477303907564265,-0.1050217330340319,-0.13264000100634368,-0.10215858457733719,-0.07628795705199057,-0.04735250366033627,-0.06356439588247413
BRA,ssp245,mri-esm2-0,-0.20913188029147142,-0.15768377658902788,-0.07580482363920912,-0.1721707764322927,-0.12343977108272927,-0.15074249205174398,-0.13724954199143663,-0.1472650278141382,-0.122418668345049,-0.1435070277542866,-0.13424508085527684,-0.1433064248307818,-0.08570578483277429,-0.10657325455508813,-0.11981898263933057,-0.08168121287324766,-0.07505536528331987
BTN,ssp245,mri-esm2-0,8.63127772338434e-06,0.00012595236340602582,2.596688904210855e-05,4.781398076714901e-05,4.5701890966117095e-05,3.237757066486504e-05,3.721536826234596e-05,1.89823103362143e-05,2.1200419808179807e-05,3.4173252726127304e-05,2.7499532190315615e-05,1.4569425298888833e-05,-2.588353560330223e-05,-1.0872175993414668e-05,2.1338073531285432e-05,1.6133350233840627e-05,1.3338469709412583e-05
CAN,ssp245,mri-esm2-0,-0.0012946820773022635,-0.004504460161515571,-0.0006943429069985058,-0.008256919569862473,-0.009739381402596569,-0.005698841809477721,-0.0070006766234467525,-0.007080419501804358,-0.005565728549505392,-0.0077993288797212285,-0.0020053956001302347,0.0009320117741487776,-0.005356878611901674,-0.004748429978307,-0.00258322986990895,-0.0021117145726276616,-0.003815952138452803
CHN,ssp245,mri-esm2-0,-0.0034472071801368086,-0.0009263577710548007,-0.004282599017421647,-0.006551622934474174,-0.005802465125112824,-0.0020744678397405167,-0.0034056598400909596,-0.004243554418959505,-0.005723058575330981,-0.0043157907121331085,-0.0033518326881486907,-0.0015326428720974505,-0.0061056334202200776,-0.003652528741166166,-0.005867528467189646,-0.003843152947193607,-0.003861839386473673
CMR,ssp245,mri-esm2-0,-0.0006508103517167504,-0.0011656558888498243,-0.0005610705780771269,-9.462877205699612e-05,-0.0007179184506485751,-0.0004964953050944171,-0.0004509699300766993,-0.0004659649105295805,-0.00043708292621923904,-0.00039806461903579176,-0.00030064389353673176,-0.0002491020137501299,-0.00028392462205656155,-0.00018694876370284802,-0.000175322483333364,-0.00011195699276318566,-0.00019344170141897602
COL,ssp245,mri-esm2-0,-0.0013616470691954479,-0.001442946055643257,-3.785838419588518e-05,-0.0015901681197093686,-0.00046458701202343436,-0.0006759517317239521,-0.0014920357067332106,-0.0017712623698714972,-0.0016024511547119075,-0.0015032663417772188,-0.0011857447590937218,-0.0009636266866832761,-0.0014249833996783274,-0.0013426564612611202,-0.0009024020756758142,-0.0007727031056554669,-0.0008043182976275634
ECU,ssp245,mri-esm2-0,-7.4364340398381476e-06,-0.0010837505736293377,-0.0013573077075991879,-0.0010974986066596495,-0.001208416290731525,-0.001650154701488893,-0.0013370325283653041,-0.001381255504251823,-0.000966251992955321,-0.0011242527067876827,-0.0009664055890005077,-0.0006818345677262088,-0.0006594043258039528,-0.000660814093522578,-0.0005612242934100236,-0.0005692709183071591,-0.000493923131280825
FRA,ssp245,mri-esm2-0,-0.00019747313952237302,-0.0009119628019852404,-0.0007940099372596062,-0.00022804594625690577,-0.0012648074599913837,-0.00020624096910863495,-0.0007620720676164797,-0.0007598672351585304,-0.0007598231582690998,-0.00010972779128034885,-0.0006882043701281884,-0.0008595424555789257,-0.0005975483613993939,-0.0005913404816192765,-0.00027026126079429815,-0.00022309386451121568,-0.0004161941305555991
HRV,ssp245,mri-esm2-0,0.012289729761794262,-0.012513525915000708,-0.05296136277942483,-0.08709268930515711,-0.06703600271655653,-0.0726522228585973,-0.08811381373006817,-0.09002742388462975,-0.018363078286902937,-0.04275306859806894,-0.02861175501828039,-0.300019387366368,-0.16482167271430043,-0.11314222095280986,-0.028783855777362373,-0.028686975579661655,-0.021774597253708547
HUN,ssp245,mri-esm2-0,0.001743528459650295,-0.0008160858886878274,-0.0022196976791272194,-0.002772062617508393,-0.0023808013045727512,-0.003125085675117977,-0.0031554611878367557,-0.0025226640466697774,-0.0015559763162425833,-0.0017627647679871665,-0.0008985491490594491,-0.007026215985909493,-0.004592787746818608,-0.004283680082410703,-0.0007775328553797554,-0.0008848387727404475,-0.0007781317163142057
IDN,ssp245,mri-esm2-0,-0.001458565958263814,-0.0016403180973867148,-0.0013272008972717217,-0.0019429901257626623,-0.0014397277073279486,-0.0017107483804041969,-0.001546384149053935,-0.0015654939187931811,-0.0011494541393837169,-0.001340885448575219,-0.0012553809934765122,-0.000628515673037169,-0.0009777299190771623,-0.0009864675234881402,-0.0009729396883999547,-0.0006288114863831789,-0.0008391753535522529
IND,ssp245,mri-esm2-0,0.01077909059489341,0.003918058300054113,0.003173549982216579,0.007692216525170013,-0.0019844889515609693,-0.0021784483147834904,0.0023364435676876986,-0.004732561738291552,0.0006707392737305428,-0.011134721339130179,-0.0072826056708589874,-0.011963728258496502,-0.0012711029096268707,-0.00305281153122474,-0.007707424152681802,-0.0020486913209764256,-0.0023908400828353596
IRN,ssp245,mri-esm2-0,-0.0014989604609999525,-0.000776904231084554,-0.0008300452732481005,-8.644008117697822e-05,-0.000884669428025934,-0.00044532479659943966,-0.0002519913860086309,-0.0006563976157410472,-0.00029969655140483955,-0.00016473533012862228,-0.000391919099516737,-0.0002803457584293128,-0.00028587464689722734,-0.0002174286008309564,-0.00019920685033840275,-0.000298884252372211,-0.00016590063195960313
ITA,ssp245,mri-esm2-0,0.0007672063348206499,-0.0009073165519192191,-0.001509277069276125,-0.00012621684949626374,-0.0030700508260156577,-0.0001329340932922108,-0.0013556571842363366,-0.00158567445909583,-0.00013414218667052007,0.00011232856578367834,-0.0017530464532100733,-0.0029436137716210343,-0.002019138900654154,-0.0009967221814040361,-0.0006615738839104094,-0.0003959439512387773,-0.0011287406671139436
JPN,ssp245,mri-esm2-0,-0.00040678341031023655,-0.0005201299200960159,-0.0007475986881620343,-0.0007778758085527745,-0.0005083232110475396,-0.0005042582677133231,-0.0009698504743043144,-0.0007203787086811543,-0.0007517047408632393,-0.0008113391930512765,-0.000567991214650301,-0.0010696068546830473,-0.0010754879328066687,-0.0006443226515214954,-0.000660600629383204,-0.0006456358195033121,-0.000646732856739961
KAZ,ssp245,mri-esm2-0,-0.005792347480670008,-0.0010599449643478203,-0.0009814053509683417,-0.0015288654587657434,-0.0003084878588127382,-0.0015039175383681949,-0.0015630484479511604,-0.00023001419238498057,0.00024592091036583524,-5.560031721820674e-05,0.0006208706282198143,-0.001462786864526767,0.0015893219491898579,-0.0007516828253872936,-0.0005056162594307986,-2.4650961484527286e-05,0.0012200547645652006
KHM,ssp245,mri-esm2-0,-0.03362072893274596,-0.023899268960384426,-0.014431527204192605,-0.02182813097917819,-0.01275108433500591,-0.011256518029138858,-0.006816868760077224,-0.00913557174467171,-0.013163967822598066,-0.00855814785615252,-0.006020648739430829,-0.004122947239139362,-0.006270640317363257,-0.005214891318097127,-0.003248354160585229,-0.004880438806594052,-0.004238955116123919
KOR,ssp245,mri-esm2-0,-0.001015837181677456,-0.0026053182354442185,-0.003140462790411462,-0.0022842407220867076,-0.0027002861382813105,-0.0017418512401283538,-0.00194429876983379,-0.0028016912295675,-0.002971844952559708,-0.0018221940030323555,-0.0024009364519789484,-0.002744600489723995,-0.0025253997532411815,-0.0018103960013738734,-0.0033496912575531907,-0.0026043475494174663,-0.001975836117286315
LAO,ssp245,mri-esm2-0,-0.004993477347307338,-0.002254278659089576,-0.0001510871150219544,-0.004722183899898904,-0.0018331111678613803,-0.0013186750534684597,-0.001456370080009021,-0.0012251813961498474,-0.002358893026204801,-0.0012257698855170423,-0.0009509635074989726,-0.000902383028892769,-0.0012272658925984628,-0.0014113301828017916,-0.0007150211591190015,-0.0019318970378221347,-0.0011404155603046992
MDA,ssp245,mri-esm2-0,0.00584741773208722,-0.01693357612318823,-0.002318468686232754,0.002400867286319554,-0.01502353158963073,-0.01811500319307604,-0.005389082098238696,-0.0023539751334348473,-0.020325512394970092,-0.00708312081588121,-0.003076170398104831,-0.01745071341999067,-0.010024817012953952,-0.02190719052210931,-0.00688863150427693,-0.0059415566442465,-0.00109759301505537
MEX,ssp245,mri-esm2-0,-0.000951031180572062,-0.0014606134728269193,-0.0005113112848284561,-0.0012885754580517187,-0.0006230730582194333,-0.0011073014135216709,-0.0007787644017717784,-0.0009623251157342349,-0.0007309018681491685,-0.0009309321873131248,-0.00047458986067632544,-0.0005039678036803126,-0.000674795876961453,-0.0005163884171972248,-0.0006757773298649863,-0.00045984973754367194,-0.00057692408917305
NGA,ssp245,mri-esm2-0,-0.003328663745869062,-0.003750907723288614,-0.0012726807797248333,-0.0008298314336696325,-0.0030952577758365787,-0.0015155653330919526,-0.0015554002311089269,-0.0010701597531360774,-0.0010877178072037916,-0.0011209124794174415,-0.0008569897217791335,-0.0005607463184196444,-0.0006498777932914461,-0.0004824086362344426,-0.00035525642845149783,-0.00026076286279213726,-0.0003487007547510629
NIC,ssp245,mri-esm2-0,0.0008372640811958559,-0.006251705431049758,-0.0014110144455103332,-0.001946196565102691,-0.003222563903425435,-0.004025418812491127,-0.001981238573136373,-0.00172565126132193,-0.0019240915732470702,-0.0018049569628306164,-0.0018835058640233671,-0.002227588374515684,-0.0015997163504277005,-0.0011727823915098179,-0.0009983007087866235,-0.0007442367282776119,-0.0007259324143959813
NPL,ssp245,mri-esm2-0,-0.0013399641817697311,-0.007256201950419622,0.004247908291557367,-0.00583260434717913,-0.009778436777362317,-0.011152437850825763,-0.0038456833229327365,-0.008840551306349103,-0.00815685781946713,-0.0074365526755433686,-0.002039885243061618,-0.0037237267312989508,-0.004242531801616988,-0.0037999497125066183,-0.0036169100662495637,-0.002644888157013568,-0.0025756625619264358
PRY,ssp245,mri-esm2-0,-0.9921184562258772,-0.2992991701190331,-0.20907715441034172,-0.3179914421392586,-0.1282619288470812,-0.09137140436631211,-0.1433051283597147,-0.3049968385186567,-0.16401087684237747,-0.1275104532540509,-0.11276055710928307,-0.13338789331709014,-0.08642801908441387,-0.10996686727825127,-0.10043142036363245,-0.0686551650518237,-0.07082273655424833
ROU,ssp245,mri-esm2-0,0.0017926827576863055,-0.00510846470137825,-0.001966269020448159,-0.0013692624968920694,-0.006167233352682915,-0.00878217724099629,-0.004633797075835437,-0.0019300540523873731,-0.009983403453709001,-0.005196039961603015,-0.002172718283435995,-0.012738918514877408,-0.007123354444736374,-0.014714695629769334,-0.006498795062436542,-0.004642040955092848,-0.002582168427052313
RUS,ssp245,mri-esm2-0,-0.002874772067781904,-0.0012474999245893391,-0.00035890109120087645,-0.002221044460259111,-0.002458205718731627,-0.0030064375869803253,-0.003304298535995389,0.00032999792160374585,-0.0006482640417387021,0.00018883343262433454,-0.0017046867483051487,-0.00657053441549791,-0.002453728001001973,-0.003291659648663798,-0.0009863190541819118,-0.0014208894235000179,-0.002452676721709035
RWA,ssp245,mri-esm2-0,-0.001060633679894348,0.0020798857615188693,-0.0006274858856004106,-0.00624582881772813,0.0003060048795215692,1.9587600770687847e-05,-0.001491873587166242,-0.0008263911037194044,-0.0007461492278415607,-0.0011328924862385628,-0.00014713086483756377,-0.0002427310826288706,-0.0011104311755333472,-0.0004990393742393703,-0.00010135456267921556,-5.683170911177132e-05,-0.0008732574351630121
SLV,ssp245,mri-esm2-0,0.0005354344126392086,-0.0024759550718468273,-0.0012846216504602982,-0.003109817117296066,-0.0016219600577603377,-0.0018259128959688007,-0.0015805076175368301,-0.0010993525134493395,-0.0014961784032717369,-0.0018401649223881611,-0.0014997570318935277,-0.0012221457176230547,-0.0014838716555976247,-0.0011000342678999695,-0.0015159198926050926,-0.0008576718247948661,-0.0009997737990866974
SRB,ssp245,mri-esm2-0,0.03989188907250172,-0.029060020695508053,-0.030136793082881412,-0.019786569222798756,-0.0398525090856137,-0.04163311341370102,-0.03360018696485735,-0.033883783774877364,-0.0393748096036428,-0.024946949514175518,-0.014954607172128615,-0.07762234591526422,-0.05591191926126697,-0.07545948603966345,-0.023852886913541663,-0.011019078873340499,-0.014070239139790153
SVK,ssp245,mri-esm2-0,0.0032164072911696124,0.0010722937729524863,-0.0027443714080556837,-0.0006401542846633697,-0.002377438884606019,-0.001911675581021087,-0.0013917515597144752,-0.0017509632340941279,0.00061487380596165,-0.0005473204646052422,0.0004622665272663698,-0.0016955896095075904,-0.002377554061960038,-0.0035756213988833037,-0.00040102563956589016,-0.00010254590586312464,-0.0006761290659355005
SVN,ssp245,mri-esm2-0,0.0003422600645577868,0.00041491131944571496,4.167411366175654e-05,0.0003176489100716363,-3.825835469442861e-05,0.0001749926957291102,4.98062006710243e-05,0.00018556971904922677,0.0002921548045276671,0.00023864700245376208,0.00013227814453700503,-0.0001244658936653597,7.3278394930019935e-06,8.535284907248756e-05,0.0001326209225496901,0.00013727641775243646,4.7575057442412715e-05
THA,ssp245,mri-esm2-0,-0.0003335062525027296,-0.00021070413322003421,-7.367304700340343e-05,-0.00037788107217211117,-0.0002121010619215321,-0.00012975870547508671,-0.00012412668953304442,-0.0002110283250280793,-0.00027313233646219354,-0.00015810881385485415,-0.0001339756057731466,-0.00013579852741300863,-0.00021855664768516788,-0.0001893919086986248,-8.30800254333986e-05,-0.00023278314594759312,-0.00019546126064519512
TUR,ssp245,mri-esm2-0,0.00012432453633450777,-8.79515853069438e-05,-0.00014838693060218998,-2.4546391027853867e-05,-0.000156025633070293,-8.884191669369864e-05,-6.099873213770194e-05,-6.908007623700398e-05,-6.563723113156881e-05,-7.160773056411712e-05,-0.00012868027249077324,-3.6822000443181964e-05,-0.0001470969374420333,-8.997167220675563e-05,-5.547740904144764e-05,-0.00011413180454340054,-3.7173015370080545e-05
UKR,ssp245,mri-esm2-0,0.006377902923997837,-0.03980115026327388,-0.003857263157546223,-0.002474297136929696,-0.06038584994018007,-0.07503312272089571,-0.03104178903593908,0.009579308716646624,-0.057615769290522915,-0.021514259865039506,-0.010791614021928821,-0.0601584364636374,-0.03899315252436356,-0.07160987707392882,-0.003105410795190374,-0.021198026762419202,-0.005885835477048953
URY,ssp245,mri-esm2-0,-0.09769783788119099,0.007055261311300576,-0.06773798186395644,-0.01707455880526573,-0.002230416169750433,-0.039563882940170096,0.0014048891735672661,-0.04346852591081758,-0.031308861406418184,-0.008720172958989181,8.07817141178015e-05,-0.031858911878379345,-0.04355388294628318,-0.023182445676351783,-0.002611974725178193,-0.029151276585096794,-0.025194499177582274
USA,ssp245,mri-esm2-0,-0.0425708557706068,-0.03557708941730597,-0.009689661459578015,-0.019424706170905616,-0.023160504229305243,-0.021430458281095265,-0.03446030797569106,-0.02729275072705977,-0.026940401952421585,-0.020689480024513453,-0.024862539196159956,-0.013116883675429172,-0.024710495481240102,-0.023616620179790635,-0.019807455915526014,-0.015334812152981972,-0.03107409134399645
ZAF,ssp245,mri-esm2-0,0.0023873745610802546,-0.01675230413493332,-0.0017679362102591798,-0.008497262135213709,-0.0077426860080817795,-0.0063791673158921335,-0.0035095009524454004,-0.0020378558933587337,-0.002878176487958313,-0.004459505744702901,-0.0033486314864325127,-0.0044564560782968015,-0.004286499257476177,-0.0029767231389094435,-0.002505868141961052,-0.0019527832047915624,-0.002692498266701467
ZMB,ssp245,mri-esm2-0,-0.009877544771317078,-0.04534101684107072,-0.005828046690938014,-0.016995797667413805,-0.0016209918454649713,-0.008881687750294834,-0.007129180547219925,-0.0059088371004641345,-0.005359981155588715,-0.005827404640651875,-0.0019233792375095093,-0.0020551189630594086,-0.002779159898707487,-0.001839837529351216,-0.0010810112519464307,-0.0014102863424004125,-0.0011703775628579766
ZWE,ssp245,mri-esm2-0,-0.0038045568936632785,-0.07170823852771181,-0.028231831588849503,-0.03318652475733339,0.0020664788083762068,-0.0217409669047271,-0.014910572229665122,-0.012130578951714408,-0.011880823029248805,-0.01143491075882698,-0.005224942765758086,-0.0045595176575523155,-0.007309133932885535,-0.00543495480698733,-0.0032259450919988465,-0.0043011517764903655,-0.003970723684710633
AGO,ssp245,ukesm1-0-ll,-0.001753801394947018,5.11416016988936e-05,-0.0004366100315192144,-0.0006064951276596109,-0.0009120689836894841,-0.0012811484190928294,-0.0016375776242277937,-0.0014413925278732795,-0.0010102457161983158,-0.0007454246905758084,-0.0005301616808214685,-0.00047517675036638394,-0.0004900026514376897,-0.0003690999691839698,-0.00030297084826686,-0.0002777169085988349,-0.0002552418367744311
ARG,ssp245,ukesm1-0-ll,0.008747859436193868,-0.012297273006888897,-0.01443020758615608,-0.0096163253966364,-0.013171663328415163,-0.009058504129695036,0.0006673960279819346,-0.005904306624367071,-0.00453628193338162,-0.006241754811253955,-0.008999832302023694,-0.007965837855928982,-0.007585208125322335,-0.006738097679068883,-0.007070949852519132,-0.005123269226794455,-0.004837945982156704
AUS,ssp245,ukesm1-0-ll,-6.384870414903811e-06,0.00020092971351868467,-0.0002665167916373868,-2.8187005530990503e-06,-0.0002700482132006814,-0.00026894558700890636,-4.431831817215339e-05,-0.00018363623966966979,-0.00013813512677926507,-0.00019338636290559832,-0.0002649551631003995,-8.866239690438128e-05,-0.0002374551522048123,-4.667085320541299e-05,-9.43974780792507e-05,-0.00018241425976025586,-0.00016269109194535882
AUT,ssp245,ukesm1-0-ll,-0.0008605249131974563,-0.0018401665955577761,0.00020904246735717062,-0.0017297783458525384,-0.0008248474691680472,-7.369596461211622e-05,-0.0031383715966175115,-0.0014868132471755893,0.00028385071704086396,-0.001159495909583793,-0.004190950073014819,-0.003366899453453557,-0.0032372735874132736,-0.0012865968915218053,-0.003505698071673041,-0.0025058174884997632,-0.004155448506821075
BDI,ssp245,ukesm1-0-ll,-0.0037821202528698764,-0.0026727952335013094,-0.0006847565462569611,-0.0001901231767317909,-0.000771964363090295,-0.00026254980134313415,-0.0005452953251072652,-0.0003053076815466659,-0.0003571219488921023,-0.00017084491504754012,-0.0002938678477461478,-0.0002559287572179215,-0.0001607607188393128,-0.00011537171071677606,-0.00010039863484193337,-0.00012953069310817867,-0.00011335502075859138
BGR,ssp245,ukesm1-0-ll,-0.0006912991719514685,-0.0021366678222057033,-0.0004209914150582344,-0.0016087225519660381,-0.002056889609060362,-0.00215043245025571,-0.0022920499809731066,-0.0016181244438560572,-0.002131342494909395,-0.0022714192034768666,-0.0030477660356905633,-0.0032017735249323816,-0.003324538248203937,-0.0015543458790697792,-0.0032413540010190482,-0.0022458325774640632,-0.003631375637477544
BIH,ssp245,ukesm1-0-ll,-0.004927905760162007,-0.01650206047312858,-0.003337132078813875,-0.013508373563772175,-0.008656529008317159,-0.011330727439798642,-0.017293808269992925,-0.006392022280339975,-0.009919743764848181,-0.017622190600804347,-0.031148687416016205,-0.03489398240328298,-0.039140785379962836,-0.018900184439811788,-0.05166763554800484,-0.05324951474805083,-0.06712515843815957
BOL,ssp245,ukesm1-0-ll,-0.6859505505070198,-0.3776246337266451,-0.7620840056642373,-0.33321276941480127,-0.657562120163028,-0.4669055421874795,-0.29774613330538224,-0.37144075125574166,-0.27343209486033154,-0.2647364945296917,-0.2866256299702305,-0.18037532993326438,-0.1921581893211835,-0.17192040428840738,-0.15098774426280565,-0.1517859135965666,-0.12252620282189883
BRA,ssp245,ukesm1-0-ll,-0.4972955811559153,-0.16221845161811993,-0.4043915552601582,-0.19469109103453197,-0.3719797583455238,-0.31751009054877,-0.22766820645587346,-0.29330579351951,-0.2528226022749117,-0.26355539023323943,-0.27112141002274015,-0.2161247490426385,-0.25370720812336617,-0.22171878315978322,-0.19735452028094808,-0.23345363986176326,-0.17646564532929773
BTN,ssp245,ukesm1-0-ll,0.0010761329131018316,0.00016082325943975073,7.068491889952223e-05,0.00010132921541817655,6.546812923332985e-05,5.07097730905337e-05,5.336496787766219e-05,2.934730272583584e-05,3.919454727987686e-05,3.634981874520243e-05,2.0103364153160575e-05,1.7250038437282887e-05,1.1467218490034535e-05,1.5466321480839437e-05,1.9020415478195333e-05,1.2640703087259863e-05,1.4619388682514913e-05
CAN,ssp245,ukesm1-0-ll,0.0007287425967394728,-0.03595795496777297,-0.011412653334579323,-0.01936946372189194,-0.02306102570904474,-0.021548193521066246,-0.018292312158914657,-0.017033731409516063,-0.01572140807918139,-0.020035914857908732,-0.023372330797335184,-0.019703528462163365,-0.014269489842077557,-0.021937478686612947,-0.016798026487261697,-0.011236689997624366,-0.014895467934888915
CHN,ssp245,ukesm1-0-ll,-0.0069468431841704726,-0.012343133914312845,-0.0055999643432673345,-0.004995860821373411,-0.009108551576843475,-0.009831160014414708,-0.009519581427225582,-0.010163661989668353,-0.01129546859262953,-0.011091994110173932,-0.010995163355584689,-0.01063224395880123,-0.010566077892623676,-0.010582505113438632,-0.011977229668084542,-0.014939272163947106,-0.01406959072356104
CMR,ssp245,ukesm1-0-ll,-0.0014524566891792442,-0.0019177763998108426,-0.0012305225524056865,-0.0012543005653849397,-0.0012785514724494493,-0.0007365333229136646,-0.0007808346221533535,-0.0006051289873354713,-0.0007098132104904926,-0.00048587190374486684,-0.0005504720350671845,-0.0004140880538394496,-0.00037032974668044,-0.0003843938682967904,-0.00028616036762327214,-0.00029828901752712393,-0.0002558147476073034
COL,ssp245,ukesm1-0-ll,-4.689404247999607e-06,-0.001794902461011524,-0.0033420124108821726,-0.001307045624916496,-0.0028133904675180944,-0.00332028724248856,-0.0022069650732622907,-0.0025460064699195538,-0.0021662112375883872,-0.0020157562129870976,-0.002865759761313818,-0.0015825542622313643,-0.001774020234428925,-0.0018417500511876902,-0.0014815704319470961,-0.00189019906262172,-0.0014148809744081298
ECU,ssp245,ukesm1-0-ll,-0.004491491835638318,-0.004553227579763368,-0.004556811477719697,-0.002370366116198567,-0.003894144979285355,-0.003581441132970394,-0.0027305468767385,-0.0031312822313771757,-0.002063762723489539,-0.002090327691343492,-0.0022091647692478156,-0.0015605089876165412,-0.0012659957293825938,-0.001352695659504623,-0.0012311139698797293,-0.0013062754431394797,-0.0010666622328917256
FRA,ssp245,ukesm1-0-ll,-0.0013492940510869602,-0.0009204440943128061,-0.0006420701483711257,-0.0010641503181111746,-0.0010258027622466728,-0.00026362804992170963,-0.0008430604255358593,-0.0008598409023460653,-0.0007892588605646055,-0.0008737703255383433,-0.0012510795431687927,-0.0014263578265112358,-0.0011254545931640289,-0.0007883427299684343,-0.0007726953810446092,-0.0010625296011643908,-0.0010037525507566273
HRV,ssp245,ukesm1-0-ll,-0.010072264321340757,-0.1297149539813977,-0.029222570243481807,-0.12360743459972853,-0.08651535491773937,-0.08442770725505619,-0.19362094177261283,-0.06612646677803269,-0.07227419119198655,-0.1276618173347248,-0.29127876559682836,-0.3015393539897609,-0.29946081977525185,-0.12502753842844253,-0.3150260652558353,-0.29489564253353173,-0.3487939274692132
HUN,ssp245,ukesm1-0-ll,-0.003403431610451071,-0.004943322559196712,-0.0005981202207079058,-0.004492877546549355,-0.003805254015852447,-0.003491441061953204,-0.007092262637395883,-0.0027557340500022577,-0.002731247123421054,-0.0037644428087102565,-0.007664777735470513,-0.007544453128105262,-0.00749148408110761,-0.0028316503176314366,-0.007218317096574473,-0.0063545928548039855,-0.007316874683908538
IDN,ssp245,ukesm1-0-ll,-0.002886908733035949,-0.001673360173606286,-0.0027813445159836038,-0.0017817374417735449,-0.0022983833395404606,-0.002308568378426171,-0.0014687193029095204,-0.0018628944171887364,-0.0015368324715645978,-0.0015681356497416119,-0.0018121747170834178,-0.0015397451701299942,-0.0015554769716089065,-0.001044023004357089,-0.001236061081385483,-0.0012918493321156098,-0.0011291385495357455
IND,ssp245,ukesm1-0-ll,-0.011966238163441183,-0.010041441846797967,-0.01276017121027692,-0.00295930261036571,-0.009312174712269717,-0.007249043533532087,-0.013018477767405683,-0.0072706592503808554,-0.010115003229678315,-0.010424270015532604,-0.011466614766465493,-0.006698366602998416,-0.0051409476959555665,-0.00714752324708833,-0.00538162442341153,-0.006594740460087729,-0.005398642779211579
IRN,ssp245,ukesm1-0-ll,-0.002213289582891249,-0.0010202152906707614,-0.0005262849311263438,-0.0006880129822747503,-0.0006344533115081697,-0.00046877078686866845,-0.0006515732725805417,-0.000540235774765855,-0.0006031636620277026,-0.00043045155695485234,-0.000351224378256106,-0.00030583630552245903,-0.0003597397504076738,-0.0003788592170650287,-0.00033392389770043224,-0.0003132655085800213,-0.0002892054954421419
ITA,ssp245,ukesm1-0-ll,-0.00020115274601803008,-0.0012078107173424703,-0.0009708035264178251,-0.001787021323164102,-0.0007699792283773023,-0.000521918735001364,-0.0017756799066524663,-0.0008584808982592034,-0.0005323689911044552,-0.0014775827162356173,-0.0032221403019606493,-0.004316953787803123,-0.0037527066348268887,-0.0019822109906948416,-0.0030660691991938414,-0.003003206839333507,-0.0038404899095412486
JPN,ssp245,ukesm1-0-ll,-0.0005591456408344295,-0.0008091462103764925,-0.0005975942565606355,-0.00104958586045541,-0.001118500829179147,-0.0009905105494666345,-0.0012188820968658679,-0.0017245703571238421,-0.0018389327417485096,-0.001365245061373925,-0.0017245795658283219,-0.0009128973503094277,-0.0013717458762054799,-0.0016730715580174705,-0.0015646037267989712,-0.0017198038920582526,-0.0014920706263143572
KAZ,ssp245,ukesm1-0-ll,0.0006964579346793881,-0.00010185276504614623,-0.00147270469885189,-0.0028133211683616876,-0.0013534822332389451,0.0006799289780102967,-0.0003833272534121655,-0.0016241848607552515,-0.0018171679392114588,-0.001978645809277632,-0.003213934130693131,-0.0011564122375342669,-0.0022295660723161506,-0.002124723393554931,-0.0027082162693256398,-0.0012466318846444946,-0.0020478765621686616
KHM,ssp245,ukesm1-0-ll,-0.04651570060039535,-0.02922886666454097,-0.026054743840576246,-0.02057128899289439,-0.01600616346958796,-0.021583107173375405,-0.014234911487452939,-0.016933835080116078,-0.014634787186812659,-0.012516750727109414,-0.011992163620251108,-0.010308283641902527,-0.00831489168308404,-0.007487516395488699,-0.006732774117549719,-0.006551041126922526,-0.005433347626591819
KOR,ssp245,ukesm1-0-ll,-0.0006066719434961671,-0.004366400199536158,-0.0028377303471981965,-0.0029954238842642964,-0.004029217866940042,-0.0030325242015502474,-0.0034084217490473797,-0.00548922182847716,-0.004253694330313175,-0.004899955266444681,-0.004069695163570739,-0.003096725787221176,-0.004309762141909475,-0.003887452607506767,-0.005161344382513137,-0.004865233947622958,-0.004741426573637361
LAO,ssp245,ukesm1-0-ll,-0.012844966859680795,-0.0015973483664564218,-0.001941042382049055,-0.004413156799105641,-0.0018755921336268738,-0.005393557672283506,-0.0019090297802150376,-0.003054455091894967,-0.0027892968672006088,-0.00264490546102656,-0.0035336836132117315,-0.0031229809053954956,-0.0039559273863687934,-0.0023347598760602908,-0.0017857508141056622,-0.002785485887485317,-0.0024038696358362117
MDA,ssp245,ukesm1-0-ll,-0.022792910862958676,-0.012238960147339332,-0.00428212512863224,-0.017246623797264146,-0.02019658953623341,-0.02049208871479295,-0.025228670173815006,-0.01798118471150184,-0.012126620099288344,-0.012182091131959104,-0.022853651929282338,-0.019366372406049843,-0.02302584129085005,-0.012309959968986693,-0.021103072796972835,-0.0130335883675717,-0.02168373488704374
MEX,ssp245,ukesm1-0-ll,-0.0013690596365235877,-0.000978381077067804,-0.001726918858706269,-0.0012006137906340367,-0.001450525529581654,-0.001531917315621157,-0.0011743387156482054,-0.0007947315868572522,-0.0010724312402800617,-0.001103797303288761,-0.0010158076387639602,-0.0007936712031001813,-0.0008992409846273401,-0.0007820331003938408,-0.0007743534880445205,-0.0008434979363504039,-0.0007412786670866172
NGA,ssp245,ukesm1-0-ll,-0.003499827554614092,-0.006132853311306043,-0.005227931406504795,-0.0032273494600219233,-0.0038960394501235873,-0.0015662634057330535,-0.002490950873377785,-0.001621268321730628,-0.001947721780444203,-0.0011993682557723852,-0.001328275059207097,-0.0008659666653734987,-0.0007752435076035166,-0.0007195874389426737,-0.0005368833178378985,-0.0005058598107597004,-0.0004090651473783341
NIC,ssp245,ukesm1-0-ll,-0.00044120376460849597,-0.002566824287180858,-0.0058644835399114924,-0.004544061364719766,-0.009559877035278915,-0.009346117135686945,-0.00492470972286846,-0.003740949998445899,-0.005237297054816925,-0.004350931410624185,-0.004389695155890802,-0.0038498292385485996,-0.0034056944169886067,-0.003339080740660012,-0.0023584527123415924,-0.002932377996478281,-0.0028312004814498434
NPL,ssp245,ukesm1-0-ll,0.002090244493918241,0.003289826343995093,-0.0032342481444089127,0.001014619544410188,-0.0029100762443161846,-0.0025750970483355263,-0.0003615669995167707,-0.00773004911661203,-0.004089697251316812,-0.0051199321152822766,-0.0024879344380583173,-0.0016833691560389375,-0.002827136670063704,-0.004751493538192504,-0.0022169329991389574,-0.0020784987732760793,-0.0015202646946627146
PRY,ssp245,ukesm1-0-ll,-2.4856668788451772,-0.08468709538360467,-0.7748383750513334,-0.4783624217074194,-0.7642678113103082,-0.6171651637856932,-0.28925375884932436,-0.36592154471602023,-0.3381348923802816,-0.3575850456499432,-0.2947859644776776,-0.3240352783363964,-0.32213038478283673,-0.2434940791537432,-0.23911126555411652,-0.22635130286678173,-0.15338720275217926
ROU,ssp245,ukesm1-0-ll,-0.0076553691852095885,-0.007144698994553999,-0.0019407563187641623,-0.0070633609177791195,-0.008550561743395437,-0.009834338266240406,-0.011677221577971332,-0.00815015988324307,-0.008329729976932633,-0.009382628873885147,-0.014817022814959675,-0.015148945016796922,-0.016937526037741287,-0.007999643839510769,-0.017057339028283533,-0.012925858747916933,-0.01986791606322638
RUS,ssp245,ukesm1-0-ll,-0.006933814737130606,-0.00820681237961432,-0.00811156476197964,-0.014599322093141149,-0.010384098349329057,-0.010952901001542212,-0.011379662385506745,-0.012005575028755011,-0.013464243197688705,-0.010720164826457886,-0.014551353650556431,-0.014065243603410412,-0.012815383905119588,-0.007496713124462549,-0.013474809194935725,-0.007014184206905239,-0.015055011208428535
RWA,ssp245,ukesm1-0-ll,-0.0007340600397870695,-0.002279522982849329,0.0010638142686851524,0.0013013443280269934,-0.0015099370354218324,-0.00012494857189899588,-0.0016998043044684674,-0.001024503513327848,-0.0020117922861991764,-0.0005181470044455986,-0.0017192754705224848,-0.0016066981890165998,-0.0008070546164058298,-0.00048643631381950475,-0.0004426987481605639,-0.001063723358133414,-0.0007452954715868767
SLV,ssp245,ukesm1-0-ll,-0.002179529480732268,-0.0016760896036924836,-0.004452272026844225,-0.004075833079872975,-0.005114294198995137,-0.004404822090516165,-0.003336019986428571,-0.002649558957807014,-0.0032019421713577905,-0.0029768950626600428,-0.0031305358138875787,-0.002949959143645771,-0.002683095415663787,-0.0025653559420593373,-0.002140391236764205,-0.002510744209867594,-0.0025135500685151625
SRB,ssp245,ukesm1-0-ll,-0.03754597748044213,-0.058857981356981115,-0.007862687696239535,-0.0482750343813083,-0.03260013795527724,-0.05717367834611037,-0.06283036900648054,-0.02219352252623831,-0.037781451101689706,-0.07474456828370168,-0.09725703738100809,-0.10943692639530805,-0.11157104652849074,-0.042064822705046835,-0.11705010892789192,-0.1029066147749742,-0.12424684358137744
SVK,ssp245,ukesm1-0-ll,-0.0048236334726443585,-0.004213022663835381,-0.0014742933131238279,-0.004146585798659534,-0.0038307017792482464,-0.0021414650366355144,-0.006361292734852028,-0.003422441620683528,-0.00018225011389489765,-0.0026943049082839123,-0.008300683072742128,-0.006607243723678763,-0.006770714751538601,-0.0038603215333724906,-0.006933346709223857,-0.005897659757567175,-0.008026764450334938
SVN,ssp245,ukesm1-0-ll,0.0002591206934563438,6.589226495562467e-05,2.882094268435887e-05,4.097891196518686e-05,0.00033642278763809197,0.0002482523818383683,6.604665179508887e-05,0.00010796852990293903,0.0002168559888059377,9.505176799910493e-05,-0.00032732939539649035,-0.0004350479864646769,-0.0003727639254731817,2.182426824790746e-06,-0.00025056084933279955,-0.0001992896577398223,-0.0005107547724052412
THA,ssp245,ukesm1-0-ll,-0.0005493396941358388,-0.00033214459393690664,-0.00035491483712636444,-0.00033470244649527574,-0.0003253274369954549,-0.0004451814949547278,-0.0002155593919461862,-0.0003775967515464956,-0.000327898827289686,-0.00032967374561987075,-0.0003455466772106267,-0.0003409613414818867,-0.0003629815396448103,-0.00032371910391624376,-0.00027348181219318874,-0.0003167819439945631,-0.0002981743894361412
TUR,ssp245,ukesm1-0-ll,-0.0003005525743542231,-0.00019705676007575457,-1.0980372422776898e-05,-0.00013654756808995398,-0.00011667880438879674,-3.2683316791925834e-05,-0.00012910362808303885,-7.656883700906295e-05,-0.00014237601339249972,-0.0001168991767586547,-7.149470391894609e-05,-5.4330779471702234e-05,-8.68767334705849e-05,-0.00011821580092763817,-0.00010634752766692612,-0.00011540228935872806,-0.00011126575948772869
UKR,ssp245,ukesm1-0-ll,-0.13794758641550708,-0.019175264521390727,-0.01597552162768512,-0.0982978406938737,-0.11646124300839888,-0.09279508939960199,-0.11423370278569711,-0.08947880533642336,-0.06705936181650943,-0.05521177503107184,-0.11079288283608701,-0.07049369440677843,-0.08531867825254293,-0.05634701499063188,-0.07379501007314444,-0.03113575137464216,-0.07436043679837523
URY,ssp245,ukesm1-0-ll,0.015102751663612692,-0.03103960344518349,-0.029660460961641686,-0.03219769794795353,-0.06049553559024498,-0.037815844779742744,-0.005969062904057515,-0.025616538687608978,-0.021923777949728968,-0.0284914325020298,-0.052880332655866974,-0.048507438776086924,-0.0448227813846267,-0.052476823209230666,-0.043452824164645416,-0.030749959126220024,-0.03152126097988127
USA,ssp245,ukesm1-0-ll,-0.013982341181110523,-0.06327328268508249,-0.03714137207982228,-0.05464428010547276,-0.05620485982996666,-0.05494997864959979,-0.04104304889350432,-0.050488721707000354,-0.05066849173612671,-0.0620442192352348,-0.05429816668206047,-0.0491499041189209,-0.050434920042401035,-0.06183476613502544,-0.051186183893936366,-0.034423125787741524,-0.04793854310806463
ZAF,ssp245,ukesm1-0-ll,-0.00444081381718643,-0.002123923168231966,-0.018584545609494546,-0.0020414127439367376,-0.012093166528614977,-0.013602301687906646,-0.0065501786552439505,-0.010404682467236236,-0.008177802602711719,-0.00513954733095196,-0.006347150410917053,-0.007659590558551215,-0.0049659618437032675,-0.005861465889010596,-0.005690247512185641,-0.007235061125449088,-0.005634639250912442
ZMB,ssp245,ukesm1-0-ll,-0.02176160011064597,-0.0044340829076820985,-0.04025393197964327,-0.00543959332008057,-0.021703537491950305,-0.007422371718977089,-0.013171842139727177,-0.006914535298053201,-0.007135817507403443,-0.0056286953072346374,-0.004618323726687699,-0.003968843960102124,-0.0025160878328986903,-0.0014081326570644355,-0.0012401023871785935,-0.001797623249648167,-0.0014857581888477387
ZWE,ssp245,ukesm1-0-ll,-0.00757224840978558,-0.00400940782917097,-0.04939170238002998,-0.01896719812008716,-0.035539431903048126,-0.011994449823789801,-0.01823667771633092,-0.01879245097497767,-0.013074237704494628,-0.009872090373686736,-0.011480688540611359,-0.010348969598935234,-0.00700187399733471,-0.003393259190043361,-0.00397247750368488,-0.004535782548599294,-0.004818895173483082
AGO,ssp370,gfdl-esm4,-0.0006809489252390775,-0.001758955014236169,-0.000999303143147916,-0.0005335938411661485,-0.0014904019661537869,-0.0011467461904559296,-0.001452742517612523,-0.0017326467519174073,-0.0014658831225485564,-0.0014238100582422127,-0.0012029434562254462,-0.0009425845698768165,-0.0008268937797834146,-0.0007358892120618154,-0.0007389233974405498,-0.0005344833197359791,-0.0005671243839918053
ARG,ssp370,gfdl-esm4,-0.05855385430661562,0.009654154873042607,0.0008223139646666669,-0.006723167107493269,-0.004339230832384148,-0.008608435901778306,-0.0012021969461527456,-0.006822413552105531,-0.004773022223475735,-0.0010076358503671586,-0.0066636998205506824,-0.004962334294509356,-0.004348556305763,-0.007390938799501166,-0.0032081615427221027,-0.007096280066626241,-0.007574934502472897
AUS,ssp370,gfdl-esm4,-1.9119210150527786e-05,-0.00030780139098069163,-0.0003666689321268675,-0.000194921329455525,-6.0875669219262263e-05,-0.0003441113900699033,-0.00023651939577847196,1.569524287564497e-06,-0.0001240729952645192,-0.00017516841895916512,-0.00025197855604354544,-0.00012697518560219673,-0.000143045252230069,-0.0003388996215236325,-0.0002440160424553946,-0.00018427600467414232,-0.00024904144745466607
AUT,ssp370,gfdl-esm4,-0.00023654096950181188,0.0033234535416628947,0.0008817426003769599,0.0015848634240831247,0.001403963109486979,0.0006162375411418955,0.00156329984554817,-0.0004496695731849871,0.0018168656284046256,0.0008788385737124186,-0.0034170821290807228,0.0009050763023178139,-0.0018712471844696313,-0.0009659209503775607,-0.0002175138741919378,0.00027661393677706146,-0.0037730035196128454
BDI,ssp370,gfdl-esm4,-0.0008431902071573074,-0.001382426700724542,-0.0003442252048592706,-0.00031355134367553423,-0.0007370008126300934,-0.0006802362761989509,-0.00022330589433333846,-0.0005356600236913055,-0.0004214322510903174,-0.0007458402591767853,-0.0005046864877965926,-0.0005362201172331897,-0.0003648882272496579,-0.0001131577562417722,-0.0001927963281359423,-0.00017943975670658388,-0.00022808600289957951
BGR,ssp370,gfdl-esm4,-0.0006097808905253262,0.00025230987919929343,0.0006959875906407091,0.00041748173055399673,-0.0014398284355021359,0.00027753429938458805,-0.0011301456738589091,-0.0015747157696121292,-0.0009135742892581761,-0.001167664459060493,-0.002662227406864981,-0.0012601153044927596,-0.002548222501165543,-0.0031169080186667915,-0.003009808215998452,-0.0029117791884223985,-0.0030275417531017484
BIH,ssp370,gfdl-esm4,0.0013882488878333003,0.006110948328462991,0.002664324129532054,0.00019539779912641723,-0.011440239702885581,-0.0025787718603425863,-0.0001596905284512136,-0.00865276707377063,-0.0029739346165340652,-0.0015240755758152422,-0.010659407181030197,-0.0016624448368965056,-0.019802296865944896,-0.019388636933475662,-0.014869469943145294,-0.01596587114235216,-0.02328338195230195
BOL,ssp370,gfdl-esm4,-0.06863257812443338,-0.5501132543645549,-0.4069602429686307,-0.162656447518051,-0.03782656871298107,-0.5726040425021075,-0.507289211069825,-0.19213389331016814,-0.5034000047156869,-0.47586536659327655,-0.2598303580593601,-0.2928365444771079,-0.25823505054750584,-0.2727475233546116,-0.25147860044527504,-0.2007898094269907,-0.23046687203203622
BRA,ssp370,gfdl-esm4,-0.07190744152117015,-0.14841620902861694,-0.21960032490123876,-0.09207374890402197,-0.11259805802695406,-0.3164059825778985,-0.2071369193537071,-0.2705149505701432,-0.3406660728426188,-0.39547681524020406,-0.2686287035273463,-0.34239904548236677,-0.3530932217890178,-0.3890645851613209,-0.4495261542478809,-0.3859669507356615,-0.39675971080896344
BTN,ssp370,gfdl-esm4,0.0006173319924164547,6.74339438440304e-05,5.6640186419827864e-05,2.1931422406044547e-05,-0.00015588174551394988,-1.936288736429822e-05,3.500248829644678e-05,5.1406815930755796e-05,2.1121380407888888e-05,2.044745471952717e-05,8.53078827658345e-07,5.1884900982306937e-05,4.721222243961821e-06,3.179253775943437e-05,2.956003509447583e-05,3.133109892131322e-05,2.821500529797026e-05
CAN,ssp370,gfdl-esm4,0.0002804980758787145,-0.00880658034408409,-0.002797541993402304,-0.005405863815066906,-0.00605320800537221,0.000700354837188072,-0.010766079650174488,-0.010687282493237612,-0.018889283232742877,-0.004791923736565452,-0.016463533820934736,-0.009365516686408932,-0.0017763213501788208,-0.00503248225299482,-0.009487733648690431,-0.003343923480133782,-0.01183017895589897
CHN,ssp370,gfdl-esm4,-0.0033123510437829597,-0.00219192413824894,-0.004006088558790403,-0.004511487171013529,-0.004845810862904604,-0.007884957569487872,-0.01107571469478859,-0.007529488434780779,-0.006542000178148267,-0.008715281574138362,-0.01264878349793795,-0.007239870393631841,-0.009049784165199392,-0.011242373771741357,-0.013492818327125814,-0.013604973627101972,-0.0142059260421519
CMR,ssp370,gfdl-esm4,-0.002430861776147858,-0.0013244771082101194,-0.0016759703131392011,-0.0017286750363666662,-0.001460497310195167,-0.0018719355508962328,-0.0011532976703276878,-0.000820783066833502,-0.000923795987654298,-0.0009627028358215412,-0.0006368815791614799,-0.0007124304989444001,-0.0007028417926650322,-0.0006960066140396994,-0.0006811227832818167,-0.0005378165754547303,-0.0005334844885730922
COL,ssp370,gfdl-esm4,-0.0013790101846563397,-0.002617990294542212,-0.0004940065665817623,-0.0015765190514555251,-0.0021827575713640112,-0.0022612773697857696,-0.002598078419800457,-0.0012154402029428534,-0.003503292636176506,-0.002716289100986461,-0.0026879169102565774,-0.002874715728420649,-0.0025405933281742914,-0.0035576933728308675,-0.0036306586880752263,-0.0033478582063299132,-0.0029469730787074003
ECU,ssp370,gfdl-esm4,-0.0012613613428210096,-0.004622418592921166,-0.0011830222939077275,-0.0017671504709818996,-0.003027492038300445,-0.004124767132150298,-0.0025972691461102313,-0.0023512516913566234,-0.003542260533718471,-0.0032812304538324356,-0.00263440563663396,-0.002456581123001576,-0.0022783463945746925,-0.002244743548689003,-0.0023800521571907675,-0.001955370638305684,-0.002030765437867634
FRA,ssp370,gfdl-esm4,0.00010207910706064161,-0.0011315519295721464,-0.0014323778550234976,-0.0007654550115714313,-0.0007656686511897186,-0.0007458699467542782,-0.0007872479798704306,-0.00045010543112490836,-0.0006596269568446496,-0.0006440276346398829,-0.0007272610306972222,-0.0010350532983500126,-0.0012447600208097464,-0.0009010060189670112,-0.0009727882606534849,-0.0011234108149095804,-0.001119822428369173
HRV,ssp370,gfdl-esm4,0.00161371254272613,0.051928857879690746,0.028891372972028862,-0.0019955660646876986,-0.13501276207770876,-0.020464816621355696,-0.0023532621924167415,-0.14763817161400314,-0.06338596086900172,-0.046271520516069906,-0.18547920370840465,-0.037963969414180704,-0.31221338618405886,-0.29326902439185293,-0.21794451477346746,-0.2811371788417808,-0.3704482515863921
HUN,ssp370,gfdl-esm4,0.00021461772671367015,0.0008930912051560182,0.0008457709543744505,-0.0005576757543807592,-0.005283603810400981,-0.0010067737266041563,-0.0007308276247876448,-0.005878633108815648,-0.0009643307821646779,-0.0011929377997834674,-0.00628881202768882,-0.00044736421727077636,-0.007715658167131654,-0.007349039681602629,-0.005401454982129715,-0.007434467674117409,-0.008794516573183565
IDN,ssp370,gfdl-esm4,-0.0003238139163843714,-0.002665461038299971,-0.0011328569682260866,-0.0014477276978867967,-0.0011966118043155866,-0.0022554889402949686,-0.0008355920172493117,-0.0007701571790672942,-0.002501015523529599,-0.002341175341538166,-0.001538598612284349,-0.00206177768664994,-0.0022576199803886828,-0.0020642169781150952,-0.002249679563292223,-0.0017100774308057233,-0.002472173403185899
IND,ssp370,gfdl-esm4,-0.021769147924092548,-0.013656308690352477,-0.008022118704918556,-0.02543318953164377,-0.014950087220279209,-0.02539100462933414,-0.005074360428320722,-1.8876309646817898e-05,-0.009904872868084785,-0.009793247805135588,-0.012183805447184797,-0.002191050215623929,-0.014872404720704183,-0.016029086171377206,-0.011712047440240276,-0.012884524519483638,-0.013231083415393644
IRN,ssp370,gfdl-esm4,-0.0013926080267900964,-0.0004941525245322494,-0.0008613241314332434,-0.0006243941022393161,-0.00024189467774817877,-0.0006207537253639188,-0.0007649453224498776,-0.000609750781534069,-0.0005037681398458744,-0.0005591333737183783,-0.0006166479557415125,-0.0005812460228783011,-0.0004535569866553158,-0.0005296639702240012,-0.0004022762627375943,-0.00043231875505145626,-0.0004366910743442332
ITA,ssp370,gfdl-esm4,-0.00010862907920187681,0.0009403573971869044,-0.0010425887088458354,-0.0001552052514761384,-0.0017737097980536156,-0.0006743170114623551,-0.00014906944584669763,7.582939753232295e-05,0.000273700717502282,-0.0002413952089401303,-0.0039542701036951655,-0.0022954534805851253,-0.0040445040341674865,-0.0020435007106288524,-0.002631896815065469,-0.0030881442830598157,-0.004255708108772932
JPN,ssp370,gfdl-esm4,-0.0009932059893026932,-0.00039861033456069705,-0.0004678360058668002,-0.0004106402055331358,-0.0005557737802213571,-0.0008051908462673469,-0.0013283701812866432,-0.0009399855461594893,-0.001637095894634815,-0.0011310501378782004,-0.0010854793525257958,-0.001514501755624682,-0.0009912904439382956,-0.0016621587483543782,-0.001600751760512541,-0.00201292805433435,-0.0014096411832234153
KAZ,ssp370,gfdl-esm4,0.0015667676483503052,-0.0014167919714315456,-0.0019747507347131236,-0.001994144797842635,-0.0010498517081376022,-0.0009024838543964903,-8.762914351140484e-05,-0.00014914929220365955,-0.00044166884646195553,-0.0002253343770544213,-0.0006844669010521213,-0.0017197850405729004,-0.002712279858140647,-0.00234382328289498,-0.00021955110625843736,-0.0007173153501377524,-0.00013171337741147324
KHM,ssp370,gfdl-esm4,-0.01581731849946591,-0.014652541836683393,-0.02308290666082799,-0.012978733193362717,-0.010176882092605123,-0.013215886408684012,-0.010483375686921096,-0.011071656806509598,-0.01354259026767429,-0.015206680777386133,-0.015520575346518068,-0.009550821997014082,-0.011689460910351236,-0.010790790352190258,-0.012142437678471524,-0.008876843646051616,-0.010146466084464687
KOR,ssp370,gfdl-esm4,-0.0004666180771987815,-0.0023224067595004486,-0.0006780616332857692,-0.003057341422793994,-0.00022217108462310435,-0.0020926075455766123,-0.004275934659477611,-0.0014335088392996719,-0.003313051162195325,-0.0028472235098740057,-0.0030439459249851962,-0.006007530890776199,-0.0031961297320895524,-0.0037469467389486077,-0.005743964275032662,-0.004128770998946778,-0.0034820001581589077
LAO,ssp370,gfdl-esm4,-0.003836930888939681,-0.00605827312293798,-0.003669393263083492,-0.004403854171295253,-0.001121190418927982,-0.0014129420896999221,-0.0019591032420988017,-0.002575152534455585,-0.0035731170268432336,-0.004005779059321463,-0.0034035524892291696,-0.0024953301089365985,-0.002465265976072508,-0.0039416439383548425,-0.003613062943967331,-0.002764063008417649,-0.0032546670021919508
MDA,ssp370,gfdl-esm4,-0.012192404045121927,0.011221402595401136,0.008786561530293481,0.007997707587143719,-0.005834755088567123,0.0027882661963030556,-0.010609869046125705,-0.023559147627380376,-0.0035773007064941174,-0.009675407664635538,-0.020986387652576953,0.001605702986325737,-0.02385868927593812,-0.021960312349156005,-0.021091358271701194,-0.02474790253781567,-0.023009270248078244
MEX,ssp370,gfdl-esm4,-0.0009953212667755684,-0.0013227206651415038,-0.0011419557889975123,-0.0004917200643798435,-0.0006829757095871993,-0.0014262170545816157,-0.0015412419985747043,-0.000874227367633723,-0.0015901079798807353,-0.001186732344790386,-0.0009396313962362076,-0.0013311186836859712,-0.0011266109959335387,-0.0013105633113281263,-0.0013110928769711615,-0.0009988939609640148,-0.00121249725560852
NGA,ssp370,gfdl-esm4,-0.008694184720891687,-0.0022066342408617796,-0.0036405182971779373,-0.003909182565993017,-0.003283545882981572,-0.0035884467343421183,-0.0033370112557587063,-0.0024256543871108887,-0.0023536693843818207,-0.0020975192232478867,-0.0016682970493041905,-0.0015747407544165952,-0.0013910553325108266,-0.0012309716957168086,-0.0010997475603808807,-0.0008750123476872931,-0.0008108052922434083
NIC,ssp370,gfdl-esm4,-0.0007259195916201756,-0.007145636368255541,-0.005010811124335657,-0.0039100748099883805,-0.006048795745951362,-0.007025400576480454,-0.008955355936861926,-0.003204956785074078,-0.006325487812151742,-0.0062994072131049685,-0.0031800565031814103,-0.005797213707443734,-0.004529082559763368,-0.00561131057544746,-0.0053982197488357956,-0.0037428621649162244,-0.004276209069105064
NPL,ssp370,gfdl-esm4,-0.0008243267201248561,-0.01213263104261101,0.001023575754771034,-0.0038268027616523118,-0.005844120230439305,-0.007508833185783145,-0.0007886088838024313,-0.0015762932821153843,-0.007842426579136154,-0.004758348533503603,-0.004039716382256806,-0.003200746119643237,-0.004122706216676277,-0.003366447318973488,-0.0044085905200555,-0.00498615775256495,-0.005163266474189195
PRY,ssp370,gfdl-esm4,-0.02227453227925503,0.23489063539632316,-0.22162346000736372,-0.06155073596236403,-0.11254891744777726,-0.43560209680996453,-0.22285994244307944,-0.3076918290483453,-0.3126283926166533,-0.26202406928466687,-0.22426911852741974,-0.23151001864012127,-0.17540631713970176,-0.2991621640097264,-0.33813420501931674,-0.17727331387113587,-0.22611503568765173
ROU,ssp370,gfdl-esm4,-0.0051492338036798115,0.0017508351837735039,0.002313588613645737,0.0013141185998930794,-0.004655632755690291,0.0006309973444425613,-0.004431902904668901,-0.0078957938154105,-0.002124201628528448,-0.004894149606548803,-0.011830801874635557,-0.0030037389635542253,-0.014255817218377084,-0.015130263873169535,-0.015111198924744315,-0.017330210905107824,-0.01787727559033299
RUS,ssp370,gfdl-esm4,0.001663754299527623,-0.0014823454320489911,-0.0026996645569304805,-0.0004838032187593782,-0.00892384770861493,-0.00015365822302071378,-0.0023110341668077456,-0.011001841090676609,-0.00266517644232216,-0.005889031714085935,-0.00880977522940783,-0.00895855633771443,-0.0025695515410345516,-0.0069495728400129474,-0.008577068935407661,-0.011324637514352032,-0.011534934082981453
RWA,ssp370,gfdl-esm4,-0.002449619294103403,-0.0006483091096151189,0.0010867535362799725,-0.0008158009665256023,-0.0033311075551078497,-0.002534952084358569,0.0006420895584700137,-0.0018614530027562402,-0.0014438435122675142,-0.0033898543511580613,-0.0017145347589646674,-0.00295199334443575,-0.0012695547066814011,-3.6482394217288297e-05,-0.00041370756425311404,-0.00045155776758041806,-0.0009339610264360791
SLV,ssp370,gfdl-esm4,-0.00017564004885289871,-0.0017929112575428383,-0.0003279522762902541,-0.0012785865671377987,-0.0016807075183427854,-0.0023890108544589936,-0.0033317830759265477,-0.0015219035684381893,-0.0034312721226164443,-0.002373586154567141,-0.0016033416258793907,-0.002830076940335139,-0.0024166935201067564,-0.0027184348662503636,-0.0027809584851860164,-0.0018710303671075448,-0.00220376125018152
SRB,ssp370,gfdl-esm4,-0.0044363553725507415,0.021201326383352252,0.013660819679682383,-0.001162611173760864,-0.054323938737220696,-0.009014034950568479,-0.004939329717236431,-0.04270858255629928,7.683091302138413e-05,0.0024730970517312604,-0.052378812319569236,-0.014604307105130429,-0.0994229681614377,-0.104644128541695,-0.09303006387568331,-0.09215212402378675,-0.12224173066907221
SVK,ssp370,gfdl-esm4,-0.0028952819096048797,0.005560486114983817,0.00185843591844964,0.0019164565564675153,0.0010512302685026717,-2.111097464520085e-05,0.0013564447824464289,-0.0010345693280740288,0.0017865546132533846,0.0012558751253331987,-0.005724787196988987,0.0004322896619551372,-0.002332627600894324,-0.0022467142193618793,-0.0011958187104777712,-9.836367424644464e-05,-0.005069288340400692
SVN,ssp370,gfdl-esm4,0.00017277180503599368,0.0003927750453613554,0.00015261311406602234,0.000357244338943474,0.0002274391751321157,0.0003202013086926229,0.0003242268723221761,0.0002121348246073786,0.0003682361135027708,0.00024355512929991494,-8.968698281997057e-05,0.0002152063520219882,4.995578882979761e-05,9.251695153946291e-05,0.00016191873949255244,4.594199096408063e-05,-0.00011927397892696611
THA,ssp370,gfdl-esm4,-0.0002614649865784436,-0.00034212969438402114,-0.0003558445660088026,-0.0003297179445111216,-0.0001653870508071486,-0.00021866450973395912,-0.0002760802229466018,-0.00023605078181707936,-0.00039934659960805355,-0.0004651034044551542,-0.0004848027142995543,-0.0003668230555614518,-0.00043028370494664224,-0.000570590124195135,-0.00056047092790153,-0.0005203989041764843,-0.000567938270503503
TUR,ssp370,gfdl-esm4,-0.00014792420530406798,-8.125101675183184e-05,-4.8373048352966914e-05,-0.0001520807557989689,-3.126664265773207e-05,-4.547258477768998e-05,-0.00012911946663206247,-0.00022191954374876273,-0.00012038849336797865,-0.0002155523820327072,-0.0002093133794263733,-0.00018761749278904522,-0.00017023313728136943,-0.0002293213961768028,-0.00022335283803162978,-0.00015965340631228877,-0.00023609958180534487
UKR,ssp370,gfdl-esm4,-0.029338102140949625,0.05952812317665429,0.05484849183314161,0.04243185954195103,-0.023603267792804524,0.03684719428473932,-0.009612372329753665,-0.11346848161055806,-0.01169823834520909,-0.06941315757650858,-0.08069689886218503,0.021675853523632865,-0.050756443205045236,-0.08543581374462125,-0.03417076806643003,-0.08965891674137513,-0.09572844955023156
URY,ssp370,gfdl-esm4,-0.1493420364527803,0.03767517557489368,0.012747501284881009,-0.04576365994418877,-0.01615930725621521,-0.03690589321939308,0.0072364948433590115,-0.03802686152063214,-0.0027450235523357814,-0.001049197061828014,-0.037445419180977914,-0.03474687217076883,-0.01478691570035723,-0.041455348906724,-0.019656480690297795,-0.02669262621139362,-0.04196943631609248
USA,ssp370,gfdl-esm4,0.00035636847548028506,-0.021816036429507902,0.004041444644350741,-0.022237232376409323,-0.03083256587531722,-0.021012123682845767,-0.021670760492108636,-0.03605074869178079,-0.048672077971308084,-0.03412155008412114,-0.058323704679803724,-0.03360470476513738,-0.024033970622120322,-0.040168405159455765,-0.037344956833452014,-0.03415033749410567,-0.04561740046622752
ZAF,ssp370,gfdl-esm4,-0.0011995525328519709,-0.008802377406934568,-0.008313654468223804,-0.0034415897264977666,-0.004815614224191448,-0.012663576253130679,-0.005023757969632922,-0.003895416082598225,-0.010928441983384225,-0.013921999642713243,-0.010321739829849878,-0.007122117441904746,-0.00737085962211584,-0.008508170228133523,-0.010808956298049482,-0.008581625966218994,-0.008977399220782372
ZMB,ssp370,gfdl-esm4,-0.010428732423609581,-0.01945034336414813,-0.02214236647387054,-0.006679377238909884,-0.010655146395787268,-0.017502281236503336,-0.008095425348901468,-0.003287058339746167,-0.007516141357349072,-0.006854231852776813,-0.004433145453114213,-0.004661043544701121,-0.003980625596034387,-0.004261086529109042,-0.0044655163873613506,-0.0022525492726700787,-0.0026389147672378635
ZWE,ssp370,gfdl-esm4,-0.02952841828161416,-0.039705506405538896,-0.03282021062662461,-0.011169158882107197,-0.01977050486587762,-0.03202688348247319,-0.01176449257179039,-0.013970410380261103,-0.02081117797456429,-0.018405039037028517,-0.010348231108431796,-0.01069202742095377,-0.01021368852421787,-0.010953987075125755,-0.011887105876165477,-0.007742781775284183,-0.008755994732644495
AGO,ssp370,ipsl-cm6a-lr,-0.00030678307817557244,-0.00031368149119337206,-0.00043170064646571893,-0.0010298793475719745,-0.0016753500767652232,-0.0009999501596525573,-0.0020295579611093566,-0.0011731133294701876,-0.000822785603700769,-0.0006263270709998582,-0.0008702164261508986,-0.0010102484171795126,-0.0006008277293473367,-0.0008783011071876745,-0.0007121884401316891,-0.0006329191133401329,-0.0005662015985444013
ARG,ssp370,ipsl-cm6a-lr,-0.041480290864960516,-0.01534058573345056,-0.018388098660684016,-0.003348882678182466,-0.004547289877030764,-0.007895434581111326,-0.007151127371143892,-0.00844251408239731,-0.0104334228334765,-0.009511764074066318,-0.014731968242473224,-0.010049506198630558,-0.009987891986076988,-0.01261903016951289,-0.01038794912909632,-0.008895448065388296,-0.00899688874427966
AUS,ssp370,ipsl-cm6a-lr,-1.2297004152858439e-05,-0.000315892984505284,-0.00048132176083550587,6.1008365261178865e-06,-1.5073776209679922e-05,-0.00032187992051175624,-0.0002675405143050637,-0.0001253533728378578,-0.0002519096299756401,-0.00024379698812987448,-0.00019213082921577712,-0.00028886803189042516,-0.00022280043321449587,-0.00031461729109797537,-0.0003768574167625434,-0.0001769564718256939,-0.0003523667834062589
AUT,ssp370,ipsl-cm6a-lr,5.7433606761509435e-05,0.0010154140553026605,0.0004654373258618363,0.0018040047758797896,0.0001443752468061642,0.0024223457058334457,0.0013454077478057315,-0.0015329615963392792,0.00019934951488494027,-0.0037603998360098484,-0.001678146858258526,-0.002424832215697303,-0.004857496643919082,-0.0004997650239286327,-0.0017798406314990748,-0.00641540108215776,-0.0014621534637708148
BDI,ssp370,ipsl-cm6a-lr,-0.0018127847140636938,-0.001103759083928884,-0.0009834911329335697,-0.0008325937829597102,-0.0008245155311477764,-0.0006647874375745746,-0.0007537608051189645,-0.00019473578487186674,-0.00014706958037956114,-0.0003628760081132779,-0.00017150309166447385,-0.00035128033523490807,-0.00019640273728821893,-0.0005138657608468176,-0.0004726855510171334,-0.00030162684914017407,-0.0002298380592069013
BGR,ssp370,ipsl-cm6a-lr,-0.00022088474127331023,-0.0011142860872556267,-0.0009516252568312927,-0.0001552083028641649,-0.0008298663731321966,-0.0014158871356114305,-0.0007847315664202263,-0.001290779441745718,-0.0012396717361951133,-0.0025359095971894657,-0.0015979068374875874,-0.0023597824756855126,-0.0037542029650338934,-0.0017921765782127894,-0.002555799500973428,-0.0028537947481778216,-0.002166933152946969
BIH,ssp370,ipsl-cm6a-lr,-0.0012510836572614732,-0.0028129634467921956,-0.0023750348441476028,-0.0019432658790252445,-0.00926735677799644,-0.008830598757104348,-0.006539464476798535,-0.013038270842509614,-0.009531404551876841,-0.013064470738516246,-0.015038347029307808,-0.019755735383304947,-0.02499974588500216,-0.008758640418754855,-0.016195216356043155,-0.026461999848982648,-0.012805730493548571
BOL,ssp370,ipsl-cm6a-lr,-0.352113702635085,-0.42267086932972686,-0.3493094449402752,-0.6521342530693736,-0.27720998827018506,-0.3238959075988012,-0.3063747844363207,-0.33348605883973376,-0.2623290691823685,-0.2882317202833302,-0.12015952998187135,-0.3097594920894352,-0.26636601889443173,-0.3795930892394091,-0.2890863512845813,-0.25886071628303087,-0.27373023520778195
BRA,ssp370,ipsl-cm6a-lr,-0.10463587603404725,-0.1910339252801907,-0.16785336907176207,-0.15262834899807012,-0.15895744304907947,-0.15325382582191557,-0.1826546657155767,-0.3118880433183567,-0.3344088364755672,-0.293033894691243,-0.2766681760862655,-0.3304249645086155,-0.30817768778755833,-0.5181589680271074,-0.4567822077348015,-0.45468328930608526,-0.5074685975501619
BTN,ssp370,ipsl-cm6a-lr,7.0373831800681795e-06,0.00018258652951619992,0.00012881462882107555,7.394338784343413e-05,8.755143035651769e-05,8.0776266258579e-05,8.783509642913379e-05,6.082503676600333e-05,6.298357855644315e-05,6.156102752555432e-05,4.917258839029056e-05,2.263080763456347e-06,-7.706535405916932e-06,-3.792444240520506e-05,9.32420981905185e-06,-3.2017327486477046e-05,-4.1931989245974086e-05
CAN,ssp370,ipsl-cm6a-lr,-0.0038997630413662968,-0.0029561491062378466,-0.01083012502212459,0.0009963414158800374,-0.0036020309457158394,-0.014175310377067667,-0.008968568460240502,-0.021206034441254226,-0.007002351737898917,-0.011997039113118575,-0.010143780415413493,-0.01296636824551667,-0.02055197964608367,-0.006611183031334007,-0.017689082143051163,-0.0230950811629185,-0.018967996751314473
CHN,ssp370,ipsl-cm6a-lr,-0.009888152755336884,-0.005586775626045089,-0.005633390997878959,-0.007271492126392662,-0.007867582873390712,-0.0034046276455709833,-0.008706903060619086,-0.006231345752235342,-0.011891208655242489,-0.015934033245145477,-0.012082170072754085,-0.01785345639537893,-0.017801953600885177,-0.023430157942541174,-0.020036028645502277,-0.020830664227505524,-0.024575860109427097
CMR,ssp370,ipsl-cm6a-lr,-9.804649088651373e-05,-0.0026202893682143436,-0.0014005238960040206,-0.0011682333865843087,-0.0012233848995776607,-0.0007086484491411176,-0.0013647426588976371,-0.0009918156895162785,-0.0005886566321924845,-0.0006254928657458138,-0.0008511748573984318,-0.0007438004321090246,-0.0005450042161656471,-0.0007680480516236756,-0.0005919425440978139,-0.0005808420585880972,-0.0006615653358500154
COL,ssp370,ipsl-cm6a-lr,-0.0009149672397137174,-0.0030402802852356626,-0.001153936589674551,-0.002291068388884612,-0.0008483854467106984,-0.0023629615309496755,-0.0027357828858556137,-0.0030023451280605474,-0.002320131854699139,-0.003057685878227978,-0.0020138409555280515,-0.0029332515472768332,-0.001992360999182397,-0.003410364445314923,-0.002919685264186599,-0.0029816899502362604,-0.0031683419340326874
ECU,ssp370,ipsl-cm6a-lr,-0.001949647623573325,-0.002278593403235537,-0.0017245582982269568,-0.002299736343771119,-0.0025401115415899156,-0.0023297055730315827,-0.0027755772139077665,-0.002392021131627825,-0.0019234274813562532,-0.002262244475757804,-0.0025115647509250006,-0.002473089271634391,-0.002549794308665837,-0.0025390753584442574,-0.002324143879633534,-0.0024304484869957224,-0.0021342883692001737
FRA,ssp370,ipsl-cm6a-lr,0.00026813119007041244,2.271761116087955e-05,-0.0003647303632724049,-0.0007792927758051163,-0.0015154660941703042,-0.0007543780272978333,-0.0010045516064707098,-0.0009521983887584498,-0.001157691054525529,-0.0015781779698018602,-0.0016129934614690187,-0.0014379909712554228,-0.001461179537537644,-0.0009750167024647651,-0.0013973269570973586,-0.0015926475377976766,-0.001044345301065268
HRV,ssp370,ipsl-cm6a-lr,-0.0044826304559208024,-0.014173479121658573,0.0008294753223378115,-0.016875645798624567,-0.10988732187931906,-0.06916730172390831,-0.08049416582768422,-0.17672305304936214,-0.11879712939687134,-0.22047062395909467,-0.27687100972838363,-0.2760269875220062,-0.4282078088408291,-0.16876742549882212,-0.29236600445208305,-0.468383832772694,-0.21245132186408483
HUN,ssp370,ipsl-cm6a-lr,-0.0009586745181164496,-0.001070132438110119,-0.00012195498526758755,-0.00039487784831915567,-0.0036761633784061732,-0.0010762699257488065,-0.001711197711088863,-0.005699546786837495,-0.0029462105030585053,-0.005938729199387595,-0.006246728429398496,-0.0071045556427825115,-0.01001301255589671,-0.0035902357729447813,-0.005734283206884165,-0.010205926391071506,-0.00463428328602321
IDN,ssp370,ipsl-cm6a-lr,-0.0008087706825520161,-0.0022234323638301,-0.0025198103598876244,-0.0019316885237567409,-0.0014313423639999157,-0.0017478669025645767,-0.0026777860630242422,-0.0019148868815808261,-0.001718846120065602,-0.0018461457402874182,-0.00268629662864833,-0.002292053818384131,-0.0029589524043169297,-0.003309085982712545,-0.003297899673960405,-0.00306965647005282,-0.003321345334922707
IND,ssp370,ipsl-cm6a-lr,-0.021808871748591186,-0.027178934506397585,-0.007044622298306513,-0.023324541375930822,-0.0017449656470357277,-0.007561125671735936,-0.018605609305304048,-0.02479942400313428,-0.02485502843207244,-0.019336194547897652,-0.01509298425614495,-0.0148699832771106,-0.01716931074309949,-0.02797785235699675,-0.024178629222418445,-0.02303944090260982,-0.02286018908619481
IRN,ssp370,ipsl-cm6a-lr,-0.0006039267995053574,-0.0001998963297999976,-0.0005845844544512113,-0.00031612838548434897,-0.0004399684259194659,-0.0002845133191683984,-0.0006283974128865672,-0.0002979578277400834,-0.0005365425713541611,-0.0004931696636832537,-0.0006159583636338859,-0.0005286887360694213,-0.0005742283230546508,-0.00046599944719924653,-0.000592216195156571,-0.0005771328561807677,-0.0005489586876121873
ITA,ssp370,ipsl-cm6a-lr,-0.0007775555160620477,0.00043884320127810406,-0.0005513688393329241,0.000739736059102285,-0.001768945790115039,-0.001759650021534554,-0.0015313283774778445,-0.002837857460457303,-0.0033365430405076883,-0.0021042574081277304,-0.004169232192729053,-0.0036313004297659074,-0.005567142281718594,-0.002698658635977354,-0.0035498897966169288,-0.005393690352735933,-0.0031738146385106997
JPN,ssp370,ipsl-cm6a-lr,-0.0001635302884385227,-0.0006860814806669607,-0.00034967611800041287,-0.0006365386572085972,-0.0007398248169274722,-0.0004998687479395575,-0.0007173348193353239,-0.000894070911632541,-0.000735184980971191,-0.0014390036301481154,-0.0010907491528672258,-0.0010341562002166517,-0.0014088387883992295,-0.0022638220113011098,-0.001924204801126058,-0.0016168059341016504,-0.001548362513956545
KAZ,ssp370,ipsl-cm6a-lr,-0.0006691712629522059,-0.0010788034657787844,-0.0010365131940854345,-0.0006093741872960788,-0.000617827887122818,-0.0006409374255512061,-0.0009100272898505224,-0.0009548096237777467,-0.0025865206272087694,-0.0026784538536460943,-0.0024442665072479876,-0.0030165636586298107,-0.0008767172089528787,-0.0017723418662878034,-0.004050663423480309,-0.0033899155307766087,-0.0028497214563004895
KHM,ssp370,ipsl-cm6a-lr,-0.03470543063260013,-0.039677391137108615,-0.01991036592516145,-0.013576917884755095,-0.030913328571885886,-0.023739465904532995,-0.01640425195621279,-0.018444031125121607,-0.018304448774237463,-0.01796330222869208,-0.017253671072886462,-0.01851086830054684,-0.015437476949451473,-0.016699017412495933,-0.014708121897602226,-0.014792070139095923,-0.013897189300650578
KOR,ssp370,ipsl-cm6a-lr,-3.7146480250020266e-05,-0.0011779304394641994,-0.0013148404384342072,-0.0028176034624238177,-0.0031578671727024795,-0.0009417875271209812,-0.0027059789697192944,-0.0017926214273614551,-0.0010441044161396845,-0.004854291745656547,-0.002586768856656846,-0.003520255645619825,-0.004246336781800451,-0.005363410639376902,-0.004096949456443127,-0.005183699618164105,-0.004935899498941245
LAO,ssp370,ipsl-cm6a-lr,-0.00463301504825666,-0.004492285085696475,-0.002383525362811008,-0.0051816966619332066,-0.004459218483882668,-0.003998396811499797,-0.004625352361770029,-0.0032495770104132887,-0.0022724138411325174,-0.0022655582756245522,-0.001134096632729841,-0.0034610101213442598,-0.004673676263709052,-0.004980935195480862,-0.003629498171819449,-0.00412115813321979,-0.003524939073986281
MDA,ssp370,ipsl-cm6a-lr,-0.003122717407746648,-0.010806595370559674,-0.0015105434133710891,-0.0024280251435448027,-0.0009368709972074845,-0.006874545746580005,-0.0051964295523784145,-0.011060213874940411,-0.005871962585514684,-0.021823757292454185,-0.016912116490364216,-0.019758190763243925,-0.036368077180130666,-0.019240228143121787,-0.020389272525087477,-0.028056567843093475,-0.018843246364668595
MEX,ssp370,ipsl-cm6a-lr,-0.000898304725624677,-0.0014172297687018826,-0.0005423192842260901,-0.0010994664764923808,-0.000727884284268439,-0.0007391692921149149,-0.0013799197642065163,-0.001229251862090931,-0.0008432762388054358,-0.001349146192868067,-0.001344803271026187,-0.001407331414250251,-0.0012388954505452138,-0.00151540372914073,-0.0013981382268643849,-0.0013915997175361313,-0.0014087015346354974
NGA,ssp370,ipsl-cm6a-lr,-0.0031512810533689027,-0.0071654757932286435,-0.005153577039331011,-0.004087382409649203,-0.004897685756471899,-0.0020575462174714947,-0.004215930875931632,-0.0024827546241145337,-0.0015965946587482294,-0.0018629840060311695,-0.002259744963570294,-0.001890381858696796,-0.0015669782724028497,-0.0015363031849885372,-0.0012464927016100215,-0.0011415346715267021,-0.001091960563339198
NIC,ssp370,ipsl-cm6a-lr,-0.0054214328637043644,-0.012417239645990575,-0.00423370497890009,-0.009653977865059525,-0.004852631762187835,-0.007521770423924376,-0.009463146121867425,-0.006564464023121403,-0.006759608823428813,-0.007917365439878322,-0.0076715545596279,-0.0063618475172523715,-0.00651986508612092,-0.006188023094167428,-0.005859042913620856,-0.005424769269470151,-0.005621373378015541
NPL,ssp370,ipsl-cm6a-lr,-0.011256086187286404,-0.004764929908339587,-0.0031050294668143585,-0.012184863561183982,-0.0065015396094823645,-0.004792941937366225,-0.008731695010398034,-0.008941224731487072,-0.007902595021070009,-0.009125183770798437,-0.007969088181105675,-0.0077199468753938105,-0.008900795130889767,-0.00943508894435815,-0.012357137823497316,-0.008658893463608009,-0.008769735575226959
PRY,ssp370,ipsl-cm6a-lr,-0.7483043093396565,-0.4403663581415045,-0.28353856410740436,-0.3445153146474276,-0.19309991856852818,-0.2761372816577246,-0.17113320047357392,-0.3325136523219861,-0.3976284732403266,-0.3634871976877649,-0.3342767855193144,-0.26207523428818846,-0.270200136964639,-0.452833694424982,-0.3356515962259518,-0.3428261272950852,-0.3158380532305843
ROU,ssp370,ipsl-cm6a-lr,-0.00148906330970927,-0.004208438051541968,-0.0023289333016215537,-0.0006140841421062987,-0.0031986956521248434,-0.004613313260466471,-0.0024870493348708215,-0.006436247877378959,-0.004547178564852339,-0.012305835780199097,-0.008661035792260028,-0.013005101658512827,-0.019820999444779618,-0.009522796522039727,-0.013759782487052561,-0.017820319924210022,-0.011896028476489608
RUS,ssp370,ipsl-cm6a-lr,-0.004013521193863829,-0.011117847631228348,-0.0034896074268813593,-0.0043830042135924365,-0.00925694758461875,-0.004014703825286411,-0.006552337318702857,-0.007715464803860312,-0.012734689394681718,-0.013874387561775217,-0.01245986569538191,-0.014933680554347066,-0.02102218262072147,-0.021015005002541037,-0.02572544531289131,-0.020590336199641873,-0.02378327467506789
RWA,ssp370,ipsl-cm6a-lr,-0.004690310298725799,-0.006196128612027916,-0.002863603349170987,-0.0032726812408446406,-0.0012478908404566567,-0.0011759338654924614,-0.0014988931121206566,-0.0007370254620646011,-0.0002416045020184373,-0.001198424286110238,-0.0004323413676785592,-0.0023601328514166104,-0.000668605348192209,-0.0034905111655279125,-0.0025299509515884153,-0.0009285364458459617,-0.000995478505871063
SLV,ssp370,ipsl-cm6a-lr,-0.0022970486246027856,-0.005271574737255434,-0.0024987525293808585,-0.004695772317654588,-0.0023081723115009316,-0.002735232368907398,-0.003788335498422857,-0.0034518367138805382,-0.0032517893040758007,-0.004097685068693453,-0.0037270249320355995,-0.0035129887007252303,-0.0031536321690995724,-0.003273067025250167,-0.002995858509771026,-0.0028184177038031136,-0.0028839468951827353
SRB,ssp370,ipsl-cm6a-lr,-0.018749718986648345,-0.011645388112877037,-0.00943361010003243,-0.004164066526914647,-0.027175617477679395,-0.02741204323331076,-0.01820714138458567,-0.059912754337646174,-0.04712955695802889,-0.07981322879250285,-0.056591344590569,-0.1019500096168718,-0.13173329154783725,-0.037741859681361165,-0.0800964994571279,-0.1352445125589586,-0.058015016812333196
SVK,ssp370,ipsl-cm6a-lr,-0.00015376474797026762,0.000777488500827739,0.0001826912887151392,0.0007785124740327938,-0.0023432020375869713,0.0017590648214269103,0.0001598769466709836,-0.0032457543301464198,0.00013388309910044343,-0.006177666869131838,-0.002925507168466544,-0.0033853279984901205,-0.00656093790449715,-0.0018136700340259113,-0.002890333712565937,-0.0074498186730804,-0.00343330564351634
SVN,ssp370,ipsl-cm6a-lr,-0.00013628009091379612,0.00014966404277566494,0.0002193032950751203,0.0002217513806347026,0.0002564053087932461,0.0002652457555432688,9.021762088653054e-05,-5.0842517182939655e-05,-9.101354989503443e-05,3.837752374165779e-05,-0.00037320556181605173,-0.00020416245451712088,-0.0006317494693865579,-0.0001704301325147751,-0.00017561434591570945,-0.0005228468217371016,2.264730520541503e-05
THA,ssp370,ipsl-cm6a-lr,-0.00025531006121731135,-0.0002914275992341214,-0.000246499261925847,-0.0005057119589503384,-0.0005366973833023363,-0.0004904960621094298,-0.0004613275567411135,-0.00040878435050961654,-0.0004357185313823786,-0.0005021929772742355,-0.00031207333365196826,-0.0006420547778515311,-0.0006455752248486634,-0.0007220944571009741,-0.0006652821279532722,-0.0006796284403059964,-0.000693977349418563
TUR,ssp370,ipsl-cm6a-lr,9.627304656657323e-05,1.0716965713712203e-05,-7.445815785704933e-05,-2.010455889424489e-05,-0.00015898673241656513,-2.5713922773036933e-05,-0.00014466014256510058,-3.5988540324082916e-05,-0.00017504823586752304,-0.00011485784398347428,-0.00014367097352285745,-0.00020568514947680105,-0.00020688490633823076,-0.00013538939807488144,-0.00019220436780010468,-0.00022423137378159124,-0.00024134673762206142
UKR,ssp370,ipsl-cm6a-lr,-0.09946685464974486,-0.07348712376757931,0.002650241861922688,-0.02469298547187353,-0.021261006874341164,-0.05049222846068981,-0.06073251054023437,-0.058108739194717596,-0.050295311187849766,-0.12846594602338135,-0.09745337809423912,-0.08484781474197345,-0.1630690483110064,-0.1050440621907915,-0.11604534637107186,-0.12313937850762602,-0.07772963609328215
URY,ssp370,ipsl-cm6a-lr,-0.1025305211974598,-0.04219265474939831,-0.06357114879761383,-0.0039059065757711966,-0.023000801359967408,-0.023025216019056906,-0.02632176948578683,-0.026684994451914704,-0.03587029086866027,-0.026507348849849687,-0.07094740055126983,-0.04883080892056889,-0.044294779840320736,-0.04912897509105882,-0.044509247823544595,-0.03248589332398,-0.040088023495035346
USA,ssp370,ipsl-cm6a-lr,-0.027871162593696562,-0.04858545049160244,-0.019860760996985104,-0.005798675902750142,-0.014285678032048,-0.0308543360465782,-0.0167456295220485,-0.02834019351890453,-0.051731439830704884,-0.033697172216209034,-0.04297497244887827,-0.03897352294487277,-0.07054545818880105,-0.029055319158703703,-0.03976807058896973,-0.06109932479536425,-0.04621868830548367
ZAF,ssp370,ipsl-cm6a-lr,-0.02806981971461944,-0.020073238525506024,-0.01998264719446526,-0.0046216201667266515,-0.006916664023507278,-0.010874053407691662,-0.01272904746975246,-0.007724592156809541,-0.007129835399415175,-0.008693569533838376,-0.013436443000378127,-0.011565514029824213,-0.010269356332303817,-0.012255559261815709,-0.011422796642760975,-0.010583958563586472,-0.011441879590110544
ZMB,ssp370,ipsl-cm6a-lr,-0.00022068444915199448,-0.04005644750782036,-0.015534765510481418,-0.02548555343076425,-0.013829398226091985,-0.012202693769316103,-0.012105088051472085,-0.009244685637200576,-0.005623933498153505,-0.0052367660145489605,-0.007432737326296719,-0.004691253081153957,-0.004821682579485025,-0.0041448994516733164,-0.003912050504774966,-0.0031456914191176173,-0.003020923039495824
ZWE,ssp370,ipsl-cm6a-lr,-0.03893606862153506,-0.031071538635028144,-0.03546426559370981,-0.02636244135476516,-0.02716310790794601,-0.021934268742917883,-0.019391877693960956,-0.013901801899022825,-0.01606984390090155,-0.013102917257077852,-0.018200805074346845,-0.011877074130837165,-0.012265454143423907,-0.01177634784140504,-0.010216618512712234,-0.009703149032364515,-0.009792114990803858
AGO,ssp370,mpi-esm1-2-hr,0.0005927370858711011,0.0008708188652977054,0.0005049729272744528,0.00026298841416469914,-0.00010782687656735219,-1.5890231142965518e-05,-0.00018649052003728516,-0.000349196769846213,-0.000570202287507374,-0.00031073377084672,-0.0007562018422824986,-0.0005762485455304735,-0.000827718626492151,-0.0006844178214527178,-0.0004660447914190007,-0.0004455822044534984,-0.0004637683648094749
ARG,ssp370,mpi-esm1-2-hr,-0.07358261530638502,-0.01638877959448194,0.0014546010736747755,-0.006116835322057147,-0.00321219004322383,0.0018139935007459808,-0.011439636211565882,-0.007072872197908205,-0.006109145571798088,-0.005738416000099414,-0.010158129135167551,-0.007472259972675987,-0.009213507719787782,-0.0071459908224225585,-0.007016043654066373,-0.007903006328538976,-0.010534041051931852
AUS,ssp370,mpi-esm1-2-hr,4.574018824735905e-05,-8.462936690666958e-05,-0.0002471215004308836,-8.343326872573803e-05,-0.0001110419729841461,-2.6170549782006476e-05,-0.0001200430826117834,-4.653206619273348e-05,-0.0001775944683502849,-0.000121950524995934,-0.00017240190109586533,-0.00019177632080168898,-0.00015232623194886137,-0.00012321744815315685,-6.072010890538908e-05,-0.0002922493207436045,-0.00019918529864248677
AUT,ssp370,mpi-esm1-2-hr,-0.0017321085375384183,-0.0012357416900377622,-0.0028943534039756213,-3.923169361108559e-05,-1.3637980716396686e-05,0.003056417957545962,-0.0036372943516292796,-0.004808500909235009,0.0013130812471970899,-0.000655647109476155,0.0014550421277791323,-0.0048385958916994185,0.0021448169360352726,-0.00331316649236937,-0.0021411295940451337,-0.003744188133520933,-0.0036726572798068974
BDI,ssp370,mpi-esm1-2-hr,8.865184853926636e-05,-0.00012129553296452308,0.00013875763447198337,6.756155656747954e-05,-0.0004494204707149578,3.4641707609607247e-06,-0.00030200699690558,-0.0003346138740352146,-0.00041324457563939786,-8.116361939964127e-05,-0.0002478016005716826,-0.00026123417408236175,-0.0003409211154062893,-0.0002302635285089987,-0.00016099187369772073,-0.00010147444674366578,-0.00011563557777485118
BGR,ssp370,mpi-esm1-2-hr,-0.0012872190962797262,0.0009846981846506708,-0.0016977392677346068,0.0003985727519448285,-0.0012360844355421565,0.00017761112365857716,-0.0015439302839384838,-0.001804330159728934,-0.0009457733418282577,-0.003122735660071899,-0.0012693916855736334,-0.0022282452292105882,-0.0007042507338041289,-0.002606666200028102,-0.0022903015807744964,-0.003348701544646741,-0.0032950063751196928
BIH,ssp370,mpi-esm1-2-hr,-0.020939905517128383,0.002193312034178813,-0.02008161608682191,0.0007713572570605678,-0.008413597899362925,0.002571118593521402,-0.004537445974290132,-0.013742824342507192,-0.0004769673035698359,-0.015470971113803852,-0.0016531931228401383,-0.016923588017169262,-0.0015473675919569242,-0.018589848624573472,-0.010500425770995392,-0.020918547871778454,-0.018190988605987606
BOL,ssp370,mpi-esm1-2-hr,-0.4769839955147183,-0.4999587067712522,-0.37602953101366043,-0.22542838831090278,-0.30343196849944765,-0.22470905799126106,-0.1430666334241712,-0.1485472480012595,-0.2727223832348557,-0.2325272251498101,-0.2701790549050689,-0.32315738197776944,-0.25698398643800896,-0.2575698008689601,-0.24402191333596457,-0.2596884726285334,-0.25350624891070755
BRA,ssp370,mpi-esm1-2-hr,-0.14636628562671958,-0.01609947470509174,-0.16591987763282412,-0.14405553700380297,-0.18083317890539957,-0.1549200281076795,-0.12469355767715298,-0.14648017031549518,-0.1809217387397901,-0.24663399644010747,-0.2323556254705007,-0.28288778923270463,-0.26774225961691456,-0.3281279187852745,-0.3858660518290943,-0.328940721035343,-0.4075060295077833
BTN,ssp370,mpi-esm1-2-hr,0.00030966868614673066,6.392911409605905e-05,-7.759806210867077e-05,-3.1654797193628137e-06,8.46034016260469e-05,5.846191849265544e-05,3.8248356962495995e-06,3.1536085819782735e-05,1.99463632626204e-05,4.305536108644097e-05,3.302606104509738e-05,3.383948425549061e-05,2.8299972626733257e-05,2.157219667254353e-05,3.715631498805589e-05,1.668056573161736e-05,2.7102723193975946e-05
CAN,ssp370,mpi-esm1-2-hr,0.0056049944759095135,0.012395133329860118,0.00735991926278693,-0.00941809047936433,-0.018428342991248424,-0.007004860990712938,-0.01312951122885477,-0.00991657018129347,-0.002243746018589182,-0.014139449813958718,-0.015841404408034755,-0.0054210569704353905,-0.011943461149952922,-0.02286168385934973,-0.018689018132044054,-0.014883518447084227,-0.008921382635345256
CHN,ssp370,mpi-esm1-2-hr,0.002519392325952709,-0.00046085901685861383,-0.005235595212018899,-0.0037450326939528758,-0.0010853520846424976,-0.0036606543719964954,-0.003732554901548446,-0.004123039071279523,-0.008585792386647155,-0.007084560917877796,-0.006216626783174604,-0.007447163312319445,-0.007184427752349048,-0.00560294591222715,-0.012088203812593762,-0.012857783859015632,-0.01245663478393077
CMR,ssp370,mpi-esm1-2-hr,0.0012536353672018693,-0.0009130095030523828,0.0005324676194758557,0.0003385098749116121,-0.001081534126965916,-0.000346228048018584,-0.00015259097498478936,-0.0008697014966062249,-0.0005526311498001002,-0.0002771435725714943,-0.00041278834106318483,-0.00046826419649106157,-0.0006410935056633924,-0.00028805873740227737,-0.00033285318439277165,-0.00036317610252799705,-0.0002717888077562564
COL,ssp370,mpi-esm1-2-hr,0.0010671456069256558,-0.002118448757049712,-0.002288640733853614,-0.0012681093864498878,-0.0006106269712572319,-0.0010593276335907657,-0.00249552692223021,-0.002834475685837683,-0.0013733122540914614,-0.001386974247996714,-0.0014773615299152774,-0.0017607625174059084,-0.0018720099749361776,-0.001204151782350962,-0.00256020230286105,-0.0027624663800962126,-0.002555730267350779
ECU,ssp370,mpi-esm1-2-hr,0.0010095494392420362,-0.001604974208262816,-0.0011686945535023159,-0.000543969200677665,-0.0017501717606233323,-0.0012022621479455997,-0.0013750241343975375,-0.0011946136764086465,-0.000948167015232685,-0.0005985793300591707,-0.0009701093288154435,-0.0017099484029014244,-0.001143492927736259,-0.0011213188724300063,-0.0014538798229234429,-0.0017147278414140006,-0.0015383764669497616
FRA,ssp370,mpi-esm1-2-hr,-0.0012298108672091702,-0.00017018384915303003,-0.0023610296654536043,-0.0011948593386545772,-0.000918706112400716,-0.0009299288441102927,-0.0015912535941088437,-0.0012716591840391878,-0.0003997674117155006,-0.001306437432962124,-0.0005159183250399615,-0.001410376174688705,-0.0005925266535209258,-0.0015116240098960016,-0.001017451694690088,-0.0009385554578114018,-0.0012669260924662213
HRV,ssp370,mpi-esm1-2-hr,-0.03729648847497684,0.0011947026114057496,-0.2127460213238369,-0.025988011305308225,-0.1028335878160054,0.059240904479684116,-0.10831922665553147,-0.217738376687707,0.025537560767339842,-0.217113814827807,-0.020656360429006773,-0.2997650188040576,-0.0034468114980864845,-0.3087902736352035,-0.18068520742233463,-0.3278523168684493,-0.2859980230680124
HUN,ssp370,mpi-esm1-2-hr,-0.010102061707358785,6.428171403396289e-05,-0.006315316118179297,-0.0002795192022736255,-0.0031130741063710526,0.0021870905935947875,-0.0038043449770026002,-0.005828974740747228,0.0012516004036413426,-0.005593109733269925,-0.0009712724586513186,-0.0070031282729232465,-0.0002003746174077645,-0.006631645020052371,-0.0036700433174260863,-0.00739252149905576,-0.007042899552313379
IDN,ssp370,mpi-esm1-2-hr,-0.0013689600901069772,-0.002552457777057736,-0.0035407376561994784,-0.0019085132506912982,-0.0022626782270929215,-0.0011831611521474676,-0.0020200824121538287,-0.002079288632819849,-0.001975007447504004,-0.0012740738431217366,-0.0016463924510044608,-0.0017196532342218368,-0.0020807781364064575,-0.001970577366421969,-0.0022799234187736795,-0.002156759272328177,-0.002159913101588247
IND,ssp370,mpi-esm1-2-hr,0.03136209566599365,0.007934584453565327,0.0069953390853038115,0.011874906916057571,0.010880299093441912,0.010365758081417223,0.00027389354128565555,-0.006814941354398184,0.0018328611939095118,0.004592479435444663,0.0011985135332254733,0.0030799421869980494,-0.003077507842646594,-0.00856165634491256,-0.00318410176500164,-0.006816562538042763,-0.005429699207806623
IRN,ssp370,mpi-esm1-2-hr,-0.0006392110526938324,-0.0004388783144360975,-9.069052382326779e-05,-0.0003241413381410939,-0.0003420570078431973,-0.00038042989169452963,-0.00025581078137125294,-0.00044528710015350083,-0.0003873947675861153,-0.00044777995712885874,-0.0006013618523447253,-0.0004956040939619204,-0.0005006109418960068,-0.00036428404838323637,-0.00037604491507197394,-0.00043549430687203324,-0.0004201193703196932
ITA,ssp370,mpi-esm1-2-hr,-0.0030069023797926636,-0.00036324617502374063,-0.004981280476912576,-0.0013470506230236644,-0.0021191322183960926,0.00021448108496407842,-0.0006386552994220252,-0.0016817380955721011,4.2416311485394113e-05,-0.002491580880557181,-9.608975853456199e-05,-0.0031649265582808363,-0.00150814246898337,-0.005115933421407763,-0.0019601015170135337,-0.003444457040742704,-0.0030105212245772673
JPN,ssp370,mpi-esm1-2-hr,-0.0005421725229698242,-0.00030455243650384623,-2.401038141901113e-06,-0.000885298959049307,-0.0013473066213422406,-0.0001546705023041993,-0.0011683623690643625,-0.0001645343707765665,-0.0007953458244941145,-0.0012684147207324525,-0.00023768206648711694,-0.0016269777466086826,-0.001451487685069058,-0.0006971393729736099,-0.0017063849835343102,-0.0013308123256572512,-0.0011672868274938194
KAZ,ssp370,mpi-esm1-2-hr,0.0002709942198441315,0.001975987218121642,6.734525971696878e-05,-8.364606034770797e-05,-0.0023907313463085787,-0.0013751449229856935,-0.0004521238677539607,0.0009744188750507669,-0.0008685320172108305,-0.0008117662395810049,-0.0005861779028589554,-0.0009891109379159028,0.0009019287567664318,-0.001021676603023524,-0.0033803753112397064,-0.001238485968002876,-0.002828114026315923
KHM,ssp370,mpi-esm1-2-hr,-0.0068945587763835185,-0.010468679307991183,-0.02072550923181269,-0.001791489740659069,-0.0124404495710778,-0.0026129296969542447,-0.00655771822479523,-0.01272237698149241,-0.00930317472623563,-0.007462961031177973,-0.0070727916612504296,-0.010818278340550101,-0.008847781259116082,-0.009086269691892555,-0.012140634172163713,-0.011668970838941714,-0.012295688256686012
KOR,ssp370,mpi-esm1-2-hr,0.0003561684716095049,-0.005169686897999517,-0.0007969829476905025,-0.0013850746343927372,-0.0014889067831746984,-0.00037512669145063155,-0.001468326378792268,-0.0007510831047476928,-0.004757409554520165,-0.0024558894047252283,-0.0020003621671858553,-0.0036366330766380863,-0.005948644789540595,-0.0013295894899558556,-0.002064354895103192,-0.003441382852731393,-0.0027626586340101355
LAO,ssp370,mpi-esm1-2-hr,0.0018162997031061989,0.000359144996148637,-0.003051042054017464,-0.0009218511482423467,-0.00475616188504961,-0.0003609944437444207,-0.0010590880096233372,-0.0019250107110220698,-0.0014246261047647776,-0.0009817792325465808,-0.0015930769985532146,-0.0030670101453634906,-0.002501782156262857,-0.003984883492755782,-0.003385427344403164,-0.0031552631364164204,-0.0025590890253294287
MDA,ssp370,mpi-esm1-2-hr,-0.026604478872618707,0.004306903182721679,-0.011768184610774252,0.004441151728056554,-0.001034378528816749,0.005636370693478821,-0.009182059257827798,-0.0155036437964329,-0.002549341522246947,-0.031146240612012596,-0.015143187208784789,-0.018736761270488685,-0.001871493657976849,-0.030675512369225357,-0.015655717908345985,-0.030460870803816743,-0.03805435817036119
MEX,ssp370,mpi-esm1-2-hr,-0.00023828477419667092,-0.0010554887053481085,-0.0006396326144149178,-0.0013512873775132022,-0.0007838909546279742,-0.000752309194655545,-0.0008876947689217404,-0.000679564894758847,-0.0006602757585254516,-0.0006168618480853382,-0.001117737329338691,-0.0009004682325432229,-0.0009024270909162596,-0.0010058223929183805,-0.0010148450116656974,-0.0008898356306767184,-0.0010377818301184442
NGA,ssp370,mpi-esm1-2-hr,-0.0018088053669627017,-0.002375789559622443,-2.7723306753088004e-05,-0.00023460405455039926,-0.002336641565216392,-0.0016933250901566917,-0.0008774510202979065,-0.002720464187445223,-0.001314320415670397,-0.0009468804550771772,-0.0011625932459227819,-0.001100445148158308,-0.0011994267716722246,-0.0006075708975070835,-0.0008309596086656564,-0.0008015752611517192,-0.0005969196818696176
NIC,ssp370,mpi-esm1-2-hr,0.004687016409102329,-0.0007111060236705911,-0.005321539393479934,-0.005271649368988043,-0.0009818782739258148,-0.0029612133138627096,-0.006249631697771133,-0.0030813101317974712,-0.0023056891572847665,-0.0008150201791305152,-0.004075704895553851,-0.0035165958968163395,-0.0011644418132612771,-0.0017695063422706854,-0.004032179815271637,-0.003113037596099845,-0.001832356666021814
NPL,ssp370,mpi-esm1-2-hr,-0.013178378486031568,0.009743273491910068,-0.0033052496714950836,0.005704860968897512,-0.004778322841742698,-0.002677440144333978,-0.004279062687809122,-0.0005141892013840237,-0.008972871955708584,0.0005260598909472347,-0.004833726863749301,-0.002931553009848842,-0.0024276671632896675,-0.0031486660646130667,-0.000567613638730836,-0.002019868209350732,-0.0030039244680702677
PRY,ssp370,mpi-esm1-2-hr,0.23251209557998742,-0.2299673498919734,-0.1438524866966809,-0.06256563802985642,-0.1817934354071334,-0.1686186988904319,-0.1675464641950468,-0.17205758435802557,-0.17836310274404912,-0.26084432462114576,-0.24535825737244868,-0.32213365662915133,-0.2123642383196835,-0.22418653895333432,-0.29768816828897965,-0.19534483425523042,-0.21017491746921527
ROU,ssp370,mpi-esm1-2-hr,-0.011451250380904837,0.0016211299853738184,-0.005715293712342923,0.0012150753505035293,-0.0036926110308578087,0.000798420984344523,-0.0053518443176055995,-0.00880047515360205,-0.0015842655227908224,-0.015271893718614876,-0.005178022994019333,-0.01211325531498993,-0.0027661168600733336,-0.015357713595085733,-0.012229954948146495,-0.019564416138881026,-0.020172484179903763
RUS,ssp370,mpi-esm1-2-hr,-0.002905908380061727,-0.007824955910190627,-0.007124893108042317,-0.00021873567217978732,-0.00402163396080638,-0.01159732273500074,-0.004700233303679345,-0.0031232134638703567,-0.00643108714623634,-0.005164723998616377,-0.011832320564698871,-0.002611790764660179,-0.006715922300712936,-0.011467040288269595,-0.009096432693248757,-0.008572731027016556,-0.013722439210976559
RWA,ssp370,mpi-esm1-2-hr,0.0019269634067595508,-8.100032711735866e-05,0.0017386238463210017,0.002020153932180548,-0.0006825195830517805,0.0010452864465643375,-0.0009285653273107546,-0.0020309800010695437,-0.0014022927094566433,-0.00021658812359801912,-0.0010160251586347733,-0.001278807351932146,-0.001944594684032852,-0.0008782613003899863,-0.0003923638190599017,-0.0001444831659246836,-0.00041030436509813343
SLV,ssp370,mpi-esm1-2-hr,0.00039861899815719584,-0.0018539455479568293,-0.0024250983014569532,-0.004377803833165974,-0.0036912432010076397,-0.0017764522187502685,-0.003796191834504154,-0.002369674523160608,-0.001713809068449701,-0.0012742876105736403,-0.0023944308137539044,-0.0017808776776382432,-0.0016129230859255267,-0.001811066020950887,-0.0022250426770718083,-0.0021155884909250565,-0.0018924594403298114
SRB,ssp370,mpi-esm1-2-hr,-0.14499161145862025,0.015320960742256615,-0.0631531472993013,-0.002222623693734682,-0.029749072572946716,0.010921712058584521,-0.0288898328265809,-0.06621418447094293,-0.0007609350912461062,-0.09136688839840901,-0.00751341777887622,-0.08289456049878606,0.004581784446178433,-0.09962315959791271,-0.06313483622139981,-0.1080894566823412,-0.09505744613635628
SVK,ssp370,mpi-esm1-2-hr,-0.007599164127829832,-0.004565300484621103,-0.0058936985802917185,0.00019060647246947865,-0.0003543008231402335,0.003738580126598441,-0.005673003927219718,-0.007940386574909563,0.0017906491826622443,-0.0011386291061835957,0.000835465904742375,-0.006155030970489687,0.0014255154654249176,-0.005673927046636357,-0.003853058791168246,-0.005271483420535359,-0.00538305670242684
SVN,ssp370,mpi-esm1-2-hr,0.0001754334138858635,-7.892709490864805e-05,-0.0005549438314292302,-6.073269003150437e-05,-0.00014378999153260942,0.00027817041090681064,8.722587726876323e-05,0.00010277508583309885,7.304278578623022e-05,-6.400953631254046e-05,0.0002830097984367115,-0.0002798010906763308,0.00020043195429195873,-0.00043148378050939196,-9.301526792364176e-07,-0.0001332591625782267,4.701394245493869e-05
THA,ssp370,mpi-esm1-2-hr,2.837618881933383e-05,-8.120375807634936e-05,-0.00017298098086030158,-3.081088001316896e-05,-0.0003396554475654243,4.5962145633286346e-05,-5.0541337920344406e-05,-0.0001742084824612946,-0.00014537054889005195,-9.190058349666983e-05,-0.0001505497173771045,-0.0003923501963372112,-0.00034487825329586753,-0.00041634654386494825,-0.0005250645257057626,-0.00045610768394674427,-0.0005278678055506308
TUR,ssp370,mpi-esm1-2-hr,-0.00018377211647725144,-1.453186951086744e-06,-2.755154168318317e-05,-1.638200327840065e-05,-0.00011717590278838057,-6.790265702479988e-05,-5.1991866292793384e-05,-0.00015622145447821055,-0.00011358812806012347,-0.00013569162774717516,-0.00018746444434599772,-0.00012205178976617066,-0.00013142163837905616,-0.00010082652632219373,-0.00022313507614126637,-0.0002222173783172188,-0.00021465987871555582
UKR,ssp370,mpi-esm1-2-hr,-0.1459550976344817,-0.01775700911337265,-0.014657101360687227,0.021470412479725885,-0.010530056833180538,-0.018841985893014737,-0.07022316926619908,-0.10253331217509185,-0.0380723741857602,-0.13893040217974456,-0.09854897898020912,-0.06742793298337615,-0.03266179256234466,-0.12708309145142044,-0.07340549259791164,-0.1292593039114021,-0.15256533744080936
URY,ssp370,mpi-esm1-2-hr,-0.08036389388993881,-0.05874181620420957,0.015969037671084624,-0.008567346773513933,-0.006911478312729912,-0.004400221952780507,-0.042955071898677546,-0.059367966349705724,-0.02166003436235091,-0.020568567082471133,-0.039734676521493345,-0.03592413614277358,-0.04308950128931534,-0.02634895539145259,-0.024509757790334746,-0.03300890121080285,-0.04197833203790442
USA,ssp370,mpi-esm1-2-hr,-0.01810045500541677,-0.003813096907423186,-0.005400788675111035,-0.027187862872709467,-0.04083833627249598,-0.062497899914725256,-0.03461691133381763,-0.0293586959119485,-0.02347019966625473,-0.030829344638282574,-0.052960552136483756,-0.022915612362354343,-0.02125683834075061,-0.03768821134049192,-0.03655060541213203,-0.04203370765162755,-0.043234425209262274
ZAF,ssp370,mpi-esm1-2-hr,-0.021117230301552402,0.0013172129867138915,-0.004518440223983979,-0.0011151802952644493,-0.013581812585453462,0.0013004837440705134,-0.0049097469361538216,-0.0010618488744108161,-0.0028030690004361746,-0.0033313257033834114,-0.012099516776004918,-0.008067025140139695,-0.006683286586371773,-0.005663297615257714,-0.005055016216456138,-0.010740539334017536,-0.006545023385606943
ZMB,ssp370,mpi-esm1-2-hr,-0.023345542532983304,0.010245300059843915,-0.0091551285020634,0.0031536306469125723,-0.00895616411479093,-0.0075039850623409505,-0.0036485508003491827,-0.005832455887118628,-0.0038310188670428458,-0.001055936419992379,-0.0064652332959231765,-0.004287870262178497,-0.0016927721944385802,-0.0018661854849821653,-0.0029635775022076472,-0.002731467096205083,-0.0029091642587641573
ZWE,ssp370,mpi-esm1-2-hr,-0.031730519453593405,0.004185680290421756,-0.012223585189986133,0.002901593010724741,-0.020063365908157656,-1.7450773606956843e-06,-0.006388119719907734,-0.008809262911520621,-0.006148954633098999,-0.005479380520422463,-0.013882000115913559,-0.012252264693348601,-0.006887384138473557,-0.0057934176890315475,-0.007969664927010236,-0.008502024248434563,-0.008653254397522627
AGO,ssp370,mri-esm2-0,-0.00010145826450266917,-0.001274490039324619,-0.0008184995106791827,-0.0005156223810197029,-0.0008608766768889626,-0.0006953614014453262,-0.0006400151041726797,-0.001482143789041254,-0.000716315879370665,-0.0006239194642713471,-0.0007882889990205771,-0.0009145577230415667,-0.0006213209449953934,-0.0007116719889123596,-0.0006063193834324234,-0.0005255100777549122,-0.0005431826348290234
ARG,ssp370,mri-esm2-0,-0.019691652551560718,-0.01966712689526729,-0.00943866070238412,-0.001234875169562786,-0.009074797952327886,-0.003809630564809721,-0.010419824320158382,-0.007793375087917496,-0.009055697472367908,-0.00976313608171001,-0.0033940086573901428,-0.01044530895330542,-0.009036570258149601,-0.005949050780188652,-0.004285055744348394,-0.004067194264468133,-0.005491494109485028
AUS,ssp370,mri-esm2-0,1.029707272458497e-05,-3.559820670943837e-05,-1.8189710068287583e-05,-0.000287850251361534,-0.0001519862491836563,-3.085711228947431e-05,-0.0001787687192450219,-0.00010500683885989527,-0.00011091922088952065,-4.914433619225179e-05,-0.00018974564888410756,-0.00016529787915895794,-0.00010435913265860427,-0.00019807876679328801,-0.0002212185276539194,-0.00027071719434154006,-0.00015017984752620572
AUT,ssp370,mri-esm2-0,0.0015754729791774892,-0.0007192532974430376,0.0007458216940661346,-0.0008349879060823624,-0.00010738656551080757,-2.5663277011723352e-05,0.0012757628437446323,0.002308154827039612,0.0013560080899650525,-0.000329698222116793,-0.002462947297731257,-0.00017785428115789145,0.0017176593204281268,-0.0004123865533502612,-0.0006150358901316134,-0.001557467039169239,-0.0008634398575009047
BDI,ssp370,mri-esm2-0,-0.003460809836379622,-0.0016460632541490123,-0.0006532808378499613,-0.0003350196753080865,-0.00023085971303655266,-0.0003350825552449633,-0.0005075046913628954,-0.0001895528093833145,-0.0002475302929625865,-0.00025302415366106686,-0.0004248290271850436,-0.0005681906308676879,-0.000310835434379411,-0.00040728702385706914,-0.00016158127156602777,-0.00023256791633845115,-0.0003364422279656909
BGR,ssp370,mri-esm2-0,0.00017187329787871433,-0.0007458015021344246,-0.0006372135480832344,-0.0005184126950511833,-0.0007650860310547429,-0.0014591425635060672,-0.0014585086347598355,-0.0003367166044436929,-0.0008077953508711236,-0.0024968519953322463,-0.0030309920055407243,-0.0011375116880136097,-0.002243162700704723,-0.003369142555759738,-0.0031746917470748177,-0.0016358622704646464,-0.0028324422102391105
BIH,ssp370,mri-esm2-0,-0.001641502274395381,-0.009456507015027135,-0.0019533598974420733,-0.012998941571239118,-0.0030803014426927645,-0.004266760005390785,-0.0045842747779048796,-0.0022077265258929144,-0.0036969352551408066,-0.009797382961846143,-0.013870465683405948,-0.01017623998679158,-0.007835934973350226,-0.012216182077524446,-0.021234930838899657,-0.01178311094600342,-0.01935827226311279
BOL,ssp370,mri-esm2-0,-0.2537262813569281,-0.3430180198252898,-0.33855829983446745,-0.5003947758723019,-0.301805791149657,-0.36873693740000607,-0.308036668273167,-0.31253522734959044,-0.1488996262364747,-0.19198834188893515,-0.3301274536320658,-0.24124542340683502,-0.2541679114219203,-0.22479711325292182,-0.25262599389863233,-0.2041294533135352,-0.21414138887300194
BRA,ssp370,mri-esm2-0,-0.185666348349171,-0.23467044516653704,-0.1393487613899143,-0.13040457454225107,-0.17920573538112097,-0.131837656581362,-0.1928355337515148,-0.15433456048617816,-0.23254210688938615,-0.27092006163755317,-0.31712717249878997,-0.2581174572168052,-0.3068520333681152,-0.2795792113730866,-0.2967770140099791,-0.34560931840457215,-0.3405354961539102
BTN,ssp370,mri-esm2-0,0.000576931630754232,-4.087411442744507e-05,9.640222538763784e-05,4.8455435037095435e-05,8.593842218012353e-05,4.07148483204796e-05,-1.5201986337320096e-06,2.923271011e-05,4.871086927175215e-05,4.126566236165461e-05,4.622683344266343e-05,4.56666350172143e-05,3.860803274120534e-05,2.4162393067448243e-05,3.075432236105252e-05,2.7969933236152055e-05,3.2003141760716364e-05
CAN,ssp370,mri-esm2-0,-0.009950358561219683,-0.007355356908273694,0.010425118782467942,-0.0035247292027479307,-0.0019704193149367786,-0.008802299579727231,0.0016428787387651675,-0.0029925002908128655,-0.007059127678129378,-0.006011353094576108,-0.011199743497911937,-0.00736678039899848,-0.006237956961717387,-0.0065026405201209225,-0.006016186951011445,-0.007360212831178907,-0.0028357982489672726
CHN,ssp370,mri-esm2-0,-0.0027937150550088677,-0.006520665505298239,-0.005229988186925334,-0.003908034237823642,-0.002795052101009729,-0.007254887164172149,-0.0076520216465659095,-0.006743878239601317,-0.005766300922305827,-0.00500082983927402,-0.0065125337167481374,-0.011417184752524857,-0.0072613108341351195,-0.006248398745804376,-0.013133842992486142,-0.009835315269530352,-0.009432022393605851
CMR,ssp370,mri-esm2-0,-0.0012497961573691217,-0.0004093278039990939,-0.0008911836547443884,-0.00039029857556436773,-0.00042690096662882643,-0.0005771616840781489,-0.0004659223252181639,-0.0009734569891989256,-0.0005975107135365534,-0.0008978024126971325,-0.0008820904321232179,-0.0008351148099349067,-0.000576464108509301,-0.000681918922782542,-0.0006329302310482719,-0.0004776973344578487,-0.00048191520979644754
COL,ssp370,mri-esm2-0,-0.0009114951395609646,-0.0026477964175294555,-0.0014459370138220522,-0.003020072443953982,-0.0017169782432943984,-0.0021440087764512178,-0.00116561811997795,-0.000910136575109478,-0.001961699411504741,-0.0021963385968495983,-0.0027721024195500915,-0.0015338185307097664,-0.0026073285727911477,-0.0027183722272822093,-0.0024495430585358526,-0.0023737547637314215,-0.0022872584502556287
ECU,ssp370,mri-esm2-0,-0.0011213180187088325,-0.0021730200206690406,-0.001375940677401206,-0.0016442681787706634,-0.0022713689884003513,-0.0022036426713494548,-0.001492170019015143,-0.0014203131466839498,-0.0019281449445630585,-0.0017298440667666646,-0.002029594441137263,-0.0014150847076870889,-0.0016977521897331572,-0.0016438354680365986,-0.001275226639851871,-0.001836109369693136,-0.0015758483797635578
FRA,ssp370,mri-esm2-0,-0.0002628423129791711,-0.001266995008634597,-3.5236980844454484e-05,-0.0006760663754369544,-0.00022032647466957602,-0.0003539288228800787,-0.00015691340004113556,-0.0006063674758241981,-0.0007112722205409345,-0.000748650481108714,-0.000941760596447005,-0.0008501038605676095,-0.0005682060133173767,-0.0006165779749476705,-0.0008023427981701712,-0.0007705509392430094,-0.0007563564845168611
HRV,ssp370,mri-esm2-0,0.002045331422429791,-0.11725881205967512,0.0036672036735591706,-0.12297086225971002,-0.024273804613084947,-0.0470133247174024,-0.048856633175468143,0.00451253183345832,-0.04593478689832177,-0.10361868186776234,-0.19343747118261131,-0.12112464293716528,-0.08168429847620237,-0.1373921843333959,-0.3144053399697544,-0.1482003416570769,-0.280894405412357
HUN,ssp370,mri-esm2-0,0.0003227459200409539,-0.004024512225334613,-0.0005945433119383805,-0.005044048488093745,-0.0012641763712639633,-0.0018393982982122248,-0.0017120933027266264,-0.0002720537075189667,-0.0011704898039768383,-0.0035615227398817636,-0.004626417877081888,-0.0032344651661885613,-0.002311411696236713,-0.002183187340002856,-0.006243037620366105,-0.0030499923385666544,-0.005600590262619551
IDN,ssp370,mri-esm2-0,-0.001504381475388518,-0.0026550966111600965,-0.0015968868996699144,-0.0017514326942747484,-0.002147544048475753,-0.0016686726866526847,-0.0014171795702669456,-0.0013682986306385511,-0.0012284998222717072,-0.0020246798059752277,-0.0026523727398248703,-0.0021180032584564193,-0.00172902495314334,-0.0027432276166830766,-0.0024640255004285414,-0.002768644959408608,-0.0028935655429439978
IND,ssp370,mri-esm2-0,0.02444878653506172,-0.005575141710715945,0.01249108364133281,0.012874258418936354,-0.020093817251079844,0.008819957506767097,-0.006450845464079967,-0.00694149550748223,-0.0055634521384153755,-0.010509660174545115,-0.009497727552208705,-0.010012539750123877,-0.010484315016521209,-0.01602621059211707,-0.012406506831339177,-0.01261528645865531,-0.02008490597205745
IRN,ssp370,mri-esm2-0,-0.0017389377307652969,-0.00023979506955620138,-0.0008536407959744312,-0.0002820735048861315,-0.0003834030099963971,-0.0002517374513642557,-0.0005969216353863121,-0.0007928954597239644,-0.0006231890087272974,-0.0005537809607679117,-0.000388793655738859,-0.0005343484333059668,-0.000549077080524948,-0.0004905912036831981,-0.0004869510606641125,-0.0002689341357379733,-0.00021638723710243462
ITA,ssp370,mri-esm2-0,-0.00021477513313359717,-0.003583072091132413,8.311004984899777e-05,-0.0008184481537910543,0.0006231893858375824,-0.00011061064509217003,-0.0012206041326090888,-0.0005453328604210981,-0.0024421743601447813,-0.0008943731245606335,-0.002521588562063907,-0.002717590990918141,-0.0014601153811416357,-0.002012589999393652,-0.00343665763291337,-0.000945663836255767,-0.0024355654866076056
JPN,ssp370,mri-esm2-0,-0.0008524518404299146,-0.0008096676001887547,-0.0006035926570480278,-0.0007073869053484648,-0.0004587531111189535,-0.0008459662832497858,-0.0008894480150433267,-0.0012405807892672406,-0.0007767538689842713,-0.001755541687050253,-0.0009720091688828206,-0.001194200086954421,-0.0012487294528715964,-0.001079760925909093,-0.001020046144121558,-0.0010353639285154426,-0.0014215403952122238
KAZ,ssp370,mri-esm2-0,-0.0028363970258160278,0.0014435789627438387,0.0010795523977889922,-0.0029628217621826005,-0.00028929976189241463,0.0002332358642265114,-0.00035761084845631927,0.00043214508639686296,0.0008512840776552837,-0.002204558812036239,-0.00028504391242777934,0.0001083678653060178,8.419644562851105e-05,0.00041213592307876186,-7.508014821036982e-05,9.735129796566937e-05,-0.003435453929138112
KHM,ssp370,mri-esm2-0,-0.01952916163716648,-0.008396262877341907,-0.020959557918255954,-0.011549339398866494,-0.01349643671703742,-0.012342483610779182,-0.005770425649547525,-0.015574053310685634,-0.009140018929673671,-0.01748416245619973,-0.01712703462225819,-0.015582408335775198,-0.011393792491812087,-0.013281902042820126,-0.011654910797165779,-0.01268438670330149,-0.011696823751838148
KOR,ssp370,mri-esm2-0,-0.0017063424086795932,-0.0023193587577377923,-0.0018386984214975384,-0.002917857804291964,-0.0035086256436087995,-0.0028805356497902342,-0.002589922680975218,-0.003364159662012238,-0.003896093671961624,-0.004136873251929512,-0.002526791890990967,-0.004165678373268385,-0.0037591061071724783,-0.0034202542727753676,-0.004137542271083474,-0.0027046943313127317,-0.0046452677208075
LAO,ssp370,mri-esm2-0,0.0008471605118003255,-0.0005568154009143851,-0.001177783994662701,-0.0029990371984568386,-0.0008090550570412476,-0.0012886560383127145,-0.0015961768621919365,-0.0018197977318526264,-0.0015590176982928433,-0.003994677931091014,-0.0042109066324869625,-0.0038121308327701683,-0.002131374906823223,-0.0032661261031375604,-0.0031475322882839017,-0.0033493532059737353,-0.00367905819189539
MDA,ssp370,mri-esm2-0,0.009367684140598803,-0.008745224742945056,-0.009026451990321732,-0.0057392674900783374,-0.01872916788658823,-0.013682118664436705,-0.026289837921035588,0.0007272881947764392,-0.009231263958500772,-0.0289135459678,-0.03244147786651936,-0.01296401543695633,-0.03033247823357838,-0.030813762365545127,-0.026747984198740655,-0.01779618325775621,-0.027144342443437393
MEX,ssp370,mri-esm2-0,-0.0010015907080247138,-0.0014262455479853672,-0.0013817850892289968,-0.001620772446126751,-0.0013319655530456445,-0.0005955374715973797,-0.0011377565039562669,-0.0011486480107985734,-0.0012382185845607413,-0.0015058984395461515,-0.0013760228030312279,-0.001401682319562615,-0.00124610713863603,-0.001196965035971567,-0.0012010154625537212,-0.0013155100395031557,-0.0012371491997166188
NGA,ssp370,mri-esm2-0,-0.008249500645907988,-0.002242030472898266,-0.003460240467201746,-0.001741147719059538,-0.0015782933107807882,-0.0017129144322384378,-0.0022819508977682027,-0.003031866482938402,-0.001759023792871049,-0.002330016136595663,-0.0020438467008264375,-0.001860886637809947,-0.0012060855463881972,-0.0012778686963684327,-0.0011238448360012434,-0.0009027718001496886,-0.0008674993194302717
NIC,ssp370,mri-esm2-0,-0.002040603858541812,-0.006444847471685975,-0.01093741608712399,-0.0035757221311441723,-0.0029404954213355754,-0.0014338288865352869,-0.002995731511337192,-0.005114187953330055,-0.002471903188678889,-0.005827314353376276,-0.004414532469825053,-0.005866969788113605,-0.0040199744892452545,-0.004279832745029794,-0.004391069405938466,-0.0029423132299585073,-0.003151480321818919
NPL,ssp370,mri-esm2-0,-0.006906499606705292,0.010339807704652699,0.005289957447970545,0.0029248311040778407,-0.005214567885939295,-0.003274263737475407,-0.011167658016048583,-0.001179628875037118,-0.005407484668490203,-0.00807389434580964,-0.007949686447657093,-0.0062283538941259224,-0.008147309440415237,-0.0058512981659630085,-0.0075368197815051385,-0.005617511719623976,-0.004229722145814133
PRY,ssp370,mri-esm2-0,-1.1209379174839131,-0.6756535460308091,-0.5105563470149604,-0.14051048336567123,-0.30564998486045314,-0.03546916659475672,-0.23864786066686935,-0.18973507057950637,-0.41569412215928664,-0.28972417327318273,-0.2301213196418345,-0.21964976567740474,-0.3345201259352482,-0.15096389773845018,-0.1903631625089878,-0.18250220789449395,-0.14569859847586025
ROU,ssp370,mri-esm2-0,0.0025633431326861065,-0.0023819898526101753,-0.0025082079383997313,-0.0033859363876059595,-0.004397128923462515,-0.004956277910785313,-0.006760443229661612,-0.0012936888554121845,-0.004542324732084831,-0.012452720291938063,-0.013772477368760623,-0.006267024656949761,-0.012918872371113038,-0.015364804581305253,-0.01731517928704846,-0.010837149220650731,-0.015992585790874547
RUS,ssp370,mri-esm2-0,-0.0070911812953111785,-0.001131609939802237,0.0014078093682764066,-0.002714461166813683,0.0006697406376148434,-0.0018085831783328978,0.00035903252478396185,-0.00014931675389790158,-0.004103746805530182,-0.006770955145137873,0.0008032348777696589,-0.004839228608563776,-0.006715931510480333,-0.006285601910431009,-0.007218996131134804,-0.005689631993858221,-0.007293912088219159
RWA,ssp370,mri-esm2-0,-0.01342839408118501,-0.0054883127965926985,-0.0009982232246142965,0.00042044130791960867,0.0002228443602676712,-0.00018621161345893972,-0.0019338737696190467,-0.00045639946385599194,-0.0004168232826368925,-0.0005891895080222077,-0.0023318024933792207,-0.003976025225292251,-0.0019048303940459115,-0.002370431224149558,-0.0005573607510514857,-0.0011999472772665158,-0.0024360025294545245
SLV,ssp370,mri-esm2-0,-0.0019130213958565001,-0.002963075066359564,-0.0033927193073558454,-0.0026730657021470845,-0.0025893436666182355,-0.0016707285341974489,-0.00222322201150488,-0.0017789151981636253,-0.0015885762405448832,-0.0030910119684975567,-0.002667378719385363,-0.0026475145454471936,-0.0020248031597993234,-0.0023126464028620335,-0.0021577762158508412,-0.002048640345796467,-0.0018472982891588868
SRB,ssp370,mri-esm2-0,0.018673320297868706,-0.020958608098361343,-0.004813868018749786,-0.05724950980563833,-0.009586842619530155,-0.027905250689666972,-0.017355410249931716,-0.008718353687314492,-0.01050131482723132,-0.08667321128120972,-0.07962617633413911,-0.05205081956171306,-0.05895732945360671,-0.07753572239759468,-0.12176289425959771,-0.06892467802156498,-0.09847072426048308
SVK,ssp370,mri-esm2-0,0.003737245439940536,-0.0022767201007392545,-0.0004626798929946252,-0.002634293774670415,-0.0031286042010588203,-0.0017331285600746178,0.0004313486692669738,0.002486696481790452,0.000480001442782564,-0.002176445662200784,-0.003590861069090359,-0.0016680546146812811,0.0011091017736688277,-0.0017089036492043456,-0.001299280462825771,-0.0034097897418149613,-0.002317897442526636
SVN,ssp370,mri-esm2-0,7.789391479138866e-05,-6.27068002265239e-05,0.0003857354248056628,0.00017970938904930128,0.0004251906424192603,0.0002531049705195032,0.00031407698219664974,0.0003632631692559564,7.571139276931906e-05,0.0002791469216808245,-2.2743872852130714e-05,0.0001880252737022821,0.00025314021384422044,0.00011135205046949143,-6.9373013721246925e-06,0.0001381461960265024,4.745957734722266e-05
THA,ssp370,mri-esm2-0,-8.18848445885162e-05,-6.393724766169118e-05,-0.00019048169159137016,-0.0002145962372561134,-0.00016732416981576087,-0.00020903097711511782,-0.00020202702812252376,-0.0002835623194599562,-0.00020830010452580405,-0.000532386266379056,-0.0005564004302990795,-0.0005799433288808168,-0.00046645445625729913,-0.0005510244396127788,-0.0005052174218194602,-0.0005825477327210004,-0.0006180341739137195
TUR,ssp370,mri-esm2-0,-4.4574877272793584e-05,3.7670436895630576e-06,-0.00013237643999168043,5.61774006680784e-05,2.4607023467671955e-05,-0.00011009272892869512,-8.947829372725787e-05,-0.00012886319514767542,-0.000137457705161024,-0.0002171318891417836,-0.00015683261456889467,-0.0001450658954198623,-0.00027347353834625515,-0.000227110614221075,-0.00025463163953044895,-0.00011519772997459613,-0.00013934234675132563
UKR,ssp370,mri-esm2-0,0.05911304295789868,-0.059109674539500355,-0.004031437064148064,-0.029593330867692752,-0.0317270759396789,-0.0686105789020368,-0.05387770933438828,0.014321940144573785,-0.04354721022556237,-0.10089782197662592,-0.08444844847370925,-0.027864654070038342,-0.08860504543603472,-0.09125447186251197,-0.07469551450550688,-0.0973219838410282,-0.07649680763349277
URY,ssp370,mri-esm2-0,-0.0687767967176294,-0.0981560390394701,-0.016065774761751597,0.011915101045709347,-0.028263721308504103,-0.04116170948702265,-0.044656229788537616,-0.04909082900916874,-0.04706003765190446,-0.045570446723527135,-0.003047005534703326,-0.07249064475114221,-0.02961612807677423,-0.01915965390691587,-0.00736769801788288,-0.011239122888782756,-0.028617795188922643
USA,ssp370,mri-esm2-0,-0.04914134321468204,-0.011837280391123512,-0.005911416080218776,-0.023399271731056184,-0.03325902377906751,-0.03397069156876146,-0.017543203034695212,-0.028773963256217637,-0.028002553245455045,-0.03874031753675459,-0.024127253018686422,-0.034295433445321766,-0.029430963745300957,-0.03496628959320064,-0.029721240777154302,-0.033327439233271756,-0.022539005725089288
ZAF,ssp370,mri-esm2-0,0.010784407996903854,-0.004320976785398055,-0.023314285244232232,-0.005581530617576367,-0.015381577151983987,-0.000427295435522644,-0.0062640369873983555,-0.002508306273003223,-0.00418537452588963,-0.004288511242584198,-0.004423733463874085,-0.007477117432523512,-0.007292141097209116,-0.004484176816145043,-0.005725633193630031,-0.006480866832663166,-0.007663318463162861
ZMB,ssp370,mri-esm2-0,-0.023039837251816634,-0.02887678204557767,-0.04555272962007258,-0.010595809099670336,-0.020640061096736512,-0.005600795966946919,-0.011544464465531045,-0.0043678847947815555,-0.008064664132893338,-0.009445904490797647,-0.007670861462888496,-0.005747453087598345,-0.0042653433837634615,-0.004224084057878822,-0.0035499892694928173,-0.003142763189236307,-0.0034349026316738158
ZWE,ssp370,mri-esm2-0,-0.008173148040808898,-0.02819270519679283,-0.06448709985281127,-0.02579993585954097,-0.02962513516840721,-0.017926235549581674,-0.02405802706835166,-0.017068865377574065,-0.020206535807312808,-0.023314946249652694,-0.018800720930826034,-0.014568778351335486,-0.010866473999072415,-0.01303472162875534,-0.011201755416173608,-0.009826820810040457,-0.010984298519513443
AGO,ssp370,ukesm1-0-ll,-0.0014843348589566342,-0.0011219907233136475,-0.0013805536029468518,-0.002295592532268924,-0.0018420412024970077,-0.0017077444834142693,-0.002611747188809086,-0.002751317630969433,-0.00183673949428943,-0.0016453339216445525,-0.0015509795843825609,-0.0014418303525684996,-0.0012958485927061902,-0.0010901380286902048,-0.0009063480557795398,-0.0008193442410153613,-0.0007724413698506188
ARG,ssp370,ukesm1-0-ll,-0.0706675088059144,-0.002358845415734151,-0.0118151188117703,-0.010672440690284814,-0.009549585597146344,-0.007804212968564655,-0.007680713281819936,-0.008874751379372487,-0.009628486030684622,-0.006464043234627758,-0.01148759400355987,-0.008495388678990707,-0.01041093770303709,-0.011140513758939338,-0.012213614038696486,-0.010656322636388837,-0.011930200481076354
AUS,ssp370,ukesm1-0-ll,3.934455044181885e-05,-0.000332686658250535,-0.00016507766538122223,-0.00011427900766069549,-0.00022132879807507528,-0.00034083712608488583,-0.0002523707668051112,-0.0002496422510342445,-0.0002391168959559358,-0.0004474611912712024,-0.0003215983015136356,-0.00025404373357897764,-0.0002306409964909319,-0.0004273894513719697,-0.0003854670390413678,-0.0002865919342675113,-0.0003411271223813149
AUT,ssp370,ukesm1-0-ll,0.0017034040642691709,0.002809571668785505,-0.0008223576619953043,-0.000994494516331469,-0.000690648270856893,-0.004378076116340767,-0.001270689798198014,-0.002015402755209058,0.0002059740656908264,-0.0025579075644339383,-0.005849754319838295,-0.0015885003166918657,-0.003972358653086267,-0.004876128238151594,-0.005246771036186821,-0.007308952086946889,-0.007665322465953011
BDI,ssp370,ukesm1-0-ll,-0.003147600203226139,-0.0014412189130892934,-0.0014530981742561027,-0.0011051199459638638,-0.0016677415342909853,-0.0008434216049219584,-0.0005908280575263284,-0.0008071234456409472,-0.0006516725668373331,-0.0008285834158623049,-0.0007281155402018797,-0.000693676467469277,-0.000516932652553655,-0.0004869679002082164,-0.0004011039728527876,-0.0003898641055199933,-0.0004171802163965016
BGR,ssp370,ukesm1-0-ll,-0.0007612418757614567,-0.0011498269508515313,-0.0007735340329399048,-0.002715156826322211,-0.002080259882661666,-0.0032339330540064426,-0.0025280191256953667,-0.0026517599549104724,-0.002341861312806021,-0.003184206463536195,-0.003888021893783426,-0.003444126411300128,-0.003325287550159011,-0.003928166573291738,-0.0038691279221760703,-0.003796065522385562,-0.004000511531416108
BIH,ssp370,ukesm1-0-ll,-0.0024625480794547893,-0.0009523739374156064,-0.005490447378319025,-0.017280980823716128,-0.017511406241048546,-0.022084771766580642,-0.013254804142749496,-0.016533818067343387,-0.011221745160689937,-0.01978252833189831,-0.02166745734686391,-0.017800725011271275,-0.023143912293775645,-0.026979182800531416,-0.026226672369199764,-0.029393605140212813,-0.030986807231672048
BOL,ssp370,ukesm1-0-ll,-0.4151261171397477,-0.9236693366209369,-0.78654007302827,-0.5612935339680172,-0.5809293256233411,-0.6850790142691987,-0.6596289574448738,-0.41222958972168916,-0.46338398815959403,-0.5302740309393355,-0.48553503469814474,-0.3691382350620951,-0.40127203203688155,-0.38897759501679896,-0.36240776205889197,-0.31721968162818126,-0.29948533434508817
BRA,ssp370,ukesm1-0-ll,-0.18724165406071278,-0.42893513884802076,-0.3480340277467122,-0.3255197113378987,-0.3725803919240044,-0.40046175161965153,-0.4647445964316742,-0.368037168450739,-0.3887679880729648,-0.503312872487891,-0.5266990963549061,-0.4568867763752838,-0.5419970524612355,-0.5845854263209592,-0.611165209626294,-0.5945678992254128,-0.5816929195838489
BTN,ssp370,ukesm1-0-ll,0.0009239055414939113,0.0001530396331909215,8.211582329123602e-05,6.972026067076398e-05,-0.00011467909980009349,9.269607249006449e-06,4.404443989425629e-05,6.484354588923791e-05,2.6003435441713054e-05,3.125187218201426e-05,-3.9932413082321814e-07,4.717433934546145e-05,6.608402417369421e-06,1.7972411589095332e-05,1.649138920850728e-05,2.3126413097717905e-06,7.829402338614955e-06
CAN,ssp370,ukesm1-0-ll,-0.00047710884430597215,-0.030042511960915584,-0.016395650039084546,-0.012610889420860399,-0.021594470028700595,-0.017889532258950624,-0.019977454358820333,-0.019947445548370305,-0.03749742214053016,-0.022057915544417855,-0.03220364679808361,-0.025736788397052134,-0.022172569463827715,-0.020464079564582828,-0.03108363652447838,-0.030053276823838144,-0.025912132779683232
CHN,ssp370,ukesm1-0-ll,-0.005328122796862482,-0.011389164754634345,-0.01032454828943981,-0.010536284853009406,-0.014238582628021313,-0.014804125201443597,-0.012926001581167308,-0.014523182726708411,-0.01811424697062047,-0.017092573006502115,-0.019155411594482575,-0.017791400519948146,-0.019346251267992498,-0.023307957086514643,-0.02409815129792983,-0.02682268956540216,-0.02999125074882073
CMR,ssp370,ukesm1-0-ll,-0.0024003225248407536,-0.002123230708416778,-0.00184650349562942,-0.001532740433140222,-0.0013360518954643136,-0.0018212676103611194,-0.0015815262399514244,-0.0010692678635586645,-0.0012858032718287063,-0.0012147132290153818,-0.0007246624679350326,-0.0008780616039621679,-0.0009008684576074001,-0.0008160241437402765,-0.0008055370970064042,-0.000689548767114115,-0.0007326542755813147
COL,ssp370,ukesm1-0-ll,-0.001277685147963339,-0.0021609989026599302,-0.0020262703587031763,-0.0021311903788256412,-0.003175411978096425,-0.0033271370379003313,-0.002905452052190582,-0.002622092793374064,-0.0035971706767333918,-0.003509853096698087,-0.003556390890843863,-0.0035094839364116144,-0.0037514761432474934,-0.0036109675959328006,-0.00399055733384701,-0.0031816348491916016,-0.00344219151483859
ECU,ssp370,ukesm1-0-ll,-0.0029952264985324173,-0.007560855929195826,-0.0027230385312438272,-0.003099155395443772,-0.005167949697374899,-0.005102659407522965,-0.0043364149204980496,-0.004239869222490848,-0.004079397151552129,-0.003774259592806523,-0.003681232082018311,-0.00327107508339224,-0.0029900459848388153,-0.0031755527025241967,-0.002913482587628689,-0.0027008734376897637,-0.002569333211749041
FRA,ssp370,ukesm1-0-ll,-0.0004106619435167909,-0.0011719451267973389,-0.0013996006723823128,-0.00040675266557235046,-0.0013926477492095944,-0.0010494023766075523,-0.0012796502462118773,-0.0013840799269778407,-0.0014475989129934857,-0.0013716206970279332,-0.0012925545051614632,-0.000914610177598788,-0.0013557417417415256,-0.0014747637292313483,-0.0018366354634264757,-0.001863223073947796,-0.0015356823291877522
HRV,ssp370,ukesm1-0-ll,-0.0003167875896306801,0.00815227474651832,-0.050025946862868625,-0.1688593122777273,-0.20924901663853163,-0.2685885839079767,-0.17635091674545847,-0.26132917168977193,-0.17961997268043042,-0.30713505267067875,-0.3398737630898834,-0.25420585861896394,-0.3608425708813644,-0.45666968045681544,-0.43465746590436616,-0.5325036026927052,-0.5485667035105457
HUN,ssp370,ukesm1-0-ll,-0.0008366014309262983,-9.796979677215842e-05,-0.0017628660789973216,-0.005679155350874603,-0.006855158958719459,-0.008355167701572958,-0.00562794541531347,-0.007559421647902679,-0.004246016722720131,-0.007765207404143532,-0.009338160345061951,-0.006727081319213413,-0.00878790011141117,-0.010571529300676258,-0.00965540769607703,-0.01146959756154603,-0.011638729023867093
IDN,ssp370,ukesm1-0-ll,-0.001628453460048433,-0.003947620159332813,-0.001943129521628228,-0.0028962750350624614,-0.002339301348941191,-0.0029564926625463925,-0.002548213886012685,-0.002367019018462946,-0.003270300141086045,-0.0032341726168849325,-0.0028171529391288453,-0.002817559005328023,-0.0029295459194637434,-0.0033097777707536587,-0.003456441469573526,-0.003111184791768822,-0.003521101816523139
IND,ssp370,ukesm1-0-ll,-0.026746953491109973,-0.0261617629744618,-0.007517996613015973,-0.014331325180473248,-0.009899382914204854,-0.01800672895131711,-0.011101636211001747,-0.014407331941152469,-0.013502399680901167,-0.023031708721931943,-0.018442350272141503,-0.014523232889821738,-0.023994548759093563,-0.02039801058482823,-0.02429909931728966,-0.019993614554190065,-0.02399855517966291
IRN,ssp370,ukesm1-0-ll,-0.001382968075071713,-0.000718731352500486,-0.0009624907861144171,-0.0007905978969403924,-0.0005400254465815232,-0.0006649088131432664,-0.0007185409955433794,-0.0007205189616393508,-0.0006787770262872412,-0.0005908992396335958,-0.0007332581156765493,-0.0006469426836650924,-0.0006566940977817535,-0.000626383271214887,-0.0005670937935522072,-0.000552481071541256,-0.0006003171818049142
ITA,ssp370,ukesm1-0-ll,-0.0001874348727113583,-0.0001502796512720459,-0.0013879706229923661,-0.001360188002841822,-0.003043875578109056,-0.0033865490258373526,-0.0020890352481395986,-0.002570707508297247,-0.0025035526329558306,-0.003211707393908438,-0.005352381441984267,-0.0030499697744210976,-0.004183843412512919,-0.004467647378163464,-0.005639897191361825,-0.006644525156479867,-0.006131574735341585
JPN,ssp370,ukesm1-0-ll,-0.0011025639811103778,-0.001002481923763131,-0.0011066173361004002,-0.0011521151148026552,-0.001546769208183301,-0.0015760159280416989,-0.0015688579541037163,-0.0014649457415662449,-0.0020421876477702806,-0.0020597222281009287,-0.0015742778311543476,-0.002129304069318421,-0.0021049340041838127,-0.0028292975751552057,-0.002235879818057685,-0.002596915585247903,-0.0024963260145574847
KAZ,ssp370,ukesm1-0-ll,-0.004784910725792358,0.0013374391662639696,-0.0017164056449872431,-0.0035733132241590458,0.0004913834701875089,-0.000987331468718637,-0.0014401106457470891,-0.00048010080165062063,-0.0020962953033968152,-0.002246614071792514,-0.002935664455141095,-0.0032251069915243407,-0.0038781493615309016,-0.0030177171963202015,-0.003991430895024161,-0.003928438032743609,-0.004153645080716837
KHM,ssp370,ukesm1-0-ll,-0.01996050167865478,-0.03346908494499049,-0.026384345913128257,-0.020647266814269198,-0.029083402333354085,-0.022664221461578624,-0.02566335797737915,-0.019377721179395395,-0.021869325964835977,-0.02336024372810471,-0.022109628452513245,-0.015062305782693018,-0.01811393860525498,-0.017193572062267976,-0.017839830581339988,-0.016181153062701056,-0.016371268379457612
KOR,ssp370,ukesm1-0-ll,-0.0019244801183330895,-0.005467447540812769,-0.004123952272942636,-0.004325971737543482,-0.004387138261862615,-0.004937450023523865,-0.004419588844782116,-0.004634048428780088,-0.005835011111136914,-0.005854686107703283,-0.004299183547576895,-0.006846757908806707,-0.006677352382132717,-0.0070497500552865475,-0.00777065953072665,-0.0073377301859082695,-0.0070182781107177294
LAO,ssp370,ukesm1-0-ll,-0.007580645055785335,-0.0062675212916241405,-0.004464840916197382,-0.0054841837883218515,-0.004428392893276322,-0.0038136645938380504,-0.006703070874734662,-0.004355639548910616,-0.005697019054829376,-0.005428082853869887,-0.0053542160302813314,-0.004499960644159172,-0.004861737515622202,-0.004699535285864511,-0.005427209618717419,-0.004496929264324279,-0.0048896170054495945
MDA,ssp370,ukesm1-0-ll,-0.008541217139945307,-0.0015019450838291326,-0.004724097556937397,-0.02117898966777511,-0.015693639723769186,-0.025787546734038522,-0.020110110181545335,-0.02237588618631703,-0.015480862643859594,-0.021764157664318166,-0.0353309712884898,-0.03135648401852758,-0.030869550004231968,-0.037665176900542226,-0.034284457998787723,-0.037441298935819885,-0.03795902957968137
MEX,ssp370,ukesm1-0-ll,-0.001091711538553736,-0.0019524936832399243,-0.0015582111808042517,-0.0012646914985805012,-0.0015743902901633794,-0.0017206153313546876,-0.0016460993786206212,-0.0011971609774190709,-0.0015517375543459167,-0.0015095899435864793,-0.0013872506021292942,-0.0015776436159671415,-0.0012947161177223078,-0.0015588247931350844,-0.0014164982117492956,-0.0014244349722215897,-0.0013563350639390769
NGA,ssp370,ukesm1-0-ll,-0.010569132670745099,-0.004933581689173271,-0.0040437415964332,-0.0043187699114507865,-0.003282944521500873,-0.004491278417340984,-0.004431315590620646,-0.0032643616158280044,-0.0032015209689343453,-0.0026942949394493593,-0.0019820761867251372,-0.0019068842222522502,-0.001836967225817391,-0.0015220281055479841,-0.0014543132859752964,-0.0011966088577441177,-0.0011355340388972347
NIC,ssp370,ukesm1-0-ll,-0.0034060824082365764,-0.013695679748689304,-0.009040732495372985,-0.00664426102211873,-0.009605515992071365,-0.011219831466866757,-0.011622635697767877,-0.005342620795107797,-0.006202893735953704,-0.00761610946702226,-0.005702541475824886,-0.0076573657420312535,-0.0062718725657742724,-0.006202705415511335,-0.006188473800001419,-0.005541928135645698,-0.0049626554821836045
NPL,ssp370,ukesm1-0-ll,-0.00027722204022599136,-0.00011901924872756923,0.004312608016723439,-0.0026989725438814477,-0.003996783811279722,-0.0072562133028839584,-0.005876380995492104,-0.00015988004581461737,-0.009067508058942242,-0.005137941837694288,-0.00545226156499309,-0.004136898439110045,-0.008281536033199288,-0.010391757979846502,-0.006796931939774887,-0.00838517301582075,-0.007971590740113192
PRY,ssp370,ukesm1-0-ll,-0.9381089141212382,-0.43744344920041717,-0.7103795840937317,-0.6777341313147766,-0.5484944840912135,-0.4215300058304499,-0.677781259018975,-0.45917563324289945,-0.3480494008744865,-0.49457219354624726,-0.5349193106575844,-0.3564327704940777,-0.49453654912485073,-0.45583719576771364,-0.40729859283536496,-0.3691917920461344,-0.356474216883954
ROU,ssp370,ukesm1-0-ll,-0.005058317674110651,-0.0026298560066507592,-0.002684996417525955,-0.009335945509758,-0.007617872177098142,-0.013149684551281716,-0.010407152176835159,-0.01091669344389121,-0.008572782853643596,-0.0142817203526679,-0.018962069698518273,-0.01689329228533945,-0.018383219984932014,-0.021789982991818845,-0.02156681683775754,-0.023479892234526054,-0.024771283188396047
RUS,ssp370,ukesm1-0-ll,-0.010787162742845646,-0.00319436765806523,-0.011362648606871039,-0.011867435238911707,-0.013591036041446356,-0.010482111257348515,-0.010212100330129445,-0.014766574674213717,-0.010144503292833347,-0.016168100720039408,-0.02408825120899695,-0.02215998366936734,-0.019482039649574272,-0.025228689002607753,-0.027974950840890713,-0.026926737346060537,-0.0288255376109405
RWA,ssp370,ukesm1-0-ll,-0.004262012227051833,-0.001476868845077075,-0.001630794252629902,-0.0018140940240860199,-0.00610616877277684,-0.0032033704278222504,-0.0007166115062375052,-0.0033683433035982687,-0.002663646011920373,-0.003744825342264429,-0.0031083306682196275,-0.004257030136187136,-0.002346672209842774,-0.002664214435043291,-0.001848711044458974,-0.0020900952908067517,-0.0023583001773738203
SLV,ssp370,ukesm1-0-ll,-0.0030460903588658012,-0.0058303111727020475,-0.004401202190130154,-0.004223269388212068,-0.004190782088296656,-0.0046107322165055125,-0.004941420492135069,-0.0033813345026853406,-0.00367867707555708,-0.0038383152697568593,-0.0033067959518402437,-0.004015242157659714,-0.003288728444211919,-0.0033087938575360664,-0.003120945755894673,-0.0029989735998289216,-0.0027120007136898633
SRB,ssp370,ukesm1-0-ll,-0.015254528595288494,-0.0022340569486641194,-0.021131796155520577,-0.07338400513699485,-0.070951759657622,-0.10788953324275191,-0.06593096610062735,-0.07704412815430434,-0.04567392731537412,-0.09726677352449638,-0.11614054183359569,-0.09778902967070323,-0.11656639993083515,-0.13802323229458932,-0.13773986437427024,-0.14835078122523684,-0.15716006777824326
SVK,ssp370,ukesm1-0-ll,0.0026204740839366335,0.003783074283787937,-0.0012272245395085488,-0.002234208871948321,-0.0020494254894488375,-0.007200147239288151,-0.0030323080096977565,-0.0034426101889224337,-0.0005751250006506134,-0.00449256654099319,-0.008640574262982556,-0.0030177748763173602,-0.005579187355144465,-0.007324086269034368,-0.007102958608129665,-0.008448151029279576,-0.008889386710733615
SVN,ssp370,ukesm1-0-ll,0.00036365900100491816,0.00036775130809941467,0.0001836470446127198,0.00015825235540513924,2.479366417283839e-05,-0.00016846255337404936,0.00011967531312145773,-7.435103607399036e-05,7.454636047283386e-05,-7.727147419019269e-05,-0.0004790668352650421,-4.3946780908504394e-05,-0.00012167420124165453,-0.0003739651368796049,-0.0004841974521465705,-0.0008854334235869452,-0.0007782301462234298
THA,ssp370,ukesm1-0-ll,-0.00041964627784594235,-0.00042471428603368103,-0.00043540686440341224,-0.00047306352596861504,-0.0004983441797896731,-0.0004902857107015846,-0.0006764143363905447,-0.000500667132884726,-0.0006545951630133524,-0.0006376858741212433,-0.0007498613675496225,-0.0006276365076138588,-0.0007563129961123262,-0.0006990377844121422,-0.0008168427250094157,-0.0007676525576201206,-0.0008149882784052165
TUR,ssp370,ukesm1-0-ll,-0.0005628526243706882,-7.581181135866363e-05,-0.00013274119354590396,-0.0001945563121550493,-4.865714273229848e-05,-0.00012752069065732717,-0.0001650620585482536,-0.00018879966032884612,-0.000206101307861391,-0.00018787201975666183,-0.00024328404400559935,-0.00018824211414160448,-0.00021073143424290644,-0.0002308855643336143,-0.00025233898451244613,-0.00019420323927909241,-0.0002781335702341262
UKR,ssp370,ukesm1-0-ll,-0.07272995379294048,-0.018537702669618288,-0.027797660803846613,-0.09409581319752647,-0.07642767657967844,-0.09424616155184418,-0.06332590003818563,-0.1040252149460005,-0.06223526710973234,-0.0983386607139135,-0.1702963481091455,-0.15075731499993614,-0.1261554874583887,-0.1683279176863193,-0.11962574869174118,-0.14460732004352073,-0.1542022271493585
URY,ssp370,ukesm1-0-ll,-0.116313848256016,0.01076607946369567,-0.04885960273678679,-0.05129000209397638,-0.044591733379245165,-0.015434816282565381,-0.024831606892229588,-0.05139907351685447,-0.05057589578604208,-0.03128517471399447,-0.047734633133141545,-0.0494883499810944,-0.049644713687713254,-0.05735003625912317,-0.06093311993247329,-0.04610112829709141,-0.05432875066018158
USA,ssp370,ukesm1-0-ll,-0.05018641235373663,-0.07184938337804986,-0.050587662160900465,-0.045858277146043895,-0.057258259344914145,-0.05974166758460985,-0.06763673350191533,-0.06652167140018216,-0.08684833464478521,-0.0677318263150239,-0.06876239358739564,-0.07431554919095473,-0.06643722704905208,-0.05992386356112376,-0.07178491989117972,-0.06697080414445153,-0.06476955103605754
ZAF,ssp370,ukesm1-0-ll,-0.008361412204061993,-0.020444384416293253,-0.0076585817140318,-0.0036210043248551273,-0.013503753496861805,-0.013196747327302794,-0.010977002794030483,-0.017206656494934615,-0.017643453303904037,-0.015359810794195317,-0.014863119363336995,-0.010779263153003794,-0.012375309348988152,-0.014339588172778734,-0.013531705378829422,-0.012286617361580298,-0.01280936003787449
ZMB,ssp370,ukesm1-0-ll,-0.03269565831893647,-0.04448908126843716,-0.020922267831883664,-0.010505345296277816,-0.013722589331714738,-0.015071238874167277,-0.011129826640379935,-0.015802981583680355,-0.010798876273205537,-0.010528566402550399,-0.008097105498019678,-0.0061537565805388226,-0.004792402602851508,-0.00657051886187079,-0.005249238924957195,-0.004714738412073385,-0.004193553583561336
ZWE,ssp370,ukesm1-0-ll,-0.062081951047397894,-0.047967560057446734,-0.027567719072397856,-0.017670580758080433,-0.032468186495865956,-0.03611597100275264,-0.017339706881022824,-0.035440370220878044,-0.028809810150334215,-0.02349245345583299,-0.016624070252836277,-0.01374727563781219,-0.01278605198886318,-0.016300948733442303,-0.012534688512614241,-0.012752712519850969,-0.0114042666162358
