country,ssp,esm,2020,2025,2030,2035,2040,2045,2050,2055,2060,2065,2070,2075,2080,2085,2090,2095,2100
AGO,ssp126,gfdl-esm4,-0.0019485878182912827,-0.0008732469616095491,6.956792964900356e-05,-8.10389652677882e-06,0.00011951656470378829,-0.0001633351353302808,-0.0001017404034082083,-0.0003338801546278794,-8.094556696033356e-05,-0.00014885450160064478,-0.0001420611123532584,-0.00011354799833754828,-9.179505531644892e-05,-2.6650917079245816e-05,-3.605604100299089e-05,-3.999341950090527e-05,-8.198322219600322e-05
ARG,ssp126,gfdl-esm4,-0.014252873670662186,0.0045102453628575335,-0.003281524588105576,0.000711935846645917,-0.00506388709715895,-0.0014597794479840752,0.0025755222951398277,0.002414733108344623,0.001013475023949353,0.000652262080491349,0.0035071224383526013,0.00025245016070624804,0.0017944888988221362,0.0010381026279904268,0.00078248053692741,0.0021533363928830187,-0.00017129097296374608
AUS,ssp126,gfdl-esm4,1.4126860234606895e-05,0.00012997197172274027,-8.566456443946056e-05,1.9233128530673606e-05,4.1984674930279366e-05,-4.090527953017896e-05,0.00013373908603604744,-0.00013506546276112632,4.286030051431849e-05,-7.719278662566495e-06,-4.778082368854599e-06,-2.278294048878394e-05,1.5465601129812698e-05,5.658889107075903e-05,-6.39041645921927e-05,6.933408565580313e-05,-1.2576466893250008e-05
AUT,ssp126,gfdl-esm4,0.002609499017704864,0.0022210281657903163,0.001678993882452672,-0.000518617918893303,0.0011475253663954903,0.0017901550045127971,0.0032314184031981613,0.001599425339220281,0.003103318388926586,0.0020171206630199517,-0.000233513277106656,0.0021258501768371095,0.0015568097075800936,0.001134855517303784,0.001911750966425334,0.0017419553086255892,0.002126047893649706
BDI,ssp126,gfdl-esm4,-0.002280559032426649,-0.0016223148584710054,0.0007221626086995436,-5.0138934454905985e-05,0.00026812379377303536,0.00011639344773923025,6.43196742354157e-05,1.2950647017094666e-05,-1.6310851662566013e-05,-9.223587369297069e-05,-1.0631563220217964e-05,-2.9976842145675835e-05,-1.2732612255853854e-05,1.5837105553430587e-05,1.638205836003534e-05,4.631769597806873e-06,-3.59994571353298e-07
BGR,ssp126,gfdl-esm4,-0.0008413112538763448,-0.0027699033828825124,-0.0014104163635763787,-0.0002767927678018699,-0.0002720158602542486,-0.0007535384499802769,0.0007221089182391364,-7.563876690559927e-05,-0.0006650596211714237,0.0002957541552673659,-0.0007153335056549344,-0.0010672930699456029,0.0005139922219984643,-0.0016875468051484432,0.0004638258457208103,-0.00011941331322267874,0.0006996690568466669
BIH,ssp126,gfdl-esm4,0.0012178851827772065,-0.011592803512626978,-0.010338221494491038,-0.0074382992234696705,0.000310542558406226,0.0040531835595063945,0.008223885216241877,0.0015814572810478322,0.006855813974901452,0.0071963255373166364,-0.007831540291271054,-0.00045227434171555333,0.007280055426775523,-0.007565850939797508,0.0011147572881672445,0.003092942964765088,0.01692675021440082
BOL,ssp126,gfdl-esm4,-0.003778079755226994,-0.10253925327806243,-0.4003693889913261,-0.17333085308632884,0.11474682703742525,-0.029712495442516636,-0.13787914107310106,-0.07327484835344972,-0.14383048726477976,0.06305256830304785,0.03347182867537882,-0.04585591531204048,-0.026052964632305466,0.009843854261433518,-0.07923403200474878,0.02063563900654778,-0.06725556640671383
BRA,ssp126,gfdl-esm4,-0.11181151488193505,-0.11122928067250742,-0.0841026903080833,-0.08546465045367825,-0.001147485598319757,-0.028868449439994306,-0.0590725466920725,-0.0340664643324559,-0.08616816425030704,0.03355729737590674,-0.005865731448595191,0.005182977104577893,-0.009588424166828277,0.032593362243751624,-0.035191823268071444,0.011691549667603437,-0.01911041398261883
BTN,ssp126,gfdl-esm4,0.0015701682634161468,0.00035451884764379533,0.00018086625027483936,0.0001302737304103716,0.00010990994447694185,9.464918483896805e-05,9.097633569093942e-05,7.483381477597865e-05,6.715562680148612e-05,5.820670601603027e-05,5.2663690298131956e-05,4.77751907376493e-05,5.484484723751421e-06,3.079633503915773e-05,4.60802492717487e-05,3.257010315136847e-05,3.7556050349646e-05
CAN,ssp126,gfdl-esm4,0.0030127218748918863,-0.008132498614713504,0.0017192482728860294,0.00976682902216268,0.011155755951596695,0.007040387209745837,0.0062229937044298795,-0.0014820692039278043,0.004765619083077562,0.007770317255046931,0.001807270480987936,0.004249967628540328,-0.00038710253805966253,0.0022158031951778558,0.002394853686010884,0.0006602171393835984,-5.134812562808871e-05
CHN,ssp126,gfdl-esm4,-0.000996417606025349,0.003035913634261816,0.0018858903451307613,0.001127745319218208,0.0009098811538555972,-0.0015534025678569253,-0.0007210841094692864,-0.0022547251106540046,0.0011101949544029671,0.0009410715177293178,-0.0007377227398815402,0.001620846135752527,0.0010247068265296986,0.00044846186003569066,0.0005229488999832141,0.0013439489350752726,0.000525723071362414
CMR,ssp126,gfdl-esm4,-0.0009709183323991071,-0.00036345264218847184,-0.0004284992800429084,5.263914722891328e-05,-0.00030384342853880165,-0.00019467247051011845,-0.00010202209828428843,-0.00020727449803990182,-0.00013631114038081598,-0.00013375501670720482,-0.0001343753336249674,-9.335149461611592e-05,-0.00010709400710759765,-6.0162975319870335e-05,-2.6067857585425267e-05,-7.628668187064501e-05,-4.9076686340103216e-05
COL,ssp126,gfdl-esm4,-0.00209866616872085,-0.0008736077125394568,-0.0006301495606287974,0.0006456528494169052,0.0002378387979110648,-0.0004094643547476297,-0.0001270098584410757,-0.0008520148269992184,-0.0008689054817621735,-4.493227756236604e-05,-1.720849980996292e-06,0.0001288029448473521,-0.0001635580115432926,-0.00010772664314656845,7.487733225902312e-05,0.00014642746932243302,-0.00025549403106470326
ECU,ssp126,gfdl-esm4,-0.0023883789226431165,-0.0005880764441713454,-0.0013318602037408931,0.0007002505478590855,-0.0001404251892688206,-0.0007945335564078354,-5.195758038532042e-05,-0.0008610868996897777,-0.00041360519505397454,-0.00018903982750262318,-0.00033976689625328554,-0.0001888631728504346,-0.00036210606359284643,-1.0516384735631292e-05,-0.00018231045091463582,1.2309673940948243e-06,-0.00013484880571243838
FRA,ssp126,gfdl-esm4,0.000757396523807461,-0.0005516850763684647,-0.0010403443219131427,-0.0006249644877697787,-0.0012270388708806239,0.0003536784322513932,0.0004985897979490153,6.179802113307785e-05,0.00016466099222435323,0.0001082564158670035,-0.0005829099781001991,-0.00023080038850305354,-0.00014865186957953468,-0.0002867671478627588,9.218221742928175e-05,0.00017354672315955376,9.370517930277036e-05
HRV,ssp126,gfdl-esm4,0.010920565156325553,-0.10999187401160662,-0.07450874059837696,-0.08506952352936578,0.011616736510621506,0.06088480549778992,0.11190968544877321,0.040193226717085785,0.0928729736541724,0.08547604351454961,-0.06515148283528553,0.04203545404942904,0.06506432864931615,-0.06929538329870993,0.03816930491333175,0.05073917730678243,0.09480180842685593
HUN,ssp126,gfdl-esm4,0.0014041735981189462,-0.005740815168810488,-0.0037594593557904723,-0.0034826752215934343,-0.0018058570219904957,0.0016108851347182735,0.0032319569822413627,0.000255226361112053,0.002125287044361129,0.0023543457548630773,-0.003321363780268947,0.000607630496277624,0.0017063416360132437,-0.00255032148923959,0.0009885649711902495,0.0014046158595480932,0.002708466324074098
IDN,ssp126,gfdl-esm4,-0.0002513260545163566,-7.475170033492779e-05,-0.0011751021851117642,0.000217961055324596,0.00023648860892175945,0.00020356244258821455,-0.00043673652313266876,-0.00035991576231988033,-6.759910938401613e-05,-0.00013100615230157074,-0.00030343396631548616,-0.00014178127525409524,-0.00011693282118800419,8.334796451772045e-05,-2.526298213288039e-05,-8.922979494566158e-05,-0.00019864887082321196
IND,ssp126,gfdl-esm4,-0.01916404938005141,-0.007891602809132401,-0.008997157765321022,0.005898105238438177,-0.0008350293146082515,-0.006026156948061141,0.0007546786988439813,-0.0010173849581000677,-0.0020168811409957705,-0.0002695465391847796,0.002181151826591417,0.0022813505196193525,0.00048705061221644865,0.0010100360636461456,-0.0014660136462420475,7.111319558661976e-05,-0.00030033253910127306
IRN,ssp126,gfdl-esm4,-0.000871513103149981,-0.000395476218349025,6.882754097103642e-05,-0.00031577999600779244,-0.00014674483507271468,-6.705818354192224e-06,-0.00025685576843617803,-0.00015953896744116229,-2.7069458604201792e-05,-0.00028010357986998707,-0.0001912564719914502,-0.0001302270406556656,-7.581017276624469e-05,-7.81756892314963e-05,-7.478688082487442e-05,-7.73663066960418e-05,-0.00011047784650104544
ITA,ssp126,gfdl-esm4,0.002238391754727155,-0.002241710172834563,-0.0016053777998388586,-0.0021747684729180685,0.0011400466236764415,0.0014284281497230938,0.0016049632007042408,0.0011389076948452842,0.0014938311071899996,0.000722553969742798,-0.0008830603769887933,-3.1485155954622007e-05,-0.00027671121076838437,-0.0001922097574023972,0.0002679172996421237,0.0007103740304948828,0.001031934448971496
JPN,ssp126,gfdl-esm4,-0.0001436271437852047,6.550511846619737e-05,-2.631799578902123e-05,0.0002615019014071346,0.00022710706946055083,0.00024478152924898287,4.5656793840905444e-05,8.756089419372176e-05,3.2848164695553184e-06,-1.4093899307291798e-05,0.00017398207346196296,-0.00019032124666949803,0.00038010535686538197,-0.0001809999387595405,0.0001495544022523224,0.00012149301031587764,-0.00013413068567795055
KAZ,ssp126,gfdl-esm4,0.00256370366894109,0.0008910306952674452,-0.0011268921120792673,0.0010645928889425592,-0.00020575759448479986,0.0005494143919688169,0.000991600628172772,0.002104632728579118,0.0004916576153758225,0.0006324895135205857,0.0010977617588497004,0.0011083522122587073,0.0003147547032682879,0.0013124633425937902,0.00040385859399251885,0.0010486602076201798,-8.608552948786048e-05
KHM,ssp126,gfdl-esm4,-0.01823427467773508,0.0024915327937304462,-0.005638080383581474,0.00529405481470385,-0.0051121544347647865,-0.003432983906280421,-0.0006050635224521608,-0.002095111926104405,-0.002269345123476582,0.0001311030921282465,0.0003892146298750205,-0.0003216660164785973,-0.0010643017413228574,0.00040535617933030576,-0.00041925901008286933,-0.0008023820754044685,-0.00015140051735309973
KOR,ssp126,gfdl-esm4,-0.0010860415628205372,0.0003945042890756479,-0.0008678498685097587,-0.0015913878182698905,7.914634300247366e-05,-0.00020387604459053146,0.00027346942072131573,-0.0009204783220838827,-0.0006742051123281254,-0.00045938830654473326,-0.000338786449348925,-0.0004626452331602808,0.0003374107370133346,-0.0002354703015932731,-0.0004821668070279235,-0.0003426715481072641,-0.0010713097749161461
LAO,ssp126,gfdl-esm4,4.598136916232401e-05,0.0004347133325272242,-0.001696718349199835,0.001280696880827897,0.0001698821208713824,-0.0013212819377149926,6.440846361898408e-05,-0.00039622136927897056,0.0004468631927744056,5.284181232294629e-05,-0.00015971333599924996,-0.0002993421805327606,-2.9680235933754793e-05,9.422386833195146e-05,-0.00042366793684452407,-0.0002286801367502335,-0.0008232636038167443
MDA,ssp126,gfdl-esm4,-0.017832774231332286,-0.004371409296218497,-0.013148524357281258,0.005037086963155341,-0.000947901458312568,-0.002197731664390837,0.00673245680325794,0.0033984692512199466,-0.0039057272438762836,0.006625763684199424,-0.005967633156025211,0.00010962788854574422,0.002769498896373392,-0.009085822338876098,0.0038911025915071094,0.003792788006007972,0.006644114063630163
MEX,ssp126,gfdl-esm4,-0.0008102234334756223,-0.0006798278955494245,-0.0011467644377393554,8.083036551336012e-05,-0.00016571336190484252,8.71642514945365e-05,-0.00012022142168198063,-0.00032885975243902925,1.4534133835573546e-05,-7.30965833498273e-05,-0.00012056167823288587,-0.00012423565735223974,-0.0001442403903049185,-0.00016937315281076188,-0.00021779067873582494,-0.00012596165806628542,-0.0003968564044797556
NGA,ssp126,gfdl-esm4,-0.00885093410379722,-0.0006299366640324847,-0.0007769848852236392,0.00019499005143245327,7.962556310588896e-05,6.61697723093617e-05,-0.00011414306530950567,-0.00012935857480505584,-0.0002978025390906039,-0.00010262956939674149,-0.00032751501212185534,-0.0002090618966482348,-4.550440232053697e-06,-8.519170994252865e-05,-3.732757896510019e-05,-0.00010972587756307243,-4.7917895708490446e-05
NIC,ssp126,gfdl-esm4,-0.01602131267859549,-0.0015894608016872903,-0.004226565712976861,-0.0005328735313416841,0.0008133765903510185,-0.0011971673183382265,-0.0017579978327842284,-0.0009431419303049738,-0.0009045802200448751,-9.292388003575322e-05,0.00044282999699503487,0.0001755033136392109,-0.0003462593792172799,-0.000226595290155271,-0.0003654254876563605,0.00010875766458226475,-0.0008706579672282848
NPL,ssp126,gfdl-esm4,-0.00783951764734882,-0.0008623083236415408,0.002284369984066778,-0.0003870250969074725,4.062934528475206e-05,-0.0020926279179205474,0.0009319817411798765,0.0006191989003675573,-0.0003275573268695067,0.00016607831835636206,0.000995452551443186,-0.00048663763430277236,-0.00019333342731965534,0.00018437394780823743,0.0002937018193816291,0.0006994689449126762,0.00032592038428205236
PRY,ssp126,gfdl-esm4,-0.8333126235673659,-0.17202426533084186,0.0026535973385695463,-0.17587218082323802,0.04725597245632186,-0.07549619934794034,-0.03216566430258187,0.04991646731046779,-0.11946354577911965,0.1228685969584416,0.09288596920504544,-0.027431319862037576,-0.03706160775657291,0.08780352951996519,-0.09699566438283533,0.06004465312919505,-0.022801112551536377
ROU,ssp126,gfdl-esm4,-0.0052303224521597705,-0.006507444055156835,-0.00545347634152398,0.00025130731857042783,-0.0006562249836303066,-0.001090247439009371,0.0030806023614679563,0.0003634391059799743,-0.0016814031548415046,0.002557846707920204,-0.003272575725949955,-0.0019655785077179514,0.002013481421316651,-0.005723085346792864,0.002301066878059853,0.0012469362828465363,0.004184408448454882
RUS,ssp126,gfdl-esm4,0.0027473646350151992,0.0026453922599777497,0.0019808029581652405,0.004005477561698859,0.0016891514184351893,0.004012397641659227,0.0023253813547836873,0.0008815500864327418,0.002077200530578366,0.003544429593447779,0.004158884628166789,0.0018019188330410778,0.003172941581383025,0.002254736768113822,0.0023141716023485923,0.002471726675115739,0.0020129347918625704
RWA,ssp126,gfdl-esm4,-0.00512547594186354,-0.002278848793195005,0.005712617460254703,-0.00013056164568780017,0.0034924138028377084,0.0021369320320129732,0.0013205591147018264,0.0007860700085663265,0.00035674491951635405,-0.0004926664403423594,0.0002833848479968683,-0.00013979361663068034,7.398233001069122e-05,0.00028878889301415584,0.000452837737461893,0.0002152796468269978,0.00028018439433540585
SLV,ssp126,gfdl-esm4,-0.005407220588704043,-0.002019488688679546,-0.002135693384555475,-0.000674757234087974,8.153559308525267e-05,-0.0006863226417971484,-0.0013092451238283945,-0.0006893852670633157,-0.0008408242084603101,-0.0003557932560571395,-0.00016774261989922542,-0.00030347733069953424,-0.0006066066586609399,-0.0005054114691144692,-0.0007111059101423342,-0.00033010691385137016,-0.0009023384029673716
SRB,ssp126,gfdl-esm4,-0.005948549758982713,-0.04118657014038613,-0.052594418728619405,-0.021987504145357533,-0.006854461018778748,0.011919933949694143,0.03457533739310147,0.011773320601656981,0.02118471177639423,0.029150428513874154,-0.015269963511209761,-0.00906152412817403,0.020629652715009654,-0.01854939025878274,0.003792487912883149,0.0025655959096705996,0.0314537195081219
SVK,ssp126,gfdl-esm4,0.005548744169842459,0.003704210518905558,0.0017681997639721388,-0.0015080892780784184,0.0006729432375555593,0.00223096068076897,0.004519437507106876,0.0024903527005649658,0.0036475843901784323,0.0029486352684234625,-0.0015547125137752023,0.003151487829634933,0.002765373610810042,0.0015452364027849176,0.00294324841813428,0.002610173980880672,0.0037623722728763916
SVN,ssp126,gfdl-esm4,0.0005744123549434053,0.0002827189921835227,0.0002837078722943429,0.00010557978049384006,0.0005452369540627065,0.00038738671005740077,0.00037602154456275354,0.0003088362397980589,0.0004594183760989312,0.0003836624852943779,0.0003084984282891945,0.0004263450228771693,0.00023682473596974178,0.0002764966049259907,0.0003089703451739486,0.00026803285369960664,0.00029576492966974224
THA,ssp126,gfdl-esm4,-0.0001366591552988915,-4.762666877545399e-06,-0.00011549991414355321,4.969485561360639e-05,-3.688100807126238e-05,-0.00012917760924058586,-9.466059086052285e-06,-4.785554508123702e-05,-2.1569682644548405e-05,-8.147696221991061e-06,-4.490769892716209e-06,-2.7603671948402064e-05,-3.702988760899228e-05,-1.8952824706929172e-06,-3.656574950708652e-05,-6.192529347990202e-05,-4.405669998998675e-05
TUR,ssp126,gfdl-esm4,0.00015610838115460922,9.176055604934655e-06,-3.19551817823415e-05,-3.517195439005599e-06,-5.613962538728933e-05,-2.140540040640129e-05,1.52448945751601e-05,-4.6768491646193893e-05,5.04492898549558e-07,-8.403406401508047e-05,-2.5892686395206446e-05,-6.485329473852255e-05,-2.7045656692843363e-05,-2.4288350780207624e-05,-3.3627063143282276e-06,-1.1111244772147093e-05,-1.966531888514644e-06
UKR,ssp126,gfdl-esm4,-0.0963436750022982,0.021339556640408885,-0.01760340690916051,0.048445853876939615,0.008707076573757579,-0.004296667856004174,0.028753149006141884,0.017240627156721366,-0.005956369883365482,0.028225742935278852,-0.004919721087142419,0.005975260327457388,0.015428499321713989,-0.01490693487717471,0.013276488932498137,0.019663665044048602,0.024849221279703668
URY,ssp126,gfdl-esm4,-0.02389354402645223,0.0031460806977632694,-0.013911478323935406,-0.01057135434547937,-0.01934192836553045,-0.011113209750679039,0.013600405372708789,0.01690912835296483,0.007341430701630252,0.004417927199846785,0.01595996277464233,-0.006077911252665389,0.013944702943906038,-0.002230791099260597,0.007514125710427177,0.006438763552180792,0.0046863918148256755
USA,ssp126,gfdl-esm4,0.012477062375638998,-0.05189601135134122,0.00642875149930136,0.013354308896810704,-0.002325458849740816,0.014319347422455839,-0.014728298260412742,0.007083855052415204,0.0069062453846920665,0.003990042733039162,0.001309337431149292,0.0003662966086761705,-0.008737811634649985,-0.01142270957835661,-0.0068368741239321126,-0.002546523021609204,-0.0015600220131633737
ZAF,ssp126,gfdl-esm4,-0.0039991004879252785,0.002250849506833779,0.0008343369941595369,-0.005277445393454416,-0.00021954120790885774,0.0021981812535352536,-0.00013941378272034689,0.00011844087178961817,-0.000581137360919248,0.0008205419989165357,-0.003354727161182124,0.0005002242686768332,-0.0015402151311242316,7.679384911651208e-05,-0.0007296300936288297,-0.0002953112003906194,-0.0014871548996298698
ZMB,ssp126,gfdl-esm4,-0.00991912045599689,-0.02692672086432574,-0.0056069179669933555,0.0038996947409264,0.0027789689652877774,-0.0007903698595151187,-0.003462261791717948,-0.0016756845328514517,-0.0005066610450264297,0.00032857897774451344,-0.00019322919287371253,0.00010408671503177442,-0.00042158497519857415,0.0003651655599553832,-0.0005348449887162552,-0.00031612277127798165,9.362657511427607e-05
ZWE,ssp126,gfdl-esm4,-0.005936993226210045,-0.033217487559690846,-0.013633144834801362,-0.0011983926615319897,0.0017408897938448256,-0.002037595156324005,-0.005342389987211412,-0.0018842289318805768,-0.002305574433393428,0.0016009983119105783,-0.0028466656455508237,0.00020039742755507994,-0.0013495758375059485,-0.00011813012737629018,-0.0009586053152430163,-0.0012694099939940641,2.3851060993391103e-05
AGO,ssp126,ipsl-cm6a-lr,-0.0006066255977813062,-0.0005372354222454823,-9.705646388128689e-05,5.314691793308025e-05,-0.0006300279364555954,-0.0005037138330696915,-5.3060926893896634e-05,-0.0001861218755758001,-8.513849321256963e-05,-5.8589727245620825e-05,-6.281352934296049e-05,-3.0422753317292475e-05,-0.00010295523783406666,-0.00011988867483588758,-1.9592864083508134e-06,-8.946207140300645e-05,-8.354828739560483e-05
ARG,ssp126,ipsl-cm6a-lr,0.036854091020877916,-0.009274272663653126,-0.008372081668105817,-0.0005044046709408599,0.00022723194338556386,-0.0017567367089579775,-0.005480605032256787,-0.0007313083692522895,0.0009190312292491388,-0.000788173186237221,-7.872471068237184e-05,0.0003580080297684502,0.00028888047329091496,-7.83611533645447e-05,-0.0010223014132613834,-0.0022588858747683844,-0.0006133884480751029
AUS,ssp126,ipsl-cm6a-lr,-1.0608977682681937e-05,-0.00029080273634184416,0.00015059974085031432,-5.419532471312952e-05,9.270866649606508e-05,-5.907160414111775e-05,-0.00013495201585830897,3.428595634505472e-05,5.1577912216847515e-05,-4.9172077299341884e-05,-5.092172133929949e-05,-6.636592809645699e-05,-3.559385367257372e-05,4.706001259066482e-05,4.289745447144783e-05,-1.3822214490807769e-05,-0.00010483446216058098
AUT,ssp126,ipsl-cm6a-lr,-0.00130042516680337,0.0040312819968336576,0.0029176455163292163,0.0018977928428871608,-0.00020213542292325196,0.0016546422852921497,0.001135913406247257,-0.0007619579113633247,0.001714279936812612,0.0020285804046659053,0.0022099996626996064,0.001033077287825417,0.0016860460122309036,-0.0005378643577917934,0.0004874041567556431,0.0017541410225282244,0.0016182914675227868
BDI,ssp126,ipsl-cm6a-lr,0.0004293269986503325,0.00015919697323870215,-0.0005868457847450664,0.0002796527526334809,0.00018890928524980565,-2.0530266407115215e-05,0.00011855994387396275,2.713929690916609e-05,7.208832330450062e-05,5.161722731801311e-05,1.2339930051905258e-05,2.1604902087118774e-05,1.378120101874994e-05,2.4428135890025754e-05,1.7041296468553176e-05,6.017761048883757e-06,-8.369856796289835e-06
BGR,ssp126,ipsl-cm6a-lr,0.00026391041352455744,-0.0012984233879777725,-0.0004920227704333478,-0.0009235508563545708,-0.0007582754241548856,-0.0015794539198442654,-0.0007565228713671599,-0.0007249980335701409,-0.0005498477161705604,0.0002975488445616255,-0.00023838598189673948,-0.00025107772690927365,-0.0006517286539920874,-0.0003862939518029577,-0.0009723597456474173,0.0002708192517564695,0.0003892159559952489
BIH,ssp126,ipsl-cm6a-lr,-0.004808613151939178,0.00843050668303579,0.004784470756099943,-0.008123438124630096,-0.006819461345441172,-0.007887430466572072,-0.012060284278644282,-0.011229042791271963,-0.004767722221083106,0.0038351283291480597,0.0012280508896897273,-0.00232029861763513,-0.00994315343225963,-0.01489419770076899,-0.003996839508344652,0.00040608815600994176,0.013829237205029897
BOL,ssp126,ipsl-cm6a-lr,0.10212969933071278,-0.26665911900944095,-0.24860704642654824,0.05897853783986356,0.079892010061294,-0.12375246530582801,-0.07134257864253765,-0.01472680796425644,-0.031800002938332385,-0.062291576741844774,-0.06611743580029791,0.0010800967742692039,-0.05952948962804099,-0.024634490067887465,-0.0300378570222893,-0.04035237001591446,-0.02136105137251872
BRA,ssp126,ipsl-cm6a-lr,0.007375192548124386,-0.02748595524678588,-0.11038607262732454,0.01569320914396517,0.0783089995701548,-0.04889153519938537,-0.10000914386371262,-0.027149024533083457,-0.030354022070582794,-0.03487639266526018,-0.05357033396662065,-0.008127551776032343,-0.03285785815692041,-0.026090115550798963,-0.018141158767585024,-0.01809358037528475,-0.01634118983619531
BTN,ssp126,ipsl-cm6a-lr,0.001148736082443289,6.888581743596389e-05,0.00022584152293222889,0.00019920329263950026,0.0001318887136578421,0.00010963001275565042,9.380479558960446e-05,8.036735675842864e-05,7.88702109888527e-05,6.396236020618032e-05,4.7357664464025245e-05,5.924008357269401e-05,5.0019543792081816e-05,4.203865873111766e-05,4.674486573660502e-05,4.429062382234824e-05,2.91870288909773e-05
CAN,ssp126,ipsl-cm6a-lr,0.010592874090279291,0.006770069237090512,-0.0003525382861943106,0.008318477334314721,0.007571116606086752,0.001272639967114357,0.012036807141018915,0.007212849390856695,-0.0028137919260746336,0.003621628828627725,9.06354720517267e-05,-0.004344045604991256,0.0009003692791403517,-0.0016713904237678154,-0.0019772869424011384,-0.003512841027995801,0.005324453812331867
CHN,ssp126,ipsl-cm6a-lr,0.00536589993596627,-0.0006675875900409664,0.0031249763794279997,0.002372458975905639,0.0012036021146034533,0.0018513647080638167,-0.0008457376161932934,0.001954772689659722,0.0004529774826251582,4.530710243123798e-05,-0.0011221367884983167,-0.001358330441318517,0.0013420587360566082,-0.0005679362690177378,0.0002938126531145682,-0.00027728003616017997,-0.0013451049409310585
CMR,ssp126,ipsl-cm6a-lr,1.2054231446067334e-05,-0.0016189487825236007,-2.9717846580980828e-05,4.0383773981723035e-05,-3.483271581400547e-05,2.757603639316888e-05,0.000133441638755011,-2.4008674846969293e-05,-3.1602346181997544e-05,-0.0001326087910952061,-2.3942210305754157e-05,2.583726136854976e-05,-8.365783115977031e-05,-8.705042271429516e-05,6.536677366003448e-06,-2.5300564534323966e-05,-8.88109588453889e-05
COL,ssp126,ipsl-cm6a-lr,-0.00019476184891836337,5.820882798007955e-05,-0.00045126781291626977,0.00011833506027318892,-0.0003731567206868656,-0.0005623541760616237,-0.000937384464629773,5.326878126766896e-05,0.0002816034818682059,-0.00026313476485499465,-0.0007022909885226753,-0.0005145083316953779,-0.0005521050982202361,-0.00011894728870360398,0.0001679569482760932,-0.00017649331221178695,-0.00012335502004484224
ECU,ssp126,ipsl-cm6a-lr,-0.0006702490230122119,-0.0015445916553365356,-0.0006725054987756739,-0.000695185644099078,-0.0006446767990056772,-0.0008999232063540282,-0.00021314644452291164,-0.00018883313085059472,-5.346721725178149e-05,-0.0002550816273854082,-0.0004275064504854699,-0.0001825091330583778,-0.0002656839954204958,-0.00036197046283113337,-0.00028436303289249763,-0.0001758077661442655,-0.0001310907615820652
FRA,ssp126,ipsl-cm6a-lr,-0.0012215622669324107,0.0005125113925215838,0.0006011694069636614,-8.114879336670167e-06,-0.00014677355459208452,-0.00027112243425021895,-0.0010000653258589085,-0.0009981063531516168,-0.00020492974728419496,-6.838481377691132e-05,5.8038153565134623e-05,-0.00018573336148780987,-0.000584754519380867,-0.0006166286262969284,-7.191736156932881e-05,-0.0003072601999330661,-6.716175868747977e-06
HRV,ssp126,ipsl-cm6a-lr,-0.014640101197348715,0.11155138657069753,0.05899233067231942,-0.06502196521887992,-0.060131775828184464,-0.04076889075195044,-0.13700059863307604,-0.1352589167015197,-0.05723825839157051,0.05749946915007268,0.0410088830496329,-0.0019412198094915802,-0.014880850618659753,-0.08426543833141652,-0.03028277203902974,0.01183910672913415,0.06473511651271228
HUN,ssp126,ipsl-cm6a-lr,-0.0024161675291980286,0.0032586983665840482,0.00220670149036736,-0.0033457372981832217,-0.0028265955339962516,-0.0032643321985703576,-0.0040884532928233686,-0.0039486318585850435,-0.0025183445366145783,0.0016725016873387513,0.0004440017388136475,-0.0004644548462961896,-0.0010095895380862812,-0.002943225187498236,-0.0008199379769491881,0.0007341289180787692,0.001997634207408853
IDN,ssp126,ipsl-cm6a-lr,-0.0002897443204305122,-0.0009758436303847108,-0.0005689381922833384,-0.0003442873652202474,-0.0003249529151653841,-0.00046295476140055926,-0.00023208421872217687,-4.291050393514128e-05,-0.00015396310154111662,-0.0001851596020209457,-0.0005715291065077853,-0.0002664287919039988,-0.0002785043607760716,-9.491969544858715e-05,-4.355798865547448e-05,-7.917196907125116e-05,-0.0001698979827136897
IND,ssp126,ipsl-cm6a-lr,-0.00788552660895594,-0.027708766890402636,-0.0038417122609289015,-0.003839683290908036,0.002591696231738793,-0.0050786853915578516,-0.0017114700672313974,0.004212964335642755,0.002614058394666105,-0.00044425294260345673,-0.0009394301245340432,-0.003401428550348805,-0.0012000445101517303,0.002535709572313925,-0.0010325636010882961,0.0015709781338015803,-0.0007811304591793145
IRN,ssp126,ipsl-cm6a-lr,-0.0009082860087426439,-0.00027768981117171114,-5.178979678383927e-05,-0.0005838840819076236,-0.00026544468532845164,-0.0002012283969039627,-0.0002487424257694548,-0.00015085626320896414,-0.00013514679739249182,-0.00023462872295918434,-9.958098593019212e-05,-0.0002002576981791839,-4.502594748063003e-05,-0.00014380204329562582,-0.00011419263108670758,-8.378673991248165e-05,-0.00010028303966292761
ITA,ssp126,ipsl-cm6a-lr,-0.0020021638274871387,0.0019927319099722896,0.001726474550998748,-0.00010172201576541747,-0.0007238563753014278,0.0011161403149609408,-0.0025040982183049945,-0.001819193515189845,-0.00028615256705960497,0.0010121951663059614,0.0007568705474109063,0.0005035919059503092,0.00019607604513709748,-0.0005098517999089319,0.0004699994622507538,-0.000941912408066898,0.0010089688932675763
JPN,ssp126,ipsl-cm6a-lr,0.0005267656928945748,0.00032996375097431763,0.00028531423321745625,-0.00020733730156599387,0.0004359106764461659,0.0002250534415139276,-0.00031158297302353867,0.00014252689237926542,-0.00012698945565982163,-5.773698306452571e-06,-0.0003472159365153175,-5.360722266642001e-06,0.0001570035970929824,0.00010331475275687567,5.2106365671453396e-05,-0.0002190313119108977,0.00015717706647859128
KAZ,ssp126,ipsl-cm6a-lr,0.002643270223299361,0.00033606291981720004,0.001044509053954982,0.0011276532814992854,0.0003897302587584473,-0.0003922064307817516,0.0007605517701469782,0.00010939624618024255,0.0002178111330051338,-0.00011542163339277287,5.4366924117649226e-05,0.00021529772544907894,0.00017536292257755632,-5.9562948951984636e-05,0.00016862763783700893,-0.0004520285705722351,0.0007769114826539652
KHM,ssp126,ipsl-cm6a-lr,-0.01378582395343799,-0.008791200456568136,-0.008963774740500231,-0.010290060564620517,0.00021303862091004205,-0.0050037005643256945,-0.007285418021122919,-0.003900970067096521,-0.0016213091101724083,-0.002007370673793079,-0.002821057517139903,-0.0009794807866472357,-0.0029281808786929585,-0.0019774884260057106,-0.001009251840625378,-0.0008821340305780669,-0.0007670428342473883
KOR,ssp126,ipsl-cm6a-lr,0.0018298751079184401,0.0014569162726451534,0.0009145659458127826,-0.00042614338797546873,0.0008373190018830287,0.0011625885079149852,-0.0022602227954934564,-4.845967425264318e-05,-0.00045589970500897417,0.0002632599239364895,-0.0016010290858862047,-0.0009316544796490484,0.0007451692493430211,-0.0006462389908755072,-0.0004372785266850966,-0.0005045719437102477,0.00012125707219622199
LAO,ssp126,ipsl-cm6a-lr,-0.0025612841024168615,-0.0004612079920042699,-0.0015605711541878367,-0.0011962056746448733,0.0015357882035817573,0.0005599632717372938,-0.0009687650787707634,-0.00028423087359916047,0.0002781850615032999,-0.0003274263958442034,-0.0005780582008246536,-0.00013961301146220547,5.8462689157097685e-05,0.0004990975291571689,-0.0007423757545652913,-1.9237336393779944e-05,-8.522853790278856e-05
MDA,ssp126,ipsl-cm6a-lr,0.012735637492600288,-0.00628461573622132,2.4682087597679404e-05,-0.004544410208891941,0.0003679349004363387,-0.011411245485132676,-0.005292175333889089,-0.005344932828364358,-0.004051715565702921,0.005317205358541213,-0.00027791871232216067,0.0015634890200648165,0.0001208143047542638,0.003130195460069862,-0.006456852070782169,0.0006571653306157327,0.0035016296799922643
MEX,ssp126,ipsl-cm6a-lr,-0.0008063104906740698,-0.0008454985104857259,-0.0004372667407680646,-0.0005691342494076849,-0.00033967730341863585,-0.00031138819262195095,-0.0005581245284604595,-0.0003877004979954296,-0.000153770173969676,-0.0003785406872169121,-0.00040386869044939817,-0.0003113261276705125,-0.0005307922350634668,-8.821873918798614e-05,-0.0002284134777071363,-0.00020830275012655045,-0.00028375697684762663
NGA,ssp126,ipsl-cm6a-lr,-0.0011741446235356248,-0.003712107443316367,-0.0005173623106415178,-0.0008933651957076799,-1.824755313071087e-07,-0.00044892458281537855,-3.513431441439752e-05,-9.173049442893232e-05,-0.00013652810349617335,-0.0004688065439084563,-0.0003594641718757807,-2.1263372088629425e-05,-0.00022899138897149404,-0.00017823213173469006,-5.387042139702582e-05,-5.664965753366488e-05,-0.00016026361138678658
NIC,ssp126,ipsl-cm6a-lr,-0.008865091346766843,-0.004625874926162398,-0.002985207007694252,-0.00355020536794967,-0.003781769556539,-0.0017532390588353521,-0.002862578619107564,-0.0017257290532340724,-0.0011885196419628799,-0.0011950557802721342,-0.001761713346317105,-0.001348718533224678,-0.0016017109980133982,-0.0007613881805032752,-0.00036182244158501647,-0.00016816960130337043,-0.0006818234666555841
NPL,ssp126,ipsl-cm6a-lr,-0.0035139043530859368,-0.009559563883469055,-0.0020234342894587098,0.001619077376017458,-0.0006377057575542337,-0.002732151188284538,-0.002943555399361501,0.00155665299331536,-0.0011912989185016442,-0.0006640986305021491,-0.0020664795409555733,-0.0001867294506746861,3.369336557687249e-05,0.00017178740123330362,0.00014711530188298957,0.0001950137366611986,-0.0006872404713911946
PRY,ssp126,ipsl-cm6a-lr,0.30725537591411806,-0.303371467518339,-0.35758899975221864,0.09613846771388088,0.1380719021815553,-0.08714031955858241,-0.18040817406787116,-0.03577187440438785,-0.058049252772318385,-0.03468043379281531,-0.08622842521573168,-0.02418047902702412,-0.06325834061234038,-0.04342801946688759,-0.008930453151827198,-0.009137565067302471,-0.07057878201440901
ROU,ssp126,ipsl-cm6a-lr,0.002470237629024475,-0.0024643782270117494,-0.0007409324813646514,-0.0033385154720850857,-0.00244805702405107,-0.005846068260640781,-0.0033169789531653122,-0.003110864990590818,-0.002882715442110895,0.001819444299751257,-0.0006887748059540801,-0.0003028849403758242,-0.0019378083271085747,-0.0005376488957910621,-0.003926554344987755,0.0004145251557848562,0.002031655451570491
RUS,ssp126,ipsl-cm6a-lr,0.0009081095613540036,0.0003447751908789894,0.006153178010830554,0.0008769032620152461,0.0008588934480680251,-0.002337814296626637,0.0003455327198986714,0.0021409765189164174,0.00015724609834210949,0.0013430218928048136,0.0015315540682144884,0.0008784862339694408,0.001362328150761521,0.002213533427027175,0.0012696798064663402,0.0008336689586635271,-0.0036943673291693533
RWA,ssp126,ipsl-cm6a-lr,0.0036219736585021115,0.005342561445720738,-0.0011629913417148883,0.003929395577377989,0.0026465650025405737,0.0013235239021450738,0.002071467940899014,0.0011135465705793214,0.0013627585905951344,0.0008526091648156221,0.0005368391851905072,0.00032529666017410054,0.00048441644973973844,0.000379496366273358,0.00037242548641899293,0.0002716790714782408,0.0002495163621944127
SLV,ssp126,ipsl-cm6a-lr,-0.0024432970738615997,-0.0023773259301525457,-0.0023496608374687497,-0.0022263417824594303,-0.0018459785913029396,-0.0010108753121851686,-0.001989444452267504,-0.00124527251443303,-0.0006004769682457767,-0.0009645861322761302,-0.0013902841759092421,-0.0010331568118656387,-0.0013936562535156432,-0.0006304818994274838,-0.0004709461904362416,-0.00039171361383297606,-0.0008236573099463798
SRB,ssp126,ipsl-cm6a-lr,-0.018292169255052462,0.028122840469817938,0.012563997035510867,-0.038892998187795895,-0.039457069695720916,-0.045233917827629415,-0.04194765835988579,-0.03825640976337779,-0.028486005758897173,0.013303127963914415,-0.0005355164508472001,-0.017735963978450408,-0.024308904430700745,-0.02646908280252106,-0.010600514225690532,0.0030066601007048247,0.029146896316627414
SVK,ssp126,ipsl-cm6a-lr,-0.0037079698423208092,0.005862251887153444,0.003696098073108861,0.0006509122287242313,-0.0009969238078141897,0.0008210691563627052,-0.0005256644278180449,-0.0022752850918173633,0.0005041698380976762,0.002904849740297537,0.0027480339217676977,0.0003967095398149485,0.0014500163726996048,-0.0024459280176503504,-0.00020665870975117832,0.0031007190555536663,0.0026585688200691853
SVN,ssp126,ipsl-cm6a-lr,-4.693908379534579e-06,0.0005659690958396109,0.00039203480070255063,0.0003542649440877616,0.0003472096800642056,0.0005997553457398404,-0.0001416373257107249,-6.0239108855967186e-05,0.0004028004180666342,0.0003041224867882405,0.00043072424661618006,0.0003153690331536347,0.00033640869595559617,0.00021647932995786233,0.00024142198869089054,0.00021511526514318062,0.00031912997726370917
THA,ssp126,ipsl-cm6a-lr,-0.00023495923349154535,-4.683445303833557e-05,-0.00010096220979679268,-0.00011961846053520512,3.2216495666909824e-05,-4.627480298900076e-05,-0.00010872471563180303,-6.310436116157791e-05,-3.2360811528709706e-05,-5.632583739309601e-05,-7.245404446604034e-05,-3.863417853581264e-05,-4.250285853554135e-05,-2.551587554334004e-05,-7.558700249728125e-05,-1.7376459604911842e-05,-1.4722764307248627e-05
TUR,ssp126,ipsl-cm6a-lr,-5.440784790660668e-06,-1.5133454681720665e-05,-4.110767495313981e-06,-7.64852675264219e-05,-7.282343349374995e-05,-3.785559490379785e-05,8.75150435942575e-06,-4.740916060788672e-06,-1.9037108154626474e-05,-4.4904737478231744e-05,2.478027853782002e-05,5.2167552987368035e-06,-6.077143248866699e-06,-2.9573837600652922e-05,-3.452624362360984e-05,-2.9377779281069064e-05,-3.465716469447593e-05
UKR,ssp126,ipsl-cm6a-lr,0.021033386423762807,-0.06131310645047161,0.011254706365150496,-0.04308622890016722,0.0187212140266301,-0.057311966849415974,-0.01621868710535784,-0.008931144421071137,-0.01725019822251364,0.018490982465911965,-0.002492645378005299,0.00922899157145462,-0.001787468812980746,0.0106602031118904,-0.022453955293687707,-0.0003860891977836759,0.009672371299657324
URY,ssp126,ipsl-cm6a-lr,0.10975238835671118,-0.02821879972936756,-0.03465209300024289,-0.0030311888926184073,-0.0015068908035554167,0.0006886318270470502,-0.014582818462369602,-0.013017676150553069,0.003649454956747962,-0.003739907848121644,0.004086710199751287,0.007303709119063126,0.0031268990708209284,-0.0009727200855400585,-0.011901326624052242,-0.005563497110251902,-0.002884402306565753
USA,ssp126,ipsl-cm6a-lr,0.019968940197323534,0.011563144466457653,-0.012485358607818332,-0.011520750280858718,-0.0036050610625467053,-0.012474738860229309,0.015557854866740705,0.006409606876287428,-0.028341595918934016,0.0015823230687302032,-0.004313640334707336,-0.008210449957926714,0.0029914171611928673,-0.008702353421312464,-0.0074652406729278885,-0.002197967249384073,0.008311803288243021
ZAF,ssp126,ipsl-cm6a-lr,-0.009815187634935421,-0.00827863979671212,-0.005096420220671744,-0.007577547662402008,0.002369721462420125,-0.0063656725987788956,0.0004482350151198665,-0.0010879003384627849,-0.003921734331258069,-0.0008839944031664499,-0.0009932298992524034,-0.0001825389027708142,-0.0002853374390057268,-0.001292598862806128,-0.000201849938247073,-0.0007280844413324037,-0.001474321223484875
ZMB,ssp126,ipsl-cm6a-lr,-0.0003799306255544784,-0.0010554802610825398,0.0052444978673476745,-0.012611013190763474,-0.0032747415377610287,-0.003191226478835709,0.0004804063432706816,0.0009431064735140947,0.00016897308461062886,-0.00024890004439230833,-0.0005403366092167322,-0.00028268751831718615,-0.0007874863484528993,0.00028211853063964565,3.15374441249138e-05,-0.000337761872707294,0.0001075546732610928
ZWE,ssp126,ipsl-cm6a-lr,-0.029154302350115693,0.0007858345256056546,-0.009706218085593642,-0.019499205291569073,-0.007550903497392112,-0.013359908109504317,-0.0036775530195863266,-0.0029037404480371106,-0.003350126058329083,-0.0030292349486979904,-0.0010410652181412341,-0.0010363290143019473,-0.0006745453412830736,-0.0003805709007579225,-0.00070114806506005,-0.001664199680171181,4.7068609834780145e-05
AGO,ssp126,mpi-esm1-2-hr,0.0001441443522585782,0.00013609492415098684,0.000680176533150431,9.079411321801143e-05,0.0005347181038648772,0.00030379770142027746,0.0003835686279379542,0.00025508724938252107,0.00014294584303531707,0.0001829945380675548,0.00010917145843004179,0.00010680298724469822,6.9359927230656e-05,8.583853784047254e-05,8.44327310824228e-05,5.188911366240201e-05,3.397310480842186e-05
ARG,ssp126,mpi-esm1-2-hr,0.0604525251687339,-0.0021832449947699374,0.002887616702980241,0.0008340152432443904,0.0006100751309546859,-0.001472394372439438,0.002785194781729771,0.0004429806220552792,0.0025189140567919406,0.0003919915057995413,0.0012855337348601787,0.001237866613538038,-0.0002083055684613012,0.0019578229908959396,0.0010770958029588764,0.0023770335508987352,0.000474436089249678
AUS,ssp126,mpi-esm1-2-hr,9.512941779060924e-05,0.0002698518653678107,0.00017315700053179746,-0.00018998896723990588,9.856973881732073e-05,4.766527457416708e-05,1.2819608346318765e-05,7.722891783593144e-05,0.00011272922188361266,-4.405700755496702e-05,-8.42766308717837e-06,7.317783251656441e-06,-1.9195162471408348e-05,9.273327726357432e-05,-6.143418984428311e-05,1.4137083323774252e-05,2.3621736323377673e-05
AUT,ssp126,mpi-esm1-2-hr,0.0008259294388278386,-0.00176747916535514,0.0010148156668416345,0.0016652421107809284,0.0009192245824536781,0.00216830451673947,-0.0003281068169801395,-0.0022648536812008638,0.0014411229434220213,0.0013203949307791962,0.0016654343051893774,0.0026241606433013848,-0.0002053980944531286,0.0023598057982478497,0.0008796142320652618,0.0005910049997965692,0.0014361980921235875
BDI,ssp126,mpi-esm1-2-hr,0.0014150051360136656,0.0011085951536562964,0.0009411448303662511,-0.0008891784004377839,0.00011488271383952216,0.00014479392581094922,0.00017364563564089362,-1.8834313069390754e-05,6.488642155458847e-05,6.935177131646512e-05,4.278319398162257e-05,3.670348718792522e-05,2.314535055057454e-05,3.642935694231074e-05,2.0563468423046238e-05,1.886161527990241e-05,1.204114465751092e-05
BGR,ssp126,mpi-esm1-2-hr,-0.0006062968561828364,-0.002265881803367354,-0.00034023400990914167,0.0003451891028965683,0.00010753498533946318,4.902686890816372e-05,-0.000517423366538678,-0.0012436903032392085,-0.0010528030658179307,0.0002538826454011087,0.0004538191181620133,0.00016122482352295137,3.214180705605308e-05,-5.8127186228166136e-05,0.00033794142945013005,-7.724263238481856e-05,0.0002518903178842555
BIH,ssp126,mpi-esm1-2-hr,-0.006361508373412419,-0.023952779706687476,0.0028574455655397276,0.00780180395002485,-0.0033435496542843913,0.0033450909001338297,-0.0015774454850088617,-0.011232577623416848,-0.009537274435780448,0.0012554032818261499,0.007381910648138719,0.008474106130384462,-0.0036146151511566647,0.006198730051357107,0.0022792209869299833,-0.0005020055439466073,0.0006609710385428972
BOL,ssp126,mpi-esm1-2-hr,-0.37879909575811865,-1.0026750225796794,-0.45443330368018636,-0.2655717724630684,-0.2850646943129731,-0.16826059663238743,-0.05246119027337405,-0.09482355196768828,-0.12962015791802364,-0.02887039779422052,-0.04858036179867439,-0.003017160642254131,-0.02829265067996178,-0.026081735241124997,0.026053073093757245,-0.006452866983404709,-0.01721619710347652
BRA,ssp126,mpi-esm1-2-hr,-0.038744378578064516,-0.2523214134623982,-0.04464437731956957,-0.06611956359213393,-0.009174269757798425,-0.02691998753251267,-0.019160584886383763,0.014796687434670568,-0.05577617938343534,-0.010653342776189307,-0.00960022286940192,0.0011359771426485944,0.014440868164982381,0.007954760513667803,0.0019508935481041504,-0.03069795643820271,0.007347062834251588
BTN,ssp126,mpi-esm1-2-hr,0.0015913394676133187,0.0003255459812557711,0.00022896744014879258,6.745575010320813e-05,9.324348916734061e-05,8.568125799917584e-05,0.00010349604114156631,7.355006824381523e-05,-4.600472563833543e-06,1.8592353524352263e-05,6.163083672002092e-05,5.3100899351822916e-05,3.1752205096318845e-05,3.7114128856209066e-05,3.590999587578988e-05,3.626339089332453e-05,3.6676254433952584e-05
CAN,ssp126,mpi-esm1-2-hr,0.01004467562899479,0.009122910542765107,0.007523025432545261,0.00839468589136453,0.005883347044882644,-0.006102627728114955,0.007076542313450537,0.0009590688055451376,-0.000999107068659987,0.003964857500935649,0.00760240147890901,0.0034759329275020185,0.003888565903441133,0.0059695995325390805,0.003013899586791543,0.001224189277565469,0.0017174262433967032
CHN,ssp126,mpi-esm1-2-hr,0.0031567809421706567,0.0004980413540666494,0.00048000286383395125,0.004280096484872091,0.0007885136674417399,0.003042914465676127,0.00292203234227872,-0.00024256324346523536,0.0008739796890142523,0.0014381215459119167,-0.00011768392053637342,0.0018889905850246976,0.0015168232380480809,0.0021319600065772505,0.002046111065931211,3.5213563504388736e-05,0.0030771280122684646
CMR,ssp126,mpi-esm1-2-hr,0.002884389845551011,-0.0015958476421920463,0.0008199778016245375,0.0002779881891525149,2.854389489656245e-05,-0.0003134133423349183,0.0001860629309077017,0.0001271699282828517,-3.0797836968658087e-05,-9.127580666622311e-05,-7.155427032868088e-05,-5.01426455121008e-05,-6.981425400144242e-05,-2.8140296428853047e-05,-6.72787262613098e-05,-9.755003399479938e-05,1.3577377773984318e-05
COL,ssp126,mpi-esm1-2-hr,-0.0004282051082973564,-0.00011618296334201604,0.0006169928051536287,0.00033542403279575295,-0.000565875525604052,-0.00024755443209154774,0.00020652916327751033,-0.00020879273510969254,-0.0005423079557086382,-0.00012039210448198927,-0.00015420534191845314,-0.00022067712475877649,-4.7989821439583435e-06,-0.000456716822136864,0.0001657786865549171,-0.0003311618799693136,0.00010338577845638727
ECU,ssp126,mpi-esm1-2-hr,0.0013716456971965062,-0.0006211531891255823,8.161249178291756e-05,0.00043650303761469346,5.5040444891971226e-05,0.00022546954959203107,0.00027870049592920596,0.00021930598723320118,-0.0001932947319545961,-2.4426654892358258e-05,-9.25910534686977e-05,-3.1089264396584697e-06,0.00012657426768884606,-2.4162742837208598e-05,0.00015822828351936372,-7.373453759596575e-05,2.9284213700621048e-05
FRA,ssp126,mpi-esm1-2-hr,-0.0009418172885219903,-0.0002774941914144149,0.0001523858301373386,0.00024367257782170843,0.0001958796099713348,-0.0004768697678475022,-0.00044429156465770864,-0.00044978543825307897,-0.0001723598561653297,0.00034369130279770957,8.870429099618884e-05,0.00019671740898251594,0.00036018861412017,0.0003907810478129857,6.0364084597347384e-05,-0.0002775323048098474,0.00016150800752796101
HRV,ssp126,mpi-esm1-2-hr,-0.012595942238823226,-0.21432297812745624,0.06372069506821937,0.07474255468299827,-0.018607231216026258,0.04910902729139285,-0.020605331106406586,-0.10688995214982706,-0.08806569418838249,0.04368040813788351,0.06776473485245212,0.10227753643227953,-0.015015483690979204,0.06633978799057143,0.02215362339465888,0.001105448025336827,0.046661106339440685
HUN,ssp126,mpi-esm1-2-hr,-0.003957120025313146,-0.00712691227980487,0.0016103309610282018,0.002360475124078474,-0.00120914634525644,0.001474930951517883,-0.0011358423141445836,-0.003493094493803535,-0.0030756663490949855,0.0006179793423019802,0.001729544626750342,0.002631423145936646,-0.0012563191661936288,0.00170728568237585,0.0003071482283952977,-0.0002740286367362142,0.0007995814627158582
IDN,ssp126,mpi-esm1-2-hr,-0.00042680841947658225,-0.0014625113467098764,-0.001012565154783387,1.6570244516194566e-05,-0.00020478957870994426,-0.0006913936661832878,-0.0006026686763858454,-0.00024512440902518156,-0.0006582748051215729,-0.00040320745558682824,-0.00010264992171871784,-0.0002169547952017046,-0.0002724991847248185,-0.00014603502466805884,5.408195320347505e-05,-0.00016248909064350893,-0.00033739920955336213
IND,ssp126,mpi-esm1-2-hr,0.014067543421314862,0.009350649750768335,0.020588737144742127,0.008799718348445243,0.008843264874997108,0.007845420372408643,0.0063971450118971065,-0.0014648149460049884,0.0024472094246401413,0.002964116594666151,0.0010466383874562306,0.00012802071532285857,0.003536707649716999,-0.0009088773623325533,0.00244536769433225,0.0010639566324105456,0.0014825936312393084
IRN,ssp126,mpi-esm1-2-hr,-0.0007180348900601811,-0.00021161344763745497,-0.0004073029360658183,0.00020086489842033276,-0.00021004667291422329,-6.632395676306172e-05,-0.00011115545101595043,3.84725619832303e-05,4.185734362283702e-05,-1.0298565563124514e-05,-5.139559882538709e-05,-4.178742344568464e-05,-8.09909762154348e-05,-6.318274982044635e-06,1.776932461413753e-05,-7.714075438245353e-05,8.618889974138188e-06
ITA,ssp126,mpi-esm1-2-hr,-0.0008536888314503058,-0.0036110143750404237,0.000555681790459282,0.0016011757502392635,0.00021600317916057403,0.0003795732604337376,0.00013658369039702334,0.0004011350869409293,-0.0006151070692070956,0.0014159191859075928,0.0007146061463164927,0.0013003802139471574,0.0006205756529708649,0.0011512060851866831,0.0008393674471196785,-3.8971256453427034e-05,0.0012078852895862087
JPN,ssp126,mpi-esm1-2-hr,-6.131302091248152e-05,-0.00017272161421254202,-0.0003006169838768938,0.00036363790324521684,-1.9270364982401622e-05,-0.0002125811798398027,-7.099888571450836e-05,0.0001687811950123645,0.00045357938997144545,0.00020019406729234333,1.0636292199991502e-06,0.00013864874820252772,-0.00014323299460718014,0.000264762196065387,0.00010219862182336531,0.00038933578542119275,-0.00030792477000128225
KAZ,ssp126,mpi-esm1-2-hr,0.0016449838097947265,3.7938322875306774e-05,-0.002664580648361027,0.0023679828574742685,0.0003207917072617366,0.0016308355397193907,0.001246673156972142,0.0010700355592747608,-0.0009846737439198137,0.0013486193055688577,2.0993611756715503e-05,0.0011939470924871877,0.0014487128942929873,0.0014397473472400417,0.001029731521979236,-0.0009536994827202552,-0.0007228932034879754
KHM,ssp126,mpi-esm1-2-hr,0.006573846426604963,-0.01965060918636703,0.0059556340056387954,-0.005564815329915403,-0.004770044530521094,0.0029610251718300523,0.0014195048791221054,0.0014482111740483832,-0.00018664003168565206,0.0016903252858767644,0.0004567098239559571,0.0003229352983299122,0.00011721067069676372,-0.0009953804502372088,0.0002663405247168765,-0.00026307994128156614,0.0007336724071930177
KOR,ssp126,mpi-esm1-2-hr,0.00017043946657678045,-0.0012241643651921292,-0.0005890022014587129,0.002365599968687021,0.0005536418219665923,0.00023185259219682394,-0.0006354144361868156,0.0007046747351578726,0.0005129701544573388,0.00046648194228587203,0.00040565903161218417,0.0008496117678036615,0.0007815244340721885,0.0007057389002361369,0.00016954248591217807,0.0004993511868271749,-0.0012995105073484638
LAO,ssp126,mpi-esm1-2-hr,-0.01018673629852341,-0.003930161073237538,0.002658083055851558,-0.002596499795978298,-0.0013780177209406351,0.000970260733652124,0.0006784942189896528,-0.0001227914985420448,-0.00022221381985085988,-0.0006986802825075799,-0.0003105355064674513,-0.00010640573850379,0.0007044829701926706,0.00010851867336333548,0.0002710560135367997,-0.00027477846926052035,0.0007195545661772438
MDA,ssp126,mpi-esm1-2-hr,-0.008831942384245301,-0.021241993045020828,0.0014374630239716258,-0.0004816761261428727,6.878243424706885e-05,-0.0025403783788011175,0.001486273400160924,-0.008933607181066247,-0.0027032891194064173,0.0036346232951395187,0.0013179398129078506,-0.0005114967274687077,0.002565848910087314,0.0009706342664325588,0.005170252568964455,0.0010659152011013777,0.0014312733549119811
MEX,ssp126,mpi-esm1-2-hr,-0.00030821147767201606,-0.000394109394287583,0.0002673102790750833,-0.0004045961112615256,-0.0003279710081731427,-0.00024051359712614972,-0.00010616854891045537,-0.00022091727507810884,-0.00014039004912635536,-0.00010682680545912592,-0.00026577947095612756,-0.00016747023311281287,-2.6219271309118435e-05,-3.7564730579306214e-05,-7.645960998327524e-05,-7.695880395316884e-05,-5.402836789283479e-05
NGA,ssp126,mpi-esm1-2-hr,0.007563884485986022,-0.004110963874227755,0.0005272379329098684,0.00024274890827807053,0.00039515236154965064,-0.0008147605103033546,0.00045153294017021836,-0.00023680297292611417,-0.00012246440096660703,-0.00028286544692491443,5.697752461535616e-05,-0.00018931010188213783,-0.0001872898684043139,-7.442911926652522e-05,-0.00018397931162257453,-3.2358876095556125e-05,2.4480973042851767e-05
NIC,ssp126,mpi-esm1-2-hr,-6.095136484716425e-06,-0.007964707741931297,0.0051234593751620875,0.002352252624780798,0.0010889275663104327,0.0014369538365920477,0.0013269025527307774,-0.002212585460184285,0.000540463284453337,-0.0004006922200239877,0.0005600412777965224,0.00021543111406188223,-0.0008873734615708968,0.0006025763941371546,-0.00034416062004934416,0.0001548172784141251,2.7912872020860207e-05
NPL,ssp126,mpi-esm1-2-hr,0.006935300573122029,-0.01284400097476587,0.002174183618504718,-0.004424477700060563,0.00016786531397597668,0.002081821071273352,-0.000651226044650819,-0.0002260119741040752,-0.0013623959617527534,-0.0008904343146679768,0.0005389625080755417,-0.00028809211199800163,-0.00044432312350372704,0.00020130547658988348,0.0005295066958826759,0.0005195089480821763,0.0002134234495214905
PRY,ssp126,mpi-esm1-2-hr,-0.22508185494667915,-0.4192278149418068,-0.17469824756379587,-0.11649361695885464,-0.056404804895875314,0.08949032950554266,0.01680597008875656,0.07917552773092526,-0.07426108434044226,-0.0384973735471175,0.030434099532809518,0.021942950220591874,0.04466764984522906,0.025644400071312117,-0.0028931810634498776,0.00741722191555201,-0.019256061028191832
ROU,ssp126,mpi-esm1-2-hr,-0.0043813901266443415,-0.008861707343359617,0.00015423188583598273,0.0016256369907653718,-0.00019955603640874577,-9.464766301605486e-08,-0.0006835082446276038,-0.004740618594163399,-0.0036303328217901806,0.0018947021673684325,0.0012993060562847421,0.0008123936510870732,0.0003717814177165161,0.0007586979538503545,0.001874391166323485,0.00018352045639380513,0.0006234327519766982
RUS,ssp126,mpi-esm1-2-hr,0.004790029351658345,0.007981496082647975,0.0013016114875860259,0.005085388037122294,0.0036219576762480162,0.0034350697005547525,0.004211366210935975,0.0037329305038705566,0.0027531408498605767,0.0033677130984716016,0.002215624162980397,0.0032341846157241247,0.0044176353821693696,0.0034448297939819942,0.0023584945187369198,0.0014896196715408973,0.0021258496347806477
RWA,ssp126,mpi-esm1-2-hr,0.006997632348252503,0.00854452511794024,0.007661984531476732,-0.00282160277691659,0.0025406923828371255,0.00274075591258798,0.002410487101651073,-0.00029791782692742386,0.0013855623238948898,0.0011169651423287618,0.0008811726634315467,0.0006252722244517214,0.0006170721864075298,0.0005894408447372209,0.00020330078904548974,0.0003806731196779041,0.0003428919672496248
SLV,ssp126,mpi-esm1-2-hr,-0.001158530241743535,-0.0017042952180224885,0.0014066455632388965,-0.0005813567852387653,-0.000615157439436889,-0.0004010349783373546,0.00037651747310713673,-0.0010102126019602446,4.4050461738689106e-05,-0.00042205571212708995,-0.0004012737584145843,-0.00030924730020643986,-0.00041068531069043165,-0.00015037447999732758,-0.00033843958774226686,-7.768268723376087e-05,-0.00032492611818702523
SRB,ssp126,mpi-esm1-2-hr,-0.04285530485296613,-0.07865533738001242,0.014170126030630528,0.027256970811569515,-0.008045531184213276,0.018108188267847526,-0.008529517855955468,-0.04618364994953219,-0.0395834710582487,0.018942768563958913,0.02520942728272332,0.017501220676704125,-0.019682459306292057,0.016909210305834834,0.0070422143011560625,-0.0038528277128679583,0.0006803376303308467
SVK,ssp126,mpi-esm1-2-hr,0.0021553298233888954,-0.00394117712097331,0.0014390284058010796,0.0013903255381680919,0.00021787871168738322,0.002029552470803821,-0.0005851684130717668,-0.004726894652915417,0.0017352823826715473,0.0010862934342751023,0.002389334381260186,0.003590712230873766,-0.00012032275702942453,0.0036189193198454517,0.002039331252776916,0.0013322450122124764,0.002207945715061488
SVN,ssp126,mpi-esm1-2-hr,0.00020475479724159205,-0.00032769352246411125,0.0002700379431658259,0.0004014975240814843,0.0003417341152375372,0.00039923297273159836,9.53023047826872e-05,0.000278965535424244,0.0004007096613198518,0.00037509373485456566,0.0003188597319742862,0.0004320319069431318,0.00018120086427816137,0.00036816005839914666,0.00020476000342268134,0.00015613763055083327,0.000275877774899311
THA,ssp126,mpi-esm1-2-hr,-0.00022845744569359637,-5.3415633814598424e-05,0.0001870528940672756,-0.00014636572395190043,-5.097270915683032e-05,8.345635620915093e-05,9.348679646842976e-05,-3.078714566661457e-07,-1.751348252193903e-05,1.9036120204245e-05,9.497329976553149e-06,1.735613845029283e-05,8.589150728939211e-05,1.2572570886424747e-05,-3.931327041074382e-06,-2.882231509614345e-06,7.058096145108268e-05
TUR,ssp126,mpi-esm1-2-hr,-0.00017799721275622228,-2.5309256960870772e-05,-9.913837518746604e-05,1.0395436971446055e-05,1.3699275800649345e-05,1.3092820318143138e-05,-3.7276193574224636e-05,-3.066573363960083e-05,-9.144849722739781e-06,-3.7582880124146093e-06,-1.0233889771395255e-06,-2.3981237510057394e-05,-3.9890140607119934e-05,-2.4008459791115214e-05,-6.972928657990018e-06,1.1473761491763894e-05,5.9481124947479535e-06
UKR,ssp126,mpi-esm1-2-hr,-0.020686295545844294,-0.005092235736465371,-0.010869411819096782,-0.005776455240798102,0.003439680432623369,0.007077436901183909,-0.0016449882259203053,-0.021437722929666107,-0.0009132398494804612,0.008224713533194861,-0.005247916150343,-0.0036469061726565432,0.02060766737936409,0.0029187814544340586,0.01431210453832108,0.011797157276649543,0.004203585721053568
URY,ssp126,mpi-esm1-2-hr,0.08470331736812559,-0.009981723990575174,0.008281929155016897,6.16295851168464e-05,-0.019509380646315928,0.01764552840415662,0.011200532498688104,0.013197233979585651,0.008953445179174025,0.000637023855850225,0.0078711549661141,0.008566024265542559,-0.002129549507419042,0.01031895280919883,-0.0015710657070321825,0.00802512513840708,0.0021530092352445443
USA,ssp126,mpi-esm1-2-hr,0.0035554129530140613,-0.029779617186851088,-0.010900318308224658,-0.0345624084577397,-0.00010999076067761883,-0.008370899002035508,-0.002229252818340815,0.00015913182377890245,-0.005936039563512426,0.0016447360957670407,-0.003699205943289789,0.0016950454795186258,0.003248802653681337,0.007878918245638633,-0.004788819387135735,-0.01035864798737624,-0.011163293267559415
ZAF,ssp126,mpi-esm1-2-hr,0.0003810336310911139,-0.0042578083146444755,0.00048388652836528685,0.0033937378782183465,0.0023911709336135846,0.0009156508910959496,0.00101405994961541,0.0022245272765013717,0.0010405019111091067,-0.00010453892984164037,-0.0003253356981920286,-0.001969582328137549,-0.0008034858771364348,-0.0002230774609375626,0.0012905636541111294,-0.0031924873530136022,-0.00038769469079717283
ZMB,ssp126,mpi-esm1-2-hr,-0.005812504400304193,-0.009195760747656647,0.006240908144713148,-0.003181166016273244,-0.0052905781500255334,-0.0030486957115065513,0.00016685350317383055,-0.00011075578318938091,-0.0014741373492394951,-0.0020327326468833214,-0.0005223813620398479,-0.000708676909777314,-0.0003005654468610114,-0.0004837590246479189,-0.0002842777438860302,-0.0009146560318513375,0.000258914828168473
ZWE,ssp126,mpi-esm1-2-hr,-0.017402956369261202,-0.014653838753515497,0.0006482004414253805,-0.00306305733628551,-0.0036180661267084134,-0.0073040245056710685,-0.0003127129667269566,0.00047650380970088623,-0.002278417621864513,-0.0037240303109326092,-0.0007140208659345782,-0.0019673739043337257,-0.0007181294989395888,-0.001437989394709093,-0.0005939164745056431,-0.0020533255712864625,-0.00018163052838193495
AGO,ssp126,mri-esm2-0,-0.0006141235711696397,-0.0001449311423607745,0.00015636532875860988,9.10550719940824e-05,-0.0003809245466784866,-0.00015159268163138456,-0.00020300368061878144,7.98557896012343e-05,-8.981341588102344e-05,-2.161967849994329e-05,-3.353352281855568e-05,-8.156556235246459e-05,-4.033560091537181e-05,-3.858220485702326e-05,-5.342200816579137e-05,-4.724323337739642e-05,-8.83736725730105e-05
ARG,ssp126,mri-esm2-0,0.02060602256551874,-0.01471644075403552,0.0008343063726663082,-0.006283228603144389,0.001652232038490639,-0.0005733664117675249,0.0008135233899947395,0.0022395353958706643,-0.0012484624391152777,0.0012744140967386934,-0.0015871061327136303,-5.2054732610387055e-05,0.0006842058546903428,-0.00017597084608798492,-0.0012783120878104518,-0.0022311236704649724,0.0010001389398402063
AUS,ssp126,mri-esm2-0,-6.08244129213269e-05,0.00017503084635782455,0.00014505777161498532,-0.00018426634105932544,-1.2323609166406702e-05,1.8272887143918494e-05,-3.5105732673095964e-05,-9.70429223314784e-05,5.852238151871891e-05,-0.00016382956549685046,-1.1446457382670587e-05,3.211688518610248e-05,-7.636274393097325e-05,-4.601250707162286e-05,-9.945598030146624e-06,-4.8645189307707374e-05,-6.499133248469539e-05
AUT,ssp126,mri-esm2-0,0.0023488613064368115,0.003091543912521763,-0.0004093473898717848,0.001804538821864232,0.0028439930927523973,0.0023312403768780306,0.002563539770832874,7.265305340295416e-05,0.0029839284130447723,0.0003903137795211946,0.001635701724467521,0.001706790580946296,0.0014231174275658454,0.0020327261312968756,0.0024859743443632052,0.0016184333063123525,0.0019745681353066083
BDI,ssp126,mri-esm2-0,0.001207222681866631,-0.0004911745810092665,0.00045158341147381143,0.0002563693086482376,0.00013676546219379838,-1.4952940221296902e-05,7.754016445707148e-05,7.081915629104714e-05,5.1606239228106936e-05,7.479917316385074e-06,1.524754945555537e-05,4.1827200818931125e-06,3.0819815250719615e-06,3.444947631079219e-06,-1.5080092646952643e-07,1.8467310608426188e-05,-1.3483945842704212e-05
BGR,ssp126,mri-esm2-0,-0.00029300231976255915,-0.0003705391540706992,-0.0037081149603159537,-0.0007986890694980993,-0.002403580626896197,0.0002796369034089352,-0.0002771990298914402,-0.0008445861103631984,9.179245873358185e-05,-0.0009479503260695168,-0.00044655828687585885,-0.0008078318020177154,-0.000751939515026651,-0.00030821448452421135,0.00033786700721242325,0.00013002147123111372,-0.0007344772492010998
BIH,ssp126,mri-esm2-0,-0.002620967374552612,0.00512414458884301,-0.014284602953616315,-0.003833696762392727,-0.00013200001137453286,0.0027541362679653317,-0.0067951761402406975,-0.007638734297959058,0.0022847239345287246,-0.0012463136245868295,-0.002912478071732386,0.0024547869139219677,0.0003712525920447866,0.005837956929951303,0.011536469681046739,0.00794405658145381,0.013975886538483636
BOL,ssp126,mri-esm2-0,-0.24042579399064382,-0.5113291749157353,-0.05778922611237475,-0.09590649714625776,-0.21077553056390638,-0.041451274049542235,-0.1422273314083924,-0.08895063139920188,-0.0634028385860358,-0.05523430962794106,-0.04263527788721755,-0.01911981819611235,-0.052984972970348154,-0.01181398330018026,-0.053902341533464626,-0.032954192263242546,-0.017095979154850033
BRA,ssp126,mri-esm2-0,-0.04825100963832724,-0.04213541413560473,0.015719751833725683,-0.07784775693059807,-0.04714013133215811,-0.05293992515310879,-0.07301517913210288,-0.02975205106142383,-0.018345192827882252,-0.03783734700258429,-0.036815826106347066,-0.026757900645846103,-0.013198091168695731,0.0014561411621857442,-0.021272510483338388,-0.01330105194813036,-0.02106257444120457
BTN,ssp126,mri-esm2-0,0.0017697141641019381,7.96045668998951e-05,0.00013269308642269737,0.00012202946703445216,0.00014533194389667911,9.679103508374354e-05,9.945209716183371e-05,9.348746518121388e-05,7.223703145797115e-05,6.67529192545818e-05,5.820578470078355e-05,5.132572068295888e-05,5.3561849682740485e-05,2.2042355338661626e-05,5.143176131936256e-05,4.015645733128604e-05,3.514882777609911e-05
CAN,ssp126,mri-esm2-0,-0.00940915508557875,0.012745298847740505,0.007802678312299233,0.003514651961554063,0.011732552897391767,0.001015885367432763,0.004041204583858564,0.0040682369786088,0.0034982361209595332,0.0030680721679638232,0.0003713860413791064,0.004269011616395488,0.006165446149310295,0.0019077216885727303,0.0038737261470253854,0.0036370026096321085,0.002873472243148549
CHN,ssp126,mri-esm2-0,0.007304176769374445,-0.005488503980329825,0.0007254195969003454,-0.0012398166169647086,-0.002215546776210325,-4.459232596934043e-05,0.0016885657756105057,0.0015340083056039986,-0.0008848933047200723,-0.0014003589772317898,0.0005161927291454844,-0.0027213227299256056,-0.0008629606603980444,0.0001602269168476011,0.0013934715067922979,0.0010170952228029447,0.0009010299042568145
CMR,ssp126,mri-esm2-0,-0.0008647083090051989,-0.0006138558140582544,-0.0003936613316781808,-0.0004434007859407046,-0.0003242768660666113,0.00010067903878806573,-0.00023854145243754714,3.4151327826155213e-06,-5.710862373798277e-05,-5.254070460395155e-05,-8.523477630694543e-05,-8.445478751365559e-05,-9.380529227920105e-05,-3.940771257928465e-05,-5.261159096019512e-05,-7.56845444967419e-05,-0.00013999170647869128
COL,ssp126,mri-esm2-0,1.9713205676451603e-06,-0.0009577945539718869,0.0002467785128287408,0.00036114543853807917,-0.0002754845236114232,-0.00043074361727229825,-0.0003730732442945948,-0.0005713655203878404,8.755918312343634e-05,-0.0005314574170989519,-4.870741207943746e-05,-0.0001414132491846286,-0.00023856529000607196,-0.0003799391149255106,-0.00015950714323275685,-0.00018676609403926517,-8.364860880414698e-05
ECU,ssp126,mri-esm2-0,-0.00024313432928845134,-0.00038713557290243045,-0.0006008745854082429,-0.00021321952655553865,-0.0008808290231604549,-0.000502020615061729,-0.0003613265456983564,-0.00015616906887929075,-0.00025843990328191325,-0.0003797941179333611,-6.995157951960552e-05,1.4988101192910852e-05,-4.152058552691437e-05,-3.02796453047556e-05,-0.00019339355595111493,-1.873405122915577e-05,-0.00010202268549963102
FRA,ssp126,mri-esm2-0,-0.0001949553522858585,0.00046742142940618464,-0.0011392797657835136,-0.00040991288969468957,-7.043335213948337e-05,-0.00013393448667849782,-0.00013928512777412738,-0.0007129202307009179,0.00012545052109998775,-7.579383188143954e-05,-0.0002276159924960523,-0.00021799795357676274,3.787039668619694e-05,-0.00014800416452597152,-3.936133247951007e-05,6.3667942503376e-05,0.00019448150083073695
HRV,ssp126,mri-esm2-0,0.0034528556095068993,0.056325301187523116,-0.10303651479610665,-0.022543111112784647,0.048723924501330285,0.049218113767466654,-0.04142991855844407,-0.08669370464353207,0.05796580223070026,0.009144633274662282,0.01115125077860117,0.03979250370864631,0.034573306749142274,0.05716484406614312,0.08899868755601308,0.055238746910041193,0.0856681107712631
HUN,ssp126,mri-esm2-0,-0.0005696400945818079,3.562349906581489e-05,-0.003562996883143302,-0.0006389562430741911,0.0007121238517530941,0.0012308134122215352,-0.0017165718636628908,-0.0018591202752818883,0.0010791399012096926,-0.0005366837518185741,-0.0004894941938954203,0.00023226403924770828,0.0008255781559125167,0.0002989802349065242,0.00215286804980293,0.001177420394765436,0.001820923979783703
IDN,ssp126,mri-esm2-0,-0.0009798089126101786,-0.0007429364334073543,-0.0009693854413739954,-0.0006908724788716707,-0.0006977783677436537,-0.0007582408175914296,-0.0005384475753104866,-0.0008005182688040466,-0.00035035631515218437,-0.0004927592380454638,-0.0003185544358038901,-0.00021295342932459854,-0.0003261851927503504,-0.00039132813091127675,-0.00040300965169658473,-0.00016304342453056145,-0.00021872969384814382
IND,ssp126,mri-esm2-0,-0.03984142596241378,-0.014924541854045506,0.003102366859601749,0.0095333487996051,-0.006582766596568786,0.0012913045496884578,-0.005362953946930697,-0.005289921422449776,-0.001108064066075995,1.9618808858381594e-05,-0.00011784881305860601,-0.0010792613775241107,-0.005859330715888904,-0.0028665044485691633,-0.0025609758392948156,-0.0013387866528856822,-0.0033325658898698206
IRN,ssp126,mri-esm2-0,-0.0012343498765604083,-0.00041098890962789074,-0.00028756362610669086,-0.0006602279084760288,-0.00022116081811323794,5.317606667832559e-05,-0.00040331966760745095,5.6758996987527685e-05,-0.0002793349358464208,-0.00018962428604617345,-0.00021504240430697145,-0.00014000627988528224,-0.0001231290307423771,-0.00010476362425012918,-2.75472666294025e-05,-0.000149591169523199,-5.622712437032713e-05
ITA,ssp126,mri-esm2-0,0.0009526264599982314,0.0018116987853316604,-0.0014207161758975437,-0.0005205549903567273,0.001028939544877072,0.0006867164104276522,0.00017322901342792233,-0.0018580478053121748,0.0009534373256620109,0.00021515049992991983,0.0005103914477453394,0.0009571416371017775,0.0006682544323390863,0.0005781740623959948,0.0009395951315290892,0.0006317816268376005,0.0012096303330468006
JPN,ssp126,mri-esm2-0,3.7918844876500655e-05,-0.00014349672354938697,-8.842482654739697e-06,-0.00024061128560870227,-1.4929877804916861e-05,-0.00022623974034939812,-8.890331627038941e-05,-2.3790852308915757e-06,-0.0002100425416097776,-0.0002245365075336788,-0.00010187731275915954,-0.00015770369242737258,-0.00013495647372387787,-9.912097457588507e-05,9.157800037434317e-05,-7.976076751690102e-05,3.1526639982990745e-05
KAZ,ssp126,mri-esm2-0,0.0007442209488308724,0.0011353308403292586,0.0015224607372328074,0.001559730407009154,0.0014507900364845474,0.00020672743122073385,-0.0006768876878232783,0.0006060217155139105,0.0001530528107639782,0.0008888401640654726,0.0014024620784170115,0.0017259614454843298,-0.00018854281546772962,-0.00014577109670154168,0.00018269293981415706,-0.0001229296448961108,-0.00042308940063207426
KHM,ssp126,mri-esm2-0,-0.006618054812646611,-0.01748284007871768,-0.007670811286830848,-0.007043382398134161,-0.005120785895414752,-0.007864426276366574,0.0017810923902676478,-0.004813811440505309,-0.00037724933877856983,-0.0007266558918865121,-0.0005452763214066316,-0.001843333930254088,-0.0003990511883198371,-0.0020328585292007768,-0.00040326271725589876,-0.0009034002416737143,-0.002430973208479954
KOR,ssp126,mri-esm2-0,-5.8753945949572186e-06,-0.004640555082989409,-0.0003632184571464148,-0.0013476499434967486,-0.0013822281358996382,-0.0028177237676857724,-0.0005124364169698095,-0.00038599087042821844,-0.0015100001722155036,-0.0014081826587300818,-0.0011775058712454136,-0.0012307207760921784,-0.0006523411071440471,-0.0010388320664874817,0.00023397624627024882,-0.00023351404243848362,-0.0009667808203767121
LAO,ssp126,mri-esm2-0,0.002574128687048377,0.00018522024988508167,0.0006936975997840999,-6.16342047185019e-05,-0.003260540776266227,-0.003066650151962589,-0.0026331449723587916,-0.0023012054912086343,-0.00042062759970588876,-0.0007815602883884156,-0.0008453931360128568,-0.001553182990564627,-0.0013444572614212974,-0.0010725906247824504,-0.001083852888947521,-0.0010063323870344156,-0.0014514899011290304
MDA,ssp126,mri-esm2-0,0.0004997002459593489,-0.01622802242587867,-0.03279907302704335,-0.00797320058071064,-0.01803200483420105,0.0031912776242755793,-0.0021162307945837115,-0.009668822095207348,0.0004972167038822963,-0.00813876819900329,-0.009186218116865723,-0.0036996846564197098,0.0015633305788248547,-0.0012829371513775624,0.002789031327452892,0.0032634539512624077,-0.0027027275265396897
MEX,ssp126,mri-esm2-0,-0.00043591718398807724,-0.000968483918476459,-0.0005979723943446286,-0.0006473988135435649,-0.00045725132230693325,-0.00037837796037192765,-0.0005674657583783397,-0.00046228547254203545,-0.00029575842408731526,-0.00045666253733247337,-0.0003848219286719784,-0.0003386501175547691,-0.00021197709759012047,-0.00010168161081971008,-0.000332622876099878,-0.00010975601695536959,-0.0003931561126022874
NGA,ssp126,mri-esm2-0,-0.005737588120528805,-0.0010202307491867539,-0.0009645345946194361,-0.00145740413840505,-0.0012571128551615055,3.222610810446999e-05,-0.0004894080869971148,-1.742556717172903e-05,-0.0002583294649927507,-0.0001588511289868607,-0.00024000596419961173,-0.000268341801870356,-0.00020941218396270035,-0.00013649521432495466,-9.471231124061366e-05,-0.00016684145892048013,-0.00019364103316318423
NIC,ssp126,mri-esm2-0,-0.004823837276470044,-0.0004483392444031311,0.0008077359312362096,0.001546951442591669,0.0016471169445564427,0.0014038462999162423,0.0005012629716834045,-0.0005894792817134136,9.581628034717456e-05,2.0689513637484272e-05,0.000621651846228396,-0.0005519837239914837,0.0003787198858948197,-6.647373848329364e-05,-0.0005128349213219032,-0.00011550237428370397,4.9578143754096624e-05
NPL,ssp126,mri-esm2-0,-0.020171099583905363,0.003210982645232367,0.002943868390490938,0.0013960402244510743,-0.0022342849720903488,-0.005444726303544107,-0.00021027617512694432,0.0008665469319932866,0.0004177139979044575,-0.0013551017272213557,-0.0004795507110652782,-0.00039525229756879975,-0.0014427133718816446,-0.0013874700912318507,-0.00024936850896159913,-0.0013724663824375032,-0.001453522814158952
PRY,ssp126,mri-esm2-0,0.4014547819342261,-0.3039347257411025,0.15686922760739555,-0.11040114890060189,0.035341799399205814,-0.0012236149196819528,-0.13960388952109476,-0.03367715465128309,-0.04129740257052467,-0.012952871197347447,-0.013775024095173581,-0.016267099551825426,-0.014443588516035239,-0.002998057041756444,-0.07024016752008597,-0.054800194167686965,-0.013443336847254798
ROU,ssp126,mri-esm2-0,-0.001171529089255404,-0.0023655627510998944,-0.010449464007437128,-0.0025294355566343168,-0.0071094272466240985,0.0014462788726911054,-0.0012272070315512557,-0.0035331319789899955,0.00040986074027024914,-0.003508056228120101,-0.0029411229775282,-0.0027168100225501103,-0.0011604890528277068,-0.0011912744868132262,0.001486339524442613,0.0013299842765195145,-0.0016639001764775113
RUS,ssp126,mri-esm2-0,0.005920552251296109,-0.0016811473544087897,0.0065289759160371205,0.001239795879225268,0.006214627062586619,0.003999091782518119,0.00380762020607376,0.005372545164042791,0.0005974936753767906,0.00218574589662712,0.0031645730224043648,0.0036423410816429974,0.002529090066851904,0.0024822039294050283,0.001354289378736751,0.0013370130987004915,0.0008681994833811484
RWA,ssp126,mri-esm2-0,0.0063915012783251485,0.00037529283234443323,0.0037495390219236414,0.0032862622814731875,0.0027761940864740654,0.0006215416271801164,0.001761885315707114,0.001552905615242755,0.0011760822343709501,0.0003093728854744973,0.0004594705685681087,0.0005808635492715287,0.000497697035152707,0.0002832883646406554,0.00018271823946956764,0.00039427481369262826,9.448937370268475e-05
SLV,ssp126,mri-esm2-0,-0.0011848302853844635,-0.0013431840900012322,-0.0004354982359796521,-0.0003791777689640845,8.268910162461544e-05,6.341370308420594e-05,-0.000964244876579282,-0.0013662159967327114,-0.0005551966712335485,-0.000486734280438567,-9.167739420423293e-05,-0.0009418827342866574,-9.961228253961316e-05,-0.000437714718028283,-0.00032358325399178676,-0.00010091785021621157,2.2550423360751213e-05
SRB,ssp126,mri-esm2-0,-0.011895379983933885,0.022387072127366216,-0.06287910348294994,-0.012982587204158933,-0.029093559727049374,0.015036599534121384,-0.022869448191303373,-0.017584386082340524,-0.0013088653254425939,-0.022874769146120907,-0.018688359597233854,0.0029742668388146143,-0.014270236589227403,0.01568483026556443,0.02595086616728777,0.018866767740323205,0.014793180597525761
SVK,ssp126,mri-esm2-0,0.005095730187248906,0.003773038805041014,-0.00272676616137805,0.0006909249856375527,0.0036949921523117555,0.0024976340064777657,0.0031562401771705493,-0.0007246831383446275,0.0030607893699005763,-0.0008252777499238441,0.0018380070428396307,0.0015278578491998832,0.002059403678236304,0.0028629278780325906,0.003853555867449507,0.0026774716383514714,0.0030888679400539083
SVN,ssp126,mri-esm2-0,0.00045620846044757,0.0005445449129276308,0.0003790684299434695,0.0003797110241301376,0.00046341479732755564,0.00039647321199942664,0.0005042304831584015,0.00017442764921287015,0.0004790589452201712,0.00040139355667171876,0.00044783169537162697,0.00044771850183982507,0.0002608246705544816,0.00039132107514764324,0.00039941407142475875,0.00023266622648357777,0.00037060175359198485
THA,ssp126,mri-esm2-0,2.4590238507429064e-05,-0.00011504435121317281,-9.007893193788515e-05,-3.584938317885754e-05,-3.893081458588226e-05,-0.00014349853710561404,-2.7992417635031168e-05,-4.9413192637241183e-05,1.9029284669949197e-05,-2.5885381209297195e-05,-2.2893705276061893e-05,-7.130359438819957e-05,-4.3416244765302724e-05,-4.971274359254004e-05,-4.483937812217974e-05,-8.566442658658055e-05,-0.00012870900131861524
TUR,ssp126,mri-esm2-0,-0.0002397128931896126,-0.00016338340656928295,-0.00013145862861093792,-0.0001409801668623009,-5.8992123515653374e-05,-2.929872852195293e-05,-1.0039042980956318e-05,2.6464083873269545e-05,-4.775313251854105e-05,6.344848085846429e-06,1.2060028276938882e-05,-9.214850594209164e-06,-2.8996890467714063e-05,1.7273663821218926e-05,-3.3138986764154307e-06,-5.278266645665477e-05,-8.767898319842867e-06
UKR,ssp126,mri-esm2-0,0.038327499527337806,-0.05909802639944409,-0.0800633996452548,-0.005796967862972062,-0.007690383901511639,0.019250761427336994,-0.00028803413437682575,-0.0009500039364157605,0.016072447037579953,-0.0003366123473706006,-0.017132729992798017,0.011179651834340668,0.011488887527653108,0.019672361766495082,0.00544765422637796,0.005205230796703832,-0.01245989931080844
URY,ssp126,mri-esm2-0,0.039544483668221504,-0.0521678741942183,-0.0012383251093091116,-0.02311788014564765,-0.0054807373356344415,-0.0027188697672054247,0.006804955360227396,0.01902993166436963,-0.004067898210076087,0.016204236170970394,-0.013018133775049304,0.003851827639352247,0.01031707788006678,0.007145145859976197,0.0031426209778050848,-0.017520068524403964,-0.0006053993665749881
USA,ssp126,mri-esm2-0,0.0038175521492530427,0.010936676872091945,-0.008415967257333904,-0.028284041416911775,-0.004995314842459081,-0.007210250244108251,-0.00668036262806712,-0.006850042802769121,-0.016138705967924563,-0.0013141335548626208,-0.0147036173779102,-0.0009361355568024444,-0.004121234373616652,-0.002815066285428928,-0.0004919253497380155,0.0012262136616578098,-0.002433936726941741
ZAF,ssp126,mri-esm2-0,-0.006201483900051369,0.001868765733953805,0.0002500298403369045,-0.007167160338579737,0.0020555997756444857,-0.0021404399302592772,-0.0006087868397670654,-0.0006800810128409623,0.002795918221815393,0.0007449766270871116,0.0018294192161525554,-7.72338260157955e-05,-0.0013733509579883295,0.00010645224134795607,-0.0003422456876858103,-0.00044892713516295397,-0.0008676489720379856
ZMB,ssp126,mri-esm2-0,-0.007695243147621808,-0.03279138963264842,-0.0015372766909751445,-0.016376292347818698,-0.01234268211393798,-0.006833545662373508,-0.005316470006274509,-0.0011135451567738926,-0.0008129525775316767,-0.002267276863857959,-0.0012704364430163597,-0.0015853230018875917,-0.00036415185098200405,-0.0014865161137555972,-0.0008748422061116844,0.00017591648541861,-0.0011642341472638505
ZWE,ssp126,mri-esm2-0,-0.04100967406605401,-0.05212214433445732,-0.004516069649952857,-0.02957366470958578,-0.013733250863110221,-0.013952045628030072,-0.011199285785527197,-0.0005255332526265143,0.000993714081876671,-0.004496573666182709,-0.0017661640260831256,-0.004157269606070799,-0.0012400861435851492,-0.0033529194821287174,-0.0022077499029645744,0.0008514345098597833,-0.003284753137642497
AGO,ssp126,ukesm1-0-ll,-0.0023663789728868693,-0.002102765360997512,-0.0017016039301754136,-0.0016880091078681724,-0.00045782541810312984,-0.001154433476397027,-0.0006670782287884036,-0.0006919512093682344,-0.00024794231488872953,-0.00025132408619473324,-0.00033727363971540215,-0.00025359356634651497,-0.00024302809511524603,-0.0001650038676140665,-0.000171240815887224,-0.00015844967610691737,-0.00015139845934893786
ARG,ssp126,ukesm1-0-ll,0.05255750048076053,-0.007061090614212537,-0.006446990210415566,0.003548905010063085,-0.0014344715144485678,-0.0008432916998731639,0.0022432256592778473,-0.001537305687380498,-0.0018543637030855131,-0.0034804159146780192,4.5201688044029205e-05,-0.0033827097035582796,-0.0030190203813253128,-0.0019595022001066644,-0.0011030709443598634,-0.0018553869225276785,-0.0006087105850538463
AUS,ssp126,ukesm1-0-ll,3.312643364605346e-05,-8.52195599084267e-05,0.00012268694657313728,-6.857315067099387e-05,7.015541671947282e-05,-0.00014895901250582656,4.7316215998607833e-05,-0.0001140079037160928,-0.00017107717580193044,3.3929941687842796e-05,-0.0001856611141701148,-5.3567018638924e-05,-0.00011093038471102936,-1.2648996343963284e-05,-9.106885945429116e-05,-6.516494243374484e-05,-3.113469880402213e-05
AUT,ssp126,ukesm1-0-ll,0.0007300467263594548,0.0014368405465348063,0.0038909565993081705,-0.0017557913667717473,0.0006108474235163801,0.0002205037585106475,-0.0006510816647235826,4.0095257405191496e-05,0.0002215809951994443,-0.0005433647261522531,0.0020756392874602464,-0.0019688458912235623,0.0019078938701710102,-0.0017275711039101737,0.0007341375186036966,0.0007533821751170985,0.00014293184357665078
BDI,ssp126,ukesm1-0-ll,0.0016029332160500513,-0.0007029374319997274,-0.0005090605869241753,-0.0005773713321498741,8.492748939818903e-05,1.6650162988854297e-05,-2.9785558577791528e-05,-0.0002472551937369635,3.271013332028169e-05,-2.7205677759133587e-05,-1.2704662952636998e-05,-1.4796728369577063e-05,-3.6441259883562966e-06,-9.768109490753634e-06,-1.4142684181652108e-06,-6.5538406427488835e-06,-3.9818203083894086e-05
BGR,ssp126,ukesm1-0-ll,-0.00248555406750929,-0.002587381844077732,-1.2893763876351216e-05,-0.0014017188405898405,-0.0011228193367315864,-0.000897114219976624,-0.0006576837178176965,-0.0012825838462447556,-0.0013857384820243036,-0.0018917644229335241,-0.000300274733412327,-0.0020500063298405802,-0.0018163603512701086,-0.0023549733252127445,-0.0006937564570808234,-0.0012170040490489874,-0.0012154920655213272
BIH,ssp126,ukesm1-0-ll,-0.008643940820098775,-0.019416880021465133,0.005875527861329508,-0.0058820858614953625,-0.0021174593175408555,-0.0038884440151180717,-0.009486577915958656,-0.010216216614077596,-0.001032601789414789,-0.011855029028213547,0.0011932598774427015,-0.020548495975679378,-0.00615493299471468,-0.02105493967950616,-0.009934275548285684,-0.015832112854551807,-0.013443521446581489
BOL,ssp126,ukesm1-0-ll,-0.2793347148254213,-0.3900998410986073,-0.2420571364479632,-0.35169854824806723,-0.26031376765880515,-0.3149116529626196,-0.14387470644901373,-0.19594887079790016,-0.1613171275811621,-0.10155258179119901,-0.06998112680113926,-0.10284120639817444,-0.10466818036074957,-0.09824037967279592,-0.1071936045523775,-0.06104296885173393,-0.09042709167530077
BRA,ssp126,ukesm1-0-ll,-0.050233399218076985,-0.05423608827099599,-0.08845764382680213,-0.06771143254483827,-0.0860245489797169,-0.16339667250677323,-0.0954204607244238,-0.10475087958681756,-0.07387617978755655,-0.07770484687020326,-0.07543979765565885,-0.08829014105766939,-0.0898229750064295,-0.08255142392970923,-0.08656386966035837,-0.05398914253467757,-0.05990659921001901
BTN,ssp126,ukesm1-0-ll,0.0020134394819675606,0.0004133680383654427,0.00025896573591261464,0.00018731235050005243,0.00014947404184942144,8.530527180736359e-05,9.406920793331257e-05,8.663433784077595e-05,8.16604587426143e-05,6.806936690845287e-05,5.890114452656434e-05,5.691255375058147e-05,5.603412159092386e-05,3.477610855461367e-05,4.699850458013979e-05,4.479816651907266e-05,4.1591088900988976e-05
CAN,ssp126,ukesm1-0-ll,-0.018135796638256957,0.002237589247576132,-0.0036869027506450064,-0.00734679807924691,-0.02415007319805426,-0.013170226652012201,-0.01664473713938075,-0.01859916439425322,-0.0039406544532746566,-0.016006403826810286,-0.009220060143081053,-0.0057620106746818734,-0.009491804537062207,-0.0010984891185255316,-0.013008241430191057,-0.00503336615274014,-0.01207351534130337
CHN,ssp126,ukesm1-0-ll,-0.00010576264240444108,-0.0001539717612153617,-0.0009089751054710674,-0.004613649023205207,-0.0009171346716941755,-0.0030819649812524183,-0.0028273389142419772,-0.0028620170404445246,-0.0022724533356355183,-0.0003658080384141874,-0.005687128732383917,-0.004359553148280672,-0.00273730887534552,-0.004500981808108966,-0.0032387748734116033,-0.0032421466510033077,-0.003935801022791423
CMR,ssp126,ukesm1-0-ll,-0.0005907007221366232,-0.0006077151259181084,-0.001742107634282873,-0.0013651324505033378,-0.00011905120205256829,-0.0003668906162466038,-0.0004886157750595919,-0.00041179196828845327,-0.00017780660227425607,-2.4761499294975223e-05,-0.0001653886671396476,-0.00020067795083553372,-0.00014100071156083436,-0.00016467455796571442,-8.365673587506802e-05,-9.948082042321678e-05,-7.949948614425763e-05
COL,ssp126,ukesm1-0-ll,-0.0001444581673835179,-0.0009344789929187554,-0.0006619757366914271,-0.0014072594509770366,-0.0008475005990519372,-0.0022395833780056666,-0.0013496267860008137,-0.0008785622462372482,-0.0002419463581318552,3.427806882707781e-05,-0.000717508147073797,-0.0003640016011381085,-0.0008495168504892833,-0.0008872957462651792,-0.0007215907515360741,-0.0004922634681294054,-0.00048366068794272564
ECU,ssp126,ukesm1-0-ll,-0.0008698398128894707,-0.0018056844194145748,-0.0019107275225402095,-0.0023522687832778287,-0.0011903446501037804,-0.0023445698731734553,-0.0012934341053934355,-0.0012774732247709268,-0.0009605100028637896,-0.0004963002529555841,-0.0009504502086843604,-0.0007647771876927916,-0.0005452372281039905,-0.000539755232745337,-0.00046498738556347317,-0.0004728102158590854,-0.0005663874052966609
FRA,ssp126,ukesm1-0-ll,0.0002531630858040154,-0.0001484142597212541,-0.00036287025545624166,-0.0014012684172749585,-0.0009996590930700917,6.084691987760483e-05,-0.0006713570443406812,-0.0007461465506696558,-0.0009290373148770839,-8.748784906198727e-05,-8.487122997055324e-05,-0.0005842470693345267,-0.00011539538573556616,-0.0006715069076270153,-0.0005167302821381894,-0.00039123561573889637,-0.00037109951825461376
HRV,ssp126,ukesm1-0-ll,-0.008072608929914855,-0.1345052110612842,0.09551575382327356,-0.039007962523907036,-0.00020849061239787715,-0.0343665604122887,-0.09897638693892916,-0.10168262316623694,0.015010078906696573,-0.11649010194708441,0.02832411250426673,-0.15557613613076424,-0.00956788972762004,-0.11481872763755208,-0.06068857374988729,-0.06297604676367803,-0.06687143601096796
HUN,ssp126,ukesm1-0-ll,-0.003975491168326447,-0.00581830050828528,0.0026560560387500014,-0.0023269754600104883,-0.0006438771787784471,-0.0018381389312567046,-0.004237613960547234,-0.004169056517108729,0.00018086019121664958,-0.004061801588403115,0.0007336232795779587,-0.005392528524269178,-0.0006318227869941792,-0.004612196338156864,-0.002375332560391773,-0.0026700017849258296,-0.002124732998560067
IDN,ssp126,ukesm1-0-ll,-0.0008657473006553585,-0.001376904275369964,-0.0006314691427321531,-0.0012513312134889614,-0.0009453442723121696,-0.0012543336111272656,-0.0006879977403089082,-0.0005459150953591343,-0.000905890257422975,-0.00025192037103980076,-0.0006100954992450873,-0.00038986252328272676,-0.00039065430083413494,-0.0005625090903165078,-0.0002784559333960396,-0.0004224091309936915,-0.0003599444453474317
IND,ssp126,ukesm1-0-ll,-0.013640658558376295,-0.0006373279553384796,0.004962140430147504,0.0022012314667327944,-0.0008357041623561507,-0.0005842374102647375,-0.0012118292280313963,-0.006045513465382061,-0.000737518653701532,-0.0004732725175252736,-0.0028164413925389122,-0.000706102171624723,-0.0013711600615216879,-0.0018345770195708165,0.00025778623915100496,0.0005449788559026158,-0.00040851790244162485
IRN,ssp126,ukesm1-0-ll,-0.0013909691803318937,-0.0005226300517208915,-0.0007336347450419236,-0.0002545552943002815,-0.00019397764714786849,-0.00040445709552631157,-0.0003995478418370305,-0.00016760937967663298,-0.0003386785614053014,-0.00024330560271374903,-0.00018072359686428836,-0.00021978766236646364,-0.00021940503119877405,-0.00013947349750712977,-0.00015278550724809285,-0.0001252123342738277,-0.0002099355567145671
ITA,ssp126,ukesm1-0-ll,0.0008533255993697778,-0.0011820403731284178,0.0013330080850123007,-0.0009608529451816456,-0.001744819916718369,-0.0007101572950074148,-0.0005129577346227466,-0.0011222867651397605,-0.0012337909006941894,-0.0008464692803759257,0.00027697137030355067,-0.0013202632350978918,0.00015251430102826256,-0.0015804938177420133,-0.0005006468137774674,-3.15203799513223e-05,-0.00035089692560739873
JPN,ssp126,ukesm1-0-ll,-0.0002430794813631935,-0.0008819322535736067,-0.00045945926245727006,-0.00048684796649397773,-0.0003469686727137146,-0.0005706455895680742,-0.0005748804998827466,-0.00010700225723185156,-0.0007496500104220749,-0.0005518351099877161,-0.00029938899255924236,-0.0001386418563730185,-0.0003969420664344202,-0.0006639202740615033,-0.00016311620340123513,-0.0007464659294325416,-0.0006393980068783132
KAZ,ssp126,ukesm1-0-ll,-0.003100313967579996,0.0002970650595267271,-0.0010393770099832243,0.002034541531269665,-0.00032715586422571257,0.000525073145874823,0.0006191425764262428,-0.00034742719332458933,-0.001771790664829756,-0.000390179734181898,-0.0009521144422361698,0.00014524066521971586,-0.0007234127320343283,-0.0004230921408825659,-0.0016117341220616634,0.00029791065700592403,-0.00041387282698187667
KHM,ssp126,ukesm1-0-ll,-0.00599710331056912,-0.03232412934327082,-0.0066008258356843605,-0.011708668959811189,-0.014104663835507,-0.010407316963154974,-0.002238365799550937,-0.00579839935890609,-0.006009409718337692,-0.005009562438508547,-0.00449992942320549,-0.0022527994057557443,-0.0025367218952459555,-0.0014665615606798852,-0.0021124701345298647,-0.002197835810606422,-0.0020133635707600974
KOR,ssp126,ukesm1-0-ll,0.0007288744971962885,-0.002783166804349081,-0.002024275683310547,-0.003698055422695189,-0.0016428058801630108,-0.0020065920664110687,-0.0014600213815693479,-0.0013487697585291398,-0.0018704638997501565,-0.0012654021406238287,-0.003921589329903,-0.002176842728551957,-0.0023588180247230144,-0.002828724698465235,-0.0015595187561103414,-0.002731298009673255,-0.0021994463009084087
LAO,ssp126,ukesm1-0-ll,-0.013216964530297762,0.0002217961947390723,-0.0012042246306500544,-0.00015380452568368124,-0.002116834412560974,-0.0011544951589060688,-0.0007516069010240701,-0.0008481393041443477,-0.0010811226198925892,-0.00013515241654057914,-0.0019701175367622037,-0.001074901641934499,-0.00016876417063740025,-7.865369636189613e-05,-0.001018879318554189,-0.0003050947220128733,-0.0007419017868435566
MDA,ssp126,ukesm1-0-ll,-0.043812330764888004,-0.018686827687159284,0.004422994966312762,-0.015554700094803947,-0.00725547312687934,-0.00587864241957636,-0.0006931691456498597,-0.01151531289157167,-0.0030186291552276342,-0.011034554542135559,-0.000379935445909575,-0.01289956760546379,-0.006967873443980958,-0.010637509431615507,-0.00035892631865101543,-0.007704350806212021,-0.009024276931284797
MEX,ssp126,ukesm1-0-ll,-0.00042887887324133774,-0.0009359546363346268,-0.0010823907108650672,-0.0006184511922690169,-0.00039169187597933985,-0.0005842981855399779,-0.0007608883959671472,-0.0006699742229280092,-0.0005617753256872216,-0.0003282079035931363,-0.0005274143983831205,-0.0004223693767973797,-0.00027115961458406163,-0.0005222287827761121,-0.00042691026701475847,-0.0003141847297336922,-0.0002980805913130516
NGA,ssp126,ukesm1-0-ll,-0.00505841411033299,-0.0011632524378272567,-0.0050338423910366,-0.004988849235774081,-0.0009395368744063947,-0.0005998414490811639,-0.0009555008716294304,-0.0015855090200104377,-0.0005782934491979303,-5.3273210419342144e-05,-0.0004899201760468998,-0.0003722034183270157,-0.00023985181328107157,-0.0002564661253401392,-9.23730021414858e-05,-0.0001757238829922513,-0.00010078725412191006
NIC,ssp126,ukesm1-0-ll,-0.016851139212717928,-0.002283989284164414,0.0014069172162033028,-0.0019804292356742745,-0.0011482733403375472,-0.000994042998322276,-0.0021673204766388806,-0.0023542049714401743,-8.681345903125529e-05,-0.00039856784433551444,-0.0004769782121550786,-0.001449402101655326,-5.2030860880700576e-05,-0.0009673677741001893,-7.34738862619542e-05,-0.0003789645655299583,-0.0005544071947648578
NPL,ssp126,ukesm1-0-ll,0.0059697499786488546,-0.003030560449147324,0.0025972171563920215,-0.0004478947302228573,-0.004619045459417929,0.0008349430564995454,-0.0007272101552987098,-0.001392038208557209,-7.106548044440156e-05,-0.0011517500893893453,-0.001543353041344356,-0.00018128943229177882,-0.0006179286486176393,-0.0007195109905235413,-0.0011780784421078156,-0.00013475436986407497,-0.0016257726537087281
PRY,ssp126,ukesm1-0-ll,0.5096765896259214,-0.3224839569904169,-0.27110100180971886,0.05546979759674637,-0.2212036718699298,-0.20922034799312142,-0.03864264123902819,-0.1126570919816875,-0.011675221910964251,-0.1049326814489659,-0.007604247450239557,-0.19111689540253665,-0.1656067296981552,-0.11664806981241825,-0.15241837915459705,-0.07023633568228702,-0.0758469556423982
ROU,ssp126,ukesm1-0-ll,-0.01689021382995264,-0.009568891712705816,0.0006340685271034843,-0.006234527298822379,-0.003941920228007821,-0.003049838070093232,-0.0025227506512297197,-0.0063667953040119005,-0.004302895851770008,-0.007209717945954776,-0.0008101753622788645,-0.008875294873296274,-0.005605875441929805,-0.009032902382306442,-0.002126563631573756,-0.0061717065677157215,-0.006677932389814379
RUS,ssp126,ukesm1-0-ll,-0.007196861800111884,0.005666247854829397,-0.00609326479939642,-0.0025550558752064708,-0.0005055789874603672,-0.003767902213969327,-0.0009427550831299262,0.002146060648092739,-0.004856700200065274,-0.001778258795058387,-0.006609060503221888,-0.005415839160983613,-0.0011555874134074908,-0.0043245300568269885,-0.002473415095665639,-0.002288081793719439,-0.002666288740856271
RWA,ssp126,ukesm1-0-ll,0.008703596848452568,0.0016107834992308884,0.0031093782275421825,-0.002281466700218334,0.00318082351281578,0.0018904351362992225,0.0005294357859822496,-0.001523858645555767,0.00096640109622372,0.00029500890844747,0.00031261382381912516,0.00023256929614175802,0.00027816556336610266,0.0002677878830011824,0.00031581385646351173,0.00023910993100593144,-8.537875761364402e-05
SLV,ssp126,ukesm1-0-ll,-0.005398834897698151,-0.00343130765641897,-0.0009369150382498952,-0.001920432522484963,-0.0022304806151902507,-0.001228707324913075,-0.0013084344639827264,-0.002018568262715554,-0.00043109302424794096,-0.0010559716683751729,-0.00045933213736529623,-0.001576318121003221,-0.00026717245415570006,-0.000979352987231157,-0.0008047666545753283,-0.00047471918330763596,-0.000840946256343549
SRB,ssp126,ukesm1-0-ll,-0.07216944440801988,-0.06686985807946749,0.015299575520648845,-0.034866657144862215,-0.011234648326769141,-0.0215095791758042,-0.03249172231485021,-0.040954702643656395,-0.017707441664972026,-0.04481654877757609,0.0032983000574960514,-0.07094288341969465,-0.023223878238979114,-0.060704856502914066,-0.010318695057312904,-0.03398840345842187,-0.02588988986781959
SVK,ssp126,ukesm1-0-ll,0.0009969109651070253,0.0010891341714704928,0.005492570449077956,-0.00410851718727267,-0.0007769059418297537,-0.000661843128691216,-0.0030808587336921284,-0.00026172943751989416,-0.0012957595873894566,-0.0016897862697257552,0.0027076284798692014,-0.004316948673218597,0.00181145132425836,-0.004580414521828828,0.0007163149155995565,-0.00023648069707762572,-0.0005736354231624198
SVN,ssp126,ukesm1-0-ll,0.00046668544005740197,0.0003577355450731621,0.0005712192875019449,0.00027870376393679337,0.00022568074366602041,0.00022972166580298434,0.0003411741162512241,0.00021574149678008463,0.00036773969224206137,0.0001162402431191556,0.000375235765148723,9.222376181445795e-05,0.00041287053970185864,0.0002699165368681314,0.00031846293670816523,0.00028889663802180576,0.00021999322451187438
THA,ssp126,ukesm1-0-ll,-0.000758231223295141,-0.00023137095195496812,-0.0001931204009293335,-0.00020152865043526573,-0.000301475688354494,-0.00021214114103404545,-0.0001504756341101567,-0.00018374758062812376,-0.00021402300438639894,-4.737603886503331e-05,-0.00020962340824651736,-0.00014649127163200842,-8.753391930533307e-05,-9.019348098387737e-05,-0.00015601004682663113,-9.778634940328163e-05,-0.00013186555393539012
TUR,ssp126,ukesm1-0-ll,-0.0004922520361416616,-0.000100362501903239,-7.35159527364714e-05,-1.5425929223081438e-05,-5.2981159244004715e-05,-4.833211179354199e-05,-3.672530611296561e-05,3.392143902834983e-06,-4.1938430103680214e-05,-6.641627962591369e-05,-8.081352458584433e-06,-2.3150710477113994e-05,-5.454638181063302e-05,-2.409397888832514e-05,5.275845294881916e-06,-4.5561263064151866e-06,-7.73812765005285e-05
UKR,ssp126,ukesm1-0-ll,-0.16183403448376482,-0.056560384772334826,0.01992403539269246,-0.017942228595447383,-0.02425664104708595,-0.01536782096258084,0.0006540341058726605,-0.02318700387090683,-0.0008827495950489383,-0.029932631550107603,-0.004766941165579348,-0.03329968685522494,-0.015926101588433692,-0.03542273169922401,-0.0017410520149838573,-0.025912894324743505,-0.027938246279167855
URY,ssp126,ukesm1-0-ll,0.09668989862180646,-0.024146147669260654,-0.07513424394480589,0.00791170861734733,-0.015029967671463534,0.011100592776123217,0.004932659103703873,-0.00684535365674177,-0.0066275512579741045,-0.019620060315434333,0.002446853649321231,-0.012899223962560932,-0.017684691625403835,-0.005328734935321981,-0.005436508254618114,-0.004421127771851874,0.0030021042066474216
USA,ssp126,ukesm1-0-ll,-0.03613624936149424,-0.02422702689952182,-0.04143691251812254,-0.04313595575626852,-0.061210643284636594,-0.039275230281242475,-0.039369380265219904,-0.031134115966392463,-0.017763698125313112,-0.04078474660802921,-0.025811969606449377,-0.01667992353919177,-0.033024612947759796,-0.03472181926044817,-0.03679291231145962,-0.02940463659643024,-0.03151593131362436
ZAF,ssp126,ukesm1-0-ll,-8.221503581792194e-05,0.007221321604982187,-0.0012851279122701664,-0.010649208154971971,-0.004378973052435073,-0.010670639845309911,-0.0006911530113195186,-0.0057463432636983116,-0.0048134697873842116,-0.0004463610145192512,-0.004690731992782396,-0.0032374042878308995,-0.00166636031804591,-0.0028679599239652158,-0.0007228522208993442,-0.0026144371581220695,-0.0035694777729302902
ZMB,ssp126,ukesm1-0-ll,0.0074935311963426525,0.0123820855110754,-0.0038635817391837585,-0.006916846856083986,-0.015282414444419294,-0.0026721559004974863,-0.002648153836392842,-0.00020876225484387268,-0.0007259063156974492,-0.0004939529487848942,-0.0012715124522646843,-0.0016076196134497905,-0.000561391703696678,-0.0008125342342398589,-5.010999364865604e-05,-0.0008824536103372146,-0.0001685476540562694
ZWE,ssp126,ukesm1-0-ll,0.00750599898457654,0.004725112480694664,-0.013113807930748981,-0.031547765616907114,-0.023611446690217492,-0.013152395423882,-0.0016594201847684076,-0.0030749249410181013,-0.0038083859450790056,0.0008439319947543191,-0.001965847512152962,-0.005087480539108476,-0.002706438186685533,-0.0027497610178722613,-0.0012402131702534457,-0.0023790992102397145,-0.0027618722560042077
AGO,ssp245,gfdl-esm4,-0.0005059661828569897,-0.0008168036177086716,-0.0005366453270849519,4.151489510629771e-05,-3.262720269841387e-05,-0.0004919241788812474,-0.0005005897124989774,-0.0001673296920953912,-0.00023848185266220226,-0.00013628524743987516,-0.00013835025489559468,-2.4621953070404332e-05,-0.00020567060467281654,-0.00015016355044895378,-0.0001070033669650252,-9.428870591149973e-05,-8.226522347833298e-05
ARG,ssp245,gfdl-esm4,-0.059553972823413875,0.0020474026595272425,-0.0010834411452060606,0.0017050296303923575,0.005013185764406484,-0.006532760183597743,-0.00020979281299305782,0.001710841042972426,0.0009745683366810805,0.0010492370874756545,-0.0018610274694719814,0.0004705322133674502,0.0008754259171240065,0.0038518000917694504,0.0022429924858745867,0.0026660903911705646,0.0016676805098859767
AUS,ssp245,gfdl-esm4,0.00011131051148571121,-0.000130313699289675,2.0916537173453137e-05,-0.00021346964464503628,-3.8417655207084146e-05,-2.40288528601148e-05,-4.033427331579775e-05,-9.989423664992819e-05,-8.399493935206733e-05,7.62124718498805e-05,3.2011756967240652e-06,9.036753965467988e-06,3.686375437984506e-05,7.547880979404478e-05,4.5319315177438114e-06,5.926642566837956e-06,-5.09349461387011e-05
AUT,ssp245,gfdl-esm4,-0.0014761609193593513,0.002590349564181011,-0.0004053948320367688,0.0033555323538241606,0.0033255760012741685,-0.0006561914859316483,0.0021834106460809012,0.003094265050195589,0.002741636840608697,0.0029846687453585013,0.00043529357630102996,0.0024776602278269977,0.0029793661475275746,0.002509997127785861,0.002707434161544955,0.0018266459969036178,0.0024004681872877402
BDI,ssp245,gfdl-esm4,-0.0013562190370121647,0.00046621157278932645,-0.00033608689470836803,0.00040088785184628757,0.00019143689824654527,-0.0005491880406584774,0.00013295310827145563,0.0002122000747703715,0.0001117589692823217,0.00010758807998816322,4.251226766124141e-05,6.2561603964878e-05,2.4985725819233477e-05,2.190382800455024e-05,5.126699674474201e-05,2.2599313092009484e-05,-4.301685693964896e-06
BGR,ssp245,gfdl-esm4,-0.0010360526565850179,-0.0003836401141787525,-0.0012810794445261855,0.0003407796249010103,0.0009948390135950528,0.0001805930301071852,0.0005809883659318799,0.00046946334574601275,0.0006031265967074537,-0.0004253839076576051,0.0004151875463588104,0.0007200005282979425,0.00018666879128122335,-0.0004683962280500472,-0.0002509954083527257,0.00030750074123094034,-0.0006821399684756636
BIH,ssp245,gfdl-esm4,-0.006810292479497337,6.334109383554558e-05,0.0021361479360467828,0.0010793894599159433,0.006517366889201276,-0.004008364072489441,0.005418764364000692,0.0072190651274382294,0.006844513950103627,0.0009823862655641532,-0.008171448238456511,0.006580812956600766,0.012506490722418426,0.010919192315843086,0.009497986610187959,-0.00014715977693012598,-0.00027915402277007884
BOL,ssp245,gfdl-esm4,-0.1235640054529773,0.12306664273636049,-0.2694901531209459,-0.23021354950887932,-0.11462682906645649,-0.09484351878512456,0.004729485919991608,-0.08370310259500019,-0.10297688991576102,-0.01973432863590558,-0.08518067790942109,-0.11259647176966213,-0.06402911585425647,-0.011284938702615538,-0.06211390282840931,-0.05341023141018892,-0.03680515075978557
BRA,ssp245,gfdl-esm4,-0.07454213334598028,-0.001157037637939502,-0.20115102498096263,-0.0037196535585061682,-0.020707965385979965,-0.05945854274722647,0.04692487186501628,-0.02598598033987446,-0.029375093535168803,0.00503704855448173,-0.0027818523936466496,-0.035343852024882265,-0.012542532000959568,-0.025808572060627335,-0.05312673097634364,-0.07347051330177967,0.016835270706249548
BTN,ssp245,gfdl-esm4,0.0014270995421775282,0.0002953406877701558,4.333923491200807e-05,0.00017627202313820112,0.00015688076094664996,9.151085612657241e-05,6.666810600422575e-05,0.00010747338263783623,7.459456263557828e-05,6.941819219812007e-05,7.439442946534274e-05,8.041560931856099e-05,9.092546500175839e-05,8.225778784355627e-05,8.154433604587334e-05,6.814963916104554e-05,6.486155209320857e-05
CAN,ssp245,gfdl-esm4,0.0010047703315056611,-0.0015933864571865128,0.016725737540574166,0.0067749160691031995,0.0153189166851055,0.011164578102202331,0.01122138445926414,0.011904403549676635,0.006409433493824829,0.011076585302323952,0.010200329533805123,0.00155236684248895,0.0027915273190636117,0.006759627183472255,-0.0006115249991657349,0.004381430358307573,0.004793864152861134
CHN,ssp245,gfdl-esm4,-0.0024960768094965885,5.404346275396894e-05,-0.0015821505317946012,0.0018297544686041757,0.0015958147101269695,-0.001968816108374174,0.0023319828347107587,0.0023017498745839175,0.0010344212901598007,0.001994114607561018,0.000913435320455037,0.004000295920292289,0.0019752439246378834,-0.0003054401104290495,0.0017469834398204757,0.0022877093563580084,0.0027204573108339978
CMR,ssp245,gfdl-esm4,0.00017477634257430141,-5.325194024639698e-05,-0.001226621996448702,0.0001827450234679432,-0.0001718809230502155,-5.709277413857025e-05,-1.4069500782171463e-05,-0.00010463417972444782,-0.0003214780323823617,-5.9776154616004026e-05,-0.00010714808404214764,-8.753591242443133e-05,-0.00011339653803352775,-0.0001497262437229033,-0.00010814509417293105,-0.00010303740646825182,-4.708026352501141e-05
COL,ssp245,gfdl-esm4,0.0010325104589389486,-0.0004035738830013767,-0.001541963037790454,-0.00044818185049918087,-0.0007104526155154451,-0.0006265930037806531,0.00014638391894351634,-0.0006870177675087449,-0.0009806510195454583,-0.00053976325195119,7.629134459372379e-06,-0.0008707270822134036,-6.708034947836445e-05,-0.00027929416431685095,4.399744185497508e-05,-0.0001686582595786483,-0.00031173559323453837
ECU,ssp245,gfdl-esm4,0.0015232691552413628,-0.0007886700927204128,-0.0016684876268048582,-0.0005939991438500677,-0.0007910833159535298,-0.0002533346286751582,-0.00044570112287922785,-0.000995281988425356,-0.001083042338546314,1.3179399022037983e-05,-0.00040308926723764285,-0.00034002954028398394,-0.0005515243382471598,-0.00011698157557828642,-0.00022760550856937815,-0.0002049619664501944,-0.00017421973383918
FRA,ssp245,gfdl-esm4,-0.00012076234290732616,0.0009867890621247568,-7.305946259836723e-05,-1.628227711957998e-05,0.0001182470328316031,-0.00022674803136059354,-5.7373449110118365e-05,0.00011489797250524755,0.0004787190044336685,0.00010765482623137276,3.7997145239177275e-05,3.273395397134458e-05,0.00017277062588014867,0.00015706218057302254,-6.918289939218097e-05,-9.251650132339658e-05,0.0003767180074815855
HRV,ssp245,gfdl-esm4,-0.007432285804522549,0.05026491302082659,0.02282528567833319,0.06446716728231675,0.10443816789382297,-0.03273832625323533,0.07083519481130938,0.09769904631527092,0.09880480572857814,0.04923534128598206,-0.056071519578292116,0.07732443728957482,0.1174789086940049,0.12483098653419536,0.10142397889833993,0.023035219432621584,0.06751590935026296
HUN,ssp245,gfdl-esm4,-0.0027830050336293596,-0.0003578165279636894,-0.001003943579863636,0.0013482035829083727,0.002543673037125486,-0.001763960580647596,0.001100853272329292,0.0023654537928557693,0.0018362037802107465,0.0001474796535558705,-0.0027906283417214015,0.0008326885678659196,0.0015447270900830889,0.0023593234957697646,0.001726735646875065,0.00035236622376405195,0.0009709898922122138
IDN,ssp245,gfdl-esm4,0.0005522161763336653,-0.000142967831961866,-0.001348824919410479,-0.00020995248497193833,0.00010226490567176552,0.00013732740149568337,0.00020218180040826154,0.00012661607570953263,-0.00011600671911888606,0.0003176830461411392,0.0003182070712240187,-0.0001422246667578735,6.627288093424567e-06,0.000235325240078582,-0.00023883645959940752,-0.00014222714129209877,-0.00015422930362415412
IND,ssp245,gfdl-esm4,0.03397644216863421,-6.728161115541991e-05,-0.021550847075787433,0.008644975722233933,-0.010374894475883342,0.006300893029786852,0.00717164243226488,-0.0055223893125121055,-0.00045042763358715793,0.0050203196818811415,0.004253773092489765,0.003318352270636405,-0.0012333895720750027,0.000285200925205965,0.0006684292590654534,0.0002004754379117461,4.198214392800756e-05
IRN,ssp245,gfdl-esm4,-0.0018777057995705327,-0.0003714113320460762,-0.0003217825953759312,-0.00020730339144472146,-0.00016478447846913352,-0.00016624184950486876,-0.0002829485287930585,-0.00017140648028760562,-0.00020297411299227122,-8.166845338152313e-05,-0.00013547397765333643,-0.00010991766235338282,-0.00018201364590247844,-0.00013552503940165994,-0.0001043041299443099,-8.718324221070127e-05,-8.305636166666341e-05
ITA,ssp245,gfdl-esm4,-0.0012597073463111441,0.0020198890299169396,0.0014086129668338684,0.0012947727975209898,0.0014962692686700816,-0.00017651014789342434,0.0013421829953653465,0.0012883074831915957,0.001860111441748107,0.0013091804000897355,5.2359073996867535e-06,0.0016310545138504221,0.0013343951428986176,0.0012755001509324197,0.001152465961383658,-0.0001659071198222445,0.0012154354003392897
JPN,ssp245,gfdl-esm4,-0.00024899698793937443,-0.0005043482338925358,0.0002788825467999638,-0.0002085521329019887,-1.179471426636784e-05,4.051438544363051e-05,-0.0003566847955746251,-4.340546905781295e-06,5.165874862659204e-05,0.0003222728992383391,0.0004668398725372438,-0.0001582623527153442,0.0001028319585101921,-0.00021285798837501275,0.0004823573278280349,-1.5025563249919832e-05,1.0891263636271427e-05
KAZ,ssp245,gfdl-esm4,0.0024304256954991808,0.0005897493119093021,-0.0007389174259426391,0.0016383151391261648,1.481897054914414e-05,0.0017289842014709842,-0.00038241939368015065,-0.0002375233344161915,0.002419452361225993,0.0015536801379258391,0.0018331158163703025,0.0007150633638182873,0.0001698887325995709,0.0026249952405013326,0.0013632820840463226,0.0021175703620035947,0.001816006133339291
KHM,ssp245,gfdl-esm4,-0.011249331407378937,0.015181408152752004,-0.003676937856962995,-0.0002806397707133648,0.0022679835758116157,-0.0010675361893610442,-0.000990815126366994,-0.004113427916113751,-0.0014025703079368717,0.0019217373567350369,0.0002484463122215015,-0.0010193639071277942,-0.0003122180123868313,0.00025570967115733984,-0.0022604509953186892,-0.0012364086403128817,-0.0016643605134558782
KOR,ssp245,gfdl-esm4,-0.00100866773924197,-0.0014143754102419516,7.2175457469444e-05,-0.00032235963506023165,-0.0003503543379774772,3.4436402267224814e-05,-0.0008754410971263798,-0.0019150063709223956,0.00022877968956770564,-0.00045687419810168845,-3.4109867394433726e-05,0.0002442254941522981,0.00011516788167865056,-0.0008704173035327591,0.0010850459758584567,-0.0007594776561163184,-0.002074846677607617
LAO,ssp245,gfdl-esm4,0.0037637024786828736,0.0006733630966304773,-0.0006740336367472054,-0.0005171266876147799,-0.000624410718004094,-0.0006344022166647825,0.00014739117289508236,-0.0009558213423378604,-0.001041197178624391,-0.0006168294316885667,3.981132529682834e-05,-0.00014237467861609123,-7.073597813625699e-05,-0.00040995062814473324,-0.0004325538895493669,-0.00019157003921362528,-3.1983959856719344e-05
MDA,ssp245,gfdl-esm4,-0.007569890319143373,-0.0010999366927938966,0.004841459366401832,0.011303694965951482,0.010161623852979388,0.00020380498618117402,0.003989078500293613,0.006929186102326168,0.0055256178997529675,0.0013111089605052648,0.005968239415147888,0.00889249434924816,0.007975471940581923,0.002514850513084063,0.006043952229515213,0.007722412483940093,-0.001559735391275888
MEX,ssp245,gfdl-esm4,-0.0004237031890410151,-0.0011215682493780407,-0.00041094541519136286,-0.00011661989615644484,-0.00035485605302530736,-9.753831939294409e-05,-0.00013931304566882686,-0.0007026504860882391,-0.00038530884085438206,-0.0001611428162141863,-0.00014260803451023773,-0.00013015512053553437,-0.00035206297644406557,-0.000242615559745848,-7.749094252509078e-05,-0.00037107532872641,-0.0002305646046342648
NGA,ssp245,gfdl-esm4,-0.0037520279456512372,0.0006625938977788375,-0.001653146325170623,-0.0002680245822052335,3.970875265240017e-05,-0.0006309336616825531,-0.0007011923851737293,-0.0004978408721567956,-0.0008696112253857108,-0.00029797427928732135,-0.0003608705473805048,-0.00028133079176101075,-0.00020454491667837738,-0.00025112201881048935,-0.00017950562641302174,-0.00014065990061883158,-8.16134500457824e-05
NIC,ssp245,gfdl-esm4,0.0005772956944601122,-0.009965492158802589,-0.004527822018214874,0.0007291438103371335,-0.001981355694561613,-9.192006662163655e-06,0.0005919239937937934,-0.0026590312871773813,-0.0017108614972971001,-0.0013828080630331728,0.00026613583689669216,-0.0006414604404997736,-0.000789792575371933,-0.001365071678954205,0.00048496885584600985,-0.0005971900683595816,-0.00045246169581325123
NPL,ssp245,gfdl-esm4,0.006007361150867881,0.0012116180523480636,0.004859514670380511,0.00612388331600687,0.0036329179384786536,0.0019853103199264704,0.002470765565598064,-0.00019038468848456297,0.0014805145664758327,0.002553450552314879,-0.0003633868775719756,0.001789034009583764,0.000593906764574083,0.001528607609309023,0.0007336213897507811,-0.00016304428119819076,0.0010826893764962478
PRY,ssp245,gfdl-esm4,-0.72253524628055,0.3374912998127301,-0.3091022337654313,0.09477852473714132,0.07601439319481242,-0.051448375763817424,0.13162198952933107,0.09719760530782373,0.053672474100734946,0.1058206754506843,-0.08092941731124888,0.021743398221851538,0.012250124782759277,0.04333783070819675,-0.04060376440957077,-0.03891815696258894,0.028932569322689373
ROU,ssp245,gfdl-esm4,-0.004794637870905448,-0.0013518139768561993,-0.0021462760373672763,0.002907052336890639,0.004098651597665763,0.00031096879860298,0.0008142302108319915,0.0028358768533349055,0.0027712317858402656,-0.0018280198741039036,0.0014843919527059257,0.003100676514859689,0.003237058471030088,-0.0008275524753126451,0.001788643632723191,0.0030354837113338697,-0.0017926880806379006
RUS,ssp245,gfdl-esm4,0.005438906172397717,-0.0001779766767028924,0.005347968133379185,0.0025765511262696456,0.003115373335612825,0.0009027872450288497,0.0026398266061887377,0.004930988044747995,0.004514867948739114,0.007883411023768968,0.008229770399771321,0.0056596791792548245,0.006221368912462749,0.0025233950935216374,0.002213134741466325,0.005658224668218864,0.004768119450578813
RWA,ssp245,gfdl-esm4,0.0016781319482034836,0.004680590127845807,0.0037576232240679624,0.005364970713061221,0.0029852900825424905,-0.002705419438212211,0.002278240643057548,0.003048247123582147,0.002292905126370622,0.001892314514789855,0.0011558143714556217,0.001406743268021235,0.0009219419886546791,0.0005582470490926679,0.0009690515144654193,0.0007322945244774708,0.00043411904421697606
SLV,ssp245,gfdl-esm4,0.0007735092256366771,-0.0037418341683462582,-0.0003178334682821465,0.0003968561769503912,-0.0009477572496548151,-4.392511552893908e-06,0.00047557707857818625,-0.0011591208507437485,-0.0007334510737862224,-0.00029608090831963045,7.108138508632477e-05,-0.00020597372468440637,-0.0004786635869854003,-0.0012119764341447909,2.305551823175499e-05,-0.0001983942715442406,-0.0002657536686338696
SRB,ssp245,gfdl-esm4,-0.06786264988430399,-0.0005110434097504083,-0.006273987706019179,0.021135514330026684,0.030850014618812763,0.0019545425846528037,0.018386273672024663,0.026609168300883362,0.026351302034028884,-0.0014159520255562581,-0.004998705311367695,0.015485671133185974,0.039420059527369475,0.015411236796182117,0.02028427145208621,0.005116420873040438,-0.005080754222925083
SVK,ssp245,gfdl-esm4,-0.0035516090153169533,0.0033580946888686174,-0.00021179031075942487,0.0041819023047764085,0.004077658376237955,-0.0025570886314744148,0.0017196262446128733,0.0038098287669336953,0.0034591073370050787,0.004489177378519883,1.4327693096819633e-05,0.0027566159218475475,0.004275276162871058,0.0030038941027553862,0.004287322599907673,0.0024106883476933826,0.0037061578906387796
SVN,ssp245,gfdl-esm4,-0.00012183420786323898,0.0006904862439577147,0.0005213779822007893,0.0006558394074250174,0.0005459776762736417,0.0003164739505256187,0.0005263839068678586,0.0004482619859428643,0.00041143412654001313,0.0005607987513881808,0.00037842831299410393,0.00048706791919615234,0.0005025302170120865,0.0005204273028899405,0.0004931492846522875,0.0003359654248864524,0.0003253864761208132
THA,ssp245,gfdl-esm4,3.720039925435292e-05,3.0142390736622152e-05,-0.0001099617224155582,-0.00011966949186077885,-3.4001149617755334e-05,-6.292038066320052e-05,-2.1108247009964452e-05,-7.711603967648243e-05,-6.103244421293657e-05,-7.317674341068778e-05,-1.7685701436418275e-05,-4.021656351230812e-05,-5.083345698944937e-05,-6.755114374340352e-05,-9.802974085207316e-05,-3.809549191853651e-05,-5.4103133590135394e-05
TUR,ssp245,gfdl-esm4,-0.0005934172540867745,1.6526616583383533e-05,-4.0403042356714015e-05,3.287395020519173e-05,-5.522018590699639e-05,-5.039251440500274e-07,5.915567120946117e-05,5.171712560026725e-06,2.040909659970523e-05,-3.353712154226016e-05,-3.0076666169417872e-05,-1.5186513051100109e-05,-1.3724124041090929e-05,-8.864560733673948e-07,-3.376203489598754e-05,2.3182831367042767e-05,-4.1973413928898386e-05
UKR,ssp245,gfdl-esm4,0.031334192409616074,-0.03623373167506394,-0.0024527769656226177,0.0324501967952255,0.03897219535184403,0.014773414350477678,0.01613121455749165,0.040940896232821766,0.014584238483333052,0.025701100262600956,0.03479040010716537,0.0385169984465069,0.03671020055049875,0.03357115587924134,0.027107546373590977,0.032376070422206596,0.009447974532506046
URY,ssp245,gfdl-esm4,-0.14619113855418156,-0.014553538694633645,0.00751208686728595,0.019444334176420257,0.012690140265942184,-0.025535018071554068,0.0053498732276185245,0.016882929667636985,-0.00401707368122037,0.01086748599711498,-0.017240115769111733,0.007301371898575407,0.007919874779167653,0.015328067468567484,0.004865720855202606,0.012522982154682713,0.007160797834510182
USA,ssp245,gfdl-esm4,-0.002809128175174546,-0.019712755314748642,0.007965660393673728,0.007334537531354093,0.007586668190786992,-0.002210448400689676,-0.008989535253356107,0.02023529672070873,-0.0045383558345342915,0.0042887974205523234,0.012391546308532713,-0.0010493223963846316,-0.014376654955513128,0.008632399509912268,-0.009026709216746556,0.0034853920924430397,-0.009609314341978235
ZAF,ssp245,gfdl-esm4,0.014987038872128926,-0.0038711742908579708,-0.003681304599383665,-0.005895337920925276,0.002166904567513093,0.00025699295946404754,0.0014118422962255245,-0.00041172119708947667,-0.0027388560985850785,0.0009204428728791452,-0.0008412329782424093,-0.0019723440064631607,-0.0016905343588913798,-0.0022373225186343173,-0.0033468971097560456,-0.0006801460517517249,-0.002026888147781542
ZMB,ssp245,gfdl-esm4,0.003998595862850706,0.004661642986106061,-0.0028343337322733414,0.0006245155547249263,0.00015283139123612943,0.0009440401304347919,-0.00022965637253806784,0.000984831652964814,-0.0017803479949742972,0.0008161258268113313,-0.00020333439147247849,4.968430114471451e-05,0.00014468764624529583,-0.00016579361450907442,-0.0006652695735377654,-9.38670083952182e-05,-0.0005764836558989823
ZWE,ssp245,gfdl-esm4,0.002782162988285115,-0.009464188959794975,-0.022136488597531815,0.005786718103920251,1.3392768107117297e-05,0.0044043946943701645,-0.009663086845237681,-0.005359558154313215,-0.002981723970369668,-0.0012593713316969694,-0.0014072798207494005,-0.0018734609017229103,0.000404079039918946,-0.0032756638494366675,-0.0023346590395992707,-0.000592484262376725,-0.0013557153149348254
AGO,ssp245,ipsl-cm6a-lr,-0.00044253317877384783,-8.925503995354955e-05,0.0002514904135857515,-0.0003518693648700237,-0.00044795169907005676,-0.0005208833808783634,-0.00036493200380199246,-0.0005889330467189102,-0.00024292814845001183,-0.0002702771417638848,-0.0001301773947274946,-0.00010958240941643819,-0.00013533150649691782,-0.00013806775556474504,-7.427465518542028e-05,-0.0001009178557540813,-9.697925157175265e-05
ARG,ssp245,ipsl-cm6a-lr,-0.04300773208914464,-0.00863803788347674,-0.008436180957886471,0.0026163837606895616,-0.0006230593843316945,-0.0027649940324972464,-0.002118187091822304,-0.0038962855266060897,-0.003935094192132674,0.001580554757183512,-0.0013301764171765114,-0.0017002427922457805,-0.0006612300218050656,-0.0015614927606844825,-0.001707804208291096,-0.00010263482883209559,-0.00263643697748848
AUS,ssp245,ipsl-cm6a-lr,6.432497177133696e-05,-0.00025054350434509936,0.0001520901987647017,5.9322762583748216e-05,-0.00016678410246192662,5.430670601377675e-06,-4.74169765525546e-05,-8.142169313211261e-05,-7.382750178173036e-06,9.402531764760083e-05,5.555325132655459e-05,1.6994334528043288e-05,5.2614705880547036e-05,-8.929597137551074e-05,-8.50334492909342e-05,-4.480842331293489e-06,-3.185425171439686e-05
AUT,ssp245,ipsl-cm6a-lr,0.0022253265909029842,0.003417242309087282,0.0008005289895823652,0.002180818008186122,-0.0007460531918660024,0.0016423406138570615,-0.0018597700747535904,0.0006466423703419691,0.002156631181112759,-0.0007828726920178175,0.0004629042138926655,-0.0005610831609118945,0.00241684204337406,0.0029706175056669762,0.0009171661931397265,0.0007645775124669137,0.00027298589168218393
BDI,ssp245,ipsl-cm6a-lr,0.0010346633288797738,-0.0013181743860494696,0.0011150307567560404,0.000778900444111421,9.769580657957329e-05,0.0001353775586279875,0.0001780183822270059,7.096090323587573e-05,0.00011787953809497055,0.00010494567326440114,0.00013606438327008088,7.164613009454206e-05,5.599084687426241e-05,4.7339582818972095e-05,3.559772715224861e-05,1.2764850934886026e-05,-9.56575391505155e-06
BGR,ssp245,ipsl-cm6a-lr,0.00065721629986854,0.0008354096626965048,-0.0013252535033662918,7.328680192034255e-05,-0.0010700527002191896,0.0002130185862598412,-0.001816522065911039,-0.0010633011473756867,-0.000271359756382728,-0.0014517508134483565,-0.000594602289288558,-0.0009390471323776556,-0.0008178005966047664,0.00013607442578907953,-0.0010499679048569376,-0.001417330174896466,-0.0009566045757689312
BIH,ssp245,ipsl-cm6a-lr,0.004072250576825832,0.011417161190884812,-0.011139811986300359,0.005957663131398463,-0.015663771168773363,0.0014618582524882017,-0.017154587930054588,-0.005325952183183741,-0.0004445454062104754,-0.016778360614944067,-0.005642715031222655,-0.0155482195632989,0.003599866370596626,0.003449550582807296,-0.015432722362344308,-0.01674151264661987,-0.017350810531830994
BOL,ssp245,ipsl-cm6a-lr,-0.00025863102207658904,-0.37909588553854784,-0.007201992399860341,-0.0874831807616508,-0.22741361884183564,0.005350579303990275,-0.23895035404950365,-0.07084167838755455,-0.12039285316043662,-0.02608433702734628,-0.0138695429044683,-0.05445598470768086,-0.04864357736300179,-0.07093611353784604,-0.06917949522832034,-0.02732691217495613,-0.07504150441775545
BRA,ssp245,ipsl-cm6a-lr,0.002481413324126177,-0.10269028427513124,-0.019908835043189427,0.014770829516284884,-0.04802158458020044,0.02129905131042081,-0.06162511703461274,-0.05868201394276038,-0.024255625064860117,-0.023923558047359607,0.01195650369628595,-0.03498184556765011,-0.02605025199562751,-0.05733694091170803,-0.06031370825378546,-0.027183064438401,-0.06337788880448857
BTN,ssp245,ipsl-cm6a-lr,0.00022321228878971112,0.0003422188261121429,0.00013167934138031082,0.00021483482102695734,0.00018032409609475508,0.00013125560426794654,0.00012887471703479223,6.803688287175766e-05,0.00011173187604142867,0.00010465973699032863,0.00010577990408857224,9.483860510729428e-05,9.18512474573844e-05,8.495410779843224e-05,7.612555262787947e-05,7.389347363691172e-05,6.701497126760797e-05
CAN,ssp245,ipsl-cm6a-lr,0.01310734432967002,0.005600240143714146,0.00580580741981403,0.008158985017131783,-0.007075820687242423,-0.0009436445473572689,0.0015296696045120058,0.0017092049329101853,6.619678527798378e-05,0.011374142945789664,-0.0072289333162730545,0.00489242843950344,0.009461462078954555,0.007907120386087749,-0.0008367551734171137,-0.0036187888190639143,-0.002661160895456494
CHN,ssp245,ipsl-cm6a-lr,0.0027542275023920673,-0.0020083934222352895,0.0023533136629711954,0.0024671394530529937,-0.002373020227878658,0.0001438317189940949,0.0007176231771739164,0.0013154677736606352,-0.0016986558871170056,-0.000922837005240846,0.00034711256090831985,-0.0017255645382455546,0.0007902512893068436,-0.0009744138046925912,-0.0011664636399018793,-0.0016572379632749654,-0.0012574453656475045
CMR,ssp245,ipsl-cm6a-lr,-0.0009751942931416784,-0.0002322671227053522,0.00045456326759248333,0.0002923938516648012,-0.0010067439697571882,-6.777041479769521e-05,-0.00027771382939211544,-0.00020100893752430935,-0.0002365350334143384,3.624002150138401e-05,0.00011882576159487607,-8.31237795003076e-05,-5.584397899613912e-05,-0.00012250197317751328,-0.00011039683907580304,-8.373885689261585e-05,-5.0375233986690596e-05
COL,ssp245,ipsl-cm6a-lr,-0.00025476793779714315,-0.0007128183213829273,0.00015263050606226502,-0.0003571514875925048,-0.001999152264156723,-0.00015696272424891105,-0.0006313667234172599,0.0002855291826295965,-0.0009461009176063673,-0.00022854868676159816,-0.0004925624276056522,-0.0005204991885134556,-0.00030558331064735187,-0.0007427455660368783,-0.0011593665997307074,-0.0006411111378968245,-0.0005099544173064324
ECU,ssp245,ipsl-cm6a-lr,-0.002316590000699436,-0.0011010741471965601,-0.00018484249118507797,4.1475262678298125e-05,-0.0010290485589825626,-0.000444580280100456,-0.0008402541071974401,-0.0007456089288257398,-0.0010282181661556023,-0.0007578934210191354,-0.0003804442254114106,-0.00015641481930724833,-0.000222578629057297,-0.0004932323469410239,-0.0004292944653790513,-0.00040260800002448865,-0.00023309056349435416
FRA,ssp245,ipsl-cm6a-lr,-0.0006761679564871544,0.00040796360098620504,-0.0004912637347276663,0.00012988212935294944,-0.0005316279994649489,-0.00039102349495708736,-0.0011863415650766038,-0.00014637919860264616,-9.227756464269871e-05,-0.0007771579888946446,-0.00046936633600759445,-0.0001560699374472003,-0.0002668302889741159,-0.00011416269830666581,-0.0004080681939618155,-4.970602923691432e-05,-0.00036585474752691454
HRV,ssp245,ipsl-cm6a-lr,0.005551422438975907,0.11668640247470903,-0.07667625457063842,0.07995609803864628,-0.16507759670313624,0.034181020186781,-0.15456719956508527,-0.03165264793422603,0.025180266930405284,-0.1255982201797389,-0.043194734679376366,-0.11554991583211534,0.03848245098367968,0.03827513306873024,-0.0875152497073899,-0.048334559583460855,-0.04647179492976843
HUN,ssp245,ipsl-cm6a-lr,0.002788643714686221,0.003889481890079557,-0.0043206311865256,0.0019312873678564795,-0.005499260658412585,0.0006196585294228907,-0.00558312450440011,-0.0009927726857299102,0.0007735467873859804,-0.0038965836430120138,-0.0013454308893802692,-0.0038739678388257375,0.0013406995343413436,0.00020705250266277335,-0.002314862433106513,-0.0019434054295476499,-0.002140861737224249
IDN,ssp245,ipsl-cm6a-lr,-0.001018916387726728,-0.0007987827074693246,-0.00016288091927109315,-9.320260384628132e-05,-0.0014950982527292573,-6.752315952916242e-05,-0.0008790091698844321,-0.0007020411563570496,-0.0005237233710079604,-0.00024558379777339206,-5.924922165326699e-05,-0.00035007941554664613,-0.000426890224459182,-0.0007821495074324733,-0.0002952546556936971,-0.0003718284867284094,-0.00040916170309965235
IND,ssp245,ipsl-cm6a-lr,0.00019830605436937275,0.008737059288117605,0.013757816394187834,0.009220950548131424,-0.006538090195430591,0.00044292356552737554,-0.0030539270642877345,-0.004617822769853303,-0.0049003664681070425,-0.0017343203140601734,-0.00010233856972533267,-1.9188639089580688e-05,0.00011326487794688166,-0.0045775992164931644,-0.0015320034563434714,-0.0004788617838155207,-0.002670036832356462
IRN,ssp245,ipsl-cm6a-lr,-0.0007335234025484668,-0.00015893882858098902,-0.00020049663761054475,-0.00040915830046291563,-0.00039561262930050997,-0.0001525208755962632,-0.00024596191335049213,-0.0003198689503586406,-0.00023135754560385586,-0.0002834956667765446,-0.00019139040324262754,-0.00023115839519944725,-0.0002495242369842465,-0.0002134703129083528,-0.0001955352446552005,-0.0001985167590672464,-0.00013514850589568106
ITA,ssp245,ipsl-cm6a-lr,-9.087313068463997e-05,0.002060526154043849,7.442822950450886e-05,0.0014326896832971942,-0.00048605423683580474,0.00042176416262579844,-0.002181535701060393,-0.0008198749223964437,3.8300456485633374e-05,-0.0007447267288294116,-0.00035505693750634276,-3.2952884109181216e-06,3.0012778124405086e-05,0.00028033586855720613,-0.0003697684411082694,0.00041657494568887184,-0.00023202266957149387
JPN,ssp245,ipsl-cm6a-lr,0.0008587888586888897,-0.0008411701818227784,9.779918140632492e-05,-0.00024600285966263046,-0.000287901269017422,-0.0001674115573829028,0.00027585788377833183,4.186488396994514e-05,-6.174699861278993e-05,-0.00035375843796360773,0.0004740882205263569,-0.0003359600929224765,0.00029752573753386784,0.00022202922398595332,0.00016527846221441367,0.00017662652619502306,-6.105759935681287e-05
KAZ,ssp245,ipsl-cm6a-lr,-0.0006178147045030583,0.0012501755285570075,0.00038222478315433665,-0.0004441120526309848,0.0006099334420172268,0.0003653768982757925,0.0016505461100623617,-0.0005683598535484454,0.0013697145784012583,0.0006653019357851887,0.00079865995913988,0.0003489587779212078,0.0017670040628386537,0.0015686298741443571,-0.00018921795036971154,0.0004595998797009423,-0.0006362672313902932
KHM,ssp245,ipsl-cm6a-lr,-0.010676247926454666,-0.016116242277618334,0.010500296988092794,-0.00475546023182663,-0.021122307838860044,-0.01139675224788119,-0.008152092474433376,-0.007890477673388135,-0.006975143440197243,-0.005825423451840696,-0.0025989652515156017,-0.0019110460174540246,-0.0036513836735686213,-0.004538189238364799,-0.0030116152682639554,-0.0026926880743576996,-0.003121495796499414
KOR,ssp245,ipsl-cm6a-lr,0.001547542514063746,-0.00035746221474150866,0.0004775895979225451,0.0005036999070611353,-3.768523389079594e-05,0.0011685082845495738,-0.0004685628402109079,-0.0013387486583655603,-0.0006483538751692927,-0.001276126794370719,0.0005308310440646433,-0.0010594766184404037,0.000894257203232409,-0.00027025839722982445,0.0005017868468485564,-0.0012695850650571593,7.135583378859446e-06
LAO,ssp245,ipsl-cm6a-lr,-0.002770672569440842,-7.843208982815309e-05,0.0035859657382309312,-0.00022332099623938276,-0.0020418028430326148,-0.001566377900170163,-0.0013216670434738375,-0.0003392337374522173,-0.0012139771871718871,0.0002450183133678672,0.0003715361836074053,0.0004876833613570001,-3.6866329259869534e-05,-0.0009163001578628392,0.0001006108301436678,6.992446137392698e-05,-0.0009942396072023165
MDA,ssp245,ipsl-cm6a-lr,0.01499362849181889,0.008954699617040316,-0.007861860205306418,0.008671728207045292,-0.013402347669971518,0.002470558723741696,-0.01457233447553801,-0.004114236252874823,-0.0009712532102989062,-0.012125763546978049,-0.004784936216418885,-0.006804368928110987,-0.0011292437026642445,0.004440381328075114,-0.005621764301683337,-0.0039183974020394665,-0.0036520125508363193
MEX,ssp245,ipsl-cm6a-lr,-0.0006610152536882139,-0.0009561818943522936,-0.00020830284669034614,-0.0001788906555994506,-0.0009229533564596381,-0.0003953764939413181,-0.0005273505244263855,-0.0007155506833609908,-0.000537854559532047,-0.0001929547955468615,-0.0002742850018402982,-0.0003837327832517473,-0.00032706726263185084,-0.0005117119456196781,-0.0004897172152374665,-0.00041499417219641307,-0.0004291802752697289
NGA,ssp245,ipsl-cm6a-lr,-0.003590706109160312,-0.0014397017551626874,-0.0005429550100569974,-5.452294580585499e-05,-0.0034074937161791665,-0.0007546086202747161,-0.0009605355009673531,-0.0011982900789908333,-0.0009108154097410774,-0.0002558658185762749,-6.789695681354138e-05,-0.0003600014401722108,-0.0002460589757313593,-0.00031849608682285444,-0.0002821021001394259,-0.00017881703509383605,-0.0001655269652495789
NIC,ssp245,ipsl-cm6a-lr,-0.0034936146612081173,-0.006560760856479319,-0.000287471524116009,-0.000698598510355617,-0.00750237198039384,-0.0008906907276096613,-0.004134175220935365,-0.004104257513125972,-0.0025015596396372785,-0.001290427644909038,-0.0012063122308708174,-0.002839418772202305,-0.001312957799771204,-0.002354525251385622,-0.0016667483035608336,-0.0018934590462933243,-0.0010495882615538857
NPL,ssp245,ipsl-cm6a-lr,-0.006000544684554911,0.005669249493971986,0.0034344982529968316,0.005721264719274771,-0.005029487346961023,0.0007410947830971106,0.0012237050478959106,-0.0024784399918635594,-0.00035342900374487864,-0.0017128134096658211,0.0008774017429681378,-0.0002748710727987533,0.0006100124767759149,-0.0008117024595600468,-7.691598396709523e-05,-0.00024809827202587604,-0.00015663822527949624
PRY,ssp245,ipsl-cm6a-lr,0.6616138234492548,-0.08688660650738866,-0.006570914106372985,0.0438063546587448,-0.0272059423145494,-0.003200739956945132,-0.0655810762764742,-0.13539903152922894,-0.038234162090227994,-0.07400105875885092,-0.004803743182302844,-0.05207158947374384,-0.039992723452549464,-0.013623687819586512,-0.10437051328983507,-0.015628459534464817,-0.10294588105706118
ROU,ssp245,ipsl-cm6a-lr,0.004876587464067578,0.003347920828548208,-0.005213452388781854,0.002166015798687295,-0.005771364204054826,0.0005282567868656841,-0.008063807094294455,-0.0037806770095378047,-0.0008949247378389983,-0.007572637872679757,-0.0035674731785337015,-0.0055659446563029995,-0.001986969281114368,0.0012957969321696137,-0.005682211615343701,-0.006085571536587824,-0.005677766317040961
RUS,ssp245,ipsl-cm6a-lr,-0.001670278545827337,-0.0018985651558859008,0.0007095796310632612,-5.4258436073008535e-05,0.0037159791928371134,0.002043680077642294,-0.0006397103507451143,0.0012421740421896738,0.0015055024776258095,0.0005241324486168198,0.0018286916589023907,0.0013699516235545252,0.00044434886470499273,-0.00046771668127798755,-9.59394052505733e-05,-0.0007476163088910468,0.0002046907799563323
RWA,ssp245,ipsl-cm6a-lr,0.006023684754227136,-0.005196824897290262,0.00720292060121047,0.0062699932498511595,0.002369416399055768,0.001062284749360513,0.002463185036113818,0.0021412081727947923,0.002203935410872873,0.0018475127442056927,0.0018337366769803215,0.001229934699321191,0.0011666868174576449,0.0008717656821919298,0.0007662708981047238,0.0002727266715974326,0.0001530451426212731
SLV,ssp245,ipsl-cm6a-lr,-0.00312218606694443,-0.004468714511858937,-0.0013933692969324747,-0.0013896729572028482,-0.0036473208287359626,-0.0010237724343590679,-0.0020329927362153855,-0.0020988821447894056,-0.0016622566823536382,-0.0012667211354743472,-0.00118799442689537,-0.001715220171994844,-0.0010929352905878695,-0.001752336133798974,-0.0015574767872331247,-0.0015119139235556993,-0.0012080186538651666
SRB,ssp245,ipsl-cm6a-lr,0.04881766045813721,0.04637184192831226,-0.04468324786200675,0.01738264747910126,-0.045461533122890065,0.004598154207834939,-0.07192949578842874,-0.02759438141818124,-0.0019421162299005901,-0.05499478711427125,-0.023636455090437717,-0.044820196646270974,0.013995631757318081,0.010739417072641864,-0.0288149432612458,-0.04084588385261263,-0.03223831136753749
SVK,ssp245,ipsl-cm6a-lr,0.005537011043103647,0.004585691696418377,-0.0008510871016720699,0.002716632053442158,-0.0031179516627555014,0.001174553587380085,-0.0036008736728054417,0.00035626150407232107,0.0011783666784420381,-0.0027132536142345357,-0.0008390664654010797,-0.0030864237193930573,0.002702081519509152,0.003928055446369922,-0.0005886711334594228,-3.8610826765239954e-05,-0.0007522579896539293
SVN,ssp245,ipsl-cm6a-lr,-7.866146403802137e-05,0.0005603583873454955,0.000490361979591722,0.00043656632356743364,0.00033620095700397394,0.00030273758217908085,6.11334322194717e-05,0.0001494951393243491,0.0004589286593861565,0.00041906274947926765,4.223876607553131e-05,0.00033471827587180166,0.00037647589205831836,0.00040568792827397663,0.0003191249033682333,0.000351069853203231,0.0002948889476753876
THA,ssp245,ipsl-cm6a-lr,-7.151886625676664e-05,-9.422235883312944e-05,8.455706412122792e-05,-5.076521168882111e-05,-0.0002694335421445278,-0.00013646767915430358,-0.0001390287472793744,-0.00015088315407794345,-0.00017277743430774855,-9.915253295874199e-05,-4.1444086583963474e-05,-4.615488685165087e-05,-0.00010749188478363277,-0.00015862208586008773,-4.767897922326442e-05,-7.647785406015972e-05,-0.00014048033570965876
TUR,ssp245,ipsl-cm6a-lr,0.00022865331512960424,2.1305734004354527e-05,-4.483973092024021e-05,-6.778393299844548e-05,-3.2590494833472935e-05,5.039349897921088e-05,-3.441349174898886e-05,-2.2140229258145943e-05,-3.850078964940388e-05,-7.851935635492917e-05,-3.625564305038636e-05,-1.8056314172605765e-05,-6.411278018824735e-05,-1.3806522638666457e-05,-3.868493209402723e-05,-7.856086768464406e-05,1.31903293763743e-05
UKR,ssp245,ipsl-cm6a-lr,0.044168982663928796,0.00885633839591767,-0.007582769414164848,0.059356028471806,-0.04410901441564941,0.012529936010274181,-0.054796344617913884,-0.017523908964357324,0.009447440841576789,-0.05828061185005554,-0.012246748530592063,-0.025443481828378616,-0.008089018535921418,0.007779291745842026,-0.014329585516559865,-0.012418084443781011,-0.011593844444491281
URY,ssp245,ipsl-cm6a-lr,-0.04822043317822771,-0.010633911421644,-0.027826122764627738,0.009107239371074714,-0.001421228037924918,-0.010358476081085517,-0.011470700498276486,-0.02154747790183173,-0.012842429435962487,0.01625165957149248,-0.004199906249628594,-0.008478830154359391,-0.002779923015572496,-0.0104540162897105,-0.009632822687661574,-0.00011512325073161016,-0.02175914299358904
USA,ssp245,ipsl-cm6a-lr,-0.005822386627338453,0.01475918426371152,-0.014852358054971286,-0.0047117279239974955,-0.004123284485800374,-0.009831703227793233,-0.002684938782341612,0.007827628741021548,-0.0002145093481511697,-0.0004145195157802024,-0.03018845662530817,-0.0028995809335046595,-0.008507428134652535,0.006353814811443263,-0.017165296345425924,-0.025043192710345545,-0.016670634038677547
ZAF,ssp245,ipsl-cm6a-lr,-0.015764071577222205,-0.00627979660285455,-0.006081927153825622,-0.002307570261603288,-0.00999355313204064,-0.004019614058172621,-0.0001413881094872001,-0.0031310124668024746,-0.000684159173844186,0.001264013546963341,-0.0009489538269479517,-0.001499293695248913,-0.0018654498166333223,-0.0027242556789045234,-0.0015496185007651626,-0.002160216002378701,-0.0020861522674581858
ZMB,ssp245,ipsl-cm6a-lr,-0.005170931727814108,-0.0035089416156054774,0.003239549161889478,-0.0017559062529595704,-0.008851669730374882,0.0022911639665180203,-0.0019681896149532805,-0.0038622786563285074,-0.0012939784312681975,0.00072842227964005,0.0006954225784416869,9.326122762615364e-05,0.00027371353531245406,-0.0012213904360100082,-0.0007430400978019828,-8.221155421900563e-05,-0.0003359070215846413
ZWE,ssp245,ipsl-cm6a-lr,-0.0287420891167728,-0.007046894468463921,-0.0041644942126987375,-0.006442729110418802,-0.014029106103496777,-0.0026601056274418145,-0.007035727836653046,-0.008786983220975415,-0.007459190243665722,0.0002558356315523524,-9.035408377691106e-05,-0.0019247312963824846,-0.0026059045840227326,-0.0036706534088200016,-0.0029321900796458623,-0.0016668863078903283,-0.0019236245299380909
AGO,ssp245,mpi-esm1-2-hr,0.001096869919128101,0.0005893545229656152,0.0006871435156664608,0.000587101399070252,0.0005904327376016232,0.0006612673600049497,0.0005194098129296796,0.0004449741906016244,0.0003249752460499017,0.00019275717868053003,0.00022001289925819697,8.274085494817275e-05,7.869765713110074e-05,6.792347578407981e-05,5.617575448544533e-06,-1.4567006723054523e-05,6.290392696062418e-05
ARG,ssp245,mpi-esm1-2-hr,0.04581878920924832,-0.007338508880507848,0.0032854219922836664,-0.0059510906984532866,0.005034264239989582,-0.003453683250976553,0.0020047847014634267,0.0011710015423480591,0.0026173334505276424,0.0008156464702842129,-0.0007138652252565928,-0.00036476524148264765,-0.002764872043588473,0.0019257438399915507,-0.0014311545701188037,0.002682464341635383,0.004254463538719306
AUS,ssp245,mpi-esm1-2-hr,3.1201906440771185e-05,-0.00016173758455971721,5.7901562024726414e-05,2.1204475315490545e-05,2.2536164795392558e-05,-4.935082040694796e-05,8.84384813254247e-06,9.408595450412947e-05,-8.394759106008112e-05,3.636195790330911e-05,5.547521060600668e-05,4.59580831754198e-05,-3.8766368161718716e-05,9.565704516604734e-05,2.48050314483004e-05,6.956419805565174e-05,7.880217873652384e-05
AUT,ssp245,mpi-esm1-2-hr,-0.0014542359415994635,-0.0014444179464594,0.0028472175215059716,0.001917608913485039,-0.00207285852119106,0.000641232437957417,0.0005134964872328408,0.00402674776418978,-0.00033926919794521773,-0.000850390379308653,0.0017379714150866543,0.0029230766631347296,-1.3986399093394223e-05,-0.0017754780739159327,0.0019589896622630018,0.00066517517376794,-5.766523113209187e-06
BDI,ssp245,mpi-esm1-2-hr,0.0019535135174724386,0.0009259064805937495,-0.001217968322631008,0.0006342405639252131,0.0005048749125455254,0.000298139383438807,3.3860446489165834e-05,0.0002616023108133639,0.00019772124479098196,0.00010783928364710827,0.00010364395625361161,2.8449994910400008e-05,8.533458759414997e-05,5.15317535462356e-05,-3.822648750832175e-05,-4.5280691972251126e-05,3.2985662170507476e-05
BGR,ssp245,mpi-esm1-2-hr,-0.00160533424357274,-0.002263922194858629,0.0005632408996034315,-0.0010674305815127224,-0.001041492701952684,-0.0012621188209633889,-0.0016869336335720807,0.0008095466922011999,-0.0004526635693403837,-0.0010410979862636842,-0.0004980009653945512,0.0010329636813981881,-0.0014916126083620795,-0.002544799547685951,-0.0010644931863628402,-0.0004046090138424914,0.0005849409796550477
BIH,ssp245,mpi-esm1-2-hr,-0.018141608799252636,-0.017997602241402844,-0.003584321366708025,-0.0005891285188844588,-0.013794835031252586,-0.008438344711146798,-0.007324460369179552,0.01111493976187386,-0.006079754399618452,-0.003119017304804477,0.0048294012970393225,0.0147073583440277,-0.0039708309276573145,-0.027999307205706748,2.9186221828729744e-05,-0.017451827441594535,-0.006431986653973803
BOL,ssp245,mpi-esm1-2-hr,-0.13747421293596002,-0.6617215126471616,-0.15485478337202147,0.15888466064830048,-0.29710542919535704,-0.05715229436434189,-0.10121814537673077,0.01895014941520762,-0.01934339167485844,-0.14101479413089138,-0.017900001551262333,-0.10209103383431574,-0.016317617308704527,-0.05328915610008633,-0.009815329386397646,-0.008741114126821686,-0.021171561174352795
BRA,ssp245,mpi-esm1-2-hr,-0.02880860169177474,-0.16036155045881828,-0.10466305726608875,0.049631085640196713,-0.017548439807791406,0.03415609229516807,-0.009608924029873336,-0.015370400533093976,0.018461493530415735,-0.005520004009839379,-0.0161936702151303,-0.03677155800890034,0.03633208745593148,-0.018454177118948607,0.0109778258409447,0.029310757629138054,0.010317649800179952
BTN,ssp245,mpi-esm1-2-hr,0.001366584277706492,0.00023596878221043838,0.0002079482258433586,0.0002025374414466646,9.800247856677308e-05,0.00014000164687016442,0.00012081723985934573,0.00011990265639415679,0.00011626310646806307,7.30844895983151e-05,0.00010136292676298184,3.560316277476129e-05,7.19295832922589e-05,7.605997133253641e-05,7.535274022570031e-05,7.868746685924045e-05,7.00894775046666e-05
CAN,ssp245,mpi-esm1-2-hr,0.011049824555187627,0.011801527313569362,0.005499657362377791,0.0004104895500576491,-0.007978376984071429,0.0046316606174432165,0.00433587035781464,0.007465034082049804,0.0023582618380286378,0.009374902332213103,0.008534735911124783,0.007464198841974485,0.0074392410241055345,0.007833300627601427,0.009885185378000073,0.005380859326204063,0.006780441473289134
CHN,ssp245,mpi-esm1-2-hr,0.00351109178086722,0.005692482358142987,0.0016460820259563945,0.0004170899627014588,0.0037748438979386557,-0.0015245142205842232,0.0006357008754252348,0.003402998762525537,0.0028025312621435083,0.004085315611859315,0.004447019033107951,-0.0009722845325684301,0.0036878881809316953,9.117704804113445e-05,0.0030011777709752353,0.0002203214306912169,0.0012836562610527489
CMR,ssp245,mpi-esm1-2-hr,0.0008241491593185629,0.0005246375003444747,0.001484786718055121,0.0011213352700769872,0.0002004432220642919,2.967577574931205e-05,0.00018251245908073807,-0.0003867424941585419,-0.0002959725623809878,-0.00014279170584300568,-9.625389747744268e-05,-0.00018264262013095413,-1.8540015933416396e-05,-6.420510019703913e-05,-0.00010474682673925635,-7.731617736713381e-05,-4.044217371632966e-05
COL,ssp245,mpi-esm1-2-hr,-0.0031516942109022146,0.00034455302699328683,-6.085694836231277e-05,-0.000961737106319326,-0.00015886166413078083,-0.0008656729072636198,0.00035928058674540483,-0.00031008255287511786,-0.0004780225383619347,-0.0004281409537523432,-0.0002878491553536515,-0.0006836797044008705,1.0595491386969845e-05,-0.00014354218216269997,0.00022085395647339812,-7.821713153089443e-05,0.00016576010443014534
ECU,ssp245,mpi-esm1-2-hr,-0.0016071033219950824,-0.00039364029924251337,0.000550612719456493,-0.0007263977855793861,1.9133004997827213e-05,0.0001662150303620244,0.000273828035917603,0.0003994089741048781,0.00014298034622479188,-2.667621684699415e-05,0.0001312203512307454,-3.885450428650017e-05,0.00013126018445893954,0.0002459859693549888,7.675934942500036e-05,0.00023510211437404824,0.00021149538183388455
FRA,ssp245,mpi-esm1-2-hr,-0.0014013853146309324,-0.002161629554101442,0.000406841739339179,0.00030757187262400965,-0.0005823567857766836,-0.0006757978043358815,-0.0007345781333664436,-0.0006676958502828503,-0.0008285201311688495,-0.0005895025483158905,-0.0006926365833226059,0.0003275883324576742,-0.00011323268367506063,-0.00047581036247745936,3.417338709949243e-05,-0.0005809831723206406,-0.0005494607289016924
HRV,ssp245,mpi-esm1-2-hr,-0.0402957705616329,-0.18984794828650428,0.018337214052358834,0.0032308624249391934,-0.1363140691446524,-0.06582630205888616,-0.04503644721815999,0.14808342045233555,-0.04947701265984463,-0.024829545834537087,0.06900623451627626,0.14944200922693995,-0.01202669802869316,-0.17631651512950933,0.02450164378432633,-0.06285863020821526,-0.019827440381286005
HUN,ssp245,mpi-esm1-2-hr,-0.00974220903288001,-0.0063161647959448725,0.0004187893450308108,-0.0008454796222188927,-0.005074325510638548,-0.0017271461383991076,-0.001647438337122619,0.003781249096298224,-0.001818813410396463,-0.0015377689876797857,0.0009000504742864219,0.003465203881645769,-0.0009674558193630901,-0.004240548340053019,0.00014943188201980756,-0.0021755060652233578,-0.0010924090272110096
IDN,ssp245,mpi-esm1-2-hr,-0.0035529930146955876,-0.0007016511274019386,-0.0007867496643448556,-0.0015967018289909075,-0.0013501651485571938,-0.0005741227157192299,-0.0001373702900397279,-0.0006293566941184876,-0.0005117712955294224,-0.00042226561541888253,-0.00015051187120431568,-0.00012846806383404202,-0.00027034967074179785,-3.873753094288926e-05,-3.712388463862231e-05,7.692406976425482e-05,-0.00025105125918631284
IND,ssp245,mpi-esm1-2-hr,0.013949768550455446,0.01675692031954259,0.0006757974388171747,0.011659268049070203,0.01601891389438454,0.013242007974795775,0.004406524820925015,0.007210638321821095,0.008321706299243439,-0.00041248735145216767,0.006992648076196688,0.004501346553536719,0.005893041089298713,0.005347493862953772,0.002119307876745773,0.004304728564846795,0.002327130852777995
IRN,ssp245,mpi-esm1-2-hr,-0.00032044812778294095,-0.0002238196551755425,-5.888075645192739e-05,-0.00011472339014336185,4.3655434393706133e-05,-0.00012016286000610826,-0.0002242849367067202,-6.73647884874523e-05,-6.431134099550199e-05,-5.870312013171999e-05,-0.00017056586149126346,-0.00011429489592850897,-8.629818129997527e-05,-2.5725835816713954e-05,-0.00011675348277277117,-5.521074775815005e-05,-3.602876932198035e-05
ITA,ssp245,mpi-esm1-2-hr,-0.002196331836181726,-0.003547102821093598,0.0013396982823575148,0.0015080181153322458,-7.473824681888738e-05,-0.0016594086745659014,-0.0014242319525487146,0.0011593494726863025,-0.0014658289461827185,-0.0010379833080603011,0.0009050921637698068,0.002006655843250137,0.0005009745700044739,-0.0011966829534955227,0.0007571229948473185,-0.0007044805633433311,-0.0005195992820982392
JPN,ssp245,mpi-esm1-2-hr,0.0009750007907526916,0.00024870020554692933,0.0007031998252852407,-0.0004957058516738809,0.00046599127139050595,-1.8052889217851092e-06,0.0004118324517917169,0.00044709427598459134,0.00024101373196407672,3.324184318595841e-05,0.0008149428143904061,-0.0003328861031790478,0.0006768739769512611,-0.0001787778020644793,0.0004949618411479602,0.00035353546235725967,0.0002741997551091477
KAZ,ssp245,mpi-esm1-2-hr,0.004149248766444905,0.0008236935269673229,0.0023655409469729503,0.0017118883601291665,0.001736718870374585,0.0009812540476570846,0.0015466735505022884,-0.000847387575649642,0.0013664438664277123,0.0015205611815260155,0.002219092740985483,0.0021414450268653806,0.0018252447544309248,0.0015503568082028097,0.0010221227603440786,-0.0005036430170132283,0.0023507374847310156
KHM,ssp245,mpi-esm1-2-hr,-0.005667814603329145,-0.01619004143980958,-0.004709424113790842,0.002596568778316468,-0.00191416463346062,0.00717223156495251,0.0019445469780407206,0.001135437749020254,0.0001261091230582984,-0.0004189964679215093,0.0015823703174882295,-9.817070069908044e-06,0.0007947554800525081,0.000617160114426779,-0.00013683714375944343,0.0002525121671328663,0.0008682627164582652
KOR,ssp245,mpi-esm1-2-hr,0.0008444411068879649,0.0016847656505082531,0.0016034745029144528,-0.001431318021839418,0.001781500293241771,0.0012542237322294572,0.0009862847715214835,0.0020239262954561245,-0.00034111576955228037,0.0019004735636575178,0.002068448555211145,0.0008714426453340302,0.000875306247888986,-0.0013509172160681706,0.0019833547938795087,0.0013649896348469416,-0.0013137386151321317
LAO,ssp245,mpi-esm1-2-hr,4.465883163461869e-06,-0.005855273770626258,-0.0011636236019951474,-0.0005786155662245435,0.0020755047482875957,0.001698576059156403,0.0009508639221841015,0.0003715311626343388,0.001238806925591971,-0.0005425410942417349,0.0005013658582203645,-0.0010014403273546232,-0.00026142268757556574,0.0006181819014241073,0.0003870809213846434,0.0003217008318145979,0.000565314955465067
MDA,ssp245,mpi-esm1-2-hr,-0.03064844952274819,-0.0031312353920313076,0.010173741805356388,-0.008480887968642378,-0.010662108806881145,-0.013288918040982195,-0.016462184253376186,0.0110392590805125,0.0028607327337956258,-0.004026280873018149,-0.004762798338084757,0.011267807150312401,-0.007342810758670777,-0.017854510730467395,3.402827451768459e-05,-0.0012531001474550745,0.006099113499807173
MEX,ssp245,mpi-esm1-2-hr,-0.00011299175247063681,-0.0005451237320787263,-0.00046415850471811723,-0.00013800597572414015,-0.0007573070851834336,5.342735204720175e-05,-0.00021051650579239104,-0.00022552794718722213,-0.0001952916815403681,-0.00010795585750423567,-0.00019269050327097218,-0.0002522757983502132,-0.0002906326005104292,-0.00021477968721572073,-0.00031630140201847223,-0.00013074483703556284,-7.479845822027056e-05
NGA,ssp245,mpi-esm1-2-hr,0.0003395267670574395,0.00023093049833811726,0.001939899621010992,0.0017802670098652263,0.0005884953187842712,-0.0008401392400475819,0.00023015837280117242,-0.0009074844366300157,-0.0005507043863925367,-0.00024156394474279623,-0.00021911445767576755,-0.00031655312714090985,-0.00010450184369645322,-0.00015754556682394876,-0.00012354368147157626,-0.0001046121830307629,-5.5832310872759105e-05
NIC,ssp245,mpi-esm1-2-hr,0.004300029082097173,0.0036814187113532837,0.004163700676865896,0.002072476626067275,-0.0017861816981563923,-0.0005470340165277912,-0.0015964824545032907,0.0018491825274642316,0.0007215337696917419,0.0013061993476681131,3.304948513123489e-05,0.001258737297444178,-0.00031122349766594856,-0.0008729445034960308,-0.00019944729669748684,0.0002499386931957628,-6.392315930735975e-05
NPL,ssp245,mpi-esm1-2-hr,0.005375699469439677,0.01096642546313685,0.0033536849884469784,0.0038858726952610907,0.0014545502269493508,0.0021651815304885736,0.0011063415097377024,0.004067436377204858,0.0006999372898752351,0.0005798915835595852,0.0019720298132765344,-0.0005494798245444255,0.002001065713130318,0.0020514251051917494,-0.00022165835450921556,0.0010257500588029954,0.0014115103881141323
PRY,ssp245,mpi-esm1-2-hr,-0.08864016406550318,-0.10028630239003772,-0.15132112772099712,0.12265947556232042,0.024709985899341827,-0.06176462449984932,0.02903523795033586,0.10546108042294669,0.004835922088146066,-0.07173310258964205,0.011278458887965075,0.009950177096479402,0.005465210470673069,0.012619335815560495,0.011121772175751114,0.022982771889781914,0.03904407267103743
ROU,ssp245,mpi-esm1-2-hr,-0.011378368540024412,-0.0063879577663270605,0.0021413534450668587,-0.0027904054169218735,-0.0048117156355121146,-0.004837346540758484,-0.0076593760110392275,0.00406388186304106,-0.0006604155970555106,-0.004147000250520063,-0.0019498149009186045,0.0062135246051051194,-0.00636383622260076,-0.013011447830747959,-0.0026742515695446405,-0.0025717358308169898,0.0024547073012206795
RUS,ssp245,mpi-esm1-2-hr,0.004634838710726194,0.004008822200528368,0.010566941852526619,0.005033632832736478,0.003980438600255061,0.0014634332481223808,0.005380228941712891,0.005525095577432532,0.008018958585684837,0.004674954837040767,0.008638921271010902,0.004698581552761192,0.006162017427772157,0.001999533288104457,0.005418749363217167,0.004833218016782851,0.005633235136818787
RWA,ssp245,mpi-esm1-2-hr,0.008325193963284827,0.00823186436093937,-0.0056877606029900945,0.0066474869307167036,0.005125687432090562,0.00415073957615294,0.0004601099157209789,0.002924789257539111,0.002499961640194676,0.0015002088651190884,0.001534971779558597,0.0010139902162409657,0.0012959307848545135,0.0008987901925540862,-0.00024913115525649823,-0.00025995150842572624,0.0005004642104268482
SLV,ssp245,mpi-esm1-2-hr,1.8794448789030831e-06,-7.44878322125905e-05,-0.00035034747705881946,-0.001914808502063358,-0.001930586821046244,1.0203757657537838e-05,-0.0010899915134818044,-9.16611498834378e-05,-0.0012375239241975936,-0.0008680934725664464,-0.000437196164545713,-0.0005411517918154715,-0.0009239000175356078,-0.000729364796183558,-0.0004003101411994454,-0.0002684376463129025,-0.0005081050481589774
SRB,ssp245,mpi-esm1-2-hr,-0.11654118339142787,-0.049273528060447415,-0.01321865622223403,-0.0003590036216171215,-0.05450778610987102,-0.04184206294505367,-0.03683181866097272,0.04030679529640559,-0.011143051484433925,-0.012703409511164221,0.00939721524351222,0.04554915236098087,-0.021973487743780128,-0.07210552821841416,-0.0008540982076879242,-0.03186776984656838,-0.004560861336477738
SVK,ssp245,mpi-esm1-2-hr,-0.00570728896099289,-0.004485917655520586,0.003972730505482734,0.002047681999296153,-0.004013430660371282,0.0007594838828089947,0.00010175470345113488,0.005409119273608944,-0.0012485187711090697,-0.0020856856763454283,0.001887504773999394,0.004592348205164016,-0.0008433019606796661,-0.003551349117271471,0.003891370456412135,-0.00032151438657148566,-0.0013331071799063201
SVN,ssp245,mpi-esm1-2-hr,-0.00015074931525410894,-0.00019049358695989312,0.00033307953336357934,0.00030421048653864234,0.00032325760054733633,-5.9504579183762944e-06,0.00010521644001497032,0.0005027412260333512,8.187300204267832e-06,0.0001789537409620454,0.00036352933742131845,0.0004047157792784216,0.0002587898389556858,-1.5638524084874628e-05,0.00036038138800916815,0.00021491868980214802,0.00019528656447768904
THA,ssp245,mpi-esm1-2-hr,-0.00014714553421607473,-0.00031104236185139464,6.436662981503034e-05,6.414073855338984e-05,0.00021863616254385581,0.00017787104766338723,8.120811560793383e-05,8.497086265515435e-05,7.800345785711928e-05,-1.7977765904544228e-05,5.7973754679185865e-05,-0.00013050187889226286,-9.306435533702904e-05,6.184890329594424e-05,2.4056887727557745e-05,4.203195557968953e-05,5.340641847269709e-05
TUR,ssp245,mpi-esm1-2-hr,-7.085177593162035e-05,-0.00011183462825356214,1.7200011202841258e-05,-4.596759155490289e-05,8.88530790259817e-06,-7.543047944688444e-05,-3.200775180447804e-05,-2.809941428143997e-05,-3.725990515417468e-05,-1.838278235032285e-05,-3.1148133610101695e-05,-2.462334217393061e-05,-2.6876850115613634e-05,-4.2401007889281814e-05,-6.278937650231553e-05,-1.5151011082278344e-06,-2.7392909082907854e-05
UKR,ssp245,mpi-esm1-2-hr,-0.07665303864592807,0.020574419201293343,0.06991863479347585,-0.001540816071992132,-0.02677042876419334,-0.026699503417486836,-0.06588960098283761,0.024728716692295875,0.019731418348675856,-0.03421945660696821,-0.010300479521563263,0.0371920579335522,-0.024541425801285082,-0.04932161756572249,0.017291624844604652,0.015065650285103423,0.012852956128102852
URY,ssp245,mpi-esm1-2-hr,0.1327866440858753,-0.002639473663308837,0.025671693698229386,0.0005795345820561561,0.017697290860220302,-0.03296027225336492,0.009413962404175875,0.017641752066986108,0.01567441980798851,0.016074261686472285,-0.008407998087140208,0.013618039187502049,-0.007319751616631478,0.010853807121449942,-0.002658431271766511,0.016612862199700425,0.018280925991546723
USA,ssp245,mpi-esm1-2-hr,-0.010120504403044446,0.00654569447011179,0.02059522019140036,-0.006098720515418659,-0.021342391466713722,-0.0029794689364961145,-0.02866495324119671,-0.0065298719581707975,-0.02609621648028127,0.00369037932593527,-0.0003816624757956168,0.004698848878042696,0.006767025886881765,0.001988829167950988,0.003019510241586464,-0.003137599540856867,0.0013495582421521476
ZAF,ssp245,mpi-esm1-2-hr,-0.0009840572783736663,-0.005315385536650753,-0.00028499166239216646,-0.0011246918470521061,0.007479072347304496,0.003921607032092079,-0.003052876106815714,0.002215352316981849,0.002337613102541141,0.003456973374078839,-0.0006852373084600532,0.0017417477305095503,0.00042234902076048917,0.002705503524364118,0.001418153175677318,0.0009402255299089792,0.001513416619726989
ZMB,ssp245,mpi-esm1-2-hr,-0.0131383078098711,0.011504282490448785,-0.0042810286721361845,-0.002252577855062936,-0.00283642898275858,0.004262894434206809,0.0035605538145629073,-0.0005781744903033507,-0.00046403042094173247,-0.0003324831425012339,1.507975793937877e-05,0.00011075866944171536,-0.00033839678743566786,-0.00010851578979626295,-0.00019756961240649897,-7.928940948795526e-05,5.084332066927558e-05
ZWE,ssp245,mpi-esm1-2-hr,-0.030906558379433218,0.009756274784189082,-0.012816820579288936,-0.0006304407044847708,0.0018443092214872395,0.003123320852401988,0.00019675894644055494,-0.0024616335547493146,0.0010402883142897035,0.0008974834946951144,-0.0022954655820571226,-5.020560090308228e-05,-0.0009618738858934793,-0.0010760748747221489,-0.0013057234682654606,-0.0005568395370870796,-0.00037062352292694474
AGO,ssp245,mri-esm2-0,0.0006960385936421468,-0.00034021357653813523,0.00013018102147688987,-0.000945895327203155,0.00011878475149244184,0.00013835077769986016,-0.000107833305773927,-7.905763334242875e-05,-0.0004353057116750703,-0.00023004721838773058,-0.00010428344558449587,-3.549055687698409e-05,-5.1146008025552934e-05,-7.181637782539678e-06,2.414913383821018e-05,2.113066429769799e-06,-6.0537386915602754e-05
ARG,ssp245,mri-esm2-0,-0.02409102167743538,0.002891697539560132,-0.008766533024387133,-0.0008177921797255401,0.0018643592225862833,-0.0022989815208115574,0.0006929266495212117,-0.0043150428966734905,-0.003119802549990552,0.002194909078149098,0.0034786606395214906,-0.00022938885964711125,-0.001568745353147638,0.0003551348358904873,0.0032110638644087344,-0.0010509259221797493,-0.00022381775713171766
AUS,ssp245,mri-esm2-0,2.4602609405167912e-05,0.0001973427738747996,0.00013054602182026458,-6.549096982398414e-05,4.210108681877158e-05,-8.552409449028246e-05,-0.0001701469513735358,-4.905822034076219e-06,3.7444924731919615e-05,-1.744992672432021e-06,-0.00014171796713504886,6.000152892746836e-05,3.710531717516511e-05,-4.280701120846861e-05,-2.0175975904944457e-05,9.217061903244205e-05,2.0951579770269394e-05
AUT,ssp245,mri-esm2-0,0.0027166121104641454,0.00387476408003092,0.0010136609871646126,0.002861185788299346,0.0007326500923513278,0.0014413518737069657,0.0020423007593773257,0.0022289308576366944,0.003355771908131457,0.002865457705991347,0.002864894640990104,0.001250353250856845,0.0010507868434961056,0.0008381826065858673,0.0022372038889103972,0.0023234587744938393,0.002069096163735797
BDI,ssp245,mri-esm2-0,0.00152588733459936,0.0015231639482098833,0.000686728446505707,-0.00023792359906164485,0.00046023074527230226,0.0003249780781491928,7.861381039983181e-05,0.0001494408113428527,6.367550488806823e-05,1.3942810398982285e-06,9.159359675346721e-05,7.021345710021651e-05,-1.946654135291574e-05,3.4210093754771944e-05,4.91147404837736e-05,4.8459113457963895e-05,-2.6448162602374837e-05
BGR,ssp245,mri-esm2-0,0.0004477536523194213,-0.0008290251523506379,0.0002159552862073408,0.0002840015035674762,-0.000463126921014123,-0.0015731467906720498,-0.00047654253333228626,0.0005240631688315136,-0.0014726811462633157,-0.00021984825425683182,0.0005200257354836571,-0.0013693749418012603,-0.0001843796068142796,-0.0015118612022515605,-0.0005946925990691448,0.0005358127084213884,0.0007143826986305596
BIH,ssp245,mri-esm2-0,0.009757901788380534,0.0010717603066510346,-0.0008494074186510256,-0.004811800525757761,-0.0010105179024742258,-6.213035484671709e-05,-0.0013386883730995523,-0.0016911778877786246,0.005188265707143995,0.003927993675436778,0.006301990543488389,-0.023169962713206732,-0.007549790533202955,0.0010786692110282246,0.010746361795099735,0.014218363295683142,0.01678119484810434
BOL,ssp245,mri-esm2-0,-0.08441995070706824,-0.3555069625949968,0.0350940980661788,-0.31771496021824913,-0.07875064199350426,-0.07067790042645633,-0.025231210023848573,-0.06499838517490121,-0.006149506184021028,-0.09738611387113497,-0.036622388281649265,-0.03300730576602464,-0.06624637344477893,-0.04083490358900977,-0.019590536031684307,0.005184092949632972,-0.014688573855515868
BRA,ssp245,mri-esm2-0,-0.12565159752839453,-0.05995443738522814,0.026602586449919183,-0.06644993372828416,-0.01595537597552745,-0.04181668217599128,-0.027092093216513357,-0.036528680807179886,-0.011733837927985935,-0.033166682001262486,-0.024793616121891855,-0.03557588840916172,0.01971334056600026,-0.004120376608764108,-0.02102555467423519,0.012934140257846019,0.01517874397500596
BTN,ssp245,mri-esm2-0,0.0009435204662723184,0.00032861730589430095,0.00018940187922444695,0.00018113287758736037,0.00016041996705373158,0.00013443445458084408,0.00013032636392395965,0.00010544768260280687,0.00010221633359207902,0.00011058509575064352,0.00010011286402302295,8.399383886225344e-05,4.0831145481265546e-05,5.3243190647971014e-05,8.29230619325087e-05,7.529721384491532e-05,7.025530432717015e-05
CAN,ssp245,mri-esm2-0,0.005739920441355493,0.0035979866646938885,0.008274854815458834,0.0014016069881632681,0.0004373271288992155,0.004919557064578891,0.0040042525816496016,0.004220156522526038,0.005855659532341799,0.0035356368786125664,0.009080305212742286,0.011666403735090123,0.004924718650588067,0.005009085055086018,0.006577000243731187,0.00639398112534074,0.004010730592889394
CHN,ssp245,mri-esm2-0,0.0021443652641169094,0.004729694717713321,0.0012349996376550814,-0.0009337665146999878,-8.79192667837914e-05,0.0037658100156311033,0.002621429688266625,0.0020340231070852116,0.0008005528755581932,0.0024486930332809987,0.003634215110034871,0.005655578508212738,0.0012227935673947896,0.0037690231951066095,0.001579638867186461,0.003576980449240664,0.003505690811356773
CMR,ssp245,mri-esm2-0,0.00022146005652523107,-0.00028351824270423477,0.00021791382332339714,0.0005792173713982802,-0.0001371977270045988,3.7005230652894258e-06,-1.9347613640238354e-05,-9.24392076944176e-05,-0.00011314971252058059,-0.00011584756602275794,-5.313556799377153e-05,-3.0584924561529086e-05,-9.046994274844511e-05,-1.5226969025745155e-05,-2.2704206539295068e-05,2.428995336786939e-05,-7.10850757626845e-05
COL,ssp245,mri-esm2-0,-0.0005716852001495541,-0.0005537112035759341,0.0008849919342469544,-0.0006487551520167485,0.00048045524479786126,0.00026597295654664664,-0.0005594641721231307,-0.0008531882983627687,-0.0007031123428895605,-0.0006263646478149665,-0.00033331935829487424,-0.0001369462682184958,-0.0006277441550843158,-0.00057713600570687,-0.00017080478600662097,-7.607724637594957e-05,-0.00014150775443054118
ECU,ssp245,mri-esm2-0,0.0010788566384252168,0.00022713279651845043,-5.771049002320618e-05,0.00014399915291492537,-3.844238739746935e-05,-0.0005548475999749995,-0.00031495237751446415,-0.0004307806978015544,-8.468670131388307e-05,-0.0003057752150150344,-0.00020597540719512582,2.512245416385099e-05,-2.9975828441867703e-06,-5.273235513395608e-05,9.88199929231393e-07,-4.9815838129356265e-05,-1.236107042413273e-05
FRA,ssp245,mri-esm2-0,0.0001961988794501907,-0.0005202597027568489,-0.00036145834424784827,0.00023435842377531843,-0.0007761279502927184,0.0003037593527009753,-0.00023408290121489358,-0.00021863061926881785,-0.00021221457129264179,0.00043856641392188216,-0.0001437278740395383,-0.0003231089091184853,-7.449695174668901e-05,-8.621449639322272e-05,0.00021191491957071418,0.0002331875399953848,1.3682887659690027e-05
HRV,ssp245,mri-esm2-0,0.022950485905135914,0.04645730602364605,0.013184341835118598,-0.013393172082693628,0.015376840035801214,0.018725194543037133,0.012290004919455888,0.018828971068227757,0.09797435553752139,0.07998652677824872,0.09936822297170579,-0.16786548829204964,-0.02985676724189991,0.023105739389512762,0.10698831252518504,0.10518511733813832,0.10931508341991808
HUN,ssp245,mri-esm2-0,0.004006020434570927,0.0009190973387851789,-0.0003083843437258514,-0.0006844861942592462,-0.00010227889174320934,-0.0006711251446118088,-0.0005521184628164816,0.00020814291840949838,0.001270006458392538,0.0011249802029697433,0.0020291994834857564,-0.004085025652172934,-0.0016771174627256082,-0.0014250023879762833,0.001997225197470413,0.0017866165270801451,0.0017796498408228785
IDN,ssp245,mri-esm2-0,-0.0004927308575341733,-0.0006974518341901584,-0.0004010643135517533,-0.0010133999415016335,-0.0005219752144142392,-0.0008088625751036776,-0.0006628250745398344,-0.0007028642498372671,-0.00031112569134584975,-0.0005285492818424701,-0.00046957056011587766,0.00012903758063549558,-0.00025152662070276167,-0.00029379531001351796,-0.0003160254996002878,-7.986611416556893e-06,-0.0002528330501611278
IND,ssp245,mri-esm2-0,0.018880570032653792,0.011884181660397359,0.010716430882630103,0.014956148849414652,0.004932409295032544,0.0044050701645566735,0.008597749745751988,0.0012112075866709373,0.006291740634453774,-0.005827552560842542,-0.0022694003510360166,-0.007228599635794786,0.003189056119513158,0.0011361612964309968,-0.00378893796981438,0.0016074046288749799,0.0010262630288310095
IRN,ssp245,mri-esm2-0,-0.0010901652453427684,-0.0005985548858651941,-0.0006432502783335699,0.00010376122512452502,-0.0006976517583513266,-0.0002613330992982041,-7.062476769637481e-05,-0.000478238749722614,-0.0001258063163793856,3.032461759509543e-06,-0.00023087183431852692,-0.00012603987345917548,-0.00013870812453638403,-7.80374894157576e-05,-6.863011121559987e-05,-0.00017772985062888328,-5.400393686802318e-05
ITA,ssp245,mri-esm2-0,0.0017980761099023915,0.00014785285837341534,-0.0003039565694277148,0.0012115935615399174,-0.001594620245830338,0.0014645711676502993,0.0003463551531541571,0.00020210302819742435,0.0017181423965701172,0.002010225556790847,0.00017486325688691268,-0.001006152058005451,-0.00010249960316262302,0.0008744535586056155,0.0011419774582036237,0.00132646937410522,0.0005082691496333101
JPN,ssp245,mri-esm2-0,1.3018851434929192e-05,-0.00010715047310064572,-0.00026987767649288674,-0.00023204244573194575,0.00010603169242912688,0.00017466625208208933,-0.00023001372105266375,7.365603330297022e-05,8.902066127715894e-05,7.043933039106398e-05,0.00034862261694772954,-0.00012533174506882975,-0.00011517574218771306,0.0003162219587358805,0.00028523932423626686,0.0002752616477299934,0.00024388069929620615
KAZ,ssp245,mri-esm2-0,-0.004538312091148563,9.58976987589938e-05,0.000185901341132384,-0.00032796441254299573,0.0009426937278726116,-0.00017527705568605364,-0.00012290482867390338,0.0013360243484470894,0.001920103132963303,0.0016973765616557495,0.002434616094186301,0.0004026811350866601,0.0034796803473803187,0.001138653205333613,0.0013622047184948648,0.0018086602397977165,0.003020762725055633
KHM,ssp245,mri-esm2-0,-0.024090005073352842,-0.013072031207122723,-0.004688784576950882,-0.012931774175814538,-0.0046919465612853435,-0.003982008705275434,-0.0002093637023896994,-0.0031352889396856526,-0.007705158455526226,-0.0036058803928053136,-0.0015311902368201186,-4.5938505003999074e-05,-0.002567452094338373,-0.0018546484752116612,-0.00021232280524994865,-0.0021408902739862576,-0.0017584617989420868
KOR,ssp245,mri-esm2-0,-3.9389289860089685e-05,-0.0010315545186421688,-0.0014828837394172299,-0.0005460314103647693,-0.000883962818113696,0.0001577234013986815,4.236239055193641e-05,-0.0007329975819387552,-0.0008136203663275468,0.0004205695775214519,-9.388924788858716e-05,-0.0003823337187681486,-0.00013164315324125286,0.0005925241956547596,-0.0009603049231665417,-0.0002460804419371779,0.0003346730695870279
LAO,ssp245,mri-esm2-0,-0.0006444925939767474,2.444946313617568e-05,0.001995769298837162,-0.0026662790566333483,0.00013589002302102568,0.000559107645557058,0.00033450927350745126,0.00048714808672479165,-0.000722185732752955,0.000333508094377206,0.0005270774254751969,0.0004952448466019598,9.388181502115532e-05,-0.00016234037061432078,0.0004630196436578036,-0.0008226683707501126,-9.659073091529637e-05
MDA,ssp245,mri-esm2-0,0.013708205300023896,-0.010066512478918424,0.0046740783433286736,0.009782641025524893,-0.0072427964004283685,-0.009973761215956228,0.0031130050330668855,0.006515420880855204,-0.011181123147574195,0.0022127866502855424,0.00632464364818853,-0.007942020361392872,-0.0005177141897143257,-0.012511552874782273,0.0022664604170059225,0.0028919346295722043,0.007392446428675069
MEX,ssp245,mri-esm2-0,-0.0006329047298254567,-0.0010400959710744346,-8.201905925704524e-05,-0.0008658454260980513,-0.0002043229033165711,-0.0006948434102121606,-0.000375215341739835,-0.000568893921882344,-0.000348111018520829,-0.0005589679620541722,-0.0001128983596049909,-0.0001528267621971162,-0.00033527565827562233,-0.0001892880533196188,-0.0003621654143884458,-0.00015982709414940748,-0.0002895620165634445
NGA,ssp245,mri-esm2-0,0.0008112850789053012,-0.0015862299910316114,0.0007510238085087066,0.0009846136871642334,-0.0015159981294183636,-0.00016298049785213643,-0.0004102600471396036,-0.00011380005679901047,-0.0002948724870897844,-0.00046384109067381394,-0.00031131077314295414,-0.00010594856723283261,-0.00026924068471118084,-0.0001624382728645622,-8.55089004702923e-05,-3.206151009290575e-05,-0.00015298427475502464
NIC,ssp245,mri-esm2-0,0.004210384106358346,-0.002725202770567685,0.0019689414163980745,0.001167477057987819,-0.0003843110590810803,-0.0014460677625804741,0.00036141871564095607,0.00040399147002547674,1.814646496384694e-05,-2.5430485631407076e-05,-0.00024472323127572516,-0.0007096963938192852,-0.00019003638861718656,0.00013865206606666178,0.00022188188081631677,0.0003928384400956226,0.00034038703259432014
NPL,ssp245,mri-esm2-0,0.004210482201307314,-0.002248773178052986,0.00927477482045403,-0.0006925790959944988,-0.004631772135052315,-0.006150626699113558,0.0008933770631984021,-0.004430351230131479,-0.0041121092828868494,-0.0037650767792743326,0.0012665783216854291,-0.0007634509630621256,-0.0015985592460371991,-0.0014378902840060984,-0.001508478045818033,-0.0007601768310585351,-0.0008836219552823218
PRY,ssp245,mri-esm2-0,-0.5902626629504916,-0.13379529915892957,-0.04186897536024146,-0.15026400826684386,0.03637198643411213,0.06783112588164765,0.009013256084688523,-0.16038332747170103,-0.027619859373011556,0.0007137404459553022,0.0075750021843549575,-0.020541358187468467,0.019156099953068828,-0.011329940373355264,-0.008615210609255155,0.01664486676949356,0.00851654634798817
ROU,ssp245,mri-esm2-0,0.004747923823215797,-0.0028716127005284317,0.00047581413278162534,0.001346510497931337,-0.0030828397281817237,-0.005295750673099926,-0.0007299436077727092,0.0024122710806594545,-0.005237547939157902,-5.0114171228562635e-05,0.0033684544855305185,-0.006814061011477909,-0.000860892234035118,-0.008160434042472657,0.00029001849132028937,0.0023348628203552725,0.004561879953582355
RUS,ssp245,mri-esm2-0,0.0018658820416584578,0.005116945656366428,0.006091858036632516,0.004167804528758941,0.004194381899851855,0.004023008804204815,0.004163673505710111,0.008170879004414936,0.007382554319202747,0.008332530928127,0.006515525430320858,0.001701118058960888,0.005793646066719826,0.00483437336536266,0.006913357196151311,0.006189909532302552,0.004865712622115055
RWA,ssp245,mri-esm2-0,0.005454210176702671,0.009079986091789411,0.0055189893284169666,-0.0009158818431034519,0.004891295387678828,0.00394853016130885,0.001867097711710517,0.0020302680273715235,0.0016711401679714404,0.0009187751835735909,0.0016041004929585661,0.0012628511366731768,0.00018856721009450502,0.0006248743125752547,0.000871984095648419,0.0007897614998484046,-0.00013103572640562843
SLV,ssp245,mri-esm2-0,0.001538164148995038,-0.0013584046668892978,-0.00012141679786343685,-0.001943505603511722,-0.0004663088613917675,-0.0006918342620020916,-0.00047243470499711113,-1.8126074769285556e-05,-0.00044039700556933013,-0.0008102301783688621,-0.000498030512628411,-0.00024779622118177607,-0.0005353716277613291,-0.00017579726901250566,-0.0006169469758525698,1.7552239112815615e-05,-0.00014496277822838966
SRB,ssp245,mri-esm2-0,0.07251436707374395,-0.011697122238020599,-0.010836176320756731,0.0024177273903966357,-0.014468703741145696,-0.013003436836641036,-0.0017938578852696252,0.0008679691616633859,-0.002010355068045837,0.014762803791071918,0.02688908750000116,-0.03395982314180351,-0.010941930482623204,-0.029626384024072416,0.02233485982705765,0.035110904260556124,0.03171342785479288
SVK,ssp245,mri-esm2-0,0.0062787616751580665,0.003378773047303104,-0.00026367227697927166,0.0019919415130596175,0.00039275688849286426,0.0010012453861363575,0.0016623562731780475,0.0014320354260462093,0.0038941806275547145,0.0027914681958343965,0.003833336941650822,0.0016877086386999725,0.0009946950393299656,-0.0002446360768637906,0.0028526611499598512,0.0030417589184479924,0.0023390683826411147
SVN,ssp245,mri-esm2-0,0.0005502530257690781,0.0006427575306105728,0.000290581523721646,0.0005868447762924978,0.00024907425597468953,0.00047863752773843755,0.00036748494450171036,0.0005146219979260482,0.0006284020858492627,0.0005783429352301374,0.0004722945896103164,0.00021317493624454462,0.0003390758673339598,0.00040745004554774446,0.0004411655603967242,0.000429799458483317,0.0003233503569329452
THA,ssp245,mri-esm2-0,-0.00018001433875826017,-7.701553531867416e-05,6.162116778241262e-05,-0.00024055586602256775,-7.348621681678509e-05,9.882559082103925e-06,1.6434440289106923e-05,-6.982269557281936e-05,-0.0001317843878022671,-1.7204763416538403e-05,5.72994403774162e-06,1.7852629230209121e-06,-8.401760002833539e-05,-5.846713134402187e-05,4.349824514262866e-05,-0.00011100495411675541,-7.870432678597852e-05
TUR,ssp245,mri-esm2-0,0.00025998386008036303,-4.33742043774942e-05,-0.00010204758357176134,2.3300854429130398e-05,-0.0001063229578877492,-3.747219581145507e-05,-8.1179149697958e-06,-1.4977627816733146e-05,-1.0621467310106788e-05,-1.5943769851899094e-05,-7.26377860946243e-05,1.936455936149193e-05,-9.111712729770675e-05,-3.4557336796237846e-05,-9.995295226662376e-07,-6.081467226668712e-05,1.4903763626862831e-05
UKR,ssp245,mri-esm2-0,0.05249377929867486,0.005403601662773635,0.04063179603764799,0.04072544304617878,-0.017225068324493803,-0.03163105283494996,0.012706957369536687,0.053400407798821097,-0.01418681117193231,0.02120326858313982,0.03112522786490579,-0.019039778740446895,0.001037210506142673,-0.0330383949151511,0.03368083055047593,0.013648794054518562,0.027075753465146513
URY,ssp245,mri-esm2-0,-0.05177409319289271,0.025098792780675498,-0.04880140886178808,0.002465240889100322,0.017845793489670168,-0.0190126315149675,0.022300351957757432,-0.022281329551670375,-0.009865715783044383,0.01291955812600883,0.021845409012124006,-0.01004293563449877,-0.021808350459917213,-0.001619884782786506,0.018647455898441224,-0.008264005368203427,-0.004703821775852867
USA,ssp245,mri-esm2-0,-0.031203450390207707,-0.02284522582474519,0.0042446478817491345,-0.004292225110516191,-0.006892300821277581,-0.004087748100054252,-0.016097733793956345,-0.008052674827367415,-0.007041763968696104,-0.00036925053891977947,-0.004282462194129837,0.007563302822345442,-0.004164902547618677,-0.003379776364832263,-6.301277887432066e-05,0.003772643893193256,-0.012686805493468614
ZAF,ssp245,mri-esm2-0,0.008743551244401307,-0.010574114362073065,0.004240130919655313,-0.002960938833375108,-0.00261847323133502,-0.001566139620658119,0.001061912058429359,0.0023247212461888003,0.0012859034445407251,-0.0004799888622808427,0.0004563798964067132,-0.000822759627673187,-0.0008270866448558683,0.00031034157846751114,0.0006049172940343557,0.0009836848386358384,7.944505834596823e-05
ZMB,ssp245,mri-esm2-0,-0.00424760333263354,-0.03569823654156239,0.002811195130837899,-0.009760439672546382,0.004301177849989404,-0.0040712770006426065,-0.0032245963481086267,-0.0027318321268898498,-0.002767963899697157,-0.0037023647594310676,-0.00017022636891392246,-0.000598667050878509,-0.001561063241007212,-0.0008136025282147965,-0.00021203275646136096,-0.0006690087080263049,-0.000531942737740521
ZWE,ssp245,mri-esm2-0,0.006766034150169188,-0.06156094938170401,-0.018381258535563265,-0.02411293655254856,0.010438159897872043,-0.014258173717589384,-0.008343339185214318,-0.006418028246909545,-0.006922830024744697,-0.007122994911829684,-0.0014568601763979075,-0.0012486669651165735,-0.004384466953874036,-0.0028352076414002144,-0.0009025793305908653,-0.0022100698864549817,-0.002068682905173482
AGO,ssp245,ukesm1-0-ll,-0.0012359345421262319,0.0005154761042209236,6.369582624509535e-05,-5.412795129386488e-05,-0.00034105173358645003,-0.0007387875502174314,-0.00115627044547943,-0.0010306207539562877,-0.0006660021905319839,-0.0004586998911552171,-0.00029095898223912225,-0.00027461446127952294,-0.00032069555031733155,-0.00022502168716183319,-0.0001796758929147545,-0.0001714602376765616,-0.00016293820869460663
ARG,ssp245,ukesm1-0-ll,0.030693858077080773,-0.006897107140038628,-0.009103892246450654,-0.004612203192399571,-0.008348501749478474,-0.004367260157628135,0.00523468177825001,-0.0014595140104321708,-0.00021511139217753866,-0.002038603009535477,-0.004911652345064913,-0.00398969466712966,-0.0037346183746913217,-0.003023813086978538,-0.0035080921616897098,-0.0017163385466130504,-0.001579882444165162
AUS,ssp245,ukesm1-0-ll,2.0871558546743484e-05,0.00029647172226456714,-0.00016413674912214683,0.00010505708558310994,-0.00015765436245341507,-0.0001533503192932183,7.385023365760271e-05,-6.387589127886948e-05,-1.8584224929857902e-05,-7.560147015424926e-05,-0.0001500514990053264,2.2722412795328068e-05,-0.0001303945945131284,5.547691267431706e-05,2.070828875060571e-06,-9.221252122811337e-05,-7.889883857572979e-05
AUT,ssp245,ukesm1-0-ll,0.00029554453660643454,-0.00033807458427646874,0.0018809591777062859,7.757214063249962e-05,0.001102760356588975,0.001951291352402038,-0.0010273082161465549,0.0006930170621006084,0.0025077286924029304,0.0010776428286076592,-0.0019659696710563578,-0.0011757515907862832,-0.0010996703787261738,0.0007821108779655568,-0.0015235464765248107,-0.0006253811259979399,-0.0023865620147551798
BDI,ssp245,ukesm1-0-ll,-0.001898758953586364,-0.0012816172381580992,0.0003849105646426081,0.0005869494394802133,-0.00018684619545609172,0.0001898003049755222,-0.00018724998342889922,-1.7338934395535717e-05,-0.00012349292495397485,2.041765349168696e-05,-0.0001354855412037555,-0.0001230270321049152,-4.784155567878015e-05,-1.8440833797248737e-05,-1.664844261868563e-05,-5.66337085276956e-05,-4.9320801542413784e-05
BGR,ssp245,ukesm1-0-ll,-0.0003315162367228297,-0.0015349463082510464,0.00021465744528462494,-0.0009339974885403522,-0.0013293886324529044,-0.0013630151314253172,-0.0014404478208234642,-0.0007021605994887575,-0.001155724922869748,-0.0012378750481430241,-0.0019544881706205805,-0.0020499218795365396,-0.002123146969369751,-0.0003158425443602535,-0.001980266550875471,-0.0009732984992273832,-0.0023515659361675973
BIH,ssp245,ukesm1-0-ll,-0.0006008150960416544,-0.011342779285166762,0.00210761447283234,-0.007730463464179351,-0.0023922385263840636,-0.004431268996259797,-0.00957869725399772,0.0022827114910758243,-0.00020651109907622426,-0.0066663305895751064,-0.018780613089669742,-0.020940977297645515,-0.02341642254676327,-0.0012803877066563658,-0.03211422310550039,-0.031751665215813046,-0.043717222729358865
BOL,ssp245,ukesm1-0-ll,-0.5470923094154556,-0.1958715078160562,-0.5930884325241194,-0.18167116581287462,-0.5205561619979153,-0.34304394209338573,-0.1854950535304711,-0.26944573316969,-0.18047244203289195,-0.17968236388238099,-0.20847497917623709,-0.1083609026652571,-0.12576456175961878,-0.11059672330007998,-0.0942903232424994,-0.09924931698659738,-0.07365038079494055
BRA,ssp245,ukesm1-0-ll,-0.4138152983928384,-0.06448911241432016,-0.30198414517102984,-0.0889702483305234,-0.26449536323832196,-0.20858428067301732,-0.11751075768095022,-0.18256944651255166,-0.14213777185784865,-0.15321504448021536,-0.16166994528935513,-0.10839421262101841,-0.14828808272459162,-0.11926590521345913,-0.0985610923158527,-0.13883828673066959,-0.08623153607097189
BTN,ssp245,ukesm1-0-ll,0.002011022101650766,0.0003634882019280257,0.0002341199090818606,0.0002346481122383878,0.00018018620532094431,0.00015276665700651276,0.00014647596353927587,0.00011581267499242844,0.00012021046106377608,0.00011276166176971863,9.271669598586791e-05,8.667445200064751e-05,7.818189957460234e-05,7.95816881222251e-05,8.06054038794186e-05,7.180456669833456e-05,7.15362233002725e-05
CAN,ssp245,ukesm1-0-ll,0.0077633451153972305,-0.027855508141563512,-0.0024434556121219852,-0.009710937163866196,-0.012884317177548954,-0.010929794647009638,-0.007287382953818304,-0.005733155385185666,-0.004300019997334197,-0.008700949099574935,-0.012286629984462664,-0.008969136501222018,-0.003987892579587816,-0.012179963653219932,-0.007637796373621562,-0.0027309942996559637,-0.007068785203546716
CHN,ssp245,ukesm1-0-ll,-0.0013552707399167553,-0.006687081425544721,-8.236568819060378e-05,0.0006219955984007756,-0.0033940057185144435,-0.003990882159043088,-0.0034924918988679973,-0.0038860844636236375,-0.004771857141740355,-0.004327510364759825,-0.004009115557401126,-0.0034440225784910404,-0.003237650905008807,-0.0031609531771658564,-0.004530062333708434,-0.007519138767512837,-0.006702060525730595
CMR,ssp245,ukesm1-0-ll,-0.0005801862809372633,-0.0010356387536652532,-0.0004515381510051622,-0.0005804544219296632,-0.0006978307488054731,-0.00023633749475395838,-0.00034921230571689245,-0.0002316032845003084,-0.000385879996791834,-0.00020365485073183304,-0.0003029637095242242,-0.00019557096465084884,-0.00017687506737232354,-0.00021267207361968756,-0.0001335420908292033,-0.00016204207139606887,-0.00013345812195101196
COL,ssp245,ukesm1-0-ll,0.0007852724647978941,-0.000905667608944201,-0.0024191620924393334,-0.0003656326572238763,-0.0018683482106967983,-0.0023783625542179616,-0.0012743935386522111,-0.0016279323984108257,-0.00126687242576604,-0.0011388545190248454,-0.0020133343605149706,-0.0007558738437665844,-0.000976780989834913,-0.0010762295956334397,-0.0007499731422779027,-0.0011935732033422023,-0.0007520704312111075
ECU,ssp245,ukesm1-0-ll,-0.003405198763173264,-0.0032423442096155795,-0.0032572142601437156,-0.001128868356623992,-0.0027241710759512987,-0.0024861340314565007,-0.0017084667258876606,-0.0021808074249269073,-0.001182197431848101,-0.001271850199570844,-0.0014487345874424338,-0.0008535519657264814,-0.0006095889864228277,-0.0007446139211160012,-0.0006689014765404741,-0.0007868203629616768,-0.0005851001720350332
FRA,ssp245,ukesm1-0-ll,-0.0009556220321143965,-0.0005287409950844143,-0.0002095185553593678,-0.0006017459480789502,-0.0005371232525480076,0.00024637227188790067,-0.00031507125913427295,-0.0003186042864563529,-0.00024165027358814763,-0.00032547612033611206,-0.0007066030470801428,-0.0008899242800507952,-0.0006024031835113239,-0.00028321674474238065,-0.00029051920067959695,-0.0006062481966577905,-0.0005738755325413385
HRV,ssp245,ukesm1-0-ll,0.000588491822000893,-0.07074412204275095,0.03692313437106163,-0.04990791737726505,-0.0041025121653816546,0.006949710146578265,-0.09321712312308879,0.04272992817482482,0.044063242632437744,-0.0049222219584070985,-0.16329878760684208,-0.16938545491544255,-0.16449591430285135,0.011220421913880079,-0.17925389695328794,-0.16102354961573176,-0.2177042467955865
HUN,ssp245,ukesm1-0-ll,-0.00114093963553044,-0.0032081393317237063,0.001313193114693462,-0.0024053011233002093,-0.0015267316030229043,-0.0010374805314470354,-0.004488919912375607,-2.4927084922981936e-05,9.473565121406658e-05,-0.0008766978377533477,-0.004737029102925309,-0.004603262794368706,-0.0045758137970146094,2.7027376802982998e-05,-0.004443559043724305,-0.003683137554983392,-0.004759093126771453
IDN,ssp245,ukesm1-0-ll,-0.0019210736323063086,-0.0007304939104097294,-0.0018552079322636352,-0.0008521472575125159,-0.0013806308466267508,-0.001406682573125652,-0.0005851602283954199,-0.0010002647482328223,-0.0006985040235267307,-0.0007557994830088632,-0.0010263642837227832,-0.0007821919164573293,-0.0008292736732345052,-0.0003513507908824667,-0.0005791468925858161,-0.0006710244571489878,-0.0005427962461446203
IND,ssp245,ukesm1-0-ll,-0.0038647587256808026,-0.0020753184864547177,-0.005217290309863393,0.004304629713878931,-0.0023952764656762055,-0.0006655250541919234,-0.006757171589341394,-0.0013268899254183667,-0.004494001868955086,-0.005117101237244964,-0.006453409446642524,-0.0019632379802966985,-0.0006807886668155389,-0.0029585504194325936,-0.0014631382405441075,-0.002938644510236323,-0.00198153966754521
IRN,ssp245,ukesm1-0-ll,-0.0018044943672340646,-0.0008418659454514014,-0.00033948993621181315,-0.000497811675973247,-0.00044743564183356274,-0.00028477908956743293,-0.00047020665426828563,-0.0003620769087474218,-0.00042927342700224843,-0.0002626837650667206,-0.00019017711305789584,-0.0001515304205523217,-0.00021257322804683033,-0.0002394681056498299,-0.00020334715857762937,-0.00019211110683669364,-0.0001773088003505619
ITA,ssp245,ukesm1-0-ll,0.0008297170290637112,-0.00015264130704983588,0.00023451697343058523,-0.000449210912127921,0.0007054513518080171,0.0010755865259411454,-7.366756926197207e-05,0.0009292965890340508,0.0013199155921361824,0.0004203142747715513,-0.0012942305918636635,-0.0023794920741875406,-0.001836067337335358,-0.00011103525068518971,-0.0012625178570798087,-0.0012807935139895095,-0.002203480092793996
JPN,ssp245,ukesm1-0-ll,-0.0001393433790892637,-0.0003961667633811225,-0.00011987324489148782,-0.0005037524976345812,-0.0005041459257024804,-0.00031158602967122217,-0.00047904534361421704,-0.0009305356151397178,-0.0009982073396081113,-0.0004834665379315845,-0.0008079657342302912,3.137775930479003e-05,-0.0004114336855865241,-0.0007125269477600948,-0.0006187637731795004,-0.0007989064248249474,-0.0006014570702781901
KAZ,ssp245,ukesm1-0-ll,0.0019504933242008317,0.0010539898980606681,-0.0003053980067511642,-0.0016124201221389405,-0.00010230064655359545,0.0020085694606924377,0.0010568163658650916,-5.814631992318119e-05,-0.00014298571661399163,-0.00022566893040367562,-0.0014001886647266452,0.0007090557620791603,-0.0003392076741256898,-0.00023438736283402407,-0.000840395291399976,0.0005866793166377495,-0.00024716860167822924
KHM,ssp245,ukesm1-0-ll,-0.03698497674100223,-0.018401628911279264,-0.016312001213334523,-0.011674932189530737,-0.007947025695867397,-0.014308597849511977,-0.007627406429765417,-0.01093355227513002,-0.009175977819740819,-0.007564483263762207,-0.007502705117640396,-0.006231274907767163,-0.004611703460059156,-0.004127273552603234,-0.0036967427622144372,-0.003811492594314732,-0.002952854309409988
KOR,ssp245,ukesm1-0-ll,0.00036977594832119894,-0.0027926364827341077,-0.0011801512962039639,-0.0012572145725423583,-0.002212894546772428,-0.0011329495600232112,-0.0014217605886616535,-0.003420528180848415,-0.0020954697440810134,-0.002657191685890873,-0.0017626479594803795,-0.0007344590162653297,-0.001916005541909546,-0.0014845324104781333,-0.0027719580481264878,-0.002506966840142669,-0.0024309173867640174
LAO,ssp245,ukesm1-0-ll,-0.008495982106350209,0.0006813797557693298,0.00020581403181006187,-0.0023572519558400853,9.340905725553237e-05,-0.0035157749732579887,-0.00011815042669856512,-0.001342125609020328,-0.0011525895737487634,-0.0010856274811323118,-0.002055642680237562,-0.0017253530299007668,-0.002634779678749175,-0.00108577006387282,-0.0006077100113288576,-0.0016762572204132948,-0.0013600448064468086
MDA,ssp245,ukesm1-0-ll,-0.014932123295021993,-0.005371896503069525,0.0027104219009291878,-0.009864850058058807,-0.012415854347031045,-0.012350846737673138,-0.01672658304250943,-0.009111788697211793,-0.002982230851892447,-0.0028861836657923527,-0.013452837882988976,-0.009857679347452042,-0.013518738467610428,-0.002914322321659654,-0.011947980875689984,-0.004200097093752996,-0.013193695443313305
MEX,ssp245,ukesm1-0-ll,-0.0010509331857769823,-0.0005578635753153194,-0.0012976266331348578,-0.0007778837586803692,-0.0010317753746787916,-0.0011194593123116472,-0.0007707896556162618,-0.0004013003930053617,-0.000689640390651722,-0.0007318330780298081,-0.0006541161376926258,-0.000442530161616985,-0.0005597207659415094,-0.00045493273651623473,-0.00046074157256798003,-0.0005434752929561394,-0.00045391659447701173
NGA,ssp245,ukesm1-0-ll,0.0006401212701602712,-0.00396817557904904,-0.0032042268182712573,-0.001412904339188058,-0.0023167798037053715,-0.00021367857049323723,-0.0013458106894084615,-0.0006649086253935608,-0.0011548764603301954,-0.0005422968670287573,-0.0007825961105709171,-0.0004111689141866871,-0.0003946063990232515,-0.00039961707557279326,-0.00026713578985669296,-0.0002771584580604688,-0.0002133486673822958
NIC,ssp245,ukesm1-0-ll,0.002931916260553993,0.0009596783733012151,-0.002484527678003085,-0.0014303877416292556,-0.00672162419093456,-0.006766766085776293,-0.0025820524340911316,-0.0016113072670984922,-0.0032950590166060086,-0.002571404933424976,-0.0027509125231431598,-0.002331937257852201,-0.001996014455178092,-0.0020276462830835316,-0.0011382701227386522,-0.0017953028281050458,-0.0017648810344595423
NPL,ssp245,ukesm1-0-ll,0.0076406908769952875,0.00829725511636173,0.0017926183844877508,0.00615464479559482,0.002236588397993817,0.0024267141033766787,0.004377493386614368,-0.0033198490403944067,-4.494871473653281e-05,-0.001448456219013239,0.0008185291266887302,0.0012769066121978883,-0.0001831641144839154,-0.0023894341096919844,-0.00010850097870742692,-0.00019378744732104642,0.0001717759119813995
PRY,ssp245,ukesm1-0-ll,-2.083811085569791,0.0808167755764989,-0.6076301960012328,-0.3106349878350045,-0.5996338960291149,-0.45796263353773353,-0.13693537440492112,-0.22130803366906446,-0.20174387491091578,-0.22936085194993702,-0.1744504051840396,-0.2111887432067747,-0.21654626574535404,-0.1448571522488472,-0.14729505579973923,-0.14105127104546447,-0.07404791984994277
ROU,ssp245,ukesm1-0-ll,-0.004700128119680097,-0.004907846993704181,0.0005013268344656212,-0.004347587922955711,-0.005466168118894247,-0.006347911698344045,-0.007773368109908606,-0.003807834750196242,-0.003583874462381535,-0.004236703083510696,-0.009275850045993165,-0.009224087513397426,-0.01067506382704003,-0.001445382252214088,-0.010268525474526701,-0.005948954972468814,-0.012723867682591709
RUS,ssp245,ukesm1-0-ll,-0.002193160627690243,-0.0018423667986585518,-0.0016608056341462472,-0.0082104731041231,-0.003731510730745575,-0.003923454610357071,-0.003911690343801248,-0.004164693945943822,-0.005433424836747251,-0.002576467330955217,-0.0063311414719304255,-0.005793591128951613,-0.004568009837397789,0.0006293198895639067,-0.005575132944602501,0.00059661474889733,-0.00773662186460444
RWA,ssp245,ukesm1-0-ll,0.005780783816809951,0.004720577347421212,0.0072102894827025315,0.00663129130265167,0.003075353472735427,0.003803993988639167,0.0016591669944082913,0.0018321556177630799,0.0004054971096138241,0.0015335206653665553,3.195588727364482e-05,-0.00010111596971455206,0.0004919437692220225,0.0006374773729951204,0.0005306399101670708,-0.00021713014917323784,-3.073762829493229e-06
SLV,ssp245,ukesm1-0-ll,-0.0011767997443764386,-0.0005585391987349545,-0.0032890671742473636,-0.0029095215660886295,-0.003958643002626568,-0.0032707434565494567,-0.0022279470738888526,-0.0015683325191269601,-0.0021461607736553835,-0.0019469603186407437,-0.0021288092946224624,-0.0019756096472044924,-0.0017345953878274915,-0.0016411189431718733,-0.0012414183200116825,-0.0016355201459599116,-0.0016587390476568548
SRB,ssp245,ukesm1-0-ll,-0.004923499479199903,-0.041495082899493635,0.01143792906588514,-0.026070737768112903,-0.00721633261080923,-0.02854400176905037,-0.03102403992689281,0.01255823041030244,-0.0004169965660927382,-0.03503481497845426,-0.0554133427088783,-0.06577440362184733,-0.06660105774984698,0.0037682793105441935,-0.0708623621872926,-0.056776631641077574,-0.0784631765867944
SVK,ssp245,ukesm1-0-ll,-0.0017612790886559068,-0.0019065433894847625,0.0010064058179525838,-0.0015144900009365465,-0.0010605060061493626,0.0007714559305219295,-0.003307184901959506,-0.00023944296054319154,0.003097056707698167,0.0006444837521557262,-0.004929612658357674,-0.0032239454754712017,-0.0033984656502485965,-0.000529336211352977,-0.0036796599196981146,-0.0027533549332560583,-0.005011567001758325
SVN,ssp245,ukesm1-0-ll,0.0004671136546676351,0.00029373847612048254,0.0002777283527442483,0.00031017477818604834,0.00062375539830721,0.0005518972138476955,0.0003837253956257749,0.00043702080877976054,0.0005531032701275332,0.0004347477007754801,1.2687049676821078e-05,-9.740715655477257e-05,-4.1015897632223765e-05,0.00032427962330004744,5.798378851423467e-05,9.323338299105819e-05,-0.0002349794729147088
THA,ssp245,ukesm1-0-ll,-0.00039584778039136937,-0.00019845599603554646,-0.00021962062234054836,-0.00019737724034573224,-0.00018671259189070795,-0.00030554023039753713,-7.499826212403479e-05,-0.0002363911220912357,-0.00018655087862975956,-0.00018876969518155496,-0.0002058411273997384,-0.0002033775511458572,-0.0002284424919879778,-0.00019279432656164086,-0.00014690354161716145,-0.00019500375216372534,-0.00018141745557692467
TUR,ssp245,ukesm1-0-ll,-0.00016489325060836782,-0.00015247937914630497,3.535897460765174e-05,-8.870032263296974e-05,-6.697612920625296e-05,1.8686404090317716e-05,-7.622281091513276e-05,-2.246638858879211e-05,-8.736024957103771e-05,-6.123521604643669e-05,-1.545221752279713e-05,1.8557803329716634e-06,-3.089692332625832e-05,-6.280146551712039e-05,-5.1869648148144694e-05,-6.208515708201463e-05,-5.9188980490785314e-05
UKR,ssp245,ukesm1-0-ll,-0.09183171004083003,0.02602948740465679,0.0285135375675091,-0.055098100510765226,-0.07330046139271258,-0.04939301951365624,-0.07048495638022134,-0.045657706254248906,-0.023630403697918828,-0.012494246582892514,-0.0688760409492524,-0.02937503668358789,-0.04528831522203668,-0.017775532831854172,-0.037008768727478145,0.003711069442295597,-0.041398847856179775
URY,ssp245,ukesm1-0-ll,0.06102649635191098,-0.012996071975808569,-0.010723887959473348,-0.012657898253587482,-0.04041932593082437,-0.017264593354540156,0.014926399880132646,-0.004429342328461773,-0.0004806323263551784,-0.006851701417031784,-0.03111570535786078,-0.026691462532206348,-0.02307724889826073,-0.030914262315665377,-0.022193393541025994,-0.009862687909326658,-0.011030583578151858
USA,ssp245,ukesm1-0-ll,-0.0026149358007114356,-0.05054141909252172,-0.023207062738495127,-0.03951179904508334,-0.039936656421939006,-0.03760726846855877,-0.022680474711769604,-0.03124864580730799,-0.03076985375240123,-0.04172398974964113,-0.033718089680030344,-0.02846971762114629,-0.029889327108779597,-0.041597922320067066,-0.03144174075728468,-0.015315669741566298,-0.02955125725753679
ZAF,ssp245,ukesm1-0-ll,0.0019153628661346207,0.004054266604628284,-0.012576478479580058,0.003494910557901864,-0.006968953751868215,-0.008789273992672627,-0.0019787656443691908,-0.0060421053276887,-0.004013722670212681,-0.0011600304485299012,-0.002542139028077827,-0.004025894107927599,-0.0015065492310829603,-0.002574401171633641,-0.0025794620761902323,-0.004298593082021688,-0.0028626959258650055
ZMB,ssp245,ukesm1-0-ll,-0.016131658671962434,0.005208697391826226,-0.031614690157867345,0.0017957646747868501,-0.01578136779649593,-0.002611960969324862,-0.009267257940615881,-0.003737530324478917,-0.004543800251511886,-0.0035036554260138323,-0.0028651708580921123,-0.0025123920479212256,-0.0012979911751984147,-0.0003818976559280162,-0.00037112389169352376,-0.0010563456152740595,-0.000847323363730283
ZWE,ssp245,ukesm1-0-ll,0.0029983426340468864,0.006137881316836834,-0.03954112932674375,-0.009893609915302328,-0.027167750813552292,-0.004511656636652087,-0.011669444671880115,-0.013079900270172808,-0.008116244699990526,-0.005560174526689438,-0.0077126059512511785,-0.007038118906499493,-0.004077207018323211,-0.0007935120244562444,-0.001649111742276899,-0.0024447006585639115,-0.002916854393945932
AGO,ssp370,gfdl-esm4,-0.00015671454687059229,-0.001274455906826475,-0.000458509923266004,0.00012035800371968717,-0.0007205015591269748,-0.0002910988668246891,-0.0005671686224774547,-0.0008694831957009396,-0.0006561443953204255,-0.0006794125937620374,-0.0005229731259252873,-0.00032034146343938515,-0.00025336435760019296,-0.00020195798701015878,-0.000237324207096212,-5.90262688735861e-05,-0.00011342300507003409
ARG,ssp370,gfdl-esm4,-0.03633801467039477,0.015288833166691735,0.0068501978915887374,-0.0003006848160068867,0.002491996783731738,-0.0013452647051400625,0.006478679609993803,0.001246724375021349,0.0036381560317456825,0.00770162524865893,0.002315247278797945,0.004284374724950599,0.005179985547902054,0.002440874935357991,0.006942505638763552,0.0033837614555678104,0.0032391218757885304
AUS,ssp370,gfdl-esm4,8.472355162880569e-06,-0.0002081102896171591,-0.00025424920188872103,-6.80000891728268e-05,8.116279079157771e-05,-0.00018677859882328517,-6.293010192295449e-05,0.0001915929787686293,8.091382724892591e-05,4.353827096684225e-05,-1.9974600793148716e-05,0.00011870062720435245,0.00011570953095892556,-6.805998657980091e-05,3.6955667455943584e-05,0.00010453106722777777,4.6208532586389055e-05
AUT,ssp370,gfdl-esm4,0.0009337431413031536,0.0048907767424162096,0.0027156399016998885,0.0037051867768708733,0.003829811130783442,0.003358188024123031,0.004647570841992268,0.0029906682181850075,0.005615265461120625,0.005025449704664189,0.0010862434980687485,0.005776752078436244,0.003370588483190693,0.004638150379793889,0.005724101194831814,0.0065235102602912666,0.002763282310060039
BDI,ssp370,gfdl-esm4,0.0010633283015969678,6.916583295717304e-05,0.0009271852366764809,0.0008028102257927807,0.00023885315717289687,0.00018360963862102666,0.0005533795512421539,0.00016733556795758372,0.00021602975371772808,-0.0001661566315418077,2.5845457810632314e-05,-4.533790378312639e-05,9.43759828574001e-05,0.00032048972577449175,0.0002193775692387008,0.0002145134269498947,0.0001505485020472449
BGR,ssp370,gfdl-esm4,-0.0002455741791480189,0.0008801622891252808,0.0013972260143283416,0.0012151478276553023,-0.0005240171238336827,0.0013265399170289559,6.185585995738111e-05,-0.00023866314716319451,0.0005566597059954193,0.0004287083268536696,-0.000938768477302316,0.0005932900516097663,-0.0005662992890061299,-0.0010106197085920387,-0.0007848117158618026,-0.0005718556658017515,-0.0005729457149406279
BIH,ssp370,gfdl-esm4,0.005768544077790591,0.011494281069980582,0.008462126619051751,0.006481194728794214,-0.004530069396554448,0.00507815606993572,0.008383985499429812,0.0008456718562130989,0.007444438048506094,0.009882593337293435,0.0017486762054003877,0.011787119249472112,-0.005206773288642386,-0.003582293684526174,0.0021740958284170537,0.0023145679311364106,-0.003794511243674915
BOL,ssp370,gfdl-esm4,0.07193301958368774,-0.3604671548515769,-0.21490656252436172,0.031207291295330213,0.15775940843167208,-0.37660342321408863,-0.3115437537048703,0.0024085076676448143,-0.31100351542725885,-0.28606082256431187,-0.07290929751123974,-0.1089500770016997,-0.0769995993291712,-0.09348580545539745,-0.07348606501761543,-0.02357760037755494,-0.05362190034854989
BRA,ssp370,gfdl-esm4,0.012599288156451798,-0.04644278824080093,-0.10556199080766877,0.03727602718544089,0.03195037136399144,-0.15518671371955553,-0.027455567370360583,-0.07149839652485739,-0.12157488113368653,-0.1550751063017643,-0.006089871231763449,-0.057481279073183955,-0.044344948680575806,-0.054759932810272215,-0.08826572795508258,0.0032266599911836284,0.021073171932230142
BTN,ssp370,gfdl-esm4,0.0015637162800626338,0.00027889999516152365,0.00024667780965653946,0.0002009354397534813,1.5801117563757347e-05,0.00014876136706789512,0.0002027369281052418,0.00022060066880864908,0.00019204842112568044,0.0001932345405191168,0.00017605610375055866,0.00023017464731394177,0.00018687751720015936,0.00021832371037871985,0.00022068578041565845,0.00022705799392352846,0.0002285924838947761
CAN,ssp370,gfdl-esm4,0.007401595822048095,-0.00035226942423866595,0.006963096280298081,0.005503647965224609,0.005802002203294236,0.013453742715490831,0.0029085987922294805,0.003934653513630345,-0.003373408452098182,0.011514069755141132,0.0005772961053580197,0.008394618808809045,0.0166243705919226,0.013910570247832639,0.009858276739299692,0.01623937641078564,0.007868600914131614
CHN,ssp370,gfdl-esm4,0.002347973590723256,0.003709753138340084,0.002189584239310042,0.0023939390758034164,0.002811871742541772,0.0006196286347801646,-0.001563796335746102,0.0031608877773628983,0.005399612431984491,0.004549669975542536,0.0019922463753940627,0.008836417667629668,0.008490717883856875,0.00783617847046357,0.007192866363571587,0.008756876450726592,0.00987668126076415
CMR,ssp370,gfdl-esm4,-0.0015478662093468193,-0.00040403096464630093,-0.0007955086361140402,-0.000878504385488272,-0.0006432053618611963,-0.0010872356077848962,-0.00040001249638636224,-9.888703170838333e-05,-0.00023222182639175956,-0.00029915606015758624,2.802933102091855e-06,-9.293586665229083e-05,-9.948844328119595e-05,-0.00010538827470073929,-0.00010017747569127835,3.629694079353098e-05,3.562266088803022e-05
COL,ssp370,gfdl-esm4,-0.0005793351965809899,-0.0016901387354525046,0.0005306222315323443,-0.0004396368886898696,-0.0009393318598699324,-0.0009110676562197023,-0.0011425169154631097,0.00033995537648941155,-0.0018554256763290984,-0.0009847185599891842,-0.0008812120522389997,-0.0010000248635656562,-0.0006035777457259562,-0.001561933536158415,-0.0015803822052355841,-0.0012481195155848272,-0.0008032179564733841
ECU,ssp370,gfdl-esm4,-0.00016171155742186088,-0.003254607630554263,0.00028103944719573586,-0.0002045264540825994,-0.0013945419826196467,-0.002435821778779574,-0.0008666078945936215,-0.000593407299659457,-0.0017703859925999718,-0.0015034438950973347,-0.0008572273013889946,-0.0006841431427333109,-0.0005102864918748094,-0.0004783542624935411,-0.0006140786412551524,-0.0001890014724239867,-0.00026329324815469645
FRA,ssp370,gfdl-esm4,0.0005005915915400595,-0.0007228383816557659,-0.000964077661337508,-0.00024095694097587268,-0.000182665538937535,-0.00010423904617712182,-8.636700601043074e-05,0.0003074108141576663,0.00014806513565357405,0.0002092959799816731,0.00017006596555711875,-9.561410968904316e-05,-0.0002682900061923758,0.00010656575010126762,5.914227521105792e-05,-7.325869367851934e-05,-5.4868680690386086e-05
HRV,ssp370,gfdl-esm4,0.012405549941279943,0.11346060984362301,0.10148892277453919,0.0838608520290467,-0.033072417637395414,0.09977009249612333,0.13814944111403088,0.01420088153097526,0.12032236295411347,0.15953167930147907,0.04247966474660155,0.21295547746572335,-0.03733245437690395,0.006328740606740243,0.1066446684241291,0.06841630086351887,0.0038538934848421367
HUN,ssp370,gfdl-esm4,0.002504928580895062,0.0027036280494713025,0.0029467445447298526,0.0018633293915129878,-0.0024934745097424348,0.0021728679489827524,0.0028432079194163156,-0.0019018033149037588,0.003404255487541036,0.0035501112129205353,-0.0011553125509458546,0.005086231936050936,-0.0017989788126743908,-0.001051300375625041,0.0012635214470986637,-0.00042050457113235987,-0.001432872157532381
IDN,ssp370,gfdl-esm4,0.0006538967845024568,-0.0016816490225134157,-9.178696243133895e-05,-0.00031260122509294637,2.4844670173247922e-05,-0.0009408319219675627,0.0005806062264204052,0.0007518032321473357,-0.0008700132408078706,-0.0005971101124823467,0.00032395419139498,-7.86682226258738e-05,-0.00015155623290899538,0.00016764942280728698,0.00011050764921735105,0.0007793971049203389,0.00014481747209174424
IND,ssp370,gfdl-esm4,-0.01356805528071163,-0.005344241340977116,0.0005488169605554459,-0.01624640159854836,-0.005174062695190578,-0.01497053501513284,0.006024984778478186,0.01175159991953411,0.002527133233297092,0.003296152893636318,0.0015646732555986617,0.012214300960005305,0.00019836592752496126,-0.0002779850877347346,0.0047268442366027565,0.004238333739822263,0.004562651373486856
IRN,ssp370,gfdl-esm4,-0.0009787863956261156,-0.00030805802133133015,-0.0006564936236197471,-0.0004056739338213456,-1.5914640662037517e-05,-0.00038549551113218613,-0.0005176144471191089,-0.00034874272010706374,-0.00022967352442219331,-0.0002735172141634908,-0.0003176641087314438,-0.0002691564101164446,-0.00012868504019807202,-0.0001930147200135831,-5.558702691515867e-05,-7.741609502373998e-05,-7.488002208841642e-05
ITA,ssp370,gfdl-esm4,0.0009349159416373979,0.002041349536853587,0.00026986333554291384,0.00138419953135289,2.8767488278082552e-05,0.001405489971783022,0.0022160445637158075,0.0027293786678513625,0.0032093955926308826,0.0029687971561109753,-0.0004664516621102387,0.001467519612613682,-3.093791246780027e-05,0.002202750305186928,0.0018251186692440158,0.0015582307166676162,0.0005706688602729208
JPN,ssp370,gfdl-esm4,-0.0005682419729248761,3.2303526806546186e-05,5.127150381680884e-05,0.0002120491455078038,0.00018304891738064722,5.87765502004799e-05,-0.00032961598962558125,0.00019922020119742258,-0.00035346007213245923,0.0003038843911024911,0.0005072287224292882,0.00024064655041987703,0.0009232615384949992,0.0004007151534103242,0.0005970203460533869,0.0003052620313365681,0.001019266150979768
KAZ,ssp370,gfdl-esm4,0.0028362222568022568,-0.00021075465234448104,-0.0007394140518659024,-0.0007275779238693739,0.00027257675065593575,0.0005289783049575393,0.001533891514004889,0.0017253538538566273,0.0017015780768675586,0.0021694226607995265,0.0019483038720518534,0.0011460143454395345,0.000366598409759894,0.0009337698196553091,0.0032448034867149393,0.0029292513036185326,0.0037027381813241494
KHM,ssp370,gfdl-esm4,-0.006169407901179973,-0.0033551107849838554,-0.012122207656263196,-0.001935266972969824,0.0008792193829022182,-0.002221760114794412,0.0005183102388122931,-6.728071975592572e-05,-0.0025166535080922686,-0.004219097126096133,-0.004606626645050732,0.0012930882418208957,-0.0008856151495307262,-1.0346102416268651e-05,-0.00138402033299056,0.0018455585759885257,0.0005328974901097221
KOR,ssp370,gfdl-esm4,0.0005218359062679682,-0.0006802993737194836,0.0011220751598101635,-0.0010711413914020521,0.0019644120916003675,0.000321141469787808,-0.0016078990311974878,0.001498251287024493,-9.19167430394375e-05,0.0006727824331157412,0.000769125877919908,-0.00187660361375152,0.0012518731925429993,0.0010176568958093109,-0.0006733765255767732,0.0012328079748783291,0.0021663450635660652
LAO,ssp370,gfdl-esm4,0.0005655275929613892,-0.0036805869177321464,-0.0012885983608592272,-0.001951600007452288,0.0014061859731559108,0.0011855431385914962,0.0007155983347753086,0.00018637457127108027,-0.0007223456857873502,-0.001075697091886689,-0.0004097078509649441,0.0005571679979903244,0.0006536262915947933,-0.0007489434917049695,-0.0003447106451614935,0.0005717804743145597,0.00013849338835844317
MDA,ssp370,gfdl-esm4,-0.00423496274198047,0.0183866814797038,0.01667343765418755,0.017017069333289093,0.004449558170971845,0.014449376846612304,0.0025790534337332004,-0.008705685871276292,0.012922766569404867,0.008354953673896246,-0.0014454412984465244,0.022715640844462776,-0.001229819595064364,0.002160123024733764,0.004446454745608653,0.0021360133265872017,0.005190632777360187
MEX,ssp370,gfdl-esm4,-0.0006732832347190294,-0.0008839413947176637,-0.0006699143481755601,1.103905109377674e-05,-0.00014656683457754078,-0.0008559913942686638,-0.0009385765098649048,-0.00024102103419670006,-0.0009268171660522659,-0.0004948620527007202,-0.0002194669954785534,-0.0005831486150735009,-0.00034989045966556895,-0.0005032175795620685,-0.00047107814305279665,-0.0001242692381216698,-0.0003015359930925388
NGA,ssp370,gfdl-esm4,-0.004503332406611613,5.204872026148914e-05,-0.0013804665768984287,-0.0017001390545035668,-0.0011600023627232096,-0.001560762017531271,-0.0014183870570911878,-0.0006332488592110716,-0.0006961903076305013,-0.0005736253372190136,-0.0002731926908047714,-0.00029916050122635087,-0.00022403787562470828,-0.00015863983659084957,-0.00010958669444846973,4.5630316918286924e-05,5.0785813998683896e-05
NIC,ssp370,gfdl-esm4,0.002688675240857527,-0.0034659886530819025,-0.0012279440598884162,-9.7817046071633e-05,-0.002237075864799744,-0.0032272203107459193,-0.005180662395485549,0.0005349252022557707,-0.0026260047552295026,-0.0026472368627653985,0.00042141669403507564,-0.00224302306313006,-0.0010154903319234425,-0.0021300029286944328,-0.001944072214629262,-0.0003118386529166417,-0.000863962350300083
NPL,ssp370,gfdl-esm4,0.004794366180281633,-0.006907745195335097,0.006698383084139049,0.002463092956434416,0.0010382857306233543,-0.0001050100330154372,0.007065273265283984,0.006672900094479193,0.0007448852847062017,0.004100282390581107,0.005011419611111555,0.005970199184927152,0.005138026587794161,0.005958104382001696,0.004941857387210087,0.004345641436900379,0.004113037503808468
PRY,ssp370,gfdl-esm4,0.38452235158000225,0.40758182529818693,-0.03509119214633503,0.13831838463692644,0.09757866181598587,-0.21699005779002878,0.0027644857978380228,-0.07636651444695568,-0.07667935056877029,-0.022226737685251335,0.018683692324807436,0.014110515939499697,0.07253209363802339,-0.0490360240564382,-0.08605290146829404,0.0763665355475343,0.028627586074255227
ROU,ssp370,gfdl-esm4,-0.0021576560371587977,0.0040848267177493935,0.005001563836514819,0.004484351740894595,-0.0008470514182967849,0.005182826421118846,0.0009441924323827054,-0.0016113023641319306,0.00507258682275625,0.0032483773513550347,-0.002711589896501784,0.00713472590541702,-0.0030513406247219847,-0.002810408772501131,-0.0016520669439507474,-0.002724195211561278,-0.002117133755872555
RUS,ssp370,gfdl-esm4,0.006462697978941898,0.005158488247943037,0.004462513612326325,0.007224485253744103,-0.00032961554215289263,0.009626944781105224,0.008964715171714818,0.0018657268541985078,0.011626526482982022,0.009697860150381337,0.008056091077921752,0.009195624866617588,0.01682309603524697,0.013726017192000733,0.013313915617966781,0.01180322809951138,0.012932175604562232
RWA,ssp370,gfdl-esm4,0.0041453290033748895,0.006655783830653672,0.00809251888907358,0.006004223275234647,0.003266423416146696,0.00381196793566919,0.006706529746998017,0.0038755950129767394,0.003929606753854566,0.0016347985203724873,0.0029884878105583186,0.0014666130417347312,0.002895929529503681,0.003904069426874454,0.0033292326796609743,0.0031225230921621185,0.002500451786402158
SLV,ssp370,gfdl-esm4,0.0008394189323250417,-0.0006268291104131918,0.0009406146117488037,7.827321182925004e-05,-0.00025215381988498637,-0.0009033911806878612,-0.0017982185105506452,5.400033723911515e-05,-0.0018174341927309396,-0.0007308250807064906,5.535462866058353e-05,-0.0011613601578113464,-0.0007382668429427863,-0.001028406984762491,-0.0010793983080956602,-0.00016064008090881733,-0.0004883861818543507
SRB,ssp370,gfdl-esm4,0.02858723820689601,0.03931824157920012,0.0349720804466206,0.02454770406313734,-0.023615252883864492,0.027194075164319986,0.037076941776391086,0.005178294263895577,0.0537921973004417,0.062044920502862484,0.013181353363944645,0.056927373881986196,-0.022012678514169732,-0.021333072592976746,-0.0038430660426739356,0.0028053689577824284,-0.02168981165456047
SVK,ssp370,gfdl-esm4,0.00020472620655419298,0.007967128618636268,0.004544637076472236,0.00489688170723058,0.0043331362700398815,0.003588619546913716,0.005311342524361607,0.0032655389920831055,0.006402150356275189,0.006147517217894977,-0.0005709000730662612,0.005852206150092292,0.0033487875200613796,0.0036784146766128405,0.004947017342278376,0.006229420222221796,0.0014202055429114865
SVN,ssp370,gfdl-esm4,0.00038332218131843825,0.0006305159096229269,0.00042577641773732157,0.0006702476787926313,0.000582249217494777,0.0007195003928454342,0.000770037605919798,0.0007055584813649409,0.0009079699766314178,0.0008287031761319323,0.0005415545072539505,0.0008938026271370892,0.0007746206348083216,0.0008593555441563496,0.0009664224299823975,0.0008845572334920287,0.0007518098615827574
THA,ssp370,gfdl-esm4,-0.00010608578524873955,-0.00020263541600872554,-0.00020248264962620974,-0.00015730812476540915,2.7745908640646925e-05,-2.3473971595655734e-06,-3.433708352166688e-05,3.294181571928901e-05,-0.00010180817898802344,-0.00013850320933436101,-0.00012895196326083872,1.8293312710019215e-05,-1.515342696750365e-05,-0.00012382065772343536,-8.090374848477119e-05,-8.011286586181163e-06,-2.3358803847345847e-05
TUR,ssp370,gfdl-esm4,-1.059685780842024e-05,-3.4737778658017e-05,3.399970507383728e-06,-9.425049072936552e-05,3.372471472827762e-05,2.7367763455077173e-05,-4.777999621543665e-05,-0.0001316362687589533,-2.0717924185330466e-05,-0.00010618175927003993,-8.99556041945888e-05,-5.782059268104119e-05,-2.9284964363045595e-05,-7.648000105803051e-05,-5.7911041741307996e-05,1.9006384516767206e-05,-4.367291779171694e-05
UKR,ssp370,gfdl-esm4,0.017344800331981883,0.10669597704038383,0.10520472670154137,0.097285524994553,0.037138843924165874,0.10415815685965273,0.06482416546672659,-0.032248401937483434,0.07538721721451486,0.022843246442755566,0.016575940093816327,0.1241319339057413,0.05673863001411174,0.02674768567792201,0.08231832686486147,0.03093622537477813,0.029038874024834738
URY,ssp370,gfdl-esm4,-0.1028536280561254,0.0565022815597997,0.03351818737983677,-0.022821533106670924,0.00898686119843388,-0.00952354110237794,0.0367698863030774,-0.006365606021454987,0.03101929157290874,0.03472105133384387,0.00022087326551206192,0.004719918386252564,0.02643022389821444,0.0015225311206153356,0.025083695719059496,0.019772703624374836,0.006123162076552866
USA,ssp370,gfdl-esm4,0.011863543844586861,-0.00853126755544601,0.019177109066812553,-0.005104494541804969,-0.011655175828782198,0.0002314670496443483,0.0016643571675041594,-0.010694322479700894,-0.02140613243608204,-0.005025540191991404,-0.027297213936659195,-0.0005477352863492452,0.010962111376620693,-0.003284251524130124,0.0013241070267450412,0.006162787587023358,-0.0037100952630255055
ZAF,ssp370,gfdl-esm4,0.0052347776704255765,-0.0023558880461391684,-0.001558708831699621,0.0035515643120289033,0.0022670966884000923,-0.005462171488070936,0.0023411149839118192,0.003631749865925084,-0.0032590828116641013,-0.006102740253314146,-0.00235059895990829,0.00100911145693595,0.0009379279347653639,7.998988035047148e-07,-0.002083295658298958,0.0003781318706380867,0.0002259111406619659
ZMB,ssp370,gfdl-esm4,-0.004729567021763308,-0.009388807073641894,-0.012411284010125178,0.0023440375641187393,-0.0024493976209165593,-0.010109606143402904,-0.0014654514074503326,0.002626356863863812,-0.002243075340560818,-0.002135562163324479,-0.00019060176501917937,-0.0008202062103681047,-0.00047251238253992543,-0.001032090616335618,-0.0014665868440115852,0.0005558296995045658,1.1795222856735524e-05
ZWE,ssp370,gfdl-esm4,-0.018827854623857353,-0.02911755201669698,-0.021712125770354564,3.1485921152511826e-05,-0.008404079420192775,-0.02076235658564414,-0.0007732892854594305,-0.0033684354830346304,-0.010673238599678976,-0.008758945590971167,-0.0011938758023225004,-0.0019875408823710975,-0.0019043721862570008,-0.0029676116032917926,-0.004162780139720979,-0.00022230815173836577,-0.0013885182077968809
AGO,ssp370,ipsl-cm6a-lr,0.00021745130019291292,0.00017081761621632198,0.00010909257341619294,-0.00037592750268613894,-0.0009054496697384111,-0.00014430283602131675,-0.0011439840659742881,-0.0003099497732537194,-1.304687647263817e-05,0.00011807039348031695,-0.00019024609585074009,-0.000388005310742081,-2.7298307164114875e-05,-0.0003443698821360179,-0.00021058924978735132,-0.0001574620624777398,-0.00011250021962263018
ARG,ssp370,ipsl-cm6a-lr,-0.019264451228739668,-0.009705907439801424,-0.012360214733761943,0.003073599613303916,0.002283937739085122,-0.0006322633844730807,0.0005297491850026568,-0.00037337615527043103,-0.0020222445782550856,-0.0008025029750402268,-0.005753021143124594,-0.0008027971791706021,-0.0004593501324119343,-0.0027872164346537318,-0.00023728194761066425,0.0015845934568057536,0.0018171676339817683
AUS,ssp370,ipsl-cm6a-lr,1.5294561160549912e-05,-0.0002162018831417514,-0.00036890203059735944,0.00013302207680881606,0.00012696468380116004,-0.00016454712926513803,-9.395122044954621e-05,6.467008164320701e-05,-4.692280746219499e-05,-2.5090298203867116e-05,3.987312603461965e-05,-4.319221908387605e-05,3.595434997449861e-05,-4.37776561541438e-05,-9.588570685120523e-05,0.00011185060007622614,-5.711680336520375e-05
AUT,ssp370,ipsl-cm6a-lr,0.001227717717566475,0.0025827372560559736,0.002299334627184765,0.003924328128667539,0.002570223268102627,0.005164296188814581,0.0044296787442498296,0.0019073761950307159,0.0039977493476009394,0.00038621129494192214,0.002825178768890945,0.0024468435604211285,0.00038433902374124197,0.005104306306242817,0.004161774437524678,-0.00016850475864355576,0.005074132365902071
BDI,ssp370,ipsl-cm6a-lr,9.373379469058175e-05,0.000347833449752831,0.00028791930860218204,0.0002837677865086048,0.00015133843865521387,0.0001990584772454029,2.2924640456527875e-05,0.0005082598067770225,0.0004903924244284843,0.00021680761952169974,0.000359028853942751,0.00013960187821515538,0.00026286147281883907,-8.021827883055364e-05,-6.05116536424903e-05,9.232633451630455e-05,0.00014879644573992306
BGR,ssp370,ipsl-cm6a-lr,0.00014332197010399707,-0.0004864336773296397,-0.0002503868331436602,0.0006424577942371406,8.594493853625643e-05,-0.0003668815179670628,0.0004072699673960641,4.52731807032168e-05,0.00023056225905848204,-0.0009395368112753025,0.00012555209207507716,-0.0005063771195829864,-0.00177227975287448,0.00031411173186196323,-0.0003308030008367793,-0.0005138712255571751,0.00028766288521415106
BIH,ssp370,ipsl-cm6a-lr,0.0031292115326958165,0.002570369294725394,0.003422767645372095,0.004342531050642551,-0.0023571864716653117,-0.0011736708268260403,0.0020042115510824914,-0.0035398319125258854,0.00088696811316332,-0.0016578018254075728,-0.0026302636428772244,-0.006306171296936329,-0.010404222307699659,0.007047702830194633,0.0008483494155191898,-0.008181560775494078,0.006683140215078468
BOL,ssp370,ipsl-cm6a-lr,-0.21154810492696394,-0.23302476981674872,-0.15725576449600612,-0.4582705142559925,-0.08162401112553189,-0.1278952883107823,-0.11062932707136579,-0.13894365786192076,-0.06993257989394037,-0.09842717625436548,0.066761530566249,-0.12587302461402694,-0.08513056767609709,-0.20033137134019496,-0.11109381585692174,-0.08164850723359501,-0.0968852635242955
BRA,ssp370,ipsl-cm6a-lr,-0.020129146356425306,-0.08906050449237468,-0.05381503497819204,-0.023278572908607242,-0.014409013658133987,0.00796544303642732,-0.0029733137322301827,-0.11287148927307085,-0.11531764476663496,-0.052632185752803304,-0.014129343790682663,-0.04550719809943267,0.0005705853208837221,-0.18385431567605864,-0.09552178144200324,-0.06548967857924012,-0.08963571480896833
BTN,ssp370,ipsl-cm6a-lr,0.0009534216708262471,0.00039405258083369314,0.0003188522520577872,0.0002529474051908709,0.00025923429343422495,0.0002489005206907723,0.0002555695362379288,0.00023001888964389668,0.00023391061927423472,0.00023434811332514397,0.00022437561331319083,0.00018055282709509107,0.00017444975955028058,0.00014860673021408047,0.00020044995514023446,0.0001637095675157383,0.0001584454893508317
CAN,ssp370,ipsl-cm6a-lr,0.0032213347048030833,0.005498161813607578,-0.001069486748424203,0.01190585319617155,0.008253179262950607,-0.0014219224987649074,0.004706109982163465,-0.006584098434386269,0.008513523042745774,0.004308954378588011,0.006897049510879257,0.004793767249701305,-0.002151287703982251,0.012331869469493453,0.0016569282449389584,-0.0035117812719990776,0.000730783118716109
CHN,ssp370,ipsl-cm6a-lr,-0.004227828120830669,0.00031490165054393483,0.0005622818002214861,-0.00036606587957571565,-0.00020990026794433478,0.005099958558697052,0.0008050152984234001,0.0044590304599083355,5.040395489026922e-05,-0.0026690816954645794,0.0025588598005779296,-0.0017771683341174208,-0.00026145155182891167,-0.004351605700336248,0.0006496560451951254,0.0015311858503230394,-0.0004932528065110494
CMR,ssp370,ipsl-cm6a-lr,0.0007849490759145248,-0.0016998432246505258,-0.0005200622189788595,-0.0003180627357059143,-0.00040609295124369003,7.605149397021882e-05,-0.0006114574849563113,-0.00026991965439115956,0.00010291752907005409,3.805390991814138e-05,-0.00021149034513486,-0.0001243057998169153,5.8349133218189226e-05,-0.0001774297122847156,-1.099723650727556e-05,-6.728542339835802e-06,-9.245818638889314e-05
COL,ssp370,ipsl-cm6a-lr,-0.00011529225163836765,-0.002112428726145955,-0.00012930779156044455,-0.0011541862261189564,0.0003950402647833797,-0.0010127518173836082,-0.001280221381518266,-0.0014469495486282822,-0.0006722648948517312,-0.0013261153372307018,-0.00020713609751047408,-0.0010585606824218404,-5.534541673406193e-05,-0.0014146046086424703,-0.0008694087813469573,-0.000881951259491174,-0.0010245868117986707
ECU,ssp370,ipsl-cm6a-lr,-0.000849997838174176,-0.0009107824408686348,-0.000260496557123493,-0.0007371123268718187,-0.0009071614859091176,-0.000640760219660858,-0.0010449159623911568,-0.0006341767399306591,-0.00015155294023775327,-0.00048445791702270315,-0.0007343864156800354,-0.0007006512913661252,-0.0007817344059659547,-0.0007726860722487958,-0.0005581703636979184,-0.0006640793211140243,-0.00036681617948723666
FRA,ssp370,ipsl-cm6a-lr,0.0006666436745498303,0.0004314311590772602,0.00010356983041358495,-0.0002547947052095578,-0.0009324629819181206,-0.00011274712672067678,-0.00030367063261071,-0.00019468214347587536,-0.0003499989620273053,-0.000724854355180304,-0.0007156664652146778,-0.0004985517825944532,-0.0004847095229202733,3.255506660351362e-05,-0.00036539642123281565,-0.0005424954165666156,2.0608446613518778e-05
HRV,ssp370,ipsl-cm6a-lr,0.006309206942633012,0.04735827284227369,0.07342702512484815,0.06898077229510982,-0.007946977439005727,0.05106760739357071,0.060008537478763384,-0.014883999904383811,0.06491119442624388,-0.0146674241415457,-0.04891214127337742,-0.025107540642102195,-0.1533268770336742,0.1308303394997711,0.03222317874551354,-0.11883035306739431,0.16185082320714936
HUN,ssp370,ipsl-cm6a-lr,0.0013316363360649421,0.0007404044062051653,0.0019790186050878144,0.002026127297574592,-0.0008860340777476281,0.0021033717498381023,0.0018628378331150973,-0.0017227169929256057,0.0014223757666472082,-0.0011956801866835941,-0.001113228952655528,-0.0015709594894607996,-0.004096333201439448,0.002707503533032807,0.0009306932223442141,-0.0031919632880864583,0.0027273611296279748
IDN,ssp370,ipsl-cm6a-lr,0.00016894001833481226,-0.0012396203480435457,-0.0014787403540928773,-0.0007965620509628901,-0.00020988588951108148,-0.0004332098842371707,-0.0012615878193545252,-0.0003929264703661962,-8.7843837343874e-05,-0.00010208051123159875,-0.0008237438249690006,-0.000308944354360064,-0.0008528886568372424,-0.0010772195817901626,-0.0009377124614508312,-0.0005801819343267575,-0.0007043544596450632
IND,ssp370,ipsl-cm6a-lr,-0.013607779105210261,-0.01886686715702223,0.0015263133671674914,-0.014137753442835415,0.008031058878052904,0.002859343942465359,-0.0075062640985051445,-0.013028947773953352,-0.012423022330690562,-0.006246793849125749,-0.00134450555336149,-0.0004646321014813652,-0.002098540094870344,-0.012226751273354278,-0.007739737545575412,-0.005916582643303918,-0.005066454297314306
IRN,ssp370,ipsl-cm6a-lr,-0.0001901051683413769,-1.380182659907828e-05,-0.00037975394663771503,-9.740821706637846e-05,-0.00021398838883332456,-4.9255104936665845e-05,-0.00038106653755579843,-3.694976631307841e-05,-0.00026244795593048013,-0.00020755350412836614,-0.00031697451662381716,-0.00021659912330756464,-0.00024935637659740696,-0.00012935019698882868,-0.0002455269593341354,-0.00022223019615305142,-0.00018714763535637057
ITA,ssp370,ipsl-cm6a-lr,0.00026598950477722713,0.001539835340944787,0.0007610832050558254,0.002279140841931313,3.353149621665955e-05,0.00032015696171082327,0.0008337856320846608,-0.00018430819013826255,-0.0004008481653790879,0.001105934956923376,-0.0006814137511441262,0.00013167266343289943,-0.0015535761600189099,0.0015475923798384259,0.0009071256876925565,-0.0007473153530085001,0.001652562330535153
JPN,ssp370,ipsl-cm6a-lr,0.00026143372793929444,-0.00025516761929971746,0.0001694313916831962,-1.3849306167657586e-05,-1.0021193254678752e-06,0.00036409864852826926,0.000281419372325738,0.0002451348357243711,0.0005484508415311647,-4.069101167424228e-06,0.0005019589220878582,0.0007209921058279071,0.0005057131940340652,-0.00020094810953640808,0.00027356730543987094,0.000701384151569268,0.000880544820246638
KAZ,ssp370,ipsl-cm6a-lr,0.000600283345499746,0.00012723385330828054,0.00019882348876178676,0.0006571926866771826,0.0007046005716707201,0.0007905247338028238,0.0007114933676657713,0.0009196935222825401,-0.0004432737038792558,-0.00028369681579214597,0.0001885042658559865,-0.00015076427261737579,0.0022021610589476625,0.0015052512362624857,-0.0005863088305069328,0.0002566511229796762,0.0009847301024351334
KHM,ssp370,ipsl-cm6a-lr,-0.025057520034314197,-0.028379960085409075,-0.00894966692059666,-0.0025334516643622028,-0.019857227096378546,-0.012745339610643398,-0.005402566030479402,-0.007439655038367935,-0.007278512014655443,-0.006975718577402078,-0.006339722371419127,-0.00766695806171187,-0.004633631188630963,-0.005918573162721944,-0.003949704552121263,-0.004069667917055783,-0.0032178257260761702
KOR,ssp370,ipsl-cm6a-lr,0.0009513075032167294,0.0004641769463167651,0.00048529635466172606,-0.0008314034310318759,-0.0009712839964790088,0.0014719614882434393,-3.794334143917135e-05,0.00113913869896271,0.0021770300030162027,-0.0013342858026668002,0.0012263029462482578,0.0006106716314048534,0.0002016661428321006,-0.0005988070046189835,0.0009736382930127617,0.00017787935566100207,0.0007124457227837278
LAO,ssp370,ipsl-cm6a-lr,-0.00023055656635559036,-0.0021145988804906397,-2.7304605867430617e-06,-0.0027294424980902417,-0.0019318420917987752,-0.0013999115832083779,-0.0019506507848959197,-0.0004880499046866238,0.0005783574999233657,0.0006645236918102214,0.0018597480055343844,-0.00040851201441733693,-0.0015547839960417507,-0.0017882347488309878,-0.0003611458730136111,-0.0007853146504875807,-0.0001317786834358866
MDA,ssp370,ipsl-cm6a-lr,0.004834723895394807,-0.003641316486257013,0.00637633271052298,0.006591336602600573,0.009347442262331482,0.004786564903729244,0.00799249292748049,0.003793247881163673,0.010628104690384298,-0.003793395953922401,0.002628829863766213,0.001351747094893114,-0.013739207499256913,0.0048802072307679864,0.005148540492222367,-0.0011726519786906006,0.009356656660769836
MEX,ssp370,ipsl-cm6a-lr,-0.0005762666935681382,-0.0009784504982780424,-7.027784340413796e-05,-0.0005967073610187603,-0.00019147540925878054,-0.0001689436318019627,-0.0007772542754967165,-0.0005960455286539082,-0.00017998542497696648,-0.000657275900778401,-0.0006246388702685329,-0.0006593613456377809,-0.0004621749142772441,-0.000708057997374672,-0.0005581234929460199,-0.0005169749946937866,-0.0004977402721195164
NGA,ssp370,ipsl-cm6a-lr,0.0010395712609111722,-0.004906792832105375,-0.002893525319051501,-0.001878338898159753,-0.002774142236213535,-2.9861500660648475e-05,-0.0022973066772641127,-0.0006903490962147158,6.088441800309022e-05,-0.0003390901200022964,-0.0008646406050708753,-0.0006148016055065516,-0.00039996081551673193,-0.00046397132586257833,-0.0002563318356776105,-0.00022089200692112208,-0.00023036945709710603
NIC,ssp370,ipsl-cm6a-lr,-0.0020068380312266627,-0.008737591930816939,-0.00045083791445284975,-0.005841720101142776,-0.0010409118810362167,-0.003723590158189843,-0.005688452580491046,-0.0028245820357915546,-0.003060125766506574,-0.004265195089538753,-0.004070081362411416,-0.002807656872938698,-0.003006272858280994,-0.0027067154474143982,-0.0024048953794143222,-0.0019937457574705692,-0.0022091266592105595
NPL,ssp370,ipsl-cm6a-lr,-0.005637393286879915,0.0004599559389363231,0.002569777862553654,-0.005894967843097253,0.000380866351580296,0.0026108812154014838,-0.0008778128613116175,-0.0006920313548924937,0.0006847168427723457,-0.00026655284671372797,0.001082047812262687,0.0014509984291765756,0.0003599376735806701,-0.00011053724338296945,-0.0030066899162317314,0.0006729057258573207,0.0005065684027707036
PRY,ssp370,ipsl-cm6a-lr,-0.3415074254803992,-0.2676751682396407,-0.09700629624637562,-0.14464619404813717,0.01702766069523497,-0.05752524263778893,0.05449122776734355,-0.10118833772059647,-0.16167943119244355,-0.12368986608834927,-0.09132397466708718,-0.01645469970856748,-0.022261726186913897,-0.2027075544716938,-0.08357029267492919,-0.08918627787641507,-0.06109543146867731
ROU,ssp370,ipsl-cm6a-lr,0.0015025144568117442,-0.001874446517566078,0.00035904192124752775,0.002556148998895218,0.000609885685268663,-6.148418379018738e-05,0.0028890460021807843,-0.00015175642610038917,0.002649609886432359,-0.004163308822295262,0.00045817618587374356,-0.0028666367895415833,-0.008616522851124516,0.0027970585786286756,-0.00030065050625899476,-0.0032143042306634743,0.0038641133579708246
RUS,ssp370,ipsl-cm6a-lr,0.0007854224855504446,-0.00447701395123632,0.003672570742375445,0.0033252842589110453,-0.0006627154181567141,0.005765899178839527,0.004723412019819702,0.005152103141014806,0.0015570135306224688,0.0017125043026920553,0.00440600061194767,0.0032205006499849494,-0.0016295350444399444,-0.0003394149705273569,-0.0038344607595168635,0.0025375294142215388,0.0006838350124757918
RWA,ssp370,ipsl-cm6a-lr,0.0019046379987524926,0.0011079643282408751,0.004142162003622621,0.003547343000915609,0.00534964013079789,0.005170986154535298,0.004565547076407346,0.005000022553668379,0.005131845764103642,0.003826228585420311,0.004270681201844428,0.0020584735347538696,0.003496878887992873,0.00045004065556383176,0.0012129892923256726,0.0026455444138965755,0.0024389343069671737
SLV,ssp370,ipsl-cm6a-lr,-0.0012819896434248452,-0.004105492590125787,-0.0012301856413418004,-0.0033389125386875398,-0.0008796186130431327,-0.0012496126951362652,-0.002254770933046955,-0.0018759328082032338,-0.0016379513741902958,-0.002454923994832803,-0.002068328677495625,-0.0018442719182014378,-0.0014752054919356032,-0.0015830391437622953,-0.0012942983326806703,-0.001108027417604386,-0.0011685718268555664
SRB,ssp370,ipsl-cm6a-lr,0.01427387459279841,0.0064715270829708346,0.011877650666905782,0.02154624870998356,0.003533068375676799,0.0087960668815777,0.023809130109041846,-0.012025877517451322,0.006585809429391414,-0.020241405341371636,0.008968821092944869,-0.030418328629755145,-0.054323001900569275,0.045569196267357094,0.009090498375881466,-0.04028701957738944,0.04253690220217854
SVK,ssp370,ipsl-cm6a-lr,0.002946243368188805,0.0031841310044801886,0.0028688924467377354,0.003758937624795858,0.0009387039639502395,0.005368795342985827,0.004114774688586163,0.0010543539900107143,0.004749478842122247,-0.0012860247765700589,0.0022283799554561816,0.002034588489647033,-0.0008795227835414458,0.0041114588619488085,0.0032525023401902106,-0.0011220347766121607,0.0030561882397958395
SVN,ssp370,ipsl-cm6a-lr,7.427028536864835e-05,0.0003874049070372363,0.0004924665987464194,0.0005347547204838597,0.0006112153511559074,0.0006645448396960799,0.0005360283544841523,0.00044258113957462274,0.00044872031323361244,0.0006235255705736749,0.0002580359282578693,0.00047443382059797994,9.291537659196603e-05,0.0005964084601021116,0.0006288893445741355,0.00031576842079084647,0.0008937311457151385
THA,ssp370,ipsl-cm6a-lr,-9.993085988760733e-05,-0.00015193332085882577,-9.313734554325419e-05,-0.00033330213920462575,-0.00034356442385454075,-0.0002741789495350363,-0.0002195844173161785,-0.0001397917529732482,-0.00013818011076234847,-0.00017559278215344243,4.377741738674728e-05,-0.00025693840958006026,-0.0002304449468695246,-0.00027532499062927454,-0.00018571494853651335,-0.0001672408227156932,-0.0001493978827624057
TUR,ssp370,ipsl-cm6a-lr,0.00023360039406222102,5.723020380752703e-05,-2.2685138996698683e-05,3.772570617535847e-05,-9.399537503055542e-05,4.7126425459730214e-05,-6.332067214847477e-05,5.429473466572652e-05,-7.537766668487487e-05,-5.487221220807011e-06,-2.4313198291072983e-05,-7.588824936879709e-05,-6.593673341990692e-05,1.7451997043890943e-05,-2.676257150978291e-05,-4.5571582952535224e-05,-4.892007360843347e-05
UKR,ssp370,ipsl-cm6a-lr,-0.05278395217681337,-0.02631926990384977,0.053006476730322445,0.030160679980728425,0.039481104842629226,0.016818734114223563,0.013704027256245888,0.023111340478357032,0.03679014437187418,-0.03620954200411719,-0.00018053913823776966,0.017608265640135005,-0.055573975091849435,0.007139437231751805,0.00044374856021966807,-0.002544236391472767,0.047037687481784156
URY,ssp370,ipsl-cm6a-lr,-0.0560421128008049,-0.023365548764492292,-0.042800462702658075,0.019036220261746648,0.0021453670946816827,0.004357136097958233,0.0032116219739315647,0.004976261047262449,-0.002105975743415736,0.009262899545822208,-0.033281108104779855,-0.009364018363547496,-0.003077640241749063,-0.006151095063719487,0.0002309285858127088,0.013979436511788451,0.008004574897609995
USA,ssp370,ipsl-cm6a-lr,-0.016363987224589985,-0.035300681617540554,-0.004725096574523292,0.011334061931854215,0.0048917120144870265,-0.009610745314088077,0.0065894881375642925,-0.002983767306824641,-0.024465494295478844,-0.0046011623240793,-0.011948481705733755,-0.005916553466084638,-0.03554937619006004,0.00782883447662194,-0.0010990067287726744,-0.02078619971423523,-0.004311383102281656
ZAF,ssp370,ipsl-cm6a-lr,-0.021635489511341897,-0.013626749164710624,-0.013227701557941077,0.002371533871800018,0.0001660468890842609,-0.003672648642631922,-0.005364174516207714,-0.00019742620828623115,0.0005395237723049491,-0.0008743101444392834,-0.0054653021304365374,-0.0034342851309835196,-0.0019605687754226117,-0.0037465891348786836,-0.002697136003010452,-0.00162420072672939,-0.0022385692286662046
ZMB,ssp370,ipsl-cm6a-lr,0.0054784809526942785,-0.02999491121731412,-0.005803683046736057,-0.016462138627735625,-0.005623649451221278,-0.00481001867621567,-0.005475114110020947,-0.003331270433590598,-0.00035086748136525065,-0.0005180963250966254,-0.003190193638201684,-0.0008504157468209413,-0.0013135693659905633,-0.0009159035388998916,-0.0009131209614252006,-0.0003373124469429727,-0.0003702130494012257
ZWE,ssp370,ipsl-cm6a-lr,-0.028235504963778264,-0.02048358424618623,-0.02435618073743977,-0.015161796551505454,-0.015796682462261166,-0.010669741846088833,-0.008400674407629998,-0.003299827001796354,-0.005931904526016243,-0.003456823811020504,-0.009046449768237552,-0.0031725875922544926,-0.003956137805463037,-0.003789972369571079,-0.0024922927762677364,-0.002182675408818695,-0.0024246384659562456
AGO,ssp370,mpi-esm1-2-hr,0.0011169714642395865,0.0013553179727073994,0.0010457661471563648,0.0009169402590505349,0.00066207353045946,0.000839757092488275,0.0006990833750977834,0.0005139667863702551,0.00023953643972075662,0.00043366369363345513,-7.623151198233983e-05,4.599456090695787e-05,-0.0002541892043089293,-0.00015048659640106105,3.555439892533721e-05,2.9874846408894608e-05,-1.0066985887703605e-05
ARG,ssp370,mpi-esm1-2-hr,-0.05136677567016418,-0.010754101300832807,0.007482485000596846,0.0003056469694292348,0.003619037572892056,0.009077164697384225,-0.0037587596554193325,0.0009962657292186738,0.00230203268342333,0.0029708450989266756,-0.0011791820358189227,0.001774449046783969,0.0003150341338772691,0.002685822912436599,0.003134623527419281,0.0025770351936550725,0.00028001532632957496
AUS,ssp370,mpi-esm1-2-hr,7.333175356076741e-05,1.5061734456863037e-05,-0.00013470177019273715,4.3487971556960174e-05,3.099648702669385e-05,0.00013116224146461164,5.3546211243734045e-05,0.00014349138828833135,2.7392354163160233e-05,9.675616493007338e-05,5.960205415453145e-05,5.389949200486013e-05,0.00010642855124013318,0.00014762218679067476,0.00022025160100594908,-3.442248841684456e-06,9.606468139856842e-05
AUT,ssp370,mpi-esm1-2-hr,-0.0005618244267334525,0.000331581510715551,-0.0010604561026526923,0.002081091659176664,0.0024122100405800664,0.005798368440527097,-0.000553023355185181,-0.001368163117865014,0.005111481079913089,0.0034909640214756156,0.005958367754928603,3.307988441901204e-05,0.007386652603695597,0.0022909048378020793,0.00380048547497862,0.0025027081899932704,0.0028636285498659883
BDI,ssp370,mpi-esm1-2-hr,0.0019951703572935416,0.001330297000717192,0.0014101680760077349,0.0011839231260357944,0.0005264334990880325,0.0008673100855809381,0.00047467844866991223,0.00036838171761367463,0.0002242174291686476,0.0004985200082353363,0.00028273034503554237,0.0002296480393677017,0.00011834309470076875,0.0002033839535072653,0.0002511820236769224,0.0002924787369128129,0.00026299892717197317
BGR,ssp370,mpi-esm1-2-hr,-0.000923012384902419,0.001612550594576658,-0.0009965008440469744,0.0011962388490461343,-0.0003202731238737035,0.001226616741302945,-0.0003519287501221932,-0.00046827753727999915,0.0005244606534253374,-0.0015263628741577359,0.00045406724398903113,-0.00037483987310806243,0.0012776724783552839,-0.0005003778899533485,-6.530508063784735e-05,-0.0010087780220260935,-0.0008404103369585728
BIH,ssp370,mpi-esm1-2-hr,-0.01655961032717109,0.007576644775696405,-0.014283813597302212,0.007057154186728364,-0.0015034275930317959,0.01022804652379971,0.004006230053590894,-0.004244385412523461,0.009941405361470323,-0.004064302200695174,0.010754890263590446,-0.0034740239308006403,0.01304815598534558,-0.0027835053756239876,0.006543140000566957,-0.002638108798289886,0.001297882102639433
BOL,ssp370,mpi-esm1-2-hr,-0.3364183978065971,-0.3103126072582742,-0.18397585056939142,-0.0315646494975216,-0.10784599135479452,-0.02870843870324219,0.052678823940783694,0.04599515297655345,-0.08032589394642763,-0.04272268112084542,-0.0832579943569485,-0.13927091450236123,-0.07574853521967435,-0.07830808296974597,-0.06602937790830503,-0.08247626357909763,-0.0766612772272212
BRA,ssp370,mpi-esm1-2-hr,-0.061859555949097665,0.08587394608272429,-0.051881543539254074,-0.0147057609143401,-0.03628474951445405,0.006299240750663427,0.05498779430619354,0.052536383729790664,0.03816945296914218,-0.00623228750166778,0.03018320682508218,0.0020299771764781785,0.04100601349152745,0.006176733565774246,-0.024605625536295944,0.06025288969150217,0.010326853233410274
BTN,ssp370,mpi-esm1-2-hr,0.0012560529737929093,0.0002753951654135522,0.00011243956112804084,0.00017583853762807394,0.00025628626470375413,0.00022658617292484873,0.00017155927550504456,0.000200729938697676,0.00019087340398041196,0.00021584244688603062,0.00020822908596799774,0.0002121292305871254,0.00021045626758293078,0.0002081033692918291,0.00022828206030923849,0.00021240746073383266,0.00022748020179078174
CAN,ssp370,mpi-esm1-2-hr,0.012726092222078897,0.020849444249705543,0.017120557536487314,0.0014914213009271863,-0.006573132782581982,0.005748526887589823,0.0005451672135491945,0.004705365825574484,0.013272128762055507,0.002166543677747867,0.0011994255182579982,0.012339078524782585,0.006457230792148498,-0.003918631358522267,0.0006569922559460668,0.004699781443835199,0.010777397234685326
CHN,ssp370,mpi-esm1-2-hr,0.008179716960458923,0.005440818259730409,0.0009600775860815465,0.00316039355286407,0.0065723305208038795,0.004843931832271541,0.005779363457494041,0.006567337140864155,0.0033558202234856053,0.006180390631803102,0.00842440309015741,0.008629124748942061,0.010356074296707223,0.01347560632997778,0.008597480878103641,0.009504066218812932,0.011625972518985275
CMR,ssp370,mpi-esm1-2-hr,0.0021366309340029076,7.436640511435365e-06,0.0014129292965010167,0.0011886805257900063,-0.00026424217863194515,0.0004384718950927525,0.0006006941989565365,-0.00014780546148110613,0.00013894301146243833,0.00038640320309246077,0.00022689617120038696,0.00015123043580104778,-3.7740156279556056e-05,0.0003025596019366825,0.00024809212319776655,0.00021093741372026434,0.0002973183417048659
COL,ssp370,mpi-esm1-2-hr,0.0018668205950010054,-0.001190597197960005,-0.0012640119357395071,-0.00013122722368423225,0.0006327987402368463,0.00029088207997530173,-0.0010399654178928621,-0.0012790801064054176,0.000274554705755947,0.00034459629300056274,0.00032934332810229995,0.00011392834744908454,6.500560751215745e-05,0.0007916080543214906,-0.0005099258200214086,-0.0006627276893511261,-0.00041197514511676244
ECU,ssp370,mpi-esm1-2-hr,0.002109199224641185,-0.00023716324589591336,0.00029536718760114766,0.0010186548162216355,-0.00011722170494253396,0.0004866832054251245,0.0003556371171190723,0.0005632307152885196,0.0008237075258858148,0.0011792072286759302,0.0008070690064295218,6.248957736684095e-05,0.0006245669749636238,0.0006450704137654555,0.00031209369301217233,5.1641324467697165e-05,0.00022909572276317547
FRA,ssp370,mpi-esm1-2-hr,-0.0008312983827297524,0.00023852969876335056,-0.0018927294717676136,-0.0006703612680590186,-0.0003357030001485325,-0.0002882979435331363,-0.0008903726202488439,-0.0005141429387566132,0.0004079246807827231,-0.00045311381834056805,0.0003814086712143795,-0.00047093698602773546,0.00038394336109644466,-0.0005040522408277228,1.4478841174454984e-05,0.00011159666341965929,-0.00020197234478743468
HRV,ssp370,mpi-esm1-2-hr,-0.026504651076423025,0.062726454575338,-0.14014847152132656,0.059868406788426184,-0.0008932433756920483,0.1794758135971631,0.032183476650916136,-0.055899323542728675,0.20924588459045507,-0.011310615010258013,0.20730250802599945,-0.04884557192415353,0.27143412030906844,-0.009192508636610223,0.14390397577526193,0.021701162836850398,0.0883041220032218
HUN,ssp370,mpi-esm1-2-hr,-0.007811750853177394,0.0018748185583492476,-0.004214342527823894,0.0021414859436201215,-0.00032294480571250683,0.005366732269181697,-0.00023030943279863896,-0.001852144946835338,0.005620186673347056,-0.0008500607205659221,0.004162227018091647,-0.0014695321196015344,0.005716304737049499,-0.00033390571407478146,0.002994933111802293,-0.000378558396070711,0.00031874486333780704
IDN,ssp370,mpi-esm1-2-hr,-0.00039124938922014893,-0.0015686457612711817,-0.0024996676504047306,-0.0007733867778974476,-0.0010412217526040866,0.00013149586617993878,-0.0006038841684841115,-0.0005573282216052193,-0.00034400516478227597,0.00046999138593408277,0.00021616035267486844,0.0002634562298022295,2.52856110732296e-05,0.0002612890345004131,8.02637937358949e-05,0.000332715263397885,0.0004570777736893968
IND,ssp370,mpi-esm1-2-hr,0.03956318830937457,0.016246651802940687,0.015566274750777816,0.021061694849152983,0.02065632361853054,0.020786227695618522,0.011373238748084566,0.004955534874782746,0.01426486729529139,0.017681880134216572,0.01494699223600893,0.01748529336262728,0.01199326280558255,0.007189444738729907,0.013254789911841397,0.01030629572126314,0.01236403558107388
IRN,ssp370,mpi-esm1-2-hr,-0.00022538942152985173,-0.0002527838112351781,0.00011413998399022858,-0.00010542116972312342,-0.000116076970757056,-0.00014517167746279703,-8.47990604048408e-06,-0.0001842790387264958,-0.00011330015216243439,-0.00016216379757397128,-0.00030237800533465656,-0.0001835144812000636,-0.00017573899543876315,-2.763479817281843e-05,-2.9355679249538325e-05,-8.059164684431695e-05,-5.830831806387643e-05
ITA,ssp370,mpi-esm1-2-hr,-0.001963357358953389,0.0007377459646429423,-0.0036688284325238256,0.00019235415980536382,-0.0003166549320643943,0.0022942880682094557,0.00172645871014048,0.0009718111747469392,0.0029781111866139945,0.0007186114844939253,0.0033917286830503646,0.0005980465349179714,0.0025054236527163147,-0.0008696824055919836,0.0024969139672959507,0.0012019179589847283,0.0018158557444685848
JPN,ssp370,mpi-esm1-2-hr,-0.00011720850659200701,0.000126361424863397,0.0005167064715417079,-0.00026260960800836714,-0.0006084839237402364,0.0007092968941636275,-0.0001696081774033005,0.0009746713765803458,0.0004882899980082413,0.00016651980824823885,0.001355026008467967,0.00012817055943587598,0.0004630642973642364,0.0013657345287910923,0.0004913871230316182,0.0009873777600136672,0.0012616205067093637
KAZ,ssp370,mpi-esm1-2-hr,0.0015404488282960839,0.0031820245372087075,0.00130268194256419,0.0011829208136255535,-0.0010683028875150408,5.631723636833607e-05,0.001169396789762333,0.002848922021111054,0.001274714906118683,0.0015829907982729437,0.0020465928702450187,0.0018766884480965315,0.003980807024666973,0.0022559164995267656,8.39792817336701e-05,0.002408080685753409,0.0010063375324196992
KHM,ssp370,mpi-esm1-2-hr,0.002753351821902418,0.0008287517437083551,-0.009764810227247898,0.00925197647973382,-0.0013843480955704622,0.008381196596935356,0.004443967700938158,-0.0017180008947387418,0.0017227620333463915,0.003524622620112028,0.0038411570402169058,2.5631898284877155e-05,0.001956064501704428,0.0016941745578814337,-0.001382216826682746,-0.0009465686169015721,-0.0016163246821116032
KOR,ssp370,mpi-esm1-2-hr,0.0013446224550762546,-0.003527579512218553,0.0010031538454054302,0.0006011253969992044,0.0006976763930487727,0.002038622323913789,0.001199709249487855,0.002180677021576472,-0.0015362751353642772,0.0010641165382645188,0.0018127096357192483,0.0004942942003865937,-0.001500641864908043,0.003435014144802063,0.0030062328543526964,0.001920196121093714,0.0028856865877148366
LAO,ssp370,mpi-esm1-2-hr,0.006218758185007269,0.0027368312013544716,-0.0006702471517931995,0.0015304030156006183,-0.0022287854929657173,0.002237490784546998,0.0016156135672507723,0.0008365163947045959,0.0014261452362911058,0.001948302734888192,0.0014007676397110105,-1.4512038436567059e-05,0.0006171101114044443,-0.0007921830461059095,-0.00011707504559732606,0.00018058034631578923,0.0008340713652209648
MDA,ssp370,mpi-esm1-2-hr,-0.018647037569477255,0.011472182067024342,-0.003881308486880182,0.013460513474201928,0.00924993473072222,0.01729748134378807,0.004006863222031108,-0.000650182040328817,0.013950725753652036,-0.013115879273480811,0.004397759145345637,0.0023731765876483578,0.0207573760228969,-0.006555076995335583,0.009882095108963866,-0.0035769549394138733,-0.009854455144922754
MEX,ssp370,mpi-esm1-2-hr,8.375325785986808e-05,-0.0006167094349242682,-0.0001675911735929656,-0.0008485282620395819,-0.0002474820796183159,-0.00018208353434259278,-0.0002850292802119406,-4.63585613218241e-05,3.015055303017662e-06,7.500844400432798e-05,-0.00039757292858103683,-0.00015249816393075275,-0.0001257065546482898,-0.00019847666115232272,-0.00017483027774733238,-1.5210907834373418e-05,-0.00012682056760246317
NGA,ssp370,mpi-esm1-2-hr,0.002382046947317373,-0.00011710659849917455,0.0022323284135264206,0.00197443945693905,-0.00021309804495802935,0.00033435962665415506,0.001041173178369612,-0.0009280586595454054,0.0003431586610809224,0.0005770134309516962,0.00023251111257663695,0.00017513510503193666,-3.24093147861065e-05,0.0004647609616188754,0.00015920125726675432,0.00011906740345386093,0.00026467142437247446
NIC,ssp370,mpi-esm1-2-hr,0.008101611241580032,0.002968541691503047,-0.0015386723290326928,-0.001459391605071297,0.002829841607225805,0.0008369669518718241,-0.0024749381563947542,0.0006585718555323772,0.001393793899637473,0.002837150171209055,-0.00047423169833736643,3.759474749733343e-05,0.0023491504145786483,0.0017118013044823436,-0.0005780322810651034,0.00031798591589973714,0.0015798900527831676
NPL,ssp370,mpi-esm1-2-hr,-0.007559685585625078,0.014968159339185985,0.00236955765787293,0.011994756686984239,0.002104083119319962,0.004726383008433731,0.0035748194612772936,0.007735004175210554,-0.00038556009186622927,0.009384690815031948,0.004217409129619061,0.0062393922947215465,0.006833065641180771,0.006175885636362117,0.00878283426853475,0.007311930980114595,0.006272379509927397
PRY,ssp370,mpi-esm1-2-hr,0.6393089794392446,-0.0572761599901096,0.04267978116434784,0.1373034825694341,0.02833414385662975,0.04999334012950377,0.05807796404587067,0.05926773024336401,0.057585939303833926,-0.02104699302173019,-0.0024054465202214955,-0.07651312204953031,0.035574172458041606,0.02593960099995393,-0.04560686473795695,0.05829501516343969,0.04456770429269176
ROU,ssp370,mpi-esm1-2-hr,-0.008459672614383823,0.003955121519349708,-0.003027318489473841,0.004385308491505046,0.00011597030653569723,0.005350250061020808,2.425101944600601e-05,-0.0025159837023234787,0.005612522928493875,-0.0071293667607110365,0.00394118898411444,-0.0019747904460186887,0.008438359733581768,-0.003037858494417333,0.0012291770326470694,-0.004958400445334479,-0.004412342345443329
RUS,ssp370,mpi-esm1-2-hr,0.0018930352993525473,-0.0011841222301985995,3.728506121448839e-05,0.007489552800323694,0.004572598205655656,-0.0018167197308747998,0.006575516034843216,0.00974435448100476,0.007860615779067845,0.010422167865850896,0.00503354574263071,0.01554239043967184,0.012676725275568592,0.009208549743744085,0.012794551860125687,0.014555134586846855,0.010744670476567126
RWA,ssp370,mpi-esm1-2-hr,0.008521911704237843,0.007223092613151433,0.00874438919911461,0.008840178173940796,0.005915011388202767,0.007392206466592096,0.005135874861217248,0.0037060680146634353,0.003971157556665437,0.004808064747932529,0.0036869974108882137,0.003139799034238334,0.0022208895521522304,0.003062290520701758,0.0033505764248541866,0.003429597693817853,0.003024108447740104
SLV,ssp370,mpi-esm1-2-hr,0.0014136779793351363,-0.0006878634008271835,-0.0011565314134178947,-0.003020944054198925,-0.0022626895025498403,-0.00029083254497913586,-0.0022626272691282506,-0.0007937706174833038,-9.9971138564196e-05,0.00036847346328701093,-0.0007357345592139305,-0.00011216089511445085,6.550359123844315e-05,-0.00012103813946301465,-0.0005234824999814521,-0.0004051982047263291,-0.0001770843720026422
SRB,ssp370,mpi-esm1-2-hr,-0.1119680178791735,0.03343787593810448,-0.041841886532363086,0.023487691543163526,0.0009596132804094784,0.04712982217347299,0.013126438667046618,-0.01832730765074809,0.052954431296174186,-0.03179506494727779,0.058046747904637645,-0.011362879511669406,0.08199207409344642,-0.016312103649194463,0.026052161611609573,-0.013131963700772022,0.005494472878155453
SVK,ssp370,mpi-esm1-2-hr,-0.004499156011670759,-0.0021586579809686536,-0.0032074974222691217,0.003171031623232542,0.002927605178396977,0.007348310648157356,-0.001718106185304538,-0.0036402782547524312,0.006406244925684045,0.0037530129863781827,0.005989353028665101,-0.0007351144823525319,0.007106930586380624,0.0002512018493383629,0.0022897772615879026,0.0010563004759328802,0.0011064371808853382
SVN,ssp370,mpi-esm1-2-hr,0.00038598379016830796,0.0001588137693529234,-0.0002817805277579309,0.0002522706498176529,0.00021102005083005175,0.0006774694950596219,0.000533036610866385,0.0005961987425906613,0.000612776648914877,0.0005211385105194767,0.0009142512885106326,0.00039879518443877,0.0009250968002704824,0.00033535481210749464,0.0008035735378106085,0.0007053560799497215,0.0009180977829646625
THA,ssp370,mpi-esm1-2-hr,0.00018375539014903788,5.829052029894619e-05,-1.9619064477708772e-05,0.00014159893973254349,-0.00014652248811762876,0.0002622792582076798,0.00019120180150459056,9.478411507507373e-05,0.00015216787172997817,0.00023469961162412342,0.00020530103366161106,-7.233828065740184e-06,7.025202468327111e-05,3.0422922606751377e-05,-4.5497346289003686e-05,5.6279933643558835e-05,1.671166110552652e-05
TUR,ssp370,mpi-esm1-2-hr,-4.644476898160373e-05,4.506005114272809e-05,2.4221477177167473e-05,4.144826179120271e-05,-5.218454540237085e-05,4.9376912079672686e-06,2.9347604123832403e-05,-6.593817948840109e-05,-1.3917558877475276e-05,-2.632100498450789e-05,-6.810666911421323e-05,7.74511034183332e-06,9.526534539267662e-06,5.2014868796578625e-05,-5.769327985094457e-05,-4.355758748816282e-05,-2.223321470192791e-05
UKR,ssp370,mpi-esm1-2-hr,-0.0992721951615502,0.029410844750356893,0.03569913350771253,0.07632407793232784,0.05021205488378985,0.04846897668189864,0.004213368530281191,-0.02131323250201722,0.04901308137396375,-0.0466739981604804,-0.001276140024207754,0.035028147398732314,0.07483328065681233,-0.014899592028877154,0.04308360233337987,-0.00866416179524887,-0.02779801386574308
URY,ssp370,mpi-esm1-2-hr,-0.03387548549328392,-0.039914710219303554,0.03673972376604038,0.014374780064003913,0.01823469014191918,0.022982130164234636,-0.013421680438959152,-0.02770671085052858,0.012104280762893615,0.015201681313200752,-0.0020683840750033693,0.00354265441424782,-0.0018723616907436725,0.01662892463588675,0.02023041861902255,0.013456428624965605,0.006114266354740917
USA,ssp370,mpi-esm1-2-hr,-0.006593279636310189,0.009471671966638702,0.009734875747350779,-0.010055125038105113,-0.021660946225960962,-0.041254309182235126,-0.01128179367420484,-0.0040022696998686024,0.003795745868971317,-0.001733334746152839,-0.021934061393339234,0.010141357116433802,0.013739243657990405,-0.0008040577051662756,0.0021184584480650145,-0.0017205825704985286,-0.001327120006060261
ZAF,ssp370,mpi-esm1-2-hr,-0.01468290009827486,0.007763702347509289,0.002236505412540203,0.005877973743262221,-0.006499101672861926,0.008501888509130251,0.0024551260173909196,0.006465317074112494,0.004866290171283948,0.004487933686015683,-0.004128375906063329,6.420375870100207e-05,0.0016255009705094308,0.002845672511679314,0.003670644423294387,-0.0017807814971604566,0.0026582869758373963
ZMB,ssp370,mpi-esm1-2-hr,-0.017646377131137033,0.020306836350350153,0.0005759539616819616,0.012177045449941193,-0.0007504153399202223,-0.00011130996924051417,0.002981423141101954,8.09593164913505e-05,0.0014420471497454076,0.0036627332694599553,-0.0022226896078281406,-0.000447032927845481,0.0018153410190558817,0.0013628104277912587,3.535204114211816e-05,7.691187596956173e-05,-0.0002584542686695577
ZWE,ssp370,mpi-esm1-2-hr,-0.021029955795836608,0.014773634679263677,-0.0011155003337160977,0.01410223781398445,-0.00869694046247281,0.011262781819468362,0.004603083566423226,0.001792711985705851,0.003988984741786312,0.004166712925634887,-0.0047276448098042614,-0.0035477781547659285,0.0014219321994873115,0.002192957782802414,-0.0002453391905657379,-0.0009815506248887457,-0.0012857778726750144
AGO,ssp370,mri-esm2-0,0.0004227761138658161,-0.0007899909319149247,-0.0002777062907972709,0.00013832946386613284,-9.097626986215072e-05,0.00016028592218591428,0.00024555879096238884,-0.0006189802328247862,9.342284785746563e-05,0.00012047800020882805,-0.00010831866872041834,-0.00029231461660413554,-4.779152281217163e-05,-0.00017774076386070303,-0.0001047201930880856,-5.0053026892519167e-05,-8.94812559072522e-05
ARG,ssp370,mri-esm2-0,0.0025241870846601385,-0.014032448601618156,-0.003410776775462049,0.005187607121923595,-0.0022435703362120017,0.0034535406318285224,-0.002738947764011831,0.00027576283920938344,-0.0006445192171464906,-0.0010538749826839201,0.0055849384419584865,-0.0011985999338454635,0.0004919715955154524,0.003882762954670505,0.005865611437137261,0.006412847257725916,0.005322562268776401
AUS,ssp370,mri-esm2-0,3.788863803799333e-05,6.409289465409425e-05,9.423002016985886e-05,-0.0001609290110788358,-9.94778917281632e-06,0.00012647567895714381,-5.1794253895044475e-06,8.501661562116955e-05,9.406760162392447e-05,0.00016956235373375556,4.225830636628923e-05,8.03779336475912e-05,0.00015439565053039023,7.276086815054356e-05,5.975318225741881e-05,1.8089877560379977e-05,0.00014507013251484945
AUT,ssp370,mri-esm2-0,0.002745757089982454,0.000848069903310276,0.0025797189953890637,0.0012853354467053867,0.0023184614557856553,0.002716287205969412,0.00436003384018873,0.005748492618409607,0.005154407922681052,0.0038169129088349765,0.0020403783294182143,0.0046938214949605395,0.006959494988088451,0.005191684776821188,0.005326579178892141,0.004689429284344965,0.005672845972171981
BDI,ssp370,mri-esm2-0,-0.001554291327625347,-0.00019447072046729734,0.0006181296036857902,0.0007813418941602285,0.0007449942567664378,0.0005287633595750142,0.000269180754212597,0.0005134427822655747,0.00038993171184545887,0.00032665947397391066,0.00010570291842218134,-7.73084174176246e-05,0.000148428775727647,2.6360458159194802e-05,0.0002505926258086154,0.00016138526731802744,4.2192276981133476e-05
BGR,ssp370,mri-esm2-0,0.0005360800092560216,-0.00011794909220843732,6.402487560439824e-05,0.0002792534020501222,0.00015072528061371008,-0.00041013694586169937,-0.000266507100943545,0.0009993360180052422,0.0006624386443824714,-0.0009004792094180833,-0.00130753307597806,0.0007158936680889162,-0.00026123948854531035,-0.0012628542456849855,-0.0009496952469381684,0.0007040612521560004,-0.00037784617207799003
BIH,ssp370,mri-esm2-0,0.0027387929155619096,-0.004073174273509545,0.003844442592077624,-0.0067131446415713255,0.0038298688636383654,0.0033901679248875224,0.003959401249976147,0.007290712404090814,0.006721437409899354,0.001609285951262531,-0.0014623822969753659,0.0032733240995770382,0.006759588603952279,0.003590161171425045,-0.004191365067337309,0.006497328127485145,0.00013059844551424325
BOL,ssp370,mri-esm2-0,-0.113160683648807,-0.15337192031231167,-0.14650461939019846,-0.3065310370589206,-0.10621981400500374,-0.17273631811198725,-0.11229121090821212,-0.11799282637177744,0.04349686305195338,-0.002183797859970492,-0.14320639308394542,-0.05735895593142683,-0.07293246020358564,-0.04553539535370762,-0.07463345847097269,-0.0269172442640994,-0.037296417189515575
BRA,ssp370,mri-esm2-0,-0.10115961867154906,-0.132697024378721,-0.02531042729634429,-0.0010547984527882232,-0.034657305990175476,0.029381612276980894,-0.013154181768168226,0.044681993559107666,-0.013450915180453894,-0.03051835269911352,-0.05458834020320711,0.026800309192377615,0.001896239740326882,0.0547254409779621,0.06448341228281915,0.04358429232227298,0.07729738658728336
BTN,ssp370,mri-esm2-0,0.0015233159184004103,0.00017059193689004804,0.00028643984862434943,0.00022745945238453218,0.00025762128525783074,0.0002088391027526729,0.000166214241175063,0.0001984265629878933,0.0002196379099895437,0.00021405274816124428,0.00022142985836556375,0.00022395638134884907,0.0002207643276974029,0.00021069356568673378,0.00022188006768223515,0.00022369682823836733,0.00023238062035752216
CAN,ssp370,mri-esm2-0,-0.0028292608150503012,0.0010989540115717308,0.020185757056168332,0.007384782577543584,0.009884790893729668,0.0039510882985755325,0.015317557181169136,0.011629435716055089,0.008456747102515311,0.010294640397130479,0.005841086428380815,0.010393355096219498,0.012162734980384034,0.012440411980706535,0.013329823436978677,0.012223087059740515,0.01686298162106331
CHN,ssp370,mri-esm2-0,0.002866609579497347,-0.0006189882287092166,0.0009656846111751108,0.002997392008993303,0.004862630504436648,0.0012496990400958864,0.0018598967124765784,0.00394649797254236,0.0061753116878269345,0.008264121710406878,0.008128496156583875,0.0046591033087366495,0.010279191214921149,0.012830153496400553,0.007551841698211265,0.012526534808298217,0.0146505849093102
CMR,ssp370,mri-esm2-0,-0.0003668005905680831,0.0005111183395647243,-1.0721977719227585e-05,0.0004598720753140265,0.0003903909817051443,0.0002075382590331877,0.00028736284872316194,-0.000251560954073807,9.406344772598508e-05,-0.00023425563703317737,-0.00024240591985964622,-0.00021562017764279742,2.6889240874535307e-05,-9.130058344358196e-05,-5.198492345773354e-05,9.641618179041275e-05,8.719193966467467e-05
COL,ssp370,mri-esm2-0,-0.00011182015148561489,-0.0017199448584397474,-0.00042130821570794544,-0.0018831902811883266,-0.00047355253180032006,-0.000793799062885151,0.00028994338435939725,0.0006452590043227868,-0.00031383245165733274,-0.0004647680558523216,-0.000965397561532514,0.00034087233414522623,-0.0006703129903428128,-0.0007226123906097575,-0.00039926657569621055,-0.0002740160729863352,-0.000143503328021612
ECU,ssp370,mri-esm2-0,-2.166823330968335e-05,-0.0008052090583021382,8.812106370225727e-05,-8.164416187136281e-05,-0.0006384189327195533,-0.0005146973179787301,0.00023849123250146658,0.0003375312450132165,-0.00015627040344455925,4.7942491968436735e-05,-0.0002524161058922984,0.00035735327258117647,7.030771296672603e-05,0.00012255381815886294,0.0004907468760837441,-6.974020381143834e-05,0.00019162380994937924
FRA,ssp370,mri-esm2-0,0.00013567017150024685,-0.0008582814607182165,0.00043306321284153544,-0.0001515683048413959,0.0003626766375826076,0.0002877020776970777,0.0005439675738188642,0.00015114876945837647,9.641987195728921e-05,0.00010467313351284201,-4.443360019266415e-05,8.93353280933601e-05,0.0004082640012999938,0.0003909937941206082,0.00022958773769437172,0.00027960118198805167,0.00030859726316192555
HRV,ssp370,mri-esm2-0,0.012837168820983602,-0.05572706009574286,0.07626475347606952,-0.037114444165975626,0.07766653982722839,0.07322158440007663,0.09164607013097947,0.16635158497843666,0.13777353692479344,0.10218451794978661,0.0345213972723949,0.12979480394273876,0.19319663333095255,0.1622055806651973,0.010183843227842172,0.20135313804822275,0.09340773965887719
HUN,ssp370,mri-esm2-0,0.0026130567742223454,-0.0022139753810193285,0.0015064302784170214,-0.0026230433421999965,0.0015259529293945825,0.0013402433773746837,0.0018619422414773341,0.0037047760863929227,0.003198096465728875,0.0011815262728222388,0.0005070815996610785,0.002299130987133151,0.00360526765822055,0.004114551965974732,0.00042193880886227475,0.003963970764418395,0.001761054153031633
IDN,ssp370,mri-esm2-0,-0.0005266707745016899,-0.001671284595373542,-0.000555816893875167,-0.000616306221480898,-0.0009260875739869186,-0.0003540156683252784,-9.81326597228559e-07,0.00015366178057607852,0.0004025024604500208,-0.00028061457691940856,-0.0007898199361455407,-0.00013489379443235302,0.0003770387943363469,-0.0005113612157606945,-0.0001038382879189672,-0.00027917042368254556,-0.00027657466766635436
IND,ssp370,mri-esm2-0,0.03264987917844264,0.0027369256386594147,0.021062019306806807,0.02206104635203176,-0.010317792725991213,0.019240427120968392,0.0046484997427189406,0.004828980721698698,0.006868553962966502,0.0025797405242267923,0.004250751150574753,0.0043928114255053574,0.004586455631707935,-0.00027510950847460107,0.004032384845503857,0.004507571800650592,-0.0022911711831769487
IRN,ssp370,mri-esm2-0,-0.0013251160996013164,-5.370056635528205e-05,-0.0006488102881609349,-6.335333646816099e-05,-0.00015742297291025583,-1.647923713252326e-05,-0.0003495907600555433,-0.0005318873982969594,-0.00034909439330361655,-0.00026816480121302425,-8.980980872879026e-05,-0.0002222588205441101,-0.00022420513406770428,-0.00015394195347278008,-0.00014026182484167695,8.596852428974297e-05,0.00014542381515338215
ITA,ssp370,mri-esm2-0,0.0008287698877056777,-0.00248207995146573,0.001395562094237747,0.0007209566290379744,0.0024256666721692802,0.0019691963381532076,0.0011445098769534165,0.002108216409897942,0.0004935205149838185,0.002315819240490473,0.0009662298795210199,0.0010453821022806662,0.00255345074055805,0.0022336610164221285,0.0010203578513961152,0.0037007111634716656,0.0023908114824382474
JPN,ssp370,mri-esm2-0,-0.0004274878240520973,-0.00037875373882151147,-8.448514736441863e-05,-8.46975543075251e-05,0.0002800695864830509,1.800111321804097e-05,0.00010930617661773526,-0.00010137504191032842,0.0005068819535180845,-0.0003206071580695619,0.000620698906072263,0.0005609482190901381,0.0006658225295616983,0.0009831129758556092,0.00117772596244437,0.001282826157155476,0.001007366938990959
KAZ,ssp370,mri-esm2-0,-0.001566942417364076,0.0026496162818309037,0.0023148890806362144,-0.0016962548882093387,0.0010331286969011233,0.0016646980235805414,0.0012639098090599745,0.0023066482324571496,0.0029945310009847972,0.00019019822581770913,0.002347726860676195,0.002974167251318452,0.0031630747135290523,0.003689729025629051,0.0033892744447630067,0.003743917951721954,0.0003989976295975111
KHM,ssp370,mri-esm2-0,-0.009881251038880542,0.00290116817435763,-0.009998858913691164,-0.000505873178473602,-0.002440335241530078,-0.0013483573168895826,0.005231260276185865,-0.004569677223931968,0.0018859178299083493,-0.006496578804909729,-0.006213085920790852,-0.004738498096940222,-0.000589946730991576,-0.002501457793046136,-0.0008964934516848147,-0.0019619844812613493,-0.001017460177263737
KOR,ssp370,mri-esm2-0,-0.0007178884252128439,-0.0006772513719568281,-3.856162840160568e-05,-0.0009316577729000219,-0.0013220424673853288,-0.00046678663442581425,7.81129473049051e-05,-0.00043239953568807287,-0.0006749592528057374,-0.0006168673089397649,0.0012862799119141368,-3.4751096243705916e-05,0.0006888968174600728,0.0013443493619825521,0.0009330454783724141,0.002656884642512376,0.0010030775009174729
LAO,ssp370,mri-esm2-0,0.005249618993701396,0.0018208708042914497,0.0012030109075615641,-0.0005467830346138735,0.0017183213350426452,0.0013098291899787038,0.0010785247146821734,0.0009417293738740389,0.00129175364276304,-0.00106459596365624,-0.001217061994222737,-0.000759632725843245,0.000987517360844078,-7.342565648768744e-05,0.0001208200105219358,-1.3509723241526353e-05,-0.00028589780134499575
MDA,ssp370,mri-esm2-0,0.01732512544374026,-0.001579945858642394,-0.0011395758664276632,0.003280094256067037,-0.00844485462704927,-0.002021008014127453,-0.013100915441176687,0.015580749950880518,0.007268803317398213,-0.01088318462926821,-0.01290053151238893,0.008145922421180719,-0.007703608552704623,-0.006693326991655359,-0.0012101711814308063,0.009087732606646661,0.001055560582001035
MEX,ssp370,mri-esm2-0,-0.000679552675968175,-0.0009874662775615271,-0.0009097436484070446,-0.0011180133306531307,-0.000795556678035986,-2.5311811284427413e-05,-0.0005350910152464672,-0.0005154416773615504,-0.000574927770732272,-0.0008140281474564855,-0.0006558584022735739,-0.0006537122509501448,-0.00046938660236806013,-0.000389619304205509,-0.00036100072863535636,-0.0004408853166608106,-0.00032618793720063787
NGA,ssp370,mri-esm2-0,-0.004058648331627913,1.6652488225002316e-05,-0.0012001887469222376,0.0004678957924299116,0.0005452502094775748,0.00031477028457240885,-0.00036332669910068383,-0.0012394609550385848,-0.0001015447161197293,-0.00080612225056679,-0.0006487423423270186,-0.0005853063846197026,-3.9068089502079473e-05,-0.00020553683724247344,-0.00013368397006883283,1.787086445589179e-05,-5.908213188179683e-06
NIC,ssp370,mri-esm2-0,0.0013739909739358908,-0.0027651997565123366,-0.007154549022676752,0.00023653563277257442,0.0008712244598160442,0.0023643513791992473,0.0007789620300391861,-0.001374305966000206,0.0012275798682433497,-0.0021751440030367067,-0.0008130592726085671,-0.002312779143799932,-0.0005063822614053293,-0.0007985250982767655,-0.0009369218717319324,0.0004887102820410753,0.00026076639698606257
NPL,ssp370,mri-esm2-0,-0.0012878067062988031,0.015564693551928606,0.01096476477733856,0.009214726822164569,0.0016678380751233661,0.004129559415292302,-0.0033137758669621693,0.007069564501557459,0.003179827195352152,0.0007847365782750702,0.0011014495457112694,0.0029425914104444654,0.0011134233640551989,0.0034732535350121747,0.0018136281257604466,0.0037142874698413517,0.005046581832183529
PRY,ssp370,mri-esm2-0,-0.714141033624656,-0.5029623561289451,-0.3240240791539317,0.05935863723361924,-0.09552240559668997,0.183142872425179,-0.01302343242595186,0.04159024402188327,-0.17974508011140358,-0.049926841673767146,0.012831491210392733,0.025970768902216196,-0.08658171515752307,0.09916224221483805,0.06171814104203486,0.07113764152417619,0.10904402328604673
ROU,ssp370,mri-esm2-0,0.005554920899207121,-4.7998318634284956e-05,0.00017976728446935042,-0.0002157032466044437,-0.0005885475860690081,-0.0004044488341090275,-0.0013843478926100058,0.004990802595866386,0.002654463719199868,-0.004310193334034226,-0.004653265390626851,0.0038714402120214836,-0.0017143957774579377,-0.0030449494806368527,-0.0038560473062548947,0.0037688664728958146,-0.0002324439564141131
RUS,ssp370,mri-esm2-0,-0.0022922376158969033,0.005509223740189791,0.008569987537533212,0.004993827305689799,0.009263972804076877,0.007972019825793044,0.011634781863306522,0.012718251190977217,0.010187956119774001,0.008815936719329402,0.017669101185099238,0.013314952595768243,0.012676716065801192,0.014389988121582676,0.014671988422239638,0.01743823362000519,0.01717319759932452
RWA,ssp370,mri-esm2-0,-0.006833445783706716,0.0018157801436760911,0.006007542128179312,0.007240465549679859,0.006820375331522219,0.0061607084065688185,0.004130566418908957,0.0052806485518769875,0.004956626983485188,0.00443546336350834,0.002371220076143766,0.0004425811608782297,0.0022606538421391705,0.001570120596942185,0.0031855794928626023,0.0023741335824760206,0.000998410283383713
SLV,ssp370,mri-esm2-0,-0.0008979624146785596,-0.0017969929192299184,-0.0021241524193167873,-0.0013162059231800363,-0.0011607899681604363,-0.00018510886042631604,-0.0006896574461289768,-0.0002030112924863208,2.5261689340621603e-05,-0.0014482508946369059,-0.001008682464845389,-0.000978797762923401,-0.0003463764826353534,-0.0006226185213741615,-0.00045621603876048463,-0.0003382500595977397,-0.00013192322083171784
SRB,ssp370,mri-esm2-0,0.05169691387731545,-0.0028416929025134726,0.016497392748188427,-0.03153919456874013,0.021121843233826047,0.008302859425221493,0.024660861243695792,0.03916852313288037,0.04321405156018899,-0.027101387830078514,-0.014066010650625231,0.019480861425403583,0.01845296019366125,0.005775333551123573,-0.03257589642658832,0.026032814960004175,0.0020811947540286244
SVK,ssp370,mri-esm2-0,0.006837253556099608,0.0001299224029131951,0.0022235212650279714,0.0003461313760926495,0.0001533018004783899,0.001876601961484299,0.004386246411182152,0.006786804801947587,0.005095597185804366,0.002715196430360995,0.0015630260548323677,0.003751861873455874,0.006790516894624533,0.004216225246770374,0.0048435555899303765,0.002917994154653278,0.004171596440785542
SVN,ssp370,mri-esm2-0,0.00028844429107383317,0.00017503406403504757,0.000658898728476962,0.0004927127288984585,0.0007800006847819216,0.0006524040546723143,0.0007598877157942716,0.0008566868260135187,0.000615445255897966,0.0008642949685128417,0.0006084976172217903,0.0008666215488173831,0.0009778050598227442,0.000878190643086378,0.0007975663891177203,0.0009767614385544506,0.0009185434178569462
THA,ssp370,mri-esm2-0,7.349435674118783e-05,7.555703071360441e-05,-3.7119775208777326e-05,-4.218641751040095e-05,2.5808789632034626e-05,7.2861354592756935e-06,3.97161113024112e-05,-1.4569721923587891e-05,8.923831609422606e-05,-0.00020578607125826273,-0.00020054967926036405,-0.00019482696060934567,-5.132417827816048e-05,-0.00010425497314107924,-2.5650242402701346e-05,-7.01601151306972e-05,-7.34547072575621e-05
TUR,ssp370,mri-esm2-0,9.275247022285414e-05,5.0280281783377894e-05,-8.060342113132981e-05,0.00011400766573768175,8.959838085368163e-05,-3.725238069592797e-05,-8.138823310632085e-06,-3.8579920157865956e-05,-3.778713597837586e-05,-0.00010776126637911634,-3.747483933711019e-05,-1.5268995311858306e-05,-0.00013252536542793133,-7.426921910230263e-05,-8.918984324012721e-05,6.346206085445988e-05,5.308431726230227e-05
UKR,ssp370,mri-esm2-0,0.1057959454308302,-0.01194182067577082,0.046324797804251694,0.025260334584909203,0.029015035777291483,-0.0012996163271234173,0.020558828462091987,0.09554201981764841,0.04353824533416159,-0.008641417957361772,0.012824390482292109,0.07459142631207012,0.01889002778312228,0.02092902756003132,0.04179358042578465,0.023273158275125057,0.048270515941573534
URY,ssp370,mri-esm2-0,-0.022288388320974507,-0.07932893305456405,0.004704911333204165,0.0348572278832272,-0.003117552853855009,-0.013779357370007515,-0.01512283832881922,-0.017429573509991587,-0.01329572252665993,-0.009800198327855239,0.03461928691178665,-0.033023854194120836,0.011601011521797438,0.02381822612042346,0.037372478391474416,0.03522620694698571,0.0194748032037227
USA,ssp370,mri-esm2-0,-0.037634167845575446,0.0014474884829383762,0.009224248342243039,-0.006266533896451836,-0.014081633732532486,-0.012727100836271356,0.005791914624917579,-0.003417537044137748,-0.0007366077102289981,-0.009644307644624855,0.0068992377244580985,-0.001238463966533623,0.005565118253440051,0.0019178640421250023,0.008947823083042752,0.006985685847857271,0.019368299478112715
ZAF,ssp370,mri-esm2-0,0.0172187382001814,0.0021255125753973448,-0.016559339607708043,0.0014116234209503012,-0.008298866239392445,0.006774109329537096,0.0011008359661463852,0.005018859675520088,0.003483984645830495,0.003530748146814896,0.0035474074060675032,0.0006541114663171841,0.0010166464596720883,0.004024793310791985,0.003000027446120494,0.0024788910041939147,0.0015399918982814782
ZMB,ssp370,mri-esm2-0,-0.01734067184997036,-0.018815245755071444,-0.03582164715632722,-0.00157239429664171,-0.012434312321865808,0.0017918791261535174,-0.004914490524079907,0.001545530408828423,-0.0027915981161050845,-0.004727234801345314,-0.0034283177747934613,-0.0019066157532653294,-0.0007572301702689995,-0.0009950881451053976,-0.000551059726143052,-0.0003343842170616625,-0.0007841926415792168
ZWE,ssp370,mri-esm2-0,0.0025274156169478967,-0.017604750807950906,-0.05337901499654123,-0.014599291056281261,-0.018258709722722363,-0.0066617086527526155,-0.013066823782020696,-0.00646689048034759,-0.0100685964324275,-0.013668852803595338,-0.009646365624716739,-0.005864291812752814,-0.002557157661111547,-0.005048346156921381,-0.0034774296797291113,-0.0023063471864946394,-0.0036168219946658303
AGO,ssp370,ukesm1-0-ll,-0.0009601004805881491,-0.0006374916159039533,-0.0008397603830649401,-0.0016416406873830888,-0.0010721407954701956,-0.0008520971597830288,-0.0017261732936740175,-0.0018881540747529646,-0.0010270007670612992,-0.0009009364571643773,-0.0008710092540824018,-0.0008195872461310684,-0.0007223191705229682,-0.000556206803638548,-0.00040474886543520204,-0.0003438871901529682,-0.0003187399909288478
ARG,ssp370,ukesm1-0-ll,-0.048451669169693554,0.00327583287791498,-0.005787234884848232,-0.004249958398798431,-0.0027183579810304555,-0.0005410417719264112,1.6327432661153497e-07,-0.0008056134522456087,-0.0012173077754632042,0.0022452178643983327,-0.002508646904211241,0.0007513203404692498,-0.0008823958493720359,-0.0013087000240801807,-0.0020629468572108296,-0.00017628111419478948,-0.001116144102814924
AUS,ssp370,ukesm1-0-ll,6.693611575522722e-05,-0.00023299555688700233,-5.265793514307579e-05,1.2642232622002695e-05,-7.929033806423535e-05,-0.00018350433483826773,-7.87814729495937e-05,-5.96187965531797e-05,-3.4130073442490676e-05,-0.000228754501345195,-8.95943462632388e-05,-8.36792077242848e-06,2.8113786698062644e-05,-0.00015654981642813817,-0.00010449532913002965,2.2151376344087698e-06,-4.587714234025976e-05
AUT,ssp370,ukesm1-0-ll,0.0028736881750741363,0.004376894869538819,0.0010115396393276248,0.0011258288364562798,0.00173519975043957,-0.0016361256333596314,0.0018135811982460844,0.0014249350361609367,0.004004373898406827,0.0015887035665178315,-0.001346428692688824,0.003283175459426565,0.0012694770145740576,0.0007279430920198552,0.0006948440328369325,-0.0010620557634326855,-0.0011290366362801273
BDI,ssp370,ukesm1-0-ll,-0.0012410816944718637,1.0373620592421475e-05,-0.00018168773272035107,1.1241623504451226e-05,-0.000691887564487995,2.04243098980192e-05,0.00018585738804916384,-0.0001041278539920579,-1.421056202928769e-05,-0.0002488997882273273,-0.00019758359459465496,-0.0002027942540192137,-5.766844244659694e-05,-5.332041819195244e-05,1.1069924521855563e-05,4.089078136485342e-06,-3.854571144967721e-05
BGR,ssp370,ukesm1-0-ll,-0.0003970351643841494,-0.0005219745409255439,-7.22956092522725e-05,-0.001917490729220905,-0.001164448570993213,-0.0021849274363620746,-0.0013360175918790765,-0.0013157073324615376,-0.0008716273175524256,-0.0015878336776220317,-0.002164562964220761,-0.001590721055197602,-0.001343364337999598,-0.0018218782632169867,-0.0016441314220394215,-0.0014561419997649143,-0.0015459154932549882
BIH,ssp370,ukesm1-0-ll,0.0019177471105025008,0.004430958804101984,0.0003073551112006721,-0.010995183894048336,-0.010601235934717415,-0.014427843836302336,-0.0047111281148684726,-0.007035379137359657,-0.0008033724956497774,-0.00837585941878964,-0.009259373960433324,-0.004351160924902659,-0.008548388716473142,-0.01117283955158193,-0.009183106597637419,-0.011113166066724245,-0.011497936523045007
BOL,ssp370,ukesm1-0-ll,-0.27456051943162657,-0.7340232371079588,-0.5944863925840009,-0.36742979515463603,-0.38534334847868806,-0.4890783949811798,-0.46388350007991896,-0.21768718874387616,-0.2709874988711659,-0.3404694869103707,-0.2986139741500244,-0.18525176758668682,-0.2200365808185471,-0.20971587711758471,-0.18441522663123233,-0.14000747257874535,-0.12264036266160178
BRA,ssp370,ukesm1-0-ll,-0.10273492438309084,-0.32696171806020474,-0.23399569365314227,-0.19616993524843593,-0.22803196253305888,-0.2392424827613087,-0.2850632444483277,-0.16902061440545324,-0.16967679636403254,-0.26291116354945127,-0.26416026405932325,-0.1719690099661009,-0.23324877935279342,-0.25028077396991044,-0.24990478333349586,-0.20537428849856768,-0.16386003684265538
BTN,ssp370,ukesm1-0-ll,0.0018702898291400904,0.0003645056845084146,0.00027215344652794767,0.00024872427801820077,5.700376327761375e-05,0.00017739386168119978,0.0002117788797030513,0.00023403739876713117,0.00019693047615950462,0.0002040389579816039,0.00017480370079207713,0.0002254640856770962,0.00018876469737356697,0.0002045035842083808,0.00020761713452968993,0.00019803953631198704,0.00020820688093542073
CAN,ssp370,ukesm1-0-ll,0.006643988901863408,-0.02158820104107016,-0.0066350117653841585,-0.0017013776405688816,-0.009739259820034154,-0.005136144380647865,-0.0063027759164163664,-0.0053255095415023525,-0.021981547359885466,-0.005751922052711275,-0.015162816871790857,-0.007976652901834155,-0.0037718775217262935,-0.0015210270637553683,-0.011737626136488252,-0.010469976932918729,-0.006213352909652648
CHN,ssp370,ukesm1-0-ll,0.0003322018376437348,-0.005487487478045321,-0.004128875491339366,-0.00363085860619246,-0.006580900022574936,-0.006299538997175561,-0.0034140832221248208,-0.0038328065145647318,-0.006172634360487709,-0.0038276214568212182,-0.0045143817211505625,-0.0017151124586866407,-0.0018057492189362326,-0.004229404844309716,-0.0034124666072324257,-0.004460839487573594,-0.005908643445904683
CMR,ssp370,ukesm1-0-ll,-0.0015173269580397147,-0.0012027845648529597,-0.0009660418186042592,-0.0006825697822618277,-0.0005187599471303425,-0.0010365676672497832,-0.0008282410660100988,-0.0003473718284335459,-0.0005942291105661679,-0.0005511664533514268,-8.49779556714608e-05,-0.00025856697167005865,-0.0002975151082235637,-0.0002254058044013165,-0.0002245917894158658,-0.00011543525086585356,-0.00016354712612019252
COL,ssp370,ukesm1-0-ll,-0.00047801015988798947,-0.001233147343570223,-0.0010016415605890695,-0.0009943082160599852,-0.0019319862666023467,-0.001976927324334264,-0.001449890547853234,-0.0010666972139417989,-0.0019493037168859836,-0.0017782825557008098,-0.001749686032826285,-0.0016347930715566216,-0.0018144605607991581,-0.001615207759260347,-0.0019402808510073696,-0.0010818961584465154,-0.001298436392604574
ECU,ssp370,ukesm1-0-ll,-0.0018955767131332685,-0.006193044966828924,-0.0012589767901403635,-0.001536531378544472,-0.0035349996416941,-0.0034137140541522387,-0.0026057536689814407,-0.0024820248307936823,-0.0023075226104336296,-0.001996473034071422,-0.001904053746773346,-0.0014986371031239752,-0.0012219860821389324,-0.0014091634163287347,-0.0011475090716930741,-0.0009345042718080665,-0.0008018610220361038
FRA,ssp370,ukesm1-0-ll,-1.2149459037372915e-05,-0.0007632315788809582,-0.0009313004786963227,0.00011774540502320815,-0.0008096446369574108,-0.00040777147603039606,-0.0005787692723518776,-0.000626563681695266,-0.000639906820495262,-0.0005182970824063772,-0.0003952275089071222,2.4829011062181386e-05,-0.0003792717271241547,-0.0004671919601630696,-0.0008047049275619327,-0.000813070952716735,-0.00047072858150896545
HRV,ssp370,ukesm1-0-ll,0.010475049808923134,0.06968402671045056,0.02257160293964173,-0.08300289418399287,-0.10730867219821824,-0.14835367479049766,-0.03584821343901085,-0.09949011854479362,0.004088351142684739,-0.10133185285312978,-0.11191489463487718,-0.0032864117390598822,-0.08596163907420941,-0.15707191545822216,-0.11006828270676955,-0.18295012298740554,-0.1742645584393116
HUN,ssp370,ukesm1-0-ll,0.0014537094232550932,0.0017125670475431258,0.00033810751135808005,-0.0032581502049808557,-0.0040650296580609134,-0.00517552602598605,-0.0020539098711095088,-0.003582591853990789,0.000122569546985581,-0.0030221583914395314,-0.004204660868318984,-0.0011934851658916995,-0.0028712207569539052,-0.004273789994698669,-0.0029904312668486504,-0.004455634458560983,-0.004277084608215908
IDN,ssp370,ukesm1-0-ll,-0.000650742759161605,-0.0029638081435462596,-0.0009020595158334812,-0.0017611485622686099,-0.0011178448744523569,-0.0016418356442189862,-0.001132015642342968,-0.0008450586072483161,-0.0016392978583643163,-0.0014901073878291135,-0.0009546001354495158,-0.0008344495413039563,-0.0008234821719840557,-0.0010779113698312771,-0.0010962542570639518,-0.0006217102560427589,-0.000904110941245495
IND,ssp370,ukesm1-0-ll,-0.01854586084772905,-0.017849695625086443,0.00105293905245803,-0.00514453724737784,-0.00012335838911622463,-0.007586259337115819,-2.2910042028371353e-06,-0.0026368557119715416,-0.0010703935795192885,-0.009942308023160035,-0.004693871569358046,-0.00011788171419250404,-0.008923778110864417,-0.0046469095011857555,-0.007860207640446629,-0.002870756294884168,-0.006204820390782414
IRN,ssp370,ukesm1-0-ll,-0.0009691464439077327,-0.0005326368492995667,-0.0007576602783009208,-0.000571877728522422,-0.00031404540949538204,-0.0004296505989115339,-0.0004712101202126108,-0.0004595109002123459,-0.0004046824108635602,-0.00030528308007870826,-0.00043427426866648057,-0.00033485307090323573,-0.0003318221513245098,-0.00028973402100446915,-0.00022040455772977165,-0.0001975784115135395,-0.0002385061295490974
ITA,ssp370,ukesm1-0-ll,0.0008561101481279167,0.0009507124883946366,-7.5518578603617e-05,0.00017921677998720669,-0.0012413982917773578,-0.001306742042591976,0.00027607876142290706,8.284176202179332e-05,0.00043214224217276995,-1.5150288573324038e-06,-0.0018645630003993393,0.0007130033187777099,-0.00017027729081323372,-0.00022139636234768466,-0.0011828817070523398,-0.001998150156752435,-0.0013051977662957323
JPN,ssp370,ukesm1-0-ll,-0.0006775999647325605,-0.0005715680623958879,-0.0005875098264167911,-0.0005294257637617157,-0.0008079465105812969,-0.0007120485315738722,-0.000570103762442654,-0.00032573999420933267,-0.0007585518252679245,-0.0006247876991202372,1.843024380073624e-05,-0.00037415576327386266,-0.00019038202175051814,-0.0007664236733905036,-3.810771149175713e-05,-0.00027872549957698483,-6.741868035430237e-05
KAZ,ssp370,ukesm1-0-ll,-0.0035154561173404066,0.002543476485351034,-0.0004810689621400216,-0.0023067463501857855,0.001813811928981047,0.00044413069063539256,0.00018141001176920466,0.0013944023444096658,4.6951619932698924e-05,0.00014814296606143412,-0.00030289368203712056,-0.0003593076055119062,-0.0007992710936303602,0.00025987590623008757,-0.000527076302050785,-0.0002818713789873244,-0.00031919352198121406
KHM,ssp370,ukesm1-0-ll,-0.010312591080368848,-0.02217165389329095,-0.01542364690856346,-0.009603800593876305,-0.018027300857846745,-0.011670095167689016,-0.014661672051645763,-0.008373345092641725,-0.010843389205253955,-0.012372660076814711,-0.011195679751045911,-0.004218395543858044,-0.007310092844434471,-0.0064131278124939855,-0.007081413235859018,-0.0054587508406609125,-0.005691904804883202
KOR,ssp370,ukesm1-0-ll,-0.0009360261348663397,-0.003825340155031805,-0.002323815479846702,-0.002339771706151539,-0.002200555085639144,-0.002523701008159444,-0.0017515532165019926,-0.0017022883024559235,-0.0026138766919810274,-0.002334680164713538,-0.00048611174467179033,-0.002715830631782028,-0.0022293494575001656,-0.0022851464205286306,-0.0027000717812707617,-0.001976151212083161,-0.0013699328889927576
LAO,ssp370,ukesm1-0-ll,-0.0031781865738842656,-0.0038898350864183056,-0.0020840460139731174,-0.003031929624478887,-0.0019010165011924293,-0.001215179365546632,-0.00402836929786055,-0.0015941124431839513,-0.002846247713773493,-0.0024980008864351135,-0.0023603713920171063,-0.001447462537232249,-0.001742845247954901,-0.001506834839214639,-0.0021588573199115813,-0.0011610857815920687,-0.0014964566148991994
MDA,ssp370,ukesm1-0-ll,-0.00058377583680385,0.005663333800473529,0.0031627785669566724,-0.012159627921629728,-0.005409326464230219,-0.01412643608372927,-0.0069211877016864265,-0.007522424430212948,0.00101920463203939,-0.0037337963257863776,-0.015790024934359374,-0.010246546160390538,-0.008240680323358212,-0.013544741526652455,-0.008746644981477874,-0.010557383071417013,-0.009759126554242945
MEX,ssp370,ukesm1-0-ll,-0.0007696735064971973,-0.0015137144128160843,-0.0010861697399822995,-0.0007619323831068813,-0.001037981415153721,-0.0011503896710417356,-0.0010434338899108213,-0.000563954643982048,-0.0008884467405174476,-0.0008177196514968134,-0.0006670862013716401,-0.0008296735473546712,-0.0005179955814543383,-0.0007514790613690267,-0.000576483477830931,-0.0005498102493792451,-0.00044537380142309574
NGA,ssp370,ukesm1-0-ll,-0.006378280356465021,-0.002674898728050003,-0.0017836898761536915,-0.0021097263999613363,-0.0011594010012425109,-0.0024635937005301374,-0.0025126913919531263,-0.0014719560879281866,-0.0015440418921830264,-0.0011704010534204854,-0.0005869718282257184,-0.0006313039690620056,-0.000669949768931273,-0.0004496962464220251,-0.0004641524200428853,-0.0002759661931385375,-0.00027394293265514257
NIC,ssp370,ukesm1-0-ll,8.512424241126484e-06,-0.010016032033515665,-0.005257865430925744,-0.0028320032582019837,-0.005793796110919745,-0.007421651201132221,-0.0078479421563915,-0.001602738807777948,-0.0025034106790314667,-0.003963939116682688,-0.002101068278608399,-0.004103175097717579,-0.002758280337934345,-0.0027213977687583057,-0.002734326265794883,-0.0021109046236461146,-0.001550408763378623
NPL,ssp370,ukesm1-0-ll,0.005341470860180498,0.005105866598548342,0.009987415346091454,0.0035909231742052797,0.0028856221497829374,0.00014760984988375044,0.0019775011535943117,0.00808931333077996,-0.0004801961950998881,0.003720689086390421,0.003598874428375272,0.005034046865460343,0.0009791967712711519,-0.0010672062788713184,0.002553515967490699,0.0009466261736445797,0.001304713237884471
PRY,ssp370,ukesm1-0-ll,-0.531312030261981,-0.26475225929855334,-0.5238473162327031,-0.47786501071548604,-0.3383669048274503,-0.20291796681051427,-0.45215683077805763,-0.2278503186415098,-0.11210035882660342,-0.2547748619468317,-0.29196649980535727,-0.11081223591445667,-0.24659813834712555,-0.2057110558144254,-0.15521728928434222,-0.11555194262746425,-0.10173159512204698
ROU,ssp370,ukesm1-0-ll,-0.002066739907589637,-0.0002958644726748697,2.9788053431264563e-06,-0.006165712368756485,-0.0038092908397046365,-0.008597855474605431,-0.005031056839783551,-0.0046322019926126395,-0.001375994402358896,-0.006139193394764063,-0.0098428577203845,-0.006754827416368207,-0.007178743391276909,-0.009470127891150445,-0.00810768485696398,-0.008873876540979505,-0.00901114135393561
RUS,ssp370,ukesm1-0-ll,-0.005988219063431369,0.0034464660219267985,-0.004200470437614234,-0.004159146766408225,-0.00499680387498432,-0.0007015082532225735,0.0010636490083931161,-0.0018990067293386008,0.004147199632470839,-0.0005812088555721336,-0.0072223849016673615,-0.004005802465035318,-8.939207329274853e-05,-0.004553098970594075,-0.006083966287516262,-0.003798871732197128,-0.004358427923396815
RWA,ssp370,ukesm1-0-ll,0.002332936070426459,0.005827224095191715,0.0053749711001637055,0.005005930217674231,0.0004913621984777057,0.0031435495922055097,0.005347828682290497,0.002368704712134711,0.0027098042542017062,0.0012798275292661204,0.0015946919013033597,0.00016157624998334354,0.001818812026342308,0.001276337386048452,0.0018942291994551146,0.0014839855689357852,0.0010761126354644165
SLV,ssp370,ukesm1-0-ll,-0.002031031377687861,-0.0046642290255724025,-0.003132635302091097,-0.0028664096092450198,-0.002762228389838858,-0.0031251125427343806,-0.0034078559267591664,-0.0018054305970080357,-0.002064839145671575,-0.002195554195896209,-0.0016480996973002697,-0.002346525375135921,-0.0016103017670479486,-0.0016187659760481937,-0.001419385578804317,-0.0012885833136301946,-0.0009966256453626942
SRB,ssp370,ukesm1-0-ll,0.017769064984158263,0.015882858247183756,0.00017946461141763104,-0.04767368990009663,-0.04024307380426581,-0.07168142312786345,-0.02391469460699982,-0.02915725133410949,0.008041439072046191,-0.03769495007336515,-0.050580376150081825,-0.02625734868358661,-0.03915611028356715,-0.054712176345871076,-0.048552866541260856,-0.05339328824366768,-0.056608148763731526
SVK,ssp370,ukesm1-0-ll,0.005720482200095706,0.006189716787440388,0.0014589766185140476,0.0007462162788147423,0.001232480512088373,-0.0035904167177292353,0.0009225897322174224,0.0008574981312347002,0.004040470742371189,0.0003990755515685882,-0.003486687139059831,0.0024021416118197945,0.00010222776581123987,-0.0013989573730596484,-0.0009601225553735154,-0.0021203671328113368,-0.0023998928274214363
SVN,ssp370,ukesm1-0-ll,0.0005742093772873627,0.0006054921723609863,0.0004568103482840189,0.00047125569525429653,0.00037960370653549965,0.00023083653077876176,0.0005654860467190796,0.0004190726206835719,0.0006142802236014808,0.0005078765726418245,0.00015217465480887892,0.0006346494942065966,0.0006029906447368692,0.00039287345573728164,0.0003203062383432744,-4.6818181058997105e-05,9.285369428629371e-05
THA,ssp370,ukesm1-0-ll,-0.00026426707651623833,-0.00028522000765838546,-0.00028204494802081936,-0.00030065370622290254,-0.0003052112203418776,-0.00027396859812719114,-0.0004346711969656097,-0.00023167453534835768,-0.0003570567423933222,-0.00031108567900045006,-0.0003940106165109071,-0.00024252013934238797,-0.00034118271813318756,-0.0002522683179404427,-0.0003372755455926567,-0.00025526494002981755,-0.00027040881174905933
TUR,ssp370,ukesm1-0-ll,-0.00042552527687504037,-2.9298573264848816e-05,-8.096817468555335e-05,-0.00013672604708544594,1.6334214653711215e-05,-5.468034242456002e-05,-8.372258813162777e-05,-9.85163853390367e-05,-0.00010643073867874282,-7.850139699399459e-05,-0.0001239262687738149,-5.8445214033600536e-05,-6.978326132458263e-05,-7.804416921484194e-05,-8.689718822212436e-05,-1.5543448450036376e-05,-8.570690622049824e-05
UKR,ssp370,ukesm1-0-ll,-0.026047051320008962,0.028630151194111258,0.022558574064553145,-0.039242147744924516,-0.015685564862708057,-0.026935198976930787,0.011110637758294632,-0.022805135272925863,0.024850188449991616,-0.006082256694649371,-0.07302350915314418,-0.04830123461782766,-0.018660414239231704,-0.056144418263776044,-0.003136653760449668,-0.02401217792736747,-0.02943490357429222
URY,ssp370,ukesm1-0-ll,-0.0698254398593611,0.02959318544860169,-0.02808891664183105,-0.02834787525645854,-0.01944556492459608,0.011947535834449756,0.0047017845674888065,-0.01973781801767733,-0.01681158066079755,0.004485073681677418,-0.010068340686651573,-0.010021559424073017,-0.008427574089141583,-0.014372156231783827,-0.016192943523116007,0.0003642015386770472,-0.006236152267536238
USA,ssp370,ukesm1-0-ll,-0.03867923698463004,-0.05856461450398797,-0.03545199773843865,-0.028725539311439542,-0.03808086929837912,-0.038498076852119735,-0.04430161584230255,-0.04116524518810227,-0.05958238910955916,-0.03863581642289416,-0.037735902844251115,-0.041258579712166614,-0.03144114505031107,-0.02303970992579811,-0.03311585603098269,-0.026657679063322504,-0.022862245832855527
ZAF,ssp370,ukesm1-0-ll,-0.0019270820007844457,-0.013997895055497856,-0.000903636077507616,0.0033721497136715416,-0.006421042584270268,-0.005995342562243055,-0.0036121298404857404,-0.009679490546411306,-0.009974094132183914,-0.007540551404796222,-0.0068919784933954035,-0.002648034254163097,-0.004066521792106947,-0.005830618045841707,-0.0048060447390788985,-0.003326859524723217,-0.003606049676430151
ZMB,ssp370,ukesm1-0-ll,-0.0269964929170902,-0.03442754497793092,-0.0111911853681383,-0.0014819304932491924,-0.005516840556844032,-0.007678563781066843,-0.004499852698928799,-0.009889566380070375,-0.005525810256417283,-0.005809896713098064,-0.0038545618099246446,-0.002312919246205807,-0.0012842893893570456,-0.003341522949097368,-0.0022503093816074304,-0.0019063594398987405,-0.0015428435934667357
ZWE,ssp370,ukesm1-0-ll,-0.051381387389641084,-0.037379605668604814,-0.016459634216127814,-0.006469935954820729,-0.02110176105018111,-0.024851444105923593,-0.00634850359469186,-0.024838395323651567,-0.018671870775448903,-0.013846360009775639,-0.007469714946726983,-0.005042789099229515,-0.004476735650902311,-0.008314573261608338,-0.004810362776169743,-0.00523223889630515,-0.004036790091388187
