country,ssp,esm,2020,2025,2030,2035,2040,2045,2050,2055,2060,2065,2070,2075,2080,2085,2090,2095,2100
AGO,ssp126,gfdl-esm4,-0.0023456285824639757,-0.0012500173502419663,-0.00036548275288203843,-0.0004133514551622802,-0.00025694626642384124,-0.0004614010128028943,-0.00033767605803695916,-0.0005055247384660384,-0.0002267246209800683,-0.00025771675093656934,-0.00022899858147096367,-0.00018525928873368983,-0.00015123342509492635,-7.897118971157791e-05,-8.018711769382793e-05,-7.769077577813249e-05,-0.00011327376943967546
ARG,ssp126,gfdl-esm4,-0.03452214450503184,-0.0010493988555117797,-0.007718663953607287,-0.003116830401851524,-0.008151291681819856,-0.004393896544787893,-0.0002669053379669407,-0.00010667069243475643,-0.001287066250717,-0.0013730781091506605,0.001541707343137921,-0.001480607790113024,7.286878527128552e-05,-0.0004973583932968836,-0.0005650387792412914,0.0009089514531302547,-0.0013232992769073673
AUS,ssp126,gfdl-esm4,-1.2743109299059917e-05,4.813578736006037e-05,-0.00017143041807936475,-7.121332062019399e-05,-4.776428479923817e-05,-0.00012011157508345194,5.16994958824123e-05,-0.00020337999414407176,-2.6831920131089144e-05,-7.331169225002776e-05,-6.211744362145019e-05,-7.519925821596884e-05,-3.371868423232636e-05,1.6640008642160545e-05,-0.00010048733399062685,3.5769852515615816e-05,-4.21718387690991e-05
AUT,ssp126,gfdl-esm4,0.0005826655963630162,-0.001257120545852546,-0.0020467945866571953,-0.0034117541952962526,-0.0018213244387004245,-0.00013105512494312934,0.0008559203094487956,-0.0005932616811154636,0.0006871281203380368,0.00017949690958892498,-0.0029624371266704828,0.00018976043601014398,-9.357800061413543e-05,-0.0007143215701587704,0.00019082533410785408,0.0005626705240591269,0.0010763769854950586
BDI,ssp126,gfdl-esm4,-0.0038278537911270215,-0.002792000493374443,-9.966937170433612e-05,-0.000515236829772318,-6.208175088733386e-05,-9.66067722609307e-05,-8.404326397540926e-05,-9.27992817167068e-05,-9.62072513776787e-05,-0.00015056814359026027,-5.976196901292587e-05,-6.880258070396835e-05,-4.5351134646241144e-05,-1.4773232354865878e-05,-9.240507791342769e-06,-1.7189226907314746e-05,-1.9416110854925098e-05
BGR,ssp126,gfdl-esm4,-0.0016182490978715177,-0.0038647768154622753,-0.0024412879541024497,-0.00109309418284066,-0.0011100610489812503,-0.001635087306269345,8.804953601421204e-05,-0.0008245366937157274,-0.0015224266150386993,-0.0004136589212311404,-0.0014734384335120493,-0.0019175060547461469,-0.00020152115567067828,-0.0024976515043572843,-0.0002563700024949342,-0.0009364726322979944,2.2473709342314355e-05
BIH,ssp126,gfdl-esm4,-0.0013739514635998868,-0.014050700749756371,-0.012780329189167442,-0.011066061857257805,-0.003378906700396404,-0.0003502054087833428,0.004267504860718879,-0.002691271800667062,0.0024771929092842946,0.0020766441192125685,-0.012102173288179334,-0.005395018723521973,0.0009601063760595782,-0.013009276702490314,-0.004456891650837824,-0.003790562000780164,0.009664949921933478
BOL,ssp126,gfdl-esm4,-0.14112213940210758,-0.27801183781197014,-0.5337617036649553,-0.2837147811052629,0.01629630020917006,-0.10553864023099208,-0.19748139783739466,-0.12441988182505226,-0.18695394506727975,0.021593224348451623,-0.002502657868272745,-0.07523087885463553,-0.05258613280794303,-0.015670401294723985,-0.09948952380286007,-0.00031446754850404635,-0.08385236813291543
BRA,ssp126,gfdl-esm4,-0.18640756131543748,-0.19895547393014545,-0.16986273466837642,-0.1621353771718614,-0.07351802984865453,-0.09221513443941132,-0.11532597116505243,-0.08589638931800164,-0.13167016256323605,-0.011113233364033857,-0.04489036160201226,-0.03185695616377313,-0.042767578291845895,0.0002921653069206944,-0.06161466922198361,-0.013709014396772672,-0.04092965788989882
BTN,ssp126,gfdl-esm4,0.0006942250998750272,0.00017239124290649509,3.955641106513345e-05,2.624067757898526e-05,2.9483370215898287e-05,2.5703286188422008e-05,3.323207543824325e-05,2.4327124326359713e-05,2.2820258956849685e-05,1.7586662171946612e-05,1.5703528394253084e-05,1.3912526504420923e-05,-2.434939491438193e-05,1.8499888725502825e-06,2.1093352886457017e-05,8.002142402241236e-06,1.520641301571692e-05
CAN,ssp126,gfdl-esm4,-0.0038060732965481676,-0.01568450967287834,-0.005965168302338428,0.001929980214871416,0.004453875276210158,-0.0010118249288155073,-0.0007592334913146065,-0.00811909585360939,-0.002018423013107877,0.0014476845881342731,-0.0035583797506980267,-0.0010301316803144355,-0.004953003231148052,-0.0014978689221500046,-0.0011042981582600952,-0.002606388896263619,-0.0028625262863954137
CHN,ssp126,gfdl-esm4,-0.00818376458195249,-0.003150590432538096,-0.00428064995301903,-0.004135833433061837,-0.0037531544464810885,-0.006025117337221967,-0.004899284843455516,-0.0061316880623828165,-0.002718015391050036,-0.002794694514446477,-0.004503802518918556,-0.00177313166171237,-0.0022885880149315406,-0.002865247982648227,-0.0028110129787662177,-0.0017295961972332201,-0.0023054474930888328
CMR,ssp126,gfdl-esm4,-0.0017422509433210815,-0.001175444743702703,-0.0010681103197233888,-0.00046662979531310463,-0.000676618256129025,-0.0004812083764604129,-0.00032833713838913885,-0.00038236179855582146,-0.0002796475278737542,-0.0002502928707024673,-0.00022929227822315,-0.00017549442391618346,-0.0001771718393287704,-0.00012057927186125193,-7.960822951835116e-05,-0.00012250750768303073,-8.94811740604158e-05
COL,ssp126,gfdl-esm4,-0.0027605482018572785,-0.0016704602317117502,-0.0014177972486369304,-0.00014012963960952332,-0.00044282651163024496,-0.0009772061292236014,-0.0006468513960273639,-0.0012891957022776361,-0.0012619964346178248,-0.0004308911262318735,-0.00035576584475230074,-0.00020438047830849366,-0.0004560731065256155,-0.00037117440167818783,-0.00017548164962925044,-8.573276534699915e-05,-0.0004431320442461443
ECU,ssp126,gfdl-esm4,-0.003411428803758894,-0.001788882681746096,-0.002455825740768527,-0.00021391773611746396,-0.0009589412805639356,-0.0014601277565739026,-0.0006276085315010916,-0.0013394338045485284,-0.0008278512454286733,-0.0005524378810780011,-0.0006550684218976002,-0.0004690007496287146,-0.0006021296275261083,-0.00022311402210795176,-0.00036932573259583853,-0.0001477733026981446,-0.00027725744974950754
FRA,ssp126,gfdl-esm4,0.0003443760870518924,-0.001043709976359351,-0.0016529417453328386,-0.0011916203745922073,-0.0018002403878602205,-0.00012091910938765194,0.00013294058838388378,-0.00036178780174461023,-0.0002720688900426748,-0.00029239234635248954,-0.0010198179395278996,-0.000632791843752532,-0.0004809198506106833,-0.0006348700398003132,-0.00013819512699617825,-0.0001527913805698867,-0.0001254804692578752
HRV,ssp126,gfdl-esm4,0.0033614488254360675,-0.13958721198115326,-0.1079181365824278,-0.13281339306528062,-0.039273443722812086,-0.0007048271511598652,0.057341637362444395,-0.01862407868340038,0.03698528004976224,0.025739110042243333,-0.11059501617536531,-0.007350756703937022,0.010836671788937957,-0.11260214693012374,-0.0037965828789636026,0.007285437461920441,0.05294795360315614
HUN,ssp126,gfdl-esm4,-2.3380999565543956e-05,-0.006424184293744394,-0.004572290971460633,-0.00479233387634297,-0.003110376668754648,-0.00013647085814644605,0.0016983280596666508,-0.0012966340694909972,0.0006874961563577607,0.0006559593654550145,-0.00447063659950191,-0.000696518868921422,0.00032759836681098503,-0.003612152074725202,5.45083342044542e-05,0.0003374842378926482,0.0016593222988912392
IDN,ssp126,gfdl-esm4,-0.001244230628961964,-0.0010572150926622668,-0.0021896314210678083,-0.000518696404741357,-0.00042686707310499514,-0.00033618636897887364,-0.0009855940508936545,-0.0008359433977255841,-0.0004506560661286457,-0.0004859953569842241,-0.0006410709148505375,-0.0004283203306445618,-0.0003697843780029954,-0.0001545693206656117,-0.0002143391133784225,-0.0002669694714843437,-0.0003747133784617604
IND,ssp126,gfdl-esm4,-0.029130842603857544,-0.016727766435706424,-0.01670186397377516,0.00036965764957498393,-0.005726187971485815,-0.010667862985810482,-0.0028140509305548114,-0.004082356706591496,-0.004851463274727203,-0.002591689661641377,-0.000584770223699917,0.0005667204242624878,-0.001067193499599918,-0.0002777112810051335,-0.002805747389643148,-0.0010044563617208602,-0.0013037309905659243
IRN,ssp126,gfdl-esm4,-0.001431335484656762,-0.000613631600548244,-0.00011191380582230695,-0.0005265952498768992,-0.0003015065092710846,-0.00015311540931693413,-0.0004057927971965855,-0.0002989834535071213,-0.0001409907679794245,-0.0003921350094848436,-0.00029195506579856104,-0.00022281300353631554,-0.00014945350118597992,-0.00014752380651743342,-0.0001357615261520478,-0.0001314001711738103,-0.00016328219535219422
ITA,ssp126,gfdl-esm4,0.0004347671154025716,-0.0051733096222354585,-0.004638474075460648,-0.004972916688378576,-0.001055238503366752,-0.0005458209630324951,-0.000501729480018857,-0.0010096731150795383,-0.0013467843543769008,-0.0011687507796151596,-0.0032786683887428324,-0.002238114410238101,-0.0020491494335123594,-0.0020415055062863135,-0.0012508512097187704,-0.0006841045019032031,-0.0007900003866201957
JPN,ssp126,gfdl-esm4,-0.0006341854847565777,-0.00038698974800902014,-0.0005381169847105523,-0.0002856477291537639,-0.0003055073147754193,-0.0002902724461619913,-0.0005094235981657838,-0.00045575177345678783,-0.0005423720366598652,-0.0005360833623424715,-0.0003196387652643024,-0.0006738098329033806,-6.323005791641409e-05,-0.0006060861683034678,-0.00029072131017516574,-0.00024820729339167073,-0.0004911627035909723
KAZ,ssp126,gfdl-esm4,0.0018348781143899013,9.171700974406388e-05,-0.001969174115359972,0.0004798314385281065,-0.0007780794479605014,-0.0002583510410752813,0.0003308071916706791,0.0015862629723969335,-0.0002732212482538793,8.28888448726652e-06,0.0006084976756064337,0.000517403210994142,-0.0001574629097390387,0.0008073879475505444,-8.378909195363569e-05,0.0005640685858390191,-0.0005430986251138012
KHM,ssp126,gfdl-esm4,-0.027713309649628214,-0.008050690001702717,-0.014226610374822922,-0.0013615471252720632,-0.010372124745090847,-0.007540156203640158,-0.003929378595675723,-0.004815172907484761,-0.004530603648246289,-0.0017593692380436215,-0.0012194047909303428,-0.0017038079911639123,-0.002256958334496813,-0.000645357113749287,-0.0013132209898630426,-0.001578587912767571,-0.0008328139304155015
KOR,ssp126,gfdl-esm4,-0.002222367618812755,-0.0013962998665013634,-0.0026535135922212804,-0.0033830911704245954,-0.0015798145771175895,-0.0018672180339730925,-0.0013724805538289104,-0.002538686033216348,-0.002254988358072108,-0.0020233963645982203,-0.001831302665286549,-0.0019349127166903622,-0.0010249624740771173,-0.0015914152190964915,-0.0018346137344578974,-0.0015240560103873782,-0.0022461851253949686
LAO,ssp126,gfdl-esm4,-0.004266863421227907,-0.001777603084147617,-0.0034918484906097304,-0.0003447342171030748,-0.001148809659379205,-0.002373909007319114,-0.0008721089214624437,-0.0012006387580424738,-0.00028635592536388184,-0.000604786317260994,-0.0007386561319058343,-0.0008197884269843705,-0.0005150778614377131,-0.00034803871887864704,-0.0008206329021282637,-0.0005993382719244599,-0.0011535521853965726
MDA,ssp126,gfdl-esm4,-0.026942335874492126,-0.012041572045793151,-0.02026481457057231,-0.0011322682738436282,-0.006790333095317432,-0.00776400743368681,0.0017430491598114444,-0.001503750248330617,-0.008738490401924728,0.0022636292976328408,-0.01025820956655588,-0.004083833739986253,-0.0010475870131844939,-0.012850367528067917,0.0005038293405921152,0.0005491339905434483,0.003845251612339315
MEX,ssp126,gfdl-esm4,-0.0011036268229050962,-0.0010838695711484056,-0.0015477163968953358,-0.00025425467059062636,-0.0004806588724445102,-0.00019236693340527865,-0.0003585036619373481,-0.0005537528176407803,-0.0001817345423327146,-0.0002576608154866495,-0.0002912462655610091,-0.00028123519398149397,-0.00028374516860347955,-0.0003000530371831681,-0.0003361970852501038,-0.00023668431736480723,-0.0004969369348145178
NGA,ssp126,gfdl-esm4,-0.012346093586942285,-0.0026585510643495334,-0.002505909187707584,-0.0012489551668794356,-0.0010280688383656257,-0.0007387044621724029,-0.0007479025188231736,-0.000613600990700056,-0.0006664669485727849,-0.0003978088317052493,-0.0005505974709225106,-0.00038977532859226367,-0.00015857723563083846,-0.00020628064624296727,-0.00013909235176762819,-0.00019136342295867078,-0.00011799795152957502
NIC,ssp126,gfdl-esm4,-0.0184769522801551,-0.004765514568696239,-0.0068562324112085085,-0.0028567721320259384,-0.0010487461243767907,-0.0026417220005848186,-0.0028958608583604835,-0.0019170984623024577,-0.0017175969557199717,-0.000827006974791209,-0.00021933322114577576,-0.0004125286595882716,-0.0008332138995345904,-0.0006626919620019902,-0.0007474895535861128,-0.00026499872705571973,-0.0011594503170923342
NPL,ssp126,gfdl-esm4,-0.013435144729306698,-0.00579325338035425,-0.0023092150570572395,-0.004448626056615451,-0.003432692725671459,-0.00500258191087442,-0.0014483518535099481,-0.0013268614197620389,-0.001929389107938262,-0.0011670278652413865,-0.0001262757351232708,-0.00144442928855032,-0.0010088864122499788,-0.0005166212415498056,-0.00031662373240096017,0.00016510106883236482,-0.00015188597736968127
PRY,ssp126,gfdl-esm4,-1.172049519527858,-0.3243110035777538,-0.14625966375281596,-0.2972834448927862,-0.07235981938535144,-0.17271044766340948,-0.11986464397211824,-0.029199533349138645,-0.1843669648967565,0.05807078731520712,0.040381731926220535,-0.07370789273486464,-0.07785876957818524,0.043063087336036684,-0.12871134978592486,0.025480463232290515,-0.05105877595981051
ROU,ssp126,gfdl-esm4,-0.013421989696246427,-0.011722110359656902,-0.010621933611483609,-0.0035486831849643645,-0.004723550261394435,-0.005567356320621808,1.7280048804004797e-05,-0.0034968264181017136,-0.006195652346436852,-0.0008583682672361966,-0.007332753430108959,-0.006509751800050336,-0.0015762528554631573,-0.009962462963369714,-0.0016012591297584723,-0.0030151869888804376,0.0008609620606185449
RUS,ssp126,gfdl-esm4,-0.0012754623506936898,-0.002305244989798515,-0.003200036574601753,-0.0006777232250567995,-0.0029889994483272724,-0.00021996481811880538,-0.001651440458782573,-0.0032931074705094595,-0.0018067405591734886,-0.0003904644576975769,0.0005488320090372473,-0.0014016078535680704,-0.00012862904131633545,-0.0007643942792981244,-0.000460763150306676,-0.00034965565817095457,-0.0005062054329901301
RWA,ssp126,gfdl-esm4,-0.010020755164691118,-0.007734677565315095,0.0004486879983383961,-0.0035724618831636675,0.0002903557678519552,-0.00012893290152501198,-0.0003698731744257886,-0.00047143381279956533,-0.0006333578881257251,-0.0012118097089561348,-0.00037653019352161326,-0.0006622407992209205,-0.00036724175277174785,-0.0001468214788464835,9.277992902129009e-05,-8.043500328274011e-05,1.5168819915554152e-05
SLV,ssp126,gfdl-esm4,-0.006302018375032729,-0.0030622459192145676,-0.0031150329433245363,-0.0015703795013599835,-0.0006670252709091274,-0.0013737235382099424,-0.0019038083870158455,-0.00122878680445563,-0.0013239071466701019,-0.0007945490902807322,-0.0005800552256431806,-0.0006852468709815052,-0.0009536638358697063,-0.0008256849607575675,-0.0010068221404899431,-0.0006111347870637818,-0.0011581926662147734
SRB,ssp126,gfdl-esm4,-0.026950130006940194,-0.05011725361702946,-0.06263678330543643,-0.036690929321155225,-0.02250997462515375,-0.0058112694226132595,0.017658421124996253,-0.006125669112092482,0.004281265832656108,0.010863553333697169,-0.03031835799387998,-0.024480910285430944,0.0020903737782597925,-0.03251531758232338,-0.008877127054615708,-0.011256223447008724,0.01879215304838393
SVK,ssp126,gfdl-esm4,0.0028322161429320623,0.0017935289392800292,-0.00014630596346602336,-0.003641023036171581,-0.001437260793688117,-7.596289929077583e-05,0.002305108273385544,0.0002504404512063227,0.0015503777406248582,0.0008016018012649724,-0.0034096879687067305,0.0012245839639558821,0.0008766316612334773,-0.00015091195152907625,0.0013895553069457054,0.0010694024598670554,0.002314703818761873
SVN,ssp126,gfdl-esm4,0.0003845784069460991,9.523975389850272e-05,8.949308500562326e-05,-0.0001074686958997437,0.00032176752520208634,0.0001639995222703481,0.0001971729016435042,9.492008543420334e-05,0.0002778616199955332,0.00017515418384372633,0.00012110321220800037,0.00023647739893938892,5.016679688354482e-05,0.00011586808355461228,0.00017078984284650377,0.0001404582783328066,0.00017939225672168079
THA,ssp126,gfdl-esm4,-0.0003043030755133839,-0.0001381121515887559,-0.00026031609136588043,-6.103431985577585e-05,-0.00015147521527170073,-0.00024280226534946386,-0.00010102837693129298,-0.00013754540018034878,-0.00010183605026288602,-8.144669613677787e-05,-7.404704593905949e-05,-9.455395127966944e-05,-0.00010144015985170952,-5.47654512692778e-05,-9.038202993038817e-05,-0.00011416525420379053,-9.04018511566225e-05
TUR,ssp126,gfdl-esm4,4.671237620227013e-05,-2.8112010708975645e-05,-6.740696708138868e-05,-4.182066349853764e-05,-8.819975926363843e-05,-5.256802174477503e-05,-1.7702985882354223e-05,-7.15449801933479e-05,-2.6416073987141584e-05,-0.00010779660397125143,-5.019021575412543e-05,-8.439992067707293e-05,-4.736112687502915e-05,-4.3274545651497645e-05,-2.143415189986232e-05,-2.6078273056940824e-05,-1.8268743275622093e-05
UKR,ssp126,gfdl-esm4,-0.11231744914636213,-0.0037419901857777527,-0.03616323064292807,0.022033624006728553,-0.014675695565727117,-0.022068738234311706,0.00841794181754612,-0.0008697988401757691,-0.018994981304053648,0.010943220716238917,-0.01841952860973141,-0.004443205546645183,0.0032839567016749133,-0.024769370322711495,0.0033282286172182846,0.01098093672866305,0.014772516800468698
URY,ssp126,gfdl-esm4,-0.06716536184344728,-0.014604819658432473,-0.029984727514404716,-0.02516370713665254,-0.03247917180256323,-0.023464581290535653,0.0007749106963578225,0.0052932474126522995,-0.003957459990582621,-0.006104499963808862,0.005271681429355592,-0.01511018764623835,0.004623006249066765,-0.01077655346404096,-0.0008595992158613421,-0.0009956640745420815,-0.0027723476523108886
USA,ssp126,gfdl-esm4,-0.003490886249194106,-0.064028737921193,-0.0065949501676589774,0.001218557984980301,-0.015073592634645994,0.0011114309761588305,-0.027353810483588724,-0.00537192836828234,-0.005597809302137983,-0.007781601148390161,-0.009363837682949083,-0.009236277414837816,-0.017915969011335672,-0.0201375635420832,-0.014955844200597427,-0.009890021909024233,-0.008220674473227423
ZAF,ssp126,gfdl-esm4,-0.00926329189508736,-0.003490225825091745,-0.003316779129232799,-0.009072789464460336,-0.0036242233651452823,-0.0006166072077818936,-0.0028271209508416266,-0.00217695483946395,-0.0025446017469467203,-0.0008444358862852224,-0.004910997103690541,-0.0011048212483177181,-0.0028265661484374264,-0.000986910934249318,-0.0018242611972136603,-0.001249466540079398,-0.002327232481842219
ZMB,ssp126,gfdl-esm4,-0.014465898803981978,-0.03434552146354239,-0.012451792756461116,-0.001535858891869126,-0.0011742276313078746,-0.0034619280607722947,-0.0053496820401544585,-0.0031193290457142866,-0.0016433181041841213,-0.0005794054796642427,-0.0009129415714962722,-0.0004794376191267387,-0.0008718084330138708,-5.186408660031828e-05,-0.0008432716029948434,-0.000580102413817088,-0.00015449571942855115
ZWE,ssp126,gfdl-esm4,-0.015795013974392834,-0.04127859530088263,-0.021638525450652157,-0.007948577179692135,-0.0038420951136940496,-0.006212346505545158,-0.008504777999175815,-0.0044913128995063036,-0.004312172291599759,-0.00022867997881754286,-0.0041865639515056,-0.0009995403607543057,-0.002291805113218107,-0.0010023617230127445,-0.0016913896766768955,-0.0018824513171413378,-0.0005903459119173306
AGO,ssp126,ipsl-cm6a-lr,-0.0010547122744789372,-0.0009337091755323275,-0.0005158463730570059,-0.00035735700236903144,-0.000965368157463519,-0.0007818566172836936,-0.00029503567192482467,-0.0003645239558322713,-0.00022672191697553637,-0.00017305382623110504,-0.00015455938496691373,-0.00010710606022860593,-0.00016192470155931642,-0.00017034490742551253,-4.85132096785041e-05,-0.00012696241741306464,-0.00011473310732773948
ARG,ssp126,ipsl-cm6a-lr,0.01334313176643208,-0.01372362239031489,-0.012589758026586219,-0.003997314874229362,-0.003095941454877046,-0.004726590714187042,-0.007894058485971476,-0.00332810406387601,-0.001273896935003664,-0.0027763648712097826,-0.0019696314935315957,-0.0013415285663084,-0.0010061648858299295,-0.0015575086039804505,-0.0022729118761917375,-0.00331990353551881,-0.0016449746152099923
AUS,ssp126,ipsl-cm6a-lr,-3.698844090744026e-05,-0.00037169310104912407,4.971729769884183e-05,-0.0001398698747242417,-2.8479514543657695e-06,-0.00013868549273053643,-0.00020773586355339694,-4.135768560404839e-05,-1.2200924036728986e-05,-0.00011090458521924152,-0.00010744581713213967,-0.00011513769309627921,-8.217275588669877e-05,1.213415251474129e-06,5.4019658776761744e-06,-4.694425321257641e-05,-0.0001317835313896411
AUT,ssp126,ipsl-cm6a-lr,-0.0018300607499204026,0.0013158150729867665,0.0012439933387402707,-0.0015679227251030564,-0.0029326908898402683,-0.0015786161307628284,-0.002122704829474836,-0.0032804689149260532,-0.0014083306437905573,0.000615311470270079,-0.0002787380461632652,-0.0011078581603480241,-0.0005377360762295116,-0.002782215567515787,-0.001484292896196227,0.0003501752259231231,-0.0007555949122227346
BDI,ssp126,ipsl-cm6a-lr,-0.0013608764431784922,-0.001096808257674942,-0.0013217197663039613,-0.00022225786357878662,-9.911070823344358e-05,-0.0002208357864243958,-1.8266602183368804e-05,-8.037718514312806e-05,-1.4957246941450115e-05,-1.44256915618071e-05,-3.711807924943515e-05,-2.0713806386303285e-05,-2.0316116833931916e-05,-6.933931363391341e-06,-8.940133136189823e-06,-1.5613044759210933e-05,-2.687044715771135e-05
BGR,ssp126,ipsl-cm6a-lr,-0.00014519252463399528,-0.0023131195080518035,-0.0014663819102875154,-0.0017028047362958726,-0.0015884256368278425,-0.0023660982027745776,-0.0015943016666194625,-0.0015019106720544507,-0.001328522201669418,-0.00048254471151276354,-0.0009717402935175709,-0.0009930450908316967,-0.0013948792069113055,-0.0011445984064814957,-0.0018297142944678133,-0.00038241524884047496,-0.00015190715800475984
BIH,ssp126,ipsl-cm6a-lr,-0.009892984361264403,0.0058627571175140026,-7.581731348203461e-05,-0.010961827856691865,-0.010349222559106336,-0.011001324793521838,-0.015328848703500379,-0.015337219838167455,-0.008282982228428116,-0.0018985464128954777,-0.0032575916449908487,-0.007509092172764717,-0.014825986068485456,-0.01966708895227924,-0.009715875707024452,-0.00570915434944138,0.007982196827920634
BOL,ssp126,ipsl-cm6a-lr,-0.04393067725535339,-0.4298427809931159,-0.38335166041223157,-0.05497547168993659,-0.020156318025367374,-0.19548564448792863,-0.13209306904312937,-0.06787465853934022,-0.07671634854897358,-0.09986887984834683,-0.09899119458332122,-0.030223800206410228,-0.0848550195958152,-0.048294806730978426,-0.05108324029786356,-0.05887518437105268,-0.038793839192019244
BRA,ssp126,ipsl-cm6a-lr,-0.07275784125150496,-0.11640696029411787,-0.1937312537998511,-0.06468993482218716,0.0029652895842382392,-0.1086953890607144,-0.15486477814516877,-0.07867954462424488,-0.0771191947719139,-0.07648088071272191,-0.09153037600197636,-0.044592434761955235,-0.06471443363873151,-0.055137607835722406,-0.045083393921261455,-0.04240608405849944,-0.03806004735951953
BTN,ssp126,ipsl-cm6a-lr,0.000289256909784827,-7.995681091951488e-05,9.88682856240033e-05,0.00010597388421560233,5.3355490474101105e-05,5.170814919673922e-05,4.400501977433581e-05,3.289661857622933e-05,3.762109941544551e-05,2.8463817453488667e-05,1.5162340035032952e-05,2.853643852761111e-05,2.1549207445640608e-05,1.6781924943299704e-05,2.2807586902996326e-05,2.4338740708237408e-05,1.0390656079711243e-05
CAN,ssp126,ipsl-cm6a-lr,0.004380155302413443,0.0001497960424937469,-0.006978735756896983,0.0010627593517880292,-0.00013683529590249597,-0.0050706767835605,0.005893415883450274,0.00031971568971858724,-0.008943643511780197,-0.002356076759825865,-0.0051905241072999365,-0.00909223339588002,-0.0032623192046428574,-0.0054394024943552576,-0.005136082138792559,-0.006512764102353491,0.0020474523611697325
CHN,ssp126,ipsl-cm6a-lr,-0.0008399305619254276,-0.006833221766315388,-0.0029139025524459526,-0.003421687715726153,-0.0034992914384911417,-0.002747540772581682,-0.004930902944049479,-0.0018830452081085407,-0.0033435559530369473,-0.003785563015724445,-0.0046844879091912,-0.005006463124271029,-0.0021989908726716243,-0.003837335217192416,-0.0030675396362940177,-0.003482736498780048,-0.004351419685109112
CMR,ssp126,ipsl-cm6a-lr,-0.000842582630043349,-0.002373360305933031,-0.0007102828176282992,-0.0004711672446435617,-0.0004039804388479879,-0.00027293950101997435,-0.00010038409855643671,-0.0001994260953253311,-0.00017130815146105443,-0.00024552938355513955,-0.00012404899851612748,-6.030981504874757e-05,-0.00015262010998147308,-0.00014782314074547395,-4.834035947024567e-05,-7.28652228496063e-05,-0.0001283193201228712
COL,ssp126,ipsl-cm6a-lr,-0.0009667992342963148,-0.0008080235185372747,-0.0012466141863687848,-0.0005696620711161024,-0.001011753925423048,-0.0011272335176549166,-0.0014273216708280384,-0.0004080589565116578,-0.00016241968294247248,-0.0006377715982264676,-0.0010310330921661482,-0.0008143297532826391,-0.0008274644123408263,-0.00038432343919795806,-8.557786922992987e-05,-0.00038823485120534525,-0.00030162816901132503
ECU,ssp126,ipsl-cm6a-lr,-0.0017576951760827082,-0.002747282318678789,-0.0017896912686043,-0.0016530202696026317,-0.0014552733221771422,-0.001566182548734218,-0.0007895721643586186,-0.000684852954802103,-0.000481411483499926,-0.000619082828794724,-0.0007392745579017679,-0.0004620978421835321,-0.0004906374215198948,-0.0005700406373366182,-0.00046768554360139574,-0.00033919560908785105,-0.0002741349826006076
FRA,ssp126,ipsl-cm6a-lr,-0.0018022457675884076,5.159884826386546e-07,0.00021290379886963068,-0.0005816782243099559,-0.0006857389550861078,-0.0008860167092772099,-0.0015632710707765647,-0.0014829044000022613,-0.0007100233571939317,-0.0004823707776498776,-0.0003222793851370456,-0.0005744216170872027,-0.0009610754065425822,-0.0009527709485082313,-0.00037854428231219546,-0.0006125593054619066,-0.00026161765443333696
HRV,ssp126,ipsl-cm6a-lr,-0.026364724273999753,0.08324130536004974,-0.00034279864244826793,-0.1033065031017662,-0.10910175971398137,-0.08659753714227207,-0.18244696309672936,-0.19004549924235614,-0.10171421955035463,-0.008227054180454475,-0.00966501897286547,-0.053660766414254435,-0.06125762770615572,-0.12461183254734925,-0.07109930237498001,-0.025918651653747325,0.049163933553523276
HUN,ssp126,ipsl-cm6a-lr,-0.005025721957854139,0.002622463302756888,0.00042896140769810645,-0.004375082165275887,-0.004218380251318547,-0.0044746292261794544,-0.005285353113876824,-0.005452951367338656,-0.0036765384432464587,-0.00023983545191377632,-0.0008193966846188185,-0.0018208368384383265,-0.0021898834337644333,-0.003863205341329694,-0.0017836107539976785,-0.00023478174830610094,0.0013704454858757555
IDN,ssp126,ipsl-cm6a-lr,-0.0018377991334389866,-0.002072775640326421,-0.0014786051615182324,-0.0012475095571433,-0.0010102499946641873,-0.001057312946856445,-0.0011189122852323175,-0.00048821189802118606,-0.000550611632547142,-0.0005336831104796668,-0.0009175981204608153,-0.0005638666068730301,-0.0005532291909533284,-0.00041485207779927457,-0.000242118909657792,-0.0002635802587141506,-0.0003426155655915817
IND,ssp126,ipsl-cm6a-lr,-0.01710158384363605,-0.03780609537485708,-0.011694916273338452,-0.010118296641236682,-0.0020004327261133516,-0.009606488425630602,-0.005247695552999036,0.001092208530574558,0.00013682475435177637,-0.00274829882142131,-0.0030602310452100745,-0.00543128313305982,-0.002887548704880803,0.0013055093271755395,-0.0023404831283332,0.0005190813980409165,-0.0018604279562018779
IRN,ssp126,ipsl-cm6a-lr,-0.0014238237370730782,-0.0005071895978876566,-0.00023710901262697374,-0.0008081417339685135,-0.00043414692552404613,-0.00036308541160416576,-0.00039493173751026803,-0.0002720702811470466,-0.00025194794024870895,-0.0003480365748925923,-0.00019889559191514904,-0.00028902336220911433,-0.0001227153555372325,-0.00021648487098294757,-0.00017077755692561743,-0.00013939791399272364,-0.0001473120532457176
ITA,ssp126,ipsl-cm6a-lr,-0.003712371628035411,-6.267742077481951e-05,0.0010392967711749044,-0.0030595075413080174,-0.0034210325225018596,-0.0017073824240653368,-0.005144328239004285,-0.004051267667483958,-0.003038821453803232,-0.0004112472421953338,-0.0010725106669318787,-0.00232852924237245,-0.0017184788969960467,-0.0023823790343277785,-0.0011090576181645084,-0.002794328133546435,-0.0002455286363875859
JPN,ssp126,ipsl-cm6a-lr,0.00011289410262647266,-7.577387436945808e-05,-0.00020692347572013692,-0.000738763699666488,-0.00013369048115623167,-0.00034891599797239563,-0.0008741248261217189,-0.00039138691544278594,-0.0006622350239234666,-0.0005176844722881941,-0.0008529337820644916,-0.0004913476715563803,-0.0002870920894230934,-0.0003398718542521718,-0.0003479125074615179,-0.0005953606905009584,-0.0001790552510808734
KAZ,ssp126,ipsl-cm6a-lr,0.001614046484778055,-0.0005419239430856941,-1.3172634791058287e-05,0.0005246724981310307,-0.0006139714180341395,-0.001019288705639503,0.00019161742741291416,-0.0005368117281341877,-0.0003216250191212659,-0.0007215949471362006,-0.0007016829207328865,-0.0005865645965615742,-0.0003639334765884038,-0.0005849806652626586,-0.0002765359152585369,-0.0008443870546218112,0.00032515289085429793
KHM,ssp126,ipsl-cm6a-lr,-0.023422804151635775,-0.019543190139760133,-0.017579231610803145,-0.016965300055141155,-0.005016704290060875,-0.009146715317965088,-0.010628174353680207,-0.0066309110375100825,-0.003892384963275884,-0.003917178303094641,-0.004421814846391799,-0.0023592368219794275,-0.00412326198468322,-0.0030102882098351985,-0.0019046778686328712,-0.00166240085109132,-0.001456367403101878
KOR,ssp126,ipsl-cm6a-lr,0.0009676163701998225,-0.00028695702877864647,-0.0007254739051186332,-0.002349170533715767,-0.0009812767558320054,-0.0005071051568258687,-0.003968710389638663,-0.0016752451359923451,-0.0020345588998150767,-0.0014480907775186328,-0.00315182819918983,-0.0025091459232942856,-0.0008365075259408914,-0.001978243726361633,-0.001686742346871934,-0.0017280001735195223,-0.000982502510365791
LAO,ssp126,ipsl-cm6a-lr,-0.006738728333437717,-0.0026246877318150297,-0.0034003505185956386,-0.002720958608625809,0.00025783415863651524,-0.0005642297082973071,-0.0018741700465005886,-0.001088598192452725,-0.0004542162314563827,-0.0009677705893102217,-0.0011414052389880686,-0.0006716267096108994,-0.00039925927498401603,3.778721380546232e-05,-0.0011371806605740794,-0.0003975834767643918,-0.0002803774154329909
MDA,ssp126,ipsl-cm6a-lr,0.005112673283022675,-0.013644460146765243,-0.007001642354049042,-0.010688820557680116,-0.005356303838974935,-0.016891813460937415,-0.010595450080509019,-0.01031995208946025,-0.008811284138347503,0.0009049504074975893,-0.004509537654689306,-0.002491648651335889,-0.0037287845758457454,-0.0005049631421183786,-0.010065104269178053,-0.0025701245816032096,0.0006272832428646619
MEX,ssp126,ipsl-cm6a-lr,-0.0011292219150536595,-0.0012490829237687558,-0.000825563742653175,-0.0009236269489678784,-0.0006417110774136669,-0.0005973461211306,-0.0008090450093822044,-0.0006119860341688736,-0.0003577808711246683,-0.0005669516040650917,-0.0005717407463221354,-0.00046850522696510207,-0.0006732843752498551,-0.0002139326390047697,-0.0003485856079532811,-0.00031847742092352223,-0.0003860512754879357
NGA,ssp126,ipsl-cm6a-lr,-0.005056053611211337,-0.005555644263596504,-0.0022609795378629896,-0.0022654554161565454,-0.0010518874709798695,-0.0012599743571144384,-0.0006606794844639163,-0.0005641559857694943,-0.0005058970730909841,-0.0007413740964622584,-0.0005790712784976481,-0.00020317580745701395,-0.0003719460680352416,-0.0002947120758424097,-0.00015351612544285125,-0.00013921453461577493,-0.00022509479284668206
NIC,ssp126,ipsl-cm6a-lr,-0.01154382545437967,-0.0076295505923975725,-0.005714366000731764,-0.005700858359027596,-0.005464904927378416,-0.003169114426515671,-0.003965847034714498,-0.002670970487316037,-0.0019985130068248848,-0.001872156749244635,-0.002331791536410504,-0.0018574891639638951,-0.002045475814239109,-0.0011746706601342845,-0.0007243137454071638,-0.000504346016231628,-0.000975415575938918
NPL,ssp126,ipsl-cm6a-lr,-0.009065793468937345,-0.014523577764406404,-0.006646761348277165,-0.0024409170571132593,-0.004122898181222023,-0.005646586726816241,-0.005331275814392531,-0.00038643468851283746,-0.0027981513150464395,-0.0020007863247868143,-0.0031961657677905693,-0.0011442350733471358,-0.0007824586843558052,-0.0005317755662700675,-0.000463881726385867,-0.0003404326567346169,-0.0011679666619567146
PRY,ssp126,ipsl-cm6a-lr,-0.10426982668680917,-0.4417168753657056,-0.48986635395403755,-0.03888158908514364,0.01566813912631521,-0.18179509061503543,-0.2608893972205315,-0.10984024211140186,-0.12198640017478911,-0.09257281806166791,-0.13577650322716298,-0.07109793541984456,-0.10320956728170927,-0.08060161996192677,-0.04242227729573834,-0.04000806469900668,-0.09687005097786526
ROU,ssp126,ipsl-cm6a-lr,-0.00039972397820675577,-0.007247390190788632,-0.00551375520932577,-0.006954522962946258,-0.006152839053360816,-0.009803905745016954,-0.007727103829660701,-0.007121602716524749,-0.007038319727268804,-0.002154617656348654,-0.0045754025462940865,-0.004211621385719109,-0.005855836895574306,-0.004313029658954726,-0.00855947053238515,-0.003577717951291369,-0.0007586418816525443
RUS,ssp126,ipsl-cm6a-lr,-0.002914330350104705,-0.004691933931322847,0.00044154865332932857,-0.0036879827889633346,-0.0038420718092452995,-0.0064829380247694674,-0.0036077734198126732,-0.0022558452381518054,-0.0038860040447023557,-0.002581525456807601,-0.0023404309522194154,-0.0027235910135238826,-0.0019127430280737978,-0.0010767208467671774,-0.001489720066975847,-0.0017745964520599368,-0.006180804261884872
RWA,ssp126,ipsl-cm6a-lr,-0.002300116581760287,-0.000738468842368884,-0.005482837470125938,-0.00013367815049808692,-0.00017979721247677875,-0.0007439239675584116,0.0004228867884946219,-0.00015997973687286116,0.00026864563455461466,-8.93585644912461e-06,-0.0001259112891646403,-0.0002415577463721326,3.150122093037932e-05,-6.574436438401676e-05,4.9355082015009954e-06,-2.5174179605062288e-05,-9.824179124402842e-06
SLV,ssp126,ipsl-cm6a-lr,-0.003381170318504956,-0.003406106693084441,-0.003329459282206328,-0.003096650488342971,-0.0026103796383660127,-0.001694770317148348,-0.0025824443118521016,-0.0017788634077756924,-0.0010901108399508856,-0.0014036506186483491,-0.0017909268013666067,-0.001403527366939802,-0.0017363568247967805,-0.0009514720216767836,-0.0007715638403274688,-0.0006701715903341118,-0.0010806874741684956
SRB,ssp126,ipsl-cm6a-lr,-0.0563895018930356,0.01676206362142292,-0.00468585679516582,-0.051161510599892546,-0.054583668467998225,-0.05954665293465759,-0.05608230902254799,-0.055199577923222554,-0.04275182938907645,-0.006539186624176406,-0.015401835236713464,-0.03358809500505621,-0.03829090593326577,-0.03896190996511994,-0.024112321292334666,-0.009633777937987057,0.017530024439236305
SVK,ssp126,ipsl-cm6a-lr,-0.006910032690367062,0.003783467690191811,0.001397828911873283,-0.00131366791119953,-0.0031665145006781813,-0.0012267451692440333,-0.0025205832843883287,-0.004431996175574906,-0.0014340253200968176,0.0007211785006700514,0.0008526856352388347,-0.0014766637925454577,-0.0003048430046073175,-0.004052804821024505,-0.001715136880248888,0.0015952751511173447,0.0015399452524186895
SVN,ssp126,ipsl-cm6a-lr,-0.00020734433603153386,0.0003807400600634244,0.00016213228705609103,0.000155066817679674,0.00012679584263192503,0.00039881673776361905,-0.00034778170903515624,-0.0002783148549779355,0.0002063092081736359,8.757749360727611e-05,0.00024078325791749078,0.00012950169290254352,0.00017131318934751662,6.467274464935885e-05,0.00010162651784925375,9.104132332814027e-05,0.0002129088929126956
THA,ssp126,ipsl-cm6a-lr,-0.00042219739217248857,-0.00018790954003408968,-0.00024165403443819606,-0.00025123796066467923,-8.231197237343011e-05,-0.00015251230470925907,-0.0002094660341126579,-0.00015669208202247312,-0.00011700159216155726,-0.00013474290258623484,-0.00014807442599232482,-0.00010631831636289827,-0.00010612385307081422,-8.290250305712776e-05,-0.00013177376784592927,-6.34213973101967e-05,-6.211764200585001e-05
TUR,ssp126,ipsl-cm6a-lr,-0.00011154652212667572,-4.692282487734656e-05,-3.9165114785737876e-05,-0.00010931885943724317,-0.00010988990130108138,-6.863537825567695e-05,-2.455431647668335e-05,-3.9057528516578845e-05,-4.5097329070332465e-05,-6.631172939106726e-05,-1.0052252338919537e-06,-1.8550416325982505e-05,-2.7686913401147597e-05,-4.687278412897491e-05,-5.215692487128562e-05,-4.614909506250592e-05,-5.081668099285231e-05
UKR,ssp126,ipsl-cm6a-lr,-0.020159923446346813,-0.0884698388571702,-0.014899902272550433,-0.06880026784363139,-0.005766203802496108,-0.07630623995321169,-0.03103696581236729,-0.0271692488268338,-0.031109487656631934,0.0031187994807486846,-0.016341998683206998,-0.0034763614851354907,-0.013652119274584418,-0.0011162027642468981,-0.03052836366056657,-0.008964583446916473,0.0002106384569822968
URY,ssp126,ipsl-cm6a-lr,0.0581006656670742,-0.04366357277067882,-0.04977924668717288,-0.016027438927955454,-0.01537755744005293,-0.012524014892982323,-0.02597658547255594,-0.024328217477807907,-0.007169684511176178,-0.01390859218905248,-0.0053137412384330765,-0.001961069483160169,-0.004963037389763475,-0.009520090352134618,-0.019037540538112865,-0.012069259582532387,-0.009302871304335082
USA,ssp126,ipsl-cm6a-lr,0.008328814980069356,-0.0015192531867950847,-0.026531141528678425,-0.024280650410299844,-0.016715287784407604,-0.024762699131635434,0.003160768066726175,-0.006079818754295271,-0.0400007190049789,-0.009588233710839469,-0.015238733956429861,-0.018538066842584005,-0.0071517872472931145,-0.01708946328643877,-0.015285043716357558,-0.009248315207089427,0.0018392926429967634
ZAF,ssp126,ipsl-cm6a-lr,-0.014915687801350216,-0.013236513312589075,-0.009790547875288647,-0.01128585348962617,-0.0012935981500901458,-0.009201479306047658,-0.0021930800163613806,-0.0033355947922173584,-0.005834963763913211,-0.0026875841432489928,-0.0026592202385275912,-0.001708504715948725,-0.0016710688212202176,-0.0024756935951736818,-0.0014074242575848207,-0.0017303838691484937,-0.002379135026107821
ZMB,ssp126,ipsl-cm6a-lr,-0.0057562182281339965,-0.0095134812345133,-0.002507233954194122,-0.017422086618747532,-0.00690471899830615,-0.005866623910714874,-0.0012922877014124208,-0.0006694029232905156,-0.001001682702140903,-0.0011473089751790702,-0.0012398504941387861,-0.0008535376198096059,-0.0012264116067661546,-0.00012700302629733602,-0.00029644211783509314,-0.000596251774626012,-0.00014532988595105233
ZWE,ssp126,ipsl-cm6a-lr,-0.03768015332336832,-0.008531537118505324,-0.01785610157518039,-0.025605470978870417,-0.012692324902814205,-0.017315899763834425,-0.006838520923582282,-0.005450254468397707,-0.005368755853923946,-0.004641488605398329,-0.002428656337510503,-0.002195782344018873,-0.0016438123743537374,-0.0012173042137050877,-0.0014432205199218801,-0.0022654503158624217,-0.0005629160695428734
AGO,ssp126,mpi-esm1-2-hr,-0.00036662139964511596,-0.00030289134850805484,0.0002363798327127174,-0.00033122233298871635,0.00017464390190769478,5.247785246635787e-05,0.0001852616387594201,5.2219143196841465e-05,2.389653636036887e-05,5.1419075294203215e-05,8.57980864709846e-06,2.0708328948303362e-05,8.664583363530382e-07,4.669330206363209e-05,3.7166716654364504e-05,1.947911551042557e-05,4.567844090885917e-06
ARG,ssp126,mpi-esm1-2-hr,0.039429153166228734,-0.006906945223457761,-0.001711161840934072,-0.0028507280859806426,-0.0028644745233217346,-0.004387098467337192,-0.000135192881244133,-0.0020137339784196337,0.00018184213792770226,-0.001684485057984523,-0.0006864093864893246,-0.0005756402069306091,-0.0017974767582921271,0.00033742933579034565,-0.00030665792040325307,0.0011181804600825618,-0.0006127129629176632
AUS,ssp126,mpi-esm1-2-hr,6.16018839021384e-05,0.00016391761575776717,7.343037260606356e-05,-0.0002713065874137279,7.2480646740988814e-06,-3.858291663392898e-05,-6.808360266838252e-05,-4.821500332841712e-07,3.86358198856343e-05,-0.00010594169430258166,-6.61162795366665e-05,-4.834837380669896e-05,-6.559872600746947e-05,4.240372879893362e-05,-9.74007290846283e-05,-1.9208547644471035e-05,-8.070132545412584e-06
AUT,ssp126,mpi-esm1-2-hr,-0.0013131153097344138,-0.005353401971576916,-0.0003579115341099029,-0.0009704076934798707,-0.0019347169784887928,-0.00027633604647189476,-0.002594703080559827,-0.0049870630289579046,-0.0015070056791904617,-0.0004716392627398372,0.00014849899066023763,0.000865589288216541,-0.00136360666429875,0.0008299195594595008,0.00014720548747646574,-0.0003822913293190987,0.000330969285763798
BDI,ssp126,mpi-esm1-2-hr,-0.0004778381507540483,-0.00011690931319455989,0.00022521658456964682,-0.0013116813168498715,-0.00018799635769421822,-3.7465441869000965e-05,2.8086114170884473e-05,-0.0001242283257913927,-8.337987743409414e-07,4.6521412794626556e-06,-8.142722758181455e-06,-6.895238982659559e-06,-1.1981726168931511e-05,9.048165571737355e-06,-5.828764899060836e-06,-3.6480894341495753e-06,-5.846870480341226e-06
BGR,ssp126,mpi-esm1-2-hr,-0.0011864812160185733,-0.003423779834504289,-0.0010317213739059969,-0.0002910326779910617,-0.0005618574409716002,-0.0006791226811020732,-0.001247500305758555,-0.002081894673208285,-0.0017971480977618578,-0.0004144600837471963,-0.00015269378000860656,-0.0004532433581706069,-0.0005549947074628758,-0.0007060797758482124,-0.0003338136499087911,-0.0008192246463866864,-0.00025406480671403165
BIH,ssp126,mpi-esm1-2-hr,-0.009935225279997177,-0.026865590269291258,-0.0021381384130930753,0.00377746294963826,-0.006820691830081124,-0.0006226911160837407,-0.006087241003468238,-0.015060230328040356,-0.01324275162423929,-0.0030291474785052014,0.001578087981027549,0.003296559213533929,-0.011025934561665908,-0.00020863480447182975,-0.004840417363620295,-0.008388561443160298,-0.0066916793811222855
BOL,ssp126,mpi-esm1-2-hr,-0.5020394756029075,-1.150877859522802,-0.5859429838902187,-0.37309166655140813,-0.37032654324483355,-0.24082593395486693,-0.11398932577775683,-0.1461294481498958,-0.17263063620353022,-0.06794492795494332,-0.08216041723687313,-0.03461350524622862,-0.05523250091129474,-0.04982315937858379,0.003160227655399692,-0.026514183011839682,-0.034413327788428275
BRA,ssp126,mpi-esm1-2-hr,-0.11508507811119689,-0.3342061918487455,-0.13083177417069783,-0.13872120273665686,-0.07964584279185272,-0.09162415690043749,-0.07689577582564525,-0.039474329335233385,-0.1017496238608388,-0.0543161477868641,-0.04883137798625951,-0.03549922223101122,-0.01864354050734199,-0.022591005568322997,-0.02414627455796135,-0.05291559527642696,-0.015484816638951866
BTN,ssp126,mpi-esm1-2-hr,0.0007618660147876913,0.00019552130381884496,9.506899301770412e-05,-2.7153540600206408e-05,1.1492837561728326e-05,2.22111207582404e-05,5.329611962179509e-05,2.5555325749434515e-05,-4.441781216976658e-05,-1.9274456545777622e-05,2.7692506107207228e-05,2.0228720862313994e-05,1.4745049243068691e-06,1.0167118219950477e-05,1.971694391442271e-05,1.410591678271906e-05,1.5925294326615615e-05
CAN,ssp126,mpi-esm1-2-hr,0.0034544496668012644,0.003305978203825532,-0.0006666508930270581,0.0007837360719914667,-0.0021188530211225646,-0.013033255410872907,-0.0006088998796345439,-0.0058989043716419776,-0.007907709545260962,-0.0026744843563794637,0.0015455425907732595,-0.00202361947531404,-0.0017068966542003426,0.002581346398186471,-0.0007400679343844595,-0.0019739557835195655,-0.001562647783647437
CHN,ssp126,mpi-esm1-2-hr,-0.0027540815969331373,-0.005845925184870464,-0.005428627311440668,-0.0002623442951299396,-0.003397195882313942,-0.0014227663804809321,-0.001445899988530771,-0.004172627737406272,-0.0034228719742071495,-0.0021264294011746673,-0.003544601556072347,-0.001540138862144663,-0.0021847109704667077,-0.0008708713088959743,-0.0007795837896646979,-0.002874834648037909,0.000726457127444355
CMR,ssp126,mpi-esm1-2-hr,0.0022852068259918124,-0.002378779675876187,8.53515705348723e-05,-0.00021294653703995996,-0.0003643925967811947,-0.000597744783569956,-1.893188194009314e-05,-6.512517774846441e-05,-0.00017713353993463024,-0.0002084955563483839,-0.0001628286334309388,-0.00013460623710356002,-0.00014051384580760846,-9.01977425169436e-05,-0.00011895678511796697,-0.00014177287262008765,-2.8174395993423092e-05
COL,ssp126,mpi-esm1-2-hr,-0.001114352170506224,-0.0007912995068104857,-0.00018374863378591464,-0.000414937101111083,-0.001191479262888794,-0.0008272288508366248,-0.0002992065194286493,-0.0006644964697352742,-0.0009513362533387593,-0.0004968900497199042,-0.0005001072377022433,-0.0005320138314374437,-0.00030024605238129,-0.0007022434657409195,-7.6120070698969e-05,-0.000535465350193238,-0.0001054142665201051
ECU,ssp126,mpi-esm1-2-hr,0.00023653316895804981,-0.0018489803899648745,-0.0009984001810116646,-0.0005413149946242012,-0.0007763603307757471,-0.00048035935543428696,-0.0003208279248761283,-0.0002286252957383686,-0.0006105587868572831,-0.00039279525574418314,-0.0004141370853416038,-0.00028745797941472697,-0.0001098998113569563,-0.00024242832492968024,-3.617225689501342e-05,-0.00023767138406194998,-0.0001213730051515857
FRA,ssp126,mpi-esm1-2-hr,-0.001555176086737053,-0.0007996608562690127,-0.00026599518189860066,-0.00023818735875032426,-0.0003166481492420634,-0.0010352612263401628,-0.0009687645877217616,-0.0009565108751036941,-0.0006960605891943856,-9.566977944264513e-05,-0.00026664782667880593,-0.00041720649155486435,8.412635886927551e-05,0.0001535274894431288,-0.00019171675250317471,-0.0005656485274412234,-5.6342241699741666e-05
HRV,ssp126,mpi-esm1-2-hr,-0.020872361208076343,-0.24624995332262925,0.0011205357784090486,0.0167971706652442,-0.06712809550516155,-0.004283357768934651,-0.08040702168856251,-0.15739751231683446,-0.13317149127017072,-0.010174333390779522,0.006316854178180726,0.05216674512681854,-0.07903779074275287,0.013877892396145078,-0.031187176151895514,-0.04799066401442169,0.005356328087782343
HUN,ssp126,mpi-esm1-2-hr,-0.00549443886931047,-0.008005961904538134,-0.0004167578614863346,0.0006314990246784604,-0.0025802323068730617,-0.00014788031083106355,-0.002906613942791751,-0.0048949762583976155,-0.004356870753143057,-0.000938052220813384,3.1613610026952e-05,0.0012206884929302855,-0.002977809003398479,0.00035147121939949327,-0.0010733932736063272,-0.0015781819467838379,-0.0003112699742714637
IDN,ssp126,mpi-esm1-2-hr,-0.0014381880715863776,-0.00258566334580721,-0.0019932899631919156,-0.0007628514148265838,-0.0008965654630524421,-0.00133087250516585,-0.0011587248762505247,-0.0007108301285472124,-0.0010883872647120946,-0.0007803665892856079,-0.00041313144697900975,-0.0005102101039188453,-0.0005437429832099159,-0.00036550634327675536,-0.00013215642400280975,-0.00035218651823967816,-0.0005210185019849345
IND,ssp126,mpi-esm1-2-hr,0.007558188944627257,0.0018417456180671692,0.010975820170470212,0.0031477651386134353,0.003975727708761651,0.0035903129174203957,0.0027257085306348202,-0.004685784928040008,-0.00012398256861009815,0.0007630340788821988,-0.0008650994926714266,-0.001608176912630117,0.0008168939168843217,-0.0023203536995357807,0.0013451700548682258,1.3284871748147693e-05,0.0004927549936967155
IRN,ssp126,mpi-esm1-2-hr,-0.001181617956286355,-0.0004109065267882225,-0.000640745128123407,-5.042835709412479e-05,-0.00037266046013610915,-0.00022879031575173732,-0.0002449408496278258,-8.83533903074837e-05,-6.566837702226292e-05,-0.00010618656899663002,-0.0001480428287065721,-0.00012914231853727523,-0.0001616225670294317,-7.213942689280027e-05,-3.26429949341002e-05,-0.00012842354257176818,-2.867375960451161e-05
ITA,ssp126,mpi-esm1-2-hr,-0.0032895767327899843,-0.006554587802366332,-0.0011784723645372284,0.0002479122935846114,-0.0018520978853129987,-0.0018792399947974406,-0.0018172393233700534,-0.0017898345535381174,-0.0033833207526813977,-0.0006758623239295692,-0.0008395862463484216,-0.0006670911095137327,-0.0003767452176120252,-0.00012637939265471547,-0.0002848402487641436,-0.0013023686695530527,-0.0005987400307970873
JPN,ssp126,mpi-esm1-2-hr,-0.000558391242086633,-0.000651927894718213,-0.0008336879477415218,-0.00014273104600706686,-0.0005496868171551722,-0.0007510886613655793,-0.0006089897659389812,-0.00034774029828722687,-0.00015874503503558529,-0.0002930408406446345,-0.0004822216804960847,-0.00031915091769900124,-0.0006048770125448417,-0.00013751341069517716,-0.0002901620853443768,3.881755478234726e-05,-0.0006555984257886453
KAZ,ssp126,mpi-esm1-2-hr,0.00023789096289900816,-0.0012572617562036888,-0.0032460974524401763,0.0013868286672330061,-0.00044653058989463574,0.0007229926989897354,0.0003427622227101353,0.0001890212872528696,-0.0015168286712990467,0.0005473899602319638,-0.0007923022197825765,0.00043914612578883287,0.0006539262125698194,0.0007446015818963898,0.0004948803731404088,-0.0012850014468491322,-0.0010769789821542513
KHM,ssp126,mpi-esm1-2-hr,-0.0030189160449664177,-0.03044024448330346,-0.002461913666706784,-0.012257457256555226,-0.010046227494388826,-0.0011760659688324808,-0.0019354949142610324,-0.0012662958057543295,-0.0024433081923242467,-0.00018076723708994623,-0.0011521758522012905,-0.0010559086909219982,-0.001082921111359635,-0.0020308772590687807,-0.0006330390102695555,-0.0010383197086961129,6.654729161396588e-05
KOR,ssp126,mpi-esm1-2-hr,-0.0008421726653923492,-0.002895318670360408,-0.0023480911193588176,0.00010678003295101022,-0.001057439644808191,-0.0013474512573651526,-0.0022858352412875806,-0.0009020301046843791,-0.0011255180722364365,-0.0009737306369275169,-0.0011152592226771213,-0.0005102307673097063,-0.0007909123390219459,-0.0005367310500009321,-0.0010141682206964186,-0.0007477290817760472,-0.002429869632608422
LAO,ssp126,mpi-esm1-2-hr,-0.014091148753765591,-0.0059849074205918056,0.0009202689496332074,-0.0040901897640510335,-0.002635358447649559,-0.0001781399677145171,-0.0002875418229532198,-0.0009353618796048326,-0.0009376036569069442,-0.0013240984608120733,-0.0008882579360148024,-0.0006329073977508042,0.00022227442696723696,-0.0003417198996229818,-0.00015234767600904618,-0.0006446399570684651,0.0003435070404345912
MDA,ssp126,mpi-esm1-2-hr,-0.017501718101510487,-0.02901457703416923,-0.005080720787312796,-0.0065301909920133395,-0.005727401664050447,-0.007997337885815737,-0.0035182500555362203,-0.014000432354528618,-0.0074009867647736646,-0.000798588548857313,-0.002830911541540819,-0.004493950907029323,-0.0010854813589498366,-0.0027099194752989264,0.0018090106353271728,-0.002177037970399628,-0.0014017735088402551
MEX,ssp126,mpi-esm1-2-hr,-0.0006286330015095325,-0.0008214151916599644,-0.00011685350631018971,-0.0007713860628618173,-0.0006463895076737373,-0.0005245859842546426,-0.00034985392569186297,-0.0004499790933510704,-0.0003406479840299544,-0.00029295185267535844,-0.00043342624616796307,-0.00032776974717242305,-0.00016396437703672574,-0.00016731536775593556,-0.00019733548282094458,-0.00018283144697792445,-0.00015589765931370346
NGA,ssp126,mpi-esm1-2-hr,0.003440375251279968,-0.006035171547238686,-0.00130213911463569,-0.0011298778665590975,-0.0007121176125333945,-0.001607303090735243,-0.00014412203568427238,-0.0007175228402594875,-0.0004982450441418551,-0.0005678693645204635,-0.00017179673770997844,-0.0003732307181432163,-0.0003325830461174726,-0.0001959702207333804,-0.0002786173590586748,-0.0001160482870709034,-4.75246140011988e-05
NIC,ssp126,mpi-esm1-2-hr,-0.003311700560457002,-0.01108190036593588,0.002545605732065226,-6.65926017333284e-05,-0.0005202351837101875,-0.0001335021234791733,2.543133991174665e-05,-0.0031510029424320993,-0.0003627032305122966,-0.0011152045221180967,-0.00010703225878025962,-0.00037618036265814765,-0.0013591804544246884,0.00011796272132841991,-0.0007367378525147412,-0.0002156332715829617,-0.0003131597893048037
NPL,ssp126,mpi-esm1-2-hr,0.0013952048749320115,-0.017838187873741366,-0.0024199265280086353,-0.008494597215628199,-0.0033273965232319303,-0.0008348646588642761,-0.0030280803502038284,-0.002170650461245865,-0.0029669344553696748,-0.0022283398272073306,-0.0005820889086716592,-0.0012446089049480318,-0.001263141637351116,-0.0005004044506415967,-8.30034911985936e-05,-1.5644642258755058e-05,-0.00026515032253911843
PRY,ssp126,mpi-esm1-2-hr,-0.6129808767623857,-0.5601073873936877,-0.3151747691296014,-0.23489208611058007,-0.16679455581332395,-0.018490095470304252,-0.0706219930977972,-0.0030347189690480367,-0.13931620608561965,-0.09553587526546173,-0.02257980225236697,-0.02740705610263922,0.0018193245319694077,-0.014042599311774628,-0.03532613230760132,-0.023366341993544017,-0.046159870790341576
ROU,ssp126,mpi-esm1-2-hr,-0.010346257077725006,-0.014447249243092175,-0.0026030236719455837,-0.0015993384918595022,-0.0037374652276088113,-0.0037407425825567923,-0.003965521619650558,-0.009114424482244556,-0.007511748470915606,-0.0015330440433683214,-0.0017841131734958428,-0.0022223057513723185,-0.0021420845769443576,-0.0027519282013084333,-0.0013824596298754274,-0.0038531035039034546,-0.002077818119935925
RUS,ssp126,mpi-esm1-2-hr,0.00035657429332720564,0.002523379801430413,-0.003524204408241303,0.0008107310234907463,-0.00042717543937493874,-0.001117361340221036,5.703618974239736e-05,-0.0006629563247944212,-0.0011625318085691306,-0.00042494175444352325,-0.001658216993216049,-0.0004235676067278999,0.00091576030383487,0.00020285261718070422,-0.0003188021223005802,-0.0010403588558273345,-0.00045742203972226673
RWA,ssp126,mpi-esm1-2-hr,0.0005063794579162598,0.0020277313014693227,0.002766596953172603,-0.005981492033704338,-0.00024713803455440084,0.0008865680441603701,0.0006475050465027394,-0.0015290949048256074,0.0004222495160801875,0.00023035061885187208,0.00017661032018259323,6.0619192792696916e-06,0.00011416812359450396,0.00017384682416923266,-0.00015440551790132982,5.446051773737407e-05,0.00010167394337210081
SLV,ssp126,mpi-esm1-2-hr,-0.0021208755744947906,-0.0027547497790455663,0.0003393451121092319,-0.001481501390128148,-0.0014005026238749232,-0.001093000886947709,-0.000247179961304371,-0.0015485660207595006,-0.00045074617098487835,-0.0008709875191167395,-0.0008128406515742876,-0.0006903415330468,-0.0007641625452670708,-0.0004784001332000934,-0.0006401719753509446,-0.00035450439503086534,-0.000590583416068935
SRB,ssp126,mpi-esm1-2-hr,-0.07010155443775874,-0.0889306155368608,-0.0034048073887026084,0.011855996940489081,-0.02399481629116287,0.0005016892224375332,-0.027113534157060002,-0.0623353050507945,-0.05481088790456275,0.0021686475109900048,0.006565208525406966,0.0019581995383011782,-0.03953143710375977,0.0022666369592116422,-0.008914590394007197,-0.019314670552964503,-0.012742277275883233
SVK,ssp126,mpi-esm1-2-hr,-0.0006069973963078828,-0.0057685448513735875,-0.0008114899592731598,-0.0007876256719401929,-0.001892811175738557,-0.00017196357922690206,-0.0028324011036280038,-0.0068521442739425086,-0.0003021428169073167,-0.0010548819823555154,0.0002907738771637261,0.0016301015607074676,-0.0021147274097706495,0.001881193029670233,0.00023183176785039744,-0.00023039343138603363,0.0007956266982542985
SVN,ssp126,mpi-esm1-2-hr,1.771706272412068e-05,-0.0005025139210576695,3.1191063312920126e-05,0.0001667657575410107,0.0001123070796292784,0.00017154388700933997,-0.00014228175789606694,6.0181279587980194e-05,0.00019791297910931474,0.0001842336705027511,0.00011162121172238553,0.00025274125735085277,-1.2323349735281858e-05,0.00019892508204789536,4.435319283828786e-05,1.3780977840832222e-05,0.00015053803501084194
THA,ssp126,mpi-esm1-2-hr,-0.000412771002966891,-0.00020013744551699412,6.608847292085697e-05,-0.0002831261535016097,-0.00016863559631919247,-4.391831128257145e-06,1.2789061445603452e-05,-8.78314514489553e-05,-0.00010015162500268528,-5.062190152112551e-05,-5.9235553982492574e-05,-4.387161533630549e-05,3.3730637831052674e-05,-3.888973380342659e-05,-5.4593324209955876e-05,-4.890708554016208e-05,3.790991304156326e-05
TUR,ssp126,mpi-esm1-2-hr,-0.0002760594358515247,-5.719585251923631e-05,-0.00012933911341769935,-1.7859152007244875e-05,-2.8697464401186384e-05,-1.8999100249417375e-05,-6.730086105644833e-05,-5.544572910655929e-05,-3.483937893537482e-05,-3.038386138397383e-05,-2.5194047794732568e-05,-4.551005253651935e-05,-5.986427826768649e-05,-4.2229361208997376e-05,-2.7447958602850496e-05,-6.717455976705983e-06,-1.1489807514505707e-05
UKR,ssp126,mpi-esm1-2-hr,-0.04873389724106538,-0.027167424529197272,-0.04405466508396112,-0.02930981369082003,-0.01823858709629978,-0.014714763278702284,-0.022366786527659197,-0.03807298475015168,-0.01760926951444613,-0.008271681587657224,-0.02023979235268026,-0.018851988776416678,0.005455401197646287,-0.008959577795702178,0.0038883441712959923,0.002652181860341744,-0.004617444604706877
URY,ssp126,mpi-esm1-2-hr,0.06881284556467962,-0.02505302388393839,-0.007266841144320288,-0.014092885224977663,-0.032774549272719,0.0035118520804997746,-0.001606492432572724,0.001382124496992218,-0.0013518287869414211,-0.009758187802391096,-0.0024704135784916464,0.0007795529707671405,-0.010885410097838739,0.0014281707007536557,-0.008983533186764914,0.0015364281888541722,-0.004119492350273181
USA,ssp126,mpi-esm1-2-hr,-0.0067972102244295,-0.04198887274816653,-0.0233325645483534,-0.047234479530458874,-0.012941687236643705,-0.021314716468044746,-0.01501023271357675,-0.011794531929206249,-0.017972449169772094,-0.009986466392563748,-0.014881718970856474,-0.009152775084932821,-0.006637644191344524,-0.0008215506319605517,-0.013077592678895194,-0.017400236506440358,-0.017885420203833893
ZAF,ssp126,mpi-esm1-2-hr,-0.005647235713913402,-0.009616023412685132,-0.004733533778230133,-0.0009579355478690933,-0.001281679113090838,-0.0021823101062476537,-0.0017786363537389844,-0.00034281907435442617,-0.0012143939154442055,-0.001999354682408178,-0.002017835740933818,-0.0034252449020404484,-0.0021447963434375584,-0.001481307476330532,1.2050139190569974e-05,-0.004130722007850514,-0.001314511634960215
ZMB,ssp126,mpi-esm1-2-hr,-0.01077986638078745,-0.017751351801755116,-0.0015211855924602263,-0.00830440229198096,-0.0088828598566739,-0.0056620728502096125,-0.0018695352134728022,-0.0016393987823023442,-0.0026029881375510796,-0.002873772620510788,-0.001216322878297613,-0.0012607818666159644,-0.0007610940209506207,-0.0008539944732420595,-0.0006035175019605587,-0.0011676401098201963,-3.916908293315204e-06
ZWE,ssp126,mpi-esm1-2-hr,-0.02665356521251423,-0.023375111458175075,-0.008086294634946995,-0.00976888396042431,-0.008998392796392377,-0.011280931725860938,-0.003695787166763612,-0.0022207866234036045,-0.004303570180087802,-0.005287479230456709,-0.0020843184765862457,-0.003076282115664919,-0.0016964036699816183,-0.0022464849118078874,-0.001332446160357016,-0.002655081871720267,-0.0007763334487048864
AGO,ssp126,mri-esm2-0,-0.0010766732559426993,-0.0005803353160881159,-0.0002855369980221576,-0.0003283783392713377,-0.0007304636799911023,-0.00045227844729223024,-0.00043124678451964845,-0.00011622801784314097,-0.00023174188255787857,-0.0001401379173091374,-0.00012592155721692305,-0.0001551206732615744,-0.00010302202536903668,-9.126371365558405e-05,-9.64694205880284e-05,-8.399919193426157e-05,-0.000119294708017239
ARG,ssp126,mri-esm2-0,-4.1399619828725754e-05,-0.01891183757647611,-0.0034989669652371073,-0.00986911921755467,-0.0019473451814014937,-0.003542279977725047,-0.0019866114694148222,-0.00020011896600747616,-0.0034166073300905594,-0.0007847656497987132,-0.003396056882280988,-0.0016901227848613361,-0.000886185837169356,-0.001094274252453967,-0.0024984298062828204,-0.0033234376544501315,-5.872585243987826e-05
AUS,ssp126,mri-esm2-0,-8.457319216963973e-05,8.010088087657165e-05,4.955757292800182e-05,-0.0002672475566487584,-9.641438336917611e-05,-6.449458284997272e-05,-0.00011266076846840586,-0.00016647902336411544,-1.2625596504685204e-05,-0.00022255581656219895,-6.987322088862358e-05,-2.2262480608532357e-05,-0.00012089743632337479,-8.837086738899564e-05,-4.7163128345379554e-05,-8.038286049911802e-05,-9.310914230891455e-05
AUT,ssp126,mri-esm2-0,-5.4178128205275865e-05,0.0005781369155293054,-0.00385901740440136,-0.0011598413776601724,0.00022028679327445902,-0.00031732180339390736,-0.0002757801643317406,-0.0025467527885756993,0.00028116608952251436,-0.002167402926268163,-0.0010302656175207453,-0.0008973859920985838,-0.0007623576616394241,9.053368667829495e-05,0.0007544030686108405,-0.0004814172267799299,0.000660507683012245
BDI,ssp126,mri-esm2-0,-0.0003919067355827551,-0.001749770620636214,-0.000374263221524064,4.2931549622449955e-05,-0.00016764607568638327,-0.0002127284075371465,-7.042052260059288e-05,-3.737175776587772e-05,-3.1343956955312885e-05,-5.6262071207962715e-05,-3.4599531640763956e-05,-3.57249899753713e-05,-2.9775644095310326e-05,-2.4264924265530468e-05,-2.391677772654297e-05,-1.8605526011994523e-06,-3.146046590827413e-05
BGR,ssp126,mri-esm2-0,-0.0008433118309603676,-0.001408613318772467,-0.004600523491241652,-0.0015319589466701769,-0.0031502508924710665,-0.0004171229442040897,-0.0010159991443630622,-0.0016319926674306891,-0.0006065458385939379,-0.0017302402777128153,-0.0012037581891289665,-0.0016093740117309528,-0.0015731119817903269,-0.0010312588825528216,-0.00031739953075322956,-0.0006403594093194779,-0.0014546882597483639
BIH,ssp126,mri-esm2-0,-0.005103862330295393,0.0018055784082705853,-0.01716068650315388,-0.0070516988192909635,-0.003622270297343874,-0.00012523404603481002,-0.010052223239592234,-0.011448622725749442,-0.0015983263876590478,-0.005896223596927915,-0.007014752152436322,-0.0015841269974386373,-0.00539958082920652,0.0005933215766494948,0.006182537870013833,0.0048732883197273825,0.007252251454169643
BOL,ssp126,mri-esm2-0,-0.3698753587357229,-0.6708413957045787,-0.20449608451798829,-0.20789419378806434,-0.2987025196914179,-0.11739372594340221,-0.2029649206096211,-0.13991942675461636,-0.10726312393032665,-0.09325512371021745,-0.07600039630903116,-0.04934122975572568,-0.07890643499394272,-0.03605804812403829,-0.07417726892635479,-0.051565521412591304,-0.03475443266489557
BRA,ssp126,mri-esm2-0,-0.119049964025933,-0.12865652766267094,-0.07444414163429583,-0.15286755702355992,-0.11864133800176234,-0.11288844161414192,-0.12778777523767432,-0.0808772908757901,-0.06583386453884776,-0.08002145294333263,-0.0753621930305324,-0.06113559341200906,-0.04558693107194821,-0.028534554806583907,-0.04763068010985319,-0.037306810158209254,-0.03594571101794582
BTN,ssp126,mri-esm2-0,0.0008891784489657786,-8.764931488114342e-05,1.1187828686317968e-05,5.4515083594396015e-05,7.17829594711952e-05,3.7976203670236984e-05,4.637542473136998e-05,4.927705282028595e-05,2.9681838583115833e-05,3.376337098219499e-05,2.6599559121054245e-05,1.9788406770343687e-05,2.561334160696906e-05,-3.910266337303881e-06,2.930845883724755e-05,1.8990060252095264e-05,1.353479836053398e-05
CAN,ssp126,mri-esm2-0,-0.01545903399636474,0.006455868383156442,0.0008090629688996238,-0.0004102965659478421,0.005839264724854665,-0.005860280014845703,-0.0034123636505727782,-0.0017232082285471464,-0.0027964930759192103,-0.003103983642647659,-0.005093465223269118,-0.0006233711526184626,0.0014190483382230368,-0.0021055893701856943,0.0005279350215466781,-1.1655714016495558e-05,0.0016058184253041198
CHN,ssp126,mri-esm2-0,-0.0015680542808747344,-0.013243764571116963,-0.005517277297297208,-0.006637683776986198,-0.007271281323775104,-0.0045601776421681775,-0.002518327814285355,-0.0031911747311587748,-0.004848874204940145,-0.0053050600654000095,-0.0032661536395309034,-0.006382843507343012,-0.004237099052712757,-0.003136849259008843,-0.0021397907666404112,-0.002020094077741741,-0.00265399326932672
CMR,ssp126,mri-esm2-0,-0.0016259284070698134,-0.0013841849918943534,-0.001052113985830896,-0.0009342047177987716,-0.0006932113631632504,-0.00019593687457680422,-0.0004564421765517687,-0.00018058304774259476,-0.00020189226796803574,-0.0001706453493432994,-0.00018279501382897098,-0.00016595743265296824,-0.00016254988125155893,-9.979532738531562e-05,-0.00010446573544489889,-0.00012072239965893751,-0.00017685342206099722
COL,ssp126,mri-esm2-0,-0.0006891973592744342,-0.0017627614813707038,-0.0004556438190568619,-0.000408039228675265,-0.0009240474461441086,-0.0009936002780455825,-0.000884512488457145,-0.0010194897176070558,-0.0003421153052933237,-0.0008984984015834792,-0.00039320311436051635,-0.00045728386466460067,-0.000518553121689148,-0.0006296197732727027,-0.00039699559679119126,-0.00039759002953068114,-0.0002808673698634149
ECU,ssp126,mri-esm2-0,-0.0013189191194625074,-0.0016738209258750937,-0.001750798891831564,-0.0011870992125770446,-0.00165194335057215,-0.001183193392138723,-0.0009352078111171598,-0.0006530297457848081,-0.0006810587523230219,-0.0007404661567085358,-0.00039476815981125384,-0.00027376115362731977,-0.00029353609441156044,-0.00024217871103068676,-0.00037999556235932767,-0.00018920557741437208,-0.0002435388604630449
FRA,ssp126,mri-esm2-0,-0.0006610914144291458,9.4896881224946e-06,-0.0017713667358452766,-0.001028900528556827,-0.0006109009618025101,-0.0006759021381007881,-0.0006709349847953282,-0.0012240401915114092,-0.0003259069435815013,-0.0005351053284229211,-0.0006573403851608324,-0.0006218291495571357,-0.00024363064667965603,-0.0004767524090873489,-0.00036339733422940793,-0.0002502349908994469,-4.058363762231564e-05
HRV,ssp126,mri-esm2-0,-0.003594164232273837,0.012824449879663672,-0.14014346388948784,-0.06853050117220313,-0.001984235845354871,0.004514684638742824,-0.08874955235002227,-0.13725443322445094,0.00718148311898598,-0.04543673590052756,-0.03646830097239941,-0.0022286577333967142,-0.014508621123504227,0.013466058975036445,0.046842673863725634,0.05025197362792138,0.0472606293381631
HUN,ssp126,mri-esm2-0,-0.0018873603283821943,-0.0010823125082524696,-0.004521371592247851,-0.0019205041003641525,-0.0007581053976239629,-0.00028680176875451913,-0.0029993662408655227,-0.0032838467555147835,-0.00029641165707640187,-0.002010250743969342,-0.0016870202935171438,-0.000957546184744068,-0.0005337352842084868,-0.0007482433086819549,0.0010381373941926045,0.0012499858603879698,0.0008917415206471312
IDN,ssp126,mri-esm2-0,-0.0020657429988155947,-0.0017700478186279775,-0.0019499465935740952,-0.0015081203056449845,-0.0013967653910937322,-0.0013898124916572028,-0.001097746613318436,-0.0012995585200182473,-0.0007696267528968217,-0.0008721012534891178,-0.000650861836546117,-0.0004992910094178372,-0.0006013773137744451,-0.0006421233691780113,-0.000630865278316428,-0.00034600831841857707,-0.00039024186359203826
IND,ssp126,mri-esm2-0,-0.05098352287764998,-0.02393887254101275,-0.0035186748403923055,0.004228837930070991,-0.012039781663269635,-0.002604411164074,-0.009102028299104796,-0.008776128800118604,-0.00372222223352879,-0.002260723483893042,-0.0021122563182025982,-0.0031259914693184117,-0.0076703585300694314,-0.004376492017316039,-0.003941907965401037,-0.0025034051465773126,-0.0044864307703043425
IRN,ssp126,mri-esm2-0,-0.0017999443793371916,-0.0006398730327664093,-0.0005005232414014448,-0.0008757187669518859,-0.00041188510554401815,-0.00011492023603806437,-0.0005609647673702984,-6.748224382683649e-05,-0.0004047590559033322,-0.0002998785883898232,-0.0003156380249092551,-0.00023270391906021583,-0.00020406653901618196,-0.0001790284143936166,-8.079465151685197e-05,-0.00020663608851178398,-0.00010196268970721033
ITA,ssp126,mri-esm2-0,-0.0038481346430453817,-0.000743012408442654,-0.004414853772809381,-0.0033587310101896467,-0.0013170692606360084,-0.003352511692148216,-0.002456839351858361,-0.004325542910846069,-0.0012675340343976421,-0.001963837390621978,-0.0016993340748683561,-0.0014191544195234127,-0.001828830367409156,-0.0011469584319447352,-0.0006639540423562479,-0.002327982116932319,-0.00042847893779624505
JPN,ssp126,mri-esm2-0,-0.00046964787931135627,-0.0006056220799459009,-0.0005458953869848237,-0.0007875409226559003,-0.0006120984037115033,-0.0007935761786879506,-0.0006652818757257074,-0.0005930263062054281,-0.0007655761246104804,-0.0007606800105403024,-0.0006118064082479397,-0.000650560767983236,-0.0005974623749021894,-0.00055983097146305,-0.000334769213314074,-0.0004780345352257919,-0.00035138560248259795
KAZ,ssp126,mri-esm2-0,-0.00038527386127255197,-8.766890740618989e-05,0.0005040001782364369,0.0008108598518372327,0.0007523316542453008,-0.0005019527033004509,-0.0012340130101217612,-0.000190451621491983,-0.0004662209083738444,9.165417207360616e-05,0.0005635212023692428,0.0010749652982015693,-0.0009824277559013657,-0.0009269532649609655,-0.00039393736052991145,-0.0006484835004821987,-0.0008736859771641497
KHM,ssp126,mri-esm2-0,-0.016077297284930195,-0.028242936403747754,-0.016204812761648885,-0.013699131615182355,-0.010340602950661285,-0.01201220461378717,-0.0015292750702876959,-0.007546467871548794,-0.002636101504957893,-0.0026324720424637485,-0.002154667734929384,-0.003227275465094572,-0.001598055533558283,-0.0030628139580374907,-0.0012965954405091283,-0.0016832463343730056,-0.0031199653321576843
KOR,ssp126,mri-esm2-0,-0.0013685711739129963,-0.006556590178201374,-0.0021807165945673178,-0.00329348390292032,-0.0033395706539873326,-0.004567255390345065,-0.0021358298044650737,-0.0026381538176779218,-0.003150326506223076,-0.00336615384291726,-0.002790580059084614,-0.002763192118892265,-0.0020627580065012167,-0.0023946973912531036,-0.001406631791708288,-0.0014510563709425877,-0.0024802797456160218
LAO,ssp126,mri-esm2-0,-0.001805755382081413,-0.001990054358586204,-0.0011921079176299384,-0.0016190503956851469,-0.0044835278543923175,-0.0041216633604113035,-0.0035338006372468635,-0.00308778834652617,-0.0011343274308733948,-0.0014060342584085875,-0.0014088606493036413,-0.0020543264565204655,-0.0018074880019163131,-0.0014896575919140682,-0.0014646890426349855,-0.0013625030663209409,-0.0017848464418714063
MDA,ssp126,mri-esm2-0,-0.007883481120893975,-0.023856526428234395,-0.039806564644592035,-0.014067278066545142,-0.023888791124689907,-0.0022845586212595706,-0.00722460145118929,-0.014667115167382418,-0.004220249281059201,-0.01265607490603462,-0.013500875292751324,-0.007850805946904122,-0.002375953444199788,-0.004975016390974819,-0.0006355661575462294,2.0790402097442645e-05,-0.005714675646587253
MEX,ssp126,mri-esm2-0,-0.0007374417867472618,-0.0013956775003449576,-0.0009941485196752256,-0.0010055713269724923,-0.0007785320314660247,-0.0006627249741872016,-0.0008230118884170035,-0.0006916619317359212,-0.0004801923449126471,-0.0006431452136471459,-0.0005580898639464418,-0.0004944432057510015,-0.0003588096580544181,-0.00023234267866847414,-0.0004544677805169297,-0.0002104864085713305,-0.0004934027916428439
NGA,ssp126,mri-esm2-0,-0.009370007793663392,-0.0029805133058795202,-0.0026756883722438675,-0.002803110199991324,-0.0022843403250788746,-0.0006943717410465433,-0.0011010337678753648,-0.0005048820210897445,-0.0006225110881462982,-0.00044745166952158837,-0.000466245229427609,-0.0004459682953303403,-0.00035283031894118856,-0.00025428195666912524,-0.00019181362386197883,-0.00024505728064331167,-0.0002573155123462021
NIC,ssp126,mri-esm2-0,-0.007854053459624338,-0.0037708159259080957,-0.0020537363629083557,-0.0008803804506246503,-0.0003141702383849718,-4.283954657502478e-05,-0.000778903696790612,-0.0015886887875165472,-0.0007634175189671764,-0.0007295907533524635,-6.160018984699773e-05,-0.001097179200282978,-0.00012687854548197884,-0.0005149883832463738,-0.0008918793343210619,-0.0004731113411393313,-0.00028844161153514876
NPL,ssp126,mri-esm2-0,-0.0258025286086959,-0.0017075982342021636,-0.0016560963060155316,-0.002652357634807422,-0.005717672268513096,-0.008362753378842605,-0.0025896572542156095,-0.0010766274939329335,-0.0011854852044922216,-0.002689228751261604,-0.001601905285830262,-0.0013511038878246118,-0.002260651025160822,-0.0020950378587209382,-0.0008598593930559254,-0.0019108214117405668,-0.0019362564460695445
PRY,ssp126,mri-esm2-0,0.04359187123612994,-0.4437273186511993,-0.0011004109657579884,-0.23582194058339467,-0.08786719346176018,-0.09692936129798531,-0.22136132167936973,-0.10764194844253022,-0.106257606181759,-0.07208135063926399,-0.06621592563822552,-0.06274527095566895,-0.05656319298570538,-0.040715838963409294,-0.10172002271599864,-0.08367975944235083,-0.02500446027990911
ROU,ssp126,mri-esm2-0,-0.007172978562371664,-0.007525493799309333,-0.014810121669197766,-0.0059038628250330715,-0.010828985176474347,-0.0025342236829587355,-0.004867041298746258,-0.007611896727313347,-0.0032566334411052965,-0.007546429601072836,-0.007078813732725779,-0.006983121955653999,-0.0054261170191223715,-0.00504346366470789,-0.0022599166960328917,-0.0027988545359226825,-0.005569821672146301
RUS,ssp126,mri-esm2-0,0.0017056696951247424,-0.007755951748033714,0.0016739285191613188,-0.0035233987518163237,0.0014664337540339935,-0.0003423512652629429,-0.0004319651479505244,0.0012017853433534712,-0.003546273095863681,-0.0018938863426573968,-0.0011481318009228503,1.0828500159841393e-05,-0.0009640132576728471,-0.0009837293253244842,-0.0017496738565478994,-0.0018916658657078525,-0.0014580995639789844
RWA,ssp126,mri-esm2-0,0.0013069602859667887,-0.005583227821964773,-0.001320373008162223,0.0027002146662767246,2.982901093514789e-05,-0.0012977256014869403,8.225578800848377e-05,0.0002193685047231659,0.00012073643651007943,-0.0005166645455248766,-0.00020196917042771,4.285267463768693e-05,8.328935042597759e-05,-9.44974265970156e-05,-0.0001329153289210777,0.00014452579716699854,-0.00014476290476898813
SLV,ssp126,mri-esm2-0,-0.0021601540772937596,-0.0024018161566712838,-0.0014555143736269234,-0.0012851438176680837,-0.0007131106926178856,-0.0006179553189156394,-0.0015647811131134987,-0.001902594123668735,-0.0010446380329018896,-0.0009341331729181816,-0.0005102955498870679,-0.0013171558017905955,-0.0004568458487061627,-0.0007607280110184975,-0.0006261429111336747,-0.00038605080058752144,-0.00025193167821931155
SRB,ssp126,mri-esm2-0,-0.030585103591613334,0.00965235146135223,-0.07470948097285791,-0.026469477264040673,-0.04365473842787963,-0.0017939344649201012,-0.03774493787203252,-0.03374643868530561,-0.01648412710482445,-0.03911544908551095,-0.032649689070515395,-0.011187992675749795,-0.029471221877859867,0.002255398887359103,0.017586326121503466,0.0062198743617485315,0.0027774818359878137
SVK,ssp126,mri-esm2-0,0.0025061683923171497,0.0017078384300635756,-0.004701768550855849,-0.0014044513596064674,0.0015238540109078662,0.00034451098428083194,0.0010381955104407999,-0.002844978445399706,0.0010304580476554952,-0.0028275142190593875,-4.3128607094267115e-05,-0.00022326353522524525,0.00031330533348052845,0.0012195467242245648,0.002358572678411397,0.0012821900224989256,0.0017978316725779802
SVN,ssp126,mri-esm2-0,0.00027403871854187817,0.0003612214841910144,0.00018376155413556903,0.00016987714694177583,0.00024972490137105277,0.00021558859771798796,0.0002880823005205377,-3.700379280866755e-05,0.0002693519548475082,0.00019678460506348183,0.0002592344474207886,0.0002775678218480459,0.00011664443305865647,0.00023762354351283222,0.00025535997502655134,0.00014995534806596349,0.00025158462746230944
THA,ssp126,mri-esm2-0,-0.00012963388475212173,-0.00027239561635236296,-0.00022928315296951644,-0.0001550725558343088,-0.0001518791904186645,-0.0002556863790175012,-0.0001214993739103901,-0.00013981239244991326,-5.786021509243999e-05,-0.00010249965581167802,-9.200850025030615e-05,-0.0001415766702310181,-0.00010747164573323072,-0.00010863238779092634,-9.824139133922297e-05,-0.00013728305093002567,-0.00017775074297121977
TUR,ssp126,mri-esm2-0,-0.0003278043743877222,-0.00019249982440559642,-0.00016085615623729683,-0.00017176497041900734,-9.006758656035701e-05,-6.139294156075221e-05,-4.055777800069776e-05,-4.113750792027544e-06,-7.418065709431976e-05,-1.925910344865548e-05,-1.3125824534369733e-05,-3.108089308986831e-05,-4.8051679633540246e-05,-3.373769266659705e-06,-2.3051164781518854e-05,-6.6565859994137e-05,-2.3933858928438194e-05
UKR,ssp126,mri-esm2-0,0.01405139778343769,-0.0840447675004621,-0.10192086031509677,-0.03567015167818056,-0.030665808598652346,0.00031789291160343587,-0.02123917970773714,-0.017340212988979548,-0.002730135572929244,-0.01522803673327721,-0.029716300516524217,-0.0001186411262030293,0.00041021329897542865,0.00830363103355377,-0.0035429972703030946,-0.003126744833265319,-0.019619580853225457
URY,ssp126,mri-esm2-0,-0.0035606088616908773,-0.0666420059435675,-0.017427698753367353,-0.037444129283881675,-0.019746552649383083,-0.015836194396585405,-0.005136439227975277,0.007474037734322173,-0.01465829337404792,0.005796508784553779,-0.02244362931765297,-0.005555450162123749,0.0011810123019828963,0.0009038426352817985,-0.004672393294479886,-0.024330958918063254,-0.007647656735852787
USA,ssp126,mri-esm2-0,-0.00719599977345357,-0.000533428152019315,-0.020815610294319845,-0.04075618631325474,-0.016980008426696024,-0.020464288295896155,-0.019443262371636256,-0.018473515510194865,-0.028266493699643402,-0.01299492267951534,-0.025908073792372994,-0.01111760880924126,-0.01384299575282598,-0.011469521704089445,-0.007871657652613322,-0.00646694287712598,-0.008449121335138511
ZAF,ssp126,mri-esm2-0,-0.011812148495403997,-0.003232397113093555,-0.004518072000047858,-0.010873713376745937,-0.0014203629139679286,-0.004921601349623556,-0.003127245627851379,-0.002941972545670256,0.000790733985345873,-0.0011275592691427124,9.21075449182637e-05,-0.0014701851624217273,-0.0027041531393717823,-0.0011487633422890724,-0.0014556189080817137,-0.0014356214423194601,-0.0017384006096702815
ZMB,ssp126,mri-esm2-0,-0.01257616392022553,-0.04074651414152331,-0.008612886058370817,-0.021091179591347653,-0.015773430950679176,-0.009354153822284826,-0.007220117908056954,-0.0025818479784421944,-0.0019520360403541346,-0.0031250209333578095,-0.0019580483531565582,-0.002123527497634063,-0.0008188315099409261,-0.0018408937154377465,-0.0011821676784097563,-0.0001032643772627506,-0.0013763386779191058
ZWE,ssp126,mri-esm2-0,-0.049561665996669654,-0.06005149029423969,-0.012980124839811983,-0.03550716903820242,-0.01869727199119448,-0.017899521401781703,-0.014274886337020742,-0.0031668162293974657,-0.0011684501462585583,-0.00607092057998832,-0.0031265047799436583,-0.005244605356425021,-0.0021943037485014413,-0.004137069513897198,-0.002890882404915358,0.00017929275318312373,-0.0038067077554351293
AGO,ssp126,ukesm1-0-ll,-0.002743681967302164,-0.0024657588533749187,-0.0020557288637146616,-0.002045096965498564,-0.0007965048490200403,-0.0014239631455820808,-0.0008884134519812415,-0.0008626128517947883,-0.00038314916586771545,-0.0003595032051764047,-0.0004232514962819797,-0.000324223343285416,-0.0003009891481765566,-0.00021372901394629262,-0.00021237365706439868,-0.00019322629303514276,-0.00018169777360648243
ARG,ssp126,ukesm1-0-ll,0.027468926691875305,-0.011380287262431952,-0.010362523713741053,-0.0003422589216027683,-0.004677527737875418,-0.003801942134251752,-0.0004190645382390295,-0.0037632105219761397,-0.004007115443205098,-0.005354073440500935,-0.001800654503059905,-0.00503640548460509,-0.0044771836179393,-0.0033043531407687963,-0.00241603967934822,-0.002964507196971289,-0.0015748875074488601
AUS,ssp126,ukesm1-0-ll,4.757047999319467e-06,-0.00016777756870834946,4.2378239237642066e-05,-0.00015432284330688806,-2.0810228813169647e-05,-0.00022327015531851247,-2.842988644921005e-05,-0.00018313575488880635,-0.0002339406189531902,-2.6488086466364597e-05,-0.00023947481049483343,-0.00010347641275291064,-0.00015452083560604224,-5.5585787103961636e-05,-0.00012607586581729594,-9.665106615185767e-05,-5.9024069973372124e-05
AUT,ssp126,ukesm1-0-ll,-0.001816034212377379,-0.002205979285848802,0.0011160214253532134,-0.0051391987832491645,-0.0028142913825114674,-0.0023385970943557363,-0.003985083507992224,-0.003273577208759401,-0.0026709524636834123,-0.0032049103171304153,-2.6735335224703357e-05,-0.0044848839451914506,-0.0007025147138436097,-0.004046401239802756,-0.001356033334343178,-0.0014655959733047977,-0.001495487536986219
BDI,ssp126,ukesm1-0-ll,-4.31791324713356e-06,-0.001855379314015157,-0.0012228032422724883,-0.0009944936509721529,-0.00021435287057391033,-0.00018000891127367628,-0.00016810490061121874,-0.0003414790468758537,-4.444943800168976e-05,-8.675146853704664e-05,-5.9528790633292766e-05,-5.300430408009684e-05,-3.5977252815729104e-05,-3.7032457950424646e-05,-2.529433474625476e-05,-2.655253479195145e-05,-5.589924154210731e-05
BGR,ssp126,ukesm1-0-ll,-0.0031719317262604873,-0.0035621316798284666,-0.0006464489454347977,-0.0022257893704223275,-0.00203429970892157,-0.0017469361850192397,-0.0014137937747855317,-0.002124007654935675,-0.002165278487696632,-0.002678184495562788,-0.0011090796797548375,-0.002865909828114137,-0.002614151874144422,-0.003139352925710517,-0.0014891951754126126,-0.0019573305605763403,-0.0019749959233982682
BIH,ssp126,ukesm1-0-ll,-0.011104135898113118,-0.021794931324976858,0.0018773389649946637,-0.008867716050049391,-0.005242783072722369,-0.0077897647092329825,-0.012669607676368214,-0.01332205135168596,-0.004929735962827659,-0.015993081347251373,-0.0036750857185337935,-0.025099128949002743,-0.01050978305287293,-0.025264490639890596,-0.01477438197665496,-0.020359049429850253,-0.01907699747407614
BOL,ssp126,ukesm1-0-ll,-0.4015305639491872,-0.5447398421358889,-0.37685665633156556,-0.4575405545329394,-0.34547151780518004,-0.38522754019302446,-0.20266123816712486,-0.24526078811734586,-0.20354082332608697,-0.13835510487193922,-0.10287993975973554,-0.13126867928104655,-0.12961502032485364,-0.12059549082310088,-0.12711550625696502,-0.0788056841936961,-0.10663463845492764
BRA,ssp126,ukesm1-0-ll,-0.12135804990025822,-0.1419190074803177,-0.1702250033310307,-0.14200869930602536,-0.15379079493259462,-0.22322504602228155,-0.1490429332521461,-0.1535778785169446,-0.11819418406358306,-0.11857948845224561,-0.11234884630036589,-0.12225320119183304,-0.1197463054667762,-0.11005940398461202,-0.11168572180100715,-0.07673972534945189,-0.07985807995814811
BTN,ssp126,ukesm1-0-ll,0.0012648615520684781,0.0002385294715406762,0.0001446813606302192,9.114273214845906e-05,8.032709895032193e-05,2.332487005703952e-05,5.088259842194067e-05,4.0796118437304174e-05,4.562590954791508e-05,3.0023301725143673e-05,3.3074374601743493e-05,3.482081313481178e-05,2.9109168128865555e-05,1.084814340693131e-05,2.595622242184229e-05,2.498115914194322e-05,2.3670214907127256e-05
CAN,ssp126,ukesm1-0-ll,-0.021704920418466476,-0.002503991257526817,-0.00901680924189985,-0.014261659059716561,-0.029780326612767027,-0.01973239960638748,-0.022350855560275357,-0.024577485032444443,-0.00979313297376893,-0.021503815107418254,-0.01392274845610807,-0.010051558335841867,-0.013078612454532894,-0.004429529113797193,-0.0161040944600966,-0.007302714532943151,-0.014287232147308168
CHN,ssp126,ukesm1-0-ll,-0.007231614468950373,-0.007246015349997282,-0.0072404997442032,-0.010218094533440428,-0.006007225802914862,-0.007727548054506351,-0.007143910503723021,-0.006979820940708228,-0.006245035661605311,-0.004294408692728364,-0.009482762730156899,-0.008056195042741916,-0.006308736147479287,-0.007959245402144868,-0.006666542671188161,-0.006558508206167,-0.007087543715623828
CMR,ssp126,ukesm1-0-ll,-0.0014274931482376068,-0.0014252252110727474,-0.002348138676180737,-0.0018270440811160244,-0.0005066802436312993,-0.0006537179262343738,-0.0006994591557652109,-0.0005793893110189838,-0.0003167596114918434,-0.0001443372677652476,-0.00025857630597804515,-0.000279117714729879,-0.00020790653536334496,-0.00022115806789481217,-0.00013445807911779208,-0.00014412390963886726,-0.00011870399274641199
COL,ssp126,ukesm1-0-ll,-0.0009209403823375417,-0.001742068541460512,-0.0014648491609800837,-0.0020828698079828015,-0.0014874295491951032,-0.0027685775223563747,-0.0018269168146294733,-0.0013198215459777913,-0.0006568336395021447,-0.00021731972707870104,-0.0010499172595342511,-0.0006767504982966986,-0.0011202252826015492,-0.0011267866851748423,-0.0009416328739065672,-0.0006928073780647416,-0.0006723549559778065
ECU,ssp126,ukesm1-0-ll,-0.0019344181203373126,-0.0030387232740535287,-0.0030071893406601697,-0.003272024014217262,-0.001984602878905913,-0.002990644617703209,-0.0018448707866547517,-0.0017464899277293809,-0.0013658991834635628,-0.0008534026023883687,-0.0012534855154844834,-0.0010326650583456116,-0.0007809879057902509,-0.0007460618679258143,-0.0006439405002226203,-0.000629160318282911,-0.0007032954446317578
FRA,ssp126,ukesm1-0-ll,-0.00024274509509348603,-0.0007130944010687659,-0.0010202779125642095,-0.001984790061808582,-0.001638138126779911,-0.00044186674665897593,-0.001260931319373204,-0.001263861350969497,-0.001429365233836837,-0.0005283005988793371,-0.0005318303107735859,-0.0010324299330122045,-0.0005139011207459614,-0.0010523852936588128,-0.0008527735418229053,-0.0007246044203427431,-0.0006559478303813905
HRV,ssp126,ukesm1-0-ll,-0.01492350555369878,-0.16318095044870884,0.04791733763758362,-0.08162016947609814,-0.04344867337187065,-0.08856069540282267,-0.1428232081875732,-0.14453615610805826,-0.03395546213583565,-0.1656365143201032,-0.025631715120092633,-0.19902755844780196,-0.04986250815087649,-0.14798295288123084,-0.09509829996778814,-0.09222139904704732,-0.09802157514176178
HUN,ssp126,ukesm1-0-ll,-0.005145104057768392,-0.006546035360114405,0.0012366310362972627,-0.0034205003412776003,-0.0018159006939660628,-0.003384870649581825,-0.005446506814901337,-0.005298491318285474,-0.0011592902381288598,-0.005385372876124897,-0.0007599336529915223,-0.006545472366045541,-0.00162823887495975,-0.005445866654409131,-0.003199905052841927,-0.003321990384118022,-0.0028749545365516324
IDN,ssp126,ukesm1-0-ll,-0.0018923402011496494,-0.0024814424632849524,-0.001551784177318757,-0.002136812969095641,-0.0016819318899203809,-0.0019206247910849125,-0.0012495414289473066,-0.001027853917948189,-0.001345433558282597,-0.0006468668132049624,-0.000952426364394566,-0.0006950370419257507,-0.0006675808377700897,-0.0008131853740437977,-0.0004945383077674246,-0.0006250097250124506,-0.0005431325511094286
IND,ssp126,ukesm1-0-ll,-0.023558207879010324,-0.010400554116728952,-0.0020544479256519883,-0.003739418402491039,-0.00605953952194561,-0.005182628546418108,-0.004851062084305707,-0.009511765130366638,-0.0034745333924335576,-0.0029754804516926837,-0.005030859127514411,-0.0025371755457227587,-0.0030296294348778285,-0.0033445660324992,-0.0010356395231179442,-0.0008146391409384519,-0.001382371417309429
IRN,ssp126,ukesm1-0-ll,-0.0018727321442194597,-0.00076262247359528,-0.0009490228396127756,-0.0004325528317634956,-0.00037992362366778804,-0.0005822817918375906,-0.0005557443643474903,-0.0002971373052144418,-0.00046347482198101127,-0.0003605829143369551,-0.0002849009166100155,-0.00031286700129519484,-0.0003042491653121252,-0.0002082333479091642,-0.00022136935519187612,-0.00017969982754312657,-0.00025966056694479514
ITA,ssp126,ukesm1-0-ll,-0.0011017093256719206,-0.004218814175298149,-0.0012856753394654536,-0.0038055503125924415,-0.004774262349113904,-0.003035025277524876,-0.003417684133743959,-0.003772164691507017,-0.0037903850191923845,-0.003159649416480983,-0.001892843441935329,-0.003671424369048724,-0.002116292845886338,-0.0037525240654725954,-0.002548835035220992,-0.0020218573682140866,-0.002028311076378764
JPN,ssp126,ukesm1-0-ll,-0.0007465313438905208,-0.0013758984466059633,-0.000988141319631851,-0.00104583797593538,-0.0009212645179588993,-0.0011399147949826165,-0.0011484879206728677,-0.0006480293201376204,-0.0012918611516444113,-0.0010843050498731393,-0.0008017604367230223,-0.0006217665778420379,-0.0008797815129102304,-0.0011128703818286982,-0.000564286771686405,-0.0011570573655958,-0.0010026450183011418
KAZ,ssp126,ukesm1-0-ll,-0.0036076002540888154,-0.000467972095408178,-0.0016626358944423904,0.0015395729942723846,-0.0007548210575002999,-8.22880978833383e-05,0.00016804752837613744,-0.0010641429726684208,-0.002266032048989018,-0.000983631317157298,-0.0014589972265157617,-0.0003452546186465326,-0.001174748483446285,-0.0007714772354944997,-0.0018630405195867615,6.927036627856182e-05,-0.0006804135773597723
KHM,ssp126,ukesm1-0-ll,-0.015400410224331888,-0.042961254207867665,-0.015084530489210544,-0.01838037071937897,-0.019355488155320056,-0.014554594839476227,-0.005559529522817377,-0.008517653989035505,-0.008278658135478904,-0.006904120910317402,-0.006118513238789686,-0.0036288780721336128,-0.003729863852165339,-0.0024938565290368512,-0.0030029112776492665,-0.0029781659252863407,-0.0026990220785405774
KOR,ssp126,ukesm1-0-ll,-0.00039660255853548703,-0.004700978044092883,-0.00407240351892027,-0.005517091235377367,-0.0033832660492213998,-0.003967915805614128,-0.0031400623044698602,-0.002986316052508494,-0.0035725344420148475,-0.0029659319853149496,-0.00551718402538621,-0.003688811367487559,-0.0038298045149820614,-0.004246648291347156,-0.0028649064366556634,-0.004031029139923564,-0.0034324289208331306
LAO,ssp126,ukesm1-0-ll,-0.01695338059409733,-0.001949571610660319,-0.0030352011146162223,-0.0016935240361754202,-0.00334986760571155,-0.002209375412570494,-0.0016640909451002472,-0.00163525626982389,-0.0017682382081241068,-0.000774114691648095,-0.0025248619983389738,-0.0015794025876569647,-0.0006449840275848797,-0.0005191297628229139,-0.0014003656826055988,-0.0006741840655811804,-0.00107481446068723
MDA,ssp126,ukesm1-0-ll,-0.0527458168150129,-0.02608006575547165,-0.002365006928309049,-0.021812129636535116,-0.013318801933179237,-0.011214965214806383,-0.005826866129845013,-0.0165499126971729,-0.007784719942010671,-0.015575568197989971,-0.004880109102344233,-0.017063663029773808,-0.010925367981963112,-0.014403935084700463,-0.0038232775168344432,-0.010976555656930129,-0.012083057307858374
MEX,ssp126,ukesm1-0-ll,-0.0007213958488945144,-0.0013347499394349657,-0.001490227597302831,-0.0009602240200044202,-0.0006938922457462759,-0.0008659986638759589,-0.001011228911177674,-0.0008949349475868614,-0.0007683903284402628,-0.0005128236262938567,-0.0006979614502947108,-0.0005766540114071053,-0.00041180895820024625,-0.0006527332077266568,-0.0005470904506451205,-0.00042427805551384503,-0.00039401961406296927
NGA,ssp126,ukesm1-0-ll,-0.008772530408987542,-0.003143455683544338,-0.006598904962497217,-0.00621657839534759,-0.0020048204401139362,-0.0014133310590343509,-0.0015463315264704345,-0.0020263094630063386,-0.000934679288902724,-0.00034763537835419487,-0.0007063302609770149,-0.0005460238943750404,-0.00038168720597058176,-0.00036972841549981147,-0.0001907874580132938,-0.00025352168655576736,-0.00016800618236454215
NIC,ssp126,ukesm1-0-ll,-0.01940730294169724,-0.005450723005629547,-0.0014927999502232267,-0.0042172275917389465,-0.0029662863904796354,-0.002440083054730314,-0.0032880109944633277,-0.0032664059505317007,-0.0009449529156924069,-0.0011109078398029153,-0.0010936863711230183,-0.0019670990664096043,-0.0005363760773527906,-0.0013727113012294845,-0.00046933637818567033,-0.0007194144775740354,-0.0008523459592690143
NPL,ssp126,ukesm1-0-ll,0.000417599228827351,-0.007957646505286306,-0.0020071118682802548,-0.004504393811262205,-0.008106692948308283,-0.002064850674403223,-0.0031054940409444907,-0.00333841202660066,-0.0016731929717747188,-0.002485980773837502,-0.002669674173218937,-0.0011438616636102023,-0.001434922506125273,-0.0014232308283135082,-0.0017897564680421198,-0.000672503606009907,-0.0021080306538223026
PRY,ssp126,ukesm1-0-ll,0.10806761109322587,-0.45983902627352874,-0.40416503422804323,-0.07442545585517295,-0.32719447478296015,-0.30342968699072653,-0.12106974520468634,-0.18458511987499074,-0.07801242801767777,-0.16010632673448805,-0.057004875624976636,-0.2345836209018484,-0.20342421744395778,-0.15057080706112644,-0.18322091867858764,-0.0985209006627833,-0.10174414897859232
ROU,ssp126,ukesm1-0-ll,-0.02411115534293957,-0.014167576397453002,-0.005205585016371182,-0.010161897926540339,-0.008665739458726817,-0.0068373085638424105,-0.006608261418082057,-0.010602264635792837,-0.00834579458323505,-0.011304829135433497,-0.005071424430783115,-0.012972113182393809,-0.009787111944998435,-0.013159470814910491,-0.006398066432398262,-0.0104048201962231,-0.011022024562345951
RUS,ssp126,ukesm1-0-ll,-0.010943413092977118,0.00023576461108646595,-0.01136402334031808,-0.007390090188722978,-0.004502604660103746,-0.007890370191740359,-0.005034597875191112,-0.0020168290036697086,-0.0086290245926111,-0.005604925615481888,-0.010075386647957506,-0.008656562875753697,-0.004332820975067641,-0.007200030758937135,-0.005050857332718514,-0.004662645778521048,-0.004822809959413605
RWA,ssp126,ukesm1-0-ll,0.003326489813286041,-0.0036736292117398495,-0.0011900831134406627,-0.005200447346994103,0.000411488070624663,-4.9769047858783896e-05,-0.0009671914959606905,-0.002505053067371834,0.00019938983393745548,-0.0004606498098817228,-0.00027336485483076304,-0.0002697606836401328,-0.00014405848562457183,-0.00010986565408671382,4.1482688340745957e-07,-1.9544667306042808e-05,-0.0002721959567732657
SLV,ssp126,ukesm1-0-ll,-0.006302998725101826,-0.004448963567791398,-0.001939916766124974,-0.0027958908236710663,-0.002992533718308593,-0.0019067651976538763,-0.0019054486052472166,-0.0025486519784324656,-0.0009169741469718169,-0.001496341668302557,-0.0008697818311606385,-0.0019495752560017604,-0.000619338021793076,-0.001294832918159976,-0.0010991734235730655,-0.0007531503557348741,-0.0010967035405774434
SRB,ssp126,ukesm1-0-ll,-0.09455711553532348,-0.07612777792829183,-0.00023067417095180346,-0.04701112335733522,-0.02509345904249326,-0.03825774008054313,-0.047223453798615256,-0.05463096774311536,-0.03302322449621663,-0.0602165105033451,-0.013204460121433696,-0.08613983699547209,-0.03642246595554228,-0.07288904274378442,-0.02212030114215222,-0.043618879702179945,-0.03642445193831836
SVK,ssp126,ukesm1-0-ll,-0.0015920407557527658,-0.000705435921915894,0.0033531759119921926,-0.006109853222897265,-0.0028003426401729836,-0.002849595877339002,-0.005066524212392254,-0.0022184509968406567,-0.0033014603940510674,-0.0036418481058393916,0.0007197510199509506,-0.006072091758815837,0.00018814485260096808,-0.006119966172724482,-0.0007642789771159119,-0.0014875024190859583,-0.001863783257226244
SVN,ssp126,ukesm1-0-ll,0.00028570997380899306,0.0001810779266585717,0.000369893368283556,7.363809919274747e-05,1.8558703492715458e-05,4.327315832375909e-06,0.000136611550368397,1.3291574945359751e-05,0.00016447980195596532,-8.255234468516331e-05,0.00017930872723609037,-7.084428981155717e-05,0.0002495722566381968,0.00013254061171027028,0.00018540540613103397,0.00017074000052204322,0.00011236161987237911
THA,ssp126,ukesm1-0-ll,-0.0009833636481538907,-0.0003959492011512357,-0.00034801677637621856,-0.0003419550966177511,-0.0004313039591421285,-0.00032847036760855745,-0.00025545792445390086,-0.00028181426941969377,-0.0003050283038516502,-0.00012517781648575292,-0.00028874937040106175,-0.00022050050531471568,-0.00015492373688742958,-0.00015268282860661376,-0.00021510351687424568,-0.0001516674977271769,-0.00018297473279159054
TUR,ssp126,ukesm1-0-ll,-0.000559163270794074,-0.0001325286638658911,-0.0001161644176375914,-5.365190467751178e-05,-8.470054890928299e-05,-7.808743209503835e-05,-6.543196765459597e-05,-2.635301634365647e-05,-7.087391007510818e-05,-8.775023186417916e-05,-2.9011033208956934e-05,-4.453082905917544e-05,-7.371223281592131e-05,-4.165015180059427e-05,-1.0120185480712384e-05,-2.187828578158788e-05,-8.952111344268641e-05
UKR,ssp126,ukesm1-0-ll,-0.18295431531312883,-0.08322638014131976,-0.007814509824777093,-0.04353678846510055,-0.040413848071407764,-0.0364198040111945,-0.017810907949510107,-0.037415665739832384,-0.016497056354865623,-0.04267035943507044,-0.016698285884186218,-0.04316847504985521,-0.025660329171512244,-0.043829412597607545,-0.010128402518061397,-0.032859375798938,-0.03400951655306523
URY,ssp126,ukesm1-0-ll,0.04778661102423433,-0.03963547589111972,-0.08898673420969096,-0.0048873917952651615,-0.02790659717843329,-0.0006929694061245691,-0.007288518277974417,-0.017367990172345076,-0.015994455777680123,-0.02905893889461963,-0.007251161330685387,-0.021847788643590344,-0.025764419790271983,-0.013371298251464676,-0.013135899374566481,-0.011478806063648433,-0.0017517771879443469
USA,ssp126,ukesm1-0-ll,-0.04618380907786679,-0.03568705263095971,-0.05338719950081293,-0.05587004580031529,-0.07343859120078952,-0.05179157709416908,-0.05162850048147884,-0.04312181709612153,-0.029356245651253842,-0.05217621803554191,-0.03651980948290419,-0.026737673503399065,-0.042366656462926186,-0.04326746988001946,-0.044747498918026284,-0.036280783007211805,-0.03793634854347541
ZAF,ssp126,ukesm1-0-ll,-0.00564094832943982,0.0015231743297513599,-0.005744321770776264,-0.01415185623611766,-0.007570366031462988,-0.013237742185133924,-0.0032852499201851747,-0.007819907898848507,-0.0066860226588645886,-0.0022646827431454745,-0.006174054877230336,-0.004643545807413814,-0.00298355360246751,-0.003981089223371674,-0.0018124800421217154,-0.0034881803255369663,-0.004353096639543146
ZMB,ssp126,ukesm1-0-ll,0.001997406787521372,0.005743089698367379,-0.010789841328027903,-0.011777311037427178,-0.018545931663289723,-0.005240185333328432,-0.004484299610465809,-0.0016945848279739557,-0.0018467196519439029,-0.0013584685242335635,-0.0019209529240905158,-0.0021239274273124093,-0.0010000721283275758,-0.0011654609280293618,-0.0003755030617460042,-0.001122670004487108,-0.0003931320728769662
ZWE,ssp126,ukesm1-0-ll,-0.0029165202425342467,-0.004987526473046664,-0.021100384543534318,-0.03744480610852856,-0.028355021617936835,-0.017034882543022718,-0.0049390728357495035,-0.005536756917614185,-0.005776474151197679,-0.0009058676415904185,-0.0032803338227993467,-0.0061542862965025475,-0.003597908012636923,-0.0035095309530667456,-0.0019339440056859035,-0.00296080772443292,-0.0032924605840093267
AGO,ssp245,gfdl-esm4,-0.0009756499170612472,-0.0012145193473600499,-0.0009864315780641073,-0.0004880088772622897,-0.0005744139902978321,-0.000978010320312286,-0.0009406557307977895,-0.0005476722277930433,-0.0005582017660301988,-0.00040062466273747837,-0.0003592608197338667,-0.00021571854708241648,-0.00036256011258700694,-0.00028412586359239837,-0.00022132177987247844,-0.00019227978420214935,-0.00016812588835546892
ARG,ssp245,gfdl-esm4,-0.07687849392459702,-0.0027432115616598802,-0.006070418776340158,-0.003258965351298067,0.0006133611041768693,-0.010664530163960849,-0.004617081372813296,-0.0026743553238534803,-0.00320165195674872,-0.0029817155041954456,-0.005667549135869301,-0.0033348004942194962,-0.0027837196827053025,0.00015435061793015896,-0.0012697712569381034,-0.0007201361397966745,-0.0014869256339292123
AUS,ssp245,gfdl-esm4,7.94137307546937e-05,-0.0002152998895406981,-6.757926920931578e-05,-0.0003053609240697968,-0.00014429178100964303,-0.0001328449575167199,-0.00014964543796098297,-0.00021029250427214067,-0.00019344869320533857,-3.721015171438083e-05,-0.00010588116049027134,-9.551954879915131e-05,-6.737316924180454e-05,-2.3293701218159044e-05,-8.718097232864948e-05,-7.979281131002731e-05,-0.00012926997878578183
AUT,ssp245,gfdl-esm4,-0.003257688704296296,-0.00013048319637340146,-0.0034792692654487677,-0.000260494644865816,0.0006563274876274455,-0.0036734519066977988,-0.00042654353752255184,0.0005499810149505994,0.00027799992831473814,1.8925250126679098e-06,-0.0028243839081413856,-0.0002852427457531618,0.0003340611470998915,0.00011652984389612957,0.00047819772470200563,-0.0005565629938749792,0.000222168584896258
BDI,ssp245,gfdl-esm4,-0.002970511372121242,-0.0008534403860170588,-0.001289332730578587,-0.00033038813693776905,-0.0003701090776587681,-0.0009470762125159178,-0.00020786147956948693,-5.568063757272393e-05,-0.0001085383226164916,-7.423630678251016e-05,-0.00010488003864753354,-6.224622713477549e-05,-7.950926011122818e-05,-6.817259540000143e-05,-2.8383023650932394e-05,-4.4636565648117495e-05,-6.35919190723077e-05
BGR,ssp245,gfdl-esm4,-0.0017304996725361706,-0.0014354391894130809,-0.0023245558739547322,-0.0006811027244222499,-0.00015163881316575834,-0.0008155337378455076,-0.0005082016767539402,-0.0006931084447760498,-0.0006168022158414791,-0.00176026014015359,-0.0009315727397453256,-0.0006749680687631789,-0.00132610667926662,-0.0021156946439051657,-0.0018731488363807171,-0.001284142322942606,-0.002210437099878216
BIH,ssp245,gfdl-esm4,-0.010195018689266436,-0.0033862685384306625,-0.0023988514018103545,-0.002734714511481119,0.001287876622632053,-0.009661050003353551,-0.0014392970010378948,-0.0006787797272478253,-0.002112168418305547,-0.007975282608417138,-0.018317033140645006,-0.006031146230403467,-0.001223510507678274,-0.00485579464029935,-0.008191942835297283,-0.01893939068375788,-0.02077326223057009
BOL,ssp245,gfdl-esm4,-0.2582524669821617,-0.0693514626945244,-0.42278243707870683,-0.36947207918464403,-0.24380771054910508,-0.2108549627139347,-0.10431134148661851,-0.17926523796752425,-0.1895138921476698,-0.101494475463069,-0.1585909793704804,-0.18040902319445754,-0.12650724627483712,-0.07118072562499395,-0.11587391628865237,-0.10312069191889027,-0.08300784802021959
BRA,ssp245,gfdl-esm4,-0.15284901137291915,-0.09484628345116972,-0.2914177598289699,-0.10550136796108134,-0.12276632511059793,-0.16171265876380891,-0.06082141064750967,-0.13120601884148472,-0.13452300240458898,-0.10084848065914068,-0.10733651262265168,-0.13746516757238242,-0.11311480032131216,-0.12341246593845047,-0.1465801106560452,-0.16266704407711863,-0.07044693721527345
BTN,ssp245,gfdl-esm4,0.0005066557518101706,9.256231751778954e-05,-0.00010388954105352634,4.235058201937843e-05,4.412694000915139e-05,-7.771813216820183e-06,-2.0775043827468605e-05,2.4590637102513635e-05,-1.3206635250269014e-06,-9.762981746986506e-07,6.302385161351918e-06,1.3149254321674145e-05,2.816027117865131e-05,2.1255474586806942e-05,2.3650402756560462e-05,1.2403581134460372e-05,1.1783608710185688e-05
CAN,ssp245,gfdl-esm4,-0.005707442893568571,-0.007417460843852693,0.00963200892372948,-6.992623357383782e-05,0.005736479844894097,0.0019298191979167467,0.0025662594258202315,0.0014267828723845716,-0.00394197645314156,0.0015627929426594459,0.0015916324390823377,-0.007719962786039826,-0.006232320288502465,-0.0018774698780596097,-0.008583023541379535,-0.0030199293862742064,-0.0015454154219642718
CHN,ssp245,gfdl-esm4,-0.0096774983579909,-0.006717699422069483,-0.008197937428366752,-0.00432056641082004,-0.0053711943992454545,-0.008976510320239913,-0.004430142585208222,-0.004873105863124508,-0.006563374719721009,-0.005919920030739864,-0.007129275191391416,-0.004451104504306781,-0.006256303583392724,-0.008694695176342289,-0.0066160363478920525,-0.006026577831860505,-0.005551216249027171
CMR,ssp245,gfdl-esm4,-0.0007065738334480977,-0.0009127863337909796,-0.0019201148453112278,-0.0004431745495706117,-0.0007177945091309218,-0.0005336627048798175,-0.00042751710755980956,-0.0004528633405185019,-0.0006191838984415336,-0.00032544523397368905,-0.0003406063953822422,-0.00029351329410999246,-0.0002948436755863735,-0.00030919234623010347,-0.0002510329357066869,-0.00023017193654752035,-0.00016201199301180133
COL,ssp245,gfdl-esm4,0.0001969484475322207,-0.0012514727141690657,-0.002356528855996442,-0.001345415746101031,-0.0015884174802233606,-0.00149958547402895,-0.0007602799624219488,-0.0015464425133111647,-0.0018107447137582344,-0.0013621781543958042,-0.0008077531550744595,-0.001639819284865932,-0.000828377136033111,-0.0010052783161004584,-0.0006538607168634454,-0.0008352058445012089,-0.0009384116835726092
ECU,ssp245,gfdl-esm4,0.0003690040076778035,-0.002084023858063116,-0.0029166643468390738,-0.0018066682670104801,-0.0019199958469274289,-0.0013203923006431056,-0.0014370341757212349,-0.0019062537698117325,-0.0019223153006319791,-0.0007432695292385353,-0.001141008478792661,-0.0010250925544547321,-0.001185382935581084,-0.0007039778059114668,-0.0007757512219903604,-0.0007080269971819972,-0.0006421452233761612
FRA,ssp245,gfdl-esm4,-0.0006160866008909421,0.0005516912650167294,-0.0006621154878576099,-0.0006407593025883566,-0.000491414831660244,-0.000882005921314343,-0.0007539755536270853,-0.0005706049246479901,-0.00014506560409221136,-0.0005610290634531668,-0.0005992414790541238,-0.000621874387064792,-0.00045306086228338475,-0.00044780349297900135,-0.0006586520791636056,-0.0006382144885629336,-7.350215556169895e-05
HRV,ssp245,gfdl-esm4,-0.016295884902832215,0.006448672864979389,-0.02950771050314907,0.010823292044230801,0.03623588998836727,-0.10808601480822859,-0.017266965731087176,9.507444125604069e-05,-0.0010621484618791152,-0.05305562907745808,-0.16366873900292295,-0.039632414886278604,-0.000974075762384782,0.0028052065093738406,-0.019484633935422387,-0.0940726561055653,-0.04958564006830166
HUN,ssp245,gfdl-esm4,-0.004689396479643768,-0.001396681951416275,-0.00240818115781396,5.0726996850138644e-05,0.0006550865167206173,-0.0037170940784370834,-0.0011104643440720365,-4.7655158493647674e-05,-0.0006935341342949256,-0.0021189668879577515,-0.005140301856335664,-0.0017119783108272316,-0.0009452522142874301,-0.0001349824674446354,-0.0006991160955428142,-0.001931623847127788,-0.0012406173500401868
IDN,ssp245,gfdl-esm4,-0.00037155817780117707,-0.0011203215885254127,-0.002451877469778139,-0.0012285841792782583,-0.0008595023050782955,-0.0007886557311937857,-0.0007071030720885706,-0.0007960152962501855,-0.0010103717318962761,-0.0005165656517027783,-0.0005484390103743217,-0.000969093534661553,-0.0007696080767359975,-0.0004866629059832868,-0.000957974153324556,-0.0008159920922262896,-0.0007947483731332197
IND,ssp245,gfdl-esm4,0.022609001722131407,-0.008118430943590233,-0.03103365503864376,0.0020167956942162496,-0.018439615168578317,-0.00024376048983494863,0.0012980802485630684,-0.012212279439755919,-0.006548784842247687,-0.00011515577725785083,-0.0009609925711064163,-0.0014786382155854007,-0.006060538623616899,-0.0041377379375965055,-0.003506004507366119,-0.003717534674723342,-0.0036252939270577673
IRN,ssp245,gfdl-esm4,-0.00250581138179071,-0.0005884271670483645,-0.0005331925246425299,-0.00043133060925881257,-0.0003765834897030513,-0.00036858518800008837,-0.0005029026678315386,-0.00037742056691462473,-0.00039831219831314044,-0.00026253230624399755,-0.0003188120187379235,-0.0002853662634007244,-0.0003481499707193951,-0.00029393017807779716,-0.00024935639454808724,-0.0002223391908676766,-0.00020571305634030406
ITA,ssp245,gfdl-esm4,-0.003556830898872957,-0.002355066039654814,-0.0008675019315571372,-0.0017020597484296094,-0.0014079400247558414,-0.0029538405196564933,-0.0023557058406311125,-0.0016566690103850378,-0.002120437404391435,-0.0017892550069703572,-0.003140965745716268,-0.0020239089289087043,-0.001641217230702188,-0.0016109692638710826,-0.0015673660553456386,-0.0028483925596755966,-0.0015772719314133621
JPN,ssp245,gfdl-esm4,-0.0007818466668338535,-0.0009944462347546033,-0.00023429803344007552,-0.0008258818785608329,-0.000692273519647938,-0.0007173817613458731,-0.0011840205595799514,-0.0008726277268958348,-0.0008718594806930066,-0.0006431421257532662,-0.0005092691686913684,-0.0011807364845068907,-0.0009315396212225832,-0.0012547132837726436,-0.0005546557879788466,-0.0010025593757180813,-0.0009488157349325644
KAZ,ssp245,gfdl-esm4,0.0019268724450334008,-0.00027918078661738496,-0.0015328325943724209,0.0004414982870487667,-0.0011906202134587783,0.0009052586468791302,-0.001456616252232672,-0.0013675501408642748,0.0009360368245795151,0.00016633536021723732,0.00017889072818066002,-0.0007846629452368067,-0.0012620010146914772,0.0009204592225719263,-0.00029611776277347317,0.000656633249531458,0.0003230053781440452
KHM,ssp245,gfdl-esm4,-0.020720716018900655,0.004692974417548599,-0.013412169712831344,-0.00920756383429848,-0.005716695334124633,-0.008357150929440652,-0.007621359226269155,-0.010129701615743955,-0.006869734703226421,-0.0030291624393513276,-0.004220712722193896,-0.005103836773934918,-0.004006347035906437,-0.0030991547726497066,-0.005302509199852867,-0.003982815052547343,-0.004150379255755109
KOR,ssp245,gfdl-esm4,-0.0021896724770952706,-0.0032409162972925174,-0.001715719955153515,-0.0022509572541929085,-0.002307302532272331,-0.002028610335162173,-0.0030608892913785374,-0.004236555111313415,-0.0020887518437738262,-0.0029058016676257294,-0.002503579655321281,-0.002320908254802795,-0.002451725686250414,-0.00347033165458306,-0.001426482665237065,-0.0033146825261186927,-0.004581645194334812
LAO,ssp245,gfdl-esm4,-0.0005171059678861434,-0.0015981664897652414,-0.002751081682544625,-0.002488024833327231,-0.0025108863296417695,-0.0024252737405262357,-0.0015937706453196053,-0.0025846688278387546,-0.0025952923741916064,-0.0021062278390834434,-0.0013990300129259857,-0.0014935856195504216,-0.0013539418073783038,-0.0016075467630374063,-0.001564948238224159,-0.001271403433313643,-0.0010416478754076695
MDA,ssp245,gfdl-esm4,-0.016118422922320328,-0.008647419885288103,-0.00277984238490422,0.003465453898745351,0.0019369657231425334,-0.008295051376158928,-0.004913612485477792,-0.002225522322233354,-0.003817021026772509,-0.008456491897733854,-0.0037447702236213095,-0.0009338484959029772,-0.0018401211106065071,-0.007354561549936176,-0.0034856385991497594,-0.0014024300738773618,-0.010340698312157769
MEX,ssp245,gfdl-esm4,-0.0007553055878134438,-0.001524669859386105,-0.0008320989635011841,-0.0005488751524328942,-0.0007626464040353041,-0.0005122831486631114,-0.0005468423742707146,-0.0010982671464096606,-0.00077223201389784,-0.0005308552348729213,-0.0005097150891704109,-0.000478447660903736,-0.000692341015122429,-0.0005681565787315644,-0.0003908433742678378,-0.0006704210297327194,-0.000518228087512159
NGA,ssp245,gfdl-esm4,-0.007546234813159833,-0.0015016721898532665,-0.0035137829859128483,-0.001991741497417566,-0.0014728360637923626,-0.0018980557024463529,-0.0017643599164566374,-0.0013853950265766155,-0.0016004503617748993,-0.0009146398473575668,-0.0008733170210814442,-0.0007075778182150718,-0.0005639670488715325,-0.0005498025708792048,-0.0004329688624425035,-0.0003560167703974366,-0.00026554458501527796
NIC,ssp245,gfdl-esm4,-0.0026776704695634828,-0.012793927555986977,-0.007472848335482327,-0.0023012873855791623,-0.004543728252182688,-0.0024672741317555845,-0.0016604266173707758,-0.004550605005397723,-0.003470450935778762,-0.0030095703320325087,-0.0012988247734010193,-0.0020474524273945897,-0.0020963533151842095,-0.0025731490769604366,-0.0006913536108669848,-0.001649663203724833,-0.001447603657928598
NPL,ssp245,gfdl-esm4,0.00045205222306208756,-0.0038051364581090474,-0.00016131785060944295,0.0009895540933888393,-0.0015151294297166022,-0.003035121887113037,-0.002279884740211432,-0.00461195486434256,-0.0025672617602891926,-0.00111933369072247,-0.0036846152955331344,-0.0011731361616936066,-0.002055244603149265,-0.0008366655945603179,-0.0013795065287378829,-0.002054731284432095,-0.0006114672602333343
PRY,ssp245,gfdl-esm4,-1.09555938497908,0.16481304255575702,-0.45483710817934336,-0.07248190383997528,-0.08462162380623628,-0.20021897716940162,-0.016385364648043254,-0.047236492500014896,-0.08096175968573942,-0.02163873838710484,-0.19262953029821284,-0.08716041612338514,-0.08825223943195268,-0.05397435395464761,-0.12734173451834155,-0.11975616563555196,-0.047942281497769905
ROU,ssp245,gfdl-esm4,-0.011650016500675259,-0.006333832691889295,-0.007069520264554091,-0.0019666981084035026,-0.0011066087074761953,-0.005016585339589018,-0.005177796919578291,-0.0033064084082363504,-0.003594749768931644,-0.009595349050976225,-0.006011682397651561,-0.004951912459224095,-0.005530763174718258,-0.010711206030168547,-0.008181640805233583,-0.00677105475618125,-0.011431617071080981
RUS,ssp245,gfdl-esm4,0.0014700193279354279,-0.006035522680721387,-9.104026267816711e-05,-0.003260493004489231,-0.0034530040515764115,-0.005847734723858669,-0.004087048797763233,-0.0023904063229938954,-0.0033417855265199803,0.0003200573554173456,0.00017089653162407506,-0.00200147044718007,-0.0014892692312735846,-0.00528665196994542,-0.005212160853107128,-0.0014553608078833782,-0.002071105616533223
RWA,ssp245,gfdl-esm4,-0.0036480116878199534,-0.0019706988988000143,-0.0017160209105478556,0.00038701661592477305,-0.0013508514798115814,-0.0058815943728122416,-0.0009230481508167564,0.0003949392969823441,5.840743267201599e-05,-2.2171719429171918e-05,-0.00043975721424344345,2.4341718922517942e-05,-0.00025399802563978035,-0.00044009332889024454,6.090413794393583e-05,-2.6293403964187392e-05,-0.0002375076280018843
SLV,ssp245,gfdl-esm4,-0.00023635640056573592,-0.004770874280436244,-0.0014581311882571593,-0.0007460724258903204,-0.0020638066876840725,-0.0011228919114284952,-0.0006096637193823271,-0.002199933608064626,-0.0017554396958246552,-0.0013025343398523617,-0.0009138701003759968,-0.0011580887015397807,-0.0014029890979928056,-0.0021108949435594162,-0.000859837900043618,-0.0010542695309307991,-0.0010998110707669284
SRB,ssp245,gfdl-esm4,-0.09327128453464673,-0.012900926086272115,-0.02206192942508064,0.004648406755275981,0.00895500768753524,-0.022293298621825667,-0.010981330821761226,-0.0056331311471334005,-0.007293675078573124,-0.03463485938232676,-0.04086276780806785,-0.024786796550425167,-0.0005533513593787209,-0.026217157584431234,-0.022159035545236502,-0.035676153320253444,-0.04563719696217107
SVK,ssp245,gfdl-esm4,-0.006458150013104306,0.0012836958123309732,-0.0024514678470638138,0.0018943402606188921,0.001430157625235048,-0.005290124929749684,-0.001210182286600394,0.0007092694052846393,0.0002627711811417796,0.0012763694884239663,-0.003145228013939141,-0.000498581704281805,0.0010274479971311978,-0.00021342595276666932,0.0010983066170407473,-0.0006172351329738091,0.0007875044378579563
SVN,ssp245,gfdl-esm4,-0.00031381817460227296,0.0004920140235091685,0.0002919992921014783,0.0004146707519619743,0.00031253076448982457,3.003643001816835e-05,0.000240156125331166,0.00013622942238723746,0.00013711116890606503,0.00024202831851482056,5.92206714579805e-05,0.0001800889357758569,0.0001883680391794803,0.00021407711650774797,0.00019995482045889818,5.9182782947897396e-05,9.143433809773308e-05
THA,ssp245,gfdl-esm4,-0.0001447163592256931,-0.0001042787799863436,-0.0002678348002255294,-0.0002834627451238093,-0.00018383803503800036,-0.00022240813906517653,-0.00017613591672782953,-0.00023685332377850892,-0.00021947587294298093,-0.00023308713848504753,-0.00017081073216487539,-0.0001929853198311095,-0.00020057656397483035,-0.00021452652917416427,-0.0002394510374682479,-0.00017095592914454394,-0.0001835863725368808
TUR,ssp245,gfdl-esm4,-0.0006636772001925431,-2.4655794536848993e-05,-7.711139843730167e-05,-1.4342038872253724e-05,-9.437340217460431e-05,-4.8669385394535544e-05,8.346622312786903e-06,-4.437880634671902e-05,-3.07783373017048e-05,-8.237306092127152e-05,-7.855196492724446e-05,-6.538322140030101e-05,-6.383730200511874e-05,-4.9535103067134145e-05,-8.302262457283455e-05,-2.5852105688394836e-05,-9.013563968988951e-05
UKR,ssp245,gfdl-esm4,0.0031579934834677133,-0.06123701549402595,-0.03169332696894621,0.004688610832959485,-0.0002575402769227787,-0.021910185230948436,-0.018729337886728585,0.0014384115096366164,-0.02409325388469418,-0.010743083359718238,-0.0028353057106755347,0.001944494965153597,0.002493968241231363,0.0008584176281177273,-0.003043051354867334,0.0020929215704884856,-0.018783495188928714
URY,ssp245,gfdl-esm4,-0.18523343639821507,-0.03131220266646443,-0.010751681389852528,-0.00027777199248094374,-0.007441658164580784,-0.04436525942239802,-0.015439775164495918,-0.004271182039456189,-0.024537123859365344,-0.010485030880166191,-0.03758107514350718,-0.01409395343144736,-0.013058567127369856,-0.006020004998316688,-0.015599773254504373,-0.00796965883747512,-0.0126965798786609
USA,ssp245,gfdl-esm4,-0.0159343875337868,-0.03175343786012635,-0.006166868508862611,-0.006820981904812968,-0.008595750339456979,-0.01925073864300282,-0.026582996842236348,0.0024912560434002264,-0.023792524313302286,-0.014670799855443114,-0.006034618602413036,-0.021197839208864287,-0.034247936121598974,-0.010876355089191514,-0.02817723917807089,-0.014943212948525669,-0.02714591579100913
ZAF,ssp245,gfdl-esm4,0.008217731992238882,-0.009138972957463626,-0.009084436634783618,-0.010687126722919212,-0.002645789804884246,-0.004100357170204225,-0.002546022639673971,-0.004437264974142079,-0.006467360575185912,-0.0027878628570788913,-0.00435211894131298,-0.005254668618076412,-0.004827532324664897,-0.0052391503967191754,-0.0061880172241108216,-0.0033696864511524494,-0.004550604304543577
ZMB,ssp245,gfdl-esm4,-0.0017131239203202059,-0.004393150202244,-0.010624316949158793,-0.006071991471588826,-0.005346104543449922,-0.0036478659399188564,-0.0038658605535844964,-0.0020458209322747212,-0.004146095614806576,-0.001223191362909095,-0.0018409079695979325,-0.0013265385920491761,-0.0010051484608993744,-0.0011286223757632683,-0.001465638506783185,-0.0007850000637885221,-0.0011695845310523395
ZWE,ssp245,gfdl-esm4,-0.007847379885798592,-0.01857872806743166,-0.030686031700112724,-0.0032649482374635095,-0.008045132778439087,-0.0029276449386506326,-0.01558845204663253,-0.010568746874801168,-0.007576863693779497,-0.005276948826843082,-0.004961773260870785,-0.0049526907573992475,-0.002379187683636717,-0.005708838117885747,-0.004493672205705721,-0.002558085699417018,-0.003137734590470908
AGO,ssp245,ipsl-cm6a-lr,-0.0008966131646330727,-0.0005089280782448618,-0.0002488109515810171,-0.0008494835737761874,-0.0009691468963246374,-0.0010121011576655426,-0.0008002205546872103,-0.0009618685947319395,-0.000556166480382325,-0.0005363895726736305,-0.00035557964318446334,-0.00029587441460256165,-0.00029387872138206386,-0.00027054024377622495,-0.00018890451713441658,-0.0002001116494639688,-0.0001829689668421321
ARG,ssp245,ipsl-cm6a-lr,-0.06027890070237828,-0.013168025248559792,-0.012945807552497943,-0.00223176765527388,-0.005049997967556915,-0.006921339319962515,-0.006391326441692487,-0.00787513442093925,-0.007848318292551266,-0.002481566904837698,-0.005217570042836941,-0.005371394428078888,-0.00424983893410911,-0.005052047683947681,-0.005021454351955397,-0.0033077952278083543,-0.00567560777631933
AUS,ssp245,ipsl-cm6a-lr,3.366208166016093e-05,-0.0003289621918958857,4.633610905747025e-05,-4.828985785498694e-05,-0.00026608300964368404,-0.00010529010091036191,-0.0001561973670479768,-0.0001899343307324221,-0.00011879754055511816,-1.9541001689689226e-05,-5.3601570689333576e-05,-9.070020251143919e-05,-4.656844176023702e-05,-0.00018432782700009078,-0.00017499358498925105,-8.984106363505989e-05,-0.00011022967003494209
AUT,ssp245,ipsl-cm6a-lr,0.0008517738609387255,0.0018215919796681244,-0.00260415037518567,-6.052906049708612e-05,-0.004224844872348605,-0.0008188215441705242,-0.005204054605396732,-0.002026658228266044,-0.0009232921231224011,-0.004003818618970056,-0.0029555211932266786,-0.0037724108493621088,-0.0007201324521921923,-0.0002723305122413773,-0.002010266549779306,-0.001866751712629946,-0.002263860466630214
BDI,ssp245,ipsl-cm6a-lr,-0.0008101447609826646,-0.002502942698006648,2.165654050250276e-05,1.4208224639075857e-05,-0.0004355237280946667,-0.0002872789215369561,-0.00015562773199043474,-0.00019823000051687938,-0.0001035735809498962,-7.875842025655206e-05,-6.275908681036982e-06,-4.139098022245328e-05,-5.1173621446216304e-05,-4.3553649234385404e-05,-4.279868894443089e-05,-5.442679895698552e-05,-6.765664557487907e-05
BGR,ssp245,ipsl-cm6a-lr,0.0002559373073835803,0.000200211209804953,-0.0022681429069999525,-0.0009072964358769604,-0.00212673050319009,-0.0008498192436439421,-0.002981533619186638,-0.0022662294789229055,-0.0015784239155726151,-0.0027476999433182505,-0.0019525848238135428,-0.0023561629361516746,-0.0023107766452503124,-0.0012946914998589471,-0.0026167312655316815,-0.002956958915480086,-0.0024306211615733164
BIH,ssp245,ipsl-cm6a-lr,0.0006662815211387117,0.006338313476914405,-0.014426208490770349,0.0005920582256746266,-0.02043661206728434,-0.004800885071255913,-0.02344711404069401,-0.012904316503635513,-0.008983038127467197,-0.02606124561416122,-0.01563357433268282,-0.027094647899503017,-0.009540485788241414,-0.011093845676260044,-0.03221520319434799,-0.03525292859847516,-0.03712022262007957
BOL,ssp245,ipsl-cm6a-lr,-0.13503004540666316,-0.5376522420305728,-0.1732219121193868,-0.22883307006109124,-0.35320317364908543,-0.11340280254460083,-0.34103174812975107,-0.16627697637747202,-0.20646165025845642,-0.1071190714994906,-0.08852779823575387,-0.12219990686263237,-0.1113428228989196,-0.12855556423670478,-0.12264462979058692,-0.07713896337538846,-0.12129004481677144
BRA,ssp245,ipsl-cm6a-lr,-0.07576535792885888,-0.19030665268923105,-0.11888408986068567,-0.08739792351455586,-0.1437479707698248,-0.08369775306826703,-0.1650704254655659,-0.1608842518781115,-0.12975970882453813,-0.12819331394057656,-0.09286238502114688,-0.13680020321617678,-0.12621276547064597,-0.1530372527235161,-0.15329252428225545,-0.116886286950702,-0.1476555511017174
BTN,ssp245,ipsl-cm6a-lr,-0.0006107509501051254,0.0001564164977407754,-1.0967803741639226e-05,9.21330074023991e-05,7.968749598939377e-05,3.782077313035674e-05,4.497867140905763e-05,-8.865161741110028e-06,4.0247641075488365e-05,3.8516018342828336e-05,4.256733462187296e-05,3.495504660887458e-05,3.32559715607554e-05,3.178636237980833e-05,2.8323277068646973e-05,2.345850999787181e-05,1.9499857371543825e-05
CAN,ssp245,ipsl-cm6a-lr,0.007068345451035024,-0.00031123923514486196,-0.001181606862024267,0.0005062875107065398,-0.014973495249816015,-0.01027967851162,-0.007380348061737028,-0.007502202191068504,-0.009510311426703562,0.0022901998879697343,-0.016343739536907563,-0.0038557268840589878,0.0008252614665918026,-0.00042111884300764264,-0.008421871477425116,-0.010765531355504026,-0.009526999592204415
CHN,ssp245,ipsl-cm6a-lr,-0.004587037878449151,-0.008828177601115343,-0.003600033240841475,-0.004092158503110921,-0.009484140753336564,-0.006865538403121934,-0.006438965118286606,-0.006098750920030106,-0.00953177505209019,-0.00886004954752018,-0.007666158238190032,-0.01002603677399826,-0.007521197214090562,-0.009515465551488396,-0.009702388489937127,-0.010173724108262514,-0.009644469872891121
CMR,ssp245,ipsl-cm6a-lr,-0.0017688411990318734,-0.001057688528810188,-0.00032530702460526406,-0.0003283808595344806,-0.001520273299147763,-0.0005341845864423623,-0.0006757750513874563,-0.0005437062760479277,-0.0005329969744148716,-0.00023336214886925048,-0.00012163378868614129,-0.0002861460403975361,-0.00023819716262978802,-0.0002815400047908907,-0.00025174487892443414,-0.00021108119521392484,-0.00016427637787820888
COL,ssp245,ipsl-cm6a-lr,-0.0010243542600534947,-0.0015463114584607252,-0.0007589556765700885,-0.0012496459309584023,-0.002831512827186346,-0.001058782948708918,-0.0014977871136037189,-0.000609074828926947,-0.001777795233057225,-0.001066349536727063,-0.0012915636971607563,-0.0013009910491122724,-0.0010594935121362146,-0.0014617367566440453,-0.001850152934026002,-0.0012959893967596967,-0.0011336576539960057
ECU,ssp245,ipsl-cm6a-lr,-0.003326578334520295,-0.002252596613021286,-0.0014786002093026029,-0.0011941379598625662,-0.0020750421433882184,-0.0015075136478181048,-0.0018239616404056912,-0.0016620324968063323,-0.0018686276785199703,-0.0015409888567129897,-0.0011148012076304026,-0.0008372797376469646,-0.000861284930780405,-0.0010799206052455475,-0.0009726926453456889,-0.0009046711813513861,-0.000694709972314853
FRA,ssp245,ipsl-cm6a-lr,-0.0012461223879711438,-0.00012045427682997184,-0.001173343531402967,-0.00043574028576463775,-0.0011926002768256876,-0.0010342878489350018,-0.0018785664500933588,-0.0007656675753550117,-0.0007624044198427497,-0.0014626243944861977,-0.0011468655327848518,-0.0008365913443853399,-0.000871137022879435,-0.0007435809509283839,-0.0010035712128043872,-0.0005999033014033206,-0.000890522661381954
HRV,ssp245,ipsl-cm6a-lr,-0.0029540859655017905,0.06243498205125204,-0.11965338558520373,0.012280423672026388,-0.22708858260415832,-0.04953412437021713,-0.23467269021477263,-0.1274768634153997,-0.07694899868240852,-0.22826718371659036,-0.1476768724757853,-0.22432846199909934,-0.07730193989638402,-0.07502963623877199,-0.2051006339207441,-0.16365024682081217,-0.1572758887850191
HUN,ssp245,ipsl-cm6a-lr,0.0009629792681407847,0.002330854252002229,-0.005429078024327468,-1.501856248680657e-05,-0.007141194034982035,-0.0016359277177472626,-0.007631992918760453,-0.003401394054230587,-0.001677699329702648,-0.006262032339617786,-0.0036555793465219756,-0.006265644236302895,-0.0010561273308800924,-0.002072202483856188,-0.004637153356109161,-0.004214249811669941,-0.004259913513248617
IDN,ssp245,ipsl-cm6a-lr,-0.00216908637891986,-0.001840400116091288,-0.001147860544153154,-0.0011948527067098124,-0.0025870424969387127,-0.001026672580707057,-0.0018958264084835068,-0.0016668131259555431,-0.001459616439230946,-0.0011315487253964018,-0.000908950037782463,-0.001180505396308618,-0.0012375720259766233,-0.0015526168514678523,-0.0010213689057399881,-0.001055819928395949,-0.0010592816949014433
IND,ssp245,ipsl-cm6a-lr,-0.008395976519189116,-0.0004666085548318722,0.006110734125237596,0.0018095512419365922,-0.014418332973577681,-0.00656517764809632,-0.010098631055606674,-0.011342303384447479,-0.011247984108944465,-0.0076130547340226805,-0.005438510086437426,-0.0050892412485763735,-0.004622275456362038,-0.009212318221254413,-0.005790496071335421,-0.004423110147416054,-0.006426466411896096
IRN,ssp245,ipsl-cm6a-lr,-0.0012734415379124435,-0.00037531204149993645,-0.00039389250639499296,-0.0006529695064092669,-0.0006242080886365723,-0.00035848875167927125,-0.0004626613923744536,-0.0005358633105472304,-0.00043310249249309924,-0.0004713415732604894,-0.00037060905834767,-0.0004090923732374627,-0.0004144784466545933,-0.0003688300284927556,-0.0003428741173521146,-0.00033266335079643023,-0.0002600352026721217
ITA,ssp245,ipsl-cm6a-lr,-0.0025136166986792496,0.0006793552200843929,-0.002825982076708253,-0.0007632183163766007,-0.003585350182114564,-0.0019942546845734084,-0.005384370361615109,-0.0036824012377830928,-0.0031428036344303143,-0.004092230937378001,-0.0036780709591695796,-0.003378570767186656,-0.002947794923586777,-0.0028872966483109975,-0.003261028542686893,-0.0023143196868770943,-0.0028637913803141834
JPN,ssp245,ipsl-cm6a-lr,0.00039895996156347267,-0.0013496603912643388,-0.0004431875988832761,-0.000866321298110582,-0.000993781510496848,-0.0009268093569852872,-0.0005567513043561454,-0.0008184309560646171,-0.0009729750271710949,-0.0013521679476777928,-0.0005185042793161794,-0.0013728281272435583,-0.0007389437362227366,-0.0008078222936019662,-0.0008556474720893733,-0.0008440640543889083,-0.0010186066761523507
KAZ,ssp245,ipsl-cm6a-lr,-0.0018480420420961172,7.72814963875601e-05,-0.000690295396160479,-0.001787187448054218,-0.0002490058185627428,-0.0006836906201517895,0.0005567634107571396,-0.001806622318207303,8.645520381424761e-05,-0.0006741224523446466,-0.0005432253549957384,-0.0011120669028883005,0.0003075837511862244,-5.1914499577638126e-05,-0.0015683799580085795,-0.0009879990553250063,-0.001978487929231441
KHM,ssp245,ipsl-cm6a-lr,-0.020350435012439883,-0.027069108249561824,0.000732127661939087,-0.01364581568208162,-0.02923168936401193,-0.018707719904275284,-0.01478544759439615,-0.01390344713950008,-0.012447437658795748,-0.010790951371141508,-0.007104245832636306,-0.005990174582969894,-0.007363566076443033,-0.007904450686793385,-0.0060551945233678515,-0.005438970351985489,-0.0056061773548694415
KOR,ssp245,ipsl-cm6a-lr,0.0006223703101159872,-0.002261506484403244,-0.001314069584731143,-0.0013811428695743812,-0.002243528679691903,-0.0008470606290162587,-0.0026452331075676712,-0.0036160387571969703,-0.002998479601559614,-0.0037197670133270987,-0.001917458055990866,-0.0036306820032546735,-0.0016201602571438442,-0.002886279089301756,-0.0020403861832845693,-0.0038318805749356175,-0.0024829659990263588
LAO,ssp245,ipsl-cm6a-lr,-0.006924977678433777,-0.0022992351019467216,0.0013462541904823947,-0.0022108762308817643,-0.003882363898394731,-0.0033349772309106337,-0.003018031653032631,-0.0019936129045307746,-0.002766102332679961,-0.0012763488062408463,-0.0010558605073525838,-0.0008781946650910976,-0.0013163098726125192,-0.002107299078021906,-0.0010467596782920438,-0.0010080253102673514,-0.0019949742846122787
MDA,ssp245,ipsl-cm6a-lr,0.007100441488431867,0.002064490784029826,-0.015387316856193116,0.0009084805306349355,-0.02174339183242985,-0.006136186113794208,-0.023561702089035918,-0.013383490658996014,-0.010551798529560251,-0.021839750984999205,-0.014547401184199183,-0.016656969353525022,-0.010966843083425012,-0.00520274456856329,-0.01512112830906505,-0.013057419320363441,-0.012363579095383105
MEX,ssp245,ipsl-cm6a-lr,-0.0009744953397876911,-0.001376791372323118,-0.0006524922410944672,-0.0005965014367590714,-0.0013344273493976937,-0.0008100508545408416,-0.0009355906421994177,-0.001112033292114395,-0.0009222119965691229,-0.0005654134423676568,-0.0006368917900086174,-0.00073486621342191,-0.0006645845253263326,-0.0008401654757208906,-0.000803174811231325,-0.000716355993530292,-0.000716065423628937
NGA,ssp245,ipsl-cm6a-lr,-0.007408891872351895,-0.0034190458139826763,-0.0024572949713580544,-0.0017475944565851487,-0.004795999072672303,-0.001992593872795536,-0.0020102010563627115,-0.0020658704805110134,-0.001630177008119685,-0.0008682377978462753,-0.0005805936637856054,-0.0007801706528747888,-0.0006002946965796525,-0.0006140798273460399,-0.0005314544905061297,-0.00039104925717081413,-0.0003472034826398902
NIC,ssp245,ipsl-cm6a-lr,-0.006469932644318741,-0.009538704738022943,-0.0035178121598033575,-0.003614795097445831,-0.009908023827580503,-0.0032672260769343138,-0.006173801215742925,-0.006008237915437718,-0.004236708814861795,-0.0029210953784581813,-0.0027056243154894104,-0.004232951322939152,-0.002603548851156423,-0.003569162151582317,-0.0027844573610823972,-0.0029501645306160974,-0.002027166444954405
NPL,ssp245,ipsl-cm6a-lr,-0.011584064017285234,0.000660680923817357,-0.0015975696973674607,0.0005847121123442032,-0.010214770251811016,-0.004281154075821408,-0.0035251253938359097,-0.006909919974178521,-0.004409691260693849,-0.005394536982792701,-0.002440397841617724,-0.0032429372982037707,-0.002038094713663839,-0.0031798140882376784,-0.0021905345961899243,-0.002137470708620636,-0.0018518317444751818
PRY,ssp245,ipsl-cm6a-lr,0.27519055087729405,-0.2353211691207222,-0.1700065203352953,-0.1143490262726653,-0.1722236995402761,-0.15137056632338197,-0.20685223297864908,-0.26813447639603166,-0.1669438481179696,-0.19240238537103194,-0.11818986414504663,-0.15705252704688946,-0.1397392190567099,-0.10595251274532164,-0.1893661851810133,-0.09648539928601806,-0.17675523453330447
ROU,ssp245,ipsl-cm6a-lr,0.0012592994742000993,0.0006055775812434116,-0.009737970872817577,-0.002347555488210786,-0.011130601320315715,-0.005239400306996364,-0.014155846197641268,-0.01037687815541485,-0.008111097851504481,-0.014927569985535434,-0.01131148147793047,-0.013821163583112734,-0.010585883564891594,-0.007044014423140752,-0.01506575053074234,-0.01533858611769618,-0.014789788937335653
RUS,ssp245,ipsl-cm6a-lr,-0.006595458286470668,-0.007811972703001137,-0.006140891111734202,-0.006317891354700604,-0.002170328969706165,-0.004160656936993959,-0.007734341731430505,-0.006113102208239522,-0.006068072200575445,-0.0071860799611300746,-0.005789607963782523,-0.006552642102644317,-0.007456690146627635,-0.008222305266487083,-0.007543476653814222,-0.00801962790304541,-0.006695786972008023
RWA,ssp245,ipsl-cm6a-lr,-8.662809558992288e-05,-0.010550277737120434,0.0009593985118272281,0.0011080125924316855,-0.0014736777869112717,-0.0023310097574053665,-0.0005337626492625776,-0.00038361859448575366,-3.7288539420132e-06,-0.00010584271970428348,0.00022520479015125707,0.00013153479470135525,-4.439894511483566e-05,-0.00013507698279090934,-0.00011064919103474921,-0.00046579607921441973,-0.0004772183600173222
SLV,ssp245,ipsl-cm6a-lr,-0.004043006013567737,-0.005488028146306649,-0.0025125399513402356,-0.0025076981170367575,-0.004739826187081327,-0.002121308368011097,-0.003089441922860753,-0.0031391432580744083,-0.0026771951030693363,-0.00226041751684765,-0.0021563551566152928,-0.0026589371887897834,-0.0020119951111371064,-0.0026532447954383523,-0.0024333550959176,-0.0023654592197022545,-0.0020377316275296885
SRB,ssp245,ipsl-cm6a-lr,0.022152323740052573,0.0288506972408405,-0.057249475300327986,-0.003193974927897469,-0.06548923986641901,-0.02168928506448878,-0.09889496526610175,-0.057920281262919954,-0.03532134755106741,-0.08943965837738496,-0.05850118199358793,-0.0820578472164105,-0.02452385786534969,-0.02818322854636186,-0.06947935296961708,-0.08161140146355046,-0.071751728085874
SVK,ssp245,ipsl-cm6a-lr,0.002576745244682664,0.0023452959744954746,-0.0029699828753077823,0.0001534027805056848,-0.0055941847367677695,-0.0016256832769614695,-0.0064238450548195275,-0.0027260058570609774,-0.0019169209952418313,-0.00586616578259165,-0.003951467395651626,-0.006220373477368367,-0.00044145539661552546,0.0009730021781624835,-0.003620103140789596,-0.002993644503796,-0.0035646283331777547
SVN,ssp245,ipsl-cm6a-lr,-0.00026108730608371996,0.0003445431829373875,0.0002703375803337694,0.00017963738335202259,8.245772754712636e-05,9.733851372196554e-06,-0.00021792428398762745,-0.00015892317876259516,0.0001448283136892282,0.00011301795349213578,-0.0002669233845552231,3.5177609477809136e-05,6.376175454276013e-05,0.00011426218487107171,3.7061214547711767e-05,8.302595588880023e-05,4.4697070794858605e-05
THA,ssp245,ipsl-cm6a-lr,-0.00024273743798760902,-0.00024421614140471997,-4.820300013799225e-05,-0.00020245416108139976,-0.00043905291035701546,-0.0003000193291923224,-0.0003001052250801935,-0.00031398411078162737,-0.0003364907974910599,-0.0002591904872252046,-0.00019489225391857283,-0.00019967735845784722,-0.0002586995882998815,-0.00030475231639805076,-0.00019049528249044,-0.00021213726409116996,-0.0002709530265221729
TUR,ssp245,ipsl-cm6a-lr,0.00010470229492619549,-2.17687320839146e-05,-8.846350910079957e-05,-0.0001065285219514169,-7.126403638211697e-05,1.524180823304999e-06,-8.27112334081667e-05,-6.690177913782281e-05,-8.528600789149133e-05,-0.0001274736443976108,-8.877878998601578e-05,-6.838191117827519e-05,-0.00011304631752833203,-6.409986062483749e-05,-8.6657829231117e-05,-0.00012736913976070147,-3.616603353489177e-05
UKR,ssp245,ipsl-cm6a-lr,0.008636088083778033,-0.029633872965756848,-0.04368865960636919,0.023692925269960842,-0.07476764990664649,-0.019226693068515113,-0.08914446816155969,-0.053887656705849225,-0.027733938429577,-0.09374692412340888,-0.04772399567327527,-0.05983238638574836,-0.04168541292124123,-0.025545521224416196,-0.04558536111310497,-0.04235315474656367,-0.04048268062071704
URY,ssp245,ipsl-cm6a-lr,-0.08878605197251287,-0.025122356663291504,-0.04458237470103541,-0.009926958966854584,-0.019546495355132983,-0.028801524478161762,-0.031047804850097515,-0.0409652068853108,-0.03279689489258609,-0.004938741409339904,-0.02499982654503582,-0.02900036844607943,-0.02336191276373269,-0.03101568518297777,-0.02971061393975748,-0.01969879103689329,-0.04097039919017517
USA,ssp245,ipsl-cm6a-lr,-0.016490599687915348,0.0032350643167949507,-0.028440744233927315,-0.019746689503217923,-0.02018718072523241,-0.02636372431345302,-0.020504232264089286,-0.011892940674049363,-0.019461333024083285,-0.02011473387511246,-0.049890363387670035,-0.022788236141176223,-0.028326581681834648,-0.013614238940063382,-0.03608968352303269,-0.043382299931273134,-0.03453376263406111
ZAF,ssp245,ipsl-cm6a-lr,-0.020531350526035132,-0.011493723933440949,-0.011388174968862186,-0.007354123076577163,-0.01426799173131611,-0.008315903779982358,-0.004388140748247321,-0.006983546816858032,-0.004441623722891533,-0.0024861269624927348,-0.004385022786140878,-0.004812327864429108,-0.004996396897982174,-0.005713443481030242,-0.004381666601271526,-0.0048462792363652306,-0.00460276015733157
ZMB,ssp245,ipsl-cm6a-lr,-0.010032402023688493,-0.012502924254887873,-0.005464771342099159,-0.008457677041137,-0.013950911105047698,-0.0024000256311404924,-0.005545703621922788,-0.006733697209896752,-0.003674795723469117,-0.001312003410649167,-0.0009864879600850588,-0.001281970878458627,-0.0007688222809543068,-0.0021732897421498643,-0.001551711802020842,-0.0007755688265211931,-0.0009252745414392002
ZWE,ssp245,ipsl-cm6a-lr,-0.03726265038113852,-0.016379378091817408,-0.013372348776366784,-0.01463811711307868,-0.021411409190359276,-0.009709885281623526,-0.012979899310970702,-0.013953644109611812,-0.011979292861746689,-0.003896263751820248,-0.0036589919370023033,-0.005022090118956428,-0.005331618591642404,-0.006091407370671431,-0.005101171846096209,-0.0036196360476492486,-0.003693483733567086
AGO,ssp245,mpi-esm1-2-hr,0.0005174490330203852,0.00015081256269474709,0.00024305431695851698,0.0001223950477951513,0.00015471867836969015,0.00015390559466990132,2.317694400757028e-05,4.816807284318527e-05,2.402086642833669e-06,-8.234745249307978e-05,-2.107823352191911e-05,-0.00011285335713680365,-8.567871140982545e-05,-6.285604279667167e-05,-0.00011226986685984867,-0.0001141322799174689,-2.8530937155263934e-05
ARG,ssp245,mpi-esm1-2-hr,0.020426729222288345,-0.01207306019065584,-0.002023740292494934,-0.010328322469559392,0.00037705607688979186,-0.007535420384568115,-0.0023887507173721905,-0.002927138153018449,-0.0015918066046615752,-0.003262414169325311,-0.00450462526063219,-0.0041176508985112424,-0.006292902681881709,-0.0016346512006555913,-0.004728665758016467,-0.000637520622192787,0.0009687139486722405
AUS,ssp245,mpi-esm1-2-hr,2.822373057394281e-06,-0.00024587163837878125,-4.596550414114737e-05,-8.428051913416916e-05,-8.520983358686925e-05,-0.00015684126687908492,-0.00010477043537648587,-2.0194503961354236e-05,-0.00019552667976655106,-7.59789257881035e-05,-5.4729895021139095e-05,-6.232741570764845e-05,-0.00013887393149980882,-6.086045422108806e-06,-6.642467052031173e-05,-2.1455223150831862e-05,-4.60478702072877e-06
AUT,ssp245,mpi-esm1-2-hr,-0.004114910514463939,-0.005208223613652305,0.0005749705330166159,-0.0007064156418399968,-0.004936367835550146,-0.0019351514576350448,-0.0028529197631616157,0.000989413283988495,-0.003526890641570845,-0.004078126473197337,-0.0007224409682346745,0.0005389895682403198,-0.0027455568054051806,-0.00458590573962002,-0.0007771031661409615,-0.0020357994549229015,-0.0026326627166430006
BDI,ssp245,mpi-esm1-2-hr,2.005060313765912e-05,-0.000386040590049219,-0.002149013472471527,-9.64319382304951e-05,-6.541071876761999e-05,-0.0001364299205889378,-0.00030537207506671146,-1.7447061601808047e-05,-2.199413515577532e-05,-7.353061885744903e-05,-4.73309885412692e-05,-9.416135921340354e-05,-2.0279830049958153e-05,-4.0121427950515876e-05,-0.00011515368984396705,-0.00011204748954111344,-2.7733440912552007e-05
BGR,ssp245,mpi-esm1-2-hr,-0.00231022726643268,-0.003372042291392177,-4.329539679423921e-05,-0.0021210375776829038,-0.0020684875420055628,-0.002288139291370469,-0.002901717863229687,-9.665450340460774e-05,-0.0016336467377366369,-0.0023603727085428567,-0.0018346058591298057,-0.00038089827666258234,-0.0029668115382585837,-0.003973785717970061,-0.002631611269828847,-0.0019295512643289045,-0.0008323158436390211
BIH,ssp245,mpi-esm1-2-hr,-0.02110678309943787,-0.02078732133815093,-0.007905231757232992,-0.005297390518238442,-0.01875500929356883,-0.01376623811083812,-0.01340657348618445,0.003369096675050699,-0.013843413996661244,-0.012414817412809628,-0.006847317392522162,0.001308375016082573,-0.018103432984310303,-0.04328987142280245,-0.01625658759014132,-0.035350088251798466,-0.025854906062358823
BOL,ssp245,mpi-esm1-2-hr,-0.27083161038261555,-0.8219663069550555,-0.31505172767175854,0.0021594248658467255,-0.42237354219292295,-0.1760107954646595,-0.20588007212842754,-0.07974058904099217,-0.10831644527967946,-0.22073260243768636,-0.09365184257182575,-0.16996697091030624,-0.07981901588956293,-0.11158311558006637,-0.06410426749343828,-0.05925228220824457,-0.06751372861023638
BRA,ssp245,mpi-esm1-2-hr,-0.10253619265803773,-0.237032155907556,-0.19737584561365837,-0.053810020003148995,-0.11968267663802104,-0.07047242930558997,-0.11473978961297161,-0.12066726174833566,-0.08700130481588941,-0.11084920100085248,-0.11915660790405407,-0.13876681637627367,-0.06595265182398308,-0.11602053537120861,-0.08394204869659028,-0.06266929949001082,-0.0767105970812844
BTN,ssp245,mpi-esm1-2-hr,0.0005021116709982333,0.00019729086781784415,5.636546623259328e-05,7.671682950228648e-05,-8.684974365794146e-06,5.059856279624167e-05,3.177923757131881e-05,4.603178152950479e-05,4.665422862987553e-05,6.742523707632513e-06,3.3200326043359826e-05,-2.8320158137558966e-05,9.089984831569413e-06,2.093150666965604e-05,1.679453776033413e-05,2.3887780141648738e-05,2.5662524492744872e-05
CAN,ssp245,mpi-esm1-2-hr,0.00590276320630037,0.004430316949941464,-0.002314235312102294,-0.007198937784597444,-0.017461024902218392,-0.0043549408374367144,-0.005449103530591004,-0.002343028678536276,-0.00771695877166859,-0.0011408897937953914,-0.0019202209450360898,-0.0021776378496258207,-0.001288900844195479,-0.000717749335883829,0.0024315484078493376,-0.0022707860319135464,1.1495954418074162e-05
CHN,ssp245,mpi-esm1-2-hr,-0.002987304599304187,-0.00034335057709492596,-0.0044634449673232116,-0.0058873438451414045,-0.002271283134549598,-0.008550188019804913,-0.006473373834914679,-0.0036487947668096907,-0.004731437983692659,-0.003312398773808032,-0.0033358638931297382,-0.00908107015892599,-0.004594394447016445,-0.00835649514654748,-0.005292130440222404,-0.008026883459223417,-0.007005119815290517
CMR,ssp245,mpi-esm1-2-hr,-1.609187155473872e-05,-0.0003795298797528873,0.000729641260143838,0.0004398449115718015,-0.0003005902752519662,-0.0004513696919917456,-0.00022930126474429924,-0.0007318143690748034,-0.0005979290561912683,-0.0004045719585818499,-0.00032743933359441555,-0.00038557661672900846,-0.00020167165804160428,-0.0002255050325967385,-0.00024714426642111274,-0.00020552144405560429,-0.00015574781772741307
COL,ssp245,mpi-esm1-2-hr,-0.0038009047808708262,-0.0004964852349830662,-0.0009472186881178007,-0.0018254490840140477,-0.0010548298089719868,-0.0017299931081817225,-0.00048194669125221505,-0.001171070463503863,-0.0013177262116391164,-0.0012470856008114492,-0.0010914558237533924,-0.0014575213503877453,-0.0007556805873851527,-0.0008705012812513472,-0.000478217563912937,-0.0007433246414058669,-0.00047596817334799113
ECU,ssp245,mpi-esm1-2-hr,-0.002650668295615512,-0.0016809277425220938,-0.0007619567870668947,-0.001926947408021188,-0.0011049109195930954,-0.0009204499334937568,-0.0007075768332306196,-0.0005461509786929877,-0.000726741909357177,-0.0008291206360586792,-0.0006182936837240387,-0.0007246163129584968,-0.0005163956861373758,-0.0003570305579173186,-0.0004765068508264636,-0.0002797794084525861,-0.0002666736009434191
FRA,ssp245,mpi-esm1-2-hr,-0.002068040792875582,-0.0028077994225225457,-0.0001643231418318667,-0.00014860454299543566,-0.0012301778643146624,-0.0013172907712749404,-0.0013899095478749459,-0.0013415368115298715,-0.0015105753030456135,-0.0012824833146154481,-0.0013289515694513035,-0.0002947365263980162,-0.000715943663919464,-0.0010873799726223061,-0.0005482387387991058,-0.0011230927883605379,-0.0010474382488108375
HRV,ssp245,mpi-esm1-2-hr,-0.04733152053882406,-0.22026490901194004,-0.037708561996717835,-0.06005244435195894,-0.2033958016081635,-0.1386989464252545,-0.1254688182588419,0.054079405331504835,-0.14522199590059828,-0.1297913712376791,-0.05201080396931541,0.02207819513153211,-0.13577612391341404,-0.293908043734614,-0.09010051068051729,-0.1737101739003244,-0.12933414947716035
HUN,ssp245,mpi-esm1-2-hr,-0.011082628350593074,-0.007089650655687134,-0.0012174399857415802,-0.002461347905302089,-0.006839600846707348,-0.003669824382965971,-0.0036705252585915366,0.0013864548602844427,-0.004042754522904089,-0.003960503560883968,-0.0018353114211218581,0.0007053470188626046,-0.003605087752852294,-0.006677876886768639,-0.0021342038325315965,-0.004368214297296015,-0.003152443128738598
IDN,ssp245,mpi-esm1-2-hr,-0.00489072010412411,-0.0017917559698133764,-0.001868476190740989,-0.0027273965755049115,-0.0024364576983914813,-0.001596891365988831,-0.0010981624395727438,-0.0016102986208231754,-0.0014526792529374133,-0.0013253761765080047,-0.001077873411368964,-0.000952988070127742,-0.0010668132632246814,-0.000787385626319915,-0.0007439277957352724,-0.0005861086083379322,-0.0008959330134883545
IND,ssp245,mpi-esm1-2-hr,0.007388541369436806,0.00808249129137404,-0.007091719451126423,0.00519645337076184,0.009438312943350504,0.006921049260570349,-0.0018157484299541943,0.0015531194954180039,0.0030578994570138593,-0.006078077519354009,0.00194977481979159,-7.845092020374083e-05,0.001496651290827585,3.854158427839592e-05,-0.0018985716958704335,0.0005781765417353746,-0.0011845421497955408
IRN,ssp245,mpi-esm1-2-hr,-0.0007747271472236533,-0.0004195526254452546,-0.00025779791021102356,-0.0003079633463311435,-0.00015956148533107013,-0.0003275971089413138,-0.0004405089406313012,-0.00026286517925890274,-0.00025820887879424864,-0.0002506656030818763,-0.0003585656290373756,-0.00029127601622762377,-0.00025242855329624613,-0.0001764172562773694,-0.00026355358785616157,-0.00019108802833981672,-0.0001594656960450209
ITA,ssp245,mpi-esm1-2-hr,-0.005310848106345573,-0.006566709562958013,-0.0007859064696783555,0.0002818622569905895,-0.002838749827482114,-0.004687058037669689,-0.004509590008667378,-0.0019326456147208738,-0.004644922138349644,-0.004344146141076904,-0.0017289599772695931,-0.0002514612561556464,-0.001995465847221249,-0.004134605239617324,-0.0021291866226548065,-0.003430977465755368,-0.0031463910673751342
JPN,ssp245,mpi-esm1-2-hr,0.0005949360810989935,-0.00021815685271441644,0.0002062360190022557,-0.0011165901889962303,-0.00018844173924384896,-0.0007389772987019893,-0.0003501340252815074,-0.00038376170074047995,-0.0006442696637910325,-0.0009144496045552747,-0.0001382141825466554,-0.0013495185267213918,-0.0003361666930760591,-0.0012158039215726846,-0.0005328055803838388,-0.000632427266442651,-0.0006640393784477755
KAZ,ssp245,mpi-esm1-2-hr,0.003137209342771415,0.00015858590852032672,0.0012334934757963518,0.0010025254884984721,0.0009167451276341216,-7.300296146446099e-05,0.00012033142351757886,-0.0020444984841750226,0.0001847344391940485,-6.44040313038353e-05,0.0004963797604669309,0.000538767950551181,0.0002062355397944631,2.1110032295111307e-05,-0.0005041675586562569,-0.0020957989497434474,0.000672205002279298
KHM,ssp245,mpi-esm1-2-hr,-0.01526413948672039,-0.02719124925600563,-0.014565992373531822,-0.006310329451449906,-0.010086843162016261,-2.4904610948701634e-05,-0.004647279134198376,-0.004861940287920435,-0.005349380087455429,-0.00537879239865448,-0.0028726054836214153,-0.004092084309632163,-0.0028867106813501584,-0.0027581852018208936,-0.0031754107011820903,-0.0024957576628410754,-0.0016070540209333281
KOR,ssp245,mpi-esm1-2-hr,-0.00013396483824304242,-0.0006481630545264794,-0.00014693202197890075,-0.0034001369547275047,-0.0004905699820103895,-0.0007906837688104358,-0.0010606893171714409,-0.00013225328635698406,-0.0026776217354009205,-0.0004946203841847378,-0.0003393604984690757,-0.0016347049260707226,-0.0017017150962485696,-0.003950755525342264,-0.0007336895982607176,-0.0013569682832760982,-0.0037910520791418914
LAO,ssp245,mpi-esm1-2-hr,-0.00432100451610523,-0.007879348055481185,-0.003213982003506734,-0.0025671368267336445,0.0003380388493201806,7.904539106934385e-05,-0.0008240540743968314,-0.0013003781841415475,-0.00035230062045311195,-0.002042876966235788,-0.0009271017291789196,-0.002341020334200113,-0.0015323185490549315,-0.0006156177437016254,-0.0007638260623850575,-0.0007624887838878229,-0.0004493942078398245
MDA,ssp245,mpi-esm1-2-hr,-0.03953548895060154,-0.010757748529814601,0.0033207880864130545,-0.016460033079913974,-0.01892311679606736,-0.021892574539647332,-0.02552043898266506,0.0021300997103952364,-0.006547179371700374,-0.01370788505549871,-0.014460407515392713,0.0014927660694916065,-0.017170675540707996,-0.027543059641955112,-0.009487437583198303,-0.010312563642205567,-0.002512035660562058
MEX,ssp245,mpi-esm1-2-hr,-0.0004261908081076107,-0.0009896597320100619,-0.0009113450538358034,-0.0005624766217817504,-0.0011820528439571989,-0.0003554555106528093,-0.0006229391992024078,-0.0006352004461857909,-0.0005823579334212148,-0.00048107497897898415,-0.0005637051478720058,-0.0006042815253480146,-0.0006318098999129624,-0.0005447016462463856,-0.0006314348265067731,-0.00043609656881648,-0.0003597781590545883
NGA,ssp245,mpi-esm1-2-hr,-0.0035915154660885345,-0.0018920235229242693,6.203305979549476e-05,2.3589371018631474e-05,-0.0008771020875033607,-0.0020966200618168958,-0.0008712070336095563,-0.0017869329577467207,-0.0012915477497797518,-0.0008515664025013478,-0.0007329676703245074,-0.0007407923344993077,-0.00046563406140797276,-0.0004569287428498715,-0.0003753618886928989,-0.000319772361986134,-0.0002408167436823415
NIC,ssp245,mpi-esm1-2-hr,0.0008863394219173489,3.545897249841232e-05,0.001276172721794166,-0.0010446149212195934,-0.004385518380794463,-0.0029652800880279845,-0.003741794673692907,-0.00019263982193461936,-0.0011674413720360979,-0.00042304450683817193,-0.001519257646320923,-0.00023003938087670588,-0.001634947261318139,-0.0020875366307372416,-0.0013490327035905495,-0.0008409965246881748,-0.0010727450073926932
NPL,ssp245,mpi-esm1-2-hr,-0.00019170962703613846,0.005968947815325484,-0.0017013456480364352,-0.0012700935875661003,-0.0037026961063660437,-0.002848299823983975,-0.003638362332898073,-0.00034351552626430467,-0.003350637602974366,-0.0030959450310142048,-0.001338363702157034,-0.00351853284548329,-0.000644672580664441,-0.00031201846102575274,-0.002336223301263438,-0.0008609642832866372,-0.0002847027642653818
PRY,ssp245,mpi-esm1-2-hr,-0.4650493685712947,-0.23349711721071717,-0.3020767475296608,-0.04268841587228256,-0.13047787510807313,-0.20845996965421745,-0.11722270980308667,-0.034311428240807545,-0.12392484621376329,-0.19044765841817587,-0.10187002416376101,-0.09847230961149561,-0.09453713330545278,-0.08120309987886731,-0.07646015612716094,-0.05921710090123646,-0.03798292229698772
ROU,ssp245,mpi-esm1-2-hr,-0.01863031600156678,-0.011307933104858761,0.00039955213009547905,-0.007974660990373793,-0.009924246370224828,-0.010385106519955114,-0.014021658973271484,-0.0005181216804285658,-0.007080189087811064,-0.011599803412001513,-0.009452552569427588,-0.001851782332410811,-0.014850576162809877,-0.021214142954465155,-0.012133771237184919,-0.011782500985147708,-0.005956004731290696
RUS,ssp245,mpi-esm1-2-hr,0.0003890891221206354,-0.0013006955746702228,0.004098136202360449,-0.0009595704475526483,-0.0023416253962110787,-0.005455119076369591,-0.0016011337314606245,-0.0017099820403213633,0.0006028231017094787,-0.0026997312162459954,0.0008837275867586477,-0.0031767126409398463,-0.001739409947112349,-0.005941512325802539,-0.0021185006871618155,-0.0027011169486890496,-0.0012613459153903318
RWA,ssp245,mpi-esm1-2-hr,0.0016086036410512985,0.001613325355204533,-0.010744578468145043,0.0018742853793952084,0.000665372262775859,0.00039573843062616046,-0.002573824802168589,0.00015937078729305414,0.00019556254909474714,-0.0003651949690555101,-6.75596582075738e-05,-0.0003279500944783768,0.00010737451566412612,-0.0001284910585684544,-0.0010980570768484579,-0.0009848210741784567,-0.0001730299038943266
SLV,ssp245,mpi-esm1-2-hr,-0.0009980727843298103,-0.0011683106639097092,-0.0014923308295175563,-0.003039234054981095,-0.003036202000024838,-0.0011102439725538171,-0.002156655982062554,-0.0011505584493839319,-0.002262172029392875,-0.0018734689699039845,-0.0014148398215640475,-0.001491293749305378,-0.0018477260243883772,-0.0016273652574782564,-0.0012784950857857738,-0.0011239055631625282,-0.0013447246440129322
SRB,ssp245,mpi-esm1-2-hr,-0.14099941720575376,-0.0600645477602148,-0.02896573669728554,-0.018726688853794055,-0.07541042568666037,-0.06453842517848564,-0.06194954677038635,0.008631594277975538,-0.04261331105689647,-0.04760160034240466,-0.029613617060481857,0.0033097380321350373,-0.062018631927081506,-0.11279371075382674,-0.040516497232625175,-0.07156279788731945,-0.04374112967571163
SVK,ssp245,mpi-esm1-2-hr,-0.008211079404220578,-0.006303845431039618,0.0016734481760656737,-0.00044426049483862085,-0.0066059769270693115,-0.0020888036885330164,-0.0027226510897177827,0.0023773725302968693,-0.0043341939035100845,-0.005225179197329329,-0.0014142351142512597,0.001250819485846084,-0.004080158908915392,-0.0067067426593235115,0.0007639647729695224,-0.0032469943789945545,-0.00414902608414511
SVN,ssp245,mpi-esm1-2-hr,-0.00032516928414015313,-0.0003696551636665386,0.000111952104696352,3.13413230662047e-05,5.471292117962027e-05,-0.0002874868956859059,-0.00018718049281754058,0.00018663471025392577,-0.00030466814510484824,-0.0001363603594764396,2.899190021895425e-05,7.07959400158533e-05,-6.343997450301668e-05,-0.0003140387339038866,6.7093686539967e-05,-5.184931321090732e-05,-6.186901015601125e-05
THA,ssp245,mpi-esm1-2-hr,-0.00032383480416799885,-0.0004858016541728679,-6.921214958340755e-05,-7.221669774872513e-05,8.611139702546207e-05,2.7857403064650467e-05,-6.304441071869843e-05,-5.695734387818331e-05,-6.737331947027744e-05,-0.00017316987656046482,-9.2168585329812e-05,-0.00028549681571403976,-0.0002435745322220845,-7.391310989972769e-05,-0.00011054419475357105,-8.536829906365261e-05,-6.975463504944563e-05
TUR,ssp245,mpi-esm1-2-hr,-0.00018304673740486286,-0.00014751878416358494,-2.293786679216297e-05,-8.370053210472412e-05,-3.763255834582388e-05,-0.000117518710478588,-7.375515519008241e-05,-7.514211467273456e-05,-8.501694917784852e-05,-6.689184822326079e-05,-7.976739100121345e-05,-7.173154588757379e-05,-7.46436438147443e-05,-9.077400675088277e-05,-0.00011043820889539157,-5.065204483515461e-05,-7.498716532381337e-05
UKR,ssp245,mpi-esm1-2-hr,-0.10090819836183601,-0.02147268883462455,0.022008865407181107,-0.035896056850602064,-0.061799487757111686,-0.06118705023995672,-0.09961701034757496,-0.016829548092303966,-0.019217406447933114,-0.06974351002967111,-0.04750659865436844,0.0003904068080794734,-0.059550525094891886,-0.08293204484075588,-0.01563459881715827,-0.017058432945116844,-0.016448669946925516
URY,ssp245,mpi-esm1-2-hr,0.08328103314322097,-0.020250842806131125,0.0068190477592621115,-0.018379149628992023,-0.0015179909722116904,-0.0510393476393048,-0.010698734272296607,-0.002630715113131429,-0.005379670712633858,-0.005259833689471083,-0.028736003237150122,-0.00722924536202663,-0.02768930678795671,-0.009829003845013196,-0.02269704906047026,-0.0038675108372479223,-0.0019395029515889373
USA,ssp245,mpi-esm1-2-hr,-0.020274641580161637,-0.005193706764287752,0.006293143214457016,-0.020190674522172707,-0.0373637239060686,-0.01952448162308285,-0.04644214355974555,-0.02520435427075742,-0.04582740620676107,-0.01589153357368216,-0.02060476722403262,-0.015617099515477352,-0.013042058871501897,-0.017275447974415995,-0.016366646017215717,-0.02208499690614321,-0.016317854992828843
ZAF,ssp245,mpi-esm1-2-hr,-0.007157249283242321,-0.010694033680825976,-0.005689435013584035,-0.006246345388090216,0.0028165206115923856,-8.001245702479921e-05,-0.007093969906706604,-0.0019758319572418734,-0.0017093610205470605,-0.0004093761842357034,-0.004112455187108448,-0.0017387249716874205,-0.002793034849392718,-0.00038377282389880416,-0.0015652135318866296,-0.0018440189076183052,-0.0011180083665824983
ZMB,ssp245,mpi-esm1-2-hr,-0.01765976222400167,0.0017914796314017197,-0.012193611019052813,-0.009007464312734767,-0.008196239846751135,-0.00045653635584590863,-0.00042994886889925944,-0.0035573599697181282,-0.002891362616521013,-0.0023405424583671152,-0.001638442604169557,-0.0012639186109416052,-0.0014831739111299794,-0.0010706977539385355,-0.0010182873700332947,-0.0007743999530226902,-0.0005570701690321226
ZWE,ssp245,mpi-esm1-2-hr,-0.03932532291964602,-0.0002229795781166741,-0.021595351445432003,-0.009476787746946698,-0.006132950753685484,-0.004156493491265989,-0.006066873385155264,-0.007720543346702,-0.003697957029194543,-0.0032760375887123765,-0.005791305999682175,-0.003207919968203399,-0.0037137733823515875,-0.0035105848293370033,-0.003471704323105731,-0.0025394047479269837,-0.002159204660042903
AGO,ssp245,mri-esm2-0,0.00020192302155285375,-0.0007585280524544795,-0.0003570939935025438,-0.0014252585451614965,-0.00043025567462920243,-0.00038557271135393505,-0.0005562743348440796,-0.00046568517859024526,-0.0007498216325826414,-0.0004942741027187444,-0.0003257904243719184,-0.00022389919607619668,-0.00020911691299616052,-0.00014373801214945277,-9.485451081473773e-05,-9.920168794128751e-05,-0.0001469566703721188
ARG,ssp245,mri-esm2-0,-0.04288953763107792,-0.00191126278929981,-0.013262610932581576,-0.00559011947007071,-0.0026417788467042913,-0.006448294389190334,-0.0034514668035889027,-0.008311449092623588,-0.007024349780835915,-0.0016651033657280976,-0.00038621276500643085,-0.0039231981370597795,-0.005092808914220098,-0.0031004704374792092,0.0004578046511608233,-0.004202747065032429,-0.0033099351774241283
AUS,ssp245,mri-esm2-0,-3.0691531821006436e-06,0.00011255846912153901,2.8086003481857216e-05,-0.00016414404130531121,-6.713122696051927e-05,-0.0001925345016167589,-0.00027586211238826003,-0.00011649877056724584,-7.853557903174826e-05,-0.0001150862812441021,-0.0002483023578148965,-4.609884935636342e-05,-6.594500858526124e-05,-0.00013883531377243923,-0.00011035117981600496,8.779092119273935e-06,-5.9616541521308047e-05
AUT,ssp245,mri-esm2-0,0.0008894092530933348,3.647305873901984e-05,-0.0019079756017217255,-0.0008038933805370116,-0.0022468944874301086,-0.0016213894553193595,-0.001520649870711911,-0.0013669397240879673,-0.0002700468501275853,-0.0005844211471119074,-0.0002550812749315259,-0.001856209511284031,-0.002126001335737874,-0.0021834064020963334,-0.0003234979638844594,-0.00032925961541374344,-0.0003078180326648748
BDI,ssp245,mri-esm2-0,0.0006838272652563522,0.00024142153641340704,-0.00019182884682745533,-0.0009208243264915659,-4.621228986314555e-05,-5.938475119537571e-05,-0.0002496352949591795,-6.284479187042285e-05,-0.0001509433962273215,-0.00017055410019673723,-5.392448305230044e-05,-3.634623129292261e-05,-0.00012210502479166008,-5.520233094058113e-05,-2.5479343826219782e-05,-1.6047133753006924e-05,-8.504227764429586e-05
BGR,ssp245,mri-esm2-0,-0.0001668804455196365,-0.0018962561685131984,-0.0006228912448381652,-0.0006539501782609694,-0.001506184878509418,-0.0026191980439170563,-0.0015767445903827502,-0.0005188819901602179,-0.00274373250202535,-0.0016124163930134386,-0.0006861520859151666,-0.002755967072210709,-0.0016564208917614412,-0.003011295812834447,-0.0021379141037973265,-0.001014762328966675,-0.0008122023910481078
BIH,ssp245,mri-esm2-0,0.006160391861844047,-0.0013927525836560318,-0.004916738948229878,-0.008599199372716608,-0.006382139915291597,-0.005852989633246541,-0.007344754977876114,-0.008404314060306839,-0.002445381630864922,-0.004949741586038677,-0.003427634572291413,-0.035505389441022585,-0.021053694218637876,-0.014515576724218174,-0.006702340470569237,-0.004337061753461491,-0.003754766962272109
BOL,ssp245,mri-esm2-0,-0.21497492444143024,-0.5162957920504362,-0.12935579999939054,-0.4550322589674962,-0.207300318862606,-0.18749173899306573,-0.13275839215897195,-0.16110905867929814,-0.09583543638684887,-0.17694414714568407,-0.11108706489557571,-0.10137248018118648,-0.12891339718382125,-0.09873992934003667,-0.0736402925531841,-0.04571072280160883,-0.06164275850216365
BRA,ssp245,mri-esm2-0,-0.20079330026052977,-0.15137731598502446,-0.07210297445339713,-0.166036916400383,-0.11862632004498556,-0.1422233119866477,-0.1312939809844393,-0.14049732860415348,-0.11680532005473922,-0.13783753312032312,-0.12853822551218622,-0.13744743237566764,-0.08198005227851893,-0.10215070021239309,-0.11501948227558743,-0.07806106540083457,-0.07153807636070694
BTN,ssp245,mri-esm2-0,-8.041421397422006e-05,0.00013966200212223905,4.065889970215159e-05,7.188155781702627e-05,5.091922315996893e-05,3.8718672161864977e-05,4.5620914902203795e-05,2.3148559677161776e-05,2.4366982490411378e-05,4.041808705940376e-05,3.980804531684778e-05,2.1401454326381438e-05,-2.0308095586049963e-05,-5.602899698614987e-06,2.5901725181272194e-05,1.9522166264295213e-05,2.407621193102354e-05
CAN,ssp245,mri-esm2-0,0.0006540551373669854,-0.0026948935790625577,0.0011071222918284456,-0.006770183577523302,-0.007641246245111644,-0.004094478041372872,-0.005896533145671111,-0.0057290320308532395,-0.0038109289015023913,-0.005919858720199288,-0.00023629559587092438,0.002520397213966887,-0.0040164380278818945,-0.0036080316131505497,-0.00038545302515298105,-0.0007689682228860547,-0.00267392627845212
CHN,ssp245,mri-esm2-0,-0.005672526622170397,-0.002891122286180482,-0.005641471670260064,-0.007860784920442959,-0.007110668329348755,-0.0030665709140636254,-0.004576194404577547,-0.005256293350204594,-0.00663736773888258,-0.005203889588663792,-0.004524291363843615,-0.003276154355200224,-0.007156599296228111,-0.0047409951546560246,-0.006914718709767738,-0.0052197965900540565,-0.004942290011324172
CMR,ssp245,mri-esm2-0,-0.0005715231598787085,-0.0011263552207628424,-0.0003904826144998357,3.135595911212509e-05,-0.0006807133828276531,-0.00046586484972838956,-0.0004305170830171864,-0.00044349865975720705,-0.0004113473150083314,-0.00037678968855629124,-0.0002847987377052455,-0.0002357168050526427,-0.00026966038366861046,-0.0001771353079547336,-0.0001654947643334822,-0.00010162126300656131,-0.0001850026108141971
COL,ssp245,mri-esm2-0,-0.0013058986173243266,-0.0013852899794636725,-7.323732438271304e-05,-0.0015235314571024024,-0.0004671219470694063,-0.0006680276823918054,-0.0014311493666430842,-0.0017039394552900745,-0.0015453223894027557,-0.0014486665436772986,-0.0011400070483916641,-0.0009264252370291457,-0.001377852355684463,-0.0012984005628232569,-0.0008698693991557076,-0.0007384750741209913,-0.0007759037308763538
ECU,ssp245,mri-esm2-0,-8.472007712090854e-05,-0.0011145712954322214,-0.0013571064455150743,-0.0011060133817465602,-0.0012058440994076767,-0.0016145788127299423,-0.0013168214528633498,-0.0013521890626154093,-0.0009521085588933641,-0.0011032049380591692,-0.0009503538624065973,-0.0006698817366684334,-0.0006482010816559083,-0.0006485951837603254,-0.0005496854222002141,-0.0005481878631427372,-0.0004851045127953805
FRA,ssp245,mri-esm2-0,-0.00029541048158828533,-0.001188442108425391,-0.000982042650802811,-0.0003241222135765669,-0.0014441799480324514,-0.00032395076297337327,-0.000924425577650271,-0.000880007778612646,-0.0009275718604638768,-0.00022879248886714077,-0.0008288930929342774,-0.0009634194060364857,-0.0007111086865182142,-0.0006945555066994428,-0.0003509006001300092,-0.00028620734160354446,-0.00048635701228899456
HRV,ssp245,mri-esm2-0,0.013260477508548254,0.015539926573222472,-0.037658415960219405,-0.06420378503418257,-0.05497449281005795,-0.06037901055547334,-0.06584281446231878,-0.06828733939642123,0.004664951747281091,-0.019173412095536805,-0.0060539070592071096,-0.28415872559725386,-0.14625267968405728,-0.09697447242177407,-0.013924047824725701,-0.012143413387327417,-0.00825234522303481
HUN,ssp245,mri-esm2-0,0.0020334196077737145,0.00015254748599674152,-0.0016300217113354313,-0.0019391507170122388,-0.002018357879652547,-0.0026856557296834464,-0.0024521879523068035,-0.0018975644269301052,-0.0008714170931939355,-0.0011974335782093846,-0.0001156033151526798,-0.006602251172609333,-0.004103193322910433,-0.0038464449471350957,-0.00047452948591852353,-0.00044565867305836765,-0.00043105906004661245
IDN,ssp245,mri-esm2-0,-0.0015282764879876024,-0.0017538374497735483,-0.0014066672126685198,-0.0021064574176332556,-0.0015588709662307473,-0.0018352095571672019,-0.001666976400479096,-0.001691382587495355,-0.001224055231326578,-0.0014299696519414797,-0.0013444908891054861,-0.0006613534520291317,-0.001051170019430364,-0.001060230550947039,-0.0010422747965905144,-0.000665719981211934,-0.0008964099505283869
IND,ssp245,mri-esm2-0,0.012684137441295972,0.0041910197003336026,0.004387049476849378,0.008840470195514209,-0.0014956424449868932,-0.0020874008717917994,0.002780373832898007,-0.004863465807589001,0.000901520042999009,-0.011762844980139445,-0.00774708108269635,-0.012445634281241274,-0.0012973648838682957,-0.003279447483131445,-0.008108683852074845,-0.0022350328233358752,-0.002535101494280658
IRN,ssp245,mri-esm2-0,-0.0015882731235198546,-0.0008421078831420238,-0.0008715210076139826,-0.00011743472330392886,-0.0009287075892878375,-0.0004571537900648734,-0.0002672582620101987,-0.0006869973579650189,-0.00032130224556459067,-0.00017459703518352284,-0.00041673926805106546,-0.0002962210175047253,-0.0003048809018784567,-0.00023070030550015054,-0.0002114628054283083,-0.000314237947879204,-0.00017805732155500538
ITA,ssp245,mri-esm2-0,-0.0002108756781596766,-0.0029950180805973377,-0.003137308000084085,-0.0014683829529534443,-0.004546528203639098,-0.0012978279631911999,-0.0029303442102256703,-0.0029357580986069938,-0.001602239941755457,-0.0019047769692764154,-0.003170884960657733,-0.004047968199523986,-0.003240962092743533,-0.002021886138690906,-0.0015146548841427118,-0.0011932032845098168,-0.002027032384216448
JPN,ssp245,mri-esm2-0,-0.0006035261711719924,-0.0005809966840936068,-0.000880626277736393,-0.0008354589883082855,-0.0005714655751897488,-0.0005581264164418348,-0.001038408340393159,-0.0008191483243573858,-0.0008426095624184162,-0.0008809229534268503,-0.0006880215240450667,-0.0011460812906663484,-0.001152503184689127,-0.0007232178239306246,-0.0007280569300780923,-0.0007156115534329971,-0.0007365627072800794
KAZ,ssp245,mri-esm2-0,-0.004826194300273871,-0.0010118983159922532,-0.0006734317807677498,-0.0013903570519717206,-0.00012909631908493383,-0.0012760096699275443,-0.0011697903589867457,0.00013904856657838348,0.0005632605542358497,7.598938888844847e-05,0.0007911122951740783,-0.0012759093166757167,0.0017146173714244258,-0.0006989340451217692,-0.00044251630214942647,0.0001046986692616286,0.0013749900228444865
KHM,ssp245,mri-esm2-0,-0.03366181060878284,-0.023943430625024388,-0.01442796954132233,-0.02186598113824769,-0.012725516378946582,-0.011305105694893205,-0.0068358139555786115,-0.009146421062072625,-0.013184573422004634,-0.008577927460350151,-0.0060289489100325,-0.004131093963266464,-0.0062804545547061495,-0.005224799111526477,-0.0032617461885023876,-0.004887624834764263,-0.004245979243831757
KOR,ssp245,mri-esm2-0,-0.0012263979376962457,-0.0031532826328359636,-0.0034357741273816286,-0.002415459570893053,-0.0030500824162299016,-0.0019031634474915712,-0.002138559741060404,-0.003065335931149715,-0.003180100558361829,-0.0019730180886670962,-0.0027455764346603377,-0.0029442280427544334,-0.0027072513666112825,-0.001942530492297028,-0.0035510469036130338,-0.002944244723986733,-0.0022300070542569848
LAO,ssp245,mri-esm2-0,-0.0048901668726541525,-0.002213195949670853,-0.00019419399687920102,-0.0045898108249333505,-0.0017788855849733625,-0.0012781743562198312,-0.0014103089243222937,-0.0011859582121243077,-0.0023059070510025887,-0.001186024043399335,-0.0009152782346660145,-0.0008785910940987243,-0.0011899699732647211,-0.0013718888747991365,-0.0006857146073226336,-0.0018899949930791752,-0.0011057104532099778
MDA,ssp245,mri-esm2-0,0.005210325999522821,-0.01780493406077029,-0.0028419755191967885,0.0021073109910033005,-0.015609304436238248,-0.018498443687182183,-0.0056181536942760376,-0.002488781483177758,-0.020752497695483527,-0.00759528103423628,-0.0032020292350673244,-0.017718664061226474,-0.010361287561478638,-0.022180514191963912,-0.0072038683420105115,-0.006271716189784357,-0.0013475930252030124
MEX,ssp245,mri-esm2-0,-0.0009739163071744239,-0.001464480322404826,-0.0004918162441903475,-0.0012922429575039152,-0.0006261972135128384,-0.0011139897744750801,-0.0007779502989348352,-0.0009236723400508608,-0.0007339577708061399,-0.0009326406164077231,-0.00047184018898375454,-0.0004928709216460815,-0.0006787015853383293,-0.0005182000042146077,-0.000676023766636607,-0.0004623665097237384,-0.0005785319333857546
NGA,ssp245,mri-esm2-0,-0.0032814125996560002,-0.0035782695232114536,-0.0009149515587341733,-0.0008124574146695985,-0.002942952884563868,-0.0014262164615550027,-0.0014735157152730406,-0.001017608422880977,-0.0010301207838974795,-0.0010680075955967162,-0.00081658043412348,-0.0005323356644205102,-0.0006239548900231248,-0.0004607367061828732,-0.000337598172348038,-0.00024732893084271595,-0.0003346005198975429
NIC,ssp245,mri-esm2-0,0.00101930874289468,-0.005931835220802853,-0.0012061261192851211,-0.0016946559054850112,-0.003094729844050371,-0.003809611150462404,-0.0018719866874050677,-0.0016350562587889555,-0.0018201191052786944,-0.0017077932067663755,-0.0017884712703792102,-0.002125790761090229,-0.0015169685134325836,-0.0011077159215197377,-0.0009428843113491765,-0.0007057316289838133,-0.0006873725429689818
NPL,ssp245,mri-esm2-0,-0.0013373708685553304,-0.007273348912483456,0.004250001228636984,-0.005845400326744821,-0.009797702172152898,-0.011174945201940333,-0.003854937755139834,-0.008857320440243772,-0.0081725138668227,-0.0074532910021560626,-0.002046802512745161,-0.0037279741648506186,-0.004250781976694143,-0.0038053457404831326,-0.0036237516877474793,-0.002647808710765088,-0.002580385257541142
PRY,ssp245,mri-esm2-0,-0.9406133860367409,-0.2804599021442122,-0.19917101979349325,-0.30115524230809493,-0.12134074423457428,-0.07883844628110989,-0.1360678986854395,-0.2914311009883442,-0.15569289184234558,-0.12197287873165379,-0.10727431951166438,-0.12680676985241177,-0.08205231606300185,-0.10445082260968638,-0.09561426319637366,-0.06528366212547043,-0.06736486182213973
ROU,ssp245,mri-esm2-0,-0.0023134036163143037,-0.008132978150673103,-0.0038653771534387796,-0.0028707825847242388,-0.008559978364851156,-0.010609968420354544,-0.006213942839863576,-0.002992067429601508,-0.01234470946413453,-0.008122972638330063,-0.003170135781578302,-0.014567329639005255,-0.009515490802012283,-0.01673644464638391,-0.009037752036616196,-0.007428697802563515,-0.005036137365007892
RUS,ssp245,mri-esm2-0,-0.0026605532928605335,-0.00046101906170493826,-6.66331270899578e-05,-0.001806263347941321,-0.0021529831608912897,-0.0026857213717011857,-0.002912437985393089,0.0005080112365439986,-0.00035399422820002653,0.0010144970516439609,-0.0012990788900947069,-0.006317020391550279,-0.0021627193190204563,-0.003046830809730888,-0.0006282259839432098,-0.0009913781063360457,-0.0021309972187187488
RWA,ssp245,mri-esm2-0,0.005051711024118248,0.002476899228892834,0.00010755010555705604,-0.005152135287231864,0.0015252115598849477,0.0008626332659329021,-0.001023057553765454,0.0008937043350972691,-0.0004387320142295362,-0.0007935583439804212,5.004954616673205e-05,0.00026017712072669557,-0.0009201079049821275,-0.0003506796816287517,9.651547661670743e-05,0.00011026409610434922,-0.0007697327645134917
SLV,ssp245,mri-esm2-0,0.0006231444557770498,-0.0024333232707608246,-0.0012568638493420509,-0.003051865178268032,-0.0015958266620018917,-0.0017932496062016477,-0.0015561475872975582,-0.001079960234650704,-0.0014668490658250218,-0.001811222120187207,-0.0014731229120142357,-0.0012008065144186088,-0.0014578556296055388,-0.0010792475461852433,-0.0014941599739842436,-0.0008411314191984229,-0.0009824157478194703
SRB,ssp245,mri-esm2-0,0.04413824991582846,-0.02088344898910332,-0.02534426522460008,-0.013142233119251537,-0.036486662127036114,-0.03687479939229697,-0.02737648471444611,-0.026783638684346918,-0.03218656073663611,-0.018810891402550288,-0.009913093135061704,-0.07270218258493882,-0.0503545337367297,-0.07045304177460675,-0.019016581282362832,-0.005597350778812522,-0.009085448499558717
SVK,ssp245,mri-esm2-0,0.0034628571042923445,0.001550072411078551,-0.0024834712756808073,-0.0002578315429316681,-0.0021665576750132857,-0.001732982004093823,-0.0010969037125220177,-0.0014662431137725588,0.0009066826764094348,-0.0002751552354708986,0.0006163254392565749,-0.0015026337730600606,-0.0021530162148707056,-0.0033687294643154984,-0.000255248990699265,9.191664283433336e-05,-0.0005265254145497611
SVN,ssp245,mri-esm2-0,0.00035682848399384013,0.0004578409664979316,7.254053163026696e-05,0.0003443398844089428,-1.5050923979836707e-05,0.00019181008491710435,8.370711794971078e-05,0.00021036688567310232,0.000324134927362155,0.0002754467202202141,0.00015567139951547053,-0.00010253263776768744,2.8279611929396774e-05,0.00010467852814448381,0.0001507022981522658,0.0001604231080222985,6.126021476118802e-05
THA,ssp245,mri-esm2-0,-0.00035945799685074137,-0.00022496440273755177,-7.079507155852244e-05,-0.00040977232588246384,-0.00023137362546888458,-0.00013890323903441995,-0.00013378072504570537,-0.00023032719688038833,-0.00029252292800698796,-0.00017184192727060166,-0.0001439849117411676,-0.00014706602903125592,-0.00023348651027353285,-0.00020316812266723137,-9.142884820237312e-05,-0.0002468670887751348,-0.00020819614996967365
TUR,ssp245,mri-esm2-0,0.00011140453268354283,-8.081413334193102e-05,-0.00014250350056876768,-1.559943595226151e-05,-0.00014527724495846554,-8.406394864357278e-05,-5.781719247807927e-05,-6.501838261415536e-05,-5.941615559760897e-05,-6.406256695032917e-05,-0.0001221115084645972,-3.456000855291921e-05,-0.00014157945712384856,-8.465768868706903e-05,-5.0303340155286583e-05,-0.00010739068634932252,-3.2645583858674526e-05
UKR,ssp245,mri-esm2-0,0.01832920910233479,-0.019086547238691784,0.004723938961675511,0.007010306130645422,-0.04974785123253354,-0.06687914662414088,-0.025713836255122448,0.01588961442099646,-0.04918076115979357,-0.01212709899369583,-0.008193287926663198,-0.05456634774189706,-0.03360680689762665,-0.06589101700883869,0.00012606803718322074,-0.015503806183769862,-0.001458386366296596
URY,ssp245,mri-esm2-0,-0.0917547091690529,0.008134370689385427,-0.06544836651065639,-0.016566816783562817,-0.002063006703914046,-0.03784509799376876,0.003099516907142326,-0.04166748090636667,-0.02992923375830976,-0.008075463526583684,0.0022633197464341447,-0.030843578036191924,-0.04193902954873194,-0.022028079012719106,0.0005747750698424388,-0.027916968486206523,-0.024170438585047433
USA,ssp245,mri-esm2-0,-0.04173275345238479,-0.034982518951722386,-0.008742285072914356,-0.018863496144503167,-0.02216146491589982,-0.020519344583508015,-0.034035537114760366,-0.026446483903881282,-0.026320942846735328,-0.019981256840073916,-0.02433815356123021,-0.012309864352308082,-0.023967405015988274,-0.023137736468898194,-0.019391124159704065,-0.014644646937535475,-0.03040220303477557
ZAF,ssp245,mri-esm2-0,0.001790610393775687,-0.01594111465032019,-0.0015900298475619557,-0.007996927563708286,-0.0071864308554903675,-0.005881641490030634,-0.003020821725824482,-0.0017730007133915696,-0.002521699891678127,-0.003988772171238748,-0.0030516000531814135,-0.004135909191960616,-0.004029618449621017,-0.0027814044158905146,-0.002317282828622496,-0.001590983313217675,-0.002512333251671725
ZMB,ssp245,mri-esm2-0,-0.009195833211920013,-0.04376548770909691,-0.005506604351642905,-0.01615057173067308,-0.0014429795005258066,-0.008492621967392984,-0.006834316195917743,-0.005648423066212579,-0.0051604402702984985,-0.005635684327573132,-0.0018118746378036326,-0.0019616163302534745,-0.0026885542588888593,-0.0017753390997323037,-0.001017073183620739,-0.0013591800883490754,-0.0011277971647857103
ZWE,ssp245,mri-esm2-0,-0.0040642110241337764,-0.06975929806621602,-0.02721520196144108,-0.03203879250265883,0.002013541953367701,-0.020903902979029804,-0.014271461293828894,-0.011618519006328633,-0.011500571091847647,-0.011092431226325083,-0.004964359423032981,-0.004359416299380249,-0.007108274874812595,-0.005257488247413822,-0.0030970111998210523,-0.0041658175823076436,-0.0038487830972500593
AGO,ssp245,ukesm1-0-ll,-0.0016596468204161505,3.2155164341163467e-05,-0.00041599123213539147,-0.0005719810024453596,-0.0008693690116467864,-0.001217141878949971,-0.0015847443530617943,-0.0013991163743049132,-0.0009770361183487088,-0.000720976561321015,-0.0005085625674227017,-0.0004600787230890198,-0.0004781282115640795,-0.0003587155170979674,-0.00029426831498716085,-0.0002704794993336566,-0.0002493422079435752
ARG,ssp245,ukesm1-0-ll,0.01370650563990767,-0.011714887568592994,-0.013857327751704295,-0.00914270745719343,-0.01269879491513927,-0.008554734434730931,0.0011246660446190468,-0.005561007223899904,-0.004217852713378674,-0.005889316508585021,-0.008719452119114467,-0.0076582308753079895,-0.0073019122970987395,-0.006453873221565769,-0.006789782820310717,-0.004885611436223201,-0.004581468722962321
AUS,ssp245,ukesm1-0-ll,-7.688564388981781e-06,0.00019112215312163663,-0.0002571667175602757,2.2379987727984753e-06,-0.00025982494023751537,-0.0002567812490655069,-3.154090371506197e-05,-0.00017418130123841803,-0.0001308686935288142,-0.00018536305572109424,-0.0002546879308726227,-8.305885986023903e-05,-0.00022900580154629972,-4.347895664807968e-05,-8.898477903218724e-05,-0.00017637740895293775,-0.0001576883668827405
AUT,ssp245,ukesm1-0-ll,-0.001799039808761662,-0.002938871622445682,-0.0010420521103108812,-0.0033289949209001656,-0.0028262767834070354,-0.0020425217707153095,-0.004661594043531689,-0.0029115470625435775,-0.0008843822506264637,-0.0025378418088271315,-0.0050725815987115435,-0.004428180704202631,-0.004148310713897142,-0.002244871111021343,-0.004174420190060506,-0.0033032717860469194,-0.0046217604974950624
BDI,ssp245,ukesm1-0-ll,-0.003400556737010165,-0.0023914224210483856,-0.0005942429948250158,-0.00014479724117282173,-0.0006893086392172396,-0.00022042596073814388,-0.0004960713893388802,-0.0002708091994674286,-0.00032739621207535915,-0.00015223519593534086,-0.0002744759251155913,-0.0002416416283178329,-0.000147967041171297,-0.00010542980986168262,-9.162739668240393e-05,-0.00012207986257674295,-0.00010664248342394272
BGR,ssp245,ukesm1-0-ll,-0.0008029831328350527,-0.002480249244771307,-0.0006787098920351211,-0.0019095969793741015,-0.002360139722195472,-0.002579328217125438,-0.0026183534336872527,-0.001971380122698074,-0.0024698728955310344,-0.0026327899895279075,-0.0033446845057378116,-0.0034837986116445286,-0.003589788222093977,-0.0018265695288225085,-0.0034786424407293646,-0.002553692675701932,-0.003843169189512542
BIH,ssp245,ukesm1-0-ll,-0.004112796515210278,-0.01536168452417645,-0.0023261344404545375,-0.011944223804824334,-0.006453822881778625,-0.009067216976670019,-0.015129031930014535,-0.004642006052157166,-0.008076010699653042,-0.015327797335666367,-0.02914892230393182,-0.03230981752252499,-0.03670432783514754,-0.01634747536188151,-0.0494463109845123,-0.050069235066433314,-0.06431380885894529
BOL,ssp245,ukesm1-0-ll,-0.6614957686514817,-0.363172920501815,-0.7395357497376757,-0.3216471289772286,-0.6421377978622735,-0.4540357142411893,-0.2893407175254038,-0.3633772108853153,-0.26638263019342345,-0.2588313882196249,-0.2825500568457609,-0.17575226526980223,-0.18842284736232304,-0.16857410917508192,-0.14779881401428116,-0.1492903047176482,-0.11982171581371896
BRA,ssp245,ukesm1-0-ll,-0.48090225140073356,-0.1563268888419891,-0.3901495383734758,-0.18529162694346638,-0.3599172204437041,-0.3060863646558411,-0.21808876944129318,-0.28371666847710386,-0.24408321582375211,-0.25501771610100044,-0.26224681033988084,-0.2088502227614134,-0.24645771380143455,-0.21496594510662706,-0.19122654718642745,-0.22756319294062352,-0.1706846763246689
BTN,ssp245,ukesm1-0-ll,0.0012097420754534113,0.00018446279008907843,8.266001137082274e-05,0.0001374857285892474,7.815933027152478e-05,6.41488052373824e-05,6.536768826212289e-05,3.867642178255046e-05,5.091527113440524e-05,4.800594245565358e-05,2.7997498303360312e-05,3.8005687615316e-05,2.0661691542462188e-05,2.1911674792772804e-05,2.5125361386014935e-05,2.0141779848313292e-05,2.1098945063618095e-05
CAN,ssp245,ukesm1-0-ll,0.0024659037771912608,-0.03251820971335191,-0.009227100749400422,-0.015890409284506614,-0.020467714759174787,-0.018829602254779122,-0.015794363223782335,-0.014773866651175964,-0.013477423354189862,-0.01758751655717962,-0.021436211623804657,-0.017824646604119025,-0.01257194508105021,-0.020548108876591656,-0.015244538201645145,-0.009743397864840835,-0.013758445746578123
CHN,ssp245,ukesm1-0-ll,-0.008525968764292347,-0.014290873538191976,-0.006429904153210694,-0.006505849016387103,-0.010913418130930413,-0.010884810235329036,-0.010802240093656344,-0.011367776670402861,-0.012424063708450412,-0.012218094899605061,-0.012131996794125409,-0.011797713737536356,-0.011668911928714606,-0.011706053708927251,-0.013059448253603743,-0.015758011267243403,-0.015097380438714125
CMR,ssp245,ukesm1-0-ll,-0.001350725652180586,-0.0018209905684354673,-0.0011351352600711588,-0.001174330400382665,-0.0012126195386981036,-0.0006966923850093172,-0.0007378845496086921,-0.0005772913862410574,-0.0006763880257934479,-0.00046234850372730755,-0.0005282442554181241,-0.00039719761337748277,-0.0003550791819658783,-0.00037073335990977867,-0.0002750033918056743,-0.0002880616193432107,-0.0002466073960896074
COL,ssp245,ukesm1-0-ll,-2.5785486325796902e-05,-0.0017280536966724296,-0.0032090929637734696,-0.0012983636217732922,-0.00269719053327898,-0.003224113826438332,-0.0021322972100797618,-0.0024715078789394607,-0.0021082734259463744,-0.0019526212974931229,-0.002816920034672597,-0.001541390502811286,-0.0017291620476847618,-0.0018035726844518687,-0.0014491301482476495,-0.0018541076017126355,-0.0013859902269711254
ECU,ssp245,ukesm1-0-ll,-0.004397200134021368,-0.004458173247037233,-0.004461420478831086,-0.0023211587366435468,-0.0038169848879053996,-0.0035109206443785664,-0.0026726008411399275,-0.003082272136432545,-0.0020205076390368394,-0.0020539655832086884,-0.0021769639703031925,-0.0015326353211083717,-0.0012397388417886026,-0.0013299497060475951,-0.0012102961597215591,-0.0012875369725475797,-0.00104897025495221
FRA,ssp245,ukesm1-0-ll,-0.0016194143071046618,-0.0011573333551604865,-0.0008299473905439843,-0.0012465640350818527,-0.0012797508904385366,-0.00042669576184172284,-0.001032911896372722,-0.0010051578570911964,-0.0009584019137294535,-0.0010509937002629176,-0.0013862856194214051,-0.0015364604668781443,-0.0012422570646409997,-0.0009014755527498347,-0.0008807990199971158,-0.0011656978499388448,-0.0010884885814851808
HRV,ssp245,ukesm1-0-ll,-0.0077221191114143686,-0.11835558059983357,-0.01756688490436552,-0.10410362746719401,-0.05959986478359748,-0.05711642598084602,-0.16781122807903592,-0.045880559019193815,-0.05171584809669065,-0.10212937523582126,-0.27033748904781124,-0.2775075028093553,-0.27798681269051434,-0.10480696569150438,-0.29741671935028335,-0.27346082526762694,-0.3314738606567538
HUN,ssp245,ukesm1-0-ll,-0.0028775177765981413,-0.004496728628034053,-0.0001285963992022664,-0.0038183471605884615,-0.0029293472278840204,-0.0025995371140633146,-0.006310898896432037,-0.0020964885953878606,-0.002125738125801982,-0.0030844157666351894,-0.0071508643440700275,-0.006976115576001047,-0.0070085537973539665,-0.0023494209011030967,-0.006852892142355651,-0.005891643879698469,-0.006978761708898884
IDN,ssp245,ukesm1-0-ll,-0.0030406180851703453,-0.0021787765416099803,-0.0029882412506832593,-0.001948619314235548,-0.002465463109929018,-0.002474967618638523,-0.0015611198973401641,-0.0019894720197041844,-0.0016444199525194486,-0.0016680341565674876,-0.001914503615290512,-0.0016311169552297143,-0.0016382042420949833,-0.001182541024926611,-0.0013092184842392644,-0.0013594609861952466,-0.0011928770165483618
IND,ssp245,ukesm1-0-ll,-0.01235168832450271,-0.011951078976748578,-0.013465722659376005,-0.003334174535638505,-0.009866186304027458,-0.00781864850471827,-0.013944568444657277,-0.008006596191819539,-0.010682153253775691,-0.010967427632839024,-0.012066073945160917,-0.0072143474558122485,-0.005459684135649369,-0.007547891532538661,-0.005662080018968757,-0.006992102835935264,-0.005702298014698324
IRN,ssp245,ukesm1-0-ll,-0.0024064237394341883,-0.0010918758809272627,-0.0005366153917246154,-0.0007276714982457461,-0.000671463893944711,-0.0005038301335091806,-0.0006824809060761686,-0.0005725461173697607,-0.0006295935782121667,-0.000452452736366033,-0.0003657691512517082,-0.00032657804191947305,-0.0003795217674442682,-0.0003966699186234454,-0.00034870842139003916,-0.0003268538369087173,-0.00030213064317456944
ITA,ssp245,ukesm1-0-ll,-0.0017232004849556826,-0.0022349158428755056,-0.001795978858541306,-0.0032564851712406184,-0.002725262155560072,-0.002007440361064129,-0.003405577720041821,-0.0020462063852074897,-0.0019232943592881106,-0.0031982822055087643,-0.004390221691761873,-0.0053179483205837205,-0.004761781175701048,-0.0031005091773730026,-0.003984916667939093,-0.003969382115802883,-0.0044676344583352715
JPN,ssp245,ukesm1-0-ll,-0.0006037730428322106,-0.0009554424915185271,-0.0006841508579301453,-0.0011325752084584062,-0.0012047493544420048,-0.0010785861398658536,-0.001306470821525582,-0.0018169272965951422,-0.0019310734702792849,-0.0014487605381306396,-0.0018085851371228742,-0.0009808300709669101,-0.0014444658511803122,-0.001754815326080684,-0.0016589796550382102,-0.0017912372823219369,-0.0015589366031931672
KAZ,ssp245,ukesm1-0-ll,0.0010695124861144019,0.0006760387974995964,-0.0013451693244524014,-0.0025144760586354453,-0.0009974165578792826,0.000934425970107517,-8.910987317100934e-05,-0.001218567404527649,-0.0014478588636324503,-0.0015151451263050448,-0.0026981054307603407,-0.0005921214367182811,-0.0017242413022562316,-0.0017329495348099358,-0.0022810171041677597,-0.0007496388824875025,-0.0015453021784662415
KHM,ssp245,ukesm1-0-ll,-0.046537246637855675,-0.02925663658485988,-0.026134227697820856,-0.02055611984383127,-0.016009745568700953,-0.021611225593806495,-0.014233258565722384,-0.016954637250133447,-0.014653103255094255,-0.012532034428711897,-0.012001085121139489,-0.010317139770527232,-0.00832105072829459,-0.007493245916394159,-0.006738544897773718,-0.006555615144829686,-0.00543844391686689
KOR,ssp245,ukesm1-0-ll,-0.0008309993800570736,-0.004677116444858406,-0.003067543714911976,-0.003169177418299824,-0.004286378939734078,-0.0032503255615777666,-0.003752564946683839,-0.005725341180264713,-0.004493062927220477,-0.00512642064921855,-0.00438543257041891,-0.003297629209386204,-0.004516169449895632,-0.004125140601303737,-0.005484927177776999,-0.005056781645339446,-0.004932569817128441
LAO,ssp245,ukesm1-0-ll,-0.012425177972763874,-0.001529881111580713,-0.0018871181308014846,-0.004269114480385727,-0.001820844129019274,-0.005254753550642147,-0.001808125564446053,-0.002958418661872808,-0.002702407905203298,-0.002565517452073856,-0.0034650530050076905,-0.0030607305347509287,-0.003904525704130926,-0.0022762754364512514,-0.0017333193495673472,-0.00274203938648081,-0.002359944778922103
MDA,ssp245,ukesm1-0-ll,-0.023207922132027797,-0.012700191048753683,-0.0045594984386842586,-0.01774711463039115,-0.020676600221823424,-0.021060902824142524,-0.02568602525714389,-0.018464918385941487,-0.012589065484868909,-0.012708157751916955,-0.02326496311453051,-0.019778332463878116,-0.023388580682190862,-0.0126233277035044,-0.021379275605917562,-0.013322438460261632,-0.02194020301555168
MEX,ssp245,ukesm1-0-ll,-0.001382707322020453,-0.0009786459856476796,-0.0017329756310161973,-0.0011972099246796352,-0.0014421023157498575,-0.0015343348469203635,-0.001176974397274489,-0.0007894200670467284,-0.0010737874276775799,-0.0011042437207798312,-0.001017200090264247,-0.0007933822117753921,-0.0008992499550621704,-0.0007834521994076783,-0.0007743932793160354,-0.0008438739370141574,-0.0007425000103200924
NGA,ssp245,ukesm1-0-ll,-0.003247806286371059,-0.005825914517311631,-0.004955082348219619,-0.0030508997208400198,-0.003707813887505521,-0.0014680953490861944,-0.0023783943624157353,-0.0015476965428755662,-0.0018740644467681912,-0.0011485680970693757,-0.0012811985197624183,-0.0008325881278469184,-0.0007467819016470626,-0.0006954485842016054,-0.0005179106142769869,-0.0004893151108944712,-0.00039508065637232777
NIC,ssp245,ukesm1-0-ll,-1.634685753490675e-05,-0.0021721373996606416,-0.005545468851514119,-0.004308221117123233,-0.00913493730861465,-0.00900538866126982,-0.004676793929970146,-0.0035399178020369603,-0.005044879169639688,-0.004170099857369552,-0.004236001893941731,-0.0037145909771695894,-0.0032858759144461435,-0.003239150258879299,-0.0022602268076122103,-0.0028493508181252195,-0.002755906982717999
NPL,ssp245,ukesm1-0-ll,0.0020733654902776884,0.0032872641696658593,-0.0032601239000271277,0.0009917940927990066,-0.002919612500660763,-0.002580207230212992,-0.00037080203307215433,-0.007745148114796017,-0.004096485858263074,-0.005131035228814398,-0.0024896989814824255,-0.00169334757044308,-0.002831677440531344,-0.004758440076813092,-0.002219766448798445,-0.002081387797270101,-0.001524047220761234
PRY,ssp245,ukesm1-0-ll,-2.411511534534525,-0.08684168127246591,-0.7456827417768792,-0.45251442016212157,-0.7422433358484379,-0.5976984209124334,-0.2770007324415786,-0.3530090461269603,-0.3249824141424238,-0.3462768239610958,-0.28565522462272436,-0.31510735225798836,-0.3154122516704859,-0.23650505971784683,-0.23288468420870231,-0.22104620150426316,-0.14761476024642797
ROU,ssp245,ukesm1-0-ll,-0.01006130940131668,-0.009329867308535345,-0.0037095494556711275,-0.009078471166723228,-0.010682958212377221,-0.012473054707167353,-0.013900855446834438,-0.010749042095099633,-0.010959869525825061,-0.012374406336097911,-0.017217449799215995,-0.017545785743775067,-0.019081501541839647,-0.010503158250293791,-0.01918893761503912,-0.01552280574942192,-0.0218052453068579
RUS,ssp245,ukesm1-0-ll,-0.006506479642948293,-0.007234805282069998,-0.007567858685668363,-0.013981523015590337,-0.009647964543864442,-0.010490746555500984,-0.010824603694013979,-0.011263734301872929,-0.012898466232726157,-0.010175383071752949,-0.013998153195703099,-0.013214916475534907,-0.012169103955448636,-0.006845646869305757,-0.01295110843686254,-0.0065602942398891575,-0.014521135970622132
RWA,ssp245,ukesm1-0-ll,0.00028280800444422337,-0.0006938405029369292,0.002284788488854466,0.001901572277636486,-0.0006456170076249644,0.0006532407558455082,-0.0010840446925468959,-0.00043077986062714594,-0.0015359989002298013,-0.00023176426303496685,-0.0013550304577565715,-0.0013184463779865303,-0.0005699991280747425,-0.00032235928252824535,-0.0002945171925008996,-0.0009103371370537113,-0.0006038059942819447
SLV,ssp245,ukesm1-0-ll,-0.002140291986390447,-0.0016327404482117537,-0.004370143789989181,-0.004007071770783706,-0.005052352299844943,-0.0043517757823675115,-0.003284418170000612,-0.002604480804120619,-0.003162748752485016,-0.002940328905821535,-0.0031004863765390317,-0.002921963563326362,-0.002656866267994638,-0.002541369079658349,-0.0021150047714793324,-0.002489258328604903,-0.002493778780472514
SRB,ssp245,ukesm1-0-ll,-0.031637301952702146,-0.0561806774341931,-0.0047661572504616445,-0.0431733276335373,-0.025468591393541566,-0.04938404145265755,-0.05540422290433857,-0.016420771542649072,-0.0316028942204098,-0.06810485193082644,-0.09122341809301218,-0.10279161692863922,-0.10561822406617787,-0.03659502351429056,-0.1121822673108269,-0.09658440812192859,-0.11903105433916993
SVK,ssp245,ukesm1-0-ll,-0.004448702867089517,-0.0039826329575777825,-0.0011656697629865572,-0.003830745238797269,-0.003422674840148568,-0.0017345301081729194,-0.006032534173700638,-0.003143280998358927,6.888250734848281e-05,-0.002406818756530758,-0.008088308313847348,-0.0063361279271208475,-0.00653151595690836,-0.0036516779589431106,-0.006746041790635154,-0.005663033986597588,-0.007866228618859829
SVN,ssp245,ukesm1-0-ll,0.0002839820176140109,8.861600900424287e-05,4.164333415308517e-05,7.447034501681893e-05,0.00037708527758956194,0.00028329647984119975,0.00010506601268434728,0.00013472504972856947,0.00025227727397426593,0.00013148001949681747,-0.0002961846909382081,-0.0004018146020367217,-0.00034129346229753315,2.8024716469854858e-05,-0.00022284222337629343,-0.00016816502048725028,-0.0004875371283752498
THA,ssp245,ukesm1-0-ll,-0.00059634451212042,-0.0003609470326610965,-0.00038843460181039346,-0.00036522984569193956,-0.000354436861971904,-0.0004758936093197684,-0.00023255528693793659,-0.0004017417414754986,-0.00035114758830432524,-0.00035068396592375343,-0.00036494668791023024,-0.0003590237829366892,-0.00037907632188310123,-0.0003394398314063806,-0.0002888894038698783,-0.0003299353392651163,-0.00031105953689454405
TUR,ssp245,ukesm1-0-ll,-0.00027901775857845705,-0.00018221799395293326,-1.097378937117995e-05,-0.00012529261853819242,-0.00010666003495529266,-2.452257707148264e-05,-0.00012021811520679459,-6.920612194426588e-05,-0.0001341383703921721,-0.00010854932035773536,-6.500996573106775e-05,-4.8902770352866865e-05,-7.849599401281179e-05,-0.00011052796057264385,-0.0001000832755651886,-0.0001096744917805376,-0.00010524987454134042
UKR,ssp245,ukesm1-0-ll,-0.12316125419048407,-0.009763202350688583,-0.005335665704696555,-0.08673475318912678,-0.10349396081459773,-0.07934514708109237,-0.10300250171486575,-0.07869539903865942,-0.05678116707459695,-0.04594496779698244,-0.10265548754161552,-0.061682172320431786,-0.07791711304791112,-0.04997956363033225,-0.06821113689135329,-0.026573797024820604,-0.06945610099967318
URY,ssp245,ukesm1-0-ll,0.025642535875485525,-0.03040744611586151,-0.027009831697174663,-0.030245574756888303,-0.05851150767964018,-0.03589740669896082,-0.004257253585128218,-0.02409328433973565,-0.02068128793212774,-0.026966948578010755,-0.05146728283019245,-0.0469052837780321,-0.04346377573158544,-0.051061850052412976,-0.0420753815246996,-0.029423802025909516,-0.030181309482590728
USA,ssp245,ukesm1-0-ll,-0.01336861238713305,-0.06193772351789492,-0.03643869192901784,-0.05331491674149543,-0.05521099671248047,-0.053834128319233156,-0.04007845700054042,-0.04957678334145658,-0.049810614809443286,-0.06106793078666444,-0.053426020124569505,-0.048366872419144516,-0.04955173465771935,-0.06110709638584846,-0.05043248951216929,-0.033682546462801076,-0.04738440565392439
ZAF,ssp245,ukesm1-0-ll,-0.0037150918337089302,-0.0015734497965771274,-0.01736422340216129,-0.0018463489678056631,-0.011320512712802955,-0.012950511016818829,-0.006058067213079312,-0.009803661424567539,-0.007669282201271373,-0.004747741898979965,-0.005936442351880241,-0.007253577342992103,-0.004672846013795541,-0.00550841586224799,-0.005428160734201391,-0.0069786300542171685,-0.005368522703087996
ZMB,ssp245,ukesm1-0-ll,-0.020309396537398678,-0.004028310053436092,-0.03838390008928736,-0.0048456747527201,-0.020825378257195066,-0.00696386373519165,-0.012661004766602877,-0.006572894433508307,-0.006873052226692814,-0.0054215609620888484,-0.004466833059712208,-0.0038478842177969473,-0.002409067959608583,-0.0013255876161702024,-0.0011728871219350708,-0.0017439525809868953,-0.0014388448465534843
ZWE,ssp245,ukesm1-0-ll,-0.006975192493371978,-0.004057415123275777,-0.04745379095837165,-0.017986887880745782,-0.03434837870820986,-0.011381919252733916,-0.017493527053444233,-0.01820207955559058,-0.012590136984327857,-0.009454224749021205,-0.011177459145169698,-0.010100704798183384,-0.006770463912459731,-0.0032318870230735384,-0.00383310921728627,-0.004383673884565495,-0.0046903329497704
AGO,ssp370,gfdl-esm4,-0.0006562920046445081,-0.0016688120762349853,-0.0009442062068616509,-0.0005156577665822005,-0.001411907045477037,-0.001093195853358985,-0.0013856962772793957,-0.0016736211650197775,-0.0014036180078601252,-0.0013778859866577621,-0.0011657549167035878,-0.0009116567037212187,-0.0008005845888496211,-0.0007136663345927572,-0.0007204380540722755,-0.0005182847233592159,-0.0005523121516300236
ARG,ssp370,gfdl-esm4,-0.0553142222836967,0.01117798489598748,0.001053848189636673,-0.006299390165302619,-0.004179334173717087,-0.008261890370818913,-0.001155711803674465,-0.006296381928237415,-0.004505789526697131,0.00039940873890171577,-0.006327029536585401,-0.004545635519241805,-0.004163683687813646,-0.00697317762978654,-0.002786962325072102,-0.006718546387665542,-0.007154353251783703
AUS,ssp370,gfdl-esm4,-1.744634708427993e-05,-0.0002930396331812649,-0.0003524905704682725,-0.00018366090211227267,-5.688403019542486e-05,-0.0003323727055458553,-0.00022384432706735536,8.612438342231085e-06,-0.00011736454846280376,-0.0001675620044995789,-0.00024041249445591064,-0.00011954305471078463,-0.00013639012709726206,-0.00032627681102271325,-0.00023227964330619656,-0.0001745008666679527,-0.0002392764446134396
AUT,ssp370,gfdl-esm4,-0.0008685271120554078,0.0024285478454874293,0.0008029933154452617,0.0008570313918555678,-0.0001365574830906073,-0.00017573352536843828,0.0006761074158010751,-0.0016780193798269275,0.00046075298145898085,-1.6813970791417045e-05,-0.005089138179086519,-0.0006611752573751958,-0.0034661059512985115,-0.0025980595075505365,-0.001966513505009831,-0.001360468572584386,-0.005086083838493966
BDI,ssp370,gfdl-esm4,-0.0008573733956010209,-0.0012360098618877525,-0.0003009657684958792,-0.0003122751768848817,-0.000679171529727287,-0.0006136367661299747,-0.00019151638279372407,-0.00048584187755851033,-0.0003764554055614416,-0.0007010032353006156,-0.00046715176282055993,-0.0005069338959838327,-0.0003359436137750426,-9.03292374309155e-05,-0.0001721656403447125,-0.0001615158902303131,-0.0002096523059868106
BGR,ssp370,gfdl-esm4,-0.0007103948982252881,0.0002288402645425624,0.0004313101760608782,0.00025701223927463297,-0.0018579122404265049,0.00011012501693601128,-0.0015258255351965834,-0.0020205872399735943,-0.0013376189392437336,-0.0014447680437188165,-0.003029196381024857,-0.001632405387419727,-0.002905521752174708,-0.0034452337865056647,-0.0033240697488726837,-0.003218684103381836,-0.0032725439023770383
BIH,ssp370,gfdl-esm4,0.001998936270852812,0.007015922758182419,0.0034910232135919803,0.0009439325905487793,-0.009946472270513514,-0.0017468656664948712,0.0008563790634539609,-0.007546113727418521,-0.002005027033396464,-0.0006979137147062323,-0.009103454491889101,-6.533662699003193e-05,-0.01839302843353132,-0.018007200269738566,-0.013189196390993538,-0.014387389416236442,-0.021970427836457605
BOL,ssp370,gfdl-esm4,-0.0724437957351393,-0.5289032542663576,-0.39397924145648955,-0.15615129670153272,-0.03936572431447026,-0.5563071050295285,-0.49392346120287955,-0.18688441440586154,-0.4928005560341339,-0.46708143192968965,-0.25233395090279553,-0.28554686177683236,-0.2520911560764105,-0.26660280189105773,-0.24601692716314222,-0.1957255355013741,-0.22591424426062087
BRA,ssp370,gfdl-esm4,-0.07197157583273198,-0.14546871800387315,-0.21189138676122343,-0.08593704857073312,-0.1077415576918766,-0.30476443970154815,-0.19856302766639194,-0.2591768367317694,-0.32929713724752097,-0.38319078315239735,-0.2581658318734717,-0.32827525663577706,-0.34207100184343037,-0.37606817433954376,-0.4368541387356615,-0.37340854272638524,-0.3845010512714684
BTN,ssp370,gfdl-esm4,0.0006180878414907048,6.592558636017575e-05,5.717679245153758e-05,2.265871743484554e-05,-0.00014728890500651602,-1.0347267860998731e-05,4.234793007792879e-05,5.710457582931248e-05,3.0245285907341367e-05,2.7828967158372237e-05,9.91173847894942e-06,6.320469659110061e-05,1.4910726527152522e-05,3.9444543551142054e-05,3.847051791760265e-05,4.03457639095055e-05,3.648803964659938e-05
CAN,ssp370,gfdl-esm4,-5.048076429914291e-05,-0.007707035068217994,-0.0020840735766558764,-0.003883968880190408,-0.0042105656043918745,0.002815471096532938,-0.009280616210459076,-0.008719759121811466,-0.017046194685383452,-0.0026700862733699897,-0.014405327006729784,-0.007558360233163272,-0.0003335518115441034,-0.0033440383591554256,-0.007682466066501516,-0.0019093630235024468,-0.010492524921384931
CHN,ssp370,gfdl-esm4,-0.0045974434617517745,-0.0019093326841826842,-0.004513331448376403,-0.005260308799212147,-0.005794007933017122,-0.009188636238679146,-0.012528590209091282,-0.008688509413512851,-0.007761971599751692,-0.010100690397404268,-0.01391434401126116,-0.008594956919706725,-0.010510684478556654,-0.012892061491907175,-0.015110225093192136,-0.015327486862958055,-0.01574355192580405
CMR,ssp370,gfdl-esm4,-0.0023349873144925316,-0.0012734833690985516,-0.0016070221152538378,-0.0016471310852206262,-0.0013918124184707562,-0.0018017493259781985,-0.0011050287305505275,-0.0007805766508381383,-0.0008839067128977133,-0.000925922464444596,-0.0006075761642895008,-0.0006840233499923873,-0.0006745171375630829,-0.0006712874754626276,-0.0006571014943859286,-0.0005160340906554522,-0.0005141597984354405
COL,ssp370,gfdl-esm4,-0.0013261866764160443,-0.0025211018656618746,-0.0004937149340399872,-0.0015193849345501536,-0.002085351035137277,-0.0021706418013361134,-0.0025028700865994476,-0.00116408110374936,-0.0034045104357067445,-0.0026294530525779267,-0.002605927620119447,-0.0027977949504004664,-0.0024582403560298237,-0.0034967039771721907,-0.0035816361377383685,-0.0033014691496482855,-0.0028967607139984267
ECU,ssp370,gfdl-esm4,-0.0012747051287951713,-0.00451875764885246,-0.0011318437295807318,-0.001676944961790013,-0.002974114341109277,-0.004048254054100884,-0.002550491280966432,-0.002313516601019759,-0.0034811535448172892,-0.003224824742504369,-0.0025898511795332934,-0.002413308305543021,-0.0022358130004185486,-0.0022078808563658846,-0.0023442686254497402,-0.0019234010201859156,-0.002000404137138405
FRA,ssp370,gfdl-esm4,-5.1128798096230734e-05,-0.001284691013956757,-0.0015423156844498497,-0.0009624628348347933,-0.0009696304805845079,-0.00094698956482817,-0.0009518984249253132,-0.0005733125107824752,-0.0008236035242198863,-0.0007714222454111595,-0.000894963825167884,-0.0011833290242327832,-0.0013751058226459303,-0.0010406333362431158,-0.0010993507156460078,-0.0012317466218418319,-0.001221064435606512
HRV,ssp370,gfdl-esm4,0.004686328337224288,0.061745535758932255,0.03742081277526908,0.011643973148457273,-0.11298122715224737,-0.005488859856002981,0.014736979985190107,-0.12954565981992494,-0.04397102520969381,-0.02836999791727231,-0.15661940650353173,-0.0071686860223434115,-0.28545312018660746,-0.2655699465602058,-0.1861394585447654,-0.2513730377402065,-0.3421867244696032
HUN,ssp370,gfdl-esm4,0.000839171483099286,0.0014251773895789077,0.0011968813322996866,-0.00014180493056109976,-0.004558079899855165,-0.0005515206238911524,-0.00020792587346260964,-0.005225876537241988,-0.00044757695075166884,-0.0006987165797882452,-0.005494658644116144,0.0004969009376835036,-0.007085339820123743,-0.006726349079238964,-0.0046727948691087364,-0.0068085617095324244,-0.008260082273837597
IDN,ssp370,gfdl-esm4,-0.0003195520186905835,-0.0028825747946726998,-0.001199301709828357,-0.0015932616816039626,-0.0012650508488332545,-0.002424346645266379,-0.0008586644562121427,-0.0008238435576864514,-0.00267453454865754,-0.002496340058190617,-0.0016608601738346753,-0.0022096276863268803,-0.0024118074778152585,-0.0022013122430508403,-0.00238497299857686,-0.0018146358932850338,-0.002611982879311954
IND,ssp370,gfdl-esm4,-0.023423689020529985,-0.014817807695755305,-0.008578808354837937,-0.027134786836211525,-0.01589654163120065,-0.026874481109090936,-0.005109314509896049,9.699101440498028e-05,-0.010547438965501012,-0.010434323635914783,-0.01298397197967727,-0.002176709061943643,-0.015809716216061486,-0.01696009090019276,-0.012541449488486404,-0.013659469958113074,-0.014040390122287529
IRN,ssp370,gfdl-esm4,-0.0015079197714280102,-0.0005407726026803234,-0.0009268821802583422,-0.0006673096354093072,-0.00027475755660573225,-0.0006606936732151858,-0.0008025644495035122,-0.0006462667089038918,-0.0005345587897083838,-0.0005857544997407304,-0.0006406429151043812,-0.0006068474246819603,-0.00048238501886627784,-0.0005516136669370595,-0.000418840163481804,-0.00045201619205118487,-0.00045522274816568015
ITA,ssp370,gfdl-esm4,-0.0029069210117607675,9.875852976589822e-05,-0.002065008972782798,-0.0018365625411267796,-0.0034009810836992606,-0.002296603308930409,-0.0014310970248814015,-0.001118330784393477,-0.0014262393916813566,-0.001743212769868329,-0.005636613126260431,-0.004066925036140765,-0.005506651664576098,-0.003735957592949428,-0.004373898511135757,-0.004632679722196504,-0.00546599512912389
JPN,ssp370,gfdl-esm4,-0.001062462848683225,-0.00043274006281071695,-0.0005236198025875194,-0.00047505767802501534,-0.0005980106651372352,-0.0008768968600566403,-0.0014255716305767042,-0.0010304638333368584,-0.0017416627410993578,-0.00124636293435926,-0.0011924016440715266,-0.0016201613817143554,-0.0010938717480511318,-0.0017765712669796316,-0.0017047989012902386,-0.002111642245324588,-0.001505414723609628
KAZ,ssp370,gfdl-esm4,0.001695235425592828,-0.0013285079720240262,-0.0013351458022509482,-0.0016839126677054242,-0.0008351370803624676,-0.0005028208185728519,0.00016553640190257544,-9.268993671700932e-05,-7.007615910440895e-06,0.00041382462239869316,-0.0002833236897136017,-0.0012172458157750374,-0.002276413452847889,-0.0018823556883898562,0.00025001973720557554,-0.00048652384722437333,0.00024094456968833317
KHM,ssp370,gfdl-esm4,-0.015920547270137208,-0.014672991432439325,-0.02311164394888802,-0.012982491022629154,-0.010170476396313858,-0.013244378457596209,-0.010496864589955553,-0.011126077164050886,-0.013587546912105994,-0.015230827056153855,-0.015538687533597445,-0.009548092066759226,-0.011702044532157464,-0.010787500097532017,-0.012154953944357923,-0.008883345293583726,-0.01015775038350185
KOR,ssp370,gfdl-esm4,-0.00048347158716796076,-0.0025120877969239536,-0.0008263525743956477,-0.003291623167703689,-0.0003085896715431726,-0.0022907364045843446,-0.004547851242937512,-0.0016321617322847329,-0.0035970380371902868,-0.0030533835000859494,-0.003258476317981215,-0.006266378941293571,-0.0034256119753747695,-0.003996085416994839,-0.005993135055525486,-0.00436762229717767,-0.0036971993684074556
LAO,ssp370,gfdl-esm4,-0.0037697889431741244,-0.005860876865490826,-0.003548466980399326,-0.004264340076907299,-0.0011147441583256544,-0.001402799651385307,-0.001901865919989204,-0.002497155193631799,-0.003469670614341892,-0.003920352554221342,-0.0033086399617602872,-0.002433025938013864,-0.002397005007995018,-0.003854507118896019,-0.0035438695737104284,-0.0026950241926988216,-0.0031913557989382006
MDA,ssp370,gfdl-esm4,-0.012556441714147343,0.01130960721140103,0.008790313930721093,0.007379439841426056,-0.006497620204571621,0.00251396792917139,-0.011341168201017134,-0.024367034534714446,-0.004187958929377965,-0.009981469934023835,-0.021554620767291203,0.001052069315277231,-0.024466491726530648,-0.02264262301040827,-0.021778214698441573,-0.025319543272955543,-0.023479550491308177
MEX,ssp370,gfdl-esm4,-0.00103419009196951,-0.0013351182442125247,-0.0011649824148440534,-0.0004915409560285115,-0.0006737086763321598,-0.0014272963746963874,-0.0015447979938031768,-0.0008825359807947362,-0.0015890858604080892,-0.0011888625561567766,-0.0009421362590812384,-0.0013304119569329971,-0.0011256978230322172,-0.0013087176297461901,-0.0013111055000312084,-0.0009986897587660113,-0.0012110473212426885
NGA,ssp370,gfdl-esm4,-0.00829359089775831,-0.0021563054018056953,-0.0034896732022550534,-0.003733881164581346,-0.0031269396790964505,-0.003429337327798077,-0.0032108639361185846,-0.0023230069588860147,-0.002268644733297667,-0.0020206878430312674,-0.0016097805426261813,-0.001518925248697653,-0.001341973549932503,-0.0011883539847161075,-0.0010621125621227679,-0.0008442767347048299,-0.0007830151325489224
NIC,ssp370,gfdl-esm4,-0.0007066819391006056,-0.006809004127224488,-0.004742017707860892,-0.003145774308075978,-0.005715655446104785,-0.006668272362498996,-0.008580065711878668,-0.0029869987448462683,-0.006048422825294493,-0.006065968948463657,-0.0029986456772420006,-0.005593286826800687,-0.004334268640880841,-0.005451837065761054,-0.005258171899486762,-0.00359641350582444,-0.004156508843752026
NPL,ssp370,gfdl-esm4,-0.0008124243188067439,-0.01218863352362999,0.001034634728568589,-0.0038447660084322344,-0.0058637768452852665,-0.0075309618882270155,-0.0007911502082454462,-0.0015874202353568848,-0.007868392679665721,-0.004788326421024534,-0.004057170373223078,-0.00321108085643311,-0.004130257249276214,-0.003382710466490981,-0.004422167850400898,-0.0049964017097917715,-0.00517750853090484
PRY,ssp370,gfdl-esm4,-0.048846682245702426,0.21406787957313722,-0.2139163789828068,-0.0650251407999123,-0.10709830835948038,-0.42068635642299257,-0.21249051207609237,-0.29419286890417223,-0.3011972028455406,-0.2505567948298332,-0.213218784352557,-0.22232566760661351,-0.16930194637630924,-0.28818584771895916,-0.32778549707933646,-0.16968764584352083,-0.2187480859436796
ROU,ssp370,gfdl-esm4,-0.006887606305555077,0.0018375605240049996,0.0015730502261787473,-0.00042504917381368126,-0.007502740808132458,-0.0004821133201902461,-0.007409704844124264,-0.011633619814352023,-0.005297091760264347,-0.00687833460221427,-0.0148975048910382,-0.006189979260540275,-0.017336716715819017,-0.01826689848745967,-0.01831955663418245,-0.02022467831219509,-0.0204316465592687
RUS,ssp370,gfdl-esm4,0.0019224192161805469,-0.0012194198811371721,-0.0019319435496940986,0.00033210488234231624,-0.008063713184731518,0.00027095778188247576,-0.0015907594392614022,-0.010473836726700467,-0.001419503906343694,-0.005145968774129022,-0.007819237786284086,-0.008135513365715101,-0.0016496667918463532,-0.006264407701141578,-0.007734321330648614,-0.010552970717359377,-0.01095326450487738
RWA,ssp370,gfdl-esm4,-0.0026442042985245773,0.00012692325684346366,0.0014925821890639458,-0.000886975558750634,-0.0027428168358850143,-0.0019173648542269181,0.0010532771364557434,-0.0012831261045279188,-0.0008824518962625334,-0.002749518528203615,-0.0012520033052806207,-0.002521589334348876,-0.0009059725322346199,0.00025096656574452364,-0.00011628411852843406,-0.00024089234365144978,-0.0006854381186984519
SLV,ssp370,gfdl-esm4,-0.0001961687807047526,-0.0017658779034998345,-0.00033044152802662015,-0.0012598372065907146,-0.0016505532671304089,-0.002347182310213899,-0.003275314993766583,-0.0014931896644491034,-0.0033854252180318054,-0.0023332672707797146,-0.0015757737650628203,-0.0027961705916069815,-0.0023817729413448067,-0.002691097931840908,-0.002757249554618021,-0.0018448580301884654,-0.002182645188728479
SRB,ssp370,gfdl-esm4,-8.965083076343111e-05,0.02392292448959828,0.018665321060632147,0.0016515551632405082,-0.04871545721611619,-0.006032995865541395,-0.000593740913516052,-0.03788965819351182,0.004349467944220932,0.0055909368163226825,-0.04548441714708397,-0.007166324727484612,-0.09303046044881753,-0.0984850176118493,-0.08611709189475784,-0.0859448094317698,-0.1164370870647828
SVK,ssp370,gfdl-esm4,-0.0026157949587616086,0.00581790062407388,0.0018540733051376312,0.002054754280506141,0.0012991773920894563,0.00012459186176481092,0.0015155801258137402,-0.0008335817649783841,0.0020536315769865915,0.001389907128572302,-0.005457380386894511,0.0006732914182762841,-0.0020982416713735855,-0.0020116496003365738,-0.0009465789161276853,0.0001407503120756791,-0.004871290460005034
SVN,ssp370,gfdl-esm4,0.00021309324491847258,0.00041651030283506555,0.00017166512094847497,0.00039215198543011336,0.00025951155439507957,0.000348356026323637,0.0003438759328837406,0.00023489364958505736,0.0003949758799092016,0.0002802232186711877,-4.9537036744231156e-05,0.00024819451043318067,7.966864096485102e-05,0.00012593890374500212,0.00019642707583956468,8.338667052990508e-05,-8.362995768756049e-05
THA,ssp370,gfdl-esm4,-0.00027338051840393045,-0.000370405695918785,-0.0003911499137913657,-0.0003585854872960964,-0.00017348032513142094,-0.00023831557114627032,-0.00030283385244028667,-0.000254025854231416,-0.0004324613848425455,-0.0004959141602293236,-0.00051934576713636,-0.0003940922046897244,-0.000461722639361436,-0.0006050672619827389,-0.000591482523533273,-0.0005524643717799382,-0.0005976571821009613
TUR,ssp370,gfdl-esm4,-0.00014087785222703203,-7.157578683573546e-05,-4.135453647172312e-05,-0.0001437779832784608,-2.469585310219201e-05,-3.858772848584049e-05,-0.0001155451163774873,-0.00021061303741258202,-0.00011016540671778112,-0.00020644953520003993,-0.00019819010623105273,-0.00017680102288382703,-0.00015868862658421692,-0.00021867733908208247,-0.0002132030400729017,-0.0001472873878609288,-0.00022596196588659678
UKR,ssp370,gfdl-esm4,-0.026300362031732884,0.060758211470897196,0.058244691566679836,0.05186212849055802,-0.005751664093513582,0.04205322998185969,-0.00015375186995043703,-0.09542484938097749,0.004279386341650075,-0.06200382093451148,-0.06698861540611142,0.031088450952723928,-0.039379850015225926,-0.07359526579128035,-0.022030735823350342,-0.07643494854200804,-0.08617814523292282
URY,ssp370,gfdl-esm4,-0.14348801944990797,0.04086255434367261,0.011819686371321542,-0.044135734670196596,-0.01577171320174028,-0.03516572699850324,0.006671945717034074,-0.036242116698757536,-0.002504199979087482,0.008542318374404733,-0.03599879863865014,-0.03335768642453571,-0.014268312279273556,-0.03983674074202667,-0.018931963596151513,-0.025540003117561588,-0.040352789997588304
USA,ssp370,gfdl-esm4,0.0002186620935498531,-0.02167981523746997,0.004855242294945202,-0.02150257454304401,-0.030179802063521364,-0.019568301383748397,-0.021110864977946273,-0.03554793387334437,-0.04775673801503606,-0.03296962060486365,-0.05749275200524858,-0.03256960276610358,-0.02335513114574271,-0.03921423024188642,-0.0365053025631319,-0.033196920170926396,-0.04485395876427155
ZAF,ssp370,gfdl-esm4,0.00015669758821461658,-0.008125099453708599,-0.007596952606402752,-0.002002090229992893,-0.004403277978416644,-0.011991890921291772,-0.004549453112640072,-0.0034926342553987335,-0.010334731516496701,-0.01332440952835228,-0.009809593742922132,-0.006682917257378083,-0.0068731277914053195,-0.008107537664518983,-0.010390004001555764,-0.008206033495521469,-0.008605255425626073
ZMB,ssp370,gfdl-esm4,-0.009771407820272906,-0.018154770934250664,-0.02106503539413602,-0.006225368564140562,-0.00995435386038732,-0.01675106079157591,-0.007580184917914218,-0.0030324084542129545,-0.00717426303301765,-0.006564674211524445,-0.004181059650469888,-0.004473970615759744,-0.003793394854005148,-0.0041114269246188126,-0.004345593035732468,-0.00214138373842634,-0.0025481707117054873
ZWE,ssp370,gfdl-esm4,-0.027930058969049782,-0.03795973120961683,-0.03140686865947594,-0.010700852760859452,-0.018848850061046786,-0.030961710661251873,-0.011128935558404258,-0.013292944762926931,-0.020167974247846828,-0.01781672170031357,-0.009896974738137401,-0.01028108366311657,-0.009806570618237219,-0.01062685332762826,-0.011597163176072761,-0.007473521237096957,-0.008524294370663934
AGO,ssp370,ipsl-cm6a-lr,-0.0003100872841450572,-0.00028036904072545956,-0.00041477256708110716,-0.0009674886398729278,-0.0016053875146540269,-0.0009425067612295715,-0.001959401760899723,-0.001116852240620287,-0.0007774900555237553,-0.000600058146436088,-0.0008300143913005422,-0.0009788441943317707,-0.0005759105109027302,-0.0008555961296559568,-0.0006916348947029293,-0.0006159510912486354,-0.0005514265358632737
ARG,ssp370,ipsl-cm6a-lr,-0.03920741309777326,-0.014461799729782683,-0.01748192875333224,-0.0031620701794906727,-0.0039684525182129785,-0.007040692996150646,-0.006614131958016634,-0.008030727007066925,-0.009951345857738715,-0.008987652631856375,-0.014147803042781888,-0.009564834043733119,-0.009482195353737255,-0.01224775608548835,-0.01002136250377568,-0.008504004203434013,-0.008632810355940547
AUS,ssp370,ipsl-cm6a-lr,-1.3310260328322499e-05,-0.00030331143996289057,-0.0004657060034560495,7.802775156201745e-06,-1.4426298725392334e-05,-0.000308243900710469,-0.0002533192456449014,-0.00011724969226699561,-0.0002418891341740724,-0.0002335305627442365,-0.00018271785118295937,-0.00027754243648960827,-0.00021203979431397757,-0.00030240226948683786,-0.00036577321972959895,-0.00016789664122671567,-0.0003424218153856977
AUT,ssp370,ipsl-cm6a-lr,-0.00036893685118264807,-9.713355303737667e-05,-8.54596484876594e-06,0.0002933668081934683,-0.0021517478839893347,0.0011841982458595218,-0.00027278386702589717,-0.0026147987715977182,-0.00046189850170054203,-0.005356567594681163,-0.0032920971332782685,-0.0038225121585029114,-0.006252475775378991,-0.0020421849796302817,-0.0036074480433306967,-0.007572628528240512,-0.003065896768482784
BDI,ssp370,ipsl-cm6a-lr,-0.001694387859494039,-0.0010060841709963121,-0.0009213474573752156,-0.0007738599614906141,-0.0007473254144028715,-0.0006085656258932062,-0.0006983543755778265,-0.000163942526620628,-0.00012600978098845095,-0.0003243128492553905,-0.00014656437859983078,-0.0003182724452258518,-0.0001538300056584188,-0.0004872403018931538,-0.00044912695807513544,-0.00028073835320245426,-0.0002113980020499995
BGR,ssp370,ipsl-cm6a-lr,-0.00048224465014524764,-0.0013701453113497144,-0.0009676957665138202,-0.0003780618404103752,-0.0010466951007371296,-0.0018022949729780034,-0.0009194716155760523,-0.0016556265282662548,-0.00160105881951434,-0.002932388517910428,-0.0018917550524936509,-0.0026449198868185014,-0.00401177008212177,-0.002113713084444821,-0.0028675098237992405,-0.0031333894588415965,-0.0025066325924196194
BIH,ssp370,ipsl-cm6a-lr,-0.0011132787520833,-0.0015322868555917822,-0.0014539384773682366,-0.0005910807323206959,-0.007263841023587395,-0.007302559830427811,-0.005019989070089912,-0.011899123031377946,-0.008760008952485163,-0.011421117099662351,-0.013774325040340247,-0.018473474598899746,-0.023702178721305752,-0.0074186321225042165,-0.014472911574019913,-0.025353022303351958,-0.011220804707185915
BOL,ssp370,ipsl-cm6a-lr,-0.34343838736343363,-0.4045733703753257,-0.3394230308680622,-0.6325061888751804,-0.26642373128081626,-0.31144226157855703,-0.29350549802945514,-0.32358305924451336,-0.254145058937069,-0.27943352471804367,-0.11516446020675065,-0.3021188290078011,-0.2595960137766906,-0.37559347809220267,-0.28412104842804053,-0.2543053723850697,-0.2703066194355376
BRA,ssp370,ipsl-cm6a-lr,-0.10151948520933057,-0.18234857850397526,-0.15757751045747434,-0.14279631619703684,-0.1510677963259741,-0.1447646225479807,-0.1714080801894028,-0.2999951092755252,-0.3228294689609365,-0.2818034587616965,-0.2652742333813152,-0.3174424652744113,-0.29651172724889807,-0.5053722113773024,-0.4429164695090767,-0.44221473964345687,-0.49589699923423086
BTN,ssp370,ipsl-cm6a-lr,3.4786808159720468e-06,0.0002137504347079536,0.0001424601896342679,0.00010434694634398413,9.885359914222139e-05,9.422386225970489e-05,0.00010595837685131929,7.736627122450803e-05,8.12303250368309e-05,7.803320369598417e-05,6.720717499613203e-05,1.8856590688885087e-05,1.0115499386646563e-05,-1.6107005743276474e-05,3.0257205033132933e-05,8.929964685926399e-06,-9.66479224320306e-07
CAN,ssp370,ipsl-cm6a-lr,-0.003710227044938318,-0.0012428771794621245,-0.009462493686669899,0.002182099262264459,-0.001656013272665101,-0.012252537718472185,-0.006948131344227407,-0.01931683954608643,-0.004705613855658555,-0.01015751716099177,-0.008194692165595976,-0.01107288461312446,-0.01874624103054264,-0.004563256917829107,-0.015833559873342663,-0.02155332460243361,-0.017454872021548478
CHN,ssp370,ipsl-cm6a-lr,-0.011936204494787496,-0.006686399877296997,-0.0065468419610881685,-0.008654103705662022,-0.009221214072919235,-0.004276229825336951,-0.01050095082538416,-0.007504485293119858,-0.013637530872744873,-0.017720365148369145,-0.01377570102756089,-0.019546440432361204,-0.019639380775729364,-0.024993479079580168,-0.021723480354679657,-0.022387262763443713,-0.02610828456785453
CMR,ssp370,ipsl-cm6a-lr,-0.00010050354935851835,-0.0024919327846577677,-0.0013454394197518745,-0.001104742533271977,-0.0011563359888083656,-0.0006687610556219642,-0.0013064168200874564,-0.0009431058351717293,-0.000554543680950234,-0.0005908176368172218,-0.0008140119484725546,-0.000710256225119342,-0.0005196419517503815,-0.0007386186259934745,-0.0005666341613926732,-0.0005578728148711588,-0.0006401860467577585
COL,ssp370,ipsl-cm6a-lr,-0.0008869086341551961,-0.002912096520556906,-0.0011159082079785381,-0.0021946128403612197,-0.0008274414924056623,-0.0022662863547037357,-0.002633303806856465,-0.002898529670397618,-0.0022369930449384523,-0.0029661968050794844,-0.0019427727366217945,-0.0028465731728421644,-0.001923726730540099,-0.003345440582173286,-0.002853949534317972,-0.0029244819681537243,-0.003122603650907372
ECU,ssp370,ipsl-cm6a-lr,-0.0019232902795570772,-0.0022598017792371124,-0.0014546667256282169,-0.002207779303434504,-0.0024844562937228784,-0.002281616735215056,-0.002715449262646435,-0.002323147198893153,-0.0018519127807440406,-0.0021912118544105052,-0.0024582991358967528,-0.0024148676889142683,-0.002505927530638311,-0.002487055047342131,-0.002281832457312201,-0.0023966713905315268,-0.0020913628704894898
FRA,ssp370,ipsl-cm6a-lr,8.967798088376674e-05,-6.129995228439855e-05,-0.0004969433809589478,-0.0009931165502042921,-0.0017185860395320036,-0.0009234498775914766,-0.001175318170426606,-0.0010885410108327864,-0.001277889619585817,-0.0017335982311905496,-0.0017406976372648679,-0.0015563996084951943,-0.0015853405049692333,-0.0011310739455664212,-0.0015057480705124588,-0.0016828198103049337,-0.001151889363516728
HRV,ssp370,ipsl-cm6a-lr,-0.0030137057734573613,0.0005466507793882029,0.011336653911193796,-0.0015476589878030528,-0.08172674677183907,-0.049054823917915984,-0.056913226280669665,-0.15948786277275942,-0.10628939634271505,-0.1917096152677746,-0.25498295353642436,-0.2512839055607716,-0.4029638741797699,-0.14355341947814507,-0.261602113682989,-0.44441412836511696,-0.1819536285725496
HUN,ssp370,ipsl-cm6a-lr,-0.0009545235009858446,-0.0006145017937667604,0.00030030086384595254,0.00017676455075313173,-0.002717855105105996,-0.00042475322089816395,-0.0010212594240292811,-0.005193377111803004,-0.002608663025442723,-0.005186513496176755,-0.0056648245786819346,-0.006507139644958525,-0.009422206711027217,-0.002994520564347155,-0.004948645544954412,-0.00972643637696303,-0.003967343211002076
IDN,ssp370,ipsl-cm6a-lr,-0.0008173970847143758,-0.002760206399053419,-0.002742685336952301,-0.0020577352412116576,-0.0015025769002217203,-0.001865169374805486,-0.002869835375726459,-0.0020367758971448517,-0.001851935147002155,-0.0019539287490200844,-0.0028537718645148093,-0.002438066506940956,-0.0031133065186374257,-0.003457129753669851,-0.0034420585189594804,-0.003209395465220492,-0.0034493192288044656
IND,ssp370,ipsl-cm6a-lr,-0.023204448902771627,-0.028592232747118963,-0.0069483631066570035,-0.024793891672960387,-0.0019084522395257303,-0.007932779878987365,-0.019763281954453937,-0.026130529010733754,-0.02619033791149119,-0.020485282972180257,-0.016058809809908862,-0.015917015158963196,-0.01816493671032204,-0.02880867379840591,-0.025054097544640972,-0.023869131679899014,-0.023643955931501114
IRN,ssp370,ipsl-cm6a-lr,-0.0007003936011504143,-0.0002419317162285394,-0.0006120316797680339,-0.0003356870524037918,-0.00047859698282078913,-0.0003201426845942094,-0.0006648587363649712,-0.0003153404379143799,-0.000574480404081145,-0.0005300159095219337,-0.0006436442585746738,-0.0005507172571798968,-0.0005983828152874631,-0.0004909837420823665,-0.0006115491444261073,-0.0005940362652687316,-0.0005633624684678977
ITA,ssp370,ipsl-cm6a-lr,-0.0010781662226963722,0.0001364255953992912,-0.001503901869081402,-0.00024734878303264533,-0.0037789281432915166,-0.0035684330260137096,-0.003350653792995017,-0.004493663104076184,-0.0046917400379612615,-0.003985065483091443,-0.005557649840421235,-0.005102850562281644,-0.00682580636838295,-0.004359515856670253,-0.005098667764450976,-0.006357026851949326,-0.004542489765606966
JPN,ssp370,ipsl-cm6a-lr,-0.00019855252153083296,-0.0007590661715210498,-0.000441621322736037,-0.0006835042661968414,-0.0008062609714889256,-0.0005487805260526412,-0.0007681623044625443,-0.000957035005350464,-0.0008211747974662435,-0.001540325643498629,-0.001196196685126662,-0.001139816858327534,-0.0015202366122867982,-0.0023587919942846514,-0.002025653795739543,-0.0017135679085827937,-0.0016459645841250799
KAZ,ssp370,ipsl-cm6a-lr,-0.0006798376933768132,-0.0014128306672951778,-0.0010225194321526574,-0.0006160948243588038,-0.00036168580638273364,-0.0005117327426789379,-0.0007076713151698349,-0.0005341893258399439,-0.0021528873874838614,-0.0020866280798952593,-0.0019416957668671223,-0.0025574456948353028,-0.0003610805594149254,-0.0012725047020981394,-0.0036493568073718975,-0.002926207618118258,-0.002398769155620857
KHM,ssp370,ipsl-cm6a-lr,-0.034857368030139654,-0.03980605214601328,-0.019966457674098697,-0.013394329899435684,-0.030966371815994043,-0.023769515644997685,-0.016440015013345622,-0.018471030706949155,-0.01834604236091636,-0.017979721868962233,-0.01727999483355959,-0.01852505394447349,-0.01545402805541795,-0.016710743588274974,-0.014717462852167202,-0.014797753530915324,-0.013900109786172113
KOR,ssp370,ipsl-cm6a-lr,-6.340526612474586e-05,-0.0012632815284163653,-0.0016687080943616924,-0.002938960974417513,-0.003373725516146864,-0.0010917408866506061,-0.002906271636652595,-0.001980305735449237,-0.0012170997196373854,-0.005115586579819538,-0.00278834939642456,-0.003749352849992361,-0.004546620497962133,-0.00559387789607375,-0.004335635081324887,-0.005433257879175608,-0.005174911013853609
LAO,ssp370,ipsl-cm6a-lr,-0.004539888612565885,-0.004347166542094685,-0.002309832897761571,-0.0050158692542777005,-0.004325338285783608,-0.0038910445573518745,-0.004488299597644032,-0.003144948548449301,-0.0020140755896869227,-0.002201454228378024,-0.0010215079262625732,-0.003364498992408875,-0.004583289104864949,-0.004899917033018332,-0.003544184889853263,-0.004047137524780427,-0.0034467679873214393
MDA,ssp370,ipsl-cm6a-lr,-0.0038269421488499582,-0.011159630370671476,-0.001488418812983698,-0.002665974875819418,-0.0012084563034558916,-0.007456549503053683,-0.005445957282206316,-0.011648004482310877,-0.006380290822352557,-0.022495409329247602,-0.017448345948618046,-0.020199070067890453,-0.03693428725504898,-0.019786059867432974,-0.021015470379309245,-0.028569960497879795,-0.019473733923642475
MEX,ssp370,ipsl-cm6a-lr,-0.000813122172238045,-0.0014079738536387921,-0.0005366590850778856,-0.0010814459731005967,-0.000707012405475686,-0.0007384986889462499,-0.0013837819744433636,-0.001229543305278393,-0.0008422330768859771,-0.001351714774492891,-0.001347559800311506,-0.0014075698951289733,-0.0012419773804238218,-0.0015148308427311646,-0.0013993245761777745,-0.0013929066994394414,-0.0014115847010473565
NGA,ssp370,ipsl-cm6a-lr,-0.002728640610643095,-0.006811284762954617,-0.004930665159418986,-0.0038837843893506237,-0.004669417530609158,-0.0019179807250822797,-0.0040493521556655915,-0.002370033512929563,-0.0015159432864034167,-0.0017765773808086072,-0.0021789995499197656,-0.001819856224438207,-0.0015114264477955823,-0.0014854745567077531,-0.0012047751395096958,-0.0011065330869034283,-0.0010621390951804962
NIC,ssp370,ipsl-cm6a-lr,-0.005109057803033986,-0.01173980013182696,-0.003968243247850599,-0.009134024137497284,-0.004585201379742691,-0.0071400326597854825,-0.009073202910262285,-0.006238848160003325,-0.0064510856088687415,-0.00763934327841514,-0.007455502968621543,-0.006141514555804166,-0.006351895884603824,-0.006030540230423721,-0.005732008047573659,-0.005309108392890923,-0.005544295497413424
NPL,ssp370,ipsl-cm6a-lr,-0.011323274383870676,-0.004797233790717016,-0.0031092600659749768,-0.012228619887034047,-0.006515608468405052,-0.004805455728814904,-0.00876525308046239,-0.00895712069065204,-0.007918157975342222,-0.009149372030441055,-0.007982879399921983,-0.007736337689592812,-0.008914412815952906,-0.009450799483551564,-0.012372678010156346,-0.008677907183257444,-0.008783305717238492
PRY,ssp370,ipsl-cm6a-lr,-0.7146103267737567,-0.4158819065507152,-0.2691363953322321,-0.3321814145993472,-0.18398588540812785,-0.2608751556951116,-0.15776058639559787,-0.3186791939978254,-0.3813735876981225,-0.3498822810636429,-0.3199933804321771,-0.2502539104577064,-0.2582036577991657,-0.4437722238289309,-0.3268551894669121,-0.3341255842530872,-0.30868992017150804
ROU,ssp370,ipsl-cm6a-lr,-0.003999232706636897,-0.006070040033465335,-0.002734110933063982,-0.0019682779620523376,-0.0047989634520103994,-0.007313135173466561,-0.0038627836345642027,-0.009434180904666713,-0.007222943207767608,-0.015318124003871067,-0.011348188724601485,-0.015574493351196556,-0.022184784201042716,-0.012590369280078787,-0.016855651826844738,-0.020460749249664425,-0.015286637557970049
RUS,ssp370,ipsl-cm6a-lr,-0.0035714466503170244,-0.011220813360614843,-0.0037732575788755967,-0.004301310643108242,-0.008467212647602385,-0.0037367056699701626,-0.006416205889378789,-0.00680447092943085,-0.012157374859320011,-0.012856530799177599,-0.011829117341242158,-0.01435934912093668,-0.02039362090622245,-0.020134288241456067,-0.02496355836415897,-0.01970043197872388,-0.023079444749027327
RWA,ssp370,ipsl-cm6a-lr,-0.003823471527335092,-0.005043083954104416,-0.002309170936289006,-0.0026909206697809333,-0.00039958456003604583,-0.0007095100620860305,-0.0009920531465584638,-0.0003147346515990261,6.360051685760722e-05,-0.0007167563104301564,-8.278688682479725e-05,-0.0018538337125686686,-0.0002743598473355883,-0.0030724687295900443,-0.002113751465331953,-0.0006156411296712519,-0.000708069727492615
SLV,ssp370,ipsl-cm6a-lr,-0.002225711413064173,-0.005178098490636299,-0.0024513182813937794,-0.004616389509529093,-0.002257628421880803,-0.0026888831620199907,-0.003729916390897542,-0.0034000420159498454,-0.0032030271477802076,-0.004059291709372584,-0.0036927555702365926,-0.0034805785197868614,-0.0031258101008718796,-0.003249920454823108,-0.0029748069827861315,-0.002799685156515497,-0.002870988093881743
SRB,ssp370,ipsl-cm6a-lr,-0.02164946033547494,-0.00803584605622783,-0.005807477051810882,-6.86683048676452e-05,-0.019806502048386528,-0.022049294642059618,-0.012520332105859126,-0.055268596601747,-0.04406742882358481,-0.07296390332937801,-0.05136730666398695,-0.09554458716235015,-0.12562042031969903,-0.03144826504751471,-0.07195188398364857,-0.130345601658689,-0.05042449165785046
SVK,ssp370,ipsl-cm6a-lr,-7.042560370336812e-05,0.0010303227667321992,0.00027592055710539727,0.0010914829486115608,-0.0019095624945891765,0.0020052537703433007,0.00045098601941911514,-0.003048487711282266,0.0002550280832225738,-0.005897041038032495,-0.002650766209320773,-0.003143105626204115,-0.006319920786386581,-0.001564655985294749,-0.0025842149459362755,-0.00724344842012436,-0.0031794551739311406
SVN,ssp370,ipsl-cm6a-lr,-0.0001343991418651409,0.00016912428956573013,0.00024070693093827938,0.00024660152178889615,0.00030335987769873043,0.0002973361570624536,0.00012763474046287865,-2.0163082145961555e-05,-7.200393381713323e-05,8.144224258478978e-05,-0.00034431706225696945,-0.00016534061075966448,-0.0005898261570158495,-0.0001302183105224181,-0.00013038423534232453,-0.0004777860843853051,6.946284782606786e-05
THA,ssp370,ipsl-cm6a-lr,-0.00026854364093794236,-0.00031721544235295893,-0.0002718134200321016,-0.0005429529330227708,-0.000574783193906408,-0.000526524660425762,-0.0004960848503810012,-0.00044238927656019365,-0.0004676299254358386,-0.0005373955385211355,-0.0003446372708443031,-0.0006765134614707183,-0.0006791731114311146,-0.0007521077397838647,-0.00069664461314751,-0.000710298894334829,-0.0007227751047377703
TUR,ssp370,ipsl-cm6a-lr,0.00010258987480757736,1.4730717622653971e-05,-7.111595069902069e-05,-1.9429371506384717e-05,-0.00015008989698996942,-1.7345728102685237e-05,-0.00013883851035912382,-3.2731908751897337e-05,-0.00016495811167354366,-0.00010309072178366635,-0.00013364870958880318,-0.00019767279460644523,-0.00019540509650649708,-0.00012587971973903632,-0.0001797307422613466,-0.0002140283257700682,-0.00023090714365892238
UKR,ssp370,ipsl-cm6a-lr,-0.08387929647278053,-0.062399465709558045,0.006270719637222149,-0.01656579043806517,-0.009388589200420185,-0.03663319329025411,-0.052921351754931074,-0.044034494816352576,-0.03797091502369112,-0.11411014926692087,-0.08659336434862182,-0.07523645793782768,-0.15118561298237954,-0.09331152131676522,-0.10281174019953133,-0.11291249239547876,-0.06662190779966291
URY,ssp370,ipsl-cm6a-lr,-0.09760662445638381,-0.04003028531144461,-0.06104922745800213,-0.0026243791186509767,-0.021568783450878693,-0.021165261733682335,-0.024320740171040807,-0.025574484588698796,-0.03395393663389336,-0.02513106419432326,-0.06892394023990474,-0.047090682584725214,-0.04249034915627971,-0.04752022259105515,-0.04308429291065849,-0.031173763485517578,-0.03852419920021112
USA,ssp370,ipsl-cm6a-lr,-0.028220532517880786,-0.0476518003386628,-0.01878049432724805,-0.005735949470493133,-0.013319702904230754,-0.030018895277419293,-0.01569988439194457,-0.027258527375135563,-0.05064640770546498,-0.032887671259483636,-0.042157336930780186,-0.03814427049152344,-0.07002041107566259,-0.028329652582314468,-0.0389853608657578,-0.06033093821050478,-0.045404454690357324
ZAF,ssp370,ipsl-cm6a-lr,-0.026447493964181477,-0.018693519492533714,-0.018808461275228668,-0.0037726324744203673,-0.0063030945948215926,-0.010125905308836811,-0.01200485308113663,-0.007060802930815035,-0.006564095885480487,-0.008115586984268952,-0.012798751103035492,-0.01100214431035086,-0.009814502574327368,-0.011787533458094178,-0.010953236907150915,-0.010149807588715736,-0.011056302960765837
ZMB,ssp370,ipsl-cm6a-lr,-0.0003921847932796887,-0.03794858176015937,-0.01450927043619782,-0.024291860406641226,-0.013082341818868812,-0.011537745771402012,-0.011614747007368519,-0.008823119905667965,-0.005299724994660969,-0.004962753169558572,-0.007183948092658926,-0.0045086037149672555,-0.004647706859763128,-0.003987278741432031,-0.00378428515485634,-0.0030369923734092233,-0.0029278267267045296
ZWE,ssp370,ipsl-cm6a-lr,-0.037743199792283647,-0.02944505802969205,-0.033984358037177684,-0.024976060842191575,-0.025939414107259723,-0.020868764584269835,-0.018638286982779216,-0.013241466944899263,-0.015468481616246135,-0.01255074792316616,-0.0176651465951443,-0.011427509415475918,-0.011878951915014316,-0.011443889157306998,-0.00989485230397311,-0.009441124642554763,-0.009561686965772268
AGO,ssp370,mpi-esm1-2-hr,0.0007983206859023086,0.0008995235037571014,0.0005912504986535852,0.00024153266014186324,-2.2350349399628646e-05,1.8090589383322962e-06,-0.00016543012078869287,-0.00031818695007120794,-0.0005284132392340024,-0.00029834553312901385,-0.0007231581699422426,-0.0005524782594749888,-0.0008009641424149519,-0.000660265757705462,-0.0004468022095274559,-0.0004265682721567063,-0.00044732904471992205
ARG,ssp370,mpi-esm1-2-hr,-0.0697311794272009,-0.015662592602431115,0.0010763236919911286,-0.005773772487010159,-0.0031290681395474414,0.002187639338236123,-0.010779241748994117,-0.006684829041491045,-0.005685349983374429,-0.005343679948392286,-0.009713447418180634,-0.007150957766143589,-0.00888265302593054,-0.006736774893865241,-0.006615886752387247,-0.0075202428016821875,-0.010086156528775397
AUS,ssp370,mpi-esm1-2-hr,6.18683230218921e-05,-8.643151204695212e-05,-0.0002371815156191341,-8.121700804136826e-05,-0.00010107225741693024,-2.43751757121666e-05,-0.00011715284602626851,-4.4344983177956476e-05,-0.00016918825549265432,-0.00011592898121459611,-0.00016459479205421058,-0.00018465252391332125,-0.00014264008684650644,-0.0001160990657792175,-5.676648698184002e-05,-0.00028227742049928496,-0.00019061566901811854
AUT,ssp370,mpi-esm1-2-hr,-0.0037233723888220674,-0.0017640413276189357,-0.004384227677236697,0.0005346420156552557,-0.000760887988447159,0.0024432720613539786,-0.005694609412662057,-0.0064265988523144815,0.00129887533419016,-0.0010761013728400818,-4.131910999030715e-05,-0.00610340763801716,0.0009703798518925646,-0.004966374314655586,-0.0037486438299221617,-0.005201126658538571,-0.0051288226930729115
BDI,ssp370,mpi-esm1-2-hr,0.0002127826476834673,-0.00018356523844058608,0.0005071947780146718,0.00028757126195970526,-0.00040167806469522323,5.4880553240332354e-05,-0.00026762009341197704,-0.00027788706195220735,-0.00037111813073218965,-6.518907694589833e-05,-0.00021968780592302725,-0.00023335910443987603,-0.0003161626667910286,-0.00020756411660929747,-0.00014272153424445353,-8.404024939896894e-05,-0.00010305081025820474
BGR,ssp370,mpi-esm1-2-hr,-0.0014745288765211438,0.0012088309473718447,-0.002118196517927609,0.00019296383667906874,-0.0014138283241584245,4.031890233699706e-05,-0.001934850599480103,-0.001989644582439291,-0.001116774937241026,-0.0035016498271007624,-0.001657216668715362,-0.0025820411708272575,-0.0009407068830895602,-0.002831407643746521,-0.002616509157967957,-0.0035479121562934186,-0.003487988543944023
BIH,ssp370,mpi-esm1-2-hr,-0.01875827022377954,0.002301581196070536,-0.018657237605596105,0.0008168753992504662,-0.007073883545270313,0.003644792798472252,-0.002742418750653504,-0.012014625447621682,-0.00047478624131312036,-0.014608989995159236,-0.0005441278713146948,-0.015427613978618707,-0.00041433342372889715,-0.017081972810192192,-0.009120486016723259,-0.019420367120915535,-0.016707436719299997
BOL,ssp370,mpi-esm1-2-hr,-0.4662071935675778,-0.48635306611878526,-0.3640717303098698,-0.21809935132309022,-0.29185237675632025,-0.21845784787998318,-0.13929247799387437,-0.1444907037970806,-0.26426468940953063,-0.2247170761932048,-0.2625060841839623,-0.31564943247083505,-0.25021618723988553,-0.2513478231349201,-0.23840418145325368,-0.25519619787672937,-0.2495779329288907
BRA,ssp370,mpi-esm1-2-hr,-0.13175537884602173,-0.018701381607133014,-0.1613398432128228,-0.136184234865682,-0.17301887114950878,-0.14950431532578023,-0.12069052532492776,-0.13951112718537062,-0.17386874035063807,-0.23664166809362341,-0.2229419891879528,-0.27127694841734185,-0.2562987375523604,-0.31661547105359966,-0.37327264230625046,-0.31793734864807416,-0.39341392622005017
BTN,ssp370,mpi-esm1-2-hr,0.00042361842497636113,6.804329324638407e-05,-6.102775500116842e-05,-4.186792581112065e-06,9.441729989946212e-05,6.927276910267309e-05,1.6259652866516624e-05,4.246318027405183e-05,3.0188486472551708e-05,5.128527497454726e-05,3.915654345493068e-05,4.2854027058656714e-05,4.8639582944438814e-05,3.299606334966649e-05,5.115814438672818e-05,2.9153133537001457e-05,4.464745728010552e-05
CAN,ssp370,mpi-esm1-2-hr,0.007767581587323244,0.013620736039336676,0.011091882222161054,-0.008232644023802096,-0.016310522883795524,-0.005564060833536128,-0.011169566901674234,-0.008241576502390047,-0.0009927224637556581,-0.012722815313137665,-0.014033056217424867,-0.0022556574294035426,-0.010258671470306326,-0.021412174355349648,-0.017285745082859575,-0.013392288905122365,-0.00737155561840283
CHN,ssp370,mpi-esm1-2-hr,0.002015256667328656,-5.990635810837919e-05,-0.004718245994808669,-0.0041464334648339245,-0.0015716639805352355,-0.006512370659329752,-0.004307194578502435,-0.0050093864899095255,-0.009573979515618405,-0.008180403264816128,-0.007614608960709183,-0.00839953960984969,-0.008377427120939022,-0.006739351186896621,-0.013637217932301209,-0.01446445440707906,-0.0138342686739119
CMR,ssp370,mpi-esm1-2-hr,0.0011731920658334771,-0.0008533581505689185,0.000618563746914602,0.00048218336474832303,-0.0010277537529603778,-0.0003417813576321855,-0.00010007720423304699,-0.00083170444842094,-0.0005248931143327325,-0.0002653262833975243,-0.0003892589650282101,-0.0004440681042479216,-0.0006133270311482566,-0.000271439059359586,-0.00031195463476507853,-0.00034217312413736416,-0.00025729306485057366
COL,ssp370,mpi-esm1-2-hr,0.0013530793542719814,-0.002025011177029599,-0.002180145164825546,-0.0011869910739083494,-0.0006050513633353334,-0.0010245195440144327,-0.0023948474736664137,-0.0027235885666705077,-0.0013081765568423052,-0.0013184619339267605,-0.001410611723281689,-0.0016919809060335317,-0.0017984199182231638,-0.0011460625895139559,-0.0024908006298345596,-0.002701686012169774,-0.0024984415335467074
ECU,ssp370,mpi-esm1-2-hr,0.001138204998695107,-0.0015971644129501828,-0.0011723774153663818,-0.0004974012209218791,-0.0017276460336384703,-0.0011921718661420657,-0.00135695029028133,-0.0011731750727514963,-0.0008872886762059909,-0.0005191009542409314,-0.0009405525460656187,-0.0016719537482043363,-0.001121541727126427,-0.0010814385544773318,-0.0014247878362268357,-0.001680991239523125,-0.0015083294654382534
FRA,ssp370,mpi-esm1-2-hr,-0.0015582075128733012,-0.00020809643290978222,-0.002549317148398997,-0.0013530022639164886,-0.0011060510264213777,-0.0010885228121761252,-0.001771438169192951,-0.0014210256705426147,-0.0004799628499119776,-0.0014395630498185916,-0.0006917251620578008,-0.0015500543294346314,-0.0007060385079465185,-0.00162842633394026,-0.0011370797568877463,-0.0010418565655722185,-0.0013653178202566877
HRV,ssp370,mpi-esm1-2-hr,-0.03204237356509902,0.0009715650330102621,-0.1928390495361603,-0.02385904716710465,-0.08688320172150753,0.0731302780165852,-0.07777602743299641,-0.1887315976116215,0.0249346332973686,-0.20447097810468384,0.0006075661547712278,-0.2729862782498187,0.018851510891717403,-0.27798438357978983,-0.15325303336909193,-0.29729301712525963,-0.2560757348969807
HUN,ssp370,mpi-esm1-2-hr,-0.008777951196109779,5.9889992332787165e-05,-0.00572135744580854,-0.00034211783143836376,-0.0025909378281472497,0.002611858762390368,-0.0028577253085259008,-0.005042565686044093,0.0011424641403431298,-0.005269209227352995,-0.0004365735241395604,-0.006336726109712522,0.0002925836120338492,-0.005927445555181846,-0.0030560935513934914,-0.006716905571530778,-0.0063974567716479505
IDN,ssp370,mpi-esm1-2-hr,-0.0014565713706662865,-0.0027533617867841645,-0.0038057383215405628,-0.0020663891412628058,-0.0024561642825920013,-0.0012790399309890292,-0.002175625525000025,-0.0022390853995070716,-0.002138756535352002,-0.0013688383545913262,-0.0017693825112762435,-0.0018569180469242504,-0.0022319598191246066,-0.0021087305785010826,-0.0024266396316833475,-0.002300142260495017,-0.002295916772015332
IND,ssp370,mpi-esm1-2-hr,0.030139223346318442,0.005376786340675698,0.007781160888445739,0.011298193519144739,0.011354639034284056,0.010215790824426954,-0.0009390947910930186,-0.007210500085789563,0.0022833635341350943,0.003422109696661479,-0.0002609828972681144,0.0014531278317745694,-0.0033139307844503047,-0.009134103016434077,-0.004060697780646777,-0.0074878477191361505,-0.006321773726086835
IRN,ssp370,mpi-esm1-2-hr,-0.0007065645316507062,-0.0004605343731233134,-8.664425695729213e-05,-0.0003219537237619895,-0.00034606197506170216,-0.00040198056552316185,-0.00025845412457227044,-0.00048532659165101167,-0.00041874785690100677,-0.0004777413494072457,-0.0006272197905794367,-0.0005249379196657617,-0.0005283170563563998,-0.0003829823969687772,-0.0004034329531797613,-0.0004579154332309461,-0.00043643107431581466
ITA,ssp370,mpi-esm1-2-hr,-0.005413179084540481,-0.0005938580087442127,-0.006680950915972643,-0.0019533732477547776,-0.003687964719683322,-0.0010521139552157265,-0.002395766809810526,-0.003474453610474327,-0.00014166658021521044,-0.0038345149461511594,-0.0016594502057827906,-0.004720699443817762,-0.0030677759674550553,-0.006424768927853769,-0.003444566021054726,-0.004895691900230207,-0.004475467549111395
JPN,ssp370,mpi-esm1-2-hr,-0.0005885420384250731,-0.0003578745316455702,4.364428442921283e-06,-0.0009636380360385756,-0.0014335179052597227,-0.00018890752668462488,-0.0012493173112895029,-0.00020845591731588628,-0.0008719360036253546,-0.001338234793580527,-0.0002924316505005494,-0.0017223201520482885,-0.0015463352283190364,-0.0007946828443809461,-0.0018120939305246609,-0.0014192215236045488,-0.0012715014497692732
KAZ,ssp370,mpi-esm1-2-hr,0.0007853334384648461,0.00211755241720192,0.00041337893985684746,3.3868019301104404e-05,-0.0018937431422512408,-0.0011216785700167043,-0.00011115542667476902,0.0010217484529702293,-0.0005440654480797999,-0.0003229873897996837,-0.00033430509293015664,-0.0005313580955686319,0.0012721643323475081,-0.0008223135884718868,-0.003025595140943364,-0.000821283972431684,-0.002422419169590829
KHM,ssp370,mpi-esm1-2-hr,-0.00687759481873646,-0.010536202934956187,-0.020730342980712652,-0.0017039554859666125,-0.012495847517180747,-0.0025765994973827567,-0.0061663418840391115,-0.012744891536432677,-0.009269737185410536,-0.0074548886380277676,-0.007071217349730726,-0.010827921050719535,-0.008858748396590375,-0.009073203661228732,-0.012153008213581179,-0.01167429702055684,-0.012303245347061623
KOR,ssp370,mpi-esm1-2-hr,0.00041204995605228367,-0.005447086006939525,-0.0008749035615289,-0.0015088750241752224,-0.0016238983778324055,-0.0008190613503104221,-0.0016237869338783584,-0.0013243849098254685,-0.005009944426255788,-0.0026954919642553856,-0.0021843636591171926,-0.003922702676858744,-0.006197451167593348,-0.0014983695256376084,-0.0023852002806370345,-0.0036736831785172154,-0.003009253261859703
LAO,ssp370,mpi-esm1-2-hr,0.0018431039516848967,0.00028602951071880463,-0.002951466135740867,-0.000915933530707091,-0.00461404357143479,-0.00033331230926181456,-0.0009633974428302172,-0.001811122094353869,-0.001375125745762304,-0.0009421266941661875,-0.0015489380650390747,-0.0029862868852014723,-0.002426384455090579,-0.003896308930068723,-0.003308747052768602,-0.0030767534795592406,-0.002490598958138016
MDA,ssp370,mpi-esm1-2-hr,-0.027072559919777726,0.004354229768787215,-0.012339823759237489,0.004030445231509528,-0.0011301557058626165,0.005151892116861105,-0.00982534700781567,-0.01581103366154598,-0.0028346641106697886,-0.031845180305960265,-0.01582011832437182,-0.019369619527766984,-0.0023681064515568575,-0.031058702026497957,-0.016233849600034454,-0.030864820035471963,-0.03844479063477775
MEX,ssp370,mpi-esm1-2-hr,-0.0002470967277011278,-0.0010513294199816314,-0.0006516132880096346,-0.001358152914754088,-0.0007822765704614994,-0.0007286460389051215,-0.000891872189769462,-0.0006831942233935954,-0.0006647228453107368,-0.0006269921712880731,-0.0011202260407452529,-0.0009040554667973671,-0.0009060336557718297,-0.0010085422078591046,-0.0010152007367904875,-0.0008870691713148956,-0.001038250494993121
NGA,ssp370,mpi-esm1-2-hr,-0.0019223575382060747,-0.00222753650401778,-1.2252118789551906e-05,-4.4797935891303845e-05,-0.0022241778768150792,-0.0016024580876456234,-0.0007648976989974255,-0.0026152027951070653,-0.001249357463149212,-0.0008941611586367906,-0.0011090049045221775,-0.0010491200421069366,-0.0011470908287028623,-0.0005759054033446939,-0.0007912352560281189,-0.0007697664360197135,-0.0005706636008659333
NIC,ssp370,mpi-esm1-2-hr,0.004670888437316456,-0.0007585466747411862,-0.0050719330111022465,-0.004983176966061105,-0.000611045333784156,-0.0028155139735653893,-0.005923300599343136,-0.0027682580541302714,-0.0019263316825129722,-0.0007631242305966553,-0.0038797112071532382,-0.003344616684462925,-0.0010892099072283394,-0.0016581378379973187,-0.0038788400157571063,-0.0029757211196013425,-0.0017342639233265782
NPL,ssp370,mpi-esm1-2-hr,-0.013230544733280628,0.00978314595654323,-0.003334096745309803,0.0057119942901087154,-0.004807302319841623,-0.002695349389535018,-0.004292631921544143,-0.0005174175987144243,-0.008998048989491794,0.0005266082484785874,-0.004854938473660031,-0.0029501539126932036,-0.002437182473227594,-0.0031594542398772317,-0.0005702826431450266,-0.0020261493846701144,-0.0030087764024909064
PRY,ssp370,mpi-esm1-2-hr,0.2824068982366835,-0.21968782704076908,-0.14184611493943944,-0.05832692798029831,-0.1763843230256152,-0.16175618389691912,-0.15971605218114002,-0.16362535824139604,-0.17005691631073347,-0.24859850850953688,-0.23456087926690106,-0.3113461643304163,-0.20199027757407717,-0.2151488109326908,-0.2875088299783125,-0.18757785222123913,-0.20198504247433205
ROU,ssp370,mpi-esm1-2-hr,-0.013908243454373964,0.0024289157937992588,-0.008069200329713496,-0.0005825404554557688,-0.00470668082180557,-0.000764447532561009,-0.00823418715381272,-0.01048692268987426,-0.002887408231893978,-0.018193400821251992,-0.008466557596448498,-0.015268892545280941,-0.00532427154010211,-0.017579872944302244,-0.015393278442787107,-0.021575549222438855,-0.022159601724101603
RUS,ssp370,mpi-esm1-2-hr,-0.0017045534032474805,-0.007394441362253166,-0.006604694728495719,0.00022491245903861925,-0.0034654084261867466,-0.010958964842130981,-0.00394877773330652,-0.002626716882882858,-0.005872163570400419,-0.004114798094439441,-0.010899735054555042,-0.0018893212383772737,-0.005779594273897041,-0.010603075058200724,-0.008347566475879782,-0.00801606193513785,-0.013089535693091006
RWA,ssp370,mpi-esm1-2-hr,0.0032044789437798865,-0.0005936154330467518,0.003308777504543047,0.002381384307159589,-0.00034246551697049817,0.0017914614557217718,-0.00045764175750479723,-0.001575042267751672,-0.0009046231112568651,3.692396433405824e-05,-0.0005898730599329761,-0.0008893301838569662,-0.001571011464386088,-0.0005688552174857028,-0.00014929009891471252,8.302251672934793e-05,-0.00022932410096869246
SLV,ssp370,mpi-esm1-2-hr,0.0003584592135329634,-0.0018172172361231801,-0.0023813672283351456,-0.004307625319201359,-0.003641106441729592,-0.0017471012786361415,-0.0037506400075803374,-0.002330490334902894,-0.00168417100295225,-0.0012538936848210931,-0.0023635688041291204,-0.0017486012717472835,-0.0015849211410630386,-0.0017832456314009627,-0.0022003461730630415,-0.002090681019600312,-0.0018709536750827884
SRB,ssp370,mpi-esm1-2-hr,-0.1342753574212868,0.016459301437443122,-0.0585866388334088,-0.003149793672928462,-0.025051726405237992,0.016307288825435154,-0.021187138858191713,-0.058450027211139066,-0.0005577593217936664,-0.08685394830403416,-0.002478764230065227,-0.07636234048544865,0.010437512486023507,-0.09294541973621384,-0.05618924471633485,-0.10115668206238174,-0.08834197739490848
SVK,ssp370,mpi-esm1-2-hr,-0.006900001723019668,-0.0043974850158806,-0.005609384176103551,0.00010555466265033442,-0.00024747261922409636,0.0038715132748217093,-0.005288739519056172,-0.007660022342261957,0.001781153194382031,-0.0010627948418396667,0.0010763541678786574,-0.005959650091591923,0.0016009112963611628,-0.005396722829491802,-0.0036372749396311375,-0.005047384840171441,-0.005162586454323909
SVN,ssp370,mpi-esm1-2-hr,0.00021788453045128276,-7.97672926216412e-05,-0.0005170987734607822,-6.34387529809672e-05,-0.00012654380084686952,0.0002919105178658093,0.00012704001117164535,0.00014142025613306177,7.161558234511423e-05,-5.264591758208832e-05,0.00031090980249353565,-0.00024693565930112367,0.0002239458122139045,-0.0003890618608904029,2.7171214591597206e-05,-9.53359807908493e-05,8.720939187904668e-05
THA,ssp370,mpi-esm1-2-hr,3.6316115172117987e-06,-7.557969492813458e-05,-0.00018676174201664655,-4.2393965174734933e-05,-0.00037156641409459253,4.9252556088081516e-05,-8.314807301449942e-05,-0.00020226519211699525,-0.00015469975092297536,-0.00010199193117115033,-0.00016377030835471897,-0.0004226443098071622,-0.00037433842928411,-0.00044643344639691714,-0.0005563809125162292,-0.0004888442034298376,-0.0005587665820650958
TUR,ssp370,mpi-esm1-2-hr,-0.00019730042424084287,-5.995700955384508e-06,-3.006951603871748e-05,-1.419381352023087e-05,-0.00011776169163165784,-6.318329287097481e-05,-4.5150518787956245e-05,-0.00014835629875168757,-0.00010405708119651313,-0.00012623549417990106,-0.0001738659925907638,-0.00011032800955531764,-0.00011846651527503126,-9.533605871805257e-05,-0.0002111604803838084,-0.000211729220763982,-0.00020485774738383404
UKR,ssp370,mpi-esm1-2-hr,-0.1283718541282874,-0.010696761913757076,-0.004303490594116219,0.030190356375269265,-0.004925670958951671,-0.005787241531145166,-0.05314078479427484,-0.09265960684898304,-0.03373919618220354,-0.1268988722503572,-0.08624543443993832,-0.05774916805098593,-0.023518588091332226,-0.11691801555245353,-0.0633003749983456,-0.12074725255441197,-0.14520276671543603
URY,ssp370,mpi-esm1-2-hr,-0.07788888145662588,-0.0560990929175142,0.01386343935651624,-0.008107360711686919,-0.006602398454934194,0.00022195617610210175,-0.040930663853012736,-0.05765366652852162,-0.020401708299112396,-0.018920812742890997,-0.038027606253976054,-0.03438087857795009,-0.04153802929838142,-0.02503215146903004,-0.0232489349773103,-0.03170666197554461,-0.040363626115959596
USA,ssp370,mpi-esm1-2-hr,-0.01725173116166475,-0.004525187904534967,-0.004538516608978414,-0.026985068703413474,-0.039780867008904215,-0.0616990753823821,-0.033734227919101564,-0.028649925982263753,-0.023088193497940616,-0.030306474816148503,-0.05214938973658219,-0.021713287334946964,-0.020409876553537175,-0.0369758199391647,-0.035732177202767446,-0.041409639520174464,-0.042514162631003286
ZAF,ssp370,mpi-esm1-2-hr,-0.019935899081939212,0.001412311261822029,-0.0038444662974325017,-0.001172593479548661,-0.012922615713160298,0.001177599930939201,-0.004484149707400999,-0.0009557863435217733,-0.0025959843929069656,-0.0030553503269724305,-0.011568035696388436,-0.007530810297870308,-0.0062521304568277794,-0.005244472769348211,-0.004798026245621334,-0.010343542949378151,-0.006111496983942162
ZMB,ssp370,mpi-esm1-2-hr,-0.022429057974080416,0.011366933532726383,-0.008581927819484305,0.0037468713841552017,-0.008412018496630393,-0.007113175498227081,-0.0034098285411178677,-0.005466767213919016,-0.0035596963893826466,-0.0009984793741954583,-0.006240995084525982,-0.0041126833113912,-0.001589990006215027,-0.0017570679541647088,-0.0028628440793127584,-0.0026360311293446986,-0.002819237088117324
ZWE,ssp370,mpi-esm1-2-hr,-0.030266004817818794,0.0050595289734641806,-0.011652324545149636,0.0032023220596050644,-0.019012242732528616,7.596474739471631e-05,-0.006254394922812092,-0.008388349836053405,-0.005757365796956285,-0.005179508730431409,-0.013390879526433561,-0.011837376634565425,-0.006593297422610142,-0.00550232639571578,-0.0077009188202341915,-0.008250560711482323,-0.008407665105740566
AGO,ssp370,mri-esm2-0,-0.00012634578693309492,-0.001203239391411083,-0.0007710489838020625,-0.0004923049490122618,-0.0008178588131944832,-0.0006721960048367654,-0.0005991919770143587,-0.0014300904489317205,-0.000684482339439392,-0.0005953795308040274,-0.000752884920693733,-0.0008841120741747259,-0.0005959005309326902,-0.0006886790623511199,-0.0005868571988486138,-0.0005066973089654374,-0.0005279775410920914
ARG,ssp370,mri-esm2-0,-0.01774756785208214,-0.01867240245205966,-0.008627776148396082,0.00028029450886445117,-0.008677624732927759,-0.0037152854219402462,-0.01001291235524242,-0.007334482612282593,-0.008715247494811802,-0.009266065755916557,-0.0027480786369880033,-0.009931852572167511,-0.008662313444784214,-0.005566155743609744,-0.004024235239299257,-0.0032332348915588495,-0.004851580021749215
AUS,ssp370,mri-esm2-0,9.25048814748298e-06,-2.6470251331547414e-05,-1.5300534382020302e-05,-0.00027557537043391,-0.00014505907599482977,-2.8524167119055404e-05,-0.0001693668145517221,-9.958912842405288e-05,-0.00010449798432796885,-4.0913544803770185e-05,-0.00018052053508428307,-0.00015662551134172596,-9.820924168865135e-05,-0.00018961846830047185,-0.0002104110876258575,-0.0002598394519353622,-0.0001416522585192201
AUT,ssp370,mri-esm2-0,0.0010021877132990042,-0.0023291318925737123,-0.0006142583176669542,-0.0023168275176048574,-0.0023713630725713504,-0.0013748604300091241,-0.00032976470574535384,0.0004513063934118438,-0.0001247419969127667,-0.0021338013147348656,-0.003943390244879802,-0.0015801831551614269,0.00028021350825599135,-0.0018924136137728562,-0.0021871109428862586,-0.0030615702732407534,-0.002372923103733658
BDI,ssp370,mri-esm2-0,-0.0033659087749875714,-0.0014889091323056446,-0.0004243855447898108,-0.00017962434163478386,-0.00011155740047960804,-0.0002349453321087964,-0.00045506474982848845,-0.00011503078601940916,-0.00021374122031566498,-0.00021013736617415529,-0.000383762035105769,-0.0005371483403480348,-0.00028608347038646363,-0.000381398699919639,-0.00014239619418984903,-0.00021133593590983663,-0.0003186398093798907
BGR,ssp370,mri-esm2-0,1.1732522839014666e-05,-0.0009753486940381483,-0.0009138677505426318,-0.0010661551792929078,-0.0010168362725639177,-0.001740243583925146,-0.001805091654388865,-0.0005728564638264834,-0.000848360767615959,-0.002890360210269182,-0.0033684648995178047,-0.0014375445199160365,-0.0025285240691898386,-0.0036220741316175774,-0.0033926869240680562,-0.0019838805535648263,-0.0030796172659417723
BIH,ssp370,mri-esm2-0,-0.0006625165515250955,-0.00784866865860331,-0.0001399795929612936,-0.011499897066653771,-0.0010288090284753823,-0.0031049203364592547,-0.003206026875608528,-0.0007579182458513035,-0.002523247752946455,-0.008133782534096695,-0.012582261215925527,-0.008583609697236542,-0.006306342874852722,-0.010738852839297782,-0.01986645334041205,-0.01035260956192069,-0.01808640206128424
BOL,ssp370,mri-esm2-0,-0.24423708053884968,-0.3320256935574642,-0.3312529995632134,-0.481522960341143,-0.29156773933395796,-0.3571480024628607,-0.2976281340146092,-0.30250703300184395,-0.14492134744678808,-0.1857347747553968,-0.32113450458441817,-0.23371934505846298,-0.2479199568070514,-0.2182104031939647,-0.24734450107584022,-0.1991363126596104,-0.2093616943575116
BRA,ssp370,mri-esm2-0,-0.1781318241472587,-0.22382218251875474,-0.13495909707557388,-0.12442976399684554,-0.17152491726375368,-0.12603526147251431,-0.18531116807831294,-0.14835407034134812,-0.22227340782279098,-0.25989372832798835,-0.30564291135712524,-0.2374018682314384,-0.2956751623701793,-0.2574016847929265,-0.2855594545475644,-0.3323838431916555,-0.32799323766135635
BTN,ssp370,mri-esm2-0,0.0007184960338806608,-1.760411937453843e-05,0.00010718296771493179,5.554110393715323e-05,9.879672540870918e-05,5.531427294020439e-05,1.0173125816136627e-05,3.76735221315058e-05,5.7372179425117815e-05,6.22483567640359e-05,5.714441393299953e-05,5.632312952026811e-05,4.6778831300829e-05,3.578776626238594e-05,4.076741310690384e-05,4.865029381588215e-05,4.834663728775386e-05
CAN,ssp370,mri-esm2-0,-0.007651111555959756,-0.005219902430768558,0.011959740723473371,-0.0017125767932062222,0.00047086274776798816,-0.006388993085268982,0.0033290068919841834,-0.0011995791814733102,-0.00573262905353861,-0.004335351231137677,-0.009623553347252995,-0.0055097087648106995,-0.004720942197155875,-0.0048522643841453555,-0.004570057525536923,-0.005756551083680777,-0.001355271599272073
CHN,ssp370,mri-esm2-0,-0.004073167737123937,-0.008505610548765601,-0.006071674291911614,-0.00488109301846706,-0.003994996984990378,-0.008507034007586262,-0.009088004197978485,-0.008375293642651495,-0.0072764995283803955,-0.006519228958499306,-0.007981101453635257,-0.012827554068502072,-0.008698062430411511,-0.007887298536020946,-0.014756592318010246,-0.011055922586950753,-0.011799451901871066
CMR,ssp370,mri-esm2-0,-0.0012456618642589646,-0.0003758342274982794,-0.000867492684490901,-0.0003809830271231657,-0.0003879824115129459,-0.0005458411354319907,-0.0004457851192501023,-0.0009270948041083418,-0.0005652513717237061,-0.0008598050433926596,-0.0008457897566218642,-0.0008026545209590381,-0.0005465763563636507,-0.0006548228295060057,-0.0006085097083009578,-0.0004568563630989247,-0.00046155098364641136
COL,ssp370,mri-esm2-0,-0.000890768365562459,-0.0025321380906404914,-0.001383937797897495,-0.0029088091725883937,-0.0016541127935932956,-0.0020573911769567205,-0.001129527510569035,-0.0008789966996757607,-0.0018862232946811502,-0.002118762831590707,-0.002693773430880298,-0.0014823202934744434,-0.00253558850800877,-0.0026494506496424616,-0.002384865111233827,-0.0023129999304091074,-0.0022287261106454506
ECU,ssp370,mri-esm2-0,-0.0011505703953124224,-0.002156709465173427,-0.0013833989345030519,-0.0016376410878632276,-0.0022316422823545623,-0.0021546457445498577,-0.0014735426375618763,-0.0014051232833544398,-0.0018850705853527554,-0.0016924160741283527,-0.001990162078501665,-0.0013899735801063725,-0.0016587489052580675,-0.0016131085378873274,-0.0012502348898929695,-0.001802016687221545,-0.0015183757353866086
FRA,ssp370,mri-esm2-0,-0.00038446127047950056,-0.0014714215996071518,-0.000169987149866773,-0.0008738117050431325,-0.00041767853536457585,-0.00047954023298127715,-0.00028850527036975224,-0.0007771083600721905,-0.0008869862341618818,-0.0009148061362856807,-0.0010213945268972102,-0.0010188057173016506,-0.0007119182820550173,-0.0007218602786645242,-0.0009197479175138913,-0.0009026674402372842,-0.0008769892165528751
HRV,ssp370,mri-esm2-0,0.003699883679528412,-0.09929764060270788,0.021057245940284137,-0.10401741397702276,0.0017678455832372054,-0.03062246513132307,-0.026033293483595503,0.03189118785349374,-0.02669092201232271,-0.07751571335488704,-0.17126991168402514,-0.09405773302912916,-0.05618117497158658,-0.11156583553525122,-0.286275463898396,-0.1208550243039322,-0.2536939538842523
HUN,ssp370,mri-esm2-0,0.0006937400468527087,-0.0034263912614581494,-0.00019606713722401952,-0.004397309114062768,-0.0003479715361039244,-0.0013810401004901588,-0.00104396067273215,0.0004901580138669693,-0.0006159296978359627,-0.002799153457283085,-0.0040442656928256614,-0.0025789918332905525,-0.0016361947795291373,-0.0016230653206402716,-0.005595613686974061,-0.0024353596670444533,-0.005002993036177823
IDN,ssp370,mri-esm2-0,-0.0015559183370280184,-0.002894196411227913,-0.0017129014200458505,-0.001884589072826164,-0.002332953532519929,-0.0017936687256911677,-0.0015134899869522368,-0.0014435336701327833,-0.001298679270996498,-0.002168170170567394,-0.00281747047878313,-0.002256611977363596,-0.0018426279056364154,-0.0029012401901953163,-0.002612064362140014,-0.0029152268957683596,-0.0030307617106824203
IND,ssp370,mri-esm2-0,0.02823530897451949,-0.005275012711231016,0.011814385261842605,0.013923135834172538,-0.021522014523863868,0.009719731403347328,-0.006442462286191393,-0.007095170545701651,-0.005930641677799264,-0.011247889271075165,-0.010077139391381204,-0.010717537721327063,-0.011314816925166466,-0.016838463701442298,-0.013248124938347898,-0.013270799061611604,-0.020920762013926487
IRN,ssp370,mri-esm2-0,-0.0019045957530923,-0.0002590525402319758,-0.0009240940208809984,-0.00028815202289652193,-0.000399588858644356,-0.00027760953223792426,-0.000632640127087367,-0.0008271654483178122,-0.0006551643748880663,-0.0005903303161144147,-0.00042038185652064906,-0.0005597971392640197,-0.0005732025358381954,-0.0005148528876118775,-0.0005092087719510872,-0.00028897219109671904,-0.00024055788877157285
ITA,ssp370,mri-esm2-0,-0.0005747816097555365,-0.0052456146598393845,-0.0014506485061535387,-0.002381955174510673,-0.0012359022813702844,-0.001555730214848327,-0.003069111615176029,-0.0024806082831693326,-0.004213542068960841,-0.002655790450183655,-0.003918092762772725,-0.004552798849408202,-0.003246730651357212,-0.0034605857098134415,-0.004987929138264883,-0.0026366351257512527,-0.003953163312134767
JPN,ssp370,mri-esm2-0,-0.0009503981886301241,-0.000913852769445247,-0.0006839397489487035,-0.0008252256328861703,-0.0004939119498663531,-0.0009318051907640467,-0.0009675548790467516,-0.0013338745198020728,-0.0008698011511840805,-0.0018652063940518514,-0.0010688129966776741,-0.0012973844003921543,-0.0013478977773458667,-0.00116435203291583,-0.001110334950607887,-0.0011325562243700734,-0.0015331176123443441
KAZ,ssp370,mri-esm2-0,-0.002208973542833887,0.0015785116186447534,0.0012470779147724256,-0.0024736963605828987,-3.5660373921311395e-05,0.0005182389283018876,-0.0001872872219073456,0.0005764913688058905,0.0009918327637611797,-0.001962978605158562,-7.414807068668198e-05,0.0004631485714363078,0.00031843970550395534,0.0006072312079573729,0.0002056235870389191,0.0002236432579988459,-0.0031129286814160035
KHM,ssp370,mri-esm2-0,-0.019537740610781874,-0.008429572947713208,-0.020960904702750506,-0.011576950677024217,-0.013545199314302751,-0.012369465196650026,-0.005747119720981956,-0.015586395975818188,-0.009152462992267822,-0.01749968982641134,-0.01714678308803781,-0.015588287040424961,-0.011409235617499985,-0.013298761782515284,-0.011670913358351947,-0.012695084044448201,-0.011706738742621082
KOR,ssp370,mri-esm2-0,-0.002170033654292155,-0.002835336979971504,-0.00207974132541167,-0.00313339749857897,-0.0037512703144781763,-0.0030857376791250694,-0.003126160454090914,-0.003620939810972551,-0.004140994941273899,-0.004388257615230791,-0.0030419761033159513,-0.004426939842927179,-0.004029602973840152,-0.0036501210951574597,-0.004383968681159289,-0.0030669142872301594,-0.004911406145553784
LAO,ssp370,mri-esm2-0,0.0009805579699014412,-0.0005394943590383058,-0.001166825247556975,-0.002912247093493854,-0.0008155843656462902,-0.0012358250293363212,-0.0015556137089722086,-0.0017567634360299489,-0.0015127350442178267,-0.0038871715650960165,-0.004118483774082708,-0.0037108138104873433,-0.002068440146608038,-0.0031865434952291862,-0.0030837344891334823,-0.003284764820242212,-0.0036190251504659952
MDA,ssp370,mri-esm2-0,0.009163332572883664,-0.009032628309384906,-0.00958837969781212,-0.006357627654987168,-0.019360372684429503,-0.014072212018169505,-0.0269208067911068,-7.7628222753484e-06,-0.009475657485921602,-0.02957388448615369,-0.032987015696241545,-0.013375498892282409,-0.03078978685071564,-0.03133624896592181,-0.027129154339917867,-0.018366555814718296,-0.027582962830402156
MEX,ssp370,mri-esm2-0,-0.0010120129976535122,-0.0014230937840285893,-0.0013948354159803514,-0.0016328101802818714,-0.001343049816284374,-0.000574561356560537,-0.0011426241244472124,-0.0011531343530446078,-0.0012457154769246969,-0.001507494945597372,-0.0013772002205474105,-0.0014002193273175035,-0.0012453202872516973,-0.0011978936187947834,-0.0012022203855098271,-0.0013135985823577805,-0.0012357021100633293
NGA,ssp370,mri-esm2-0,-0.00792968213878349,-0.002142968412661841,-0.00331548306794155,-0.0016860952169454927,-0.0014795176760097996,-0.0016249229047754644,-0.0021792992326204654,-0.002907218096213471,-0.001670917295057586,-0.0022378146383354304,-0.0019694411276209496,-0.0017959300503413913,-0.001151634463758857,-0.0012321783018634245,-0.001084537136213565,-0.0008704860664069308,-0.0008375904450962273
NIC,ssp370,mri-esm2-0,-0.0021046027440845506,-0.006124785635638564,-0.01034811186852631,-0.003413737600451317,-0.0027665559748567465,-0.0013706484169934184,-0.0028340168378001157,-0.004855337453859672,-0.0023448625804455515,-0.005587345252862391,-0.004233170951559245,-0.005667452696225759,-0.0038343516583991834,-0.00413211868502868,-0.0042553574330427835,-0.0028081267197746273,-0.0030374412718408425
NPL,ssp370,mri-esm2-0,-0.006930082492639926,0.010364083077692907,0.005301905602285422,0.0029254316070809264,-0.0052352653933156615,-0.003283929610258327,-0.011199557367037375,-0.0011850304142898165,-0.005422215523659673,-0.008094202722712293,-0.007968461315939387,-0.006250255021808993,-0.00816216061304471,-0.005862941503524496,-0.007553219285537429,-0.005626784220155867,-0.004237240799192943
PRY,ssp370,mri-esm2-0,-1.0550164097679828,-0.6399869038426584,-0.48789881662062917,-0.1308133382228891,-0.29028366734411204,-0.03198605231996997,-0.22804278223907928,-0.17985827369530877,-0.39925739403316185,-0.27530432690916246,-0.21883796213201714,-0.191159613796396,-0.32393047916564244,-0.12479720237364438,-0.18215309710235694,-0.17475307541959056,-0.1386533917043739
ROU,ssp370,mri-esm2-0,0.0011453010477262427,-0.003739091991159958,-0.004536249448073956,-0.006109643868731817,-0.006764389549484694,-0.007014729191454467,-0.009290268555252177,-0.003877613539451619,-0.005717100223085405,-0.01539840967728705,-0.016364961376279744,-0.008554578253148013,-0.01534645800136674,-0.017845978146867596,-0.019399473197855472,-0.014131888114855357,-0.018495805023116627
RUS,ssp370,mri-esm2-0,-0.006776627435246238,-0.0009005606860396919,0.0011932162120098307,-0.0019625770319694406,0.0009890983642646097,-0.0015819465441918195,0.0008139648355725722,0.00045590744455832014,-0.00372962079835031,-0.005708582634590994,0.0013154736596812087,-0.004371871409958661,-0.005522087058394063,-0.005683991430575571,-0.0066327671749522275,-0.004771998521733895,-0.0063696848243299095
RWA,ssp370,mri-esm2-0,-0.012820788969466305,-0.004213210684098965,0.002947037439999702,0.002154710993840647,0.001718299141409754,0.0008347175770969897,-0.0013184381914354039,0.001218983439442205,4.4969768053835e-05,-9.390011562181646e-05,-0.0017354491759085336,-0.003527168835605006,-0.0015494489563353197,-0.0019620621646374357,-0.0002483132464811975,-0.0008748159032560793,-0.002164928238116811
SLV,ssp370,mri-esm2-0,-0.0018820888528549118,-0.002909488014910945,-0.0033308507106797115,-0.002619118583549502,-0.002541388313310719,-0.0016416504137302945,-0.002179879166990321,-0.001745176970112152,-0.0015586477326990087,-0.003050739302574682,-0.0026316311527277633,-0.002613203882410818,-0.0019921500814130706,-0.0022840078447044585,-0.0021333337197259796,-0.0020246363606023364,-0.0018260416327028264
SRB,ssp370,mri-esm2-0,0.028350075533302318,-0.017321915455717547,-0.0001655674481915087,-0.05161812056327639,-0.001214082285582587,-0.023328952995940698,-0.011278512529014214,-0.0024649587454430555,-0.004089648384023809,-0.07924874270311469,-0.07347132245698246,-0.045116868507888555,-0.05119340295094677,-0.07113025352259862,-0.11581865770486609,-0.06273955619637568,-0.09296234678145944
SVK,ssp370,mri-esm2-0,0.004080438983883871,-0.0019424002705862066,-0.0001978403026853717,-0.0023175060100540643,-0.0027264255509360912,-0.0014815015714769633,0.0007150972665021676,0.0028145428487700978,0.0007464915619306928,-0.001886300383287003,-0.0033623005612096637,-0.0014563276380223473,0.001321027985639613,-0.0014802756276226748,-0.0010841480378516383,-0.0032030911857636765,-0.002091198666881081
SVN,ssp370,mri-esm2-0,8.667279304909468e-05,-2.664419195504499e-05,0.00042962933414530973,0.00022432165367510754,0.00046412934436368815,0.0002803104342064902,0.00034938687991122996,0.00042596671772674686,0.00010640437843653197,0.00030995991888326966,5.632750548073119e-06,0.00022223091791952722,0.0002831163620607531,0.00014337690955771264,3.143321909856457e-05,0.00018306171020906283,8.219182439210363e-05
THA,ssp370,mri-esm2-0,-7.95450926935062e-05,-6.677074742791048e-05,-0.00020336819370970485,-0.00022934494141299257,-0.0001821367718065924,-0.0002223178983084972,-0.0002158525255543559,-0.0003074338862916707,-0.00022260990861368713,-0.0005676739135705529,-0.0005897386035514747,-0.0006157410218837571,-0.0004961518864951903,-0.0005822950351767526,-0.0005357064880118483,-0.0006140776198166352,-0.0006465089961778199
TUR,ssp370,mri-esm2-0,-3.833381078430121e-05,4.549217153801262e-06,-0.00012006632016153053,6.415927808351885e-05,2.3419383907669862e-05,-9.857256324637878e-05,-8.051908419383378e-05,-0.00011965202213009943,-0.00012868536133663977,-0.000204205424923819,-0.0001431046239666677,-0.00013497298964001625,-0.000266468129837706,-0.00021670891557459482,-0.0002466063224227363,-0.00010422316473170498,-0.00012586716457334255
UKR,ssp370,mri-esm2-0,0.07383147591845268,-0.04628288105377224,0.005285132150006269,-0.012868717271352376,-0.0166349603901322,-0.05709865771302375,-0.04342746772509961,0.025457683320532245,-0.0353863098943098,-0.08738664280951093,-0.07322309049430405,-0.02332917351020551,-0.07683697055309252,-0.08053579190730085,-0.06733850365359735,-0.08598054168114262,-0.06535451338090827
URY,ssp370,mri-esm2-0,-0.06601964399354876,-0.09472128282386627,-0.013249827691502914,0.017058132907119557,-0.02676648077722417,-0.03964248518808495,-0.043321573237821646,-0.04697611588678786,-0.04576085896254322,-0.04383790390518089,-0.0021769503290069688,-0.070622517690156,-0.02826538910855078,-0.017792061559112393,-0.006021710993145678,-0.008879394112584425,-0.027342823228254567
USA,ssp370,mri-esm2-0,-0.04823029303187032,-0.011279774290388818,-0.004785338695797514,-0.022431713179795112,-0.03226414517208635,-0.03279076384163721,-0.016563215146909553,-0.02818943249420876,-0.027682597738105632,-0.03800189196695547,-0.02349382829093036,-0.033459033230175746,-0.028675027911518283,-0.03440873463403202,-0.02882286601877039,-0.032548375447310963,-0.021684422863476518
ZAF,ssp370,mri-esm2-0,0.010350169702159476,-0.0033438908203186303,-0.022092377618382286,-0.005054121550300976,-0.014417217023011237,0.00011971810512049291,-0.005821395031052731,-0.0014717061586852962,-0.0038458571126060823,-0.003913065952888579,-0.003961878357957838,-0.006970190056287292,-0.006840385941256969,-0.004032622023236665,-0.005327129445850908,-0.006100243388156683,-0.007262820905389672
ZMB,ssp370,mri-esm2-0,-0.02214268327824247,-0.02727118058471724,-0.04403455060858419,-0.009920499411492117,-0.019929544755008202,-0.005179399212986332,-0.011059773297707508,-0.004102637609369333,-0.007713396737990729,-0.00914524479956987,-0.007421927771372757,-0.0055416453468535316,-0.004110549231871135,-0.004082514103332144,-0.0034296412921029596,-0.003036823485496443,-0.0033462260605063806
ZWE,ssp370,mri-esm2-0,-0.007566729303602264,-0.026808268543142402,-0.0626455884519106,-0.024504051334935842,-0.028580733724300658,-0.017211978259357164,-0.023218346048204174,-0.016449755027552367,-0.019563225884645194,-0.022748295155559355,-0.018296121454393417,-0.014143338857228158,-0.010500745894623326,-0.012717996622285252,-0.010919527992457479,-0.009579655913405483,-0.01079215091175758
AGO,ssp370,ukesm1-0-ll,-0.0014084334152480605,-0.001055736300995068,-0.0013069929809522303,-0.0022054144068947724,-0.001748709213681096,-0.0016276598379348327,-0.0025204343526347562,-0.002683706224996106,-0.0017714392974945987,-0.0015980343878442462,-0.0015138497581635595,-0.0014148473934174166,-0.0012765059786883424,-0.0010735069770487116,-0.0008907714428297996,-0.0008069458661154699,-0.0007641432643604858
ARG,ssp370,ukesm1-0-ll,-0.06740090265379063,-0.0005042584769986929,-0.010817925680545506,-0.010159703383024297,-0.008961901031479777,-0.0072622298199142375,-0.00738457900994514,-0.008255023673144348,-0.009082580562264785,-0.004957183173491994,-0.010929182246095228,-0.007908814032804145,-0.009849183862042614,-0.010655432103523706,-0.011611435343989278,-0.010221635984955797,-0.011487948855532252
AUS,ssp370,ukesm1-0-ll,3.671640951009201e-05,-0.00031610108377259113,-0.0001617884571599884,-0.00010792763427475793,-0.00020863484388835776,-0.0003273976591896153,-0.00023650707278970667,-0.00023166280907800226,-0.00022755623971750213,-0.00043400399057965967,-0.00030732164850269316,-0.00024243093033698914,-0.00022139078763679521,-0.00041584582694238786,-0.0003739011526453482,-0.0002756826135803251,-0.0003311214893801404
AUT,ssp370,ukesm1-0-ll,-0.0004210176788056909,0.0012386309318564816,-0.001359161750487311,-0.0027194981230764833,-0.003209537426852595,-0.005912000384167782,-0.00338450866607469,-0.0037963967552200493,-0.0020251956079369647,-0.004520608290136803,-0.007320196424046813,-0.003585594870368832,-0.005693942124133544,-0.0063444119027917575,-0.006660938323305365,-0.00822663233803055,-0.008383061255442368
BDI,ssp370,ukesm1-0-ll,-0.0027983855474837207,-0.0013030537927246066,-0.0012660036039802691,-0.0009781239392541523,-0.0015057618987093797,-0.0007542619871705654,-0.0005209098595528623,-0.0007285683904023645,-0.0005898899402978237,-0.0007793715217928337,-0.0006793385594303801,-0.0006567805120938415,-0.0004809042601967794,-0.0004508867373189585,-0.0003739699749982289,-0.0003656931944086187,-0.0003960535878489492
BGR,ssp370,ukesm1-0-ll,-0.0008001030174680287,-0.0016337832196664129,-0.0014023908897131728,-0.003213117379812513,-0.002504531419751394,-0.003655438419687605,-0.0028919573033775545,-0.003052609826330449,-0.002698291807615755,-0.0035320928643650436,-0.004148322727805797,-0.003727713435330392,-0.003615757150377877,-0.0041339695393404815,-0.004071692931256564,-0.003984184245219142,-0.004136239283225759
BIH,ssp370,ukesm1-0-ll,0.00012761624108347308,0.0010280171907294522,-0.004736757195845922,-0.015639048463148883,-0.015162905451013538,-0.02071154671677023,-0.011290818056989747,-0.015125468133989501,-0.009606872354084972,-0.017977447255725844,-0.019956164298137853,-0.015965113799656174,-0.02163795286548802,-0.02569602967024896,-0.02482403180899295,-0.028289873309715715,-0.030089006421380394
BOL,ssp370,ukesm1-0-ll,-0.40106226818383245,-0.8908314188311318,-0.7613670873370868,-0.5389260484017802,-0.5638662994213631,-0.6680816430056241,-0.6459485147583522,-0.3999002426779444,-0.4521889942907913,-0.522096167916874,-0.4787693939102586,-0.3615446008711895,-0.3961992128409537,-0.3853591298805549,-0.35957123192601337,-0.3138963358208649,-0.2967408807024845
BRA,ssp370,ukesm1-0-ll,-0.18017730731849357,-0.4136871468690213,-0.3341444616247799,-0.309938103337204,-0.3582357827570553,-0.38619454099023726,-0.44950258052067116,-0.3539637787837757,-0.37520279697878794,-0.48855082172894404,-0.5129484465570177,-0.44123542779995656,-0.5289430057810025,-0.5725491473068994,-0.6001202212834487,-0.5831124670235605,-0.5706637197169783
BTN,ssp370,ukesm1-0-ll,0.0010171465545618927,0.00018725568738131096,9.449096038783748e-05,8.389787093675387e-05,-8.676141160504762e-05,2.9810743290789074e-05,5.884009029415763e-05,8.227889273710446e-05,4.5197856285687255e-05,4.7668397446614396e-05,1.7320893513533805e-05,6.725111156583811e-05,2.36838582309709e-05,3.706314581609096e-05,3.3572345188784406e-05,2.1455340006917695e-05,2.433985003446445e-05
CAN,ssp370,ukesm1-0-ll,0.0018010062559604108,-0.026490228952912004,-0.013101077666709775,-0.009675705457371557,-0.01852408443217429,-0.014594013794717737,-0.017127380022487718,-0.01713700180933989,-0.03523553644440381,-0.019516331850438988,-0.030070361661014813,-0.023842005531548516,-0.02015445726445398,-0.018366110583879856,-0.029758519381921443,-0.02885926953614179,-0.024747479322207784
CHN,ssp370,ukesm1-0-ll,-0.007430875670716238,-0.013851749010257921,-0.011877569809248154,-0.011944756754384691,-0.015606870662926311,-0.016729785987930394,-0.014583629802020668,-0.016142643934279582,-0.019816438343815423,-0.01871856337315078,-0.02081425227716386,-0.019662465186129394,-0.020871184727149873,-0.0246422536489765,-0.025639225648715035,-0.028151111301299325,-0.03106495776809411
CMR,ssp370,ukesm1-0-ll,-0.00230064766567636,-0.0020119516805967826,-0.0017513194159857629,-0.0014683313115221132,-0.001267532533893756,-0.0017429478812843108,-0.0015132029179084213,-0.0010142915197586518,-0.0012318206801687774,-0.0011679272118686698,-0.000691498559776098,-0.0008429123939132386,-0.0008672264778693635,-0.0007884176844084498,-0.0007792539597460506,-0.0006650233463566781,-0.0007116801806429627
COL,ssp370,ukesm1-0-ll,-0.0012346356515410383,-0.0020861277825827236,-0.0019520600071284962,-0.0020522843471228857,-0.003050735902824902,-0.0032129922744812646,-0.0028061819630746075,-0.002521656035950324,-0.0034995722216407425,-0.0034147403078853733,-0.0034739091998980238,-0.003431565225885426,-0.0036815001106254215,-0.0035524258882093113,-0.0039563983892347224,-0.0031288075269445673,-0.003407681168255591
ECU,ssp370,ukesm1-0-ll,-0.002950320799092107,-0.007411617336675152,-0.0026234661041655565,-0.002979368580048789,-0.00506826556263817,-0.0050123189701755,-0.004257212755318176,-0.004167131776524111,-0.004013237661776766,-0.0037145465397200794,-0.003627912808429268,-0.0032222694019281733,-0.002944958205306368,-0.003137959306542545,-0.002879508422149857,-0.0026698363703796836,-0.002541847674474967
FRA,ssp370,ukesm1-0-ll,-0.0005936100042760986,-0.0013844895651149824,-0.001600057359180906,-0.0005629589856915136,-0.0015869274088231816,-0.0012320057094469686,-0.0015133005665182964,-0.0016131439239438791,-0.001624046118374294,-0.001563661609954241,-0.0014704687307379892,-0.0010802220147379993,-0.0015109853219821565,-0.0016158046195211997,-0.0019176115505298546,-0.0019190499386560836,-0.001614535865313099
HRV,ssp370,ukesm1-0-ll,0.006299317424344539,0.027554303921128932,-0.03975868612633698,-0.14639958147987547,-0.17609845501652394,-0.24507619988883125,-0.14538722273531718,-0.2363483453544299,-0.1496720989072502,-0.27260195613580784,-0.3065099042398591,-0.21804475916065197,-0.33001074892052706,-0.42854424653205986,-0.40379506402250553,-0.5091052857991629,-0.5265937924698922
HUN,ssp370,ukesm1-0-ll,0.0008111769375156482,0.0006491121689731116,-0.0013743529698067147,-0.004989430631548653,-0.00579621875612378,-0.007659937007358491,-0.004735501628186842,-0.0068763409659677605,-0.0034693499553229163,-0.0069089722618824265,-0.008548101933131389,-0.00570670998216219,-0.008068194918965392,-0.009980722019740306,-0.009004411865116156,-0.011027759466455046,-0.011260057676414303
IDN,ssp370,ukesm1-0-ll,-0.0017547219640902847,-0.004238659493963418,-0.002069612186965881,-0.0031253991922855066,-0.0024759376873866473,-0.0031559861298141585,-0.0026855815831536224,-0.002513041415073301,-0.0034584860526925237,-0.0034121355114227867,-0.0029803974987611856,-0.002980493724718469,-0.0030936223703921352,-0.003459059417919296,-0.003594248320302566,-0.0032390974509922165,-0.003642167451828076
IND,ssp370,ukesm1-0-ll,-0.028627160397825736,-0.02793614656018465,-0.008055813739277691,-0.015537227601745486,-0.00987139030949123,-0.0191699232569062,-0.011625382004475923,-0.015343469591126745,-0.014413768214471188,-0.02418262341312055,-0.01953835683519333,-0.015410337992523823,-0.02502396901533227,-0.021314276833181586,-0.025237863617697844,-0.020912706837862644,-0.02479402604074806
IRN,ssp370,ukesm1-0-ll,-0.0014601626910349004,-0.0007604198847916712,-0.0010192880924335488,-0.0008443763261445956,-0.0005712532384081661,-0.0007118914368527636,-0.0007485974505448986,-0.0007529247667368475,-0.0007154954066948613,-0.0006191388475652946,-0.0007579902980143905,-0.0006703545050310616,-0.0006782524395407968,-0.0006442759692501731,-0.0005847791576767474,-0.0005721625992306847,-0.000610925832685834
ITA,ssp370,ukesm1-0-ll,-0.003612740613845841,-0.0012852479637708697,-0.0024821327564830994,-0.0032161196196877863,-0.004957390265228228,-0.005075944090824722,-0.004094303604829705,-0.004384709009510519,-0.004562772327406997,-0.005185738241826897,-0.0068051321636396,-0.004831919834625006,-0.005721943973221476,-0.005883969164372354,-0.006638851923384398,-0.0072091938027595386,-0.006790155883881669
JPN,ssp370,ukesm1-0-ll,-0.0011957317541425613,-0.001080061489014075,-0.0011966323355602996,-0.0012488083802376351,-0.0016430578463866835,-0.0016736034474283373,-0.0016748190143588712,-0.0015691115560857358,-0.002162727158500225,-0.0021702720029778276,-0.001683627066819538,-0.0022388880724347805,-0.002215655460944338,-0.0029162491459992245,-0.002319330303697236,-0.002674495468696522,-0.0025697964134464664
KAZ,ssp370,ukesm1-0-ll,-0.004758421721845588,0.0024012750670859362,-0.0010883314259551703,-0.0031071561215886547,0.0009379193557339421,-0.0005151333427767502,-0.0008582268074503214,0.00014483971853525917,-0.0014002486472732018,-0.0012923969506594864,-0.0023662036516014567,-0.0027146404831018107,-0.003443728879767202,-0.002593231523496448,-0.003459464170692747,-0.003491977489839363,-0.0037198398842581168
KHM,ssp370,ukesm1-0-ll,-0.020072918546904458,-0.03350126886403703,-0.026411630149151145,-0.020643330937302817,-0.02905796635197623,-0.022683796912866306,-0.02566227712696841,-0.01941097010054226,-0.02188752746370789,-0.023367992426929676,-0.022116819668024517,-0.015057365701284282,-0.018118240812009023,-0.017189830320689076,-0.017845531591011054,-0.016178807346202733,-0.016373086290598773
KOR,ssp370,ukesm1-0-ll,-0.0020825317299524274,-0.005828838162995439,-0.004497323442614337,-0.0046210054129768394,-0.004701591287689493,-0.005229404040596532,-0.004721540531496567,-0.004941895342363868,-0.0061442070002017245,-0.006126292848824472,-0.00454463573231568,-0.007099390170256408,-0.0069246953505802305,-0.007279950788230889,-0.007982795329024454,-0.007540556417934679,-0.007202442334334069
LAO,ssp370,ukesm1-0-ll,-0.0073127925035865946,-0.006086753629562358,-0.0043124514166627955,-0.005305822778493476,-0.004289091887068389,-0.0036935189444674875,-0.00654976972407223,-0.0042294667405059876,-0.005563137455175784,-0.005311457468886659,-0.005235812982654799,-0.004395041566937208,-0.0047622453287754375,-0.004610720348366955,-0.005358145406571843,-0.00441928674008103,-0.0048316358001772195
MDA,ssp370,ukesm1-0-ll,-0.008609684938664524,-0.0021558747313511575,-0.0053036134989804615,-0.02227007052321473,-0.01645899000363304,-0.02650425416388246,-0.020762637599445605,-0.02311401734830051,-0.015986878549309042,-0.022397126865215597,-0.03584923684184247,-0.031933990521584674,-0.03145505655546359,-0.038134582333829936,-0.03483544092715184,-0.03789140735051939,-0.0383270544516556
MEX,ssp370,ukesm1-0-ll,-0.0011040954909143314,-0.001950702268154474,-0.0015647347884784751,-0.0012571706756702263,-0.0015759617989447965,-0.0017173205257019998,-0.0016502979376082371,-0.0011967059880685666,-0.0015515341387455526,-0.0015116901561927035,-0.0013867424261868623,-0.0015806985726517673,-0.001295608852371563,-0.0015569959579286364,-0.0014190618722811341,-0.0014261315030713174,-0.0013580383700976814
NGA,ssp370,ukesm1-0-ll,-0.009975860574138552,-0.004684348017471058,-0.0038445160380057536,-0.004116472984951254,-0.003119488657758828,-0.004280379383719752,-0.004261563505371638,-0.0031268237286310317,-0.0030822941074890777,-0.0025943373129608607,-0.0019098165532616975,-0.0018405742582804318,-0.001777727361281319,-0.00147338816241578,-0.0014132129666448812,-0.0011614960794795691,-0.0011060240218715514
NIC,ssp370,ukesm1-0-ll,-0.0031819144451623294,-0.01298678599343139,-0.008527403896116307,-0.005766753146779646,-0.009135261960959372,-0.010761208935229282,-0.011232793951584077,-0.005032553987573576,-0.00591618003085114,-0.007365235778072787,-0.005459390511809533,-0.007471600318283813,-0.0060851084510288485,-0.006054160337749972,-0.006070138761181959,-0.005424826385117924,-0.004857433784506728
NPL,ssp370,ukesm1-0-ll,-0.00030127907117437667,-0.00018065869984219298,0.004310498287192781,-0.002718688436902178,-0.004023404812646895,-0.007289862859531836,-0.005892004099025279,-0.00017364900693369353,-0.009096228809388531,-0.005164702062559596,-0.005469743440860566,-0.0041486157832887425,-0.008294621385312225,-0.010410456251805315,-0.0068108132169799945,-0.008398521614219162,-0.007986669507995401
PRY,ssp370,ukesm1-0-ll,-0.8953079325342126,-0.41908476173803805,-0.6807152060976907,-0.6514968514622755,-0.5255127433391876,-0.4019272762121182,-0.6580154057341149,-0.43997545216250095,-0.3327552711452849,-0.4799988322886634,-0.5217246548604649,-0.34377797564445073,-0.48464313498634926,-0.4465720263919357,-0.39813697294534806,-0.3609749957367792,-0.3494096065401908
ROU,ssp370,ukesm1-0-ll,-0.006046802006216006,-0.005510226131085223,-0.005762557735777353,-0.01278398535224083,-0.010719980331621694,-0.016003815980264017,-0.013264255217960933,-0.014286153062743645,-0.011289288592799124,-0.017196899436304952,-0.021250161242729357,-0.019405060265130086,-0.02099511753464629,-0.023648002262765918,-0.02369431995962037,-0.025351453128812047,-0.02625060766737904
RUS,ssp370,ukesm1-0-ll,-0.01118926451574584,-0.0019761422467146302,-0.01032902950181883,-0.010787556233071477,-0.012304510265336447,-0.009503682631568913,-0.008844252873054303,-0.0137727844741233,-0.009246677147372559,-0.014706286756843788,-0.023134553409957515,-0.021303165523042327,-0.01832455070975093,-0.024246256596208157,-0.02681727083123981,-0.026024455997045778,-0.028022673973090727
RWA,ssp370,ukesm1-0-ll,-0.002612840755805424,-0.0008140025081571201,3.706422019984196e-05,-0.0007628183534573949,-0.004473730467713031,-0.0022265185285887143,0.00016466589863911035,-0.002322583393612856,-0.001857059349816761,-0.0030441783386777293,-0.00240617692386002,-0.0036393762551395455,-0.0018005984164142057,-0.002062298533527007,-0.001385939215100443,-0.0016975386007583827,-0.0019923799413332933
SLV,ssp370,ukesm1-0-ll,-0.0029888188261179907,-0.005736132588562968,-0.004323344736948468,-0.004157370255715235,-0.004126804291152997,-0.004548964725109639,-0.004882724447002865,-0.0033318560791032827,-0.0036308992014899965,-0.0037957017589379987,-0.0032689129357262314,-0.003988775091114759,-0.0032580455800235043,-0.0032863132063126175,-0.0031008360013893683,-0.0029817451757793694,-0.0026959021487629135
SRB,ssp370,ukesm1-0-ll,0.00381394745384826,0.0034763087444989456,-0.01718415624151306,-0.0674144971872682,-0.061317284538082016,-0.10244411750253782,-0.057926714749777466,-0.07120609945051877,-0.03835107057762025,-0.08899211544460711,-0.10825782953330536,-0.08933713428648404,-0.10931840547195343,-0.13211248311589863,-0.1315575583972754,-0.14296451614413483,-0.15275502996203505
SVK,ssp370,ukesm1-0-ll,0.003376832907387351,0.004192383813434093,-0.0011441609185779864,-0.0018686797820936872,-0.0015366110780970282,-0.006888826960057845,-0.002606800918505686,-0.0030961217984742666,-0.00012999147118922166,-0.004108455305037022,-0.008358587359155694,-0.002656250274424216,-0.005268586961259575,-0.007024454475322389,-0.006818462971466826,-0.008227693110812397,-0.008707627074470498
SVN,ssp370,ukesm1-0-ll,0.00041799620534083284,0.00040593051604122146,0.00021232639436640096,0.00020545997329176306,8.083303053948135e-05,-0.00012107718000351221,0.000166192991796536,-3.3344995350306115e-05,0.00012612526171235027,-2.567626455986233e-06,-0.0004283998209963431,4.943066171453491e-06,-7.371817699806592e-05,-0.00032187381821875054,-0.00043175801716486097,-0.0008464329763805867,-0.0007365372516719566
THA,ssp370,ukesm1-0-ll,-0.00044837946278666505,-0.0004563666850665153,-0.0004772673230731067,-0.0005120085114722336,-0.0005330129321861661,-0.0005289518113329709,-0.0007155852989312121,-0.0005332862536234293,-0.000693109784250232,-0.0006741385704294747,-0.0007842189419469864,-0.0006617818996695557,-0.0007879754156543734,-0.0007323644684014948,-0.0008431920583126324,-0.0007953157765385969,-0.0008379502913673473
TUR,ssp370,ukesm1-0-ll,-0.0005530036009552629,-6.492820343596587e-05,-0.00011994444755030522,-0.0001773728437793688,-4.2661454822904406e-05,-0.00011305663461800955,-0.00015587340403391616,-0.00017915419690150153,-0.0001925428688745692,-0.00017714686712210444,-0.0002305966830397403,-0.0001752560597843912,-0.00019872912289415704,-0.00022093212611263858,-0.0002431907375497383,-0.000181497299803587,-0.0002697246243513758
UKR,ssp370,ukesm1-0-ll,-0.06836090975434624,0.006079054090056649,-0.007825558947926237,-0.07091687585206456,-0.05293129858069749,-0.07201394207224886,-0.047640546387836706,-0.08753181152186566,-0.05030267457042934,-0.08286725910073038,-0.1564944810274699,-0.1368934320996352,-0.1113567873612076,-0.15736713115480302,-0.10605052976487533,-0.13276601885418016,-0.14441494475961641
URY,ssp370,ukesm1-0-ll,-0.11082046103403038,0.015326330708031612,-0.04632978255057717,-0.04887714736002531,-0.04237919181559433,-0.014348091199309914,-0.02361243440880052,-0.04898988614414394,-0.048491620184789495,-0.022504290696102963,-0.045633822678541686,-0.0476903529037658,-0.04742602032686581,-0.055525266596754254,-0.05933557891848364,-0.04454317629673346,-0.05278387425156686
USA,ssp370,ukesm1-0-ll,-0.04793903126475156,-0.07036773208782862,-0.049066642194630326,-0.04456727473198055,-0.055987225570411095,-0.05798807567217021,-0.06641015977179823,-0.06528221430067088,-0.08601869609625334,-0.06649198293856318,-0.06796329955045297,-0.07352096666331599,-0.06534181837317678,-0.05890093798430336,-0.07125469176849834,-0.06636071681923301,-0.06418087694299308
ZAF,ssp370,ukesm1-0-ll,-0.0068815169660468925,-0.018932120138968413,-0.007344152523254256,-0.0022489775861348695,-0.012512200917938534,-0.012285380424824799,-0.010145273313007835,-0.016446423398562216,-0.01690681310522285,-0.014700448929180876,-0.014218990961346946,-0.010200767481243104,-0.011814913851231637,-0.013893687921295889,-0.01310008063319816,-0.011859809847533799,-0.01245459051052449
ZMB,ssp370,ukesm1-0-ll,-0.03107527060625724,-0.042268353870382275,-0.019734688574749627,-0.00979100985745749,-0.012934955219652164,-0.014383840079093883,-0.01047306340225472,-0.015255669308535644,-0.010356535028122565,-0.010190946011252719,-0.007802924806611638,-0.005929099471936976,-0.004591234970987546,-0.006465367136921032,-0.005144598916296179,-0.0046307225400053515,-0.004125451329270238
ZWE,ssp370,ukesm1-0-ll,-0.059352992057779656,-0.04570666248280307,-0.026459744810804913,-0.016787995333470525,-0.031165676353906952,-0.03493330566493262,-0.0164059038689297,-0.03460130606078352,-0.028145277114994958,-0.022887476414899605,-0.01604741721533514,-0.01329315301279255,-0.012383095001762852,-0.01605583913154711,-0.012246959327404171,-0.012546779126375977,-0.011227462350157837
