country,date,spei,spei2,spei3
AFG,1971,-0.21973583022721577,0.7570572615204433,-0.09574062607036186
AFG,1972,1.9975559838090207,4.882018765451322,12.920940007960255
AFG,1973,-0.26077544450796475,0.39503519003098053,-0.2578505440828724
AFG,1974,1.0286222237459652,1.85966228027503,3.5208617401174416
AFG,1975,0.206343310636353,0.5201510836918367,0.22024003896840388
AFG,1976,0.21692026741185377,0.5570848924827815,0.2776299426333009
AFG,1977,-0.027849850078925036,0.7743227310595375,0.4246964945036184
AFG,1978,0.25935278740818196,0.8476877269578149,0.9647667323146571
AFG,1979,0.34758429586831363,0.6880726899061705,0.5712479322174212
AFG,1980,-0.37628332479840276,0.5287182712917191,-0.21582009688546883
AFG,1981,0.5574888510323398,0.6991925483594981,0.9484159950397213
AFG,1982,0.33554855298771574,0.5491559724085893,0.6399855998123068
AFG,1983,-0.8070013977666777,1.2978522943044575,-1.8822373734197069
AFG,1984,-0.8790316925688683,1.2871659445412926,-2.2234860235715916
AFG,1985,-0.6056318683905737,0.6853285793994998,-0.6173503838435498
AFG,1986,0.10711039052475557,0.26183591807724416,0.20755699298400004
AFG,1987,-0.012377797680364976,0.6477110149309488,0.31470179267945936
AFG,1988,-0.762333843141404,1.0493099130691332,-1.343492496700426
AFG,1989,0.4462246759177246,0.7351222580671165,1.2438045967503906
AFG,1990,-0.8140430963137696,0.9057451131642439,-1.0929782590440094
AFG,1991,0.40685238088048126,0.882289965289622,1.1460116594893015
AFG,1992,1.4544221320764275,2.5704611340554426,5.146585373674647
AFG,1993,0.47657093811916323,0.7587957349197094,1.0552146840807675
AFG,1994,0.3537079919292634,1.1353711296475328,1.9810424317117254
AFG,1995,0.06316174619756507,0.9966446036902307,1.7420208969912439
AFG,1996,0.633289054392168,0.9610786081434136,1.9155471948230391
AFG,1997,0.47868479659117863,1.7531464897416675,3.1426073723257377
AFG,1998,0.20734452095894254,0.7225632388068647,0.9992638662448013
AFG,1999,-0.9958662823453881,1.2075348944850348,-1.5715283012660604
AFG,2000,-0.6876440852273575,1.0734052678188957,-1.705496727493015
AFG,2001,-0.735380270521192,1.9901792727869365,-2.3267774507854617
AFG,2002,-0.7562825502732282,0.98849537141162,-1.1831844735626524
AFG,2003,-0.07048101013138315,0.41895832384409876,-0.09819637573658442
AFG,2004,-0.09317052082916324,1.3548521305569194,1.8490134654246013
AFG,2005,-0.3382968131520625,1.1044916340793107,0.02135409447931279
AFG,2006,-0.8129663439921848,3.4074944273988352,-0.20213322883122942
AFG,2007,-0.23477664013285254,1.2721068557406028,0.7000319861782478
AFG,2008,-1.5904263160189824,3.831878938550304,-8.841010835446536
AFG,2009,-0.39916383902208813,1.5013337030687304,-1.5293788877084684
AFG,2010,0.21690497130422953,3.1229022842544447,5.117433887237127
AFG,2011,-0.7598487970926303,4.330458814748247,-1.018555549807585
AFG,2012,-0.19092842114203593,2.2812663041095793,3.3311033966209553
AFG,2013,-0.805043696326634,3.33202718644183,0.10062585744128999
AFG,2014,-0.5834514840584684,3.4071067492609743,-0.6404657929877481
AFG,2015,-0.3629811284312693,3.937723699161927,1.8377316946810525
AFG,2016,-0.9266990400719072,3.6036066205651225,-1.6548057778498961
AFG,2017,-1.726490920832542,3.2369124059543597,-6.525207218846947
AFG,2018,-0.5593106391777823,4.484194001509744,-1.1763131327453396
AFG,2019,-0.7582175382580961,1.4874522469102887,-2.292981874609944
AGO,1971,-0.6191551217038886,0.829621492099953,-1.105598327657689
AGO,1972,-0.5538897810476999,1.209007748289477,-1.5489143544317634
AGO,1973,0.03893688051792848,0.4789782202369419,-0.13937980563060898
AGO,1974,-0.26620346284654706,1.354141274640792,-1.3578971590127555
AGO,1975,0.9553751303327962,1.714451133681574,2.863246305735275
AGO,1976,0.708578715301511,0.9255203521207633,1.0710755030265713
AGO,1977,0.7528286383289261,1.1796320251124213,1.8713415309768406
AGO,1978,-0.3254104928483248,1.8436683664497768,-1.5998165806907303
AGO,1979,0.5177971270271009,1.150371983251127,0.9554300009790432
AGO,1980,-0.4428209953335026,1.14385826012942,-1.4216098463719855
AGO,1981,-0.08360345113145083,0.5430221328212187,-0.3031077458301905
AGO,1982,0.287693499058433,1.0714373779652855,0.8137304955821836
AGO,1983,-0.20877980582744152,1.2459635215829243,-0.40042023360277906
AGO,1984,0.7741872990535703,1.8447045535484565,3.5414715057686172
AGO,1985,-0.34611112844929487,0.6421933685667532,-0.28236536808715684
AGO,1986,0.24916390381282996,0.638020129648025,0.5194530796887622
AGO,1987,0.1669148320991895,0.4286794795151022,0.03251966454442615
AGO,1988,-0.3410737317924612,0.893428809196633,-0.5447124338872084
AGO,1989,-0.43890520664653515,1.1370558125022967,-1.652097660713552
AGO,1990,-1.1024060419329518,2.0959172027187436,-4.027385606993622
AGO,1991,-0.064892100687892,0.485276894998986,0.045546438448576775
AGO,1992,0.3608156822712405,0.470229481414638,0.40959935704542727
AGO,1993,0.051684313327434436,0.6735973721003164,-0.3791407302587067
AGO,1994,0.28260082025958727,0.4516761429655895,0.3602793069382784
AGO,1995,0.49052273097448135,0.5371097103630286,0.4957925039596944
AGO,1996,0.31497141411217083,0.30069069636745377,0.22529122959198095
AGO,1997,0.2318018577005913,1.1293522768146549,1.1262565116524048
AGO,1998,-0.03551121012219803,0.7889888896571083,0.28441803946416555
AGO,1999,-0.20258927049237246,0.36987422778911844,0.027043630395187857
AGO,2000,-0.8185495122357045,1.085986289611029,-1.3073245261595987
AGO,2001,-0.8056659696332653,1.5208438536938886,-2.0857921926500724
AGO,2002,-0.36797566831752765,1.6165261775703539,0.5337792756583879
AGO,2003,-0.19282790599831626,0.8434382012682469,-0.30733878091121647
AGO,2004,-0.10464150207232414,0.8293919377165052,-0.1731299396093645
AGO,2005,0.6862844667144711,1.2830599949477013,1.6937630265377759
AGO,2006,0.23597085768939027,1.9762134521839785,2.318419370508235
AGO,2007,0.45912262990625763,0.5400819088843296,0.5106405716942826
AGO,2008,0.1939385197891137,0.3651511149186556,-0.14673419351574918
AGO,2009,0.3334873489314316,0.21577559046575287,0.0699466843924221
AGO,2010,0.1790800429957134,0.35353122868669656,-0.18802861228871562
AGO,2011,0.35475710300057467,0.24877647580351595,0.11283205184683485
AGO,2012,0.3805401371758217,0.2118316848280049,0.07978141191784086
AGO,2013,0.3744732264614772,0.20741507378132332,0.09450876414340983
AGO,2014,0.3413024812323393,0.47708991621120056,-0.2202141877452936
AGO,2015,-0.308180625491811,2.3307253695448904,-4.099179039112305
AGO,2016,0.2779850585206714,0.9472264572615401,-0.29298056032361314
AGO,2017,0.3279553901892431,0.2066561347274804,-0.012933388840238067
AGO,2018,0.3497107700668621,0.1795381128075046,0.08546518628257666
AGO,2019,0.3472306622697581,0.20513053137208273,0.10837702342518041
ALB,1971,-0.33186748468990784,0.45894770539779756,-0.528475532581131
ALB,1972,0.8576993422690844,3.188618070220261,6.9017484995112826
ALB,1973,0.08589756281295258,0.43940113290592214,0.08240729842278251
ALB,1974,0.9966027433378265,1.9051437638083442,3.8411588344962713
ALB,1975,-0.027910838538332934,0.385736963120756,0.05675560033803766
ALB,1976,1.2975003846110411,2.2778046666204506,4.790403536642689
ALB,1977,-0.04229438000040805,0.38448175387078803,-0.05497724374334349
ALB,1978,0.9563128846410586,1.6601468972305806,3.1659350912217765
ALB,1979,0.7571424297769118,0.9506903673626356,1.4713609718466365
ALB,1980,0.5117558524664926,0.9395960857688442,0.9724048254481173
ALB,1981,-0.030698110850380364,0.15026453217357028,-0.014450814881929503
ALB,1982,-0.6812594711692258,0.8848863119553216,-1.2255283820606382
ALB,1983,0.19148245831268282,0.667653332729132,0.2301882625943044
ALB,1984,0.18649360475296495,0.664391000023268,0.5642376348780633
ALB,1985,-0.8875742640431965,0.9551011862099928,-1.1803633684731893
ALB,1986,-0.1599008923156361,0.4924957201707751,-0.15724894055895375
ALB,1987,-0.0866548139955445,0.7029537802316588,-0.20956286300677784
ALB,1988,-0.7904583734112082,0.902418551430929,-0.9705977579191452
ALB,1989,0.9835969783033695,1.5096985166072288,2.644066139725278
ALB,1990,-0.6808964247039614,0.6850450086846092,-0.6898110308811441
ALB,1991,0.41467185362866965,0.6964691991096152,0.7599380128468185
ALB,1992,-0.10286468436171678,0.5867750962880373,-0.24068657836868965
ALB,1993,-0.8245852149162988,0.8883810964229595,-1.074712503144024
ALB,1994,-0.4695349407942455,0.5632929844459428,-0.2925098329746216
ALB,1995,0.5821248178891637,0.8693391649319453,1.3010247500672676
ALB,1996,0.18340392958137014,1.0778386447832766,1.2104471991175918
ALB,1997,-0.8554717475096814,0.8100018565744387,-0.8214921176650074
ALB,1998,0.3727284109703866,0.810802154365128,0.8889393426101097
ALB,1999,-0.60002157610337,0.5803301481452557,-0.6159992622858035
ALB,2000,-1.1547781515259659,1.6693787245124794,-2.4712877563332656
ALB,2001,-0.26522345409361237,0.38401944453865383,-0.24645309655410796
ALB,2002,0.842271584298917,1.8649886134856284,3.686562317048923
ALB,2003,-1.486101519896373,2.7604428407810504,-4.811369074150978
ALB,2004,0.8671556260703279,1.3027964386016893,1.9615428842179166
ALB,2005,0.19338864790012947,0.5036722048106302,0.21108015740721525
ALB,2006,0.38509009369647945,0.599781790951882,0.7961037036162515
ALB,2007,-1.3655725498078992,2.187249113720927,-3.8548332504502163
ALB,2008,-0.46967675275665816,0.4915708537396484,-0.5169432912450583
ALB,2009,-0.08758104782127693,0.5422856481253248,-0.14114910230170277
ALB,2010,-0.39990330616884817,0.49866275854195163,-0.430768826776134
ALB,2011,-1.0000587442502162,1.3057098969169438,-1.888234532107467
ALB,2012,-0.7776701139805446,1.6337641111272272,-2.6961362478587785
ALB,2013,0.021078579051516333,0.45840544297088204,0.8018043660534204
ALB,2014,0.7040709484448304,1.0066921767754204,1.4165895197031213
ALB,2015,-0.9285237940685855,1.041687854556252,-1.289497559481134
ALB,2016,0.4209403914721954,0.6876459690420627,0.8559446780166099
ALB,2017,-1.2772567001391202,1.8429691475174352,-2.975056233589136
ALB,2018,-0.1497767497310384,1.303096021295547,0.021585742269794483
ALB,2019,-0.10552667343800823,1.157008343747349,-0.17981553856843363
ARG,1971,-1.2226865225278938,2.3178003916650933,-4.4029947684920945
ARG,1972,-0.6354617403320106,1.1987500877517168,-1.5962000725132095
ARG,1973,0.5248866369700773,1.1353397337188251,1.7594938421428734
ARG,1974,-0.6163664443658053,0.8338913537445309,-0.7946549327433609
ARG,1975,0.0974088898311027,0.9160223486657768,0.14959984124196637
ARG,1976,-0.2787259007674458,0.7699873862195492,-0.7665606217221238
ARG,1977,-0.25214170170340006,1.1095561807352603,-0.7420689313928033
ARG,1978,-0.24187771956881157,0.7066368247776631,-0.288393209656087
ARG,1979,-0.024297022396443536,0.9319404254065224,0.07199134535902174
ARG,1980,-0.19217422924356198,0.6683157723047063,-0.09196046478053095
ARG,1981,0.3881077838840944,1.0245846414258821,1.2344063968049905
ARG,1982,-0.2441167782973801,0.42978546336772494,-0.28245806226199904
ARG,1983,-0.3353418266136181,0.7303535997577432,-0.6043178121407615
ARG,1984,0.8204649253837983,1.802388375643226,3.5803435513461626
ARG,1985,-0.09044888714290927,1.4675236600691637,0.5225867044586149
ARG,1986,0.13882349145047845,0.9106631755341738,0.6466943378469934
ARG,1987,0.10793535987066699,0.6094187309758191,0.42030812342597806
ARG,1988,-0.2119168745302274,1.1730146924262166,-0.7442653488036289
ARG,1989,-1.0336768174905917,1.5744396697758505,-2.657921645617039
ARG,1990,0.5457854900958229,1.0014939490729584,1.2308174311950628
ARG,1991,0.22881579160042065,0.843659604794136,0.7091441944863307
ARG,1992,0.3259829948934184,0.9157366215411467,1.0058145194190824
ARG,1993,0.5705967227259484,1.5035110235816498,2.0261537463033306
ARG,1994,-0.2794452768293211,0.6489657405472793,-0.31963606595214483
ARG,1995,-0.370718400486461,0.6080920850884566,-0.5168565703710458
ARG,1996,-0.22320660930276967,0.6146031385375649,-0.10452801696999532
ARG,1997,0.0570603473652232,1.2984415908531834,0.6349315404095917
ARG,1998,0.6945290785667766,1.7092931829165716,2.8590473327974495
ARG,1999,0.069190818570821,1.1914797813735234,0.35206396319561484
ARG,2000,0.2629256922361284,0.7776379375158596,0.39243994499751206
ARG,2001,0.4645149252470447,1.1622615771107427,1.311404315131953
ARG,2002,0.29831251269283404,0.9607071257531702,1.030155431736122
ARG,2003,-0.2466004628490589,1.2442470026266657,-1.378308506088692
ARG,2004,-0.4415408469417601,0.7386262744237335,-0.5803218681207282
ARG,2005,-0.07712714459149511,0.9218557197721321,-0.14520031217909246
ARG,2006,-0.11652468774199275,0.5643522986299112,-0.12398666146648786
ARG,2007,0.5072600774281525,1.601650363996672,2.279409383781129
ARG,2008,-0.4483605729311232,0.9109843317373602,-0.5280271703006694
ARG,2009,-0.6097807683322167,1.954656703394215,-2.344660658767124
ARG,2010,0.20626692642801336,1.9982138856277418,2.425299118632026
ARG,2011,-0.2997481166625915,0.5232173793883858,-0.41355480640005404
ARG,2012,0.2512237530171456,2.18872118656283,2.1381971211969577
ARG,2013,-0.42567481361140047,0.7839850929562803,-0.8826948325643793
ARG,2014,0.24551560809679768,1.0034357900766144,0.7819174391910617
ARG,2015,0.29948453628806954,1.2104089557572748,1.1865765615740946
ARG,2016,0.4640888535136055,1.032250029270115,1.415652176174979
ARG,2017,-0.043324243636094946,0.9074520592849011,-0.020816636592883627
ARG,2018,-0.7935811512292669,1.8769029676498252,-3.0496352290674755
ARG,2019,0.10313494984546823,1.121579701311118,0.8679718444595815
ARM,1971,-0.4245566622661756,0.3814086528331829,-0.32306481872954196
ARM,1972,0.8539023573396258,1.1100171692785954,1.5546271740700746
ARM,1973,-0.3461002710354396,0.27817963900638565,-0.18189355039306399
ARM,1974,0.6305968935824544,0.7582285439285876,0.9359241649404314
ARM,1975,-1.1271578934134316,1.5419923463162375,-2.4445104522681875
ARM,1976,1.2921658348942244,1.8371217001512943,2.7741126014292252
ARM,1977,0.2918418107042895,0.34662079388368766,0.22861094566032317
ARM,1978,-0.25780957557116413,1.0336348062969118,-0.11856016473966169
ARM,1979,0.5051512192090725,0.28515727301760946,0.17244549632047262
ARM,1980,-1.0378091455073382,1.1616939854593564,-1.3615916715924836
ARM,1981,0.9744643496779131,1.4616253827493961,2.3361515975061695
ARM,1982,0.3444260555471415,0.4510399831125112,0.28703344304094136
ARM,1983,1.1402716113230982,1.6939509768998233,2.891331037978137
ARM,1984,-0.3637781923847982,0.2296857917825704,-0.16350564302810394
ARM,1985,-0.5543540103841383,0.5997791569317611,-0.563944274925697
ARM,1986,0.3900857613869586,0.7438077559590499,0.5556572774105764
ARM,1987,-0.6614363327436091,0.7467743377331478,-0.8838530484308538
ARM,1988,1.1744143730617311,1.5463497553590322,2.202420215725485
ARM,1989,-1.3611658632473582,2.120064688835007,-3.627558189883044
ARM,1990,-0.934276036386543,0.9516483474772466,-1.0288347612737252
ARM,1991,-0.29907362806710786,0.25381094666751797,-0.12836832507072765
ARM,1992,0.24079899221336043,0.22579845578326926,0.19831547516666254
ARM,1993,-0.22938504381250166,0.11944796982924047,-0.053117028104563244
ARM,1994,-0.501522528592878,0.47627262603335246,-0.42342200724183643
ARM,1995,0.012004069870894037,0.5365351047894407,-0.25417594086054496
ARM,1996,0.7453889947435012,1.4177262712194716,2.101530052044818
ARM,1997,0.44566482236677074,0.6327365944576794,0.6077165503499775
ARM,1998,0.7269578985113283,1.561883462040278,2.8473721295409673
ARM,1999,0.1487686245215587,0.1741689240008679,-0.008299302358862604
ARM,2000,-1.8310330430722315,3.3672849611323086,-6.218302245087603
ARM,2001,-1.0181330466072391,1.1497993283523218,-1.3844882796322453
ARM,2002,1.555373174964475,2.755407075416695,5.31356904162944
ARM,2003,-0.7348830895110197,0.6097102801527686,-0.5498649718606083
ARM,2004,0.2933794033879945,0.21024132958127267,0.16715941687842265
ARM,2005,0.6519195578054334,0.5357672325340933,0.5060987893743176
ARM,2006,-1.0003947255605166,1.2456604444841135,-1.7749149009529952
ARM,2007,0.16635543478493986,0.5225546567365603,0.14189755243685706
ARM,2008,-0.39702069954552816,0.43116985732519386,-0.34197785975888184
ARM,2009,0.3803892190229263,0.49853165168184405,0.5893513485972417
ARM,2010,-0.4681777696998159,0.5655613477909776,-0.45244468986226616
ARM,2011,-0.09266201243440933,0.26681129527204694,-0.01926875321015057
ARM,2012,-0.7612540887902441,1.1471178676344909,-1.5721062285751741
ARM,2013,-1.127136427623871,1.4643975292850566,-2.1523635801021466
ARM,2014,0.14527533969289555,0.31066918714779634,0.1863061589990389
ARM,2015,-0.01256350941329995,0.5135340912244895,0.14304949383712426
ARM,2016,0.48718810937751433,0.3255708648272278,0.26597390316106023
ARM,2017,-0.4751189097513158,0.42706397451424555,-0.38207946592494324
ARM,2018,0.011948445962514646,0.2717241359408191,-0.11023500105944817
ARM,2019,-1.327982269339625,1.876678460609479,-2.8022784365339555
AUS,1971,0.8199284829465026,2.5683357935640068,6.474960160509646
AUS,1972,0.6266667972180888,1.1687393156174566,1.7201924881185566
AUS,1973,0.3371918727109929,1.1603123575484613,1.7929856937890882
AUS,1974,1.1437193488921689,2.8950036164671626,5.986140114786305
AUS,1975,0.13976418298854226,0.5032826048676291,0.46660253323302814
AUS,1976,0.7151374983965372,1.1110068702167415,1.706496550997533
AUS,1977,-0.1811101008601549,0.81444533851232,-0.4579180464878916
AUS,1978,-0.07029127397029147,0.37188431906116626,-0.02122443140029551
AUS,1979,-0.37070044919119477,0.6760315407671527,-0.1985245698985993
AUS,1980,-0.5933191470277397,0.623792123440686,-0.6117356439359133
AUS,1981,0.19654411136803923,0.983877673472976,0.7113350553663617
AUS,1982,-0.1920006271377664,0.9194449952360827,-0.13195953961495693
AUS,1983,0.13157804200763826,1.9856153408201596,2.316893967872726
AUS,1984,0.7585943043972649,1.7084162308247473,3.897689556984624
AUS,1985,-0.3680937662415526,0.6851193776006219,-0.5372463169625372
AUS,1986,0.014995303891070441,0.8268036507907751,0.13860156272611418
AUS,1987,-0.24694954165627017,0.49242948127657143,-0.39846203318807494
AUS,1988,-0.5510101484221703,1.0163212993893933,-0.8569062672986422
AUS,1989,0.7729245998400405,1.4254691084289988,2.8093200145990025
AUS,1990,-0.38360299068592685,1.4678834477567675,-0.49888924523620326
AUS,1991,-0.6699337559588527,0.821930078268534,-0.8736906544262695
AUS,1992,0.3785198085678591,1.1744429348629006,1.821047705272941
AUS,1993,-0.0775109656171747,1.068541748357813,0.4450521091457742
AUS,1994,-0.07289452085544779,1.047392806718867,-0.10281338687432845
AUS,1995,0.1689178985540793,0.7316011074843468,0.5256916944216564
AUS,1996,0.40462220870313237,0.8114038707312851,1.2029424812321137
AUS,1997,-0.18170756325367393,0.5463988048201756,-0.2212674937750022
AUS,1998,-0.09418558196992453,0.7261318539343773,0.2232202173943297
AUS,1999,0.24398676556804544,0.7162281686975936,0.5948824175878591
AUS,2000,0.2888569135082831,0.7144547628896558,0.8799784690199646
AUS,2001,-0.2400484184253111,0.40315744110340246,-0.19023480415195967
AUS,2002,-0.7685639486798803,1.3216642505524858,-1.9367353338619158
AUS,2003,-0.3979733521048798,1.0855726388395177,-0.574391667042926
AUS,2004,0.038422869140741576,0.8879976115577011,0.07726723828755794
AUS,2005,-0.35202610332401996,0.8562190316163295,-0.9703196077356848
AUS,2006,-1.1209836870077545,1.7471511800348367,-2.8915962331128275
AUS,2007,-0.4673978157927182,0.5257510304750046,-0.4166765856300246
AUS,2008,0.2899300649174128,0.5267485186305578,0.4566348882040467
AUS,2009,-0.3016362129563562,0.5567920457994516,-0.4225803572528597
AUS,2010,1.2969458332958348,3.149209281094278,7.838467626123851
AUS,2011,1.4634278348489413,3.7762224303136818,9.862044197861962
AUS,2012,0.7387033005240516,2.146233407306807,4.3025539292440556
AUS,2013,0.11152568352029978,1.7757670886159924,2.8955164000163123
AUS,2014,-0.6324549084313406,1.0548898814519896,-1.2848640445161406
AUS,2015,-0.024140150189650097,0.48183662257432586,0.09160217854894172
AUS,2016,-0.8399752613715008,1.2139904405770137,-1.922138831130522
AUS,2017,-0.32806134727319325,1.3526525450856903,-0.7262597888027615
AUS,2018,-0.47671508050309513,0.7996493440253991,-0.988625224977822
AUS,2019,-1.2736116344408066,2.421169040597791,-4.830711381248872
AUT,1971,-0.7538166302217699,0.8310100029891783,-1.0563586429221077
AUT,1972,0.8374763768322149,1.962744785270987,4.316715364702718
AUT,1973,-0.4624331435891181,0.6805954948495565,-0.7366609077278256
AUT,1974,0.2989596661381642,0.7459306305520828,0.6559307401242682
AUT,1975,0.5004037905593743,1.0972159486918642,1.544560353621158
AUT,1976,-0.6487431145665118,0.6936592016234706,-0.7908769059922425
AUT,1977,-0.31882442927942345,0.48757538197859096,-0.4415315058345025
AUT,1978,-0.011412061622455682,0.40261793196041823,0.005260339627375025
AUT,1979,0.5589077241555848,0.8025987326933867,0.9615905463533314
AUT,1980,0.3890478124972935,0.7349859756319568,0.870080899387472
AUT,1981,-0.07503064381950358,0.7854044133637013,-0.13585949121453006
AUT,1982,-0.17273303697946926,0.5329544743192126,0.20112644855688167
AUT,1983,-0.8699084759513425,1.2162625474789583,-1.6907301869490208
AUT,1984,0.17611168484260328,0.41907603863878984,0.22290592350280475
AUT,1985,0.7354921949666191,1.129371816463557,1.5686079549283183
AUT,1986,-0.4468996669170121,0.5007882276793618,-0.4065810140171558
AUT,1987,0.6834878745313703,1.3362910366261684,2.1535475330206357
AUT,1988,-0.14946233561112482,0.4382633470162291,0.1312178969416804
AUT,1989,0.4680393600529301,0.8259114458260257,1.20081671105302
AUT,1990,-0.17973378369362877,0.3540890182459199,-0.0912387954366081
AUT,1991,0.4693253708602233,1.2095165361604263,1.345368621050715
AUT,1992,-1.1188195630944648,1.7336373561011258,-2.991541837686851
AUT,1993,-0.12260015863759507,1.1145698427942472,-0.4650824459897581
AUT,1994,-0.6110289251081767,1.6961648646379446,-1.8989664838602114
AUT,1995,0.3127133282752167,0.42769014992678395,0.376052425227945
AUT,1996,1.1139386670124038,1.9605350424005246,3.828445193393911
AUT,1997,0.6292919769746279,1.3142939810877823,1.5384721948522433
AUT,1998,0.18500845409378647,0.6455299925801692,0.5561224397810133
AUT,1999,-0.005535009902802764,0.5274593576268881,0.1774621154194684
AUT,2000,-0.550485001173813,1.0723564641621381,-1.6704351966333792
AUT,2001,-0.29392405055121135,0.6685843929886706,-0.5903123618088176
AUT,2002,0.4097619488666932,2.5709885482533763,5.09649586905923
AUT,2003,-1.4937720173242603,2.51235740516961,-4.514205010970091
AUT,2004,0.07551463133201196,0.5936789748085474,0.05382659195462934
AUT,2005,0.5422469600018172,0.9656825063337837,1.478657253166705
AUT,2006,0.33646346962180246,1.2108952604390706,1.8228779293046926
AUT,2007,-0.05261741508678035,1.482533653760438,1.2658165356269724
AUT,2008,-0.05677371645586393,0.5516832631361502,0.09176239258676343
AUT,2009,0.7431482049602681,1.4920728706543194,2.5862823342042356
AUT,2010,0.9056462428918219,1.4617012691974405,2.482539904910228
AUT,2011,-0.6034689484880302,0.7015593541370494,-0.8294824080324731
AUT,2012,-0.2598744555541702,1.0060101756396147,-0.5362348044057638
AUT,2013,-0.12998369187013167,1.1657070634554558,-0.6516744369967477
AUT,2014,0.5778197144044818,1.0537826176812828,1.9390781491672686
AUT,2015,-1.2500251099017676,2.611568989632148,-5.870741322055217
AUT,2016,0.6000857182247296,0.8822703836233614,1.271520372151667
AUT,2017,-0.600187436017451,1.1475110917166431,-1.0198935656341135
AUT,2018,-1.2084281290275383,2.120793623607909,-3.9684892992058334
AUT,2019,-0.8875935323955358,1.6044969261430788,-2.847777214912827
AZE,1971,-0.9739665805710721,1.1799114489884839,-1.5608894828587239
AZE,1972,0.767709342836303,1.0258567039549125,1.313471132761988
AZE,1973,0.2817205526635184,0.1577613047173056,0.0794502736948628
AZE,1974,0.8473180094704162,1.255560388594235,2.193566100552414
AZE,1975,-1.4962537965460145,2.4030163441746946,-4.116640336979948
AZE,1976,0.7233581901187233,0.9898352135597234,1.2643028195830401
AZE,1977,0.3854190017371938,0.6753571661959961,0.7334571293066544
AZE,1978,0.8572752328108525,1.1863088756652123,1.7934193237000162
AZE,1979,0.014023257224668444,0.09780600210139459,0.006129465962755859
AZE,1980,-0.40525643533613637,0.3369660344139563,-0.2377002730099122
AZE,1981,1.5173149298132322,2.4652307955183774,4.256767989702695
AZE,1982,0.3155142840435406,0.26023546904224526,0.16626073902934513
AZE,1983,1.382063038608384,3.017090760361309,6.591992944856442
AZE,1984,-0.17233083778568647,0.37729255424279035,0.03310063658082174
AZE,1985,-0.43445733339835335,0.6042103145187809,-0.5530396671353
AZE,1986,-0.04335021979309408,0.19845059370842877,-0.03335312486890492
AZE,1987,-0.9399411194259492,1.018309725346497,-1.2123247736696339
AZE,1988,0.7393354857756984,0.7790781247822918,0.9253012765413222
AZE,1989,-1.454318877647964,2.5688586728463245,-4.801612192153368
AZE,1990,-0.4511195822282268,0.5948625368268751,-0.41661443547342747
AZE,1991,-0.6683977645750266,0.6421688247667048,-0.5025053192469399
AZE,1992,0.9443006276007859,1.0793946206627312,1.421148863375608
AZE,1993,0.49080243933478157,0.48729738606160594,0.5115297494884117
AZE,1994,0.08145676980741857,0.175368762838322,0.0008801900059398626
AZE,1995,-0.7719017063169317,0.8191026600746617,-0.9809954189912884
AZE,1996,-0.8165882630960407,0.8307499983507161,-0.895372034612406
AZE,1997,0.6898638671553383,1.0000246553763554,1.4533130161366243
AZE,1998,-0.6062919770528196,0.5995383881785357,-0.6386503587252566
AZE,1999,-0.20035745525862628,0.13730589094821055,-0.08729710192840813
AZE,2000,-1.6891801373795723,3.1988999052670217,-6.445448074315964
AZE,2001,-0.13092745293985614,0.41222253237625966,-0.25685429428687406
AZE,2002,1.217581783679039,2.145268663522219,4.1278579539675135
AZE,2003,0.0007604290206299769,0.4956528480465958,0.5421740345944974
AZE,2004,0.07418534302057615,0.14853308572445093,0.0738382607548714
AZE,2005,-0.3305013784666607,0.378848978372487,-0.19131698933963082
AZE,2006,-1.1380060766330862,1.5160317365596796,-2.2387041740839475
AZE,2007,-0.19521108588027025,0.5502250218711795,-0.41085341359286687
AZE,2008,-0.09697880956250055,0.5576990315862793,-0.42896880244925456
AZE,2009,0.6311952776559239,1.2334833501732219,1.8243067373396504
AZE,2010,-0.04570410243148597,0.8238432292408397,0.15022993895737743
AZE,2011,-0.0051761368929179735,0.338738042856296,-0.08150083912275716
AZE,2012,0.19639941890460627,0.6449849846677479,0.28540053087939116
AZE,2013,-0.4514364596305514,0.4824243080739119,-0.4263544371284309
AZE,2014,-1.3265552564428382,1.9864754688450155,-3.254463676658828
AZE,2015,-1.4113249212256387,2.3655317975920833,-4.22001732165856
AZE,2016,-0.6210527331532882,0.6181672716108628,-0.6177104634664106
AZE,2017,-0.9006323709565548,1.0244926400322398,-1.3226873345219567
AZE,2018,-0.29855405156218695,0.44902133422261353,-0.5767383767516754
AZE,2019,-1.0627246726252626,1.5537259267517258,-2.436071369527048
BDI,1971,-0.7576639291058407,1.0514106503287721,-1.6359071754903343
BDI,1972,0.3065806867474012,0.28915715320776664,0.12392630129012354
BDI,1973,-0.08850743603738409,0.24380924964006118,-0.049454185547794266
BDI,1974,-0.4354106052669413,0.29042975092573936,-0.22348779342129807
BDI,1975,0.16444711010773622,0.5600158887927706,0.3198085615758939
BDI,1976,-0.32166166254876233,0.2939959450152196,-0.2319332526744631
BDI,1977,0.23470970643893455,0.12214955406998992,0.059712991387991056
BDI,1978,0.13184646022589647,0.12636838876365603,0.05547270326057282
BDI,1979,-0.4995928436343267,0.9570057685190885,-1.2803355138389552
BDI,1980,0.2171103128275009,0.4653151365905237,0.23728356250584798
BDI,1981,0.2781956737366495,1.157054214152569,1.2679459819336147
BDI,1982,0.7506054015971382,1.881986572643936,3.2619843720229107
BDI,1983,0.3041217330219897,0.43509306422791805,0.3687527823107762
BDI,1984,0.4840643683265864,0.7893456361026862,1.1732850353053486
BDI,1985,0.35175626482394345,0.557150777703889,0.4621093919731991
BDI,1986,0.24343139740675007,0.2881990337709938,0.1592321507924648
BDI,1987,0.3577618960046882,0.7515817315841622,0.5429671176006919
BDI,1988,0.6630515181814325,0.855923910763574,1.2620917867390355
BDI,1989,0.026496736987639116,0.253695215456363,0.040574634916835814
BDI,1990,-0.2706680431166264,0.2677706422686652,-0.13655161649929476
BDI,1991,-0.02166316409780266,0.19849006975848324,0.025070789817559253
BDI,1992,-0.5276838917998771,0.6247384405760024,-0.7585328829649437
BDI,1993,-1.619231597568193,3.4915244323929095,-7.741107381493382
BDI,1994,0.4178080537463345,1.7519759640166193,4.19014610435725
BDI,1995,-0.41236560339054584,0.5238750239736865,-0.45932760352795093
BDI,1996,-0.8451844497140183,1.13865026604952,-1.4972002861642517
BDI,1997,0.3149334632137248,1.5440561292445787,0.9140881747942168
BDI,1998,-0.6291385857752722,3.2978044160636326,-1.0589868469996868
BDI,1999,-0.10127298100814411,0.7157508234004624,-0.5706738171901804
BDI,2000,0.2650464401103836,0.9103871084507718,0.5767720798046891
BDI,2001,1.1118595177168646,1.990771167001655,4.034423648777936
BDI,2002,-0.666788524741354,1.5722221356390622,-1.4663738791145549
BDI,2003,-0.46560981124520234,0.6605646478309385,-0.6796800635910913
BDI,2004,0.4545350295987253,2.2299997531229314,4.194468375564805
BDI,2005,-0.15971711486713747,2.043157737511468,1.1760573910881047
BDI,2006,-0.611126518463731,2.3080129254186073,-3.588498576956954
BDI,2007,0.6053507961810539,1.654408758195331,3.676660454103574
BDI,2008,-0.06141441359279913,0.8401488734297397,-0.09690313573660703
BDI,2009,-1.3527378403974668,2.0286817017245005,-3.180765817730954
BDI,2010,-0.3340754859331059,0.7793450698488662,-0.6206220722074641
BDI,2011,1.77259831469006,4.832428836485844,13.346696249152398
BDI,2012,0.9123500253576637,2.760664086890004,5.360126254878572
BDI,2013,-0.7175435479341934,2.147770056808944,-1.3652935261046535
BDI,2014,0.7234408227820698,2.87909376030905,4.707770153480032
BDI,2015,-0.21202829875328755,0.41476308090224445,-0.09803707976375618
BDI,2016,-0.5883716186107222,0.6135799129766948,-0.5229290746654631
BDI,2017,-0.4162066440303285,0.6036988497142743,-0.5301458444147091
BDI,2018,-0.2578700942183499,0.7126464665130019,-0.24407054264809774
BDI,2019,0.9287440090526888,1.3067611479124075,2.006018654760141
BEL,1971,-0.3400099588892549,0.6823398932204696,-0.6293865544333865
BEL,1972,0.28969889879231125,0.3382634675860689,0.1831056844661348
BEL,1973,-0.3550188410517308,0.3675347896696368,-0.3386012740005897
BEL,1974,0.33862524225676904,1.8346151310985646,2.480370967072703
BEL,1975,-0.487098468344498,0.49689993713947817,-0.3927801309766998
BEL,1976,-1.9821659143000114,4.394249999788105,-10.54441728424019
BEL,1977,0.14667754482413028,0.40754555747294313,0.06250096622467588
BEL,1978,0.14409113677572905,0.3397026783650786,0.014237864778826197
BEL,1979,0.19047526358329822,0.7481024221639414,0.9898356859505315
BEL,1980,0.6757208588362207,1.1573698289924566,1.791163674682217
BEL,1981,0.6028463929163413,0.7406013370085831,0.7384948267274266
BEL,1982,0.34454568806060265,0.5797097653217795,0.3707464816480559
BEL,1983,0.023819620412149273,1.9746757904221075,1.028582816531877
BEL,1984,0.5804510377206034,0.8263356953591102,0.7510270938495971
BEL,1985,0.5413751184121045,1.1005487928783289,1.2291872921363445
BEL,1986,0.13592658241183553,0.37683935621305814,0.1920703501908316
BEL,1987,1.127422105986881,1.8943190226353732,3.7599030411112477
BEL,1988,0.1457390368065664,0.5657648308641432,-0.12583469689974638
BEL,1989,-0.7510561394428064,0.9215741392152244,-1.0736887725835025
BEL,1990,-0.8231151054400911,0.9870431368002128,-1.299366807181333
BEL,1991,-0.35228272117228276,1.0278799252764639,-0.7880473447877967
BEL,1992,0.408117555271083,0.6542239548505863,0.6546044785167082
BEL,1993,-0.21857534101149453,1.2845023310614576,-0.8450388601211158
BEL,1994,-0.24205074681632308,0.7641472802815107,-0.5629500731284073
BEL,1995,-0.8496146566874635,0.9121211846730665,-1.0777884909916118
BEL,1996,-0.15913178213354118,0.8976285483233518,-0.4510555496895603
BEL,1997,-0.20145005479077358,0.9668665947925997,-0.4744670832828306
BEL,1998,0.7182276112458652,1.0477638745636577,1.9033093365057143
BEL,1999,-0.2503382363284206,0.17584823292571675,-0.10710101516177914
BEL,2000,0.5803746741010306,0.9181346452254886,1.4127429417025124
BEL,2001,0.3354473078845268,1.0908392290889353,1.3999029252103123
BEL,2002,0.23007930707034963,0.39692247741153797,0.28153183102251855
BEL,2003,-0.9331405841237107,1.0354234382468825,-1.2899685440656643
BEL,2004,-0.0199566992818714,0.48180049929529034,-0.06062018390158114
BEL,2005,-0.15671771837474602,0.6270496456681469,0.09448815464812939
BEL,2006,0.25196593313325494,0.43104831295125695,0.19959468830505012
BEL,2007,0.24585086075102325,1.0007514838313114,0.8515845125132494
BEL,2008,0.34145444459481034,0.28672667548368025,0.20542688772682655
BEL,2009,-0.8386272108022708,0.983541374193574,-1.217893544460487
BEL,2010,-0.15716426016957047,1.5932286371202258,0.3735935874291904
BEL,2011,-0.6824535433644363,1.9290577894299967,-3.891566388115738
BEL,2012,0.16264059435801864,0.511181338878731,0.2915637074413565
BEL,2013,-0.35673231173239767,0.6106609418937865,-0.6915546751518064
BEL,2014,0.30130583506557296,1.2977619489947296,0.7695500867110583
BEL,2015,-0.498894180993608,0.5874815554957157,-0.49378315974282677
BEL,2016,-0.06493374614229835,1.6862659719237547,-0.6095409043007489
BEL,2017,-1.2215197742151889,2.114330370523741,-3.812267308475103
BEL,2018,-1.8321013492393383,4.076969616580651,-9.6325385279282
BEL,2019,-1.0214139630931025,1.1721882486287116,-1.4685531744986573
BEN,1971,-0.26610179239983306,1.128981415011961,-0.8380215151986584
BEN,1972,0.7395475348778945,1.4282953716740414,2.090796339812887
BEN,1973,-0.7152707580717732,1.3878234739737036,-2.0161772736547356
BEN,1974,0.26566937216341524,0.5440472096906224,0.26109381432356116
BEN,1975,0.8968814290872539,1.16094913284284,1.7241973390975962
BEN,1976,-0.015774742112725563,1.5940255363079767,0.49562250050722106
BEN,1977,-1.2622210148535056,2.0701977675584637,-3.4847803610001717
BEN,1978,1.3968331949199972,4.00117935226621,9.859797766710901
BEN,1979,1.201182210225427,2.125499037844006,4.035125924775582
BEN,1980,-0.2278041741553126,0.23338427348241794,-0.14900397793165376
BEN,1981,-0.3313026626782726,0.39997903338160196,-0.37442594001353147
BEN,1982,-0.17686108170485268,0.7069938580152726,-0.722091293553666
BEN,1983,-1.38340033610321,2.1515246103099166,-3.5832232259666426
BEN,1984,-0.46709443514827925,0.6739457196375078,-0.6901119762693595
BEN,1985,-0.1588965751704594,0.34018741909045,-0.003499143375272429
BEN,1986,-0.7515259373322781,0.7442608149413468,-0.8419076869850661
BEN,1987,-0.7716955545696094,1.0851861957755757,-1.46783578372533
BEN,1988,0.5977512310906918,0.7446129916855849,0.8637444775037707
BEN,1989,0.8517587889693777,1.1478408438923846,1.5898586141909605
BEN,1990,-0.14331337981726236,0.2330858863759722,-0.0807303789464025
BEN,1991,1.059974010728364,1.70926935922323,3.1413672680949984
BEN,1992,-0.38666592867132277,0.5987246823107715,-0.5854441581536779
BEN,1993,-0.012516990774270619,0.20372116389448525,-0.02871024884557892
BEN,1994,-0.3434287508268765,0.36978138774665065,-0.10338412205261115
BEN,1995,0.4162934613968455,0.6322419491625888,0.5691713711678821
BEN,1996,0.3440957315133831,0.36005540191421187,0.292573475624219
BEN,1997,0.8674544158474226,1.1438919554184155,1.4233274475582305
BEN,1998,-0.9871889059030022,1.7248878865809105,-2.380030818136617
BEN,1999,0.6960830344852831,1.603361954496057,3.1584214516609292
BEN,2000,-0.7106108066029758,0.8204378366702343,-0.9452218944260317
BEN,2001,-0.4136532836066346,0.4903174358664861,-0.45531191478293065
BEN,2002,-0.0805698200383467,0.3110681444510402,-0.13866735846702308
BEN,2003,-0.1664613778415599,0.3739898375706372,-0.09411376472020866
BEN,2004,0.14867919465762588,0.38265384840167427,0.29521167558428807
BEN,2005,-0.5447012031789061,0.6159860673078548,-0.7025858120013648
BEN,2006,-0.4504784557487553,0.9264206825165998,-1.0619316707967728
BEN,2007,0.0008396713346002279,0.4123484111365999,-0.05600881238025689
BEN,2008,0.2801724638841186,0.9712036262352344,0.9665468660910053
BEN,2009,0.5182259174535677,0.8826042884338354,0.9612378071812676
BEN,2010,-0.5681912723091588,1.0541634560484061,-1.0482202988703209
BEN,2011,-0.6126892088331921,0.7002816758653791,-0.9067738665580642
BEN,2012,0.042867667341813874,0.32509321853290346,0.10326247455975691
BEN,2013,-0.31698160000320735,0.6170515551886279,-0.634259719361654
BEN,2014,-0.5052201458803552,0.4153545954047412,-0.4499526027985917
BEN,2015,-1.5601230468625746,2.9034369384273386,-6.003185024025745
BEN,2016,-0.4014428073302847,0.43431673425332984,-0.4429002326364357
BEN,2017,-0.17786553571923985,1.060934780173247,-0.7569513334359991
BEN,2018,-0.555079572899392,0.5821663852603196,-0.5700612392651602
BEN,2019,-0.006121486608698927,0.29492203241929993,-0.060110205382129925
BFA,1971,-0.029806004940967544,0.521443768696277,-0.08231349089891421
BFA,1972,-0.1284825048359027,2.8441049638627676,-0.7851453067541668
BFA,1973,-0.9799567044378513,1.5336370127260797,-2.797223433268445
BFA,1974,0.21292646178549932,0.9144162036315769,0.587808329059876
BFA,1975,0.9024888630846623,1.2993481177854722,2.073662949225076
BFA,1976,-0.1310217697031258,1.8860459371903227,-0.47999365708742786
BFA,1977,-0.2386441436260693,0.4365691137079156,-0.2940789003996109
BFA,1978,0.23167065596854786,0.920475789015402,0.7392367146481
BFA,1979,0.9179973491190027,1.5366936957312056,2.771685635033769
BFA,1980,0.18758271842827745,0.30881711388070143,0.22702750902166402
BFA,1981,0.3993334602056285,0.5321052397031806,0.49064658926962884
BFA,1982,-0.26152882541003947,0.7333633184973454,-0.364930829437301
BFA,1983,-0.9969805643189869,1.3156077444592962,-1.9004144820143745
BFA,1984,-1.3192595686802608,2.4284472974162776,-4.889705431654324
BFA,1985,0.2418650448159876,0.7363306203873408,0.5392642613448343
BFA,1986,0.1660132461670003,0.3750865323464381,0.12591638490057874
BFA,1987,-0.8935713072610876,1.3820054909238926,-1.894170807219728
BFA,1988,0.3150717287316998,1.0293018766643953,0.9818494240151192
BFA,1989,-0.028650487915578213,1.0018119422153557,0.01987744027689442
BFA,1990,-0.15028717098319336,0.5521061843366599,-0.02478200894995465
BFA,1991,0.8789909853517487,1.6389246968872682,3.26080775621348
BFA,1992,0.39286263031244,0.6430832233799059,0.3111074462295911
BFA,1993,-0.3687547597456759,0.4885279890316642,-0.4508078270629767
BFA,1994,0.7522369211380333,1.9320994969319008,3.5320722263330593
BFA,1995,0.0808439404573597,0.4555158794841806,0.18382659479543406
BFA,1996,-0.17618645202708585,0.4297274254300475,-0.0575376136493031
BFA,1997,-0.00590249801711757,1.5521292176010468,0.9281180111107971
BFA,1998,-0.3374281959761983,0.4517210158911232,-0.27434170643866096
BFA,1999,0.29835883890327264,0.8390778460963385,0.9484998226964488
BFA,2000,0.25130758185932184,0.688110409760322,0.5168986774425227
BFA,2001,-0.32153461001181144,0.4215828418874385,-0.2579753846929775
BFA,2002,-1.6580670226613763,3.023650192119787,-5.805605510339431
BFA,2003,0.7228678202623476,0.8233972286699656,1.0925659558267546
BFA,2004,-0.06929032051599293,0.1949071452282067,-0.03559605602798736
BFA,2005,-0.4391361985548151,0.7618073436431986,-0.5922879799929307
BFA,2006,-0.5549274671396812,0.7322483851223968,-0.7762221359734518
BFA,2007,-0.34074110759915816,0.993011962808022,-0.6114226133733602
BFA,2008,0.25623863614332837,0.9209520697450928,0.19996234889966338
BFA,2009,-0.373987860078343,0.382755999505212,-0.24572536319622895
BFA,2010,-0.12181178910342107,0.6747810114115269,0.05851486939815851
BFA,2011,-0.8865177350252125,1.134836892176573,-1.6294077111976106
BFA,2012,0.6580205141471415,1.1013599541133465,1.5309019030123452
BFA,2013,-0.30576157598752685,0.3494377594561251,-0.24300897499643645
BFA,2014,-0.004247645177024542,0.47263319250608105,-0.15462730934748287
BFA,2015,-0.9580406777922047,3.805509330253915,-7.584395314739505
BFA,2016,0.4173992356411829,0.9415375764987762,0.8438705570691692
BFA,2017,-0.1446866315737577,0.8580847555299791,-0.7142699094052712
BFA,2018,0.039500551831753265,1.0143660743665686,0.39226084110252496
BFA,2019,0.5882497282368229,0.5624804809249347,0.6134273017729509
BGD,1971,-0.045015654093003156,0.19678395410553753,-0.08686174464193641
BGD,1972,-1.2413117221517498,1.5547704016223618,-1.9647784488115434
BGD,1973,-1.7103857350562068,3.372825265709291,-7.508907685522483
BGD,1974,0.7875262825035833,0.6748886710846557,0.6085898707577573
BGD,1975,0.5464591160274013,0.7441436594802494,1.0661986196557944
BGD,1976,-1.1077034566028885,1.453033134929769,-2.1371034541801683
BGD,1977,-0.38741696459505665,0.2653400996208995,-0.18304254364656403
BGD,1978,-1.5568133100283685,2.6196134078889948,-4.664540303195612
BGD,1979,-0.20793533376002393,0.057952334052002785,-0.018094048379371768
BGD,1980,-0.35420020184579143,0.17386159705155194,-0.09734983941377941
BGD,1981,0.26055874926661565,0.08446088443794765,0.03160734060278123
BGD,1982,-0.6201781929985831,0.6066169940023037,-0.5852916996139648
BGD,1983,1.0420230513407966,1.3432747598961488,2.011881214361433
BGD,1984,0.9484200663721177,1.0087766418488342,1.1412285439071885
BGD,1985,0.23382326761960923,0.12506836524350048,0.0633366401111046
BGD,1986,-0.9799799811129998,1.052007198182803,-1.2125951334752088
BGD,1987,0.501418511388506,1.4176330619593747,1.2644288821527871
BGD,1988,-0.05303407249707363,0.422571103567543,-0.2236809625384177
BGD,1989,0.28508275592891996,0.4037226809426558,0.31028098863576303
BGD,1990,0.38985515382309416,0.16711083871809287,0.07575261899919188
BGD,1991,0.35846931903000695,0.15810373075587492,0.07484884101118411
BGD,1992,-0.5024880894583722,0.2539709194745291,-0.12909271633449138
BGD,1993,-0.06922902383268166,0.0484307350215111,-0.015824297468437883
BGD,1994,-1.8584352279424998,3.4986329297533616,-6.6728921261166265
BGD,1995,1.655975020666763,2.80698769655289,4.853434155190647
BGD,1996,0.3347215189021235,0.11762631293921333,0.043176875658895476
BGD,1997,-1.3562739368413388,2.1115599450332216,-3.50299771733375
BGD,1998,2.07886013518887,5.777028391667801,16.887071876326697
BGD,1999,0.12891519414877117,0.08814526161834184,0.03130480170725291
BGD,2000,0.584373127508969,0.7185589244009111,0.7158842716971746
BGD,2001,-0.5614488117775522,0.40035610457727966,-0.3030597617854706
BGD,2002,0.8059380598685029,0.9430928759453846,1.2465738790029437
BGD,2003,-0.2543140737516991,0.13037645757713903,-0.07577409622270048
BGD,2004,-1.0742427843369808,1.326497783445432,-1.8033154420275757
BGD,2005,-1.563782193160667,2.575372781459152,-4.433950817268148
BGD,2006,-1.4004194492954476,1.9952717186207798,-2.886387176650891
BGD,2007,-0.04430884708196323,0.057337577891457124,0.0016765086345086947
BGD,2008,0.3766753603772763,0.4101939757916769,0.40811755875360345
BGD,2009,-0.9128355922911598,1.005288548736478,-1.279336370114281
BGD,2010,1.1284402061114494,1.3041025262686752,1.5397408021689463
BGD,2011,0.7661895530830297,0.5877472889870621,0.451386732772284
BGD,2012,-0.33313166370860897,0.14908163069266303,-0.07316769896292889
BGD,2013,-0.01040167244925764,0.10932522659759238,0.0032327341130061493
BGD,2014,-1.7629570815999103,3.174089004378479,-5.837864623241871
BGD,2015,-1.5043510127648922,2.3270436361434372,-3.7031526599102644
BGD,2016,-0.9437070115067737,1.1486164773029808,-1.4837045359844698
BGD,2017,-2.078747619554212,4.3271610016019215,-9.020116185131817
BGD,2018,-2.4060884972914183,5.823223986030448,-14.172073618316396
BGD,2019,-1.6250716624766923,2.778336894435838,-4.945883106528183
BGR,1971,0.5466974369621553,0.7266122690961153,1.0478051883081365
BGR,1972,-0.524881096204328,1.0366095156574349,0.10033701361672853
BGR,1973,0.7923958011109341,0.9350893263828156,1.187301390050827
BGR,1974,0.30137050454049286,0.41279877264107107,0.56944649053459
BGR,1975,0.715162696537396,1.1634375949116527,2.057340761588845
BGR,1976,0.7410439315405895,1.8675679742849327,3.9979746815804535
BGR,1977,0.2752957520635069,0.3867840176959175,0.20440026394522678
BGR,1978,1.0060296467079548,1.261639128363172,1.7358027702407122
BGR,1979,0.7420613902949669,1.013445715973996,1.3536546779718688
BGR,1980,0.7612863927491605,1.1328552401068637,2.0048922765031842
BGR,1981,-0.12332801375897065,0.22943626579356335,-0.05744228376516167
BGR,1982,0.13455622134282202,0.3553786144463417,0.2623849204668333
BGR,1983,0.053936287686847204,1.3265043447293472,-0.38470962693055827
BGR,1984,0.27288513886915555,0.7714279129433989,1.0451535484475722
BGR,1985,-0.7590114701698143,0.8917067142922543,-1.171123996192291
BGR,1986,-0.5984351754832866,1.1155633875624582,-1.2570712565765212
BGR,1987,0.03105426487929869,0.879547100447802,0.40167245483999364
BGR,1988,-0.4116234633463459,0.9000398477407733,-0.849144912345426
BGR,1989,-0.06376951153301494,0.33974843607186617,-0.08028248170818691
BGR,1990,-0.7123962118319226,0.686092208044412,-0.7142152560778597
BGR,1991,1.5321475651506933,3.168426384445173,7.398992017090172
BGR,1992,-0.18079342087877723,0.5219921239548756,-0.41327581986839734
BGR,1993,-0.283600902067183,0.6906285348592078,-0.36795708137786654
BGR,1994,-0.40766009954661336,0.6025726921252418,-0.537140563025003
BGR,1995,0.09895407594971539,0.18771610183343052,0.07359221713580626
BGR,1996,-0.9189121045177694,1.440385870698089,-2.1064073002345767
BGR,1997,1.0456885808186946,1.934847122819495,4.003407650623617
BGR,1998,-0.5041921914849539,0.6531282051555798,-0.49696831150527143
BGR,1999,0.022588784944121205,0.17764165778160187,0.0959871043021469
BGR,2000,-1.5280941465678837,2.60698033656548,-4.762508155134676
BGR,2001,-0.39801530434033877,0.5171292140013092,-0.5167694287648599
BGR,2002,0.04277760543333372,1.1951402601906846,0.9000989108450751
BGR,2003,-1.1516068186970567,1.9992171836108987,-3.438398180496821
BGR,2004,0.23338005337366557,0.36120687053199657,0.36304094466692716
BGR,2005,1.627111360518213,3.7033109355624694,9.31989591282152
BGR,2006,-0.19559182003315195,0.46944147337317543,0.11672609866544731
BGR,2007,-1.4331835628219014,2.6793082937560913,-5.234802601923849
BGR,2008,-0.763711593583126,0.8441116645250211,-0.9511628658651147
BGR,2009,-0.7680840644489755,0.9374327774712633,-1.2336268090275246
BGR,2010,0.30642459232652497,0.5669699622153924,0.4616316116301699
BGR,2011,-0.3575359567154367,0.40184049191668614,-0.43567622357855434
BGR,2012,-0.949197988832949,1.8911461262639857,-3.5327691211048147
BGR,2013,-0.04404216813947211,0.5705771756146159,-0.0838278894795495
BGR,2014,1.3876203564572807,2.8181844453291673,6.3721852551926235
BGR,2015,-0.47418305178397996,0.5843720421938458,-0.5799301039751326
BGR,2016,-0.34661289330229694,0.7997493371599991,-0.6308536798303085
BGR,2017,-0.08945287340979197,0.440444296708268,-0.1556659132290736
BGR,2018,-0.21588444321004072,0.8015313423895818,-0.19143494935655875
BGR,2019,-0.252646563953451,0.9025097073223257,-0.6469618012052911
BIH,1971,-0.8626437228194328,0.8997295489192615,-1.049031417580157
BIH,1972,1.0968117756867466,3.1673821279361034,7.4793033725501505
BIH,1973,-0.07284830080530377,0.34384931601779417,-0.10978873361932638
BIH,1974,0.6959188970138256,1.1648855741784312,2.4045389640525183
BIH,1975,0.5899054298386854,0.6934057576341308,0.8903662719359507
BIH,1976,0.6908462441159541,0.8235792259368877,1.0790067278609803
BIH,1977,0.314358836541603,1.1196377442535053,1.1502603217976564
BIH,1978,0.6187659475251731,1.1792559622212968,2.4374216462162677
BIH,1979,-0.1455649151142549,0.8566678114805925,-0.19132495594832538
BIH,1980,0.561143032013249,1.5173065206879297,2.398705738511183
BIH,1981,0.18197142648827921,0.1700505156081853,0.10472013920341193
BIH,1982,-0.34883719691336496,0.36108040893127896,-0.31800032012036084
BIH,1983,-0.6857254118543258,0.7174398422588886,-0.8339454876412288
BIH,1984,0.72994857564173,0.7272420761254971,0.7519138852045374
BIH,1985,-0.3706818169320611,0.8456507584466965,-0.991024635600797
BIH,1986,0.048497695239235576,0.6707238622626657,0.07164185467499634
BIH,1987,-0.1310696931980454,1.2372807164487982,0.17981795538056353
BIH,1988,-0.7764604339043185,1.1074180759146135,-1.4841205805087343
BIH,1989,0.8249945860102514,1.0678514557563994,1.4922181684840474
BIH,1990,-0.9114572245929572,0.9610247638844391,-1.1121533065798999
BIH,1991,0.8529333313584825,1.3203962871394745,2.151036275997816
BIH,1992,-0.6824866438869893,0.9451527427194071,-1.3313490645483648
BIH,1993,-0.4777292971817195,0.6839471446391442,-0.6842659125422895
BIH,1994,-0.6470815099923811,0.6661633271117985,-0.6439704161865085
BIH,1995,0.43310177508587316,0.6468471817994631,0.8752520925743456
BIH,1996,0.3700481938553127,1.1850632657594946,1.5023735890008292
BIH,1997,-0.23910453750154673,0.2968147431652182,-0.16708538998313194
BIH,1998,0.10134915585224097,0.4246822533414239,0.2159810049890303
BIH,1999,0.07203416013635719,0.5796739668354061,0.22655119516155187
BIH,2000,-1.7564658239164688,3.334717274528728,-6.7163642513355875
BIH,2001,0.43501227856194313,0.816619487416093,0.9077240381511259
BIH,2002,0.6206204728781557,1.079733396530303,1.5692257358250101
BIH,2003,-1.4527327131695238,2.914157619760674,-5.696811056651787
BIH,2004,0.482865243963237,0.8792014805443008,1.1346015270767777
BIH,2005,0.9601232004301858,1.977305464387027,4.656161263638781
BIH,2006,0.32009398875618017,0.6238333887675055,0.5210310359411651
BIH,2007,-0.6587841099524445,1.3652080430042421,-1.151785906580324
BIH,2008,-0.3737529970647588,0.37172486318696435,-0.22995555647780416
BIH,2009,-0.7692026204693367,1.3733834884104559,-1.6724560876587542
BIH,2010,1.0706308784919458,1.956793998188974,3.8618203240237006
BIH,2011,-1.37004910469196,2.4762278298921867,-4.892869630941955
BIH,2012,-1.2149240594433233,2.735162168028099,-6.7879260752457675
BIH,2013,-0.43546288708767206,1.2793824744025863,-0.40552319333065473
BIH,2014,1.911906010070055,4.297964197077962,10.524925616513514
BIH,2015,-0.8260930721190751,1.585472980579124,-2.5207596317862926
BIH,2016,0.08471997283940819,0.2577188437453832,0.10013655110217921
BIH,2017,-0.8217366143190737,1.5361109959709212,-2.854374259330095
BIH,2018,-0.5393305414134301,1.0654899507680933,-1.6235192818568558
BIH,2019,-0.06304582909509446,1.6540367396761568,-0.3987848173394596
BLZ,1971,-0.1236992715011671,0.7200912206545662,-0.16081093593135076
BLZ,1972,0.3121328441461813,0.9231023818181827,0.9780193800163217
BLZ,1973,0.11622387923756115,0.5354624026408072,0.16250716889079297
BLZ,1974,0.3465530879367221,0.7583365368957657,0.7986562555847112
BLZ,1975,-0.5153575392742433,2.884443535692309,-3.613266947620451
BLZ,1976,-0.4722338807749098,0.959221506384967,-0.7607987810652004
BLZ,1977,0.04934801318987421,0.39780602346413607,0.35280563468227333
BLZ,1978,0.4475810843051005,0.5197011050054561,0.45604510963012684
BLZ,1979,0.9607105915011519,1.4634245699386836,2.6122792677125513
BLZ,1980,0.017069107934733995,0.470880696340616,0.28763612302066216
BLZ,1981,0.48807757723378387,0.7382592599438833,0.669449587094032
BLZ,1982,1.1928639153382088,1.9468013268808426,3.4786992641488266
BLZ,1983,0.35373771676889926,0.7139757142972272,0.3256479029345291
BLZ,1984,0.8204712762895057,1.5246781461963805,2.795608071785558
BLZ,1985,-0.07176887469808992,0.5337929440543525,0.14122878632677238
BLZ,1986,-0.33475179492381596,0.8673927805985067,0.15129849812443513
BLZ,1987,-0.9561150989668118,2.115267160703445,-4.297177752530517
BLZ,1988,0.20556173106757117,0.39951560138812797,0.12531073757808328
BLZ,1989,0.028519003757615083,0.4853762842484768,-0.016260459280627054
BLZ,1990,-0.1722330758467722,0.7591703126339902,-0.09868120542915246
BLZ,1991,-0.3203363893789384,0.6079835753963844,-0.43533355871254437
BLZ,1992,-0.021121602863124908,0.09407579157420642,0.008201978844340659
BLZ,1993,0.5515732539747722,0.872800803495936,1.0770333897536721
BLZ,1994,-0.8783063379713129,1.0144412522784445,-1.290566281943807
BLZ,1995,0.5182757762714835,0.6360039313770233,0.49540466026391117
BLZ,1996,-0.336928981620042,0.44194479007046833,-0.05353876763838015
BLZ,1997,0.03222368831362847,0.3057350647292029,0.23714253066785196
BLZ,1998,0.462279491943388,2.905833381507107,4.560970908871324
BLZ,1999,0.25771076878172716,0.5542844145699317,0.16841589383853356
BLZ,2000,0.36972650231315873,0.435088611746747,0.474745846161251
BLZ,2001,-0.19639158753147806,0.7012423137288607,-0.4196330432271419
BLZ,2002,-0.8442499416358035,1.3473636899047239,-1.5476425692293951
BLZ,2003,-0.9517827801320194,1.1831905130400449,-1.578946393086305
BLZ,2004,-1.0657801723403466,2.1334704355880527,-3.7070862939347657
BLZ,2005,-0.02570530692719173,0.28191140880573884,-0.03127175833432249
BLZ,2006,0.2895863478746705,2.0218958815533172,2.975140543868876
BLZ,2007,0.06074403971643317,0.5506941990971888,0.24982150786981516
BLZ,2008,0.5506016992497075,1.466956136007564,0.5896884063805444
BLZ,2009,-1.1782648199241634,1.653116964079325,-2.563122556219982
BLZ,2010,0.19274888376368646,0.9359337846887121,0.5768452580835975
BLZ,2011,0.22505938340365175,0.5151571738552638,0.16484565203150595
BLZ,2012,0.24671246559171944,2.018439153152447,1.7531363204883765
BLZ,2013,1.2058988026306554,2.2008113832439977,4.458642214180557
BLZ,2014,0.32847385937180507,1.4452308218133156,1.0369563412864284
BLZ,2015,0.05767434983885451,3.660396296901158,1.3117149458954813
BLZ,2016,-0.6639019204922225,1.0035089939356252,-1.1834561023588672
BLZ,2017,-0.26256115062179763,0.792983290839612,-0.9576001338827762
BLZ,2018,-0.5649788397711146,0.4530518506500495,-0.4098655922028859
BLZ,2019,-1.7844481782276627,3.74176911512001,-8.784303344612503
BOL,1971,0.22198579739432686,1.023997093877345,0.8370458005735866
BOL,1972,-0.2668451065428953,1.1593303631028604,-0.23082482572080942
BOL,1973,-0.05328358298435046,1.5105454453708131,-0.21871239826416344
BOL,1974,0.5650710908211718,1.8987028133954513,2.551758781569039
BOL,1975,0.011799951882248258,0.7920709196464314,0.3550860424005296
BOL,1976,-0.2689711030364973,1.0016265803444555,-0.9940969818188458
BOL,1977,0.2395695847943356,1.129086334238381,1.3135386623192804
BOL,1978,0.35707682276265384,1.1013377190972142,0.5237401075924492
BOL,1979,0.7591005036112884,1.4481486905849112,2.4891913891317636
BOL,1980,-0.23692969524210977,0.7628450287940822,-0.5053338717348721
BOL,1981,0.43377144296362496,0.7825895595585679,0.9895144674530163
BOL,1982,0.44299455314539316,1.0503164596429628,1.4097146864604233
BOL,1983,-0.9247253865344104,1.8221753685702486,-3.096483825229855
BOL,1984,1.2050712107721737,2.6375768007616536,5.860344352746209
BOL,1985,0.601517679408933,1.5817056791095083,2.049240127572758
BOL,1986,0.0795553244497395,0.5923190561144264,0.06933203106352807
BOL,1987,-0.16258684946857635,0.9696477484627438,-0.018348520507637005
BOL,1988,-0.14479040371781812,1.101136919742925,-0.17756070996434223
BOL,1989,-0.3339823620698209,0.660213835146975,-0.346941589195769
BOL,1990,-0.38335159323711254,0.5741998861610353,-0.47964348092924486
BOL,1991,0.07228068336791936,0.7525043795832592,0.45508450979124343
BOL,1992,0.2451210405916292,0.8160836657634019,0.8456242365763326
BOL,1993,-0.29761135052358506,0.657128142411652,-0.5545065611814703
BOL,1994,-0.33573049892688595,0.6222782118481494,-0.31729916783487494
BOL,1995,-0.42844628688387704,0.5149687966421703,-0.4252107347805614
BOL,1996,-0.010431308397444381,0.3823319799501374,0.07301578885092766
BOL,1997,0.057472679127922734,0.9631529479240385,0.2877504163796179
BOL,1998,-0.6434046194131321,1.3890150141319064,-1.7188063891224512
BOL,1999,-0.3746683822882354,0.9063054949628623,-0.7721210393807187
BOL,2000,-0.12713333558408488,0.4910237875229431,-0.1591541076398136
BOL,2001,0.5253838275314104,1.2679929477217842,2.1465605230246303
BOL,2002,-0.4802066784737659,0.7997856221105087,-0.8859563174187143
BOL,2003,-0.14638877868205757,0.5295461744194726,-0.1031506971699052
BOL,2004,-0.33460515033762905,0.7279258518149233,-0.6851517216766696
BOL,2005,0.13168475885624198,0.6611493526677933,0.29692933224783563
BOL,2006,0.2309978785850187,0.80785541581462,0.5794859180331147
BOL,2007,0.07972028097330587,0.569747500619645,0.48597543141396005
BOL,2008,0.5830575026294932,1.1886334736883706,1.978885731095679
BOL,2009,0.002225112642170771,0.4247030257571786,0.06539478044519569
BOL,2010,-0.6027655376068201,1.011014065849119,-1.5003971856775236
BOL,2011,-0.20863361796399432,0.8673366245492762,-0.3406627427869833
BOL,2012,0.12358536480702693,0.6910373374263723,0.3060065828820496
BOL,2013,-0.3412810036996698,0.879966132627791,-0.42426183815405305
BOL,2014,-0.07222419273207133,0.8210858744655243,0.3339121201337291
BOL,2015,0.028040077403917597,0.8558436182389311,0.10543308215130677
BOL,2016,-0.6972146390492862,1.1527468287451412,-1.4463898980693508
BOL,2017,-0.31049474556575585,0.8229523975046774,-0.7674865270740198
BOL,2018,0.49098579019821925,0.8796018654355863,0.8377046925096348
BOL,2019,-0.39297518766327727,0.7179017912284391,-0.9618657859562961
BRA,1971,-0.005825628198747833,1.5210587936289264,0.19801683261342168
BRA,1972,0.3554981997908281,1.178243077429273,1.448650699678546
BRA,1973,0.11657757303638197,0.7735713543264191,0.18332958278449515
BRA,1974,0.28167002784916007,0.9426436349822997,0.9724839275655836
BRA,1975,0.024994495243414974,0.7565209874661449,0.24366315443851214
BRA,1976,0.3648089657856474,0.8199137073388899,0.8799545214920879
BRA,1977,-0.03117379763599976,0.7747430865560663,0.04294420954034399
BRA,1978,-0.5618466386210818,1.5324679829316785,-1.9828904964837668
BRA,1979,-0.15800148235008735,1.3514924720288986,0.05952143467809363
BRA,1980,0.236674656610827,0.6684596745379983,0.6489977807758637
BRA,1981,0.08125622387696269,0.8051126728614617,0.6130934844207123
BRA,1982,0.29894573661060303,1.258378902218917,1.6772670569438135
BRA,1983,0.7029929280250015,1.5948265919077078,2.4649845904643164
BRA,1984,-0.41403199892812315,0.8040800616877493,-0.8173616653189161
BRA,1985,0.01674405008412691,1.3721426057409074,0.07814192114228419
BRA,1986,-0.3297871303581766,1.1650483014122257,-1.2148461934184194
BRA,1987,-0.14685519794289,0.5889711639419244,-0.16737891018621556
BRA,1988,-0.26746307744052694,0.6443559435619604,-0.12618028830482936
BRA,1989,0.30978353329313246,1.0119298939574062,1.347710230399113
BRA,1990,-0.17430029196082686,0.7945142378089233,-0.3037446913302015
BRA,1991,-0.31462249486051935,1.0307297246132343,-0.2455610910055611
BRA,1992,0.20580059589399763,0.9637601872889909,1.1523050351593958
BRA,1993,-0.3218481512279752,0.6726981958709022,-0.4721211900111107
BRA,1994,0.06370932901040524,0.5231094220193735,0.16315053348553063
BRA,1995,0.22882010569107886,0.9338138428372476,0.8710979506575648
BRA,1996,0.2556902241417677,0.9092297078581923,0.7929620488066809
BRA,1997,0.3402941731899728,1.4145080955115241,1.8335946151167293
BRA,1998,0.28769186823853954,2.3038275885168225,3.499854463307672
BRA,1999,-0.2879310348182245,0.8699107288802395,-0.31225011845006617
BRA,2000,-0.013561247915474143,0.5569731716909156,0.055865229688966955
BRA,2001,-0.11570123135442097,0.8158799145781549,-0.2813972808848731
BRA,2002,-0.33155956939089004,0.9435563841652458,-0.5082323556445668
BRA,2003,0.05630750857580771,0.7621355396528989,0.012719515347709756
BRA,2004,-0.31949723594885704,1.1964757599871259,-0.5098223425919175
BRA,2005,-0.6824350472906212,1.412572470104086,-2.196291036254177
BRA,2006,-0.5230251200907314,1.0171215278788848,-1.0037449344563145
BRA,2007,-0.05236670232463916,0.9313961138846093,-0.23996676287397323
BRA,2008,-0.25979237918764186,0.923577011595201,-0.602945990417391
BRA,2009,-0.2559746174437384,1.0238124686444203,-0.278492718813541
BRA,2010,0.1084000753364238,0.9352203650352573,0.5387307901586605
BRA,2011,0.3441281190973649,0.9726483713044121,1.2122384498612724
BRA,2012,-0.8696277273216516,1.6337021373301648,-2.271508135619834
BRA,2013,-0.1662705543740029,0.9263615395801587,-0.47599931329319656
BRA,2014,-0.4976804606547903,1.3117962291370402,-1.7249669265583534
BRA,2015,-0.07995982872093552,1.9795166959272619,-0.24766699174460136
BRA,2016,0.08431910270135427,1.7342946050006058,0.4827440388207153
BRA,2017,-0.20581591407274782,1.120165595077551,-0.6551230576534207
BRA,2018,-0.05310511660356015,1.2645422891489948,-0.18239938238239767
BRA,2019,-0.6957296433298248,1.6309377289801317,-2.3968808214497677
BTN,1971,-0.2947329384709196,1.6254942919459447,-2.499313315572072
BTN,1972,0.2625651211717984,1.1858553744404985,2.1835437293201285
BTN,1973,-0.17390708387091713,1.4429563232771292,0.8384157286813039
BTN,1974,-0.028962884858944098,1.5129270604649332,1.911169613161162
BTN,1975,0.056564474371996104,1.0608075435448712,0.19593678648498297
BTN,1976,-0.14189463634065425,0.7389046565249409,-0.5433791196474154
BTN,1977,0.7660619891552491,1.7083092398473443,4.150229617097259
BTN,1978,-0.45883696499376203,1.1408701521303108,-1.0881199707435694
BTN,1979,-0.7065197837370045,1.1813128848785919,-1.3985544309672884
BTN,1980,-0.18590275723430702,0.35346371317383846,-0.06441789909202664
BTN,1981,-0.24782907219776557,0.31772814580054426,-0.14962616707403228
BTN,1982,-0.47701001767847323,0.45698708019132106,-0.4144814083954117
BTN,1983,-0.2659079262955694,0.49598830233839897,-0.718305018745706
BTN,1984,0.49114244400148926,1.254528589523988,1.6055556398358455
BTN,1985,0.716850985923841,1.7525072676101157,3.322733544635578
BTN,1986,0.2782547076239669,0.987349523913974,0.556501597072308
BTN,1987,-0.013067314520084469,0.7730363848218533,0.13563792851805356
BTN,1988,-0.13823658903799502,0.7659119301541222,-0.11838223066527163
BTN,1989,-0.20707949304856899,0.7873369761874821,-0.4493135206887544
BTN,1990,0.20734260916430405,0.14898150351818645,0.08896879086111868
BTN,1991,0.567169615015296,0.8875961808679527,0.9815059381521466
BTN,1992,-0.36063169375227044,0.269835923103918,-0.12263808110331993
BTN,1993,0.3895219575405188,0.6647441446613305,0.7069961061113592
BTN,1994,-0.02137081238118746,0.36899884636003344,-0.10439360141932155
BTN,1995,0.11716112774525624,1.6653571705248056,1.1653968083930146
BTN,1996,-0.3655662554620065,0.9034986442922168,-0.9587807711311317
BTN,1997,-0.3035552427960359,0.850539256439069,-1.0011228960154261
BTN,1998,1.5368414255178606,4.055191366689411,11.191538111240893
BTN,1999,-0.3650123023535685,0.48392869593818566,-0.5784946008433831
BTN,2000,0.4317870398674618,1.0763930938733002,1.5877931812988895
BTN,2001,-0.2253734439357334,0.8831002670209303,-0.7830994089415946
BTN,2002,-0.22585093054964794,0.7652069064268654,-1.1483244446686605
BTN,2003,-0.4059475536274245,1.0043145841799574,-0.5230538973029186
BTN,2004,-0.5191837482002396,0.9736789666617255,-0.9710738398523747
BTN,2005,0.12778306003682133,0.8999944315540018,-0.4432570919024384
BTN,2006,-1.042834072227339,1.6460573002178238,-3.0723154964507646
BTN,2007,-1.0517180157267227,2.6434502666367417,-6.779550444614392
BTN,2008,0.18944251538766912,0.7028245671741374,0.8720201454119322
BTN,2009,-0.5491767968985195,1.7269897815152695,-0.6506195378978925
BTN,2010,0.40816064263732477,0.9943156254914032,1.2110266916045838
BTN,2011,-0.3689835909868837,0.6565533622138409,-0.713575058389128
BTN,2012,-0.05808783656088348,0.2591987906398835,0.0576376125850584
BTN,2013,-0.20153952664352737,0.616333885388742,-1.0282409017583214
BTN,2014,-0.6299733163707315,0.7012882389828647,-0.9374816468828779
BTN,2015,-0.21746543134544633,0.3295414596379641,-0.1981872058146561
BTN,2016,-0.5145900870745542,1.6181055392910275,0.5505979601755848
BTN,2017,-1.1864961873755637,2.3711775474245296,-4.615119053415767
BTN,2018,-0.9384457015164268,1.4580975229242459,-2.2316117006794127
BTN,2019,-0.4578409912889066,0.967662850047622,-1.0999989059240984
BWA,1971,-0.36465007879094746,0.274252587075393,-0.2318247989220914
BWA,1972,1.0377413923734125,1.9311071151950572,3.9528236474339433
BWA,1973,-0.6935917924769085,0.8130688704246787,-1.0311363695732847
BWA,1974,1.2193660272688565,1.8545246847667674,3.2937924388728166
BWA,1975,1.350772120991513,2.333716121492359,4.702551073580289
BWA,1976,1.7029948093225478,3.281340929697002,6.564897631824372
BWA,1977,0.6313640096119789,0.7201571484107714,0.7909825277101029
BWA,1978,0.7102296233940064,1.0166136054928407,1.7003826892592249
BWA,1979,-0.7306388713903095,0.6811771191521918,-0.6884633187042692
BWA,1980,0.08693514967089482,0.3228280844632522,0.09763194328927016
BWA,1981,1.0091555303253865,1.5956140298573753,2.812753934237337
BWA,1982,-0.31958867996168805,0.5382547292339181,-0.2835012125070571
BWA,1983,-1.1617012537735227,1.4723168056992482,-1.9661209391118237
BWA,1984,-0.9230733890996939,1.0427739561771876,-1.2067223574413424
BWA,1985,-0.49775938100824757,0.4265774836311203,-0.361845773667781
BWA,1986,-0.7381934141795528,0.750375051036167,-0.6543188201676639
BWA,1987,-0.8262315224619257,0.9185419360849703,-1.0732533725454543
BWA,1988,0.740862425469895,1.0352027384644327,1.5003503035186403
BWA,1989,0.4424130000108323,0.5025873790004837,0.4636577212779601
BWA,1990,0.06530065050836749,0.12374291527260198,0.03883602587147225
BWA,1991,0.2366009578109816,0.31433749271780537,0.16140067230253155
BWA,1992,-1.4867505001327588,2.2889064451774015,-3.624989784470599
BWA,1993,-0.7385026073958081,0.6749216313859596,-0.6829262861874543
BWA,1994,-0.19583895578712204,0.371071014739782,-0.2293820129653758
BWA,1995,-0.6480954833712057,0.7269681740439838,-0.8381616778939696
BWA,1996,0.5292519334584836,0.6171175383796309,0.7842881119199501
BWA,1997,0.7810698393718389,1.0770430452115414,1.677865247061455
BWA,1998,-0.37591881198054433,0.33414970086064416,-0.2855141105882548
BWA,1999,-0.6917378043629184,0.7651433599334505,-0.8600389203176023
BWA,2000,1.385221097235819,2.3421424116199963,4.423461240997117
BWA,2001,-0.05310585352019022,0.575564158749699,0.08196190540793917
BWA,2002,-0.6345071716719071,0.9340232906112832,-0.7012859886438235
BWA,2003,-0.8325375762862781,0.8721872596564368,-1.0220406307975354
BWA,2004,-0.03798598743477286,0.49006093018242053,0.04652052122140686
BWA,2005,-0.4231545014252488,0.2828594256753094,-0.2287784052262194
BWA,2006,1.0679659206131744,1.5387925128999989,2.420408571965418
BWA,2007,-1.2330352631429602,1.6499679377256284,-2.3033185507507956
BWA,2008,0.2280788254512286,0.3476662548419751,0.21113365490979932
BWA,2009,0.1288882622446641,0.36610428814544704,0.13380059365785896
BWA,2010,-0.11739139882498667,0.4143654431923431,-0.05142552695062405
BWA,2011,0.26157377902304946,0.4067072943239719,0.37638867960729167
BWA,2012,-0.8293799215655047,0.8223988841203225,-0.8776316882019813
BWA,2013,-0.9225366347667956,0.9758003954937122,-1.0660697883850347
BWA,2014,0.010473293872293482,0.3387987253736151,0.2426330036919812
BWA,2015,-0.3812982910558438,0.34116627936873334,-0.24970554558834845
BWA,2016,-0.9356830347399141,1.3082666725058063,-1.5407797453265049
BWA,2017,1.1959039093508739,2.517424518333778,4.824636337425992
BWA,2018,-0.2461921548921114,0.18837846597114827,-0.07176472391950625
BWA,2019,-0.9882951495137263,1.1105106410389265,-1.3556307916814556
CAF,1971,-1.5356583734335598,3.4674211306977853,-8.568313879450775
CAF,1972,-0.2587632843246828,1.917582033033828,-1.046679001718256
CAF,1973,-0.44501337048132433,1.6035882657999172,-2.6706241950498666
CAF,1974,0.23928553108264433,0.8475877998174611,0.8245657836027042
CAF,1975,-0.11145151071412533,0.8195717532552076,0.06115065108407249
CAF,1976,0.28931653954601083,0.8367203945720298,0.7688260701086191
CAF,1977,-0.046268405686864925,0.7054318785105753,-0.06721190145021402
CAF,1978,-0.43654347179218783,2.130991858986464,-3.113118184638068
CAF,1979,0.6520828655431041,1.26883292652787,1.6016967297892073
CAF,1980,0.029375620277721195,0.8090272781034461,-0.2755287442329168
CAF,1981,0.7531403428961184,1.3953684408117855,2.5311462815970884
CAF,1982,0.43324012139591517,0.743519721925224,0.8706133117387214
CAF,1983,-0.3393493613057578,1.717175077377817,-1.7215312294755485
CAF,1984,0.5172949518067297,0.7604367426038053,0.878430244560807
CAF,1985,0.2401597669289809,0.6638129262402725,0.706154357523749
CAF,1986,-0.2946259191141431,0.879834318229317,-0.7126395549469717
CAF,1987,-0.4799643809471265,1.3526918736826237,-1.484569553821129
CAF,1988,-0.006650202628743354,0.8214136782856184,0.03668907724084838
CAF,1989,0.1406597505215068,1.181818364296071,1.5515200849476865
CAF,1990,-0.4981443981765007,1.0962462952428094,-0.8012043142132997
CAF,1991,0.2719845312400436,0.7435307215433132,0.6062674804150641
CAF,1992,0.03139008485450539,0.3373441214550031,0.05621978541326729
CAF,1993,-0.4613802942745423,1.0584804669891743,-1.4298211074792182
CAF,1994,-0.4186408950056512,0.3957709226947462,-0.37818576482745175
CAF,1995,-0.16127394652784627,0.616733133646972,-0.2859602508166882
CAF,1996,0.8432714933541217,1.158247853809708,1.4262316743339996
CAF,1997,-0.2082264621949604,1.7973543920232211,0.13026192987713164
CAF,1998,-0.1872743550234237,0.9036192974478581,-1.1121305857448252
CAF,1999,0.35782899143877656,0.8140235283675945,0.46913266283835514
CAF,2000,-0.9039526078903217,1.6570761841045394,-2.8214960038667645
CAF,2001,0.30026539222350945,0.3476534773204616,0.21099094394210538
CAF,2002,-0.5811004386867359,1.1020709083684816,-1.6185826684912716
CAF,2003,0.6760822171655653,1.3708052378329503,2.3918677946278404
CAF,2004,-0.6419164279964665,0.6461945078241899,-0.7385193129611389
CAF,2005,0.18464499146352692,0.260863207146328,0.08727092285917984
CAF,2006,0.03666133756263717,0.9422134458274466,-0.008896067592812723
CAF,2007,-0.5852275870703626,0.8036429224149843,-1.0110516426931102
CAF,2008,-0.03064624383401888,1.1406959471192866,-1.1943486446145635
CAF,2009,-0.8821004686979179,1.694819311189868,-2.9033788666019653
CAF,2010,-0.23862197349854816,0.6755665896723865,-0.45671465685436363
CAF,2011,-1.329999038393648,2.51154372772976,-5.238707219407527
CAF,2012,-0.7590601805343141,1.8125384973364025,-3.579760413401506
CAF,2013,0.1610712020039647,0.4733153586518592,0.599247225946102
CAF,2014,-0.298378929395726,0.26475261526475014,-0.324987347566715
CAF,2015,-0.1712559055262543,0.32229964791917143,0.014983655038054124
CAF,2016,0.1663259628475688,0.6952479545724536,0.9760233845884579
CAF,2017,0.4044358846909481,0.7558225954734313,1.19421135858269
CAF,2018,-0.13122016645816553,0.19741743038651322,-0.10817067059857241
CAF,2019,0.27453355515903727,0.7174191371668475,1.325526734054838
CAN,1971,-0.7550962081587874,1.2539990701019796,-1.7023263555158037
CAN,1972,0.44697132095874736,1.0880051736594063,2.1239487781442605
CAN,1973,-0.5586516109139772,0.9374880341755023,-0.9914033892647715
CAN,1974,-0.17856630692086156,1.2569858425576417,-0.01625394159730385
CAN,1975,-0.31140757702609023,0.6625595368664721,-0.556760184345422
CAN,1976,0.301097275826894,0.38068837010291323,0.3489582852911648
CAN,1977,0.05919343052404285,1.2790318154662181,0.28115492687937277
CAN,1978,-0.6553684288311148,0.7379952003520204,-0.794478190522084
CAN,1979,-0.0955835884618378,0.7448869311728771,0.27528025725214617
CAN,1980,0.3223460282364396,0.5014765259862847,0.5165959550275996
CAN,1981,0.9739269889523794,1.5357943641109983,2.6457949798861033
CAN,1982,0.05407080631864007,0.46922139395615037,-0.11765532840457822
CAN,1983,-0.0983269386751701,1.3542629049733477,-0.71587897363376
CAN,1984,-0.0162252976401165,0.47809979488207294,-0.2651001848703502
CAN,1985,0.012154226181614833,0.4552825854216606,0.0856148925635046
CAN,1986,1.194483916387023,2.127961753356092,4.472780028409914
CAN,1987,-0.2262081750394232,0.787021714060658,-0.6770867483332307
CAN,1988,-0.7137602921834787,1.287527498043052,-1.907710268401174
CAN,1989,-0.5409070954409395,0.7949483880884741,-0.8231055068775903
CAN,1990,0.5722305117413877,0.5997930251913574,0.6595017219970201
CAN,1991,-0.6613088718356332,0.8647979074488643,-0.9528966443033207
CAN,1992,0.9141045343017866,1.8724270433587062,3.289329147370264
CAN,1993,0.10785935783697925,0.32714804022798816,0.2403809737547921
CAN,1994,0.15319597528701656,1.0746178678654834,0.5955765321192092
CAN,1995,-0.38539382934201066,0.4737390792231016,-0.3695187293489403
CAN,1996,0.8253321842013334,1.2324020245104523,1.8879502644079462
CAN,1997,-0.09720564839418831,0.2725408546210053,-0.025814287142917045
CAN,1998,-0.9387507058108797,1.664868963275852,-2.515193770509357
CAN,1999,-0.6610415908360654,0.9335785367641242,-0.9197259041164735
CAN,2000,1.2000165429629002,2.7254944929406517,6.23388016373086
CAN,2001,-0.690333452999238,1.0383264976333293,-0.9091966286363927
CAN,2002,-0.6470584865438523,1.7516623333372303,-1.8888843470545997
CAN,2003,0.06785206921759078,0.2656471817924036,0.08328366206164706
CAN,2004,0.14652596956732258,0.9634635055750544,0.39627763379886854
CAN,2005,-0.3171316672566499,1.1743413172407886,0.035523552534300964
CAN,2006,0.5004736194501843,0.959402810709548,1.162179073129007
CAN,2007,-0.8916008803538169,1.3436292096992868,-2.0519933206624485
CAN,2008,0.5247743363352874,0.7051992915449311,0.9274337016472048
CAN,2009,0.360431540430538,0.6181811682785526,0.5806855169786115
CAN,2010,0.08080944285668805,0.813054708138231,0.48202608249903667
CAN,2011,0.360975820938715,0.853247201789557,0.9486689454758539
CAN,2012,-0.7904444804754847,1.508973765348806,-2.4849474834121894
CAN,2013,0.4692720764460075,0.5630693926160028,0.63045599018563
CAN,2014,0.23365521815056572,0.7132409073096908,0.19266484534082634
CAN,2015,-0.22547647118519576,0.4505252041196747,-0.35667099774569433
CAN,2016,-0.7766073910012795,1.2733665186993133,-2.03774734836974
CAN,2017,-0.04396640876175935,1.6365167351994938,1.1883264245849279
CAN,2018,-0.6658212167162628,0.8562775769967332,-1.1397217242073099
CAN,2019,-0.24693776771741902,0.8487997873542905,-0.7214957791439245
CHE,1971,-0.602129517020326,0.8256625650271915,-0.944885895836338
CHE,1972,-0.10788853762505357,0.46921286734379963,-0.3590682551080189
CHE,1973,-0.001112433170816665,0.2704428021320043,-0.03802491235333329
CHE,1974,-0.4123108251458976,0.38017610362360016,-0.2306709483595602
CHE,1975,0.11772470641219791,0.3176662194270697,0.18104585997886694
CHE,1976,-1.4534117918199685,2.6399069678196616,-5.008340231873478
CHE,1977,0.6646269178694931,0.8392604178459879,1.1374135537608345
CHE,1978,0.8325355741617764,0.869797830361296,0.9578143671777796
CHE,1979,-0.21900624056417345,0.3972260501246536,-0.2593317107375398
CHE,1980,0.7593370891795793,1.2034212905350392,1.927500345349732
CHE,1981,0.0979284166828097,0.31968308603004947,0.1066838571331778
CHE,1982,0.38246565363295504,0.6528156022459557,0.743137280578672
CHE,1983,0.19731419695887362,3.0674315735511684,1.7025068423173715
CHE,1984,-0.16508332393558303,0.5898391564164143,0.026840863049327035
CHE,1985,-0.056957658393149355,1.4093172962791038,-1.131862502377959
CHE,1986,0.601948142278007,0.9303329897393167,1.1479153406342189
CHE,1987,1.4982780463984773,2.835042525953182,6.04590535883114
CHE,1988,0.05596078958278229,0.3599296186991397,0.08216688247991388
CHE,1989,-0.8332983694171674,0.9688632614309998,-1.3616336284642714
CHE,1990,-0.1720937822247061,0.5655077379597565,-0.4033397309025405
CHE,1991,-0.6820333434385564,0.8370922922815306,-1.1658896749374517
CHE,1992,-0.6742360476195837,0.7614494669578626,-0.9806936975431813
CHE,1993,-0.023757999202727028,0.9943690792343564,0.22450606217232694
CHE,1994,0.00418934146652474,0.5721394771618646,-0.08790795055492698
CHE,1995,0.3232974415421514,0.42066202906359723,0.34376224723186743
CHE,1996,-0.1790011370848448,0.3888833502386021,-0.26087534011292185
CHE,1997,-0.03470580976777514,0.6936939135271412,-0.19242857521291584
CHE,1998,-0.47636813560501845,0.884624807230807,-0.9393572775746352
CHE,1999,0.850707531649943,0.8526201408892545,0.9375649650611285
CHE,2000,0.006365869301588459,0.7145948316689206,0.061657385588937484
CHE,2001,0.9986899640705956,1.632329271021653,3.284652360530837
CHE,2002,0.12303585635396525,0.2610178346532276,0.18335462237706182
CHE,2003,-1.724710190433394,3.165957023030856,-6.019679823367796
CHE,2004,-0.40869170387838444,0.4666718832668465,-0.3466723655713875
CHE,2005,-0.3610700334495397,0.3094781664735164,-0.29626190141912556
CHE,2006,0.6105532214470127,1.9314437437108665,3.1379456523441798
CHE,2007,1.182384999191644,2.622277475787892,5.847506172735429
CHE,2008,-0.21629215924269565,0.6309646206807633,-0.5355210160642361
CHE,2009,-0.9415563342232964,1.2925938488223667,-1.9424030826320688
CHE,2010,-0.2550019023741847,0.4294907783515075,-0.2503001912410275
CHE,2011,-0.8949190166488714,1.6676587792263562,-3.252063338050635
CHE,2012,0.0828959912844501,0.39437302320830936,-0.07424394986647218
CHE,2013,0.164289014707919,0.4488025617309364,0.018646753799404368
CHE,2014,0.19465898203154655,1.4804851837233106,0.5534704246891259
CHE,2015,-1.2521339305879353,2.477964394422688,-5.456548092619864
CHE,2016,0.2667411436025988,2.696163712203261,-0.8382164847181719
CHE,2017,-0.9981751587672965,1.1170978481372247,-1.3644143059025409
CHE,2018,-1.8954841536237692,3.9787755537441845,-9.011742272761191
CHE,2019,-0.7561425962433345,0.7711157140438132,-0.886347193026042
CHL,1971,0.6126766444669183,1.2932463798408431,2.0207318558483203
CHL,1972,0.8409220546694356,1.3359933267798467,2.0456892311597095
CHL,1973,0.5812226705784185,1.587132298347247,3.833412922662033
CHL,1974,0.6559237509160994,1.3561336533154351,2.5392378222234857
CHL,1975,0.6501556866932033,1.1092730381672329,1.7239109862025341
CHL,1976,0.8312952265729099,1.567633172441263,3.1426282157405896
CHL,1977,0.48417267079129406,1.175214665176864,1.410722011093054
CHL,1978,1.0009291863782774,1.5462969515781666,2.4017155269879273
CHL,1979,0.6355122957486214,1.005761050788942,1.6511440492942207
CHL,1980,0.5424436966814471,1.8223682600790334,2.966271685713207
CHL,1981,0.06937927287696373,0.23760865973109752,0.06375854729982613
CHL,1982,0.37846947403700915,0.6109316058607772,0.6928243040495566
CHL,1983,-0.6943331806657385,0.6615537420623446,-0.7295254863057027
CHL,1984,-0.3013413198374976,0.7701684704212026,-0.23599624070987602
CHL,1985,0.43683997676329395,0.8956688856107712,1.5603195767281246
CHL,1986,-0.1696077794973248,0.31901603495876224,-0.08344098843465145
CHL,1987,-0.4254317620646073,1.1250286588059393,-0.26498239047672634
CHL,1988,-0.44324091044931807,0.5287233000732307,-0.28822671433633434
CHL,1989,-1.0778465841939568,1.3759574817146516,-1.933153452137781
CHL,1990,-0.01959823485900272,0.7356750706213979,0.5214609152456404
CHL,1991,0.17159792802323792,0.2752574712762082,0.16846970904565997
CHL,1992,0.5009131979732958,1.5040534476390999,2.2661438889594208
CHL,1993,-0.4411940964467958,0.5767791261554105,-0.4751014486933787
CHL,1994,-0.5803265332452054,0.5521099064854404,-0.6119760936338037
CHL,1995,-0.741485979437479,0.7730613587711412,-0.8448101763166489
CHL,1996,-0.927450346287177,1.0181184795200098,-1.1932958556320654
CHL,1997,0.5299598999231316,1.9312538046229992,3.668766250924156
CHL,1998,-0.38502621550480054,0.6280090433075552,-0.44078670757779187
CHL,1999,-0.04125427262416646,1.021152291599102,0.6302042994956791
CHL,2000,0.8489386949053576,1.882808914150048,3.523061495651498
CHL,2001,-0.7440762142011802,1.090968903882847,-1.0919946441745945
CHL,2002,0.11370398694890994,1.3472273505186136,3.3196301450559598
CHL,2003,-0.4466657570710796,0.6101513133724062,-0.861205830251129
CHL,2004,-0.4686569993501512,0.5513694834282041,-0.6380581218407622
CHL,2005,-0.33326537975746895,0.3007986811434743,-0.01848182064042635
CHL,2006,-0.5791243772868244,0.6759424049231924,-0.6788099314808475
CHL,2007,-0.11315433247832121,1.114525462235458,0.6397687112073464
CHL,2008,-0.9351517129612336,1.134064348049327,-1.2322388723633007
CHL,2009,-0.8796026534569267,1.2190862806505622,-1.7487712535673203
CHL,2010,-0.6490941248071787,0.7887575665075646,-1.120267403706428
CHL,2011,-0.012171847607657441,0.4665346436263066,-0.24274711821660663
CHL,2012,-0.9055883229080114,3.09004793120363,-2.424749413037729
CHL,2013,-0.1947060873558775,3.038660504164162,3.7014180970023136
CHL,2014,-0.9044562425607316,1.3215504556907787,-2.221782198197747
CHL,2015,0.2991604129413443,1.6241951512838038,2.6003961199546834
CHL,2016,-0.7691235008638811,1.1555458795184326,-1.660813414893859
CHL,2017,-1.393917023449127,2.990506278746079,-7.111149789193334
CHL,2018,-0.6418505896183994,0.7112131462030336,-0.9075430591321858
CHL,2019,-0.9838140292910479,1.1818442182615065,-1.4608719900645613
CHN,1971,0.2579589540310657,1.2119108257000712,1.2627879092939633
CHN,1972,-0.2783121299723295,0.9516246375868669,-0.38492940756992866
CHN,1973,0.6645942108023927,1.3512623918667768,2.3929307054288924
CHN,1974,0.06146092316518347,0.98105275552777,0.5988578021329866
CHN,1975,-0.22512841544158835,0.8513535027727781,-0.32607208031452284
CHN,1976,0.1738355993449847,0.8499858124073867,0.6141213930474119
CHN,1977,0.4346358339654519,1.5147882911966595,2.369221595025664
CHN,1978,-0.1595423561333203,0.9635402948012703,-0.27645584083913904
CHN,1979,0.1024075721991289,0.7432055784808305,0.41256258163143766
CHN,1980,0.023381246543906834,0.7765467134626649,0.5130434040181101
CHN,1981,-0.16830091359624408,0.8029442019543283,-0.02037845270626437
CHN,1982,-0.3520424369723759,1.2315697397778735,-0.7517367202962137
CHN,1983,0.20417772969080406,1.1478588031058115,1.1893904175811658
CHN,1984,0.32405732708836577,0.8498652224057174,0.8720452137738441
CHN,1985,0.44586566891734464,1.02901549760068,1.4909459560432108
CHN,1986,-0.136734558377747,0.91540120127531,0.16247225580907568
CHN,1987,0.06513539318205756,0.8035070255254728,0.34394214105690346
CHN,1988,-0.030562265483446094,0.9131389967198676,0.19092472705676394
CHN,1989,-0.14261575987100922,0.6383245970734894,-0.09622168184076944
CHN,1990,0.732015490884779,1.1865416343037112,1.8936092783262275
CHN,1991,0.433236122555218,1.1681421471882272,1.2818471894525243
CHN,1992,-0.1755615981478162,0.6317998508918589,0.07462223389989636
CHN,1993,0.15755456002465076,0.6015041795582949,0.3824348027033954
CHN,1994,0.19585705020850203,1.2615418723912593,1.1739103786039813
CHN,1995,-0.014117654995456747,0.9310363791473169,0.14486003015359106
CHN,1996,0.28159925889223597,0.784663839549523,0.920660023131817
CHN,1997,-0.7334323154187352,1.3839638442047377,-1.7238076194451868
CHN,1998,0.5238043531372478,0.9963010202380567,1.3824629813365812
CHN,1999,-0.6023668586791937,0.9014130713926568,-0.9164729556000281
CHN,2000,-0.5329090525368497,1.6318834744723827,-0.983916227352362
CHN,2001,-0.7465428398411516,1.2793567953352172,-1.4254027880970812
CHN,2002,-0.2588092645945874,1.216502923334011,-0.5023937257577321
CHN,2003,0.2002312525006477,0.853752085335079,0.7487879127584887
CHN,2004,-0.09402166341029154,1.0730647906883963,0.06965709057117027
CHN,2005,0.1763063467789538,1.0490869639999623,0.8688927192169886
CHN,2006,-0.2542737046141164,0.5837639108701985,-0.35862037879282754
CHN,2007,-0.37742374923201355,1.1760925941038962,-0.6505303688016062
CHN,2008,0.058055882956472495,0.7576066238379023,0.04754252287282738
CHN,2009,-0.17358499107276204,0.7629034808800308,-0.023598563890251945
CHN,2010,-0.020387124311056222,0.8782562611982013,0.27551907532822106
CHN,2011,-0.44299434422151157,0.8686304393047338,-0.853859543920494
CHN,2012,0.017273639945251003,0.8697078545176713,0.0031747077857503694
CHN,2013,0.19982945173094624,1.0191793903823432,0.7561053854290677
CHN,2014,-0.3316022429917155,0.8279173376481344,-0.6210316296527701
CHN,2015,-0.23466659822866034,0.8651959457230176,-0.06388704662954361
CHN,2016,0.38078916712838784,1.2897414746720006,1.9777267235969807
CHN,2017,-0.2721901716580613,0.7868119901010151,-0.44946377416356326
CHN,2018,0.09436733514324096,0.7364537124705939,0.57051374397331
CHN,2019,-0.13381729229943382,1.2199487237726456,-0.04714737351982949
CIV,1971,0.19171076970106216,1.7931023845906402,1.0833822758553562
CIV,1972,1.0486286369707536,2.8610244303037047,5.924611966021909
CIV,1973,-0.8648024397170632,1.8840996935556582,-3.7788782604126285
CIV,1974,0.2127478262463589,1.190486301541061,0.6857840527821214
CIV,1975,0.12298298123763231,0.7067143296844494,0.08535027927228389
CIV,1976,0.010963580345592461,1.6335210656836332,0.21142083448864152
CIV,1977,-0.7069436882375064,1.2790002069923694,-1.7217094739725103
CIV,1978,0.5263190730601092,2.501009313434176,2.773214630300067
CIV,1979,1.1361865567209923,2.3479433987990825,4.949240936612969
CIV,1980,0.2404096229183751,0.5622062821948869,0.44080696948226916
CIV,1981,0.5776233529782333,1.2300701487796188,1.913517718547772
CIV,1982,0.5240196796778186,1.0963811334009548,1.4461752155899512
CIV,1983,-1.0864114197721129,1.6205817198352162,-2.5015489213814357
CIV,1984,0.34903715556231335,0.6786929060828015,0.4670705726782888
CIV,1985,0.20978992088881876,1.0142919866734192,1.0006613127092165
CIV,1986,-0.14319524286493251,0.4949035786063018,-0.32435868278528424
CIV,1987,-0.8124227540101701,1.3625555471590194,-1.7842626350539825
CIV,1988,-0.12166402277111008,0.5802272931244359,-0.12208293501868976
CIV,1989,0.5805057753739414,1.099888404035135,1.7231660870107146
CIV,1990,-0.4028874857547264,0.571934504504034,-0.4405501612534322
CIV,1991,0.5189516662123344,0.7656492428756949,0.9819340783276277
CIV,1992,-0.17595131001306763,0.7265931149950982,-0.4453791891074245
CIV,1993,0.008153248297584119,0.90943798834397,0.07803607738951616
CIV,1994,-0.1592689673548777,0.5115958211335286,-0.25250868838170754
CIV,1995,0.14986697111670463,0.5300304400898294,0.10272091680773307
CIV,1996,0.31584793004214046,0.5334123824664952,0.4988021618200046
CIV,1997,0.07960486820807497,0.47314381485333057,0.251242690055804
CIV,1998,-0.7507882430588417,1.6059470143814292,-2.044045306948523
CIV,1999,0.04566922164980519,0.5483177001024847,-0.09213410451975744
CIV,2000,0.11398721838957955,0.6583962706397866,0.3968325880255395
CIV,2001,-0.3876237019078012,0.6600733389355097,-0.3530330882421872
CIV,2002,-0.6260444149894187,1.654100938827992,-1.9118105802822913
CIV,2003,0.07249426001262854,0.8062775343786158,0.12681263637845966
CIV,2004,-0.42885839573827716,0.5957866601724388,-0.7400070501216217
CIV,2005,-0.6168023472543727,0.9737603716425334,-1.0830382558804885
CIV,2006,-0.18268638545816213,0.5654530488325432,-0.38804074993673815
CIV,2007,-1.113103582093,2.6082311774298534,-5.185284488752358
CIV,2008,0.2841144290134381,1.5180134750076308,2.1431354153249655
CIV,2009,0.22434809978543416,1.4784123754988236,0.9336598544232263
CIV,2010,0.016304019714483448,1.1341977285748122,0.06112356510733297
CIV,2011,-0.22903396419921848,1.1533389039166182,-0.11242001744014833
CIV,2012,0.8746185781477599,1.7858024896938445,2.6868928582326537
CIV,2013,-0.38354329913877405,1.0135236931673228,-0.5040432168097805
CIV,2014,0.511283417209066,0.8527897294766379,1.187268927316874
CIV,2015,-1.8147774422229255,4.533455491211934,-11.446071980118061
CIV,2016,-0.9580960778814526,1.988326177911086,-3.1248268494279925
CIV,2017,-0.7353780406592749,1.0606168547697177,-1.2981641310706786
CIV,2018,-0.20829380873167047,0.7612321766915086,-0.4013879747648385
CIV,2019,0.09454797079140784,0.40307959537378707,0.41122163621490104
CMR,1971,-0.3121817879136638,0.7617959114466256,-0.23516343589635438
CMR,1972,0.017306618911179135,0.5994464219688976,0.1418690727326511
CMR,1973,0.16924473382820857,0.9664505537012972,0.836053727180222
CMR,1974,0.5102180528050606,2.7065053467938864,2.5859574156354963
CMR,1975,-0.1981406386792583,0.7906510897156387,-0.30183761233964596
CMR,1976,0.07459968175512106,1.0428012096618922,0.8571496136325852
CMR,1977,0.128582335142779,1.3103012622931627,0.28097310038850043
CMR,1978,0.33042093071820866,0.6864481595043206,0.6138350431768305
CMR,1979,0.5268345052174642,0.6527831206567762,0.6129420903804995
CMR,1980,0.21886523489748339,0.5711684449375319,0.6439004580981876
CMR,1981,0.40253429033068755,0.753471508986656,0.7490763321659119
CMR,1982,-0.023789175426743175,0.3508563342835113,-0.07162361809503796
CMR,1983,-0.6853996667533009,1.055694391161248,-1.349069582128151
CMR,1984,-0.20303873623732063,1.001968436917794,-0.3005946028482833
CMR,1985,-0.12465520391528359,0.5857278361183624,-0.0008034119043574877
CMR,1986,-0.5959987583461946,0.8383456783434846,-1.0701733656103254
CMR,1987,-1.170223016973811,1.7701729718055546,-2.941879376883454
CMR,1988,-0.4743860028256865,0.854315623398852,-1.1587999280363341
CMR,1989,0.49479159316562904,0.645334229839067,0.671425082032394
CMR,1990,0.12849484223182656,0.5987476452133793,0.3157526238720791
CMR,1991,0.564937607417607,1.3776933236250384,1.5805821626736505
CMR,1992,0.5272020451239907,0.9012269288865448,1.2433214771883747
CMR,1993,0.38480530850511924,0.5540405415947313,0.5590658530921062
CMR,1994,0.059887189256959114,0.6653031144652117,0.08015949292720019
CMR,1995,0.6369598026565152,1.5355082609146655,3.152331124701151
CMR,1996,0.21744965650981046,0.43049763586008616,0.07199927599338729
CMR,1997,1.1722440486038304,3.1104013750111577,6.737555609781549
CMR,1998,-0.9003875748822275,1.5501968204666459,-2.7942764102436604
CMR,1999,-0.5844193081847702,0.7119123035325532,-0.6780533171652794
CMR,2000,-0.3686944453626908,0.7612246154364938,-0.6551217574345394
CMR,2001,-0.6295524064789552,0.7034947043064445,-0.7310253611521655
CMR,2002,-0.5065318635338029,0.8975770615021009,-0.16658933975343987
CMR,2003,0.16838058583902288,0.979669186226346,0.33701245370453065
CMR,2004,-0.1483821118773851,0.15287622085633004,-0.10685390966698281
CMR,2005,-0.05739703640614924,0.6958108467856937,-0.3330794671464769
CMR,2006,0.12057162424310641,0.3083540887399047,-0.0590638887040311
CMR,2007,-0.6120081214246804,1.5640080858653491,-3.043187943399262
CMR,2008,-0.441929620923809,1.787154005510071,-2.037462258289181
CMR,2009,0.14238552817981537,1.699353326957749,0.8007768880527948
CMR,2010,0.5900474292288863,1.6855293198923462,2.0957213863762094
CMR,2011,-1.2609865337057697,3.0921393975204285,-6.984980837310212
CMR,2012,0.8972447511682352,1.8667022557569568,3.28509921216461
CMR,2013,-1.3416962218129056,3.5367955587234365,-7.9462159603009015
CMR,2014,-0.9802774357374464,3.2245812611929643,-6.22009552661504
CMR,2015,-1.5642230387252636,3.2651581706460844,-7.718100102735169
CMR,2016,1.6382832272912702,3.753881455627695,8.942252070828967
CMR,2017,-0.1491897720935029,1.1964184459611535,-1.2677563396558074
CMR,2018,-0.8608038859347361,2.419239017660164,-4.501763822690107
CMR,2019,-0.28545007141500284,1.5543478026326571,-1.993755817910296
COD,1971,0.006825560134019949,1.344276085322139,0.08951992266154477
COD,1972,0.1465584745071158,1.4677548575610881,0.538544006773862
COD,1973,-0.31899644949122996,0.9679790230558792,-1.0526898482468332
COD,1974,-0.29856071296811815,1.5436634765258361,-1.6198938093009896
COD,1975,-0.0949145529670115,0.8475580129186046,0.10267038227992811
COD,1976,-0.012954126383987956,0.8990294204942271,0.017524232644686583
COD,1977,1.2889759349493948,3.0295525621965926,6.696543914139972
COD,1978,0.08195652149837962,1.134309393826543,0.308181020054925
COD,1979,-0.2177690425307693,0.9046232814985713,-0.23358389033537627
COD,1980,-0.006706784617238301,0.5211317346621666,-0.07405344645018748
COD,1981,0.03042585277094948,0.5786918466807472,0.15617753689448638
COD,1982,0.4960896677737879,0.7377175984260651,0.7008089454093223
COD,1983,0.10254801004903553,0.9032578661139192,1.0476036236896848
COD,1984,0.062378576889945206,0.3628502707411768,0.09034366779548947
COD,1985,0.1662620530353639,0.6398143894994248,0.5835693063630705
COD,1986,0.1712978216361722,0.5756400566840159,0.4504683695423449
COD,1987,0.020440864973579654,0.7213819108954047,-0.10271889775337942
COD,1988,0.13303581832357536,0.5676398467445204,0.495121455009762
COD,1989,0.5457118976314537,1.2867653453401051,1.42219293147663
COD,1990,-0.056483853197462755,0.48410800990664216,0.04072000680633111
COD,1991,-0.5735903958825865,0.934874822511504,-1.138624029129808
COD,1992,-0.06687085130294276,0.3541807242009513,-0.1593546617806605
COD,1993,-0.7994477650897147,1.6369349112462879,-2.291565968315338
COD,1994,-0.1308350164153025,0.7653797681074721,-0.09722293660865725
COD,1995,-0.3281817375959302,0.9975282155373806,-1.5076505873838864
COD,1996,-0.413334577981609,0.7403658994925766,-1.0908244909837272
COD,1997,-0.4204206967063126,1.0965163121472918,-0.40444702316166814
COD,1998,-0.5335141361751962,1.5913300729225568,-1.3857974658058134
COD,1999,0.972012956981331,1.8793568764807438,3.6082063802354223
COD,2000,0.3798303538467641,0.737701970122874,0.5993522000927162
COD,2001,-0.5060636809457879,1.260917621099967,-1.825036411264189
COD,2002,0.36154276022101783,1.724671904698795,1.9444958627576256
COD,2003,-0.2709420140039374,0.5435239611000757,-0.45101783824331687
COD,2004,-0.12886259543021594,0.42311864867635995,-0.14152839464633574
COD,2005,-0.26776385133059255,0.5123154347563852,-0.21804401225837955
COD,2006,-0.02906318019163872,0.8889510230432517,-0.10704380630335937
COD,2007,-0.028235064416681905,0.360964631818129,0.007123682429349298
COD,2008,-0.33357182970590504,0.8086186683086397,-0.9971547713730461
COD,2009,-0.15365696477760074,0.4426174841305672,-0.31586090651135634
COD,2010,-0.45067630181792256,0.580918293679329,-0.6410823394706491
COD,2011,-0.11177690389087255,0.49342061574288515,0.042959634033332604
COD,2012,0.0162109698193175,0.2641455252504169,0.06991896648399944
COD,2013,-0.1115123464863214,0.40102987040490645,-0.38279699752120017
COD,2014,-0.07904501127051497,0.4841805118272037,-0.40088576348590915
COD,2015,-0.3447440690625541,0.698439695660263,-1.4369368688855753
COD,2016,-0.17453500054735482,0.36177651888755324,-0.44693635311900776
COD,2017,0.0028129726615316025,0.14497733818498879,0.03135785366687072
COD,2018,-0.05056786297552827,0.18758966934832158,-0.14909456567509222
COD,2019,0.13262767625168423,0.2459093427597822,0.42194661919031284
COL,1971,1.2022839300171604,2.7838097564962436,5.73137682348934
COL,1972,0.09209010166592167,1.6042513836496923,0.46145644135873076
COL,1973,-0.014997082313084331,1.990610175237375,0.797520002324367
COL,1974,0.021128142124456854,1.5689066291092797,0.5141617731857564
COL,1975,0.5933155919051643,1.9573579929683618,3.3758866005390713
COL,1976,-0.3148407084369095,1.2896576947659713,-1.111633275919426
COL,1977,-0.26867436647108317,1.4195044675979454,-1.413498331555377
COL,1978,0.7591831508143803,1.7837423919506914,3.718895419229869
COL,1979,0.536306355880406,0.7003355630461305,0.9163936247657537
COL,1980,-0.6535657787414166,1.0445942581685568,-1.3577004785112876
COL,1981,1.3455970686167862,2.7244804232072144,5.8759561718256315
COL,1982,0.24738902402074223,1.0503550691466252,0.8671222897202232
COL,1983,-0.2818375758062228,0.6547389583844961,-0.6003478449517092
COL,1984,0.45397819811786116,0.9796523201769117,1.0884414411956662
COL,1985,-0.4270744790021453,0.7066388988483655,-0.4455909320985473
COL,1986,0.1006861895489625,0.8150942016902321,0.4375392813326033
COL,1987,-0.43247490096685026,0.6220387330263318,-0.47170153288034267
COL,1988,0.13372796425830608,1.0937243678383468,0.8775221379272556
COL,1989,-0.28192866081205975,0.4282299306399708,-0.3360089622432251
COL,1990,-0.4970690230711213,0.9212468358467073,-1.121069405506925
COL,1991,-0.4506073293887453,0.487392644442976,-0.4345317704450364
COL,1992,-1.0232730412919517,1.5662803528968057,-2.349752471121574
COL,1993,-0.11134650417975742,0.5108223937813628,-0.012653845296823134
COL,1994,-0.060513161518491884,0.5476989669138725,0.1083472181141342
COL,1995,0.2439614639543302,0.7694647309641098,0.5936385481614394
COL,1996,0.7229894394223685,1.072319791757009,1.4793066300845754
COL,1997,-0.7003864311290967,0.8765306669688984,-1.1368512691259256
COL,1998,0.17896119908838345,0.5475008302687818,0.3061172861867823
COL,1999,0.6183152609270541,1.0979611577815829,1.2277377660232778
COL,2000,0.47831236505939556,0.6992438868491181,0.9557787269644873
COL,2001,-0.7502775474261293,1.1065251636237177,-1.3202654904706717
COL,2002,-0.07537731066630918,0.4976205299739307,-0.1815048718012375
COL,2003,0.027562496770529295,0.5028043289891307,0.1004318662957307
COL,2004,-0.1718436932172134,0.6808720697100281,0.14509879680446192
COL,2005,-0.1242018376819668,0.5853490122059174,-0.031165550832079395
COL,2006,0.7742331250796582,1.2155252736811106,1.856680939649806
COL,2007,0.9459499500611683,1.8859216569123198,3.959417355858422
COL,2008,0.8158159725748861,1.3811641285308034,2.300013553285431
COL,2009,-0.23834542591191718,0.5658664459128189,-0.4646515517848316
COL,2010,0.8158344144898426,2.1129806021954325,3.8323939696561244
COL,2011,1.4198630659269649,3.2491086383160606,7.610064704348863
COL,2012,0.14415464280015375,1.1491610120327087,0.7902697763076157
COL,2013,-0.08599457599303281,0.49063993209666257,-0.21781551853341433
COL,2014,-0.8284024782830015,1.696226862828899,-3.351145333434412
COL,2015,-1.2869694408210433,2.2661946058297247,-4.642187676102532
COL,2016,-0.6062930131784228,0.8292636994513183,-0.8312230044628822
COL,2017,0.784293035490075,1.3390985123202475,2.2886784498526924
COL,2018,0.20532855590171734,0.5571621536207121,0.5015414384345657
COL,2019,-0.08216757586490744,0.6269210920381401,0.10358410399976466
CRI,1971,-0.2892104585157962,0.5621566070906522,-0.3146391397638486
CRI,1972,-0.0260606656550344,0.1581168125794355,0.007230224280581457
CRI,1973,1.145327361288971,1.8176320587753407,2.824055044476892
CRI,1974,-0.025635960066842566,0.016832100165723923,0.001796098970223734
CRI,1975,-0.385125532864487,1.1165382829674533,-0.39552058111603305
CRI,1976,0.24443215066566276,0.4173585069938845,0.13268365881893252
CRI,1977,0.31145727101088594,0.24390036461218095,0.18345827322516348
CRI,1978,-0.13733793947560924,0.277351645802997,-0.16026397083133842
CRI,1979,1.2210835480160593,1.6276722908811112,2.3057702385076104
CRI,1980,-0.29792128169690274,0.3567940738386661,-0.3050400206813272
CRI,1981,2.047045933291912,4.3980715350375945,9.951834936054363
CRI,1982,-0.16037058903071466,2.4231151651965943,2.4644331115823
CRI,1983,-0.7168931108505491,0.8295559196100377,-0.9080935726517422
CRI,1984,0.1432064830212585,0.6766389220631072,0.43139756730471135
CRI,1985,-0.28123401781579077,0.19778626459494766,-0.11654790690604165
CRI,1986,0.39469306797462544,0.22538606903617472,0.13914307492423064
CRI,1987,-0.6214204203884129,0.694235911244331,-0.8187881682021605
CRI,1988,-0.10627891784650316,0.2662405894929131,-0.011380037021406691
CRI,1989,-1.011327878767368,1.1045728335611056,-1.2568397613761126
CRI,1990,0.2207048951596547,0.919064860466686,0.4425409730064288
CRI,1991,0.032750324913259965,0.4659346012258867,0.0545633026546109
CRI,1992,-0.7746264419641999,1.1778561065908024,-1.9764037267955143
CRI,1993,0.772412267375716,0.7361209291725836,0.7199923178805505
CRI,1994,-1.3823491479382004,2.140217589931768,-3.6149523962369035
CRI,1995,-0.8792105474659639,2.4614358518838784,-4.091522983060207
CRI,1996,1.1969918984941574,1.959487590294756,3.439694120545002
CRI,1997,-0.774683505976451,0.6466473322039152,-0.5783063932970812
CRI,1998,-0.9259930237589241,1.1657281683191942,-1.6032191781057867
CRI,1999,-0.3284228419338341,0.3352037596656606,-0.21755429894172942
CRI,2000,-0.34363306780031977,0.20313568420751782,-0.1089349664345879
CRI,2001,-0.1647613089118788,0.13862542522454865,-0.06569254715121582
CRI,2002,0.48730500112120545,0.5635993231267257,0.35023389051182047
CRI,2003,1.3154448120358893,1.7732853968071232,2.447795836854248
CRI,2004,0.9288204051588982,1.4415709788656008,2.334403273855985
CRI,2005,0.5187224456540241,0.3912380216761214,0.3619573245708039
CRI,2006,0.3762046281178852,0.38674992112439227,0.29151543082026604
CRI,2007,0.4701198415683725,0.31725897865533204,0.24839136226065248
CRI,2008,1.8057599698090159,3.9721713524817766,9.160582762019626
CRI,2009,-0.6433946253049581,0.4896631345529384,-0.4000677345652086
CRI,2010,1.3594918744102271,3.210384516807654,8.71507506356416
CRI,2011,0.1959907353070933,0.46973807855271865,0.5085377542553478
CRI,2012,-0.3887516710522115,0.24614352937961131,-0.17311983434994127
CRI,2013,0.07768200662184124,0.029563300869404455,0.006339951948817075
CRI,2014,-1.3175946674391694,1.8902973088682173,-2.892705980972135
CRI,2015,-1.5410053014418699,2.6611987600246936,-4.901967465138608
CRI,2016,-0.3933168000597767,0.2332519094677109,-0.1462616845473548
CRI,2017,0.33416812024718456,0.3508942188243193,0.19933539591189736
CRI,2018,-0.7777457577116775,0.8951077060473805,-1.1357335322793725
CRI,2019,-0.5795063504620198,0.7140910979912196,-0.9119992903965328
CUB,1971,0.05515919960877663,0.5870956892992459,-0.3136894549051944
CUB,1972,0.6088521466121783,1.61291102773058,3.533097762780825
CUB,1973,1.087452496154348,1.9167139261460107,4.157415592016114
CUB,1974,0.30619301129030924,1.1359472791814373,1.0392006759228771
CUB,1975,-0.3638063725796862,0.5528281878380904,-0.24752892898147616
CUB,1976,-0.09625179484691562,0.9917054841912478,0.16051383232047947
CUB,1977,0.049845912433403056,0.3753751899841621,-0.0014899423309400108
CUB,1978,1.3371883605325465,3.071499492353979,7.480294080638399
CUB,1979,0.129160044841582,0.8399982707306479,1.4809380657599183
CUB,1980,1.0099808407682291,1.7979747816474232,3.3747027101846303
CUB,1981,0.40520632920247424,1.314601402829293,2.6735661505959136
CUB,1982,-0.43681874074428495,0.7451344490360193,-0.759778345951405
CUB,1983,0.13547060533092578,0.30870641580287705,0.05761008473085208
CUB,1984,0.06332109277529953,0.5110870567047093,0.23616030853512265
CUB,1985,0.36039502065269396,0.5103178152254472,0.2425317442415168
CUB,1986,-1.0473280614569,2.096601037189012,-3.5172223428569938
CUB,1987,-0.2670397699039646,1.5255164446890541,-0.17907644435290526
CUB,1988,0.41782928108675277,1.9465314880828577,3.9692291933102615
CUB,1989,-0.3244953065791324,0.40740377253700216,-0.2866207691683623
CUB,1990,-0.16725304284052728,0.49495780203969086,0.2907290285937685
CUB,1991,-0.016111780202295433,0.6388353437927514,0.36145888727885267
CUB,1992,-0.06311187086177844,0.3488742157158482,-0.0408459622101084
CUB,1993,-0.8222849711833259,1.1659580321129548,-1.7426749355588744
CUB,1994,-0.10158616900383517,0.7063726207425394,-0.028568404571695336
CUB,1995,0.5845386627377924,1.0610272065766782,1.4285498840961102
CUB,1996,0.4144591352108453,0.7657275007788722,0.9390152177123455
CUB,1997,0.013401155222561661,0.8444774423262644,0.4172358061966441
CUB,1998,-1.1459634352418626,2.2831629921238683,-3.4457684439636633
CUB,1999,0.6135805888494806,1.492513196432241,2.5143943085662883
CUB,2000,-0.15350784167497258,0.43040633356147995,0.07088795196406515
CUB,2001,-0.1244941254120532,0.3851370884114587,-0.1039950693147165
CUB,2002,0.1700652605965356,0.6121972434406976,0.5911725222085182
CUB,2003,-0.44696057364556735,0.3090161629516252,-0.22235746346487556
CUB,2004,-0.5501477248705549,0.5491071635791434,-0.5901364749857541
CUB,2005,0.04338462431320333,1.2996346619315524,0.6442218092628723
CUB,2006,-0.20065805696804778,0.24807921134303165,-0.4609480175684858
CUB,2007,2.0883453841761894,5.502504916698321,15.525840371042426
CUB,2008,0.9300247690153134,2.0412585873369093,3.689222357872516
CUB,2009,-0.5772612221335234,0.5633538474317653,-0.5964744509544628
CUB,2010,1.0336237592241024,1.5982813066696178,3.179978882472999
CUB,2011,0.926945150394308,1.3230254802852612,2.3271915745556915
CUB,2012,0.7141879880154937,0.7684010814280547,0.8740335708656304
CUB,2013,0.193428314279311,0.4920601402610869,0.30213526498486887
CUB,2014,-0.5852373662732064,0.6976101607340486,-0.8675839581550149
CUB,2015,-0.7132338580955722,0.9781963343645697,-1.5397040912061095
CUB,2016,-1.13076200967455,1.9367415877231835,-3.664576669371491
CUB,2017,1.085980089108526,3.2858523398766795,6.900122390162057
CUB,2018,-0.42305638680704505,1.0948651192237158,-1.1792051549179008
CUB,2019,1.2377970477109967,3.9928974483535997,9.746726383140965
CZE,1971,-0.15542955324610092,0.5386109419465642,-0.05961354296039643
CZE,1972,0.6017494069401931,0.8839503023289285,1.2820966498185922
CZE,1973,-0.4258112693938743,0.7239539116764879,-0.6406724863120115
CZE,1974,0.5341488917089112,0.9087661507589774,0.7954358062400188
CZE,1975,0.18863845797969048,0.7523751220598057,0.3792291650677775
CZE,1976,-0.7278721288136049,0.9897904792756411,-1.3213186225787557
CZE,1977,1.1344815268768444,1.9534359170022513,3.615985561073878
CZE,1978,0.5520066809048945,0.5257849648238276,0.5627243974978254
CZE,1979,0.27167266520244376,0.24397885985062706,0.14199519768020713
CZE,1980,1.1740985623967362,1.809309827903429,2.906280595919005
CZE,1981,0.35319001356127827,1.2313104340941747,1.1933178660375363
CZE,1982,-0.6058309432625744,0.8022038942980537,-0.9487603426779141
CZE,1983,-0.7457394792228942,1.1076094327768464,-1.5154975125764212
CZE,1984,0.2109678642425288,0.19028180725234123,0.11698937400250979
CZE,1985,0.49854515282366235,0.685469300870276,0.8504162947206128
CZE,1986,0.2753057731415264,0.27045385658069604,0.16653042716965796
CZE,1987,0.6696782762735736,0.9055213279132028,1.2349646833967494
CZE,1988,-0.3808483144015601,0.6977289999990227,-0.7037951997574007
CZE,1989,-0.3425702234337472,0.33932450740175396,-0.1762636907680699
CZE,1990,-0.8115305997245722,1.0670818165582852,-1.2645644002886267
CZE,1991,-0.08899767579158402,0.4908930359177459,-0.07645576155086992
CZE,1992,-1.2162587996962906,1.744434249541391,-2.726359431953129
CZE,1993,-0.46223868253797507,0.7039699407708657,-0.7801221298807565
CZE,1994,-0.5474853912558013,1.2737144416921766,-1.538466675770898
CZE,1995,0.6034249912636858,0.709536227035471,0.9939268180409653
CZE,1996,1.0132643111168347,1.4355484558634963,2.4006342219733092
CZE,1997,0.7635187110911955,2.0886192502556424,4.416278279966536
CZE,1998,-0.05364068165202308,0.8109189032492025,0.29948854435443084
CZE,1999,-0.5913505921466391,0.6961886459487212,-0.7506490728526616
CZE,2000,-0.6012550072517605,1.231394128397497,-1.9313202304946562
CZE,2001,0.7229851174932103,0.8099125522635789,0.9984613461736243
CZE,2002,-0.014193470973945887,1.8205301541022438,1.6783080044693293
CZE,2003,-1.2861236027737464,1.875842127809848,-3.016130335809298
CZE,2004,-0.514742246458473,0.6631926852178578,-0.5267642563913363
CZE,2005,-0.20240973901503817,0.4710906145035739,-0.2705847513839986
CZE,2006,0.10451067337866574,1.097456949085679,1.2988671313255218
CZE,2007,-0.38652054859073826,1.2956226272989941,-0.5554327462641052
CZE,2008,-0.19864492035154963,0.4509093485446841,-0.08347501634820424
CZE,2009,-0.0982517581364045,0.5966206975116327,0.04071394345245474
CZE,2010,1.3367796886273162,2.6411288956681314,6.184971389823803
CZE,2011,-0.2610188456135979,0.7648275400393447,-0.6796154462221764
CZE,2012,-0.8441651208896145,1.4395127697753627,-2.610435037312855
CZE,2013,0.4856940513313375,1.1826936752109996,1.8956291545361663
CZE,2014,0.2151825221943441,0.49626336115043707,0.1717347245854916
CZE,2015,-1.5995974928711854,2.8406120704890285,-5.396145778679555
CZE,2016,-0.5893082274907198,0.6955839737629985,-0.7730111392044987
CZE,2017,-0.05973699180465036,0.7142903090317521,-0.12400562179617401
CZE,2018,-1.7959118777853607,3.504571669862022,-7.314529074921605
CZE,2019,-0.7607279609351596,0.9683398866687508,-1.3367059534656571
DEU,1971,-0.5659435431870914,0.8616220578845187,-1.0206136334268923
DEU,1972,0.40385454926072506,0.6676025315592299,0.5808268788080654
DEU,1973,-0.4319095347607402,0.5986998383146768,-0.7084895921297403
DEU,1974,0.1676414544722661,0.724014559311973,0.24623248075288034
DEU,1975,-0.14196049915195247,0.5421154832575853,-0.14714024138300555
DEU,1976,-1.5735869398004705,2.7925091263846933,-5.294122012666489
DEU,1977,0.13101559932755777,0.4572397367673028,0.21495087655009124
DEU,1978,0.927223622900667,1.3733418671794324,2.0871067496313067
DEU,1979,0.3324405162199207,0.6701305046899232,0.6966531720720326
DEU,1980,0.783930066971259,1.253239480578779,1.9402580887371423
DEU,1981,0.3383462425658964,0.7605926929900073,0.5894368780270913
DEU,1982,-0.39417260697770234,0.7365853357896884,-0.7228879986282827
DEU,1983,-0.22703990712962296,3.169816209693588,0.5202716854453611
DEU,1984,0.5246536637104323,0.8247483202142514,1.0538757284195441
DEU,1985,0.40845740418712123,0.7997433399512774,0.557216609046336
DEU,1986,0.2912411192603468,0.676473602879912,0.8165244733062156
DEU,1987,1.1118745668837744,1.6237601385488833,2.8382271184317425
DEU,1988,-0.03297682080968573,0.7993451881864138,-0.48915929067838726
DEU,1989,-0.5652597012809865,0.5818098090972742,-0.6286081398568873
DEU,1990,-0.5153513979902801,0.6351472065692675,-0.7219108148108732
DEU,1991,-0.5115307430833511,1.0447313845566293,-0.8307975655727285
DEU,1992,-0.5807964445374015,0.8906394597144691,-1.247777506168733
DEU,1993,0.36521734821370355,1.5711036766181874,1.7863222640628544
DEU,1994,0.010021900351909512,0.8728735869038762,0.1707344760812196
DEU,1995,0.03571308658572375,0.6207726136732046,-0.03737966273142804
DEU,1996,-0.0028654721509164356,0.5782226465624679,-0.14073035082573063
DEU,1997,-0.190276317619498,0.7786998355771956,-0.4571563365525002
DEU,1998,0.4159863134288635,1.3623929217981565,2.3397828079434597
DEU,1999,-0.28782132635487134,0.3936880722415793,-0.2590780176744127
DEU,2000,0.09941682999831977,0.6780361342286387,0.02804148833700538
DEU,2001,0.2193025124900564,0.5471762460550136,0.35044690237130377
DEU,2002,0.23360429361959703,0.5051822920746879,0.4118541674870489
DEU,2003,-1.2830996630405376,2.141656465747743,-4.020590393855887
DEU,2004,-0.09453126456546884,0.5615729106764408,-0.041850592965645306
DEU,2005,-0.05547584468390306,0.234143824439195,-0.05660898451184659
DEU,2006,-0.23974357993945206,1.0700834090604374,-0.18110014783067332
DEU,2007,0.5402572889431637,1.2293376568540102,1.9833269196361507
DEU,2008,-0.2672384095680781,0.5592820454327572,-0.6835049573595446
DEU,2009,-0.4974267672883656,0.7986816792151709,-0.8814045510355536
DEU,2010,0.20388243869956388,1.1382641660444777,0.40616904461577596
DEU,2011,-0.5811921225509324,1.8464249313571632,-3.5240839124261245
DEU,2012,-0.32072382795953197,0.652581633496323,-0.8135402470760916
DEU,2013,-0.22299890305804726,0.9301901564335968,-0.21501202927974591
DEU,2014,0.1061031343640608,1.1389884671485802,0.3749238847657062
DEU,2015,-0.7391048268411519,1.9142858066581545,-3.511178129404386
DEU,2016,-0.2684572345501675,1.4786105724575307,-1.2805648334217836
DEU,2017,-0.49437405634413034,1.021904868717523,-1.1077419353660654
DEU,2018,-2.025352854285095,4.392254443711796,-10.013964689136444
DEU,2019,-0.970080481911856,1.6200865166322287,-2.6863845337874612
DOM,1971,0.28730796588013785,0.41235621708253484,0.34478343011426515
DOM,1972,0.040258100204609126,0.6808626955417789,0.4997952848605288
DOM,1973,-1.1046860921245982,1.8450995476993717,-3.450213274093849
DOM,1974,-0.4499473119067178,0.4962350075651743,-0.4660811753714171
DOM,1975,-1.624770650804496,3.035713064788803,-6.17055283606926
DOM,1976,-1.324937848477147,2.0121231508641104,-3.3559509569039756
DOM,1977,0.04721582262752652,0.34625802740013223,-0.26596065977772926
DOM,1978,0.484672371371728,0.5811854837704467,0.5912374556289619
DOM,1979,1.4923492283197453,2.6193627605194374,5.3065931231388594
DOM,1980,-0.49935551686244006,0.43235905550044834,-0.40393357818981174
DOM,1981,1.0915038571890996,1.8738519868244783,3.1145122173816517
DOM,1982,1.290144895598564,2.1391563841939987,3.787554654418032
DOM,1983,0.5915794557151244,0.48430783138240785,0.41946406455448415
DOM,1984,-0.0482290496545633,0.28648114331033325,-0.11027818100397749
DOM,1985,-0.22330405546699353,0.2725429654478278,-0.03143664628627578
DOM,1986,0.930486547492513,1.3544397842201816,2.1465749460269024
DOM,1987,0.6156541030910305,0.6965143553456967,0.8070231678659292
DOM,1988,-0.575527071881756,0.9823396896517447,-1.331303544707954
DOM,1989,-0.06683617176803416,0.3698387102661781,-0.09280301255020718
DOM,1990,-1.0639050841972257,1.2410874022367575,-1.5437254139806322
DOM,1991,-0.30381996492122465,0.37830469119639665,-0.3870537510462429
DOM,1992,0.5522994687832021,0.6074359454135221,0.7220873914523229
DOM,1993,0.8523890458885661,0.9661011142237979,1.2211999697354385
DOM,1994,-0.48271439574754155,0.719082655980469,-0.814913603978269
DOM,1995,-0.6077028289109289,0.5783999119843429,-0.5675854681431074
DOM,1996,0.38306232642755733,0.24929420873411567,0.21444296303344584
DOM,1997,-1.5513237275564837,2.634415760473621,-4.802285258760545
DOM,1998,0.39531036172859246,0.9413838998480666,1.1032404899491988
DOM,1999,0.5867270219404505,0.7416126062083027,0.8809661388610592
DOM,2000,-0.04280984261999975,0.2690172363157923,-0.08142192234312945
DOM,2001,-0.47090331288852477,0.4293035027523122,-0.4301661336297229
DOM,2002,-0.6203444852937948,0.8422377425175173,-0.6733169578416847
DOM,2003,-0.4634457915585184,1.0765050795927347,-0.900068163642823
DOM,2004,1.1064956858517982,1.3431084125046233,1.7255978866715802
DOM,2005,0.8300550077043811,1.725312628711698,2.8355557421229864
DOM,2006,0.693409523900197,1.105922323992485,1.5233227857262701
DOM,2007,-0.7825399436713629,1.1077736581950814,-1.317247842679357
DOM,2008,-0.7027189071956979,0.7502680775987219,-0.8375083766396001
DOM,2009,0.06617240263297468,0.2613686541713407,0.05917007819826643
DOM,2010,0.5237020404237694,1.412213327220047,2.4654493095762717
DOM,2011,0.2027557484735551,1.8967141878231544,2.0547542136106114
DOM,2012,0.9841946272365687,1.6042291914461562,3.1188603321868373
DOM,2013,-0.8744885136214088,1.6166876623724797,-2.875268010316477
DOM,2014,-1.096029101056979,1.7390655727454587,-3.224776646550616
DOM,2015,-2.218884005166107,5.407583620556188,-13.981949324685708
DOM,2016,0.5959247656030668,0.6360150399534426,0.7135458200131028
DOM,2017,0.5553689924751084,0.8208551071636172,1.0104771806408408
DOM,2018,-0.9263856676700752,0.8821934470577314,-0.8567234103855783
DOM,2019,-1.8179360209859958,3.690944000786086,-8.216410783226928
ECU,1971,0.6546261757649406,0.964605761218248,1.7725595644231367
ECU,1972,0.5752549739758581,0.9333007006214364,1.1233697987508284
ECU,1973,-0.17408141304299246,1.0643129664532984,-1.5588178793791223
ECU,1974,0.2147660302943352,1.3234240555868988,-0.3074355062616791
ECU,1975,0.40359106738325623,0.8427572025382586,1.0090101441486534
ECU,1976,0.34865499978025577,0.4725730276567161,0.517802280191169
ECU,1977,-0.2041514330800974,0.32852668941902985,-0.13754186164665527
ECU,1978,-0.5651825078769898,0.680815001560387,-0.9209433175072511
ECU,1979,-0.5212112948496784,0.6748749657567575,-0.7991412789515744
ECU,1980,-0.19586966502618194,0.3512104873505465,-0.03307835500077563
ECU,1981,-0.3518465714017715,0.3583449695643609,-0.22744644420456592
ECU,1982,1.115564650087023,3.0337483990438185,7.37014013825503
ECU,1983,0.6609662588502188,1.678441920939672,2.586455823867812
ECU,1984,0.24798846745471978,0.7458448132122796,0.904478822970397
ECU,1985,-0.7286340761495163,0.9551143986697705,-1.5712766243239629
ECU,1986,-0.21209145778566044,0.26319288831705145,-0.028783261216688123
ECU,1987,-0.35662389752040435,0.4258580304641192,-0.1748246811866332
ECU,1988,-0.10502217480919251,0.4798535156490202,0.12770422011100746
ECU,1989,0.14648195051050086,0.6000479875306967,0.6043326033154689
ECU,1990,-0.4294212550453497,0.5478192704503786,-0.3290376922513177
ECU,1991,-0.32468489825325453,0.3706071300253483,-0.13033010218255153
ECU,1992,-0.5765404483397933,0.5308085228792773,-0.5740628632535216
ECU,1993,0.049034787485739445,0.7256561663575386,0.8049971041009688
ECU,1994,0.1357900830261749,0.5371840958986346,0.47594086078692716
ECU,1995,-0.5954804115285849,0.7213007012978355,-0.7972521576217628
ECU,1996,-0.2199008875599171,0.5213555312075896,0.07933737679803471
ECU,1997,1.5141503762106965,4.808179331507743,13.210398220385732
ECU,1998,0.22853993124188288,1.4390864108799453,2.840834027369218
ECU,1999,0.45095142291497103,0.7455607465617718,1.069073040232561
ECU,2000,0.04114428825595669,0.8891109096183949,0.6645138702327067
ECU,2001,-0.330591305486151,0.40900391074600756,-0.25181894961661494
ECU,2002,-0.06078196576013514,0.29064757665236857,0.06161151816553195
ECU,2003,-0.14128293197280822,0.29499662949826577,-0.06377652684208365
ECU,2004,-0.18844027338336886,0.6648560061471722,-0.03553392735616774
ECU,2005,-0.11624413821517032,0.4491209507173474,0.1858305162759676
ECU,2006,0.15275647312657423,0.4601802724483352,0.46589354536290667
ECU,2007,0.18216709520252863,0.5038606309816219,0.5979283535524346
ECU,2008,0.39401125260352254,0.8619685929327403,1.3678862925453728
ECU,2009,-0.20257348518576837,1.0359196424306345,0.29578955666641055
ECU,2010,-0.21860093072567927,0.5803683617441998,-0.4804081454469937
ECU,2011,0.12747593543338837,0.6767681185114739,0.7608202650986989
ECU,2012,0.11852725906571844,1.4461989652554712,2.6917073227348682
ECU,2013,-0.40774447609445247,0.47565649546697564,-0.13430541555778214
ECU,2014,-0.1924675120848989,0.5144393903525577,0.13122698930132476
ECU,2015,-0.01013449116847852,1.038305751760278,0.21007934186660815
ECU,2016,-0.386957957697558,0.6026120328285532,-0.2941471787176311
ECU,2017,0.07593001665799046,0.686141935178549,0.8710380598035893
ECU,2018,-0.07947591234140011,0.5191403441507456,0.4725130103917712
ECU,2019,-0.20082800673231813,0.529963280780971,-0.08478366275416777
EGY,1971,1.0287013898011963,1.1539059336595758,1.3916087000690525
EGY,1972,0.4386516588992323,0.7430362084586541,0.7435110092064955
EGY,1973,0.7050411911925591,0.6426516957186564,0.6966835393937335
EGY,1974,0.8190585763755341,1.0263084890439025,1.4936368399978857
EGY,1975,1.054554281063574,1.3139064414916581,1.688851284036889
EGY,1976,1.5039037466663228,2.544752777027914,4.6778150378674
EGY,1977,0.022462864855615435,0.2673936453370813,0.0814608662433555
EGY,1978,0.3058581635770468,1.0660246333577779,0.48211902915296523
EGY,1979,-0.2311729960813114,0.5424725988592062,-0.5588838667352164
EGY,1980,0.1701851491574978,0.15841467107525684,0.09477956895412311
EGY,1981,0.2176633783710239,0.22316370459136436,0.08585092938601203
EGY,1982,0.8679504766340745,1.1681796030398162,1.693434994600117
EGY,1983,0.7946890117341743,0.8985913093840527,1.2045845291755923
EGY,1984,1.1525609883458083,1.6639720125984054,2.771566994316452
EGY,1985,0.3056284392668658,0.6301593983554378,0.40301311407883905
EGY,1986,-0.083509540347896,0.7322160026378511,-0.1471679344617733
EGY,1987,0.541236500544865,0.8109957042351424,1.296174225630116
EGY,1988,-1.720024776433816,3.9423662858470596,-9.673698890925968
EGY,1989,-0.10322289723323191,0.5040869812070363,-0.4979757674466398
EGY,1990,0.7144334501168204,0.6705156009962061,0.6531844599371739
EGY,1991,0.4444912473293816,0.4605629340117686,0.27854864454916506
EGY,1992,0.3129752971161755,0.28958426752057204,0.1731299521007976
EGY,1993,0.17456793319709268,0.47337417965895373,0.02724475965821494
EGY,1994,-0.5983017919976291,0.8746041410453552,-1.3394572057401577
EGY,1995,-0.8926817293567398,1.2026582824285874,-1.7952425609855436
EGY,1996,0.033940810498346144,0.24910460073999596,0.01686832503797878
EGY,1997,0.04337937403328809,0.3749257558710578,0.0020323669217449016
EGY,1998,-1.1127353878710522,1.960414824496761,-3.560028874021614
EGY,1999,-0.7141192406730164,0.9298476990584048,-1.131761870725378
EGY,2000,-0.30232314790794235,0.41109029509509126,-0.17273985665312983
EGY,2001,-0.9020342759418368,1.0473827168462355,-1.3621806741017732
EGY,2002,-1.0414135784741279,1.879483070041433,-3.1532148896093166
EGY,2003,-1.405356328319753,2.399310113047005,-4.649773051145311
EGY,2004,-0.36994874140253864,0.26732171790869214,-0.18071614935850805
EGY,2005,-0.5031126938242289,0.6605539011587825,-0.6648278577788426
EGY,2006,-0.8346817018664391,0.9812146549273315,-1.2443012038210424
EGY,2007,-1.537179993815473,2.539978913729032,-4.46354588349551
EGY,2008,-1.7863251405748988,3.4391929738912554,-6.899879295041497
EGY,2009,-0.8140416801741375,0.9573253835795811,-1.366486783381066
EGY,2010,-2.2535982882796235,5.366877604079856,-13.419572281670893
EGY,2011,-1.3553001088075662,2.519860502259345,-5.220588293398216
EGY,2012,-2.8060331638321983,8.056372202867456,-23.528399303440064
EGY,2013,-1.528695256743396,3.1595794961097816,-7.700309065932612
EGY,2014,-2.0107184900849826,4.460975554552457,-10.7577755490762
EGY,2015,-1.9697462943345525,4.7505581435036515,-12.639510629602206
EGY,2016,-2.7618572846434613,7.916397844708847,-23.219192035195473
EGY,2017,-2.5394185751148224,6.772336067864265,-18.72039167070905
EGY,2018,-2.855847537871462,8.319951115857824,-24.59375784099616
EGY,2019,-2.7832531783029704,7.911044730711188,-22.855696303133882
ERI,1971,0.4609180215994546,1.463278797949684,2.355168166784237
ERI,1972,0.19056686001026418,0.48936049614206545,0.5669363900587675
ERI,1973,0.30664888806201207,0.3237567947402074,0.25604061288193736
ERI,1974,1.5437277468353572,3.355071600933088,8.1219891153889
ERI,1975,1.839045724958344,4.272549743592455,10.880917088468085
ERI,1976,0.029646630936784955,0.30698988115678366,0.09666642092989966
ERI,1977,-0.024422232427632987,0.06802976591616014,-0.00737522943706643
ERI,1978,0.18314196398621432,0.19164713271096093,0.07472673457192501
ERI,1979,0.007458534137346637,0.10872800140501292,-0.038204722880077625
ERI,1980,-0.28107746480304013,0.7413753080329059,-0.850335571753158
ERI,1981,0.17780945711133112,0.29734975330388247,0.23341777522793142
ERI,1982,-0.41416944327606464,0.5507456346738923,-0.47213549639164054
ERI,1983,-0.9619442493628703,1.0912644365290882,-1.3909383181938892
ERI,1984,-1.386859500097943,2.1173038401388617,-3.495560160941727
ERI,1985,-0.46261738331199875,0.49767772929948234,-0.36035964466171455
ERI,1986,0.38217491180596663,0.3929631453887341,0.42302766971960665
ERI,1987,-0.09146933212271428,0.253229775484322,-0.047277718254135896
ERI,1988,1.5316824287419357,2.6200778009315684,4.82081384692624
ERI,1989,0.2047903724155969,0.3074635796845759,0.17100641893429586
ERI,1990,-1.4407567625551958,2.1538043485507936,-3.34142081710218
ERI,1991,-0.8197761432802895,0.6855210140833725,-0.5839567543504319
ERI,1992,0.18864217971291497,0.21544748952224818,0.016667447925004603
ERI,1993,-0.15868420533885078,0.06037845444266633,-0.018146706958532745
ERI,1994,0.6513751405491575,0.45701935791170434,0.3365806044746306
ERI,1995,1.1116919316139833,1.8867322536834057,3.603980551511832
ERI,1996,-0.397023883929845,0.33218244605393976,-0.2425245194616647
ERI,1997,-0.026453449100899952,0.0701583193886785,0.01101285242423227
ERI,1998,-0.2018018518251926,0.7496514044975646,-0.9555784424809189
ERI,1999,1.3572514180625017,2.3047485392854345,4.143795597704646
ERI,2000,-0.554296066751613,1.1920713022400962,-1.11655946282895
ERI,2001,-0.11458343594412816,0.289456533043863,-0.11362340691149814
ERI,2002,-1.5002955453402662,2.398481330806822,-4.092108214182677
ERI,2003,0.2143787786788412,0.3075376192314555,0.14243915552565764
ERI,2004,-0.6343288374136749,0.42296923015045124,-0.2939171388232881
ERI,2005,0.17385032025450062,0.15001546304927782,0.0691827565636752
ERI,2006,-0.08540804235620067,0.2699468943201291,-0.12313416790119686
ERI,2007,0.5361106342520403,1.4168286909168275,1.8452931045523173
ERI,2008,-0.44373426947560735,0.26289654465551054,-0.16239392581413692
ERI,2009,-1.746144597808574,3.1665855979607813,-5.9422768322400135
ERI,2010,-0.7971759630292379,0.8448347353531181,-1.0301425082088809
ERI,2011,-1.2362302378017453,1.8905778290654438,-3.1795580604377127
ERI,2012,-1.3296790931316869,1.9024936387028473,-2.8866146566332245
ERI,2013,-1.171501020240616,2.086396688769067,-4.490931262810291
ERI,2014,5.9895263945994315e-05,0.3499271417164256,-0.037524308445259426
ERI,2015,-1.4452062971128672,2.2753895634233574,-3.8466997724736274
ERI,2016,-0.661570039911182,0.5699055194983901,-0.5866202571648184
ERI,2017,-0.7166785488756791,0.6780740193144157,-0.7309490123773195
ERI,2018,0.43257055679027145,0.23191460691319668,0.13648260388189487
ERI,2019,0.46598171627798557,0.4811298818855954,0.4356176269174764
ESP,1971,1.3678644258809702,3.6464711954166136,8.835499017310209
ESP,1972,0.9485898597935626,2.1577488480601947,4.8087266540714175
ESP,1973,-0.05365321630036947,0.6123659502743646,-0.013134532113546255
ESP,1974,0.46806574777414256,1.0123070584079794,1.6729969838424563
ESP,1975,0.5465450404898506,0.925567881409637,1.3401271107772217
ESP,1976,0.5286868369452372,1.380421449745943,2.0947130703442167
ESP,1977,0.8212338881268834,2.138744323371496,4.163460855350772
ESP,1978,0.500707736220207,1.541152602282808,1.5315975921233587
ESP,1979,0.43859690550984676,1.066620901665664,1.944076088859484
ESP,1980,0.14874419528934388,0.487623589669362,0.2398926139838184
ESP,1981,-0.011550884027414934,0.28917516227245427,0.015116466279239828
ESP,1982,-0.13648158073383734,0.7485154036994108,-0.0006184221696676009
ESP,1983,-0.04548228391397983,0.7343996752049927,0.15898812472542392
ESP,1984,0.4980063005391516,1.0811680502671457,1.4057080158142228
ESP,1985,-0.4817662238344881,1.2003843508058052,-1.7730755862099803
ESP,1986,-0.10958923980164591,0.872344410926969,-0.04705549601740406
ESP,1987,-0.16162778046907858,0.47667171658501944,-0.11225028258636771
ESP,1988,0.7015426273314709,2.44525079655574,4.559359178706542
ESP,1989,-0.27158428535986917,0.5434958695922774,-0.34239666734785895
ESP,1990,-0.6525257632141652,0.9110204298377126,-1.093212738363635
ESP,1991,-0.5116159987720295,0.9468106613956402,-0.8072565432289125
ESP,1992,0.23059557494434313,1.0945558275824694,0.8181751655337576
ESP,1993,0.4005579423353003,0.8658506624279023,1.2024123761169547
ESP,1994,-0.6678641406531374,1.0042293197751087,-1.0268959492224616
ESP,1995,-0.9955034326909136,1.3666721914494417,-2.0251752041320388
ESP,1996,-0.09515975776801741,0.41508178400466805,0.08063357256207132
ESP,1997,0.18221908830736694,1.8224749281552977,0.3168212434615525
ESP,1998,-0.20503081655656036,0.5640895983522497,-0.05225406668217811
ESP,1999,-0.0726297992278552,0.8187757350422419,0.3571472246083265
ESP,2000,0.004408990362557984,0.6233522505784443,0.3081189722890785
ESP,2001,-0.4125618359299093,0.8631464069771019,-0.6216656357596414
ESP,2002,0.06906814761820039,0.6091054283741908,0.3929684708017738
ESP,2003,-0.48915933139674095,1.149306239502073,-1.0191039907794288
ESP,2004,-0.2345049979135981,0.9008460071508297,0.04384434743242882
ESP,2005,-1.0889888046706324,1.660698696400515,-2.56797991941706
ESP,2006,-0.5755670720393729,1.0751469294954128,-1.1360555121589502
ESP,2007,0.19350665938247882,0.682546218945685,0.45148436557577754
ESP,2008,0.4109482069163048,0.9764848056074337,1.3787692510288863
ESP,2009,-1.0692757855263737,1.5449547009566058,-2.2563587189840852
ESP,2010,-0.12877294889974697,0.8753616402970713,0.42120582801537415
ESP,2011,-0.6380244152260393,0.9083686543976753,-1.284587202103194
ESP,2012,-0.6105428082657106,0.8463489013917591,-0.8613175083030523
ESP,2013,0.22641785418355326,1.381929843828708,1.4902923443074139
ESP,2014,-0.42860992313185153,0.7775214091879713,-0.497882940090873
ESP,2015,-0.8332862064407711,1.226819096254142,-1.759301949693872
ESP,2016,-0.36676351825630604,1.7134706469849297,-0.8196175844351082
ESP,2017,-1.0988910257009579,1.5998550838525074,-2.5120321397775687
ESP,2018,0.3210113407612621,2.128702314678844,2.971502571525601
ESP,2019,-0.8325853579611074,0.9698725898415864,-1.1489350433440866
ETH,1971,0.09060345789788551,2.120561679785016,1.5095753664025173
ETH,1972,-0.8039572963090577,2.0907656215483095,-3.940785833770661
ETH,1973,-0.00010487531116335088,2.016971170106167,1.518501095911337
ETH,1974,0.7390880163438509,2.117540425782935,4.375314098714489
ETH,1975,0.47824204036329443,1.6498346167868814,2.4942036842524993
ETH,1976,0.00649428504307192,1.0309305508660707,-0.26606257643725195
ETH,1977,-0.005740840692679517,1.5637937970809708,0.4686134168541167
ETH,1978,-0.3967906893335005,1.6224057242575491,-1.1253983752096801
ETH,1979,-0.10088727402136866,0.5503444122678961,0.03265366203518222
ETH,1980,-0.0992408045499278,0.697692721025337,0.09580429652003078
ETH,1981,0.15216632384283105,0.8406120477947305,0.6114384344677601
ETH,1982,-0.18134333395926217,1.4865675019318378,0.23984194900576442
ETH,1983,0.019816513352444047,0.9617141343029058,0.48292364366632257
ETH,1984,-0.6919456436846364,1.2170925320011243,-1.7827258994240909
ETH,1985,0.22172028120382292,0.791042356579935,0.5333446331329189
ETH,1986,0.0781439511549374,1.0971987379641774,1.1449832550398005
ETH,1987,-0.13370404399147673,1.5766163361057703,0.03959673722876749
ETH,1988,0.39230413641528095,1.2179382185996372,1.2448630707910915
ETH,1989,0.05852699956071491,0.4656775953473542,0.19478766893527955
ETH,1990,-0.5658141961643308,0.6748355386517151,-0.6722799403798423
ETH,1991,-0.13503046415935568,0.5116295536722703,-0.038787083687246336
ETH,1992,-0.16221999912085358,0.5718539801841458,-0.10087068937697936
ETH,1993,0.23955196251300162,0.8927700476067042,0.848257811380369
ETH,1994,0.012742549715648288,0.5216714608586375,0.17288224217355105
ETH,1995,-0.14985890851541175,0.4757919530540478,-0.1674161498857014
ETH,1996,0.5036317302789002,1.1958134810187653,1.5611528430798876
ETH,1997,0.20968720802215404,0.9426744301346621,1.2208238485785632
ETH,1998,0.3369680335249503,0.6718625019426047,0.48802999100989414
ETH,1999,0.2845782152132775,1.286594778810609,0.8023388912788917
ETH,2000,0.22738293379162847,0.6538188645857875,0.5428108731894465
ETH,2001,0.20567574987048812,0.7795912809171983,0.667533050945002
ETH,2002,-0.8651234448044605,1.0297834997570103,-1.3694205315604246
ETH,2003,-0.3412810259863876,0.6026382884531915,-0.6229157152524242
ETH,2004,-0.43899975520889717,0.5472156444730558,-0.6488281626693422
ETH,2005,-0.09435896593693273,0.5248187593352942,-0.33206152353010393
ETH,2006,0.4944934621520138,0.5948662142499448,0.7029752887701293
ETH,2007,0.11734782737310308,0.5122533394468654,0.29453026319597586
ETH,2008,-0.09914903993448196,0.8897756540892603,-0.23225687463119146
ETH,2009,-1.1765159119560429,2.169873021596715,-4.295547777882673
ETH,2010,-0.14506430229677195,0.7860737661448075,-0.5540448839439953
ETH,2011,-0.24811941651741562,0.6904069394124001,-0.496628104040546
ETH,2012,0.06330261142337229,0.38380097354973797,0.13348272875111866
ETH,2013,-0.18946104231917407,0.41876167746699905,-0.34768510098470323
ETH,2014,0.35985209145290514,0.6533330790664585,0.8276061517962938
ETH,2015,-0.48640115676226325,0.8904698838535656,-1.0566777930381634
ETH,2016,0.14991805155201451,0.6583763288099337,0.4074688567479583
ETH,2017,0.26346065124843243,0.8045891961616733,1.1339311815872908
ETH,2018,0.19795994367204942,0.2051099105999955,0.17978488492845537
ETH,2019,0.5234813650967992,1.3307813080758852,2.3006715467903227
FRA,1971,0.274457186117343,0.8888992067905257,0.5614221286077814
FRA,1972,0.02568820961255669,0.3273540543206135,0.014665831928606371
FRA,1973,-0.22314921589529302,0.5141508171076963,-0.44453648033954196
FRA,1974,0.09767595819426582,0.7058628043335256,0.5916762426504029
FRA,1975,-0.10230242118375105,0.31884873349470855,-0.07041810854031251
FRA,1976,-1.0440634709360619,2.9006694145469467,-5.528377336095344
FRA,1977,0.9400741367061864,2.0155419679232964,4.07921688547946
FRA,1978,0.1437833573473625,0.8268130764675465,0.29267068334201607
FRA,1979,0.16770822943540753,0.8117110139282633,0.8088277224274286
FRA,1980,0.35675275188802463,0.6081230392490332,0.715845781955203
FRA,1981,0.5351377191069578,0.7924215444096595,1.071478154835605
FRA,1982,-0.1622903642005423,0.8959835527171139,-0.33397801359514234
FRA,1983,0.2496558352988447,1.4087752627128165,2.0252499704056666
FRA,1984,0.41525155669163405,0.5564528881457721,0.602641303555519
FRA,1985,-0.17468429023770965,1.634156077227378,-1.7440349893027558
FRA,1986,-0.12663562838242748,0.8536078698989188,-0.12988144834320406
FRA,1987,0.35497756302381245,0.920864366779659,1.1491939632313573
FRA,1988,0.3255492058705325,0.9732798718013567,0.7324721637458445
FRA,1989,-0.993382117009026,1.4533818805771406,-2.2810976443347823
FRA,1990,-0.8571188807679825,1.166827907978294,-1.792086133660167
FRA,1991,-0.4703508814475436,0.4562706800357723,-0.40468264193000564
FRA,1992,0.6666030788437171,1.8951915998411601,3.5757696344677616
FRA,1993,0.8021571292615755,1.4379397782522338,2.5444303753939197
FRA,1994,0.219986720076436,0.7044514984529933,0.4351211885789565
FRA,1995,-0.5384170240106543,0.822110556034323,-0.8791235353482796
FRA,1996,-0.2839250966226176,0.6378099803212096,-0.23336709922519847
FRA,1997,-0.11648551972339045,1.2598947263294415,-0.38785341596301526
FRA,1998,-0.044815004460976006,0.5983379020004003,0.07136279315182013
FRA,1999,0.27585741886750537,0.5707395449500205,0.8059886628398713
FRA,2000,0.25359156128180427,0.404672473692639,0.3212324182095847
FRA,2001,0.2316658163140075,0.8301080649700758,0.9467081105697358
FRA,2002,0.13336487411064846,0.4190942736127017,0.1787781636458389
FRA,2003,-1.012487217403933,1.4325755069651134,-2.190719690897285
FRA,2004,-0.2453522050409659,0.6042628165703562,-0.2886259279236365
FRA,2005,-0.9049006752608102,1.1628692236006466,-1.5079827306780773
FRA,2006,-0.3539159680840964,1.274331280068937,-0.8837572670267524
FRA,2007,0.47431263804024365,1.099654791484213,1.6806551199239275
FRA,2008,0.42270746623004657,0.5474874414587223,0.5621841646712081
FRA,2009,-0.7859566989953355,0.9461562491638473,-1.2764593809839313
FRA,2010,-0.5027400891280523,0.6791078641692871,-0.6348350101207946
FRA,2011,-0.8186344012408349,2.192470181056543,-4.429029651865561
FRA,2012,-0.012146406723207971,0.5615809475412566,0.11203821742179833
FRA,2013,0.2845983916927702,0.9131650368952527,0.9028850111608907
FRA,2014,0.08059650969795862,0.7911615372654502,0.15573932876041907
FRA,2015,-0.6515119666748117,1.2041070973715349,-1.633335364975648
FRA,2016,-0.5618209975245375,1.77994618161841,-1.986191824626077
FRA,2017,-0.7052172031732943,0.8119794683730515,-0.8644286011214641
FRA,2018,-0.8081371913619728,1.6350968161015647,-3.0829320859787166
FRA,2019,-0.8008407319026707,0.9925883755690621,-1.4316439198547162
GAB,1971,-0.4202234895498233,0.3260685579364346,-0.3018809146839033
GAB,1972,-0.02732976793684973,0.1257701940147876,0.03986197555740878
GAB,1973,0.24658375681723738,0.20124407572033054,-0.03655346455123798
GAB,1974,-0.4750456266989608,0.3243628388081164,-0.22878425306154182
GAB,1975,0.5157981916729106,0.3662712873862797,0.2929587338953141
GAB,1976,0.08100339797942502,0.08101591634062602,0.003981097891701811
GAB,1977,-0.1660204742565159,0.1048753498146215,-0.057131434506419096
GAB,1978,-0.4755030458030447,0.25633436700016843,-0.16114410363500434
GAB,1979,-1.7467224787291855,3.0967723038292236,-5.564565607500075
GAB,1980,0.11068286200893135,0.3796798387774411,0.0440140787317653
GAB,1981,-0.8922681093195134,1.108830437476992,-1.3042965393223789
GAB,1982,-0.5688164260196288,0.5433425136493625,-0.7144438627283471
GAB,1983,-0.9733182120637174,1.2030221078981196,-1.5941938101558337
GAB,1984,1.172247283969918,3.3241739976961036,7.11845403478005
GAB,1985,1.5774245815189092,2.635302268666309,4.6346570261283215
GAB,1986,-0.776305168405764,0.8589664899019964,-1.0339730394665303
GAB,1987,-1.0406038862473574,1.217673796808771,-1.4469294951564864
GAB,1988,1.349575632907611,2.1101086236303237,3.6195146388068213
GAB,1989,0.4445158829918139,0.3255004605806541,0.2645612911466871
GAB,1990,1.2855688290453253,1.829874612802149,2.8468969735934304
GAB,1991,-1.5578137680513002,2.505145728208485,-4.077486322785109
GAB,1992,-0.2277470721616288,0.4678689046810027,-0.47546994122268
GAB,1993,-0.7715630908852964,0.8222335569108045,-1.0090821780063688
GAB,1994,0.5556896646140406,0.45143942603517645,0.4615227462091156
GAB,1995,0.4076021774709489,0.18288626848928274,0.08651391987099499
GAB,1996,0.47154869322365284,0.2823481525221222,0.20327655815979395
GAB,1997,0.4386855136672571,0.4331212491558929,0.3351914762102537
GAB,1998,0.8390711521824364,1.0184581830926114,1.3231556040307777
GAB,1999,-0.6654461519204088,0.9809439538638426,-1.4057705987212947
GAB,2000,-0.3142244381594431,0.4346808580313572,-0.21619143647022504
GAB,2001,-1.0444521836513099,1.2565411310736134,-1.5583376476877082
GAB,2002,0.7317271849693644,0.6179375761130127,0.5826009685642504
GAB,2003,0.850316661400659,0.8966614732922289,1.020824847952918
GAB,2004,0.8639950555448238,0.8836056708951937,0.9402132633624891
GAB,2005,0.22635342470834913,0.22221078408544717,0.08293022841613855
GAB,2006,0.5773437678935263,0.39361451068307785,0.29044377209120753
GAB,2007,2.2076175011965655,4.917461567522895,11.05455350112229
GAB,2008,0.08361741573132567,0.4859022322867276,-0.051520158014784684
GAB,2009,-0.11543625702258588,0.6417934708889736,0.5732193399509181
GAB,2010,1.4774643561275775,3.343374625632085,7.630660869987727
GAB,2011,0.7755918210981143,0.8181799435121615,0.9511172328047487
GAB,2012,1.31588386217193,1.8222483752686223,2.6812036254517926
GAB,2013,0.2677318110260565,0.6824763033244254,0.8645061015069537
GAB,2014,0.9919843638419802,1.7068130921940827,3.0740963753465325
GAB,2015,-1.5528062577416673,2.4824645870929505,-4.027090269940895
GAB,2016,-1.1165420562891972,1.371013373433091,-1.8043055235513057
GAB,2017,1.8708830328582053,4.121213422569695,9.722580744595165
GAB,2018,-0.022933121565841267,0.1964546878294035,0.005641624484889699
GAB,2019,-1.8410736107473125,3.9432770099251306,-9.106772003408418
GEO,1971,-0.39305610424700627,0.510355334721633,-0.4302424607467982
GEO,1972,0.047012118339062076,1.3859662564927613,1.0907050576263417
GEO,1973,-0.17269417484270236,0.3942014836897296,-0.17605466244345386
GEO,1974,0.11706747138167303,0.30742997219927415,0.10712431853220268
GEO,1975,-0.9633547641542805,1.3695017455608853,-1.9894912360336225
GEO,1976,1.483426733761824,2.9180471906970267,6.630351339724329
GEO,1977,0.607479878973942,0.9154823963700206,1.283514065921475
GEO,1978,0.33465572971979646,1.6859177183686842,2.83306693250997
GEO,1979,0.11692191306309833,0.4649815053562275,0.03162934285474644
GEO,1980,-0.5628315513226632,0.78426623398468,-0.8103589231935284
GEO,1981,0.2445008665666582,0.28529957739468315,0.15279792135628928
GEO,1982,0.5824650266795195,1.4004313489177826,1.7915267018536092
GEO,1983,0.5922645568364932,1.1555367608501035,1.014937115800187
GEO,1984,0.1995095622382275,0.3054354198336721,0.0803376499146044
GEO,1985,-0.5089598936557231,0.5468868208821323,-0.6493897139999768
GEO,1986,0.039493018526014986,0.9172992847930401,-0.09100011828445179
GEO,1987,0.4475691922299722,0.8458829949101667,0.8256315285047564
GEO,1988,1.2523923541824606,2.4136072788019804,5.350048590090991
GEO,1989,-0.5723153600943648,0.6284630389136224,-0.6848151858573367
GEO,1990,-0.4609993477277106,0.8639005287753607,-0.7551271674162322
GEO,1991,-0.12047653483760562,0.5309871284331983,-0.03776097004365307
GEO,1992,0.647700146396792,0.6917711289682781,0.7904480234907008
GEO,1993,-0.017893629518803127,0.3584777408358336,0.05553165712916135
GEO,1994,-1.1135465641503088,1.7130066208227448,-2.9700928724466444
GEO,1995,-0.0018021702297794373,0.6467011167159524,-0.0018677810412749377
GEO,1996,-0.25302273953944576,0.18502764185992981,-0.1040072132082304
GEO,1997,-0.18990786285868255,0.4059462079500753,-0.10692631262831671
GEO,1998,-0.7338557816670009,1.112145665322827,-1.7480188217349146
GEO,1999,0.021353320678546735,0.509753845484286,0.17232081455574538
GEO,2000,-1.5287138859596618,2.8599715134466037,-5.7487594967157145
GEO,2001,-0.414330717482176,0.39423850045189435,-0.35991361143413203
GEO,2002,1.557113056610242,2.6947132331199923,5.036174453410495
GEO,2003,-0.8274578310778662,0.8523682522010259,-1.0248276229833815
GEO,2004,0.01707884652911682,0.1818256912452168,0.05232815760598699
GEO,2005,0.6907336640153089,0.9133355675895859,1.0494204533155165
GEO,2006,-1.6539835492972879,3.1015716540349922,-6.421771668605509
GEO,2007,-0.0032668109893581147,0.4506671397633294,0.11653012434862753
GEO,2008,-0.05093738237543382,0.9539355654107293,0.17219012436554834
GEO,2009,0.5488504967044598,0.9105590374433461,1.117563587828186
GEO,2010,-0.8776986989157582,1.406512186944298,-2.0141876815099207
GEO,2011,0.26996729568225886,0.5931564960745741,0.6519675996315384
GEO,2012,-0.7990206321769693,1.107258986136325,-1.256687635211299
GEO,2013,-0.30737373156174685,1.5044320943065743,-0.4487000811306422
GEO,2014,-0.4365110717975431,0.8661253683094389,-0.48305752726668033
GEO,2015,-0.6581181260705016,1.396915652580394,-1.7350924212160355
GEO,2016,-0.23875682713151683,0.6500826621677595,-0.3708449637659724
GEO,2017,0.10909988072239721,0.9985909780898192,-0.04444235300670234
GEO,2018,-1.3865292069687751,2.5851253630968616,-5.475652129993756
GEO,2019,-0.9410161589334327,1.2762180968088082,-1.8044055618164427
GHA,1971,0.48161791398343407,1.0514550307511117,1.301486970472639
GHA,1972,0.7945515207771088,1.5143176125258977,3.042732789083627
GHA,1973,-0.5473830859932126,0.9641494528466497,-1.2832832033057566
GHA,1974,0.6126019678627178,1.228870907425747,1.548191146972163
GHA,1975,0.3881228862511565,0.586665355243075,0.6248208664548178
GHA,1976,0.28938669896487607,1.611574443639858,1.7727957726905066
GHA,1977,-1.489761715065944,2.62022750828754,-4.996731509538795
GHA,1978,0.5795086378772293,2.0569132646332187,3.0248602387509753
GHA,1979,0.8441497930853818,1.693105060058844,3.0873923590850594
GHA,1980,0.1402755372707828,0.25385486987969186,0.1360478802721309
GHA,1981,0.04995465524050619,0.38592840231665376,0.06632116729896093
GHA,1982,-0.17758058537769025,0.47605315757571476,-0.260553479712275
GHA,1983,-1.2871405970762595,2.1545412852440444,-4.048779455906434
GHA,1984,0.40334144086212254,1.054320890620939,0.6768156610161749
GHA,1985,0.17911719674964544,0.5373270715887394,0.2882822908168514
GHA,1986,-0.1664322871084913,0.5196350758066373,-0.22773607284365868
GHA,1987,-0.5589782021288755,1.179237489273733,-1.2224427316375854
GHA,1988,0.18495071308495198,0.2605946489747841,0.11101202929939033
GHA,1989,0.7714400475052089,1.5004863565459072,2.7155236441607795
GHA,1990,-0.7600409878339338,0.9004808410583154,-1.1174843843347053
GHA,1991,1.1122741757526502,1.9339749996117526,3.6766907255174033
GHA,1992,-0.6366491247060095,0.7726260153815099,-0.85382392564303
GHA,1993,-0.10087556298540967,0.30805734957302283,-0.05666974030755979
GHA,1994,-0.4407873787510354,0.6057677082333227,-0.5610773163139126
GHA,1995,0.2986407424477351,0.4918097064598071,0.19869342266402854
GHA,1996,0.33269731704589117,0.4585788091492138,0.36831207341199185
GHA,1997,0.6599443452599475,1.0868610358901076,1.650677332117727
GHA,1998,-0.9320497926448013,1.4425071137143195,-2.1269696494524934
GHA,1999,0.6316538024174431,1.0745794562071784,1.5369441945048925
GHA,2000,-0.06363802721535923,0.8344301363300634,-0.09055012959520749
GHA,2001,-0.25760406630927246,0.5612183481918401,-0.2234579593749623
GHA,2002,0.22728807379410276,0.8764777134306249,0.30232805360057063
GHA,2003,-0.2977608308428697,0.5246092527915929,-0.24391710224352078
GHA,2004,-0.5425620217757937,0.960980921425808,-1.2186029567579502
GHA,2005,-0.6329537468965412,0.9019082437953874,-1.207244786826103
GHA,2006,-0.6967887593955987,1.1932940716466045,-1.4372459207394253
GHA,2007,-0.4545464815789631,0.818234550498482,-0.6167962255472805
GHA,2008,0.3736507272286411,0.7671698883991809,0.844266440956678
GHA,2009,0.22990689209083784,0.5351078944685036,0.548749700551647
GHA,2010,-0.9598863461317054,1.664615259343367,-2.8352938938303676
GHA,2011,-0.9710218309014923,1.889876787854879,-3.321315895984957
GHA,2012,-0.874412589873939,1.3346220696254367,-2.0487171985892068
GHA,2013,-1.4179870778091883,2.586587814741476,-5.128303360043334
GHA,2014,-0.8647424594639841,1.3838232022185473,-2.3897168004540332
GHA,2015,-1.648723749849233,3.378666158619227,-7.785403884422431
GHA,2016,-1.1147683817823792,1.7454663696418384,-2.8802959196302744
GHA,2017,-0.8041890974440252,1.4235385254289028,-2.095598347576398
GHA,2018,-0.6290073800922746,1.2142332794662427,-1.7381048295194208
GHA,2019,-0.061957930832717674,0.45173488359213265,0.20858487483171698
GIN,1971,-0.6059547831607064,1.463575199419267,-2.202014653730238
GIN,1972,-0.04784793789634039,1.6247498741663287,1.819780782270021
GIN,1973,-0.6248744976030897,1.5168599688302886,-2.40681300395882
GIN,1974,0.5089374851606885,1.1328478295557822,1.6150930654728175
GIN,1975,0.4080413353573977,1.4769189598827996,2.488708869883551
GIN,1976,-0.26221185110469486,1.6702174463157884,0.0988867300718998
GIN,1977,-0.5542280533204342,0.9426021094364417,-0.8668791924335261
GIN,1978,0.4740028986574819,0.7378629918297999,0.7774658956479314
GIN,1979,-0.0035441065718508497,1.3395172213139213,0.411578605829399
GIN,1980,-0.11182062958206371,0.614683395853401,-0.43538673046896054
GIN,1981,0.09494804851694047,0.4976303247200774,0.4773113174005023
GIN,1982,-0.18914852742399177,0.4717159849960059,-0.39966087582183824
GIN,1983,-0.640062390300869,0.7493336801338645,-1.0124614474306346
GIN,1984,-0.3634502768001705,1.2894421373641514,-0.38472333451562746
GIN,1985,0.39563244287409866,1.069113027124804,1.018200532955345
GIN,1986,-0.5867353778866735,0.9215022010799446,-1.1974903153261305
GIN,1987,-0.7228485470642325,0.8383512059552476,-1.0920064708393629
GIN,1988,-0.0225789656537832,0.6619952564733809,0.0161465334429584
GIN,1989,0.22830734736728714,0.6018336540167578,0.6730069648826761
GIN,1990,-0.1102189927644891,0.4259164742472919,-0.10090300024191244
GIN,1991,0.001487135650788033,0.6816093829213556,-0.09986924035636091
GIN,1992,0.20497584203355865,0.6822750518205385,0.5403613534475803
GIN,1993,-0.35474927541965867,0.38943403725188896,-0.3182481477004267
GIN,1994,0.4216903943303102,1.621366270711212,1.9153458949243383
GIN,1995,0.2620814956471872,1.344057450774071,1.0451490991317067
GIN,1996,0.46369610771645803,0.7101695218972316,0.7939118050200451
GIN,1997,1.011461544755781,1.7532839268543985,3.336994302892718
GIN,1998,-0.07291736726115942,1.1214548267625082,-0.7882442300182427
GIN,1999,0.743957704519593,2.3154506822451806,4.041853174534465
GIN,2000,-0.18106441181134936,0.7627306968639922,-0.4943745809163355
GIN,2001,0.1143162052833267,0.7932273559408561,0.5924079049910876
GIN,2002,-0.42652274815582447,0.6415858702724887,-0.8168253589159453
GIN,2003,0.23087955342828606,0.8501866988360071,0.6935092057342003
GIN,2004,-0.983731140984017,1.743749278122059,-3.2330225567228186
GIN,2005,-1.858462263032702,5.18025977107133,-14.393461318428958
GIN,2006,-0.8711860481539438,2.337242672127268,-4.971384596814238
GIN,2007,-1.3589783371468331,3.911905932766032,-10.226344975095774
GIN,2008,0.03038319562586477,0.5139712917289376,-0.14869716164540064
GIN,2009,-0.9324507295591141,2.1325355890340827,-4.485727627035033
GIN,2010,-0.6446896856411699,2.1748756073239957,-5.500280292064325
GIN,2011,-0.18075081384971944,1.4416152296146865,-1.069951693697788
GIN,2012,0.06257727029120455,0.7767579439046464,0.18046573057702553
GIN,2013,0.08433582868971636,0.9677607035466849,1.0613321531075146
GIN,2014,0.05733974283880316,0.6380708242519842,-0.07032729488525626
GIN,2015,-1.478192480749168,4.487863886968986,-10.922341387164183
GIN,2016,0.12475935795558495,1.3789123130701129,0.272716764037996
GIN,2017,0.5027468635610898,1.7308143335614243,3.345104994544941
GIN,2018,-1.1066165382266848,2.9773658562807883,-7.64236028752535
GIN,2019,0.8279822321285671,1.9801640116818577,3.851982543006135
GMB,1971,1.1357998390279325,1.5090493770061788,2.2369349654267783
GMB,1972,-1.3125840515948415,1.8741597114116666,-2.838141238273675
GMB,1973,0.223080165359735,0.41491601532197203,0.18489245303209267
GMB,1974,0.5418821563009529,0.39028340478904394,0.3035894906867458
GMB,1975,1.3694270126810366,2.257736512165014,4.172826664261083
GMB,1976,0.01921763000728623,0.39957399244225594,0.15877692432247353
GMB,1977,-0.8902763597808976,0.938277994013311,-1.1232394866244253
GMB,1978,0.5813473798721783,0.5767657464539309,0.7420483499319395
GMB,1979,0.7683120307780218,2.5509202902967427,5.564665919139688
GMB,1980,-0.2755708359623408,0.2406565019913431,-0.15414618228801033
GMB,1981,0.49537160607528197,0.34114972376882796,0.26558595562957643
GMB,1982,-0.11144839698033292,0.09908475215607887,-0.03444510875298662
GMB,1983,-1.2934728033676992,1.9711429184533824,-3.225908337103607
GMB,1984,-0.5398198436005112,0.8890202908915557,-0.858006822298944
GMB,1985,0.2520565300204605,0.44513899484236746,0.3587717410354395
GMB,1986,0.0653866725449647,1.0168399743205176,0.12698696402409246
GMB,1987,-0.274348075769046,0.2987836899026119,-0.14541073130513002
GMB,1988,1.4051641837346887,2.715223648457376,5.673637118076941
GMB,1989,0.8298632434548333,1.1875487152804958,1.984604563592598
GMB,1990,-0.5811580888592438,0.4273872474808329,-0.34610190304803934
GMB,1991,-0.9922582822792015,1.1637672452838983,-1.5301778213704886
GMB,1992,-0.283831794790472,0.21611007640132196,-0.14849260524189922
GMB,1993,-0.1937029661701007,0.1457071220208426,-0.07777583784526015
GMB,1994,0.675338448490583,0.6317288213842576,0.6531485600855699
GMB,1995,0.09658927264952183,0.06835320063049825,0.010612159721572548
GMB,1996,-0.4635712570308317,0.502014554877874,-0.4203693171789783
GMB,1997,-0.6600685313207708,0.6911200662636015,-0.7749685996121446
GMB,1998,-0.753913268251459,1.0605770423618202,-1.6465559017746685
GMB,1999,1.6783710455084595,3.6398640459819496,8.772345428981213
GMB,2000,0.7780546311467461,0.871089282302133,1.1344020536278607
GMB,2001,-0.09941873287778485,0.6842874332299475,-0.07092261146057276
GMB,2002,-1.893938941651423,3.818608204378451,-8.060725435535954
GMB,2003,0.07795295037393396,0.2511502898218802,0.30623426102238077
GMB,2004,-0.34508264381435183,0.4006754459985674,-0.3751420955084138
GMB,2005,0.5348873132325778,0.8811941443654097,0.7708132475217309
GMB,2006,0.042172307331599324,0.5761671427956165,-0.1845393053894487
GMB,2007,-0.28362696584683655,0.2403313428400933,-0.16550033365539
GMB,2008,0.6735364369179482,0.5531731775471496,0.48399805045526406
GMB,2009,0.6923772265572667,1.9747971440624452,3.240415251685622
GMB,2010,0.82797648587971,1.4922223137852202,2.3138995917955003
GMB,2011,-0.9430099887105315,1.1483852242112822,-1.5666315581902763
GMB,2012,0.6217978510984918,1.5359724760032467,1.333180396125218
GMB,2013,-0.3582548893172989,0.8302984915849516,-1.213397297061755
GMB,2014,-1.7651460665063743,3.5799837765696387,-7.960309124526164
GMB,2015,-0.6311172656492409,2.548878423178227,-4.736631383269344
GMB,2016,-1.0706255258083952,1.8632487066138923,-3.328589699018438
GMB,2017,0.05953030228449431,0.8113678259016276,-0.3194229305306673
GMB,2018,-0.6127325163651816,0.9120521099652061,-1.2444951239132336
GMB,2019,-0.757028454662283,1.6317932656933893,-2.6901648409463443
GNB,1971,0.7841491370645743,0.834289428928743,0.9337044793681885
GNB,1972,-1.2408508954815791,2.0832836256045297,-3.4058431070505177
GNB,1973,0.14278572157737648,0.7382005352867816,0.6179070887219399
GNB,1974,0.1646186212745462,0.15132846202177985,0.04776115015975035
GNB,1975,1.4352205456842015,2.9155210831663796,6.280753036398792
GNB,1976,-0.17082081574371258,0.3356227353559039,-0.06595965066707178
GNB,1977,-1.0465286061562429,1.4765537173008791,-2.2813939527352796
GNB,1978,0.6622521976410519,0.6293557366734154,0.7066823942287516
GNB,1979,0.16834404397511105,1.112580657697838,1.1753561334538718
GNB,1980,-0.9206998922731643,0.9687475654677662,-1.0817365049764731
GNB,1981,0.5210784296634314,0.6566155729205654,0.7948782759194415
GNB,1982,-0.4026813627540472,0.4973062488077867,-0.2627830088644181
GNB,1983,-0.8030785692823341,1.765700407919244,-2.6841309627692223
GNB,1984,-0.04160778557781235,0.7293927123866879,-0.16897065256234672
GNB,1985,-0.17304865793990182,0.2457140681603772,-0.1551106899835964
GNB,1986,-0.30450055941793663,0.5875479194593102,-0.2985197258708021
GNB,1987,-0.031170890426388945,0.3841117264828913,0.05975578072456571
GNB,1988,0.5872274322000969,0.6503248373103168,0.6607404818372236
GNB,1989,0.9373997208090019,1.2996946762739787,2.1826734300813104
GNB,1990,-0.7758968487740273,0.705192266292403,-0.7406115033890079
GNB,1991,-0.5382401060542381,0.5925505813875648,-0.6477680655007434
GNB,1992,0.002877070342163779,0.14098566419359498,-0.034348174494574946
GNB,1993,0.026846165878505163,0.29538467587154965,-0.043592791340058834
GNB,1994,0.13095321528141363,0.5208562860878434,0.07033185085961513
GNB,1995,-0.3097162707807407,0.38848801149010437,-0.482319543652886
GNB,1996,-0.6469934176435505,0.6388976178134438,-0.7122367744011376
GNB,1997,-0.025430147036956598,0.8899379763763505,1.3280651040660112
GNB,1998,-0.7556246303715646,1.5608407291665851,-2.956465187808129
GNB,1999,1.2851858331675006,2.6664459952386768,5.463683500101979
GNB,2000,1.1071243424266268,1.5235729951906953,2.415653828213547
GNB,2001,-0.3393198949341347,0.7443660419619091,-0.4542251939715831
GNB,2002,-1.5152517839047064,3.0116121972265724,-6.7051590125893945
GNB,2003,1.3080031311607319,2.3586140600335606,4.561405155824064
GNB,2004,0.4630500590227071,0.5561212837785763,0.5182436008555266
GNB,2005,-0.18480326188580462,0.43315199702868934,-0.09025484530541689
GNB,2006,-0.5495380082453216,1.001865019166211,-0.4724398603063064
GNB,2007,-1.2446510123097216,2.5540740394559016,-5.487472835925408
GNB,2008,0.42213681797329194,0.5722810210850846,0.49663909217160657
GNB,2009,-0.3717796887180962,0.8735215024446796,-1.1993559074039657
GNB,2010,0.91193061547857,1.705659392312907,2.8216478401452507
GNB,2011,-0.5239542672469096,0.538302646112858,-0.5958141126940629
GNB,2012,1.0716297567044055,1.501634729604332,2.12076406014252
GNB,2013,-0.7440327976102932,2.449862019966961,-4.614222736044486
GNB,2014,-0.9762530367724849,1.9094328814353871,-3.74966129284387
GNB,2015,0.2881283473714232,1.623015924450074,0.2616850324452301
GNB,2016,-0.05751682455573914,0.904097338658483,-0.19794158394906103
GNB,2017,0.16333005179148327,0.9589074773813353,0.7649215510247209
GNB,2018,-0.4158246594631953,0.6196309948075869,-0.7386091924019342
GNB,2019,-0.44630850393646304,0.489605841340943,-0.42203745986560276
GRC,1971,0.24060343516192173,0.7968904066407378,1.0352170259843056
GRC,1972,0.7103351645647031,1.3864835763480616,2.5351413406038428
GRC,1973,0.4792912996611571,1.2500979987267726,1.975464449179655
GRC,1974,0.6547021554525454,0.9579430149800037,1.5563431130407555
GRC,1975,1.0174880411002205,1.7516017332727079,3.4683939836845923
GRC,1976,1.3289914710330808,2.5708891949132133,5.464384822270859
GRC,1977,-0.03640490296449389,0.7708682896162065,-0.01815338650009515
GRC,1978,0.660364942420606,1.3576309825508999,2.471406780344176
GRC,1979,0.5258693063117204,0.550123701484906,0.673150741632635
GRC,1980,0.7807212871650722,1.4277571863413605,2.4504846407413368
GRC,1981,-0.36745709462339465,0.4445974845228757,-0.4413389245575672
GRC,1982,0.16646962134727417,0.7406305733713172,1.0370843479062726
GRC,1983,1.2113177549802416,2.4624590037987772,4.849359169973367
GRC,1984,0.0774830335271638,0.5855071733623414,0.1589856810654852
GRC,1985,-0.854133250564722,0.863181984991385,-0.9699802988790086
GRC,1986,-0.042584956295207865,0.6842418652485366,0.07476721985806498
GRC,1987,-0.0666260907518948,0.4352655322003632,-0.02810975530031248
GRC,1988,-1.1904232038746747,1.6527721163246492,-2.3921957939997127
GRC,1989,0.471517888507204,0.6621106540136484,0.8331452095235314
GRC,1990,-0.31751988602945347,0.3455698625110589,-0.1612289048265966
GRC,1991,0.5296250337806379,0.6876449388846309,0.9636371808547874
GRC,1992,0.43454295786535774,1.1800149982734538,1.6698653995138566
GRC,1993,-0.3725458652954442,0.6140741716236556,-0.2900244202662918
GRC,1994,-0.7668923834400739,0.8103064124906884,-0.9504349883950896
GRC,1995,0.06671577258245727,0.6415707977720109,0.45882518141526746
GRC,1996,-0.4749165051122858,0.9181855895495905,-0.7532699148964754
GRC,1997,-0.39284261627718947,0.4644901891487282,-0.4531186542296499
GRC,1998,-0.5600559616845185,0.8445652748401211,-0.9068219829650938
GRC,1999,-0.7300690452329953,0.8336908810885892,-1.0286244204855963
GRC,2000,-1.3631035426601583,1.9737838995033692,-2.9894450424351553
GRC,2001,-0.5353262694151895,0.6167779595857883,-0.474250503777437
GRC,2002,0.5566256761386621,1.8853178937626356,3.7530487098694807
GRC,2003,-0.6594081904342037,0.6751469144859086,-0.756457878130071
GRC,2004,0.22043260449452026,0.40693613936864886,0.39628675785941275
GRC,2005,0.14380446775462807,1.1230004956027932,1.7660665526701598
GRC,2006,0.12916834196764182,0.4607504754572217,0.2690018280149792
GRC,2007,-0.42973853046725574,0.6142778642418895,-0.6334145875855657
GRC,2008,-0.7950179739885105,1.0308695663198921,-1.266780857030088
GRC,2009,-0.2531294038223687,0.47327135578281354,-0.1031422844788802
GRC,2010,-0.3316254331411462,0.37951494477044045,-0.32145994887599744
GRC,2011,-0.5818170945984021,0.6065823703949129,-0.507615173409569
GRC,2012,-0.8157273202158932,1.8310181227547635,-3.2858015230807807
GRC,2013,-0.7353756892993608,0.7212565313819086,-0.8316998455051726
GRC,2014,1.0891649610297478,2.304109391887289,5.096281804916917
GRC,2015,-0.047517762007817425,0.4326787702029367,0.029411783825185146
GRC,2016,-0.07546050860612878,0.9378867812964384,-0.129230498414126
GRC,2017,-0.21867884925010214,0.47081838514202684,-0.21946126958052603
GRC,2018,0.5960980758614707,1.5649654179293446,3.093628701317505
GRC,2019,-0.3560426395880021,0.595624289654693,-0.5039691658238272
GTM,1971,-0.5619276078053062,1.553022224534688,-2.9913949289494863
GTM,1972,-0.5783793554797528,1.2585572008613177,-1.665215353467587
GTM,1973,0.45725787896850195,0.9604662383747272,0.985607499962244
GTM,1974,0.21146581023846928,0.6900946868507228,0.37008434280070907
GTM,1975,-0.7061900747323794,2.2610792300287614,-3.6359735516207548
GTM,1976,-0.19733042014698265,1.2273581535827387,-0.571031721197792
GTM,1977,-0.36361778611279205,1.2297976212597272,-0.3730707700562687
GTM,1978,-0.13205575132672623,0.5679074617277996,-0.27352457085502146
GTM,1979,0.6914034311779389,0.9102796380415744,1.1750792854394556
GTM,1980,-0.1669662024596183,0.31309194851670735,-0.16877069003093562
GTM,1981,0.9349275488427051,1.4218358142611538,2.350632701125869
GTM,1982,0.09388515838908329,0.714233941380318,0.11133688699957289
GTM,1983,-0.4338164691011189,0.7974766040736708,-0.8922257703630699
GTM,1984,1.084689096646428,1.7575034147253292,3.1588483053953236
GTM,1985,-0.089764779713574,0.2586852515720798,-0.11794802261109782
GTM,1986,-0.4345159963241502,0.8372060493543466,-0.5217844802506696
GTM,1987,-0.2859502784551288,0.7695892515771232,-0.6738781576157342
GTM,1988,0.6108330712698852,1.6429834317925773,2.663041239534549
GTM,1989,0.31855746457964046,0.5478089683778888,0.3240330209867135
GTM,1990,0.10539353217503636,0.48336776193686337,0.32085875527429114
GTM,1991,-0.5968169411472769,0.8189885158265185,-0.9817878345976216
GTM,1992,-0.18451194986081176,0.28252242383730775,-0.07838930235436463
GTM,1993,0.3441957345093821,0.5006794556538888,0.4466195997554051
GTM,1994,-1.0530257304712876,1.5791567716792285,-2.7663280947906603
GTM,1995,0.6294677320265619,1.5822832004634637,1.8679553048090018
GTM,1996,0.7351982497535688,1.4894132310334853,2.744250405631718
GTM,1997,-0.44143382361813205,0.6157271555746386,-0.6388730424793656
GTM,1998,-0.5465614552111218,1.9471927617561495,-1.7416793712515644
GTM,1999,0.6083911928284369,1.3243803542150592,1.9046219000766522
GTM,2000,0.7384731875245247,1.356526850718523,2.5474722588370504
GTM,2001,-0.4960923431120745,0.7322393066102504,-0.7533497042062959
GTM,2002,-0.6965186294152357,0.944221663265735,-1.0404153945068173
GTM,2003,0.040645161774896625,0.6134051728090407,0.21392106969809419
GTM,2004,-0.32638878609480076,0.698173707699874,-0.5007079238014714
GTM,2005,1.1592675437709374,2.058904703221957,4.177579601408777
GTM,2006,0.4199103226618837,1.275999826418891,1.5134344457834907
GTM,2007,-0.039170353193474804,0.5051958023157691,-0.09882662173758211
GTM,2008,0.5398533780753013,1.2627887107343827,1.6367858861329252
GTM,2009,-0.059019570366007135,0.7165632037147581,0.46666970052144896
GTM,2010,2.1618257817337603,5.574271223143882,15.091088102347822
GTM,2011,0.06602534300813678,0.4369623523305544,0.15313677605991452
GTM,2012,-0.3879348518612706,1.0109654810317155,-0.3275979789253
GTM,2013,0.2560854971722573,0.6016508963554918,0.5841513008736222
GTM,2014,0.40122338272686586,0.8628985077225474,1.0246361738261633
GTM,2015,-0.8317694716416895,1.675907627645485,-2.3984171908059952
GTM,2016,-0.5920507175863621,0.6385586087488391,-0.7003416920191947
GTM,2017,1.1472123885913772,3.1844636061471028,7.856223291597265
GTM,2018,-0.4518100193365201,2.6977176256739197,-1.3796183301624378
GTM,2019,-0.8090623840421304,1.4305460489870816,-2.1067738221863226
GUY,1971,0.3111723791808168,0.14292308068665985,0.07908372306423096
GUY,1972,1.4617502265311384,2.164800550244962,3.2433261040129726
GUY,1973,-1.2711881783586525,1.691587594427709,-2.3570248062493917
GUY,1974,-0.058589164719194876,0.9398405081206939,0.003986206809559079
GUY,1975,-0.5472495629757899,0.5355715952741945,-0.4738481900215619
GUY,1976,1.3566409051392518,2.1569047018888305,3.712211245630011
GUY,1977,-0.36600854530202526,0.19603212665112937,-0.12508697339474736
GUY,1978,0.2067634539244986,0.07398586072052828,0.03209628577971896
GUY,1979,0.787931161336139,0.6992022607276623,0.6591203502765062
GUY,1980,1.1240206318591586,3.3140805505713034,6.923640678330673
GUY,1981,1.4286577607520003,3.0094267374211428,6.414066079154284
GUY,1982,0.18349744286763467,0.07607897737024377,0.02364839675566135
GUY,1983,-0.4010981808733733,0.23983817922294282,-0.15982664283185602
GUY,1984,-0.6313486460462036,0.7610811913679779,-0.7889631211691234
GUY,1985,-0.11679557354966287,0.06242403266384891,-0.026301658311125405
GUY,1986,-1.1348324805174608,1.5156492753790458,-2.19118050506775
GUY,1987,-0.9196813672834366,0.8560888566487792,-0.806425523966582
GUY,1988,-1.3604976863063942,1.9473586735030048,-2.8924193748786187
GUY,1989,0.9180831270925417,1.4675402275137888,2.7821874034428986
GUY,1990,1.1718589447629264,1.5381093773686445,2.174786899576767
GUY,1991,-0.7268726722735744,0.5816934225340283,-0.5019176057159404
GUY,1992,-0.14797615481756177,0.17358329152466556,-0.11232042778218516
GUY,1993,1.3576502285946834,1.9492245538091169,2.95575010365693
GUY,1994,0.10746292764809497,0.2206333513020755,0.03625644490151326
GUY,1995,-0.5626496637808627,0.5027586454599133,-0.46472136629698385
GUY,1996,-0.4544612380781065,0.4644873508389293,-0.49231837039252396
GUY,1997,1.0190051539325289,1.9494051062598372,4.131389873281355
GUY,1998,-0.5142515275148033,1.7677160565449646,-2.49681073941393
GUY,1999,0.050846181874428686,0.08768870762770355,-0.0026937221764634736
GUY,2000,0.7552608177193268,0.6180732415245582,0.5352227899884273
GUY,2001,-0.887251436260498,0.8180045988834695,-0.7782619353149856
GUY,2002,-0.20926966460450905,0.4237341776929013,-0.3370394414037847
GUY,2003,-1.193447620389445,1.8656565072788978,-3.1631759641797146
GUY,2004,-0.23614141115465462,0.18810127189140202,-0.07940284888350567
GUY,2005,-0.01959272353419231,0.022178900309884775,0.0009106639813696778
GUY,2006,-0.4715931302171421,0.4946843793075544,-0.5215198419125722
GUY,2007,-0.6763672491043135,0.47567512397628153,-0.3480895114453271
GUY,2008,-0.37722861552383585,0.17752015742496152,-0.09242661033450494
GUY,2009,-1.1335095079272075,2.546220321943363,-5.43503048545798
GUY,2010,-0.6802022661192897,1.4660446092443775,-2.452841325906863
GUY,2011,1.0442803565658283,1.25567792725855,1.6507993459622738
GUY,2012,-0.01737359764829952,0.0018784767762564157,-0.0001296077354502532
GUY,2013,-0.18238253548203817,0.04928063208330936,-0.016260961758551944
GUY,2014,-0.411028816727882,0.18518472008268738,-0.08925711278821803
GUY,2015,-0.3541714828994385,0.15078217045737768,-0.07196998026915098
GUY,2016,-0.7699516470060965,0.6711753336168731,-0.6428987294794064
GUY,2017,0.6283559531522548,0.7146644672303606,0.7281714623931684
GUY,2018,-0.45295920635418224,0.23534581677975522,-0.13063000780329312
GUY,2019,-1.2231131230055408,1.827994214686192,-3.053780353611945
HND,1971,-0.5423272497791501,0.9790142084776231,-0.7967233228106259
HND,1972,-0.7275443604450741,1.0708083970277344,-1.4490148897718806
HND,1973,-0.16346777151033515,0.7415686276138452,-0.16041195500600827
HND,1974,0.7137386017394542,1.1149016709841586,1.7301084108238483
HND,1975,-1.4557336912329424,3.073096264948954,-6.758727537049193
HND,1976,0.17934067935000234,1.5494551650431072,-0.1346413127154816
HND,1977,0.013895803300314504,1.122242199272716,0.47411809477371686
HND,1978,0.18367163512945797,0.2703144638735376,0.11978208099570423
HND,1979,0.914786634414811,1.063547363251092,1.3845977440393507
HND,1980,0.4014308554057536,0.6917178851192272,0.6750997728090328
HND,1981,1.0042079125751053,1.3082968376391872,1.8795360139284096
HND,1982,0.1834442042509347,0.8247915420956611,0.3649286660474352
HND,1983,-0.19694330119772419,0.48147000484420555,-0.31734584990643416
HND,1984,0.7559741529591029,1.3386880929447322,2.0994766872868738
HND,1985,-0.6479120246529011,0.7844634201308591,-0.9470014157839306
HND,1986,-0.5295885429628052,0.9920115462792133,-1.0326592883480132
HND,1987,-0.11762945284439345,0.6426010645361494,-0.06913368063206156
HND,1988,0.8181882034378778,1.3171532539407875,2.4047379296502602
HND,1989,0.1484169130064581,0.42264866502819,0.1673951209317443
HND,1990,0.19583617874565,0.562100334125764,0.3350003742607223
HND,1991,-0.7579043601181211,0.8258084985094531,-0.9732262366140921
HND,1992,0.39236272343214623,0.8424737637440978,1.1956234674990487
HND,1993,0.5237989188366801,0.7276593854543051,0.9783865860291873
HND,1994,-1.1333709743993934,1.6396989889102804,-2.7067537993199884
HND,1995,0.3400431785956077,1.129294309801721,1.4162894020453274
HND,1996,0.028360539306952107,0.423650781912318,0.13309697487453367
HND,1997,0.3817836897387577,1.3946084433946004,2.205506618003113
HND,1998,-0.6026708381123668,0.705693962792878,-0.7527201014324457
HND,1999,0.01333508416114176,0.5199303132394552,-0.05845251004951979
HND,2000,0.484113995300433,1.7699820356360711,3.0830936363815877
HND,2001,-0.8612814408605047,1.2801089492710747,-1.916073471822076
HND,2002,-0.5439911592278304,0.7149655492773895,-0.9425364945466097
HND,2003,-0.1776175680706422,0.5941889218392459,-0.17268501576622525
HND,2004,-0.6525648614705836,0.7784346773425194,-1.166208075435192
HND,2005,-0.10921114913785537,0.5186781155765515,-0.0910909572239623
HND,2006,-0.5265030548972269,1.2078955626183685,-0.8431822389361365
HND,2007,-0.19168865023984508,0.630136302475369,-0.25748803420359023
HND,2008,0.7474083499940736,1.5742568768780907,3.295035304159837
HND,2009,-0.03333774295964393,0.8971792315409778,0.28562125475780076
HND,2010,0.9506115381271447,1.9662752446840137,3.963675586821841
HND,2011,0.392438702882655,1.1209036609841005,1.1599119814469507
HND,2012,0.27013657821170833,0.3658078256486899,0.1994153606682344
HND,2013,-0.03344613818361041,0.5704147357147952,0.14740977569136468
HND,2014,-0.6761063529779385,0.7555734029231972,-0.7941948398481911
HND,2015,-1.2596170361400054,2.2982451740302436,-4.638702704675568
HND,2016,-0.7210793557759437,0.8157937403589042,-0.9819203684966792
HND,2017,0.6227371974441337,0.9391151895888793,1.7196500406251731
HND,2018,-0.6036861066133205,1.110469534549692,-1.3159268406190812
HND,2019,-1.312793858044777,1.96785767198657,-3.202474199520477
HRV,1971,-0.7417690303015058,0.7547844290033762,-0.8304176520302285
HRV,1972,1.4315937557026297,3.029748598898692,7.0667588569228785
HRV,1973,-0.09678391465539704,0.34663331922404594,-0.17005988777540842
HRV,1974,0.8177675874237446,1.2126925887371982,2.227812207532717
HRV,1975,0.7406705093462539,0.9568216435672012,1.3439908885461636
HRV,1976,0.423757194188808,0.8261237695592705,0.9688902991230288
HRV,1977,0.24483864225245516,0.9181989161257272,0.9426275994521162
HRV,1978,0.5611331630179011,0.9672251520665534,1.5148537164993316
HRV,1979,-0.15755353638404418,0.7744565633984907,-0.15810535507302817
HRV,1980,0.418702513549673,1.0250196365930906,1.257454412334956
HRV,1981,0.112183634526688,0.3856778069601501,0.14627285483125343
HRV,1982,-0.06708497416171179,0.3501902283290212,-0.04547843186960635
HRV,1983,-0.7349998360300843,0.7693540271985789,-0.8314793406513795
HRV,1984,0.5772846761808468,0.6380560784679598,0.7566800516228898
HRV,1985,-0.3973702396631035,1.2235583685941787,-1.1393524195870415
HRV,1986,-0.03623622866812452,0.47990740815100763,-0.012484686139967963
HRV,1987,0.1352836595609963,0.9557307321371634,0.7040187085760702
HRV,1988,-0.5738274903858134,0.8386002215520608,-0.9966876384057695
HRV,1989,0.8376604228082378,1.2328314931214412,1.8786278968061338
HRV,1990,-0.6574667028370309,0.6351117467370884,-0.5823777878149283
HRV,1991,0.6266360715243336,0.9856491775280037,1.2754862974851806
HRV,1992,-0.8317036749724939,1.3314326678592745,-2.1612124088520535
HRV,1993,-0.6504012540892684,1.2785276809925168,-1.583558007500845
HRV,1994,-0.2969722436069052,0.4640700432021827,-0.2913510976345272
HRV,1995,0.6251935415466048,0.6879807348668903,0.799623768985449
HRV,1996,0.466166626131143,1.1937593296072813,1.8548478252130485
HRV,1997,-0.20368171144009178,0.571302440507906,-0.3673899948530941
HRV,1998,0.48069923533200304,0.8433097304877601,1.1204569258105745
HRV,1999,0.28088962293860853,0.8846994119565394,0.7730603856680436
HRV,2000,-1.4932207122017604,2.56258896595575,-4.721068980398873
HRV,2001,-0.0054183783941709335,0.6757210428266247,0.1253346752339938
HRV,2002,0.24929831106575356,0.7190735530999487,0.7806015500729836
HRV,2003,-1.7369850462691117,3.7813007216263785,-8.610135183291304
HRV,2004,0.2447542827635844,0.83102750300792,0.6658455612479401
HRV,2005,0.7141015577170414,1.6355733798049419,3.497426578069264
HRV,2006,0.032991485588480834,0.5615725088534995,0.14120599240296192
HRV,2007,-0.6373950929047308,1.3237179200510367,-1.4078312107718352
HRV,2008,-0.3626257196364123,0.4946305785139214,-0.5497031650011731
HRV,2009,-1.02851592978175,1.688113950027187,-2.7147908272417007
HRV,2010,1.062864845459122,2.2068400080059103,4.8144348951666185
HRV,2011,-1.4266569421881332,2.5157981210585767,-4.769604704459266
HRV,2012,-1.0888209508305604,2.0370321195535572,-4.41339408691155
HRV,2013,-0.22023326668871585,1.1630308420397473,0.3854595440230365
HRV,2014,1.565381753025018,3.3161610766296654,7.889557243563023
HRV,2015,-0.5246766466571181,1.0337162559981217,-1.2375910254872473
HRV,2016,-0.046986338523099115,0.35256596287195135,-0.09095250825322258
HRV,2017,-0.9475610669416212,1.6434148338990182,-2.6972401351635793
HRV,2018,-0.528146122384098,0.9829915606022771,-1.2336383659891588
HRV,2019,0.12290673039161698,1.4441356540932024,0.6461824831462143
HTI,1971,1.0243083914437583,1.8470921383133139,2.398501376331058
HTI,1972,0.328977497635322,0.35244286550875215,0.44425459902510134
HTI,1973,-0.36839436943516446,2.052056692285497,-1.314148500951413
HTI,1974,-0.3328071791639088,0.40075537730827865,-0.19961744750911758
HTI,1975,-1.2756178395264204,2.236060019557173,-4.4047155381418515
HTI,1976,-1.3813679832552819,2.1495443291360155,-3.5355408717908485
HTI,1977,0.9242087738094886,1.424138998237031,2.21794745908442
HTI,1978,0.828585089633233,1.4743791877863068,2.182046399765585
HTI,1979,1.3282809818885304,2.161662698089343,3.926663404238119
HTI,1980,-0.3710856282422672,0.2104718052740441,-0.12460480815249997
HTI,1981,0.6051780678183498,0.9713194085460676,1.2947064420708578
HTI,1982,1.489268929473506,3.029413880240678,6.340526771138983
HTI,1983,0.3026520947987085,0.6510427003598963,0.5367225355962716
HTI,1984,-0.031066602554587812,0.22748622828303974,-0.055743556638344176
HTI,1985,-0.17779210629248196,0.3111488785303463,-0.05191991744723808
HTI,1986,0.20846285731534087,0.46493660385191804,0.17219131358049736
HTI,1987,-0.15786996958271324,0.629107919552346,-0.03988856384659034
HTI,1988,-0.8202876488173815,1.3892038602387689,-2.1773519420302088
HTI,1989,-0.5453290749965405,0.4989925829950551,-0.5332741030979355
HTI,1990,-0.5122312623897304,0.6072713313637161,-0.5833466082250343
HTI,1991,-0.10718249612847662,0.14150643751651187,-0.040784577936094975
HTI,1992,-0.05149802323720799,0.11067657056952322,-0.03452591758502473
HTI,1993,0.2081147914088141,0.3674318548033521,0.1479621163514416
HTI,1994,-0.9990018760761855,1.2949401716528206,-1.8476937247317173
HTI,1995,-1.009305865019665,1.2392835771353492,-1.6302632450915386
HTI,1996,0.4325481813923111,0.7265858590834906,1.1770118726433325
HTI,1997,-1.3637264485557132,2.055165662114217,-3.2936827116586205
HTI,1998,0.6577574739967535,0.7706208304230063,0.9898345393819524
HTI,1999,1.0682323346428493,1.518541234886598,2.687066448509332
HTI,2000,1.0119579286929763,1.2097149590620884,1.5032844924037783
HTI,2001,-0.07648424413340356,0.0797617236780344,-0.015643347535733956
HTI,2002,-0.7660664214525891,0.909887316775101,-1.2282364409684832
HTI,2003,0.023649915900733263,0.5686969357049291,0.04424210650630828
HTI,2004,0.8896125079023255,1.170245151507004,1.5634656419705855
HTI,2005,0.19594078328955275,0.8410821364606988,0.3025288451825681
HTI,2006,1.5068131776356322,2.58078007454512,4.839176145400256
HTI,2007,-0.25875617962069586,0.3092056925424319,-0.23281155146372895
HTI,2008,-0.37263112480066474,0.2262682147755996,-0.15573350804863914
HTI,2009,-0.08549386368101002,0.17637662216067332,-0.018567504590577502
HTI,2010,-0.11638014189456711,0.9966097480441493,0.2959421607425803
HTI,2011,0.31845062268353597,1.5282231447777974,2.481668969776101
HTI,2012,0.9153572284337286,1.2138949367715313,1.8175770263517734
HTI,2013,-0.7673011721850065,0.7895999976926777,-0.8545673614005157
HTI,2014,-0.5303172985652524,0.5622087456513242,-0.5792451828236511
HTI,2015,-1.752914598190464,3.644120059109311,-8.21554259841449
HTI,2016,0.11293818900128454,0.313665045779652,-0.04540959032184565
HTI,2017,0.6048594972860197,0.6318284100928945,0.646389414027372
HTI,2018,-0.830963865580622,0.7369401333169588,-0.6928174213090705
HTI,2019,-1.9546408833204463,4.021461081162347,-8.685289141043928
HUN,1971,-0.4466213018899038,0.3713386829426273,-0.345276799602373
HUN,1972,1.203212602575655,2.48168849055526,5.1185084933567575
HUN,1973,0.14829219387011486,0.39684141114307014,0.1367778554161886
HUN,1974,0.7971394690464305,1.312587352300358,2.3569308626971464
HUN,1975,0.7755891886091936,1.0136077073384484,1.5116641020585293
HUN,1976,0.11783612902676789,0.7724061918552876,0.5882134618017815
HUN,1977,0.04072296022316672,0.4501229447548713,0.19343069174942332
HUN,1978,0.6452173560613943,0.7818248433994487,0.8343057632530697
HUN,1979,-0.1474356092772308,0.37275104171486495,-0.01812912234947511
HUN,1980,0.7517170242581449,1.1647951645767565,1.996521434961019
HUN,1981,-0.15437453752429828,0.34360477832961944,-0.18345598209661204
HUN,1982,-0.08758669459698193,0.5998065863509615,0.05513490758967658
HUN,1983,-0.8705879492721581,0.9542413282586759,-1.1907111337525695
HUN,1984,0.4391443997528783,0.4220849354277031,0.3755963759754032
HUN,1985,0.24001877179078557,0.7344010956579493,0.33042282491216385
HUN,1986,-0.6420955327079044,0.727347107582146,-0.927539456717985
HUN,1987,0.5171827776381136,1.9719599550573494,3.5848191017782667
HUN,1988,-0.3682787024628746,0.5485782964769648,-0.49927562606599596
HUN,1989,0.5670597451715005,0.7717252984020877,0.8767883322323123
HUN,1990,-0.5400308299548783,0.4548154256292482,-0.40492336800839185
HUN,1991,0.5157067244577789,0.6053734670400855,0.5915336020499363
HUN,1992,-1.0658257346855073,1.6199139986535012,-2.847272293214302
HUN,1993,-0.8466200657839288,1.2891626607594782,-1.7454676271639027
HUN,1994,-0.5164319518879483,0.9338125249761386,-0.9751232042015148
HUN,1995,0.29818052389043354,0.44500050870061725,0.3047244436639359
HUN,1996,0.7018233659377741,1.7462613354003018,3.460392564938642
HUN,1997,-0.030446113343046175,0.5498404388737074,-0.22517834878749365
HUN,1998,0.9512472308432295,1.4785067137846226,2.484637273947323
HUN,1999,0.7362002244233047,1.7443398865015154,3.4801928805150077
HUN,2000,-1.4190831037949696,2.309077344950076,-4.056932816794428
HUN,2001,-0.07343964401252681,0.5528516397031322,-0.07824995643519304
HUN,2002,-0.3375830445883147,0.9048298640713678,-0.5096885071164081
HUN,2003,-1.435937321439199,2.554963285873006,-4.823645769418211
HUN,2004,0.43039746328868056,0.8005581189755733,0.6017719547139222
HUN,2005,1.1981602197684353,2.4952805515600316,6.000665257172069
HUN,2006,0.36834349064897337,0.7810942378373162,1.0278302280752147
HUN,2007,-0.43808863857483576,1.3766352234500752,-0.22892968784429274
HUN,2008,0.2684007937994549,0.46831910357057177,0.4479098081521181
HUN,2009,-1.0366212958359873,1.5245656440342454,-2.419816007990825
HUN,2010,1.9925251224233094,4.539795805252895,11.136499721219955
HUN,2011,-0.9613223094443059,1.4855851117938639,-2.4480668491679736
HUN,2012,-1.3509919815755518,2.316519425440193,-4.609251438165395
HUN,2013,-0.5993625604596768,1.7545656774459033,-1.0652534082260583
HUN,2014,0.9177333326806185,2.3940940913298823,5.763135678803244
HUN,2015,-0.6701241498522492,1.4173028425443623,-1.5211779445471558
HUN,2016,0.22065452549635622,0.6361230130571917,0.4287449215382681
HUN,2017,-0.47211704881471106,0.6874090642832419,-0.7946836096446602
HUN,2018,-0.8145270500020196,1.0863320858546583,-1.6141463618166192
HUN,2019,-0.2229465934629036,1.1493508386034599,-0.7367708939634541
IDN,1971,0.4564930997140152,0.7061538765428337,0.6950512888155533
IDN,1972,-0.6405681893760143,1.2730167438715978,-1.5972317454226816
IDN,1973,0.14672621733641092,1.06915524181112,0.1776101849620406
IDN,1974,0.3375963748864436,1.321624916551164,1.2491439416292536
IDN,1975,0.6290182088120334,1.2348635338601035,1.864313431032326
IDN,1976,-0.22765872327022704,0.5223595240482395,-0.07207514398551508
IDN,1977,-0.3508079546255575,0.4908283054139815,-0.35628110519995754
IDN,1978,0.6330287309716223,1.5346216254350602,2.976720924229898
IDN,1979,-0.1281066614373296,0.30007464402582884,-0.06154600614817158
IDN,1980,0.010633768809507938,0.4879433744976715,0.1501615912366746
IDN,1981,0.4891521681384517,1.0461758662043548,1.3647610622387083
IDN,1982,-0.2828858668430134,1.4924528041789682,-0.1957122547426767
IDN,1983,-0.12454980542650294,0.9210349914934683,-0.17563697515368223
IDN,1984,0.5706452901107445,1.032782044801982,1.330948153751714
IDN,1985,0.14497797146092506,0.5342043395148198,0.1799502119303314
IDN,1986,0.17423023928811285,0.6727203202293452,0.33981226475086246
IDN,1987,-0.4757384237773753,0.9190200259694203,-0.6453381650515622
IDN,1988,0.21642789927975223,0.8171485317403662,1.1523796835109692
IDN,1989,0.1618167113218156,0.6888388867757534,0.5898703189219743
IDN,1990,-0.4200282043550261,1.1062818155659355,-0.8158217311334297
IDN,1991,-0.4495824284204298,1.0181820887993798,-0.5233711799644805
IDN,1992,0.13093133268587687,1.282305963661036,0.5598074147010736
IDN,1993,-0.32410173059446074,0.4002162134022808,-0.2743805708728169
IDN,1994,-0.5194001110374195,1.257429443432649,-1.1392809291122734
IDN,1995,0.07221522471650557,1.3057473867325091,1.502142118255022
IDN,1996,-0.11065509324931679,0.556426154731303,0.03532114313416714
IDN,1997,-1.2707281628747553,2.084453418777714,-3.7736009342864874
IDN,1998,0.25100011805606415,2.0013803921243785,0.18649527797110016
IDN,1999,0.41713676003097055,0.8221958939373661,0.946595300797256
IDN,2000,0.25210848649998796,0.8180266451403847,0.8919269760041362
IDN,2001,0.37815425393617463,1.0480534101497858,1.2516246603121162
IDN,2002,-0.08064234841582862,1.560882018942018,1.4621632844260153
IDN,2003,-0.05052496683640792,0.5704821534211993,0.055642812008581545
IDN,2004,-0.09134043344811422,0.5634945560044815,0.027320302773115934
IDN,2005,0.1936915926980282,1.2947877284806808,0.8232708550840361
IDN,2006,-0.47787705360143645,1.0705036428630628,-0.8629775692020939
IDN,2007,-0.6912539603994657,1.3125426571071934,-2.389220469057162
IDN,2008,0.03329034629564837,0.9962915080486928,0.7585751398410194
IDN,2009,-0.267280118750877,1.4242356738807525,0.591237663379007
IDN,2010,1.2828162276565205,3.2613145244849284,7.95184714202618
IDN,2011,-0.34302729645559005,0.764251509808502,-0.5427734479186449
IDN,2012,-0.6400633467350069,1.029343847251912,-1.256515967017194
IDN,2013,0.30573429237180544,0.9488706103664493,1.0215960142661937
IDN,2014,-0.5269064210877283,0.7278680250813552,-0.8185610581065321
IDN,2015,-0.9471561929288002,1.4972321854847928,-2.1350016217677092
IDN,2016,0.6330615414315667,2.4681590749673243,4.053598788659649
IDN,2017,0.024516651813333578,0.8900549378239476,0.398617704373419
IDN,2018,-0.433616916803772,0.7673493813067578,-0.5260095084891799
IDN,2019,-1.0366933495095667,1.609857194416904,-2.7166726977332902
IND,1971,0.45894477426448255,1.6921205710074048,1.9762325508339813
IND,1972,-1.033094795239364,2.1497034474741756,-4.383135904589543
IND,1973,0.6257198572298025,2.2372730347941845,4.28774602728057
IND,1974,-0.2940708790882606,1.146350427675991,-0.42899247967212917
IND,1975,0.769566521414269,1.4899348696885375,2.26005505023371
IND,1976,0.39394584479441885,1.528609509357679,1.3264839280734535
IND,1977,0.5668273350120916,1.5864690492684494,2.385531545946096
IND,1978,0.48746315738245827,0.9794079011361698,1.1427044545193197
IND,1979,-0.6201784083165583,1.0514555152135654,-1.352442562854999
IND,1980,0.11402267141268727,0.6732593506270239,0.4937613795827982
IND,1981,0.18436370980010472,0.7770782922694084,0.6148533018330864
IND,1982,-0.5010543061043279,0.7205594761697439,-0.7216596627054003
IND,1983,0.17075963343711387,0.7730962853839785,0.5188098411153697
IND,1984,0.27918847912330125,1.0749690749451482,1.3547029431738096
IND,1985,-0.19327312571877936,0.8725841132518332,-0.01313744851008168
IND,1986,-0.08985207840919113,0.6882719053973007,0.22832784806199224
IND,1987,-0.6057130583435598,1.6327952437927498,-0.8564753847121386
IND,1988,0.4819069787440288,1.0578369978088051,1.6760299347125152
IND,1989,0.12353476881737088,0.6740730288983803,0.6489349999640963
IND,1990,0.6008079710907801,1.1673123830319794,1.6485574919788955
IND,1991,-0.24107732202876714,0.8950012852458648,-0.16838147573676535
IND,1992,-0.45218170316892997,0.7884379226523026,-0.6144312943295852
IND,1993,-0.14643512695903854,0.5226423118316187,-0.1896614800782061
IND,1994,0.5496344564814282,1.629084301714677,1.8286923106722
IND,1995,-0.40449995850207565,0.8654842343478911,-0.6276120528894766
IND,1996,0.3687931674741046,0.8116440115501632,0.8803147113749356
IND,1997,0.23740061667374046,0.6846938825654737,0.41715027348945893
IND,1998,-0.03437438935340428,0.9407252358668441,-0.04605527821657881
IND,1999,-0.13551383905149195,0.7522892456137048,-0.02689818551899916
IND,2000,-0.12937703514894278,1.0300509054793272,-0.3219377378393193
IND,2001,-0.21508368088743682,0.9839643647954776,-0.22621639707125016
IND,2002,-1.0018996073858806,1.6341930739054231,-2.7349710548871995
IND,2003,-0.14662920431471135,0.875204499346484,-0.5102710538852997
IND,2004,-0.12834654535840886,0.6196931790193221,0.011014292042555711
IND,2005,0.013182226400176467,0.9251755007380609,0.5442965270037234
IND,2006,0.055534026436086154,1.2149523661809583,-0.04892023633387381
IND,2007,0.2348401221583019,0.9586748038403139,1.1079989856190888
IND,2008,0.2080895789299294,1.0189058759266214,1.2855055022655144
IND,2009,-0.6844886006536951,1.2263106143417493,-1.6394292401880146
IND,2010,0.08490352516208313,1.315378305192069,0.2728387308361334
IND,2011,0.21062839139854478,0.6265637592011896,0.4849196766290857
IND,2012,-0.4680658914092002,1.1447211855730717,-1.200333395624403
IND,2013,0.4007422834270535,1.4843733249954223,1.5403104849967195
IND,2014,-0.6062232954489796,1.1150069688148232,-1.5857370954843886
IND,2015,-0.5216068099325334,1.1193085236726215,-1.3215189527690663
IND,2016,-0.11086820382911192,1.0602811828713912,0.058931733351026645
IND,2017,-0.43782622449536585,0.9718341536858471,-1.0373758654128165
IND,2018,-0.48949304889369866,1.0079765246092158,-1.2549583566324751
IND,2019,-0.09387136478730046,1.6124870905853776,0.42166344312277
IRN,1971,-0.0962492709454568,0.4988690878481688,-0.07336299695049087
IRN,1972,1.1410832177016739,1.9497861534172884,3.7220037060438216
IRN,1973,0.18886379405257342,0.5494136519817772,0.1567536759111874
IRN,1974,0.6791323394971122,1.316483696560286,2.319716820661937
IRN,1975,-0.20234900138726664,0.48743825875604874,-0.13747549652189242
IRN,1976,0.5890087891111804,0.806482462534483,0.8636486785125012
IRN,1977,0.3853117898342604,0.9642394979705345,1.1208200459062874
IRN,1978,0.48473421158109814,1.052186537680606,1.1536596145041753
IRN,1979,0.1966077559413763,0.3344727774232934,0.18309521599418987
IRN,1980,-0.6121531303258494,0.5931627831089638,-0.631965891804267
IRN,1981,1.0203152613959525,1.5881594837198938,2.819287190689545
IRN,1982,0.34553807663670877,0.5540432220064023,0.5560889496194698
IRN,1983,-0.07401179561047823,0.2662912750167259,-0.15696047714225042
IRN,1984,0.3485476401884571,0.6981742391270618,0.7396704647193211
IRN,1985,-0.4523568479668769,0.8905664997658557,-0.7170769859791649
IRN,1986,0.9174048127809646,1.500536288204254,2.560956324034788
IRN,1987,-0.44128151698176415,0.9517021432070403,-0.8114659986950612
IRN,1988,0.3801071805742463,0.5498961537953846,0.615615919145963
IRN,1989,-0.9647009561174716,1.764717004368508,-3.3548890396517526
IRN,1990,-0.465388271625252,0.5206186253571132,-0.39101231930895547
IRN,1991,-0.16767238641906476,0.3165234064326356,-0.052821784873001404
IRN,1992,1.4571548474950453,2.5395669908832406,4.976709738599504
IRN,1993,0.8468175458292723,1.2571925259243062,2.14645746621364
IRN,1994,0.08957550102588209,0.4649378801444317,0.3474935811823232
IRN,1995,-0.10437242202554554,0.6010064084159913,0.03342086043893394
IRN,1996,0.0257155811281907,0.5194649276755068,0.3761152804080628
IRN,1997,-0.09118550503219519,0.9001199847058967,0.202579823865391
IRN,1998,-0.8158243665632992,1.2833433503196716,-1.970337131493779
IRN,1999,-0.8991295246936732,1.3091312449641266,-2.060543393213276
IRN,2000,-1.65835546278086,3.0400487211097578,-5.993250716975883
IRN,2001,-1.208152188006498,1.6278102682473745,-2.304372485190216
IRN,2002,-0.026722346162840332,0.6605703643247941,-0.016189347991154915
IRN,2003,0.09289533033317329,0.9013634429569723,0.24183304252298504
IRN,2004,0.31287250391625077,0.6601652911575453,0.5857954356825736
IRN,2005,-0.6699237585345925,0.7319218940034993,-0.8534185649141695
IRN,2006,-1.3819810963899282,2.262292409695285,-3.9393511462575024
IRN,2007,-0.19435712042445574,0.6352453004034244,-0.08647706556000687
IRN,2008,-1.5676552756871402,3.027188584181223,-6.433092840812097
IRN,2009,-0.28953007313632784,0.5866115696965322,-0.3096316511622129
IRN,2010,-0.6408907302846679,1.7722694258090832,-2.773787940921003
IRN,2011,-0.5877151631647424,0.9754007805844368,-1.0644066178316502
IRN,2012,-0.6819439647498703,1.1245753759827644,-1.673240810133567
IRN,2013,-0.6257518950512501,0.8818558068150381,-1.151684591958144
IRN,2014,-1.3054608024863934,2.4183774418099975,-5.050804367680559
IRN,2015,-1.552306024282547,3.2299298826583582,-7.621481837264582
IRN,2016,-0.9883167988169089,1.7822159124246257,-3.4920884726799497
IRN,2017,-1.5960167350730627,3.2787231696739543,-7.723021467744469
IRN,2018,-1.0163595791650353,2.3710495810662433,-5.828888648423864
IRN,2019,-1.170621996704191,3.664288893272263,-7.614059116024478
IRQ,1971,1.204768019259359,1.981332050851479,3.534767033357543
IRQ,1972,1.788377003710216,3.4377741044942938,6.955255778763136
IRQ,1973,0.6808322611144338,0.6018279120081603,0.531479535395802
IRQ,1974,0.958963148760078,1.2570570631577787,1.6397461243597575
IRQ,1975,0.5312867256173932,0.45383242503867754,0.3938948887897787
IRQ,1976,1.6349553079152794,2.9539698642961496,5.607116572359386
IRQ,1977,0.6594461635913328,0.5484100727295343,0.42307986980453105
IRQ,1978,0.8603037908055422,1.0250986240552926,1.330926889394936
IRQ,1979,-0.08011078697767693,0.19498189125993542,-0.16136484073075347
IRQ,1980,-0.5102990969242582,0.48710651304961394,-0.40314459697223226
IRQ,1981,0.5184535157916245,0.5070117183367776,0.47602142714329476
IRQ,1982,1.2204399856369574,1.6457550565809014,2.2964153187221847
IRQ,1983,0.7593630443429007,0.6894573651457476,0.6696203929507313
IRQ,1984,0.3452873136735974,0.35261090503453424,0.23701469527146315
IRQ,1985,0.2585012539429292,0.3150311749909777,0.11040365484502096
IRQ,1986,0.03660715329358752,0.6697534239103087,-0.21200572609795634
IRQ,1987,0.03503096217249052,0.331619020352584,-0.05611655609278465
IRQ,1988,0.938712910499153,1.2725795580258223,2.1180550988179236
IRQ,1989,-0.36059818885356804,0.36599244602382214,-0.4643691947978758
IRQ,1990,-0.1541859589649685,0.12632401395335016,-0.06237062030191811
IRQ,1991,-0.14149382102179103,0.14115694370006998,-0.053170349025859355
IRQ,1992,1.2764361817995065,1.899731383040383,3.2126172157499124
IRQ,1993,0.5361524129079843,1.2715972086754015,3.0371433105299035
IRQ,1994,-0.13115406813352676,0.08371983974031497,-0.036304131128206005
IRQ,1995,-0.10204294333400016,0.13880706387650177,0.0032496256795612704
IRQ,1996,-0.9897334696077831,1.179455267409641,-1.2843438603323067
IRQ,1997,-0.15434198053560935,0.2203148082365983,-0.021057659912612884
IRQ,1998,-1.7874563243275774,3.461685501315933,-6.983852403397955
IRQ,1999,-1.4454277248131813,2.1764378231399486,-3.3834612546475222
IRQ,2000,-2.020061862119177,4.150393359622815,-8.652708165526501
IRQ,2001,-1.1582902760754716,1.588658569048132,-2.293631676043709
IRQ,2002,-0.45912205954575097,0.3098668361602708,-0.21899803527581804
IRQ,2003,-0.8917847984577187,0.9338533584666596,-1.0833916858920838
IRQ,2004,-0.18464187196721057,0.24111276402399678,-0.04056346720640988
IRQ,2005,-1.3664271591863169,2.02773181570129,-3.17462015454033
IRQ,2006,-1.7581354356887038,3.4195714152453793,-7.0880294181552985
IRQ,2007,-1.2367438035865617,1.710879619996277,-2.5156066656581846
IRQ,2008,-1.6677319966144797,2.9984329805661654,-5.612940526210549
IRQ,2009,-0.3329348780978843,0.8653657115970476,-0.01454560867309565
IRQ,2010,-1.9702862796975122,4.41181657559478,-10.44020397865265
IRQ,2011,-0.921519793030306,1.1565576239634197,-1.4546880403513949
IRQ,2012,-1.7566946438403614,3.3201482046539144,-6.589663145646295
IRQ,2013,-0.2371911821748358,0.39100235751899154,-0.08709030364107699
IRQ,2014,-1.837974420279432,3.556227594485656,-7.18100775620811
IRQ,2015,-2.327123147266589,5.761846719119694,-14.88518805536168
IRQ,2016,-1.6350541783753902,3.3745028138796798,-7.21661976757947
IRQ,2017,-2.597286458550718,7.45832732438685,-21.915122570790047
IRQ,2018,-2.1863993030899227,5.894651689164887,-16.252632663768292
IRQ,2019,-2.1919491419711647,5.652506112953448,-14.531491114052153
ITA,1971,-0.15043039982427994,0.7081368026481376,-0.2436965083991776
ITA,1972,0.749278401099187,0.888710642497719,1.3549499168517605
ITA,1973,-0.038890536844151335,0.7716648955622862,-0.11982365857679109
ITA,1974,-0.08685086767145878,0.29482892310259873,-0.01979108230856813
ITA,1975,0.7667774896379369,0.8867291767034133,1.161456279804887
ITA,1976,-0.18455086077584618,1.629355751110449,0.005430325775265378
ITA,1977,1.0883832378132825,1.8278973011141801,3.0759861167601663
ITA,1978,0.7574070111789392,1.049701042458932,1.4093209758656338
ITA,1979,-0.29343315392893937,0.8161121889079177,-0.5195372637457069
ITA,1980,0.4322957628328816,0.8723769834837484,0.9826937939029721
ITA,1981,0.6305521370577462,1.1154745755086395,1.6569983899613276
ITA,1982,-0.30355548086080164,0.6929793428042992,-0.5695310843543034
ITA,1983,-0.4218367717043746,0.841264957311324,-0.6240117729919027
ITA,1984,1.4043253805508287,2.718349855791142,5.727085859425289
ITA,1985,-0.26016886627392344,0.9743904842424641,-0.630194618469787
ITA,1986,-0.10418494162837627,0.4256527808024719,0.053792357068057794
ITA,1987,-0.23859216744288497,0.5748200445912541,-0.049860749095095705
ITA,1988,0.0667038799432372,0.7979523973370721,-0.045939162903039364
ITA,1989,0.7411313332557846,1.5514331657147113,2.366265293502745
ITA,1990,-0.5146191952226756,0.6534352373699113,-0.5822688414201472
ITA,1991,-0.11054339545075274,0.8240214253892707,0.09069775846390714
ITA,1992,-0.08915191897264985,0.6115499995696229,-0.07205453626137985
ITA,1993,-0.6095745918589448,1.352033617477881,-1.2182945109531302
ITA,1994,-0.22597640160313348,0.6284040721709364,-0.10344326444843012
ITA,1995,0.5521447449709896,0.713720650655121,0.9518583127187299
ITA,1996,-0.07549225465883629,0.4844119958921892,-0.0026969541927083
ITA,1997,-0.36843711370330534,1.5044984630043203,-1.2664345922506208
ITA,1998,-0.42736752059714167,0.6079987976102833,-0.6335655059773422
ITA,1999,-0.16788251021961678,0.3725889028482682,-0.13458976542520545
ITA,2000,-0.3923136218191401,0.6551506107362661,-0.5623936425966378
ITA,2001,-0.4648129526929746,0.7524019643737191,-0.5332067974770422
ITA,2002,0.8966310627914434,1.3373991447776625,2.0712080256422043
ITA,2003,-1.5522501624211305,2.6269201800365787,-4.7080738062813445
ITA,2004,-0.44792416919150657,0.7857120355739354,-0.3880466380231282
ITA,2005,-0.6843445950716948,1.0183142055403414,-1.321436653546378
ITA,2006,-0.988331527797093,2.102098000251924,-3.6940268586808016
ITA,2007,-0.633978307632203,1.0818295392714516,-0.9251139619882546
ITA,2008,0.2664055841254263,0.7124654803827968,0.7558859713187763
ITA,2009,-0.7480841728133022,1.1365160407090693,-1.4527369608326535
ITA,2010,0.42888246540849884,0.6354434949375469,0.6020639875920909
ITA,2011,-0.6636584271895963,1.1298606656871457,-1.2702163887893634
ITA,2012,-0.8172636881039962,1.2184917443355365,-2.023823277502023
ITA,2013,0.1546134830426148,2.1379447719136735,2.411490761196227
ITA,2014,0.2556405096506105,0.8935133357998811,0.6505892549851473
ITA,2015,-1.2379305858953566,2.077604543980637,-3.7025373327821325
ITA,2016,0.05652244289348464,0.7711896587176729,0.4055192019804531
ITA,2017,-1.3746905114584134,2.4868478216938406,-4.874440152030308
ITA,2018,-0.5845814366592635,0.8349925259130138,-0.8330854694256026
ITA,2019,-0.5290791166043124,1.2728392673652504,-1.1248020764467925
JAM,1971,0.4494994121121171,0.2555036390311235,0.16222498252449968
JAM,1972,-0.3478128756719002,0.5012927993761054,-0.47513707809155953
JAM,1973,0.9482069396139321,1.0924061905904443,1.460204318156962
JAM,1974,0.5557036036498095,0.4450488791945435,0.3414077967569573
JAM,1975,0.3073206512504974,0.25831249329131256,0.21737413144425607
JAM,1976,-1.063829563888282,1.2690624267766928,-1.6796726937921267
JAM,1977,-0.9951694875563304,1.5173515897885772,-2.536050160958978
JAM,1978,-0.25545151050831055,0.15361958719564234,-0.06483698991234732
JAM,1979,2.2520516605156007,5.249966598319448,12.64029092539494
JAM,1980,0.27284160758497233,0.4456147231679114,0.27108798654952804
JAM,1981,0.8269305391845075,0.8315422856812881,0.9541791506886454
JAM,1982,-0.722273660178047,0.6151448417942939,-0.5925320186703672
JAM,1983,-0.14163702464601455,0.5858548312465206,-0.23253448549363706
JAM,1984,0.19549861069069718,0.44840756394460457,0.5461746070781645
JAM,1985,-0.3455367366012777,0.3392316515454391,-0.3174069959406533
JAM,1986,-0.3396929048291282,1.6611669727106775,0.19444926758835113
JAM,1987,0.8225584892182534,1.8953187096961248,3.586196775766174
JAM,1988,1.3601600312803024,2.3183902019845006,4.329078551463174
JAM,1989,-0.6906212629588182,0.6295430261545484,-0.6793038756424624
JAM,1990,-0.24581453651786367,0.2644604370212121,-0.14970719266751736
JAM,1991,-0.897689951424404,1.1159536059837099,-1.3613132928042402
JAM,1992,-1.046439843489139,1.1827922392645673,-1.4020299364158875
JAM,1993,-0.22251991224015333,0.20415095535728844,-0.045544222748162125
JAM,1994,-1.2004052158386274,1.5122527848410274,-1.9768898659809628
JAM,1995,0.5971875313571628,0.43187878665400214,0.32706477841617715
JAM,1996,-0.0069183201175623404,0.1025393773311792,-0.0021285359655060492
JAM,1997,-0.8245425297153546,0.8648000810145449,-0.9854555997565387
JAM,1998,0.43528348998398164,0.43710181036697127,0.29408504578255734
JAM,1999,0.8977397564556371,1.076839652531797,1.3429477100851246
JAM,2000,-0.04324158399182883,0.12130927726186472,0.003343936845308499
JAM,2001,-0.8744268652255368,0.9577831198615463,-1.0855173894027577
JAM,2002,1.1684934820037927,2.157567731643861,3.5672999239180907
JAM,2003,-0.41123906481627825,0.4607131839003007,-0.3088131064967831
JAM,2004,0.6349387503634722,1.4462591501844342,1.7795079420587185
JAM,2005,2.2496951803147414,5.549430085811967,14.507113352553874
JAM,2006,-0.3072833083205946,0.8580115369503276,-0.17587242891566526
JAM,2007,2.189317929919513,5.358326659826198,14.055247837676959
JAM,2008,1.9972917382141655,5.449053016978717,15.169820226593062
JAM,2009,-1.1534442000365241,1.4519598465450545,-1.9086088940357353
JAM,2010,2.3742806831820333,5.968304508965544,15.604515593781995
JAM,2011,1.292793724654965,2.8628425939906594,7.83996530616651
JAM,2012,0.7857503717172634,0.6972583124384337,0.69294579376657
JAM,2013,0.1400743491474112,0.2321239225682698,0.01955345511780234
JAM,2014,-0.8539493408514665,0.8064649143713212,-0.8416455653956698
JAM,2015,-1.3716291298693868,2.0439380173618233,-3.2502593022535966
JAM,2016,-0.47805558810163573,0.2843944598943138,-0.18824061754005222
JAM,2017,0.42509592192074197,0.7574295708408095,1.0552534260357882
JAM,2018,-1.7155957938077337,2.975011585999091,-5.214029064958288
JAM,2019,-0.7044386092970413,0.5525796454309895,-0.4740068563709142
KAZ,1971,-0.2442521570175419,0.4571591076130458,-0.7642391607366953
KAZ,1972,0.4923326890875858,1.8379962755165262,0.27354701309596197
KAZ,1973,0.4665952023648282,0.546735889509289,0.5503388338102433
KAZ,1974,-0.687281788263457,1.00983404380778,-1.167128718413747
KAZ,1975,-1.023924169927847,1.4124878995337609,-2.413480934588703
KAZ,1976,-0.0500654376378469,0.2643323634119442,-0.030839229841585096
KAZ,1977,-0.7935146985437512,0.8737842279620368,-1.0160244943566958
KAZ,1978,0.13314928237755605,0.8709497077828074,0.708106162041255
KAZ,1979,1.0952971088177852,1.5961299240705795,2.5228755551951982
KAZ,1980,0.2671465756606757,0.35614767575807343,0.2896110118075064
KAZ,1981,0.34508821569599285,1.138166546472711,0.18828749453685056
KAZ,1982,-0.4885568497849944,0.7159592196498611,-0.83412610167149
KAZ,1983,-0.07694145227063338,0.3871458076985175,-0.036907870225997536
KAZ,1984,-0.6808122049606222,0.9447608855314689,-1.3267755888876906
KAZ,1985,0.07138991409193823,0.3000607675959653,0.17168296687476856
KAZ,1986,0.06533577275058206,0.30824901495647694,0.19179076287848312
KAZ,1987,0.7752710890361109,1.0615180237452775,1.7041384611258694
KAZ,1988,0.8653203772969448,2.224561384678945,3.7275793185893065
KAZ,1989,-0.03251207004084934,0.23620316782254921,-0.25887115044288284
KAZ,1990,-0.22063906995166407,0.3096687611742848,-0.09008334384718311
KAZ,1991,-0.7545373240143671,1.0087966990914965,-1.3238188556197616
KAZ,1992,0.6605257700990961,0.8736048043944605,1.263737891042459
KAZ,1993,1.9212277741240822,4.401450828684017,11.087983716375986
KAZ,1994,-0.051664372546021735,0.6554399784694998,0.2831415947886792
KAZ,1995,-0.8468970228055342,0.9433447488794129,-1.2751118695677703
KAZ,1996,-0.41641941674677474,0.4050904243371123,-0.3585377124815231
KAZ,1997,-0.6358318556622367,1.336000155438381,-1.122624725273247
KAZ,1998,-0.059863440304236314,1.1828111493037436,-0.6725364685098614
KAZ,1999,0.1452967247523657,0.28528288669059154,0.07043368237592199
KAZ,2000,-0.5202164626435554,0.5251805592672657,-0.4770416212452875
KAZ,2001,-0.8749151685180866,1.3288534131709357,-1.808399146679974
KAZ,2002,0.5802248114217771,1.036239543101645,0.671567543765299
KAZ,2003,1.4340766392382127,2.4832538513993074,4.558506333886915
KAZ,2004,-0.16517977772253273,0.3967711375437049,-0.14574001307214665
KAZ,2005,-0.605678945674156,0.558592011036887,-0.49154589403027155
KAZ,2006,-0.6993598765438107,0.7069017704937121,-0.7788367671209098
KAZ,2007,-0.035431380648710646,0.19647483069927288,-0.046628224114460805
KAZ,2008,-1.4558218648333414,2.936706035637256,-5.7218214764690405
KAZ,2009,0.06117551668248975,0.410982658914437,0.14284329248069239
KAZ,2010,-0.49433481819933595,1.659430979548724,-4.3377814909301255
KAZ,2011,-0.22306323532904426,0.2959077173789958,-0.19366549772893715
KAZ,2012,-1.0960144249226138,1.3309790671563002,-1.7507062329397214
KAZ,2013,0.003757726527010119,0.5204466225719583,0.12582022320206254
KAZ,2014,-1.1347559308916568,1.6259684387693254,-2.4543514670487743
KAZ,2015,-1.0771934207767544,1.427166891076232,-1.9587108616943203
KAZ,2016,0.665263977870543,1.3466600023303485,2.547222114153114
KAZ,2017,-0.7884871326823656,1.4108335043560785,-2.3229988011325866
KAZ,2018,-0.7080463912317314,1.1931862725852271,-1.111457415557586
KAZ,2019,-0.25681788887066137,0.4166938070044677,-0.3650137666667345
KEN,1971,0.6905418975407539,1.268535052586939,2.231093839532523
KEN,1972,-0.23473558033302144,0.7826212125362664,-0.26402109723646655
KEN,1973,-0.45245361564066644,1.0490630943662214,-0.665250327667289
KEN,1974,0.31196074244793504,0.9413402979259636,0.8709658447142592
KEN,1975,0.5368725589281699,1.235177837850948,2.0119856780036907
KEN,1976,-0.12470949578633442,0.6997003242532795,0.06345449402040709
KEN,1977,0.38885007691095386,0.7431120671809808,0.9962963428933157
KEN,1978,0.3884976623703272,0.8730863794029586,0.9099152425660073
KEN,1979,0.2904778410701762,1.2610162662623499,1.8548001009787525
KEN,1980,-0.256611695987857,1.1084878597474612,-0.002511010103055159
KEN,1981,0.6021193661314695,1.3998958518907891,2.5174505831368355
KEN,1982,0.5484566215883059,1.173240468163668,2.113378899310832
KEN,1983,-0.3532563956071181,1.0098371194807487,-0.5681934056775587
KEN,1984,-0.7624420145319716,1.421336510603559,-2.1024810375037477
KEN,1985,0.553777403668111,1.0248988317302041,1.2740149574230866
KEN,1986,0.11139936309985793,0.6030178398706284,0.23852765633913015
KEN,1987,-0.08275489568526015,0.864023348826393,0.0015097143511366262
KEN,1988,0.5724041464677467,1.3129332121459274,2.229296519784566
KEN,1989,0.46391795691997234,0.7716690006624382,0.9329782708376576
KEN,1990,-0.08249091465338278,1.5726081658508297,0.5851150330672477
KEN,1991,0.23735539255328175,0.6607086738897188,0.6024767695559499
KEN,1992,-0.08514905474886854,0.6923501005870323,0.24894876405693703
KEN,1993,-0.5109500633094548,0.8735417818841014,-0.7611248590246894
KEN,1994,0.17331242057735682,0.6028775083044969,0.5153268837317777
KEN,1995,-0.24195371980583136,0.576567848659353,-0.022058840486750393
KEN,1996,-0.13307914697269402,0.6650395397862445,0.23458978958647408
KEN,1997,0.15447390278502335,1.3905468999195065,1.6041929823159475
KEN,1998,0.26239980899631465,0.9059991267912814,0.9727156334300964
KEN,1999,-0.5049185407858743,0.763402189589424,-0.7889319273997906
KEN,2000,-0.9529938040489224,1.4304731733168652,-2.221006839086353
KEN,2001,-0.25602029069970295,0.5778332337418085,-0.28369089440216644
KEN,2002,-0.5503817559864376,1.2284772130657924,-1.4264178910210739
KEN,2003,-0.10082598400173126,0.8882053534507113,0.08986797219931664
KEN,2004,-0.6696806811640371,1.2087417010528914,-1.7500263687067352
KEN,2005,-0.27210655928372807,0.8280046471351418,-0.23075963868658506
KEN,2006,0.06795376959442948,1.018738060214403,0.5335206950246068
KEN,2007,0.09209969775404565,1.0446913006013823,0.9257796143133556
KEN,2008,-0.42933267858914637,1.2850339349542887,-1.7125473788404075
KEN,2009,-1.401075026219695,2.7627726759120512,-5.944181278166429
KEN,2010,-0.0754603154477517,0.8907938106310974,0.09955712981791102
KEN,2011,-0.5892110729043033,2.4327201420750337,-1.8875133373042507
KEN,2012,0.24599260242401255,1.345199031433179,1.4335772279030035
KEN,2013,0.05903787386375179,0.9133163883690024,0.2753047124159579
KEN,2014,-0.47308954926299485,1.4895582576571482,-0.77213849534582
KEN,2015,-0.3836869074042054,1.2004031320807416,-1.1050426048275872
KEN,2016,-1.0712147681488158,1.9321046505046995,-3.78631222607091
KEN,2017,-0.5600110954908831,1.6819513199653224,-1.7429063316305675
KEN,2018,1.0116551871949497,3.214409389419994,7.340651296550775
KEN,2019,-0.6045303400952897,2.8038814319501975,-2.799300464726864
KGZ,1971,-0.7049058511642621,0.6389458321914614,-0.6595033471700162
KGZ,1972,1.121851694590038,1.4377170844601397,1.9960292456758082
KGZ,1973,0.11969587641608444,0.3503595079900296,0.16236678710137742
KGZ,1974,-0.36102945940967446,0.8101441274192928,-0.14154453179143855
KGZ,1975,-0.9965190468052987,1.2050528346949654,-1.6656639524015637
KGZ,1976,-0.5452845657903076,0.6550343216019607,-0.731745096014118
KGZ,1977,-0.5268519446068275,0.4468227867551997,-0.4504265788711264
KGZ,1978,0.7459050195732885,1.1193706685980844,2.437136078967228
KGZ,1979,0.3431565691484004,0.8379869318474936,0.916853002130029
KGZ,1980,-0.3689815795967161,0.3114611323422684,-0.16211367878887495
KGZ,1981,1.0466461959905884,1.4128476600729618,2.2595278133495436
KGZ,1982,-0.5225276404697351,0.9368467314857837,-0.9765332355609454
KGZ,1983,0.21977631680857523,0.35355425234304505,0.22725290593791786
KGZ,1984,-1.3779543660891138,2.301554575242977,-4.097924478130714
KGZ,1985,-0.6109514561887931,0.4603789434327151,-0.4060428221252638
KGZ,1986,-0.4682346575706247,0.35205647251770944,-0.2878682217673259
KGZ,1987,1.330691385498185,2.082719494460832,3.638982117305539
KGZ,1988,0.2545327589283562,0.39024113096506124,0.1914442229486611
KGZ,1989,-0.3066060093205825,0.22892161370996705,-0.15006676981811132
KGZ,1990,-0.5636309643711832,0.4372984591524841,-0.37961522906336453
KGZ,1991,0.09755602221834744,0.2855780594703812,-0.0071687254649544984
KGZ,1992,1.0840797260572463,1.315774305672392,1.7317219986666879
KGZ,1993,1.0943479304163057,1.5613595080254081,2.6682723746299737
KGZ,1994,-0.5850617260956243,0.9091837373086435,-0.6486472817574832
KGZ,1995,-0.9498458238803368,1.0705042356429884,-1.3396817508479077
KGZ,1996,0.01731335338888252,0.1960924013734383,0.006678436300477467
KGZ,1997,-0.2441524721141148,0.236062549009933,-0.0768134454150565
KGZ,1998,1.684323083561185,3.223557927238077,6.77800771509534
KGZ,1999,0.6743240803595348,0.9270631146042303,1.3416976850930902
KGZ,2000,-0.9603564907452042,1.244569563327465,-1.7213439426934636
KGZ,2001,-1.1792486281006542,1.7972938943898142,-2.941038782572212
KGZ,2002,0.8682713498442303,1.4045687477054374,2.4975079734255643
KGZ,2003,1.382338332577835,2.2894190712989513,4.105857983585195
KGZ,2004,-0.27614209359819136,0.19667916364892563,-0.1233199404665881
KGZ,2005,-0.009267985761383258,0.10061853457514827,0.007326216169987423
KGZ,2006,-0.845715308998874,0.8085094940393077,-0.831418339171048
KGZ,2007,-0.6623341941629796,0.5858547845474673,-0.5567557173996888
KGZ,2008,-1.7573878981967126,3.1294655595953578,-5.63951818145451
KGZ,2009,0.41586555233972244,0.5351782769396016,0.5423579410146484
KGZ,2010,0.1705959235326676,0.35635980327373523,0.3148533172156268
KGZ,2011,-0.650738172606478,0.8848577248563925,-1.2123124102665686
KGZ,2012,-0.9474684671598117,1.0593610081121634,-1.2920202197667736
KGZ,2013,-0.3462483512300568,0.2913732500072254,-0.3208023134082463
KGZ,2014,-1.0469778033184385,1.5168014969421437,-2.5627130321118012
KGZ,2015,-1.1175548766438277,1.357196419668792,-1.7790317891726057
KGZ,2016,0.8260068702446347,1.665672453312578,2.8335096127948245
KGZ,2017,-0.5247499087781586,0.7688190499065399,-0.7879504418127529
KGZ,2018,-0.5354438329001239,0.3698368614609978,-0.2901200762800424
KGZ,2019,-0.7991626183901674,0.9636282017446732,-1.2760569223967233
KHM,1971,0.23993506068141754,0.39587800119584604,0.09312786187136478
KHM,1972,-0.58205388738382,1.3428793618561898,-2.3890032204075555
KHM,1973,-0.4939130584097131,1.085980330835191,-1.4806791196095102
KHM,1974,-0.25772343722824653,1.2275558900458539,-0.6145204458152167
KHM,1975,0.7873171236965787,1.4348333444680281,2.151451343820439
KHM,1976,0.32154411641475333,0.7263488150508914,0.6250415804247248
KHM,1977,-0.2404293402680981,0.6574671438219158,-0.2482350311292659
KHM,1978,0.30131219366428597,0.5425513322395318,0.24763480820742545
KHM,1979,0.23993971624111815,0.8010868284142484,-0.27682509982155795
KHM,1980,1.0663904750063156,2.0514888443297856,2.9931338335057913
KHM,1981,0.5760272531825492,0.680448860882296,0.5866758413309212
KHM,1982,0.38865551028387374,0.5448227155728496,0.565381854380107
KHM,1983,0.2575098462333694,1.0233928270264439,0.7615808627769511
KHM,1984,0.39704508050353093,0.469154989278524,0.31129240026479466
KHM,1985,0.5118422984050849,0.721568964078543,0.7252136648293523
KHM,1986,0.32827838951087185,0.45522322215957123,0.6037806107800857
KHM,1987,-1.3650478339792846,2.2991504398032383,-4.33006287543563
KHM,1988,0.3227447314180283,0.8898336920813711,0.41430082576395344
KHM,1989,-0.14103840397766687,0.3232307201808035,-0.07152198558513381
KHM,1990,-0.9793716761257849,1.713745515969917,-2.929058866613134
KHM,1991,-0.5073816964570474,0.8174488428172412,-0.6920956680399841
KHM,1992,-1.151387295919126,2.323460766187223,-4.1902007458677195
KHM,1993,-0.8576508229194478,1.2235481524571201,-1.6381673713235827
KHM,1994,0.34242905487380054,0.45060075643244,0.4073472697932473
KHM,1995,0.030640291438606,0.6407535268691984,0.5389620449251218
KHM,1996,-0.19034052576325833,0.7182454133266779,-0.33611633716413786
KHM,1997,-0.6001338050270417,0.8374742850982856,-0.8167150856582813
KHM,1998,-1.1807871888890795,1.8248893235712096,-2.949030767797031
KHM,1999,0.6717653364671994,2.087073585792227,2.1889734489806343
KHM,2000,0.811454622295273,1.218871130265186,1.6540685026703357
KHM,2001,0.0029333203831240634,0.5092877682617512,-0.11828004280444067
KHM,2002,-0.4706259508201641,0.47073733679082547,-0.514439375157666
KHM,2003,0.294042145678421,0.5103480533706433,0.369417957150379
KHM,2004,0.28068921199919405,0.7407022752178045,0.7129639750973225
KHM,2005,-0.9710650479597256,1.9117238254508755,-2.6933835802402526
KHM,2006,0.8093433137762585,1.3886342868763368,2.791342747015494
KHM,2007,0.3835917096112741,1.6254611727675348,1.2047623668369567
KHM,2008,0.6570610973027412,1.1366539751186062,1.4441997653061116
KHM,2009,0.23982356697922114,0.8741592619835464,0.622377473768703
KHM,2010,-1.2081375779200718,2.3505900004750977,-4.173344038675951
KHM,2011,0.8453537105045528,1.2445835741355786,2.1383071501693243
KHM,2012,-0.36749086155191546,0.8923853712618732,-1.3748828319261883
KHM,2013,1.1846953180990398,2.681524914407972,6.133961922107069
KHM,2014,-0.01271759741936322,0.8961479410359033,0.17119429024525493
KHM,2015,-1.4663131046741464,2.590142646890589,-5.01786186691137
KHM,2016,-0.5204253802444354,1.1774203580389353,-2.1865522619177553
KHM,2017,-0.007521792539108198,1.8105668237047818,-1.9664237004537464
KHM,2018,0.01682005974358168,0.7520624618812511,-0.5543448878317786
KHM,2019,-0.2538974747447005,2.246009957736613,1.7026183607429528
KOR,1971,0.3672280193207979,0.23723248274336478,0.17687415413638743
KOR,1972,0.4990030910375022,1.927256608420635,3.4827650395928256
KOR,1973,0.1313361829020215,0.6524846536256607,-0.04028248168280297
KOR,1974,0.43543074773246027,1.7628961121192035,3.3430393688438973
KOR,1975,0.2751188119683191,0.4846184704117144,0.46411383397936606
KOR,1976,-0.8179841452532539,0.8515116294352599,-1.0090005868946121
KOR,1977,-0.6889979841759581,0.7966672972745495,-0.9289471592015371
KOR,1978,0.4029432660854085,1.5216859137309902,0.7784374523069547
KOR,1979,0.7522796183980773,1.2351203775953126,1.8783522513735544
KOR,1980,-0.13631489566024943,0.5350560571074368,-0.09805652562131412
KOR,1981,0.37843321682060305,0.40772584922212785,0.36690724182546175
KOR,1982,-0.9828943039039475,1.042964467838774,-1.1673610185202932
KOR,1983,-0.23205266814793457,0.2580426882740139,-0.1510295017119892
KOR,1984,-0.30041272792643137,0.22107953619388876,-0.10139420696894165
KOR,1985,-0.3584090439076227,0.7915412097133251,-0.4706174185079506
KOR,1986,-0.1850006021292125,0.22506937798266552,-0.13368713276206304
KOR,1987,0.7144184374016224,1.0989925160945122,1.5420933336271296
KOR,1988,-0.5052728350632572,0.47583633164160744,-0.38043071942874906
KOR,1989,-0.7780255992109165,0.7108427224695064,-0.5949561879622187
KOR,1990,2.2543127864002783,5.680671029936259,15.137840039027207
KOR,1991,-0.6851747512090708,0.6862814756617865,-0.6916304819184925
KOR,1992,-0.5036510808801946,0.6277944591415946,-0.6885320557337846
KOR,1993,0.2971991110188202,0.8386609820442613,0.4237123535259378
KOR,1994,-0.48127060201011024,0.6181538043161631,-0.7383011376304884
KOR,1995,0.059485317382781136,1.0610329704858863,0.45522247294906126
KOR,1996,0.5455690946486118,1.0655028907563941,1.6260055706587984
KOR,1997,-0.07301998866644052,1.318825073039744,-0.15864910483013647
KOR,1998,0.833193343285473,1.4048552914575405,3.026045571746207
KOR,1999,-0.015033604848909456,0.448590967577555,0.09040925149276806
KOR,2000,-0.8047493588710769,1.0633853599247394,-1.4145642913263596
KOR,2001,-0.41664892349030824,1.6105320112619579,-2.796745854942324
KOR,2002,-0.2414393362177045,0.2370127435198889,-0.11914811289014157
KOR,2003,0.7076154873336994,0.9436894500145762,1.400831432659564
KOR,2004,0.5072261207274618,0.7104294219048091,0.9817446309374354
KOR,2005,-0.0621195733057986,0.2896576147373635,-0.13708448159702308
KOR,2006,0.6591770747173998,1.1856020027765257,2.20355484616835
KOR,2007,0.46460989753915444,0.8185385373387232,1.0305496797242801
KOR,2008,-0.0027476703606509976,0.4450701165055022,-0.07223340142629679
KOR,2009,0.7604883738212846,0.678145508081864,0.6075340523083709
KOR,2010,0.9657348043191701,1.3486033211600068,2.093884276662243
KOR,2011,1.9768922851689066,5.186760313318266,14.098951538384293
KOR,2012,-0.07603536925598875,0.49303411679519593,-0.06811346952328412
KOR,2013,0.6226991225880756,1.394350114109889,2.291550084261726
KOR,2014,-1.7105195113467566,3.132484572331123,-6.020795333748144
KOR,2015,-1.1047610278116604,1.458907968747915,-2.2598703375917846
KOR,2016,-0.5824722963849718,1.5110344423692164,-1.9734318270136706
KOR,2017,-0.7237988687072431,1.137945456113696,-1.7945784778370824
KOR,2018,-0.18060862987540427,1.278830219802274,-0.2030871559948271
KOR,2019,-1.2420681858860487,1.6254457034335383,-2.215997961478607
LAO,1971,0.9994462461841617,2.417059270986449,5.487470614295364
LAO,1972,-0.03708253680991476,0.8187667618102628,0.3762676775571154
LAO,1973,0.3866502076511649,0.7553453466939732,0.963365780230744
LAO,1974,-0.4139187842445818,1.5655082404259806,0.04070455922834022
LAO,1975,0.8617242200437354,2.0136959238148786,3.5991008783356357
LAO,1976,0.020757249076767688,0.4176173218710531,0.17532859485632163
LAO,1977,-0.4578723815283091,0.5640632054188826,-0.5855792494010026
LAO,1978,0.538673452816221,0.7072485305005767,0.8247525625055909
LAO,1979,-0.732393990572556,0.7856872705075063,-0.9027229789939532
LAO,1980,0.11835084293508563,0.9963560011126577,-0.026436808627427116
LAO,1981,0.958342477256403,1.3197178543828731,1.9023394817758765
LAO,1982,-0.13877199680465152,0.6638003886010623,0.2784950620132528
LAO,1983,-0.49245557475941254,1.1145788481481353,-0.8034850266041625
LAO,1984,-0.20312281997622422,0.39769227452099176,0.04564484307227519
LAO,1985,0.2058989879687591,0.5032581103356892,0.053949971500361155
LAO,1986,0.029730732389313747,0.4490944779532718,0.10314510251034972
LAO,1987,-1.144049729917854,1.9505777585951456,-3.591639853812508
LAO,1988,-0.15215767973708183,0.8442953931004502,-0.03796511931729772
LAO,1989,-0.20849800177337366,0.32031341234632404,-0.1320906019312078
LAO,1990,0.43884711084569683,0.7567032329933006,0.7504148982528639
LAO,1991,-0.36615797104156195,0.6470554978984739,-0.7777896861291645
LAO,1992,-0.9893947917222123,2.520024407131247,-4.850806054772653
LAO,1993,-0.5544477356981493,0.9196059891632267,-0.9380639364568476
LAO,1994,1.0153659125859564,2.2848908008819593,4.144714667425469
LAO,1995,0.06968742977776843,1.6704440972667844,1.7255369157989169
LAO,1996,0.0077672676734338204,0.3738579298570737,0.47763230395065437
LAO,1997,-0.14140012770555677,0.6189006927456193,0.30347335875175085
LAO,1998,-0.3355632824525334,0.3910242188532689,-0.40865373397828647
LAO,1999,0.2504840716812887,0.6616285805444373,0.6343346273157138
LAO,2000,0.5715177442902487,1.0237987231183312,1.5607972403658557
LAO,2001,0.9980943366675262,1.7679729037766898,2.891655052208386
LAO,2002,0.6458124464529933,0.8340639802969976,1.0676764045851255
LAO,2003,-0.6837508156334481,1.2785662072334807,-0.48438795112067123
LAO,2004,0.2708658181721815,0.5604056843946503,0.18075046344992624
LAO,2005,-0.5979569221853778,0.9111625011310008,-1.42687348862332
LAO,2006,0.22764477862262456,0.47193884540965647,0.4242648596936845
LAO,2007,0.024412446313326494,0.7724551446319315,0.4083571950025021
LAO,2008,0.4058762276196256,0.5449273698221581,0.6585387506458636
LAO,2009,-0.3154380542279099,1.1563946438162225,-1.7046562725639118
LAO,2010,-0.9110445439610855,1.2648884143048298,-1.9657294061847383
LAO,2011,1.0403324957356526,2.154023394594113,3.7373315526368414
LAO,2012,-0.06114021988596634,0.4750801764568145,-0.1636438461814111
LAO,2013,0.1478011600063436,0.5357633989857588,0.24647119533445389
LAO,2014,-0.3155417038218624,0.8575353959670826,-0.021895265526375017
LAO,2015,-1.0667110851597372,2.021161317852897,-3.293031252910567
LAO,2016,-0.1268775758026378,0.8351212611246911,-0.17660753922731356
LAO,2017,0.46778095297383765,0.8371276886188126,0.5734662106854316
LAO,2018,0.9450421248085914,1.6090365912931153,3.209193045758038
LAO,2019,-1.7352755659296042,3.9864551801392905,-9.098220010336666
LBR,1971,-0.1193243472027435,0.3568818661189541,-0.13309288884786757
LBR,1972,0.08691931143035851,0.5058547015772461,0.011295051687774426
LBR,1973,-0.46023634398477836,0.9239697106211425,-0.6092252050272023
LBR,1974,0.08565219673346307,0.9537055271497303,0.6549859861429298
LBR,1975,-0.9081203095816118,1.0200260521125952,-1.3171115670301012
LBR,1976,2.3402800079281953,6.2130009534095,17.65847375780733
LBR,1977,0.21839272937347715,2.6730613082677697,-0.06668874111099407
LBR,1978,-0.20734296630572616,3.6486776259112688,-2.7327497112348964
LBR,1979,0.9372026875825945,0.9994397635208276,1.1639949060825796
LBR,1980,-0.5410591638905318,0.4388690274295909,-0.3789860695726091
LBR,1981,0.47240995924586243,0.5629214819719618,0.47262192808413694
LBR,1982,0.19836799565664437,0.4013487862563969,0.2390395132314258
LBR,1983,-1.10339594039419,1.4175663990346283,-1.978166653806759
LBR,1984,0.7848026034796778,0.7297259499558523,0.7488553939080923
LBR,1985,0.38111109380809804,0.5957923481662604,0.7897550810178531
LBR,1986,-0.5950452156509598,0.593741310042133,-0.7151504631946338
LBR,1987,-0.5061561354664534,0.3175792775180115,-0.22251188638315217
LBR,1988,0.1912837295932892,0.7246125270727204,0.1324621871018008
LBR,1989,-0.40595686749891335,0.7370308194788371,-0.543935534231087
LBR,1990,-1.1820046302563298,1.5500631001536598,-2.1961824212746826
LBR,1991,0.2730108518815754,0.13587757022580965,0.07143122511558726
LBR,1992,-0.2098542139979483,0.320442721115456,-0.2926979882765624
LBR,1993,0.1203476765900584,0.42935165695557764,0.274317952503441
LBR,1994,-0.4247215693382585,0.3467982266183671,-0.22999170447773545
LBR,1995,-0.11761129695476431,0.1819116979651455,-0.08640040649763227
LBR,1996,1.1356419476991946,1.7872831132203217,3.3777129803168675
LBR,1997,-0.41958277111739745,0.2966440091888794,-0.20780515332129132
LBR,1998,-0.34208409963679826,0.5443857257340604,-0.5096424126693413
LBR,1999,-0.048029453855252015,0.2769260777713628,0.02476926947445105
LBR,2000,-0.2201703272102456,0.0868436631236089,-0.0394406581331262
LBR,2001,-0.4060305398851896,0.3579189744714606,-0.23725245979315304
LBR,2002,-0.08231385927481472,0.6574600339488242,0.2275252129270386
LBR,2003,0.6915554430890799,0.5636772510421734,0.5378418204709077
LBR,2004,-0.29760371005260583,0.15068642116036007,-0.06858365643830222
LBR,2005,-0.6774335739302547,0.605116564991193,-0.627822022507038
LBR,2006,0.3027205574808237,0.10800047808439309,0.04455531239867247
LBR,2007,-0.6550176277786001,1.1679751775859208,-1.572545048688776
LBR,2008,0.13927942819236291,0.7780486988689195,0.5751787343410636
LBR,2009,-0.5758347076830581,0.6838495002305747,-0.6378707735722451
LBR,2010,0.029491621562923554,0.4272470981552539,0.1439265157757543
LBR,2011,0.08864370569603294,0.17376501480377374,0.056651015141358854
LBR,2012,-0.07178389942649507,0.07454266840891437,-0.023399275094424236
LBR,2013,0.42130579074213675,0.35976517252584406,0.34798573472913885
LBR,2014,0.18380884421106208,0.10038058044531786,0.06790646443171677
LBR,2015,-0.899325448238924,1.922605740989729,-3.7729556035633642
LBR,2016,-0.21506263642912016,1.813922285382959,-1.0993328552883561
LBR,2017,-0.1467195205482368,0.41901222291465257,-0.2628741362634158
LBR,2018,-0.4182045397739092,0.31067978560534937,-0.23318955953361525
LBR,2019,-0.0023081466990671263,0.031212795185736046,0.0011850875843484022
LKA,1971,0.5316326848503715,0.754633407736238,0.9339116704905467
LKA,1972,0.5627117936200032,1.6613224839422451,2.8423021466292666
LKA,1973,-0.3521214464738308,0.5753319502688803,-0.50503902870909
LKA,1974,-0.5635551655333647,1.3934709933068583,-1.8709202050806968
LKA,1975,0.21198565102980704,0.8296178866146344,0.34796938084082696
LKA,1976,0.19186985095798742,0.5858945774895354,0.855744787149163
LKA,1977,0.5114962475553821,0.8144716230303201,1.4234029241151338
LKA,1978,0.030263701383559456,0.3829439010826779,-0.0362671731246106
LKA,1979,0.6095953287233018,1.2508591863851912,2.2216971881401877
LKA,1980,-0.19258122270597228,0.4834636538701496,-0.13219124283324446
LKA,1981,-0.1258980750630712,0.2898339320843739,-0.04835781798461231
LKA,1982,-0.5539334362997779,0.539444522513773,-0.5204527434419612
LKA,1983,-0.7389154506386391,1.046327527795058,-1.3912439362696838
LKA,1984,1.5490162502329792,4.105376710702286,10.49567798128382
LKA,1985,-0.02959815872811205,0.30246591063339734,0.0404419094480919
LKA,1986,0.4612959081761743,2.083930017194037,2.216860762257517
LKA,1987,-0.15858675447570864,0.8716092249299386,-0.4074216315781289
LKA,1988,-0.7349834737156394,0.9292067083101155,-1.2128025325329943
LKA,1989,-0.20795489473839085,0.267567444113716,-0.12949985391730884
LKA,1990,0.06074809836438363,0.3918662787380489,0.07601722588550944
LKA,1991,0.31115073432097207,0.4464184393397627,0.35118641709296267
LKA,1992,-0.47933578633819635,0.6584076679017217,-0.7737281473468202
LKA,1993,0.12481200966582134,1.369073891941137,1.6295360730024484
LKA,1994,0.9952838805697205,1.284229970622237,1.9432869006349835
LKA,1995,-0.2983391965356851,0.2798380667089141,-0.20336797678426477
LKA,1996,-0.3352591135399474,0.2753744347023549,-0.19488001443529782
LKA,1997,-0.05467723518286038,2.095561383309166,1.3473412895021137
LKA,1998,-0.4743109028896042,0.8196267375565561,-0.8686550864690598
LKA,1999,0.5674915841308318,1.5522577413601177,2.231560757806867
LKA,2000,0.1064368644670588,0.8752798258286054,0.27486275144789785
LKA,2001,-0.31241537925651724,0.8506471416842267,-0.8734270728750559
LKA,2002,-0.10189224375920028,0.5905197654469344,-0.08431312789866198
LKA,2003,-0.11183895020566517,1.1788082488065061,-1.1704948589904767
LKA,2004,-0.35528613658500763,1.4899880605630704,-1.105914583507736
LKA,2005,0.8430890576239776,1.6799354630239631,4.010312942388871
LKA,2006,1.7600564239227503,4.03366727185989,10.20692831973153
LKA,2007,0.0033032682888319747,0.5895546496721107,0.4394367446981049
LKA,2008,0.14020670927509013,1.2893494430350807,1.7100618815414899
LKA,2009,-0.5988599844487149,0.7325198178349862,-0.8635071876664643
LKA,2010,0.5401759417085148,1.0692505901207718,1.6835119577308912
LKA,2011,0.9126764354458873,4.526803532348943,8.315405196050872
LKA,2012,-0.04756222331186627,1.1342995786979924,0.5059918026318166
LKA,2013,0.27811610730487574,2.074626002078948,0.9879229499193686
LKA,2014,0.2875597817456975,2.7050098341111615,4.334146785192335
LKA,2015,1.1874312112961516,2.037719609931995,3.471080770688072
LKA,2016,-0.7825596542596398,2.2767922945298604,-4.014498652350349
LKA,2017,-0.3151162764169071,0.7112897875658434,-0.4135325013618681
LKA,2018,-0.632959860548036,0.5943819871058997,-0.6205988248754954
LKA,2019,0.029880531002756686,1.878352116159357,0.9284047178922639
LSO,1971,-0.39304282194470974,0.38221632728139426,-0.2956152641066234
LSO,1972,0.47103607903953304,1.4567829100839873,0.5383801881249765
LSO,1973,-0.9612534307036585,1.558628372430923,-3.13299607493635
LSO,1974,0.5021366004866118,0.9320420703268721,1.1909437975348567
LSO,1975,0.7975537096688516,0.8874141773092198,1.0355213886944992
LSO,1976,1.7360870223736085,3.4610391393950906,7.460595262752339
LSO,1977,0.11817650825719635,0.2562762407723788,0.05749246710978478
LSO,1978,0.6793394310011833,0.940420073061081,1.2454748928774635
LSO,1979,-0.5456728102140709,0.6036113936135227,-0.6258487512193038
LSO,1980,-0.812551813004973,0.8127573756277594,-0.8856564098811415
LSO,1981,0.5943355737268257,0.8238682882264922,1.1067767620659374
LSO,1982,-0.11178057273559026,0.3575349501242308,-0.05646468635809916
LSO,1983,-1.0990033145147382,1.956951522773529,-3.2201244267106333
LSO,1984,-0.4993786674826487,0.5730463379800973,-0.556923728585653
LSO,1985,-0.5306725299646494,0.7313584805431546,-0.4787969254704346
LSO,1986,-0.2907869177084816,0.5712972257254654,-0.3161322139382531
LSO,1987,-0.824764631088733,0.9808679230667917,-1.3113221114029368
LSO,1988,1.072881798012942,2.0137209964987077,4.069284509609209
LSO,1989,0.4267628768579586,0.42095280981381344,0.331834045501893
LSO,1990,0.020668905064130175,1.1018706732062866,-0.7898802380262908
LSO,1991,0.4513570217884269,0.8680487508915012,1.0407999893041147
LSO,1992,-1.5128801901995856,2.5768808863803327,-4.543741985867379
LSO,1993,-0.2731397826476492,0.5026477122056503,-0.11873590631674899
LSO,1994,0.06181309367411256,0.9747038721852962,-0.6126566911484649
LSO,1995,-0.4974639335800309,1.0782153011594187,-0.8429270040595522
LSO,1996,0.7465494884955809,0.9394823191131034,1.2630555203696763
LSO,1997,0.5670282747213289,1.2554490366988336,2.265757757104171
LSO,1998,0.46595687566920935,0.6572535721230773,0.5370392419355952
LSO,1999,-0.6413659701407702,0.9693465806764104,-0.8890438036110876
LSO,2000,0.27490171737177704,0.31965187681281465,0.20726672940347862
LSO,2001,0.27015409135574975,1.2244064356588722,1.7935310356846739
LSO,2002,-0.08426425915115421,0.8604004932780593,0.3006089633077124
LSO,2003,-0.5680953100403868,0.6432862990843776,-0.8633720128881001
LSO,2004,-0.49452152032834523,0.7021958503314162,-0.8185141426928704
LSO,2005,0.06312468249841474,0.359828283253981,0.009609929555854753
LSO,2006,0.9117575966762536,1.3154004076791084,2.033379356165987
LSO,2007,-0.9576464424631993,1.9248901247557897,-3.0734193738502493
LSO,2008,0.03516608512641166,0.14787047182342938,-0.003934556163537273
LSO,2009,0.34469737442384263,0.6763767056225692,0.6205652153240179
LSO,2010,-0.13993856378316424,0.7979851244778134,0.16916661876975692
LSO,2011,0.8701162498610421,3.3754136860267625,6.070927155584454
LSO,2012,-0.7457918904557919,1.2132973737106953,-1.7916407731665174
LSO,2013,-0.2835751599903462,0.27406170435285176,-0.13732264850527295
LSO,2014,-0.35789716099743213,0.4329794856741977,-0.15500893384735587
LSO,2015,-0.77819238493404,2.134107875471699,-3.9193503930863565
LSO,2016,-1.6083447303082885,3.102065669439605,-6.695559658216024
LSO,2017,-0.38619482517407944,0.8850749771469907,-0.9075140067127461
LSO,2018,-0.6959582337969717,1.629036770709234,-3.604550401436541
LSO,2019,-1.1521502175475409,2.8664894267898617,-6.681767294727813
MAR,1971,2.3780308108142916,6.648346714917703,19.34951886874759
MAR,1972,1.5928555708697318,2.890203120408648,5.843775513926039
MAR,1973,0.01647957390650088,0.2748216426203856,0.06404052935435496
MAR,1974,1.446961444949615,3.043725263020982,6.825425054348691
MAR,1975,0.5488857654431711,0.47562645552076344,0.4541523797329597
MAR,1976,1.408259577633251,2.9181451269893195,6.017014634086902
MAR,1977,-0.3735426653062145,1.2825161253970798,-0.5342999403138269
MAR,1978,1.0387162132824224,1.7026479000667858,3.140199056096707
MAR,1979,0.10704673772423241,0.6413774108917143,0.7438079948063635
MAR,1980,0.20258619643578823,0.16905699115205083,0.11441578862671763
MAR,1981,-0.5330157803064925,0.4175378407803044,-0.37377989356261665
MAR,1982,0.4196483529359035,0.492856612565253,0.5361232241724847
MAR,1983,-0.3222374786140449,0.29510386074940753,-0.20506390347940082
MAR,1984,0.33985701469394275,1.4071491757972996,1.5507908425235768
MAR,1985,-0.24654277783256745,0.31090244834873704,-0.16087758017776288
MAR,1986,0.5406701577088363,0.8354156409085504,1.3866580427718087
MAR,1987,-0.7743510223820282,0.9339324831023618,-1.2119073435236754
MAR,1988,0.27678103759991624,0.5202965571795198,0.4814558675420261
MAR,1989,0.12318009550624916,0.40232278975007246,-0.02547962400940644
MAR,1990,-0.2702818983871689,0.3545795329460615,-0.21225888599329545
MAR,1991,0.5860752371118887,1.6604418518398492,2.797768729732186
MAR,1992,-0.19944916358200454,0.38190896310325056,-0.2432419059971502
MAR,1993,-0.14779157144070648,0.10644831358703224,-0.03557722124325112
MAR,1994,-0.7999121791588631,1.118767866484188,-1.5224136963569095
MAR,1995,-0.7487241807550157,0.8974777016582155,-1.085637171780487
MAR,1996,1.1666112359869896,2.4673660365026695,6.39621693713585
MAR,1997,-0.17088902615453463,0.3125216842179862,-0.13895765669120136
MAR,1998,-0.4748118817116167,0.394332274560313,-0.3278612282700555
MAR,1999,-0.6031544423721338,0.8786369056784701,-1.0130832382789041
MAR,2000,-0.8668744635545728,1.1268919112144116,-1.3318119123268735
MAR,2001,-1.3956226530250462,2.1143913200670337,-3.3879737050394745
MAR,2002,0.1947564137880509,0.5459721679749556,0.35323653194643584
MAR,2003,-0.8917979660201257,1.2397989980735027,-2.1015329344652183
MAR,2004,0.2558548604260415,0.35757934758559556,0.27939895368156664
MAR,2005,-1.4746344795979232,2.9835783207974083,-6.154158654015083
MAR,2006,-0.8663930223655592,1.7383769048357842,-2.2335865500841994
MAR,2007,-0.5361680687673372,0.45606547412384046,-0.42741755866006353
MAR,2008,-1.1699757032214266,1.4591613223918518,-1.9489592559310476
MAR,2009,-0.1702723668280039,1.8084262360020387,-0.021686670738578773
MAR,2010,-0.18428684887043845,1.2738985540557453,-0.1074567079912838
MAR,2011,0.8058948547950154,1.1560786367459726,2.221714147904418
MAR,2012,-0.9784715240282826,1.698537537666671,-3.8882711034851263
MAR,2013,0.11430030288154933,0.5585056966272093,0.6209466736086336
MAR,2014,-0.5347896612347508,0.5568705769516648,-0.5695462934569073
MAR,2015,-1.3618582010339324,2.86896989326899,-6.792608859034582
MAR,2016,0.13865894137693213,0.5721051350009454,0.8854133981464619
MAR,2017,-1.5765077012141593,3.373087049847007,-7.728678723517905
MAR,2018,0.8958972158353676,1.1957737789414866,2.047475589910703
MAR,2019,-1.2422866687366139,1.6491084306660735,-2.303589879448125
MDA,1971,0.8622643484285575,1.2398834585686984,1.8699018993750098
MDA,1972,0.012260182747575826,0.6489311830707675,0.8250953775013662
MDA,1973,-0.10324342819894441,0.14895468004971008,-0.04615951845321209
MDA,1974,0.6403244352937155,0.787576132483062,1.0158975513919437
MDA,1975,-0.5518128890548353,0.5851018620769908,-0.6122271621321296
MDA,1976,0.516992971229177,1.1143700658804256,1.7241530343594325
MDA,1977,-0.06406758155929218,0.14759737395126532,-0.03709386409206285
MDA,1978,1.0349363748764084,1.226284730200957,1.59936157261127
MDA,1979,0.07840669306038922,0.27132712495473726,0.027987034092443422
MDA,1980,1.178741003463053,2.1098257155954783,4.125747709467887
MDA,1981,-0.11260181466390731,0.5567875886193995,-0.24312265159673715
MDA,1982,-0.30299197369841224,0.6972222005378826,-0.777592589017957
MDA,1983,-0.13284733644664953,0.32360585966908834,-0.09782293052945813
MDA,1984,0.26791446335102087,0.7700993954343275,0.33515319687659273
MDA,1985,0.6760843009290444,1.670673058027953,2.3095363009532464
MDA,1986,-1.058451249109775,1.2407896030300367,-1.5412903879511572
MDA,1987,-0.10618088326039447,0.22327739274923009,-0.06018225909436676
MDA,1988,0.15000358510340783,0.48482944024723595,0.2582062613193091
MDA,1989,0.5942664093248925,0.8071324272842972,1.084545314091262
MDA,1990,-0.9166568678526579,1.0678285326503243,-1.3301083563641354
MDA,1991,1.309790185746416,2.776955961310163,6.238140277585829
MDA,1992,-1.0323995285035512,1.5917073506749586,-2.707399627657821
MDA,1993,-0.020776880770296192,0.27705604036175474,0.04997530098717866
MDA,1994,-0.7291408828775413,0.9171417170980164,-1.179752278430572
MDA,1995,0.06395570936670004,0.8265383054647716,0.39032048416222054
MDA,1996,0.18656131734513282,1.9963820643502657,1.953302253570494
MDA,1997,0.8593990513912272,1.5625710024489028,3.150794060816091
MDA,1998,0.2809016079589579,0.5584835051423507,0.5402453290304975
MDA,1999,-1.0594625317847894,1.7614881059095815,-3.00952188062435
MDA,2000,-0.9753686686472649,1.5393685557065868,-2.5924239566560257
MDA,2001,-0.09064839252852064,0.30483441765406294,-0.04225277920826158
MDA,2002,0.10948149807325733,0.8464921169256211,-0.07448655627530093
MDA,2003,-0.6926873337863193,1.3194569574109327,-1.8716615996464083
MDA,2004,-0.10338247077820542,0.627236831574731,-0.42691984961390644
MDA,2005,0.10539732197667973,0.5784046216800565,0.21790034144217132
MDA,2006,0.04173827389447054,0.4574644259439064,0.38947123282594226
MDA,2007,-1.4598965532745618,2.9183362270293878,-6.092697610099631
MDA,2008,-0.13842196090495126,0.38148661413559193,0.06347336304441897
MDA,2009,-1.3124669950312309,1.8699665792434121,-2.8445771886621545
MDA,2010,-0.035555506566884845,0.3757068210269567,-0.041543267440018426
MDA,2011,-0.9906082650384279,1.7997763757607055,-2.9625211280278974
MDA,2012,-1.7806641976994624,3.5644375800212975,-7.779192229461434
MDA,2013,0.16998277825491892,0.3066837120295268,0.024490334467171603
MDA,2014,-0.3829278637492424,0.8674964991323664,-0.6391663715665049
MDA,2015,-1.8757161904636312,3.8566746621227326,-8.495576013184284
MDA,2016,-0.4911833968470347,1.7740243927218355,-1.6040262782593124
MDA,2017,-0.5564160096341909,1.1819918047574653,-1.5752845996085552
MDA,2018,-0.9965626993622052,1.808342292254354,-3.660293998623986
MDA,2019,-0.6746434341617388,1.3212817635111518,-1.658144510909529
MDG,1971,0.1805529933973659,0.4482836587520123,0.16944285407721582
MDG,1972,0.5904230106541503,0.6613791169044251,0.8056422069875577
MDG,1973,0.17264392512133256,1.045793639194344,1.2802325190514172
MDG,1974,-0.16480305255135616,0.8935728882995493,0.31800425472807
MDG,1975,0.794567554262765,1.0225408834394296,1.4307075336792998
MDG,1976,-0.3732530885343876,1.4399691436579116,-0.4473585388945012
MDG,1977,0.03314728166552043,0.7660865836141197,-0.3878718088773291
MDG,1978,-1.1590343480296263,1.8564533358786515,-2.943731230152324
MDG,1979,-0.21373642236294207,0.45460867872611693,-0.10534313579236138
MDG,1980,-0.39530761910595424,0.5432904395114131,-0.3532430149285419
MDG,1981,-0.3763782363395894,0.6124469683642177,-0.5182798930855904
MDG,1982,1.2310059598705099,2.4966214850721498,4.864557970801565
MDG,1983,-0.0742854162639663,1.0855018038582318,0.9542882355909804
MDG,1984,1.129604248935912,1.907662811688652,3.1335036876439495
MDG,1985,0.37349117111381713,1.1899274401627704,1.8497445914384996
MDG,1986,-0.00597270993023789,0.8770530557625585,0.5358126069144058
MDG,1987,0.40926489042399805,1.0451833385348293,0.7361642420475344
MDG,1988,-0.6366150598020202,0.6697472769829201,-0.5617360934199805
MDG,1989,-0.13640524115829764,0.9134477725177674,0.2094024969711823
MDG,1990,-0.5937399960204627,0.6615002613367265,-0.6485405913971561
MDG,1991,-0.4455688877040926,1.09929092518741,-0.718131648830229
MDG,1992,0.22759698907526424,0.9260630888517055,0.4179063859721072
MDG,1993,-0.07439665147966354,0.5031372149371652,0.022049896224704626
MDG,1994,0.6315376080500796,1.542282123905757,1.837015084449419
MDG,1995,-0.3022133817205588,0.3664184836789471,-0.18804385937766896
MDG,1996,0.43894127148186646,0.7033651269845557,0.5895968760466214
MDG,1997,0.17901827933343414,0.5493955899423004,0.06759560552801956
MDG,1998,-0.09542411357826192,0.5070033262602922,-0.034878215737427797
MDG,1999,-0.5198936959697215,1.2553571350522605,-0.676867988539983
MDG,2000,-0.526843196079335,0.9902308805664329,-0.701950908144746
MDG,2001,0.32601161837819403,1.3502471939856306,1.2721146232686267
MDG,2002,0.21042482152816067,0.5806682986701414,0.6037647081261697
MDG,2003,0.2871180985073391,0.8772029732235852,1.0328832077618957
MDG,2004,-0.18091226162957932,1.30156221946019,0.9474850076125918
MDG,2005,0.30308390627048665,0.8120769592932542,0.9414666178301362
MDG,2006,-0.4575151936938087,0.7301193398054968,-0.46759001041523224
MDG,2007,0.4752840174979559,1.297787472333712,1.467254721864376
MDG,2008,-0.688757520986401,0.7243434381435132,-0.810249823995774
MDG,2009,-0.07464660170846477,0.6102264307355376,-0.3502434659565121
MDG,2010,-0.9439857583201963,1.2919169548201952,-1.8747753792829145
MDG,2011,-0.5483054666129917,0.9141077014064304,-0.4110071226985305
MDG,2012,-0.07006222004856424,0.4837397200894475,-0.009486160883402501
MDG,2013,-0.16407724092748585,0.9611238926229632,0.23014263522710757
MDG,2014,-0.5680756999720985,0.9439875524328707,-1.100547108752735
MDG,2015,0.8669622010240957,1.3471276325328756,1.8757994741913946
MDG,2016,-0.5425666414867296,0.7903297513507676,-1.0241362972238288
MDG,2017,-0.1686629368273637,1.7500555352557157,-0.10617665715313229
MDG,2018,0.048932817020257646,0.7830618771207641,0.519272397592871
MDG,2019,-0.20277988463145794,0.41210427618620443,0.11976515573560483
MEX,1971,0.6339311426871908,1.7196673985649487,2.9240227591584986
MEX,1972,-0.11045609543261119,1.108604459625188,-0.25916235465686127
MEX,1973,0.7969153925345434,1.8499317223644365,3.6158329543267813
MEX,1974,0.1267624195066513,0.9142595442368042,0.29297702251827396
MEX,1975,0.19271255675503876,1.19391067225289,0.8033742931458333
MEX,1976,0.491509472928697,1.5316503996380473,2.007364603627307
MEX,1977,-0.40256001703729777,0.778212946288927,-0.6030675957254473
MEX,1978,0.4071413771017949,0.9770456629988719,1.2929895657977426
MEX,1979,-0.3461597269752269,0.8323475493093269,-0.512930465109175
MEX,1980,-0.17207452267154763,0.6674885671129973,-0.38299029780814714
MEX,1981,0.6320314675691169,1.5157611992684283,2.578346507232891
MEX,1982,-0.9392077810961141,1.5819015888310959,-2.680435169406471
MEX,1983,-0.22246931592035624,0.7257389008411848,-0.5177938504006927
MEX,1984,0.6489296146208042,1.2081717417355613,1.9151296432900682
MEX,1985,0.1438007147239343,0.9669768795932954,0.6947649433028545
MEX,1986,-0.062157914405628074,1.0803507278929823,0.0874987384891293
MEX,1987,-0.43242760209556336,0.9470194621783652,-0.9559056479112257
MEX,1988,0.15225630078917723,0.7079073088588117,0.4970256350363304
MEX,1989,-0.3515878101658448,0.7815398652587683,-0.6397065872029492
MEX,1990,0.06134431440167553,0.596401014083574,0.17664646634546274
MEX,1991,0.04056058435686178,0.8689851724164757,0.3517804541441611
MEX,1992,0.07073103117661644,0.7194925808501617,0.32990200831649114
MEX,1993,0.10429849105444983,0.5921876976443867,0.4351689428532649
MEX,1994,-0.5557142860091014,0.9234867312376934,-1.1642364934625828
MEX,1995,0.10580644296254638,0.76510874514818,0.632959305559765
MEX,1996,-0.06533832116148369,0.6784826712718219,0.0798882437308676
MEX,1997,-0.5363342017173877,1.0153501680048276,-1.029703204125285
MEX,1998,-0.02588377117775972,2.5376652282355714,0.6611111775686769
MEX,1999,0.18621271486101762,1.2745767794707434,1.1977327426991284
MEX,2000,-0.0467188767023702,0.9382535614728822,0.1715220837650963
MEX,2001,0.03616098455927557,0.48888310414432484,0.11987464729194429
MEX,2002,-0.009906098953537685,0.733249301216117,0.26861289491809276
MEX,2003,0.5095862613166956,1.1821176824826534,1.7277293089982855
MEX,2004,0.24734944683024346,1.1675257643164663,0.3049587442658841
MEX,2005,-0.3886069897991005,1.547316829195332,-0.8878059575051983
MEX,2006,0.102486569329601,1.2726071719574326,0.16351526461677265
MEX,2007,0.233298177184554,1.1141322722326048,0.7589584608616905
MEX,2008,0.33133497629370384,1.3621138660702314,1.281124300660507
MEX,2009,-0.6922602496633085,1.7285956919874417,-2.7087212036643966
MEX,2010,0.25667236907995233,2.1073915084387336,2.23675977569146
MEX,2011,-0.3238184034301742,1.6286657824289437,-0.7220580704486372
MEX,2012,-0.3097729907078016,1.1844328805468596,-0.4818049180204935
MEX,2013,0.5657455527954396,1.7307743107128197,2.52215178800159
MEX,2014,0.43474740621687813,1.3513299150380367,1.6367709206941856
MEX,2015,-0.3374184435457249,1.171223869190782,-0.952348021196651
MEX,2016,0.04553485300792821,0.9222167223560681,0.07989354237497173
MEX,2017,0.34889908681733717,1.271179581981263,1.2376820931011345
MEX,2018,0.3686691495327155,2.2510920118942828,2.819628029108208
MEX,2019,-0.4755126386311702,1.2228798680243984,-1.5524050021434017
MKD,1971,-0.1569256236134295,0.3631606758604496,-0.15527526650460183
MKD,1972,0.577225218164123,2.4894342644081378,4.369906055456761
MKD,1973,1.0303441039149657,1.6412051660965425,2.958645963911152
MKD,1974,0.7540674197194412,1.3133689795592112,2.1059834766708185
MKD,1975,0.8110313581779685,1.0138054276256072,1.372916343496701
MKD,1976,1.6883954779684716,3.220726191788654,6.558328206800425
MKD,1977,-0.43363929814157004,0.3013334969359176,-0.2319475396034822
MKD,1978,0.3308703185744592,0.9125560522388814,1.2252480160603496
MKD,1979,0.4840953601994288,0.43373623888503654,0.41097436519404806
MKD,1980,0.49054069202363265,0.5819467068436667,0.5912818539385843
MKD,1981,0.20967487603076773,0.5605025046275556,0.43018039519053564
MKD,1982,-0.4166719182492713,0.37243959625910106,-0.3012808923749847
MKD,1983,0.8427082011079619,1.6981362821187571,2.252297692678454
MKD,1984,0.02103242395461634,0.2721723708830742,-0.004000304417994458
MKD,1985,-0.5900216324254924,0.9204826476731462,-0.7712012155733192
MKD,1986,0.11875616236361541,0.5583600559745813,0.16269536002878032
MKD,1987,-0.5191541511388696,0.5541941934503409,-0.4074876136456849
MKD,1988,-0.9865632386576578,1.144752790529042,-1.469591388697202
MKD,1989,1.2768061926972019,2.0413320207587207,3.6996921051088103
MKD,1990,-0.9680646381474671,1.0129959574315386,-1.1316276311396842
MKD,1991,0.1667827242001547,0.20146157342988952,0.05931289836211816
MKD,1992,-0.34930371596566934,0.7667558590522241,-0.41060834834483373
MKD,1993,-1.0100313011156243,1.203034849530675,-1.6063009693088561
MKD,1994,-0.7874752511223688,0.8166035609761317,-0.9980824606422682
MKD,1995,0.8406902695897898,1.2640380637598065,2.1993676003337774
MKD,1996,-0.3204334585522891,1.541754007162544,-0.22706278460981058
MKD,1997,-0.4148493981738524,0.4715391216074562,-0.24473536943984636
MKD,1998,0.15440069751554497,0.43668619428677646,0.35280857953381256
MKD,1999,-0.039731500572867146,0.3550075821680167,0.12021447252150594
MKD,2000,-1.3090590726824447,1.8253978258843597,-2.671645739941318
MKD,2001,-0.6114218459976095,0.717172315775926,-0.613533978487222
MKD,2002,0.8036552610169307,1.6856047056540204,3.502225188572368
MKD,2003,-1.1027211455782582,1.5337576507799526,-2.4173622083804425
MKD,2004,0.8653909523331442,1.2683406997995466,2.1348477875040177
MKD,2005,0.013436528914604586,0.25301683410907133,0.026988482900439256
MKD,2006,0.19866741734373128,0.37427041381693404,0.17552609050232726
MKD,2007,-0.6894969242565471,0.8740555544146411,-0.5511876951040435
MKD,2008,-0.6917670734780184,0.8332706718685641,-1.0109232569666013
MKD,2009,-0.28737459704520907,0.2717256204719823,-0.25157595119591314
MKD,2010,-0.049244842338663275,0.5128945039902885,-0.023720506383542873
MKD,2011,-1.1640998995263425,1.633632758462279,-2.787344876742449
MKD,2012,-1.0647363803798628,1.6010845491112788,-2.8354979670572145
MKD,2013,-0.18255424090036004,0.8016838825579701,0.7518726589075951
MKD,2014,1.1439985827761634,1.8439959002853827,3.549032897052895
MKD,2015,-0.975454079111177,1.263616764303122,-1.6455547033497304
MKD,2016,0.04418632039344713,0.3376796075806462,0.031773601484421654
MKD,2017,-0.9358314138127777,1.0364734088811183,-1.241156872197944
MKD,2018,-0.3014453601308895,0.9950423651565437,-1.3704436259490185
MKD,2019,-0.46041857797349744,0.9545869109732005,-1.0664046852469122
MLI,1971,0.11245171600762632,0.6744105976463719,-0.17084354482570116
MLI,1972,-1.0813797315048148,2.147976205910802,-4.304063530592993
MLI,1973,-1.309764081896283,2.695178534078796,-5.780295246162136
MLI,1974,0.6970737659482209,1.017115784568657,1.3834105885563561
MLI,1975,1.1206647421880689,1.9020185442315307,3.4683239700381927
MLI,1976,0.005325750608757127,1.2042709877394742,0.9725557930182345
MLI,1977,-1.1007666679189856,1.7462072871795424,-2.9081070685354478
MLI,1978,-0.11265192107310754,0.5171389200594625,-0.21981104857790412
MLI,1979,0.17593441803068538,0.8228192063572092,0.8081248839063171
MLI,1980,-0.11886157098115621,0.36629694924623796,-0.10592538056247805
MLI,1981,0.328547785678374,0.5420484583044365,0.4460472878859572
MLI,1982,-0.20480324736394087,0.29294783768006116,-0.13564849895892234
MLI,1983,-1.2603194805087583,1.7723286975283967,-2.693926120524172
MLI,1984,-1.036393654126335,1.401722797774467,-1.9859421134471746
MLI,1985,-0.21531058008055062,0.5686936412033022,-0.2480436882981234
MLI,1986,0.27734565121185906,0.30056080075584385,0.23293925429400109
MLI,1987,-0.8866891525760945,1.1976831206845517,-1.7843360056200541
MLI,1988,0.4081882296114444,1.1139831698064742,1.7484537889073806
MLI,1989,0.4821177219936794,0.9365058711523873,0.9108255795603156
MLI,1990,-0.01541556100090754,0.6753917491737973,-0.35103953866334525
MLI,1991,0.45386395721068784,0.7175034671361953,0.8962347789319807
MLI,1992,0.14611544259914963,0.4298257752614208,0.2194827540265813
MLI,1993,-0.4144477049760529,0.395173845661996,-0.3444397510390975
MLI,1994,1.4682931394121097,2.638304856076039,5.308490653849937
MLI,1995,-0.10977345151031596,0.5207957477548588,0.0377172056878749
MLI,1996,-0.09324715115000659,0.39977619370731926,0.07955646184501323
MLI,1997,-0.07531703208395628,0.4238019786249508,-0.16684189648860692
MLI,1998,0.35075418786887874,0.7451338425938423,0.5021455373911043
MLI,1999,1.0642090982700458,2.0601129203954924,3.7739537313557876
MLI,2000,0.0224382420677387,0.3197927398221933,0.057917355194347785
MLI,2001,-0.44210298969764467,0.527946500681851,-0.4777970055811546
MLI,2002,-1.858829610365626,3.862032595511642,-8.333605533227548
MLI,2003,0.6449839281483959,0.6860523831321301,0.7979680156213597
MLI,2004,0.29894664060269194,0.8960093982369084,0.45478591323224316
MLI,2005,-0.4704344344292053,0.572470319096365,-0.5775464085299723
MLI,2006,-0.8389305530130707,1.5240041813719611,-2.627074571288399
MLI,2007,-0.17485014888424666,0.4135483234573041,-0.2819999715871453
MLI,2008,1.0830480722634264,2.4753416132543102,5.652589362302626
MLI,2009,-0.6342519919381806,1.6813628272819878,-1.6941995852875922
MLI,2010,0.6560991851752132,0.9614414682402547,0.9675959068462758
MLI,2011,-0.20395228281775576,0.5214919329701929,-0.39060526495015485
MLI,2012,0.9942524152626083,1.9508292628014088,3.895406370243945
MLI,2013,-0.3627619339145121,1.0417981944399384,-0.34885302501720233
MLI,2014,0.13925601664500664,0.8961922842041169,0.6741733477403572
MLI,2015,-0.3451479971938791,1.5207730362423515,-1.7756154977566534
MLI,2016,0.29454739886179954,1.1313568170497603,1.8480510240344443
MLI,2017,-0.615933453630488,1.3038155920946173,-2.0732477100354543
MLI,2018,0.6456601248743558,1.6016762585760693,3.620314718640705
MLI,2019,0.21191251695160862,0.4116625610503462,0.32637204319214874
MMR,1971,0.4302551191360541,1.2524152403085829,1.2939419455909338
MMR,1972,-0.24191781887266517,1.6601979382356116,0.11382254816708927
MMR,1973,0.3818100876722558,1.2228647515344935,1.6844204560777225
MMR,1974,0.4538922524346868,1.2538587272742532,2.7128498014545275
MMR,1975,0.7892482893062129,2.251343984444413,4.754547385359834
MMR,1976,0.07247221356517727,0.7790690307053679,-0.1873719792921079
MMR,1977,-0.007011891791303154,1.0011148032695785,0.1790355143322413
MMR,1978,-0.14961992414381367,0.838454831324474,-0.11658047124673508
MMR,1979,-0.853661763548299,1.7164158477293705,-1.6428032759248987
MMR,1980,-0.34796556946205304,0.726822687220473,-0.38677542866183495
MMR,1981,-0.272182504515558,0.8465050673779263,-0.010605372441934043
MMR,1982,-0.07999606134011339,0.5079330282966033,0.07373560465428516
MMR,1983,0.637943495736642,1.5211956684355485,2.8200848307151363
MMR,1984,0.6220141204372546,2.489379443616679,5.104988101064942
MMR,1985,-0.12617360403816727,0.553226509543901,0.03828286592771675
MMR,1986,-0.018321833216191196,0.7025992810993918,0.17197145226900384
MMR,1987,-0.056443581317877585,0.7107605432335546,0.07610975929840647
MMR,1988,-0.13794436832524715,0.6097072815762115,0.02999031617167396
MMR,1989,0.27284077360033354,0.6530086006878734,0.5998046803907289
MMR,1990,0.09782254100231723,0.6267533981492246,0.44791413974867245
MMR,1991,0.5083648062101241,0.9630452465225994,1.2030683442421581
MMR,1992,0.7321982197448471,1.6249112585515475,2.4883897710753744
MMR,1993,0.13912849940011784,0.9713585935789824,1.1044526560935524
MMR,1994,-0.5925125291948204,0.7889350736464918,-0.7356231016977504
MMR,1995,0.021786550152406783,0.6074583176783358,0.2933439568070731
MMR,1996,0.16067790109562222,0.7012117702677639,0.5870240354732085
MMR,1997,-0.44628010032563487,0.6511546495621919,-0.7838779426715947
MMR,1998,-0.42332408543468697,0.8044355930604251,-0.8450904460452502
MMR,1999,-0.6026617822573345,1.3480039435372717,-1.6815099761125747
MMR,2000,0.20648442840711057,0.5972790593401408,0.5301851485811996
MMR,2001,-0.05107391244014638,1.0865314617382515,0.6447864133144418
MMR,2002,-0.2752788206357533,0.70724343088278,-0.08378864579748929
MMR,2003,-0.21416986090795942,0.9840269960326888,0.46961664173874684
MMR,2004,-0.1273365101104251,0.9273867018148639,0.5434287779906569
MMR,2005,-0.4764483385961386,0.7670309323306552,-0.6808610467894998
MMR,2006,-0.3085120496741477,0.6128589009246542,-0.30698691710431797
MMR,2007,0.34078308881896774,1.1780764397964605,2.0453718348850867
MMR,2008,0.04718042222369704,0.47307171988646557,0.30058540323782124
MMR,2009,-0.976336069655786,1.5032483159456371,-2.666716269185175
MMR,2010,-0.45971045271296684,1.04195706031954,-0.6230633115260813
MMR,2011,-0.15271746411271916,0.6811548297362048,0.2571238788833731
MMR,2012,-0.4554881468765531,0.6612403741448826,-0.619450580166775
MMR,2013,-0.40478927060129843,0.7587096575675454,-0.6760240197497338
MMR,2014,-0.9893464086637881,1.4603618696092542,-1.9793323040256603
MMR,2015,-0.503515366848942,0.7643282326137435,-0.13403062295134935
MMR,2016,-0.12475252717441086,0.6377037243889453,0.12362435687091858
MMR,2017,-0.05708433844749531,0.6484025210210567,-0.26421458257562574
MMR,2018,-0.12223725031074276,0.8990270625910957,0.19809268077474676
MMR,2019,-0.7818440391081793,1.439618336545602,-2.3142348006029514
MNE,1971,-0.8507489211401725,1.0737639122562432,-1.505706185248557
MNE,1972,0.46839983003694063,2.2190160998792865,3.1150800547269246
MNE,1973,-0.30818483553856424,0.6819368146846765,-0.48140747671827516
MNE,1974,0.7305612169690731,1.597995754114141,3.797648381454882
MNE,1975,0.22841121259180003,0.43301791980631055,0.307167208977468
MNE,1976,1.1605950406337169,1.77355565988712,3.1415249284879607
MNE,1977,0.294027188115607,0.5788547735018851,0.39025753662569423
MNE,1978,1.1479273727945356,2.746031836851176,6.632627328149483
MNE,1979,1.3841376595561807,2.398530586576426,4.862878722612782
MNE,1980,0.21554262695999218,0.6544774639691735,0.24362217750884826
MNE,1981,-0.11755756927054342,0.1526673473721716,-0.03791002517820288
MNE,1982,-0.6651761016280435,0.7923610079254718,-0.9982275386251691
MNE,1983,-0.3951208717891153,0.5924909931656297,-0.5732907682399406
MNE,1984,0.6576228296476511,0.93785649828106,1.3769054703536434
MNE,1985,-0.9370715420726422,1.1515476903425559,-1.6580244183223263
MNE,1986,-0.31290002679790024,0.857903903595169,-0.7330287519575003
MNE,1987,-0.17492930939754786,0.9205219434890124,-0.40133237753399764
MNE,1988,-0.2689567671019457,0.4276487355587138,-0.3285577165427334
MNE,1989,0.6809615292632631,1.1186883366240756,1.8936016943903633
MNE,1990,-0.6951677228836729,0.6432298576096862,-0.6584279275382358
MNE,1991,0.2337167211431467,0.8025280926274627,0.9989631030488247
MNE,1992,-0.12462995341726689,0.5137868375195047,-0.4013485763355861
MNE,1993,-1.0408814688740828,1.4477044408924749,-2.3252055005262564
MNE,1994,-0.3989743404692737,0.7477999603827721,-0.35515993615889274
MNE,1995,0.6304970734755843,0.9407605597217932,1.3712969114589966
MNE,1996,0.27359223962916707,1.0739906127513252,0.6120359536423702
MNE,1997,-0.5717195999548561,0.4899219082268646,-0.3529963501680187
MNE,1998,0.45225614642217793,0.5891914218979141,0.564043608761506
MNE,1999,-0.5961177403994061,0.5927563861599181,-0.5382342448233008
MNE,2000,-1.2279500372377932,1.8713926010411899,-3.0293122226328872
MNE,2001,-0.2143093719325585,0.45988847926929605,-0.31768168950525966
MNE,2002,0.24793168498602933,0.8777886664941054,0.8265625040170124
MNE,2003,-1.126910689705767,1.9819371116527538,-3.3761921329531894
MNE,2004,0.5300630617386037,0.8331558354254408,1.0160302031272972
MNE,2005,0.012109628166299754,0.5566466931954014,0.13742154490895395
MNE,2006,0.21767576430853305,0.4992368895563756,0.4806779281844119
MNE,2007,-0.8715095867065603,1.2064743640593396,-1.6333930114317075
MNE,2008,-0.6888166286570497,0.7493093806376556,-0.832146591010118
MNE,2009,-0.09260643714015444,0.5236062745889556,-0.029235218962499893
MNE,2010,0.09331527537563203,0.5812775013031306,-0.07147287223691112
MNE,2011,-0.6340558690595764,0.815928414533822,-0.7847154578825011
MNE,2012,-0.659188548455947,1.5136469534937491,-2.5459856654167017
MNE,2013,0.004990520145041172,0.9924492459188731,1.7101037481901795
MNE,2014,1.1454405246657684,2.184802796772057,4.28915645920581
MNE,2015,-0.9239364020579626,1.0490841311137749,-1.3090114027333506
MNE,2016,0.5754485048934446,1.0391339070365118,1.5575643021894134
MNE,2017,-1.15427531645347,1.4122105386452704,-1.8056029065392194
MNE,2018,0.07405499200470973,1.1711310017098322,0.5148933186110398
MNE,2019,-0.3631059793076926,1.0368862760167357,-1.1891155019721271
MOZ,1971,-0.4752334732888087,0.8886055256010482,-0.6743505864766655
MOZ,1972,-0.2213781676441686,0.8752585239838755,-0.1367148010351967
MOZ,1973,-0.5605067515391545,1.4456233398801934,-0.4330463124508709
MOZ,1974,1.0253300321390402,1.729066282745768,3.1178597285957688
MOZ,1975,-0.034450269891925386,0.5417368963819279,0.00847702748684735
MOZ,1976,0.5922450483939644,1.275984960621125,2.2285234075038707
MOZ,1977,-0.0391217318847287,0.6197925706781575,0.1481902229449449
MOZ,1978,0.7916648284144696,1.3495948067841934,2.1266155991040785
MOZ,1979,-0.0112579115143198,0.3804906252660196,0.13238936143493604
MOZ,1980,-0.3066010190465493,0.8378993670063674,-0.5940997812630301
MOZ,1981,0.23784127570537456,0.5955115941351494,0.2635385678890293
MOZ,1982,-0.04527592778123864,0.40861294427489553,-0.026263541317316782
MOZ,1983,-0.8502885376596342,1.0774226825146596,-1.3953649820011182
MOZ,1984,-0.10141137114867645,0.6795230773819947,-0.10831949470538042
MOZ,1985,0.5882564451263714,0.8995849713909916,1.1985444334490385
MOZ,1986,0.5227000694499011,0.8689755884643731,1.298815724501909
MOZ,1987,-0.6586096421762926,1.1066860335079554,-1.309981482417267
MOZ,1988,0.17405938059447434,0.880367629127801,0.7362588054487621
MOZ,1989,0.7221367267327833,1.3540695774902993,2.0268337442340676
MOZ,1990,-0.32663255800560004,1.0334735293611834,-0.4517297988686427
MOZ,1991,-0.39812820578515207,0.8582461339700427,-0.8126130887572887
MOZ,1992,-1.3179367215172257,2.3873467019525405,-4.372011572299488
MOZ,1993,-0.04349017531217743,0.5152860351462222,-0.09128378128292891
MOZ,1994,-0.764413445628655,1.0300240885088547,-1.2932949904176685
MOZ,1995,-0.8214125480486125,1.1726954097724755,-1.6157539561152827
MOZ,1996,0.22026001652290528,0.7620997048924942,0.2817073920750014
MOZ,1997,0.518006494461269,0.9552091539911485,0.9966960001503207
MOZ,1998,-0.3627054924386435,1.1011562384725484,-0.3450469537980304
MOZ,1999,0.3890328313355712,1.0946197711660326,1.109750127276037
MOZ,2000,0.4784632419674402,1.261206483343764,2.0068247237996655
MOZ,2001,0.6693308601538438,1.2857016995167434,2.0906731649061907
MOZ,2002,-0.32016713955825105,0.6832768208072765,-0.3607135917234267
MOZ,2003,-0.23273837802363817,1.286499978069215,-0.21701601672336876
MOZ,2004,-0.30421174078343544,0.906668676155262,-0.8133045701207642
MOZ,2005,-0.821054254956291,1.579485982688803,-2.261896055986793
MOZ,2006,-0.08293432539788273,0.8254670553297762,-0.3995517265056682
MOZ,2007,0.20967917357155472,1.1659518807571967,1.521651298363991
MOZ,2008,0.15809245515193035,1.3646459335374548,1.3030484397765807
MOZ,2009,-0.09670712572603057,0.4611517020678836,-0.026945015395544482
MOZ,2010,-0.4355413036086635,0.830932864426889,-0.75392037690303
MOZ,2011,-0.2541351216904367,0.6940647701955203,0.15946979092256824
MOZ,2012,-0.18805486129596607,0.48417409671621986,-0.34184547796967496
MOZ,2013,0.09756871064002033,0.7289874084653377,0.43299304948566314
MOZ,2014,-0.16909779489066099,0.6473801213719508,-0.6017442504466459
MOZ,2015,-0.5085719399493497,1.265894181304639,-1.0400968474558514
MOZ,2016,-0.9029908301501396,1.4385626338844588,-1.9663100648482854
MOZ,2017,0.24147530520963537,0.9456521214906839,0.5994471608941744
MOZ,2018,-0.3036212116015545,1.089844704420085,0.30923323551629034
MOZ,2019,0.21587481932960803,1.5744249103376242,1.7651097644479874
MWI,1971,-0.3175190793666054,0.676259374630861,-0.6199909595782742
MWI,1972,-0.40145333037132996,0.5693669782235394,-0.5596130222924643
MWI,1973,-0.6928377410857387,0.9667385520010008,-1.5021437622826275
MWI,1974,0.7667474569434438,1.464530747137036,2.8704062754355273
MWI,1975,-0.37385240216521043,0.5662601431480357,-0.4686623201450666
MWI,1976,0.5578252109953415,1.210649613105834,1.6549494944941965
MWI,1977,-0.26662275531546836,0.4447504792171203,-0.4325309888658515
MWI,1978,0.8590295365801621,1.4603758162585445,2.4285219142887753
MWI,1979,0.5361936243838411,0.9407622333232721,1.3554418562287758
MWI,1980,0.13368976234993912,0.9681621539133742,0.7434887734217869
MWI,1981,0.013043061580401982,0.4756113807256779,0.4539078934900663
MWI,1982,0.0046170334696491195,0.5072424139374664,0.24771285960099212
MWI,1983,-0.7797604224939781,0.8549005812394332,-1.0019879903031201
MWI,1984,0.052496777972790246,0.8115466914134343,0.3879115755674957
MWI,1985,0.7905511881465581,1.2172852542324304,2.191715258093311
MWI,1986,0.6963154111169781,1.2781807745662341,2.5795866378515244
MWI,1987,-0.5827657645639147,0.8901849581240292,-0.8067374742501435
MWI,1988,-0.035840642227447234,0.4605998234612168,-0.2375775806379411
MWI,1989,1.02085081311668,1.649996686343556,2.9566930080470457
MWI,1990,-0.5546056266262045,1.0684747713550435,-0.7080057915843878
MWI,1991,-0.06447305957086076,0.5443749259103557,0.2758170202630829
MWI,1992,-1.0224052488210496,1.6284422478118676,-2.7332517558129696
MWI,1993,-0.007999822148448854,0.6358151123695204,-0.1273522670729177
MWI,1994,-0.9277485241258193,1.206619260888245,-1.6854350673024368
MWI,1995,-0.9822586647813628,1.4789043559334627,-2.274008346623044
MWI,1996,0.2395132840890713,0.9420179323528551,0.630510263758412
MWI,1997,0.46531246813674754,1.3531827043938944,2.019207685724618
MWI,1998,-0.32640380799929675,1.0995250424110823,0.15550878989895964
MWI,1999,0.014432727834300711,0.9879617989868504,-0.18426462750868527
MWI,2000,-0.2354116865727888,1.4062974210836703,-0.6467860245242987
MWI,2001,0.09493600436243081,0.6351238790006565,0.2916379176491016
MWI,2002,-0.036136661747232915,0.5228097622503515,0.23116664198355402
MWI,2003,-0.03904590170665833,1.177389579195909,-0.15257700822815864
MWI,2004,-0.03210847498911671,0.9669108683559069,0.1849579771672737
MWI,2005,-0.8788324887680194,2.050126211487103,-3.1256759819683344
MWI,2006,-0.11031691930154605,0.6841310448292077,-0.22389994083749373
MWI,2007,0.15837013115303586,1.6132418550102128,1.7329647307645433
MWI,2008,-0.0396365026102654,1.11022256709401,0.8267373363281155
MWI,2009,-0.12094680247448884,0.5249312098048688,0.05025520504111524
MWI,2010,-0.3975750722283461,0.6497580730307867,-0.4098498166097563
MWI,2011,-0.08095188440670745,0.8361522330523044,0.6305557934809486
MWI,2012,-0.11205740171234296,0.5344667968819079,-0.18510372198609687
MWI,2013,-0.47327162061043204,0.6982780675971679,-0.7014480292110348
MWI,2014,-0.2352907510736273,0.6639203981575019,-0.4701495731583697
MWI,2015,-0.9164163580342777,1.4916314263101789,-2.2314605353699553
MWI,2016,-1.0127340940943756,1.6535097285958815,-2.614817428126329
MWI,2017,-0.2452414196740437,0.3563429641693676,-0.16799829433555064
MWI,2018,-0.48095507970005996,1.2034458459951967,-1.5604225645977892
MWI,2019,0.5144566179427242,0.7178656318762585,0.6862966724012609
MYS,1971,0.7998706784861304,0.9756363571386765,1.3678809357349575
MYS,1972,0.035256799130582855,0.7702526144800798,-0.4703596825155405
MYS,1973,-0.31086943333609596,0.6537925559643368,-0.6789580879023176
MYS,1974,-0.14337341609372814,0.48981476486475384,-0.16983345813061276
MYS,1975,-0.0022772792634429134,0.3488842865558266,0.11118425009349978
MYS,1976,-0.12560501244334818,1.383185392547719,0.17696739377525333
MYS,1977,0.2512344677996044,1.065694596555363,0.24363204556610424
MYS,1978,-0.17339313421292715,0.4143413933398107,-0.5394083089779492
MYS,1979,-0.5318948699084151,0.5965136673391458,-0.5551806471616361
MYS,1980,-0.08096949372692983,0.6266575624871301,0.09398351225560464
MYS,1981,0.054516203710927406,1.2431718814881556,0.8177106800282906
MYS,1982,-0.2852081421927405,0.8422771542891517,-0.5784960602528867
MYS,1983,-0.2830057665466456,1.593095344182296,-0.6218544460925569
MYS,1984,1.40664656140323,3.4332498227037482,7.880382372222357
MYS,1985,-0.08749343902615092,0.4613321549201671,0.06806816904496173
MYS,1986,0.13892451073982545,0.9769714456103895,0.5633125660786671
MYS,1987,-0.31486483300629553,1.1121611108091412,-1.0914591516705159
MYS,1988,0.06104283124462015,0.47180592727660897,-0.1689190677306108
MYS,1989,-0.17980859453344716,0.6839485298884513,-0.4317693717925966
MYS,1990,-0.7169097035707255,0.8036015651504309,-0.9093043710244443
MYS,1991,-0.04072213276392069,0.9986997369187228,1.3200592850220239
MYS,1992,-0.07516054050908827,1.1395085464042443,0.15858850150242845
MYS,1993,0.3390026725293445,0.7668753831926006,0.9576097071038204
MYS,1994,0.3704112450080258,0.5167857266587118,0.49743793850141393
MYS,1995,0.5256718301158714,1.3548018636026071,1.9694171026698535
MYS,1996,0.807253562816338,1.3897432768435125,1.712002115377213
MYS,1997,-0.6008059573323504,1.4737949948957025,-2.0601217559081517
MYS,1998,-0.9187990450003023,2.0220534593950568,-2.957909810354754
MYS,1999,0.4581994200248553,1.1999355028613108,1.842626090001524
MYS,2000,0.17309106569670493,0.5903881921115939,0.21762711454698289
MYS,2001,0.5188248839512728,1.032628218246798,0.9723702204032734
MYS,2002,-0.7497479130964052,0.901253735624525,-1.0221136978005438
MYS,2003,0.2171888024218671,0.5706348928874336,0.41946416149776
MYS,2004,-0.012942872578170617,0.4961434952671765,0.233773080263735
MYS,2005,-0.44254478929600227,0.9459304377765779,-0.46031837510884877
MYS,2006,0.6811906252833103,1.503719617115754,2.969039307043566
MYS,2007,1.3441040285497694,2.661096253694106,6.0340596796503485
MYS,2008,0.7273613134074804,1.0277978262735343,1.3166154747799035
MYS,2009,0.7176327111493153,2.5961383849035022,4.123763387885428
MYS,2010,-0.7219716322529468,1.1425935063509105,-1.390541340426205
MYS,2011,1.064421820782848,1.9046693941709583,3.4858760256142007
MYS,2012,0.6250666596903038,0.8634651620985856,1.2419907303088593
MYS,2013,0.44023758636356514,0.46885257116725865,0.4278770855076312
MYS,2014,0.2756975271909883,1.357287915251858,1.4064838844698693
MYS,2015,0.08970111748510373,1.74445643710977,2.0707080415645587
MYS,2016,-1.0604244648435692,1.847688274732251,-2.7138492031190085
MYS,2017,0.2380367063459332,0.7792444284506643,0.3959490648781343
MYS,2018,0.5319871664503601,1.0320893304713663,0.6201726129492101
MYS,2019,-0.8895370736404302,1.7212599078708206,-2.7287122613441017
NAM,1971,-0.29862942966143347,0.47647617573640755,-0.4431086344897679
NAM,1972,0.7770541253310922,2.3033632679153317,4.397352183401316
NAM,1973,-0.6568437133955224,1.1072512914923225,-1.4328238207690334
NAM,1974,1.583427638300443,3.235995701193423,7.069992709144113
NAM,1975,0.5223508369655836,0.8906792263156672,1.2568192998532082
NAM,1976,1.4710937212199096,2.891747911896496,6.6920130137351
NAM,1977,0.481830901616381,0.540299061654514,0.5757046884446413
NAM,1978,0.49480844149963144,1.1201113679107013,1.888027411858099
NAM,1979,-0.25148668514820127,0.6611968562146506,-0.3998565916420984
NAM,1980,-0.15087460030561325,0.7854386486495494,0.19628043471420514
NAM,1981,-0.7034238073096274,1.0128397137178529,-1.1946016525483718
NAM,1982,-0.21500526927746444,0.7771930696963805,-0.36305302185813493
NAM,1983,-0.5706897381058047,0.6330478109563988,-0.6808359589798073
NAM,1984,0.2205140485567182,1.3586345029633784,1.8112534913034621
NAM,1985,-0.4722482770434092,0.4085116355843712,-0.3744823405294273
NAM,1986,0.014113200869065489,0.24237908383734047,-0.005475516693603549
NAM,1987,-0.7769912074885741,0.9726966462380537,-1.1944889861715573
NAM,1988,-0.0025354647612678,0.6940433555245866,-0.44376196372170174
NAM,1989,0.6093155103854621,0.9370270132163827,1.3206550469717337
NAM,1990,-0.1538528268964671,0.3701749439193103,0.021526854329127536
NAM,1991,-0.2089528836607116,0.35748300053241083,-0.1305435561416278
NAM,1992,-0.8833419674704778,1.1333253476828633,-1.5040997123878814
NAM,1993,0.0011165123664659757,0.3280453317089719,-0.0679970791681243
NAM,1994,-0.316464171069664,1.3042593387757688,-0.21085381961934355
NAM,1995,-0.9250046721579803,1.2481423784110335,-1.8361782009421048
NAM,1996,-0.8216617918079573,0.8219338962438878,-0.9137949786816134
NAM,1997,0.33019813489210886,0.6380935122653889,0.2619447054288467
NAM,1998,-0.6566092923995293,1.0960490870972488,-1.1621076308355047
NAM,1999,-0.45358940376558354,0.5246302823641172,-0.5199959204368654
NAM,2000,0.8382393397568982,1.2956268958374149,2.1870801355337783
NAM,2001,0.7014654961266916,2.181759289398095,4.81696728579551
NAM,2002,-0.07469034496450862,0.35687518489225944,0.02389850765465107
NAM,2003,-0.12058317254494101,1.0122635595365554,-0.028843701875503926
NAM,2004,0.4220148771173948,0.7100066219161247,0.7117788886767318
NAM,2005,0.017938196602627195,0.865539791823468,1.2943235176832666
NAM,2006,1.961594402186556,4.714585640696363,12.34400884522407
NAM,2007,-0.6256346803236235,0.7991938437242418,-1.0703272285516943
NAM,2008,0.4261720249712266,1.0768036848871558,1.4073552706574686
NAM,2009,0.14986790371371012,0.4509796977943709,0.041531104184980655
NAM,2010,-0.2416150192582649,0.4889232880307166,-0.4929688889494368
NAM,2011,1.4412468848608588,3.467572662661127,9.492832977305167
NAM,2012,0.04762729123219778,0.4778573983796711,0.16521216869366592
NAM,2013,-1.267630969691441,1.9080391746717926,-3.0468827009503645
NAM,2014,0.9378084921189906,1.406521147420974,2.0939800964312836
NAM,2015,-0.32621551702355406,1.3381717930006753,0.19344904727572187
NAM,2016,-0.9298362451441199,1.5600833977643533,-3.01209740421291
NAM,2017,0.10533501219532043,0.695429447371888,0.005710706449287506
NAM,2018,0.028723881603995825,0.5073849239726438,-0.11478193931145678
NAM,2019,-0.7569533243667885,1.2717586231164342,-1.9510273881559612
NER,1971,-0.30301431356865693,0.635839853098271,-0.4154871845352998
NER,1972,-1.9738819109536587,4.716611658612711,-12.132683591131652
NER,1973,-2.2663471937619217,5.289171981041703,-12.709573243143417
NER,1974,0.4738735392397455,1.2369095209206402,1.3480687698131566
NER,1975,0.22403935304327102,0.0726888933827027,0.02970945527030948
NER,1976,0.09585534263803797,0.21468170769677086,0.11324347937956031
NER,1977,0.9269080578389598,1.559843574024744,2.154877986539137
NER,1978,1.5922270591668826,3.3113825689332983,7.2571430063575395
NER,1979,0.9593828297416083,1.6556329563911556,2.9453622604343237
NER,1980,0.21651743503337084,0.456819576284801,0.25651773673485967
NER,1981,0.1598125846300022,0.11872509751084023,0.057525930342078195
NER,1982,-0.7865056442865167,0.6612342417439306,-0.586974849089667
NER,1983,-0.7882542639023112,0.6431017846016964,-0.5384561624975185
NER,1984,-1.7549232914377217,3.55359014999956,-7.536756027820015
NER,1985,-0.41901321383235335,0.1868520516514102,-0.08728525048732275
NER,1986,0.9251814952422585,0.9492689266579665,1.0456669781593575
NER,1987,-1.784722126100011,3.333826069345717,-6.475019068748162
NER,1988,0.7747550453111709,1.0184412368180733,1.2352294617861546
NER,1989,0.8708439237875856,0.7727766769327322,0.6964250818315856
NER,1990,-0.27076611997181865,0.1358694485236342,-0.08358000410690447
NER,1991,0.40384941404322516,1.545326303697797,2.8661227780162837
NER,1992,0.129823543275223,0.2941209830890148,0.08815899820728698
NER,1993,-0.8702560465988866,0.7759839976025866,-0.7089853429342948
NER,1994,0.8430976115522314,1.2430809777977614,1.787027647012322
NER,1995,-0.5189791264324726,0.28054900812779393,-0.15775307999539506
NER,1996,-0.7752802472149727,0.6985448633559109,-0.6816354752872816
NER,1997,-0.6654053657079704,0.9603952670636074,-1.2197749800217768
NER,1998,-0.12189017577436248,0.7100605698103173,-0.7050319374755416
NER,1999,0.5411723877389911,0.7012199164593047,0.8202053920504322
NER,2000,-0.05379608467654885,0.014854944566303744,-0.0013424503242808357
NER,2001,0.5097224350794798,0.32751213173631305,0.24264015280801082
NER,2002,-0.9857475585858562,1.36774160026353,-1.9425025234238484
NER,2003,0.9126524757547617,1.4285746114919227,1.902693234301662
NER,2004,-0.7643221784470806,0.770386127303545,-0.8669511250163537
NER,2005,0.14362317863023982,0.0693081434992492,0.03177712792391124
NER,2006,-0.2300098485214746,0.823069260913991,-0.5890021236220835
NER,2007,0.16749986927555416,0.1916634146511684,0.012268015265558693
NER,2008,-0.8423993624220484,0.7537345639339751,-0.7073349296642586
NER,2009,-0.9161781850269901,0.9536411460253007,-1.1020040045356267
NER,2010,0.2177516087952606,0.28630487974004537,0.053597144642596954
NER,2011,-1.027375832407007,1.0895211234742601,-1.1864818017383831
NER,2012,0.2532841449232197,0.44479763879476786,0.3405446533378345
NER,2013,-0.09550026888127047,0.9262553409679571,-0.7821396107985054
NER,2014,-0.8069547710557748,0.716846351053184,-0.6953495291913954
NER,2015,-0.7933090869404228,1.3586526912219556,-2.5996242126039566
NER,2016,0.14164015302119054,0.11567249170927667,0.010601993210728581
NER,2017,0.12824536635462797,0.6632680058909519,0.11987501476622475
NER,2018,0.4434701415176666,0.2882670339242604,0.20588680782089638
NER,2019,0.21707747794603716,0.24648182270705848,0.2228367016107877
NGA,1971,-0.3922986304498674,1.2952472205761052,-1.3667703517812368
NGA,1972,0.25784929497489417,1.2685537692065716,0.8641592209721817
NGA,1973,-1.2169898201684242,2.408418026755441,-4.752779044119143
NGA,1974,0.07057926157629126,0.7863877761928505,0.2310045757864061
NGA,1975,0.42493777556548196,0.7995819290245099,0.8767946105113863
NGA,1976,0.38311542842810115,1.3371212885985133,1.5800557641844117
NGA,1977,-1.0117428189861115,1.804704050209959,-2.9171678398337395
NGA,1978,1.4811447597792022,3.9554004649049768,9.856867034542304
NGA,1979,0.5345872191202337,0.8557018605269819,1.1635509661974053
NGA,1980,0.26729955316038767,0.5637679292301181,0.516409752508245
NGA,1981,0.32579905058073816,0.7586541466208503,0.8406643400068735
NGA,1982,-0.19855407971640227,0.4913678006925168,-0.34637355435571326
NGA,1983,-1.1230447693870198,1.7830162383511405,-2.9142535725985694
NGA,1984,-0.3712461803528364,1.0102319190538616,-0.8944372928534445
NGA,1985,0.04489486460304041,0.4222358033881793,0.0879928040384889
NGA,1986,-0.5619986362959754,0.7979393793159575,-0.9529829009114057
NGA,1987,-1.1195284935276002,1.8278188351151061,-3.1173458293110325
NGA,1988,-0.0767234856288848,0.7145082905670455,0.050706029231923626
NGA,1989,0.16584491985103428,0.41152479002233033,0.2183815493063491
NGA,1990,-0.18200947640356718,0.4655547091303317,-0.15229560233363518
NGA,1991,1.0477174647465413,1.7379330734560896,3.0453046773894425
NGA,1992,-0.10291445724684796,0.49108614842178194,0.04479362175875976
NGA,1993,-0.036340037792230044,0.6125098006991296,0.2383792265310571
NGA,1994,-0.15720242444212498,0.49823364524789593,-0.058977102903048584
NGA,1995,0.20026166327858547,0.8050665224364646,0.14395585520994922
NGA,1996,0.393867864602071,0.4716322108708575,0.3630270070779316
NGA,1997,0.5621175670895926,1.4401480328121807,1.3561923583572693
NGA,1998,-0.7308256121010476,1.264603886142327,-1.6146919961587367
NGA,1999,0.08017271916279614,0.7954955152887047,0.661650300252854
NGA,2000,-0.11110296468786275,0.45626158407066103,-0.16013480478511213
NGA,2001,0.0659273899988305,0.6873022425801959,0.36753611571816625
NGA,2002,-0.3610703128471815,0.9305908148311124,-0.6420949101877013
NGA,2003,-0.02870355379424197,0.959400331386554,0.22818532188521656
NGA,2004,0.06262636589730751,0.6414204563051303,0.1477831587649435
NGA,2005,-0.007963248513447077,0.6473832547162497,0.1661879636896045
NGA,2006,-0.21906370307811565,0.9000825780149938,0.17058416815955618
NGA,2007,-0.01216262917932176,0.7992901813478844,-0.006140968896482888
NGA,2008,0.06203855827875449,0.9484674435780603,-0.263951805918131
NGA,2009,-0.046196644381519124,0.8360103250904751,-0.1683591352747763
NGA,2010,-0.5271395183933624,1.3188484079547158,-1.0761580723919795
NGA,2011,-0.802015686203598,1.5944809686727388,-3.0669365415892917
NGA,2012,0.5084956828253833,1.0448067548683622,1.2587256348609874
NGA,2013,-0.854612601385435,1.6617098132868524,-2.9396036794328104
NGA,2014,-0.6419276928747676,1.8459824119789927,-2.6991113869504058
NGA,2015,-1.5084465842210752,3.122000908749104,-7.411244748188081
NGA,2016,0.06301957278538849,1.1093251954837184,0.04294336794771916
NGA,2017,-0.34487935846045453,0.8778675652328546,-0.8684247281030115
NGA,2018,-0.4231873987488878,1.117897884751029,-1.2652059348642937
NGA,2019,-0.26747405921939793,1.2148083434729247,-1.7003984121444353
NIC,1971,-0.14752086223468353,0.3942359605224413,-0.14522037135786292
NIC,1972,-0.33551558614569976,0.5442935185786756,-0.4345565354761145
NIC,1973,0.4920321294949698,0.7451007598801185,1.0381893606364296
NIC,1974,-0.1702497016853015,0.4581061703176091,-0.2281079275648378
NIC,1975,-1.2100102226024583,2.2573187476709804,-4.1626207572477
NIC,1976,-0.0919191075663844,0.44228209435392024,-0.15686800689109115
NIC,1977,0.08922846157068721,0.8416955191579425,0.4833695290840231
NIC,1978,0.10281333527095526,0.3873216319641357,0.15528074619169294
NIC,1979,0.4298397190623316,0.7412734640681408,0.5039688953376996
NIC,1980,0.35787491720794473,0.5308922386895016,0.5020239125462574
NIC,1981,1.3309605581995676,2.7391000995113566,5.517728809154238
NIC,1982,0.9844958667280203,2.5219169645408006,5.271474897449444
NIC,1983,-0.5808018939848186,0.7441234121666083,-0.8606448890682703
NIC,1984,-0.3256452595336881,0.5798391737546539,-0.40169231706530545
NIC,1985,-0.5661666153527899,0.46597732326045027,-0.4069042769053861
NIC,1986,0.659755643268677,1.1929180091254519,1.7823444843516336
NIC,1987,0.23358246802180058,1.5931459481512327,2.743137135572436
NIC,1988,0.48865436953432495,1.0633021738050976,1.6618153761163457
NIC,1989,-0.03638026758746969,0.9217661311875285,0.5767818937932873
NIC,1990,-0.3392901429007528,0.7681651559496752,0.060072839636415624
NIC,1991,-0.5147959411770316,0.6084259397037447,-0.6861841587948811
NIC,1992,-0.20746659149896948,0.5217321642412783,-0.3513941150765654
NIC,1993,1.2266164632829977,1.9280779334414446,3.326432216776082
NIC,1994,-0.9014369917542752,1.218971718443378,-1.7831911415219648
NIC,1995,0.35865593857628036,1.8975454098828737,2.9640517296979567
NIC,1996,0.3615924816705821,0.5115682126249904,0.3617076205227265
NIC,1997,-0.4242165970722068,0.44854263751310175,-0.47764421258641887
NIC,1998,-0.6936602022381099,1.0941728076858293,-1.4759929175723305
NIC,1999,-0.2743746645830654,0.6200277982521002,-0.6517429354519978
NIC,2000,-0.4898445671113849,0.48809233165815463,-0.39228523804917503
NIC,2001,-0.7837776414823643,0.8664108806399146,-1.0602314300420264
NIC,2002,0.5987112586700111,0.8047227544137148,0.6920319493762678
NIC,2003,0.68588304560102,0.8017056790209993,0.9517407458049087
NIC,2004,-0.3383286385949372,0.6781441415316805,-0.12410772381716023
NIC,2005,0.2791663786131313,0.38761133188069635,0.3450836191427705
NIC,2006,-1.3204847589273785,2.459175449000171,-4.936003797225726
NIC,2007,0.13558876383658783,0.10702434486633469,-0.009378549314170991
NIC,2008,0.6960336576115767,0.9618853616013195,1.3751269802642818
NIC,2009,-0.08359946389588276,0.5455046837538036,0.04280150260833901
NIC,2010,1.2088319240506924,2.775039674614654,7.07878968349216
NIC,2011,1.4217928724398479,3.1825364171612507,7.68183871243056
NIC,2012,-0.39055848870744125,0.41993882443113273,-0.34485098673264575
NIC,2013,-0.9999569693725073,1.1993936512175352,-1.602832850706629
NIC,2014,-1.5966892861298756,2.849459644276285,-5.5326780673496305
NIC,2015,-1.0526477561652263,1.625908581435855,-2.74019377649185
NIC,2016,-0.7076495547088206,0.6370814752414852,-0.6615898538750733
NIC,2017,0.6216809333261383,0.6493485555826409,0.6477043197379917
NIC,2018,-0.6680436050321199,1.373789741488079,-2.2147213061943405
NIC,2019,-1.5593866542885695,3.127445098056408,-7.269107423399883
NLD,1971,-0.09857947527381299,0.7076268124732928,-0.25361586897209687
NLD,1972,0.7562994255294639,1.1024291628341945,1.4424882134314871
NLD,1973,-0.17150945495272313,0.3155810602524259,-0.14666471845019016
NLD,1974,0.26562606817449813,1.266812148477063,0.8986073717589157
NLD,1975,-0.30602533539727117,0.3295009010125305,-0.21182419654642332
NLD,1976,-1.8270345405567197,3.665362227252369,-7.864698157001243
NLD,1977,0.034005642505616496,0.24190990907825038,0.07148379816543862
NLD,1978,0.17139621690486528,0.14752550688273058,0.04735655555826021
NLD,1979,0.46971430949804693,1.5303306983582416,2.67047656878426
NLD,1980,0.22499350019677095,0.6263870420980988,0.5558468934544994
NLD,1981,0.17978692346810904,0.3768167777823429,0.21957711162273463
NLD,1982,-0.5682725734395171,0.4851046341540337,-0.4976030237478705
NLD,1983,0.12559020969004256,2.5409851151561735,2.3419327921323756
NLD,1984,0.7252472419270511,0.8781155671265892,0.9560033860515254
NLD,1985,0.7516793446483515,1.205200985959891,1.8001847875148913
NLD,1986,-0.06473685159290214,0.29098309056557115,-0.04605862706420553
NLD,1987,1.1291060969352718,1.7226673471367764,3.1679064186142183
NLD,1988,0.3411954669019645,0.8580928551532677,0.19206798681254955
NLD,1989,-0.7814549510285864,0.7671216888736415,-0.9119802147341918
NLD,1990,-0.5183842066351844,0.477534821021938,-0.581757927753559
NLD,1991,-0.4618300221866225,1.0356390903885235,-0.9594347675125419
NLD,1992,0.12612996233646886,0.6323578052356622,0.04322512736081212
NLD,1993,0.6498738794131602,2.0436002340922466,2.691123447253097
NLD,1994,0.2718519646461024,0.9392800077196853,0.6268322255743027
NLD,1995,-0.9838544293602274,1.3238581555840878,-1.9274546260658523
NLD,1996,-0.48273405980311607,0.8957536818207255,-1.0279101258673267
NLD,1997,-0.1642946774463041,0.8011416307285834,-0.2294396173103045
NLD,1998,1.164477255152141,1.9662871260410872,4.229707102332298
NLD,1999,-0.4036272995925496,0.33585089167290477,-0.27173980521091934
NLD,2000,0.4534950798389348,0.4862391539409337,0.522195653220678
NLD,2001,0.38306527781740124,1.1813974649880752,1.5952309993596239
NLD,2002,-0.19008644993871676,0.2670158116656551,-0.11163227057136886
NLD,2003,-0.9101720650568026,1.1507165480486892,-1.7066132262965885
NLD,2004,0.19516098111821784,0.5304090489718987,0.29882546305899155
NLD,2005,0.16384248890462427,0.2336340522198659,0.04207056582062696
NLD,2006,-0.08457317778312809,0.5637031770165757,-0.24426217529395167
NLD,2007,0.8094305108502428,2.131158630918465,4.709668476576586
NLD,2008,0.11531209476886639,0.31845426292903634,-0.014476536005382606
NLD,2009,-0.6944156450742824,0.7466258443026561,-0.8595401292247555
NLD,2010,0.281118120370468,1.3755169376073622,1.1739599239624794
NLD,2011,-0.009152556043582612,2.7864161921395016,-2.1433402220826494
NLD,2012,0.6848095121356528,1.144861982826906,1.6459647305259262
NLD,2013,-0.1926610236641239,0.42880701015456135,-0.23086096430176795
NLD,2014,0.4209667255263986,0.9265424157823369,1.023784307393921
NLD,2015,0.16818372194535142,0.9283687473787096,0.43416885936930555
NLD,2016,0.23607210380090132,1.6856753752241314,1.0735523602278891
NLD,2017,-0.31787422364555246,1.068677909845158,-0.9570134901523161
NLD,2018,-1.388735035342144,2.9453089328907573,-6.872086679024996
NLD,2019,-0.5305993088347358,0.5759697903132259,-0.6300216743388305
NPL,1971,1.0086945094053734,3.7118790109308755,6.258933948705449
NPL,1972,-0.9766474159863419,1.9830839219834773,-3.768406077612002
NPL,1973,0.07992507094825413,1.0247894120175458,0.47992566091836475
NPL,1974,0.060041224150342465,1.3806864151818663,-0.009745398320074141
NPL,1975,0.20827718838205322,1.1089455366697738,0.7067298140678652
NPL,1976,-0.30802733074499916,0.72062124230496,-0.36427791762098755
NPL,1977,-0.30355728454790604,1.1003835115604716,-0.8412738633911854
NPL,1978,0.5749824662482785,1.4253905415479986,1.8800649063802157
NPL,1979,-0.6718394372299863,1.2230483073772755,-1.9807030092437834
NPL,1980,-0.26753035055714125,0.5825183725143549,-0.2311116536400981
NPL,1981,0.29708181770224884,0.6434090105640705,0.44168347514628875
NPL,1982,-0.2285524176322507,1.252649901178938,-0.32900696487958636
NPL,1983,-0.1568043861118398,0.819127090900475,-0.25620861152025
NPL,1984,0.5422825798218077,1.2285183496483718,1.4617534743750729
NPL,1985,-0.3402280702194963,0.9425999410825152,-0.5078666376141685
NPL,1986,-0.011405686573576665,0.4871571072849744,0.02777600964672041
NPL,1987,-0.0795191974624831,0.7649180701125602,-0.04042533019114923
NPL,1988,0.3777746933012224,0.7894534820748266,0.5227724020678843
NPL,1989,-0.07792579751273152,0.6277452983608908,0.02233953451460237
NPL,1990,0.8625923937097538,1.5281067142983906,2.868105400247168
NPL,1991,-0.4868041682993788,0.7401332428289538,-0.7368581507041757
NPL,1992,-1.356940903413784,2.150104887966111,-3.7056711447268564
NPL,1993,0.2016569802421198,0.6267228237769884,0.3304198950076215
NPL,1994,-0.5790021228945766,0.748442631202589,-0.8937833465454383
NPL,1995,0.04030605393141049,0.9283561496151829,0.3443340701026741
NPL,1996,-0.11368336438691122,1.0014073572268314,-0.39641885734392857
NPL,1997,-0.08906809350164571,0.5680687328266852,-0.20920661998826995
NPL,1998,0.6856464689127927,1.0739177526442356,1.4236514645393081
NPL,1999,0.055439572707060486,1.5494922570991632,-0.9641490183903755
NPL,2000,0.8722246659040824,1.5137200715716586,2.8409050846545747
NPL,2001,0.31331299816130576,0.8993482863728163,0.7229611458496248
NPL,2002,0.02009415988118187,0.8957750246689905,-0.46373409147181127
NPL,2003,0.25314031185207175,0.7162582814036639,0.5420064107060664
NPL,2004,-0.2931761143091936,0.929100722450194,-0.5511326120149822
NPL,2005,-1.1149990183012577,1.757908459093277,-3.2445575776572504
NPL,2006,-0.4910008680594473,1.290503273837573,-1.3770788751072263
NPL,2007,0.0886197947306881,0.7484268313310466,0.4201563041977418
NPL,2008,-0.14450020092491453,0.7828682082640632,-0.042899443820228304
NPL,2009,-1.093291132130827,1.794929640055709,-3.2416661168174663
NPL,2010,-0.7492917122604221,1.8456539220072403,-2.473755308724832
NPL,2011,0.026934411068824538,0.4193210417637071,0.023001931686902913
NPL,2012,-1.0145604480435395,1.7851077242825,-3.361579902342575
NPL,2013,0.08050594586382165,1.0112714471560516,-0.002769642305972816
NPL,2014,-1.162881001251663,1.8848877482867987,-3.4456320435716195
NPL,2015,-0.7231333307092154,1.953848883953887,-2.6470444386787952
NPL,2016,-0.4387810678977861,0.9115076078424504,-0.9964681152530481
NPL,2017,-0.33608024358029187,1.2406608804123362,-0.7874894398781318
NPL,2018,-0.3037204054101645,1.641184175824763,-1.5640462451887758
NPL,2019,-0.7425038986313182,2.330169430088631,-3.3004037166505613
NZL,1971,-0.07337076794180701,0.8195162801502369,0.3691767467559158
NZL,1972,0.32184553250838344,1.9654718101756354,1.4727694520002208
NZL,1973,-0.8899966289246131,1.8773459206930656,-2.5523789644422075
NZL,1974,-1.52764120299726,2.705226847374049,-5.408813176178544
NZL,1975,-0.7905500796822313,1.8285370672056898,-2.16092839527687
NZL,1976,-0.7800337952047746,1.5858662452220367,-2.0707975808537604
NZL,1977,-0.06479261065497471,1.0915281211759327,0.49710121287808473
NZL,1978,-1.01365526068522,1.824429097605822,-3.1591812813148277
NZL,1979,0.28029384137680324,0.8321965941399593,0.5003323687727108
NZL,1980,0.533856422639531,0.9767923983685259,0.9794922330384238
NZL,1981,-0.4785464649914923,0.6610178779914602,-0.6550922384016747
NZL,1982,0.5128323396209847,1.0677801265916256,1.4907643305266423
NZL,1983,0.7131835515047351,1.7738912786935646,2.7096206515606247
NZL,1984,0.8163106583210192,1.3633737688803207,2.4219113114484596
NZL,1985,-0.36257279303885037,0.7655253588769757,-0.816790572207384
NZL,1986,0.017081651853703084,1.028903340356133,0.6220727492594309
NZL,1987,0.5863310405495153,1.0973902965029054,1.50067353809324
NZL,1988,0.3990546469295636,0.6521430739486008,0.6978337211398945
NZL,1989,-0.005538546793985855,0.9957402238805855,0.2697449644257591
NZL,1990,-0.3568970776821675,0.3614792153730452,-0.2560686797724435
NZL,1991,0.29213736165565607,0.5506507735325298,0.647032633464552
NZL,1992,-0.08865035565552257,0.4960806350938387,-0.10404404587455582
NZL,1993,0.3033621552413389,0.5154899983780158,0.5128239556897234
NZL,1994,0.27818276185335145,0.4213957733536504,0.26687368723264465
NZL,1995,0.33610125172161476,0.976899119488013,1.0336149127632401
NZL,1996,0.18848511783671243,0.9955587653044002,0.7220116942689687
NZL,1997,0.6088093878759886,0.8463069783075291,1.0772160138334315
NZL,1998,0.1943844140710444,0.7415035564847096,0.5537012289732317
NZL,1999,-0.4324726080809107,0.7480189315828262,-0.5626539273927534
NZL,2000,-0.06614183065681957,0.5817385173763696,0.12392316198302826
NZL,2001,-0.27068352903281345,0.7840329814169862,0.11153796625196233
NZL,2002,0.29996994736529775,0.7070845878216517,0.8631787187693414
NZL,2003,-0.5860970984615308,0.9087838925934497,-1.1963461490365344
NZL,2004,0.46382304657792595,1.11463286953453,1.4936146176829201
NZL,2005,0.2327581215240328,0.6848097202452101,0.38719224281022735
NZL,2006,0.8551581439019974,1.145582284621288,1.8281538385823823
NZL,2007,-0.3564741129489456,0.3902952209672056,-0.2748711339332036
NZL,2008,-0.5714442609428512,0.8134259104170886,-0.9872658997672619
NZL,2009,-0.3305785068032577,0.2610414077335286,-0.20373924247633748
NZL,2010,-0.17234143012607264,0.5595976243228817,-0.39959052190626426
NZL,2011,0.2682945437057122,1.1964851333261763,0.8191083290292387
NZL,2012,-0.13688702512919382,0.8125404505194475,-0.29443131808505657
NZL,2013,-0.8216925581877401,1.1269658503698723,-2.043688459654966
NZL,2014,-0.19213900247838633,0.2938050356491588,-0.1463319724139819
NZL,2015,-0.46559617754948074,0.3361016445595951,-0.26658403937490016
NZL,2016,-0.31983772903640517,0.32119894452648556,-0.30522461504065396
NZL,2017,-0.6028865616526737,2.289124664876027,-1.2725788109445997
NZL,2018,0.5149949599364617,1.7216117906948045,2.926447300990984
NZL,2019,0.05014535997027686,0.49283035823541005,0.1451064328087691
PAK,1971,-1.220815903566513,1.770517303356657,-2.869368922163458
PAK,1972,-1.398759411895835,2.6169702575347014,-5.420520251910128
PAK,1973,0.1524438014263557,0.534692231731362,0.4756183717464523
PAK,1974,-0.2687580812345948,0.7232270738547727,-0.1851393255405516
PAK,1975,1.2009686240582402,1.765526049715295,2.8904591302659224
PAK,1976,1.6277855663814054,3.3718547890731783,7.356205623446667
PAK,1977,0.48339533171246013,1.1763782394728133,1.8560561488584681
PAK,1978,0.3738471364783702,0.6184952882193872,0.5829351225422368
PAK,1979,-0.17159747373714848,0.6979475602550195,-0.05344216555294199
PAK,1980,-0.7782759111642176,0.9724259052820167,-1.2404022453876862
PAK,1981,0.24287460762769628,0.43109336744691124,0.33555398726341745
PAK,1982,-0.35747460406595094,0.4884412602262605,-0.39449424596024935
PAK,1983,0.607618718051798,0.6977267848045108,0.7095598552171081
PAK,1984,-0.06083456956443152,1.3107949041222748,0.04778549469305179
PAK,1985,-0.7153478544868217,0.7743328829444353,-0.9567408343472713
PAK,1986,0.1587589864626895,0.4926763745230508,0.3306556876374465
PAK,1987,-1.058377401881984,2.4365593224213087,-4.086792444640753
PAK,1988,-0.14254855081133191,0.6343990110293292,0.19149123007973465
PAK,1989,0.5811821686364863,0.7456169507760431,0.9663538356139504
PAK,1990,-0.4863400109462356,0.7795570821503689,-0.6212952447316475
PAK,1991,-0.6039631539276539,0.9101092109567381,-0.9859292924681575
PAK,1992,1.2207256639292803,2.728456974165838,6.505777638679415
PAK,1993,-0.46569141215016036,0.5856905838547939,-0.6458002763341952
PAK,1994,0.6265552681941987,0.8242692267076283,0.9794378830599673
PAK,1995,0.3047442094995688,0.3486578005688862,0.23284637719496842
PAK,1996,0.23363274770717918,0.6533797398236335,0.6465959461397794
PAK,1997,0.44771436554578947,1.1132838521452533,1.2846797165075252
PAK,1998,-0.6158879907209076,0.6469482316798018,-0.7367761938469206
PAK,1999,-0.6303036769868279,0.866850558653733,-0.5411426644738475
PAK,2000,-0.6898352250517366,0.840853066671029,-1.1298734584273522
PAK,2001,-0.03719471664235973,0.7973049574932519,-0.471573281761962
PAK,2002,-1.0037087513933844,1.4700068969628,-2.2586256365952764
PAK,2003,0.10845618418005458,0.4956571815359694,0.29411925045434395
PAK,2004,-0.15790289298505214,0.4361415273238384,0.02196630030707119
PAK,2005,-0.19059319867681296,0.8207774907017816,-0.3125212809230682
PAK,2006,-0.33076699218039407,0.7586502155474345,-0.5505107808555335
PAK,2007,0.08021404942144425,0.6254891562093798,0.34371590194213525
PAK,2008,0.7292567780415556,1.5495107060595854,2.752872736315716
PAK,2009,-1.0826279608811575,1.9512938053251474,-3.961309448123753
PAK,2010,2.076223208809228,5.812455275471947,16.609464079666882
PAK,2011,-0.04263256565208143,1.2069785702975262,-0.07031484019127945
PAK,2012,-0.12752120749463675,1.7842174635945396,-0.5766298918308999
PAK,2013,-0.1253208629384575,1.4779165627845257,0.9369586661960784
PAK,2014,-0.7544365320790138,1.7520742465895456,-1.7339559252663774
PAK,2015,0.8643117019828379,1.9907244817260643,4.1984841518777305
PAK,2016,-0.21442048510919653,1.6258355171140226,0.33803733616146964
PAK,2017,-1.0000073179674034,1.3984543600133739,-2.2848316235144055
PAK,2018,-0.961648409483725,1.4300537746965012,-2.079435487116773
PAK,2019,-0.48725433039065197,0.5784409409993946,-0.6636463738962579
PAN,1971,0.7893289240649307,0.7463278599559482,0.8114104688939136
PAN,1972,-0.8646315752010664,0.9733811223874987,-1.1121241454204065
PAN,1973,1.842318325743365,3.871608196298473,8.55457166214575
PAN,1974,0.5813364356689968,0.576720823851544,0.4219679954211307
PAN,1975,2.22837068610316,5.596978010616693,14.364494538921415
PAN,1976,-1.5615666661460414,3.1074469668403566,-6.952301212157263
PAN,1977,1.393909940939067,2.1858022776653914,3.5755224872548417
PAN,1978,-0.7036159771620253,0.8574034335702363,-0.8915781050423184
PAN,1979,-0.01635777866827982,0.32464687617529636,0.0688509598187722
PAN,1980,-0.052476716769806114,0.09354991206693661,-0.0008397736785965048
PAN,1981,1.5205415045406416,3.1523597250831337,7.1021596891561165
PAN,1982,-0.06671091376582579,0.8348353848986227,-0.26593243109252607
PAN,1983,-1.094566365459007,1.238969693475898,-1.456206939228764
PAN,1984,0.5545698217094853,0.4533067515070097,0.4050618918416147
PAN,1985,-0.17231971557200151,0.2166131976954571,-0.13982556625192868
PAN,1986,-0.8869252351008491,0.9875086842228188,-1.2108492629508503
PAN,1987,-0.15630146202555573,0.19890427570011893,-0.12473330623644674
PAN,1988,0.7627378211800176,0.8794817857303849,1.2238149982404907
PAN,1989,-0.4187956060544299,0.6151885451298547,-0.4523951912692138
PAN,1990,-0.12144325681522017,0.18446665503689944,-0.11361056317138132
PAN,1991,-0.2736085023502846,0.27825683254186073,-0.18781696898309394
PAN,1992,-0.8825674651837966,0.9675800617986443,-1.204820552501226
PAN,1993,-0.2314265783635657,0.1555339303394267,-0.09566479587100497
PAN,1994,-0.14015859657194601,0.25653908776795376,-0.1554376737934043
PAN,1995,0.9044753792230175,0.9030199605007929,0.9847989391118275
PAN,1996,0.864361560433058,0.9464364221240443,1.1632710914880473
PAN,1997,-1.0620961649198228,1.340980683609982,-1.9208165761536775
PAN,1998,-0.774309629589629,1.0999306733515792,-1.4737265210882609
PAN,1999,0.5054954158188937,0.5756499087603577,0.6104375831764386
PAN,2000,0.12432409545697409,0.35384787883857033,0.5526213739590169
PAN,2001,-0.8641830701211082,0.8272108049432153,-0.8510204280019206
PAN,2002,-0.6841895380949234,0.995228995891217,-1.4504857798843882
PAN,2003,0.7625087557765083,0.7122671177279096,0.7392296040474827
PAN,2004,-0.039676722136248045,0.08331318641223662,-0.02967377286754194
PAN,2005,0.7818197699281851,0.7557667865280887,0.7879272811044222
PAN,2006,-0.07175407783201121,0.17234196687562037,0.11678340468489318
PAN,2007,0.5367678816641224,0.6760602163674128,0.908743619842137
PAN,2008,0.5477584334625918,0.8353660794673314,1.1033281893487683
PAN,2009,0.32326281814138014,0.5672825416959828,0.8539484419702987
PAN,2010,0.5140053093070611,0.8664102883674012,1.2128478349461411
PAN,2011,1.0851195348714016,1.3229700169653513,1.626127837402397
PAN,2012,0.9144435435835064,1.555967923083287,3.253723464151888
PAN,2013,-0.6865949736676678,0.7568044658703057,-0.9096488818646599
PAN,2014,-0.24835171567103714,2.0414334295211107,-2.7455968335127183
PAN,2015,-2.326548973799028,5.76025533687105,-14.984180281705672
PAN,2016,-1.1898418355503866,1.6368673808965049,-2.4786453846389507
PAN,2017,0.09290723008080048,0.17425125193017832,0.1495811241102184
PAN,2018,-0.7335595365726424,0.7120550098002648,-0.7619943568132717
PAN,2019,-0.8571737185379252,1.0850850520993376,-1.6620040095706392
PER,1971,0.623670533860953,1.2931160879808477,1.6651072878726711
PER,1972,0.2150625796949367,1.2503111972610716,0.8721177655901545
PER,1973,0.7975862138334152,1.3255298144995498,2.270365789549054
PER,1974,0.5198215256758828,1.3704036925187342,1.4774410305188561
PER,1975,0.5352702486830991,1.2203811446523898,1.726492062263273
PER,1976,0.1476767291427023,1.8102397164762305,0.5443820241298241
PER,1977,0.12976532688399528,1.3516618114012942,0.1860800101940704
PER,1978,-0.2645384213418583,1.1528229552587497,-0.10480121629794117
PER,1979,-0.5019418887405566,1.0689232158051805,-1.335713620559336
PER,1980,-0.26809116112151343,1.5264475461975078,-0.5446381192344354
PER,1981,0.35854060157088125,0.8968024294528152,1.551036949658784
PER,1982,0.26366533552232396,1.3141136821155976,1.7494924678179402
PER,1983,-0.5756418461854125,1.5242453635070021,-1.4029999950807543
PER,1984,0.3958746870286608,1.5608998702511632,1.461128924961501
PER,1985,-0.49023832441380694,1.1221695148736897,-0.7046757657629135
PER,1986,0.17348810005730297,0.7074720158737131,0.629072521751684
PER,1987,-0.44471607608961083,0.6586247214812726,-0.4650905024586605
PER,1988,-0.07064852161269121,0.29594283384512476,-0.06707187177432695
PER,1989,0.3636224523471062,0.8554004166886411,1.167025914751838
PER,1990,-0.25656820899853594,1.1039660667958568,-0.2546760544734612
PER,1991,-0.2730750713050462,0.3800412415873738,-0.1857139791060179
PER,1992,-0.7021921456011757,1.2379972207243868,-1.445473446564387
PER,1993,0.568793806085618,1.3188223582906227,1.8860330039415192
PER,1994,0.5380347174466876,1.1681585855182162,1.50525485707799
PER,1995,-0.28399063994457274,0.5271875817555136,-0.25727411509350556
PER,1996,0.14391841510199405,0.4966428305144987,0.23070178259800983
PER,1997,-0.4023445487026638,0.9624101496347811,-0.5871384767660679
PER,1998,0.32274221350037585,0.8923393197636125,1.2292834785296645
PER,1999,0.22482762064910425,0.7154432105022434,0.6801736812739825
PER,2000,-0.06751533389913439,0.6073009010024414,-0.17820123011053096
PER,2001,0.40223589588830244,0.6074512345910777,0.7281228720348196
PER,2002,-0.060341323177932074,0.6457900796541495,-0.11496202938742617
PER,2003,-0.2256289298097256,0.8603801441615703,-0.14350453696358847
PER,2004,-0.23743907092914474,0.7481633985849656,-0.2741713170362571
PER,2005,-0.06756734034910646,0.7123887398726483,0.19961831425269383
PER,2006,0.18207238628216893,0.667331614385842,0.47249049607685295
PER,2007,0.11793917891908037,1.3867971682043367,0.9407371884620321
PER,2008,0.345889807533014,1.1172174415260303,2.0667571403433675
PER,2009,-0.6509205639880667,1.347638269445758,-1.5994136777578258
PER,2010,-0.8644218991492715,1.6009208817873422,-2.5529827920208503
PER,2011,-0.009664907259983955,1.4417046828857483,0.5974013076144764
PER,2012,0.14369406223807202,0.9333749124174071,0.6097500860928706
PER,2013,-0.3428913478541185,1.3994084358622698,-1.40356261105557
PER,2014,-0.19620374006030178,1.0440106619994602,-0.1985972494380159
PER,2015,-0.7752114536303611,1.907842477868663,-3.3120286925466913
PER,2016,-1.0183932981372157,1.7781062536210486,-3.3228063421668224
PER,2017,-0.22555059134998143,1.5340417535745767,-0.5487916921143968
PER,2018,-0.3580266878854923,1.315136961886975,-0.7044010451125202
PER,2019,-0.8032808145057356,1.839751393797212,-2.728007829902308
PHL,1971,1.6335436452887186,3.7955271174466896,9.40882626851192
PHL,1972,0.09191135366426471,1.7172807009762852,2.064221289283774
PHL,1973,-0.08032357843892185,0.9872023706281451,0.026675023651830075
PHL,1974,0.13247273739914914,0.6495054032179324,0.24226208603550492
PHL,1975,0.8631492026432015,1.859638885314033,2.5610281872441067
PHL,1976,0.41499182417193475,0.9977497599913798,1.2717879619515653
PHL,1977,-0.07419249160432555,0.7658314165390905,-0.28227819599085213
PHL,1978,-0.40899907292401677,0.569611853383285,-0.6615005481496704
PHL,1979,0.16596349265527674,0.4295545500604677,0.34351094654981995
PHL,1980,0.4178580238033265,0.8561977738169733,1.2073571981886628
PHL,1981,-0.144622266731523,0.3713939280554132,-0.1135194764659392
PHL,1982,-0.3228044395248255,0.7096683855126978,-0.8768969735418137
PHL,1983,-0.12241265902541165,2.114884918906772,0.7721593453631332
PHL,1984,0.36236501257967635,0.9057826097038248,0.8774958715079683
PHL,1985,-0.10034210516243214,0.594562991109781,0.2577823060898654
PHL,1986,-0.31504755316649125,0.5860047865302416,0.074685595998977
PHL,1987,-0.5486504638295279,0.9259010450132801,-1.011904330405845
PHL,1988,-0.3454870396146027,0.485309716592843,-0.4470874932989157
PHL,1989,0.9150271171419958,1.6159396195757478,2.9279233013823562
PHL,1990,0.21205186404979728,0.4526458961296973,0.44145069044287155
PHL,1991,-0.7628013728731564,0.974041983243182,-1.0756306261321409
PHL,1992,-0.4183950633924769,0.5968947006696339,-0.458226890041769
PHL,1993,-0.9087914031790878,1.1465588182932511,-1.6134567228231937
PHL,1994,0.30541125069263564,0.5640113037480622,0.5519482210051112
PHL,1995,-0.20775469794193968,0.3448956064155464,-0.11297185660420195
PHL,1996,-0.013818524622710326,0.7933066930051511,0.5381883649092072
PHL,1997,-0.7997224794728461,1.2203613134328155,-1.6774007721886284
PHL,1998,-1.4505618450628581,2.3649127878874157,-4.1452063866524265
PHL,1999,0.2439789015860735,0.588466467072344,0.8069042821892303
PHL,2000,0.692110551908512,1.1740184136271978,1.7282659797040842
PHL,2001,0.15577389867918934,0.6967073288192849,0.4119869742263461
PHL,2002,0.03087632201448335,0.5907579918753243,0.11366739230113368
PHL,2003,0.7622886434347115,1.3264817217397693,2.1319985873891403
PHL,2004,1.1815134204467337,3.1279680984611735,7.756449464322884
PHL,2005,-0.2716988995408183,0.31040968300692057,-0.21178173360824448
PHL,2006,-0.2674660878326409,0.7939841341295009,-0.594267886602061
PHL,2007,-0.3008128849646528,0.7268383601958305,-0.027675916216294214
PHL,2008,1.1653473908654823,2.4430665876000126,5.720091757914216
PHL,2009,1.4442838292864686,3.094348849200732,7.27612679735541
PHL,2010,0.1801401788730933,1.1007530302161617,0.560974824237973
PHL,2011,0.9608820554199771,1.3621378709751877,2.3800265904925633
PHL,2012,0.4819049581112278,0.6660413270546524,0.9934471464976197
PHL,2013,0.1398349107641321,0.6714408005928953,0.5007202235755311
PHL,2014,-0.9900755832201367,1.5994768087341065,-2.6175849614103703
PHL,2015,-1.4287124906444066,2.740438445270608,-5.8813113861904975
PHL,2016,-0.4184582749883882,0.7358392329600365,-0.42412373094929656
PHL,2017,0.30411187795610545,0.9396208097111937,1.113885359768278
PHL,2018,-0.25198885582642544,0.6226100188003144,-0.2197500958732755
PHL,2019,-0.9484530985976354,1.4674843854302528,-2.2756704990577337
POL,1971,0.042970950341081025,0.6749894116841154,0.6155353337440104
POL,1972,0.6598037705840893,0.7561928280972032,1.0400180044155347
POL,1973,-0.08817865977244083,0.40411448623784124,-0.06597964097175625
POL,1974,0.8310441419516196,1.343653844363609,2.071373453160753
POL,1975,-0.14086497661633543,0.3936845864136591,-0.11784800769220832
POL,1976,-0.41751920916525825,0.4446547233059307,-0.3526877362538313
POL,1977,1.1841407072174859,1.9229773347476353,3.3745991262976434
POL,1978,0.6828899551079206,0.9580431030863719,1.5344833880186401
POL,1979,-0.32889262147585724,0.46136138984153563,-0.3774467417287424
POL,1980,1.137005368968144,1.8566883312225828,3.4809397455186843
POL,1981,0.4018210838923035,0.9585480560136601,1.0858998830302935
POL,1982,-0.8749644007125547,1.4634636549425823,-2.4593225965917505
POL,1983,-0.8381283920945017,1.1417656747973293,-1.480586999655048
POL,1984,0.33716801489152926,0.3758795691430064,0.27564514301561027
POL,1985,0.6268467249917908,0.8246274432450081,1.0872121327911461
POL,1986,0.23885426814902105,0.3737441121858137,0.18088659838113944
POL,1987,0.4397948748348136,0.3913568134422108,0.34933746947712535
POL,1988,-0.3703638270995781,0.5903031202260506,-0.6608579796474057
POL,1989,-0.7597233123598934,0.9819868260510755,-1.1503820995405192
POL,1990,-0.6183334302895079,0.8531854485932113,-1.285795640602268
POL,1991,-0.07711088451013345,0.717057282227323,0.11479746111698894
POL,1992,-1.2795760613382625,2.088835018058218,-3.608987184004476
POL,1993,-0.22916625904284157,0.7341407562464393,-0.33929126084403205
POL,1994,-0.3450908391228909,1.416961064571804,-0.5683719514394002
POL,1995,0.2095198169037122,0.28270811123588013,0.22155231614105592
POL,1996,0.8541701730017784,1.1127793084680289,1.7625979092514548
POL,1997,0.99055433938509,2.0480659653525968,4.356280460006152
POL,1998,0.0459332370982183,0.5254668374800998,0.07632073515790361
POL,1999,-0.3616445262606131,1.1304490683283224,-0.5976267198162422
POL,2000,-0.17120765382166267,1.1250993881298157,-0.9441481096544335
POL,2001,0.927501540426306,1.329378486066439,2.108266590768644
POL,2002,-0.4720215803089688,0.876441741931515,-0.7298804962969226
POL,2003,-1.2082946313962821,1.6901583833410045,-2.581399191924446
POL,2004,-0.4240848491178967,0.5217398639934724,-0.3517495676719767
POL,2005,-0.46426055206576416,0.6188487258581472,-0.7096465869347189
POL,2006,-0.25273892169097667,1.118707266803444,-0.6109924953386611
POL,2007,-0.35817605382780976,0.7295837451742451,-0.6375472755649476
POL,2008,-0.5926698445866605,0.8529150584558971,-1.050892095365697
POL,2009,0.18923978786122264,0.7849574435130167,0.6657973834221472
POL,2010,1.300586618626951,2.6570541381457637,6.419443838360208
POL,2011,-0.35335271701463256,1.3224868162674819,-1.0369902531972042
POL,2012,-0.5116160363300843,1.1516792435628174,-1.862849817022957
POL,2013,0.6695461033129687,1.9180086621507244,4.389410639583991
POL,2014,0.10408669107770147,0.5087143150928302,0.10867737337993155
POL,2015,-1.373475365243487,2.0957363991086226,-3.40551601645201
POL,2016,-0.5092199267482751,0.581119162836297,-0.5965791346496898
POL,2017,0.1679242964010499,0.7506948647752207,0.512339895144402
POL,2018,-1.607344461633126,2.8920528766455815,-5.641704209749159
POL,2019,-1.1197596836353214,1.610902595142809,-2.5415790054588543
PRK,1971,0.44604277599751635,0.5009126641428884,0.680319545636492
PRK,1972,0.28772362789317013,1.1570797232530583,1.2014910073915652
PRK,1973,0.48853504667716646,0.8502445785493875,0.7578830730767626
PRK,1974,0.3256917630560072,1.177852708026759,1.7046859830355456
PRK,1975,0.2873562374944448,0.6307148744198283,0.6402646669180965
PRK,1976,-0.39160109615238514,0.5640330216320364,-0.5257305721279091
PRK,1977,-0.9035815604216109,1.3523304797034819,-2.166475923234268
PRK,1978,0.28019616156471666,1.0771436081351078,0.5777632446346025
PRK,1979,1.0874559100347516,1.9474021478225538,3.8973444641357564
PRK,1980,-0.44476968756676966,0.7359841655587845,-0.7077428040272639
PRK,1981,0.34295800278829053,0.5317271422529987,0.5057152057784112
PRK,1982,-0.6737135477712408,0.7765775588994843,-0.8223054869677192
PRK,1983,0.24409485925529184,0.4495300053235265,0.44107319443258447
PRK,1984,0.12781926353016299,0.2943990994859685,0.20522673540463054
PRK,1985,-0.0873127404289042,1.0368881742241502,0.891093928048474
PRK,1986,0.3362849874883517,1.1998776810475713,1.6576719829399729
PRK,1987,0.5831126810266469,0.7465542874665312,0.8728594756756192
PRK,1988,-0.45263667470345464,0.49760672922505916,-0.38349917659701754
PRK,1989,-0.576262776572529,0.8012132304953882,-0.7301153776798747
PRK,1990,1.957954576235796,4.795975999413674,12.833987253243576
PRK,1991,-0.4088040604407585,0.6430082533605614,-0.40799329881511665
PRK,1992,-0.10836650550762801,0.5376829762503165,0.010548388520225691
PRK,1993,-0.13173765225886713,0.9703927517160525,-0.19649716337580972
PRK,1994,0.2193117476784871,0.4644102248732677,0.3535208199068643
PRK,1995,0.90735003375135,1.743658740642204,3.6496989505751034
PRK,1996,0.4733672408598188,1.0000704292451656,1.3083725866373441
PRK,1997,-0.5418437108058558,1.271032065311076,-1.2034465647620949
PRK,1998,0.19187770099905693,0.4273540294828135,0.364210173783303
PRK,1999,-0.5973765635889167,0.69648272110342,-0.6755835789675511
PRK,2000,-1.0866344990572734,1.700152989182995,-2.113535756785423
PRK,2001,-0.6251411541805263,1.210426930124076,-2.3293393489967236
PRK,2002,-0.6232226033645125,0.7462648285562928,-0.9388434561499247
PRK,2003,0.03617356769214336,0.35108389260368167,-0.030782830821187098
PRK,2004,0.21289383157928252,0.37732651891785296,0.23786104011584105
PRK,2005,0.3652169062828147,0.9374393498529053,1.6150467897441987
PRK,2006,0.07446326293482228,0.9160195007012976,0.41296947701159364
PRK,2007,0.8751036989115432,2.7393181384552845,5.957204980373006
PRK,2008,-0.3190491587929247,0.50574369065605,-0.41182389121814217
PRK,2009,0.1533495634740494,0.5236329433396858,-0.0741962529089918
PRK,2010,1.1072813108638646,2.1278662850642633,4.683444224669894
PRK,2011,0.6049838454584147,1.5112141504078027,2.7231292943655347
PRK,2012,0.7248242783567133,1.3637009974525645,2.4409117780534544
PRK,2013,1.1173183344095183,2.898754974436946,7.197990750009898
PRK,2014,-1.2061269088955673,1.854617817628423,-3.0792470093786486
PRK,2015,-0.1874250521397246,0.44651576766514667,0.019661128830702486
PRK,2016,0.2985111188285403,1.6299426268358668,2.0411919572668005
PRK,2017,-0.7510628559153686,1.1425013696047688,-1.5433382526624868
PRK,2018,0.21006730214419406,0.583818295054875,0.6303931847297873
PRK,2019,-1.1857114827378978,1.7358756902115013,-2.454031878167289
PRT,1971,1.3748066458519492,4.174772329273574,10.244033339783368
PRT,1972,0.3892316319556145,0.632891294849965,0.5498141313703085
PRT,1973,-0.007210735334853375,0.8471874486203455,-0.037790385588616346
PRT,1974,0.018131196484068714,0.7310875990248152,0.24130518188451477
PRT,1975,0.09689682418792145,0.6006298598418746,0.533555468860021
PRT,1976,0.042659197226819184,1.190347514615362,0.6987575442412747
PRT,1977,0.3880167079874413,1.0801986731953033,0.8216470710594077
PRT,1978,0.3620587892470925,1.4034613929139899,0.9197576906695766
PRT,1979,0.49756342576640117,1.626817539424222,3.3989403425335105
PRT,1980,-0.10717720404745269,0.2602751294711244,-0.1281963729849532
PRT,1981,-0.0760143387691191,0.2343697399168228,-0.0351998173481278
PRT,1982,-0.21628127246904633,0.8118602425928678,0.027932777186561612
PRT,1983,0.30040884175005034,0.9017202245049253,0.8288957037285866
PRT,1984,0.5194408843041366,0.8449121071573918,1.022582076221395
PRT,1985,-0.194151743130344,1.3285406898996601,-1.2986670849872186
PRT,1986,-0.2661129222592389,0.7912341659570683,-0.25210838331469265
PRT,1987,-0.019701491557455642,0.72326021564822,0.19466876331895866
PRT,1988,0.8983897603010617,3.170011981705459,8.092181968780167
PRT,1989,-0.3765916933149578,0.6582400739322783,-0.5144879223786374
PRT,1990,-0.6810088905635961,1.0043145930222883,-0.997709418583072
PRT,1991,-0.6623000502647806,1.1131914456451002,-1.1286824631091925
PRT,1992,-0.23625603045270205,0.4018068434180627,-0.2643583020329113
PRT,1993,0.8464011086954126,1.5351399018578653,2.5526195218796928
PRT,1994,-0.3221399219368219,0.4753714775968218,-0.26898283038756776
PRT,1995,-0.9041540850491907,1.1329270303523133,-1.6434815041910888
PRT,1996,0.07937645810680623,0.3556390278097486,0.05745823913454587
PRT,1997,0.3160908765331155,1.9696413063066045,0.6443444348863369
PRT,1998,0.11086566234270587,0.4392625810377227,0.1824901517118673
PRT,1999,0.27855890333279604,1.2746113693356043,2.1341596909808658
PRT,2000,0.3835248081506506,1.0867657247489992,1.6695412862576606
PRT,2001,0.15707784525084376,1.0350349063007274,1.6347067999046565
PRT,2002,-0.0554697257621199,0.9177133776806974,0.7188596921724604
PRT,2003,-0.5201939173804615,0.8675060075007869,-0.7945324329214196
PRT,2004,-0.6799958623764766,0.8939826325833647,-0.9033086862259073
PRT,2005,-1.2361155079238313,1.8409521574177479,-2.825553822740244
PRT,2006,-0.23320529811261248,0.8522997481615417,-0.15633932977199877
PRT,2007,-0.08949276020414325,0.5643234886808248,-0.14226473309442722
PRT,2008,-0.09941022587205682,0.42131679360811053,-0.03470911804030444
PRT,2009,-1.0005353198773699,1.2669706148742017,-1.760743510247769
PRT,2010,-0.3056856135214316,1.3075941390681138,-0.7700147637709542
PRT,2011,-0.2737852312662462,0.6816726211637433,-0.20856295184380774
PRT,2012,-0.5332121914015725,0.47889338277888815,-0.46322338313843026
PRT,2013,0.025214677313127563,1.2075480295607295,0.8868017436412913
PRT,2014,0.09138252502853439,0.6022152557218834,0.5213829341948752
PRT,2015,-0.9251554845991043,1.28764504058097,-1.6723504444969644
PRT,2016,0.09648472282914759,2.1214810521643073,1.0740311951574233
PRT,2017,-1.2255060070017352,1.7586149469296548,-2.7149006005046563
PRT,2018,0.3757466490044823,2.758361208879875,3.444980715699588
PRT,2019,-0.7025852832035917,0.6240397509067507,-0.6174475608898357
PRY,1971,-0.6503862563753462,1.1292423762347665,-1.0099773226942146
PRY,1972,0.3327761324151673,1.2083879804501865,0.7254967385132934
PRY,1973,0.4384831417096316,0.5881217930113544,0.69880802296032
PRY,1974,0.3702502312819663,0.7484053054683517,1.0114529846134532
PRY,1975,0.6884224116850924,1.3060463271089042,2.2880185538142745
PRY,1976,-0.026686142883269495,0.48311952938496244,0.08468579634526262
PRY,1977,-0.6352265425594235,1.186004489551199,-1.3407066841769988
PRY,1978,-0.26353379318392933,0.5881626664150638,-0.48568363669864006
PRY,1979,0.17531496600754065,1.4919398866971352,-0.019751371595330344
PRY,1980,0.2318935077575816,0.381832976450956,0.3060518987255486
PRY,1981,-0.43034914758642506,0.7560433779772963,-0.5113854525871666
PRY,1982,0.4249723268312061,0.8669896380762625,1.2889503572310197
PRY,1983,0.5041414468256143,1.3910656279101592,1.949986483628818
PRY,1984,-0.5510246252915895,0.6548156288497106,-0.6523007792038579
PRY,1985,-0.8241490911576916,1.8685763425369957,-3.2398553105458876
PRY,1986,-0.5746102651872691,1.21152629901488,-2.427211014340245
PRY,1987,-0.06776620280717459,0.5264848605628152,0.26341944163968484
PRY,1988,-0.6536330210122199,0.7464916767120378,-0.888899685113256
PRY,1989,0.36264857013364,1.0314649370250748,1.26843480203138
PRY,1990,0.2981931206404581,1.3446238040556422,1.7450941443112689
PRY,1991,-0.4535395608831985,0.5863738112766871,-0.6087858238141932
PRY,1992,0.5394941313375646,0.7432754656429057,0.91557671609195
PRY,1993,-0.12301630639978324,0.4312119419518906,-0.12921848830089655
PRY,1994,0.019743615966913996,0.8078927453108641,0.6811409560552738
PRY,1995,0.08103145190524519,0.7692778637909927,0.6605799388124638
PRY,1996,0.7236365915091977,1.876278615263336,3.3786144222183547
PRY,1997,0.9184397447907152,1.4003469592806432,2.404755439604317
PRY,1998,1.0181349237950823,1.9259999774929006,3.770397475344778
PRY,1999,-1.3479264437871117,2.5196172179006684,-4.977057542730254
PRY,2000,-0.21037394053386577,0.5906049361363515,-0.5528782348616419
PRY,2001,-0.4803684851954364,0.7704232745258329,-0.6641370389804748
PRY,2002,-0.04978302215752084,0.6049383297993297,-0.04408310284405156
PRY,2003,0.24717315864162992,0.5755808173577374,0.5606797861369252
PRY,2004,0.07642976159795004,0.6603168333398436,0.23735337003649362
PRY,2005,-0.2836328740568802,1.0304164131951292,-0.7885729598777322
PRY,2006,-0.5310604691656877,1.0345160178242971,-1.519832511970636
PRY,2007,-0.3256478515014218,1.002955211366809,-0.48509054380494376
PRY,2008,-0.14916548212067665,0.606622034628214,0.0012683363572594606
PRY,2009,0.1677218016630851,0.9771305460769862,0.4234647732035376
PRY,2010,0.13373927696741023,0.2692287782889749,0.131289091421001
PRY,2011,0.009817876747335991,0.3553740897102585,0.09209967223993175
PRY,2012,-1.0448357969450262,1.750295755945648,-3.5128283514045786
PRY,2013,-0.804278260724143,0.9410447535788975,-1.2309141934825512
PRY,2014,-0.6707814107913245,1.4821248372566789,-2.2965815961875844
PRY,2015,0.16203723805233963,1.181144376403873,1.0265970653482233
PRY,2016,0.7355249955982549,1.7837820408072105,4.170715353765549
PRY,2017,0.09673762848968973,0.8773977186303773,0.30672285791640375
PRY,2018,0.5553152012617157,0.6766670761824292,0.6702745594530461
PRY,2019,-1.4533969384968015,2.6661572242180758,-5.118492701924717
PSE,1971,1.4192832160628908,2.5814027263456794,5.608551913503435
PSE,1972,0.7003123173889989,1.3326530441904993,2.1128038409239647
PSE,1973,0.8017575182747112,0.6960941285242327,0.6379462353257775
PSE,1974,1.088049847733327,1.3728126979303195,1.8512404234050568
PSE,1975,0.3951010353994369,0.856287535199419,0.740192641564883
PSE,1976,0.6809837627026655,1.0133200736415742,1.3632479314767796
PSE,1977,0.8689824740611072,1.3631926939343644,2.234412001288984
PSE,1978,-0.03357339295250106,0.4157272059797185,0.19318940022969716
PSE,1979,-0.13444432793883612,0.27207519689212667,-0.12529855556225564
PSE,1980,-0.21856816928929082,0.1816165493712721,-0.09931497345237993
PSE,1981,0.2661909434423016,0.19897235851338352,0.08760873501148808
PSE,1982,0.9247612855928161,1.1752013287962,1.5593388302988078
PSE,1983,1.0141672521343237,1.0888757889381777,1.2324407402214084
PSE,1984,0.8229537649868177,1.0412836853873415,1.633793627719772
PSE,1985,0.2073384130076259,0.2837370302855303,0.269440771170329
PSE,1986,0.9320216127427268,1.8516005591680036,3.3861920497934785
PSE,1987,0.13237989955165685,0.03795757009283278,0.010119030743118977
PSE,1988,-1.2925593018695523,1.7581889975767986,-2.518094795188287
PSE,1989,-0.4903524466477986,0.5984269232356028,-0.6652498020729956
PSE,1990,1.1128564569739354,1.6518863992076132,2.8585400102070686
PSE,1991,0.30928170926762566,0.4758614951014146,0.21333638677028668
PSE,1992,0.6678668841518063,0.9981269792092117,1.2941002172747482
PSE,1993,-0.27913900189334917,0.34111372066795664,-0.1582456277818275
PSE,1994,-0.6886744049860227,0.7765461858532264,-0.9846939465532616
PSE,1995,-0.7885835224458756,0.7567779516120916,-0.8005656899935363
PSE,1996,-0.14658867764760025,2.509906633231801,2.1796498637138266
PSE,1997,-0.30907988021818933,0.8779654183196884,-0.2065810706488814
PSE,1998,-1.1825517022774692,2.509931503824041,-4.8235371624516485
PSE,1999,-0.9114350337531139,1.0193554850231243,-1.24507231007577
PSE,2000,-1.0126798347293362,1.0784957214067497,-1.2052186209896711
PSE,2001,-0.7674402583257522,1.1964930407479182,-1.9784617689374817
PSE,2002,0.010491491399429065,1.1022054873563438,0.35141289065475445
PSE,2003,-0.5357140243384859,1.4899273879457446,-0.7000131954029034
PSE,2004,-0.6420693189830009,0.7061301214393536,-0.9964142927626319
PSE,2005,-0.35750693120424387,0.3309731548294821,-0.31356004006841226
PSE,2006,0.4658080875424059,1.3543211825719694,2.9420603231463227
PSE,2007,-0.5246692811985242,0.42205352443451305,-0.32372081932852526
PSE,2008,-1.6842519971991328,3.217296419716102,-6.821213462243533
PSE,2009,-1.3171529359449516,1.8465270896812367,-2.69222142915514
PSE,2010,-2.159710214727411,4.736938514183761,-10.53947035426511
PSE,2011,0.06415694793234339,1.3804991462047458,0.08785976206373258
PSE,2012,-2.127473475547575,5.356125831417539,-14.13296233887893
PSE,2013,-1.0816678773350552,1.5253224089535438,-2.492586909042427
PSE,2014,-0.31210054239547946,0.5541251609973387,-0.6005443606568006
PSE,2015,-0.6237596653030285,1.061095827253774,-0.8980468275669744
PSE,2016,-2.3406266622077805,5.602252022511661,-13.691306598854737
PSE,2017,-2.1075068039090743,4.630420930765871,-10.533655436788983
PSE,2018,-2.0956190519969202,4.587345128407748,-10.438725665555923
PSE,2019,-1.799996031644131,4.377053701337479,-11.211048521786456
ROU,1971,0.3398863737186646,0.5106522436726012,0.6103331960210026
ROU,1972,-0.4757435228581913,0.5749855176612574,-0.3584628855119604
ROU,1973,0.3848115303129004,0.4467399406968174,0.305806477255546
ROU,1974,0.818355511199943,1.2507893205043645,2.0446160698118123
ROU,1975,0.47903309138675826,0.8800262551647455,1.2494496400429058
ROU,1976,-0.03229723727233228,0.6382711943848531,0.49171018762132446
ROU,1977,0.0179935318896783,0.24628929967347282,0.0061340583800207505
ROU,1978,0.9362238249169165,1.081281380156418,1.3741030793613593
ROU,1979,0.5267375295114578,0.870671099122723,1.4013831067527085
ROU,1980,1.336095396653066,2.3209348393038627,4.405434214995142
ROU,1981,0.11438423461257309,0.3864699803567137,0.05495114919603772
ROU,1982,-0.045104748676504054,0.3563552578512789,0.042113789749811774
ROU,1983,-0.25977842063543627,0.6874435403561819,-0.3304271543075742
ROU,1984,0.6910698127959697,0.9919766433046294,1.5813533757769105
ROU,1985,-0.02046465661047984,0.7392539478344966,-0.029399619750026987
ROU,1986,-0.745129814283203,1.01653754651196,-1.216224084865007
ROU,1987,-0.048676037007636806,1.1321188156930404,0.8350835798923361
ROU,1988,0.05754711911562268,0.8323962287981985,0.34139716446355856
ROU,1989,0.02861293956949753,0.50474564497723,0.19780482699923252
ROU,1990,-0.7423843921498404,0.7573756564614147,-0.8743705335185783
ROU,1991,1.5081221932249353,3.072850583327858,7.246894857539294
ROU,1992,-0.5812707643765798,0.7777829795794788,-0.9878457048828775
ROU,1993,-0.24330650991093516,0.9275571453778386,-0.11340346460460396
ROU,1994,-0.6478784863974435,0.770335582811938,-0.8610257436104056
ROU,1995,-0.14328591663167475,0.4030660737211043,-0.20202024786201425
ROU,1996,-0.5146421675199061,0.8545351027518121,-0.5268950477848109
ROU,1997,0.8092981589729248,1.2389070954339467,2.0939475269807133
ROU,1998,0.013819806228768303,0.6104628696964474,0.31152695418731824
ROU,1999,-0.015243089820048813,0.39885123129453637,0.12091379737306979
ROU,2000,-1.5667809697877841,2.732412483617509,-5.076132513433298
ROU,2001,0.12063916263765365,0.33813579899890106,0.1273715399026827
ROU,2002,-0.5953724501625409,1.16250578065667,-1.329100144166134
ROU,2003,-1.4157658110432487,2.407331571709252,-4.34421076910731
ROU,2004,0.13430095799712077,0.44703076598379726,0.22413100710873105
ROU,2005,1.1760181533687775,2.1524331635265836,4.508396670312009
ROU,2006,0.4855822954154314,0.9090440005729661,1.3804745978617494
ROU,2007,-1.272739263734751,2.1218584735971673,-3.927797106544195
ROU,2008,-0.13854588357946496,0.6704273974869233,-0.26427663133876605
ROU,2009,-0.7717944104151798,0.9020503603097032,-1.1390433320397246
ROU,2010,0.7092872644074111,1.1130758933792857,1.754871449673397
ROU,2011,-0.46417117118466666,0.6342514398641028,-0.7370288020823569
ROU,2012,-0.7612795430506192,1.7819012280265454,-3.5972167696777695
ROU,2013,-0.1324971759516237,0.7212153510789109,0.3152689493890342
ROU,2014,0.8227998549909609,1.9635560356699704,3.757758412945416
ROU,2015,-1.0361171573875065,1.6459955562993334,-2.8964203408386395
ROU,2016,0.07177229688794823,0.7090626589186001,0.1777550146788105
ROU,2017,-0.3672369882879349,0.9150484674399152,-0.9983492342877157
ROU,2018,-0.1768807836928751,0.7879312509745816,-0.32171249933843793
ROU,2019,-0.09835040889292129,0.8734417605220095,-0.39278062670392083
RUS,1971,0.20013813674408357,1.3220063848148735,1.4820878458166808
RUS,1972,-0.6918028731902404,2.323156084349338,-2.807169368275078
RUS,1973,0.2256407926156956,0.6675436854933856,0.32205776805428754
RUS,1974,0.24044199484777248,1.067695658905565,0.9748392053994058
RUS,1975,-1.2035984527216914,2.208950018677685,-4.090267789088008
RUS,1976,0.28862648260590856,1.0911575037589687,1.2121941936652565
RUS,1977,-0.15813538920784018,0.6217950293882434,-0.2388588572512973
RUS,1978,0.45021427114686946,0.6406716188888179,0.7801384536860192
RUS,1979,-0.41826695372079226,0.9562603338519694,-0.9545980151378248
RUS,1980,0.46908355977579175,1.0006282010954204,1.2442584956183518
RUS,1981,0.05891445793648437,2.4916198489585293,2.054607734938357
RUS,1982,-0.10163362993738628,0.9169101710135529,-0.07667332029405
RUS,1983,0.22215092696701236,0.9208494744809821,0.9123568272591076
RUS,1984,0.043797292229333915,0.685379652002015,0.06666022988579112
RUS,1985,0.2851419156500265,0.6025655881568079,0.45182325215233576
RUS,1986,-0.18753655297513677,1.1147819607239227,-0.24602481646271354
RUS,1987,0.5520804979515215,1.1590885740949566,1.9753387779877067
RUS,1988,-0.1767143921319233,0.5792734902908925,0.004162972108174609
RUS,1989,0.26706618806219756,0.7352224051551796,0.4359265855261103
RUS,1990,0.5832438651733397,0.937866132585158,1.0784794805408058
RUS,1991,0.03381155537694461,1.3925618387384007,0.7847359194994762
RUS,1992,0.23126313793916517,0.7681530662001713,0.532371618515507
RUS,1993,0.5035552749901366,1.2814718854185283,1.9026717763466758
RUS,1994,0.22455095045704707,0.9213331806429269,0.43221470591917804
RUS,1995,-0.43460390781282954,0.7847569247814046,-0.6681112013214605
RUS,1996,-0.254964639573978,0.558452379990643,-0.30519564432010154
RUS,1997,0.07940348570353631,0.6979607076167721,0.3936273157182487
RUS,1998,-0.5002156144268289,1.1782678808692124,-0.8643335818099819
RUS,1999,-0.635601920481056,0.8955423482954019,-0.9339879007381846
RUS,2000,0.23277090107955029,0.732310513141905,0.4847188585469716
RUS,2001,-0.31349452044156806,0.7446628781998129,-0.36366888417983423
RUS,2002,-0.014922110738129348,1.1666912347109364,-0.08968411011170048
RUS,2003,-0.35842087598358985,1.3743560258842533,-1.0155685338113734
RUS,2004,-0.009433471467811734,0.7586103290884311,-0.16320177287972978
RUS,2005,-0.2070096117109252,0.6501975449021494,-0.2310341279888457
RUS,2006,-0.03041363806108608,0.5309617069118683,0.009428775534528408
RUS,2007,-0.4507309640066065,1.1247214351473895,-0.9091918554011317
RUS,2008,-0.0660408868033859,0.5818364429773801,0.013652452478641282
RUS,2009,-0.13982392136357982,0.8030987482983332,-0.14759179995113314
RUS,2010,-1.1171648206740261,2.6370305703404653,-5.698525724660859
RUS,2011,-0.46380953142385944,1.117077723891443,-1.0873083497936604
RUS,2012,-0.8670452539910294,1.407965329695607,-2.1369543940655946
RUS,2013,0.0791849331431733,1.2393354329978663,0.43204658380864497
RUS,2014,-0.6787904305545565,1.177417908881854,-1.8474221650583587
RUS,2015,-0.26523139479653407,1.0848068555772705,-0.940598985391622
RUS,2016,0.05720966240214167,0.7769299864566463,0.2857490268531756
RUS,2017,-0.06006718764468319,1.036212489378033,0.08692659901273406
RUS,2018,-0.4540833127519644,1.5708166972210018,-1.0531633996947762
RUS,2019,0.16772685966013354,1.470592220434636,1.4476382050070349
RWA,1971,-0.18479542167408497,0.18664901228206182,-0.027746651907993414
RWA,1972,-0.22965253855692985,0.35356338100326146,-0.4825082474504892
RWA,1973,0.12905079598489,0.23111351014177672,-0.02854729009909275
RWA,1974,-0.3239668431327319,0.6048379651457009,-0.29180435973113855
RWA,1975,0.3732301826620007,0.7415832239846618,1.0485791228125754
RWA,1976,-0.5834233341028744,0.5464537108079651,-0.45370978025327874
RWA,1977,0.28860007266628657,0.24672961868615328,0.2817910772241742
RWA,1978,0.618933084821976,0.5849499427280416,0.6225378646841684
RWA,1979,-0.8665462926072944,1.97253459098536,-3.2119626538209705
RWA,1980,0.3007396962298597,0.17597267899474173,0.11742168115074636
RWA,1981,-0.00579467901667409,0.9373244614419339,0.4962689108030263
RWA,1982,-0.20131031910588812,0.8977920413757199,0.9072710224868858
RWA,1983,0.7654524160980652,1.8487836203880756,2.868295021495781
RWA,1984,-0.5002148671393795,0.47938013998567097,-0.47695468591922985
RWA,1985,-0.18138338697176024,0.542211061214687,-0.26647916620208967
RWA,1986,-0.3839251195333456,0.3773180379657331,-0.32482034456020037
RWA,1987,-0.02835960228266153,0.2959119898074627,0.0916418761906142
RWA,1988,0.2228078143829369,0.6417865684957068,0.6881669346107301
RWA,1989,-0.33828001887574816,0.2849653873258895,-0.17223976472047026
RWA,1990,-0.26075689550189174,0.22348642528247115,-0.17860915973152855
RWA,1991,-0.592517732228351,0.9789043887785598,-1.9438914270254666
RWA,1992,-0.23956706520329688,0.7256897049982045,-1.1942741490309616
RWA,1993,-1.3137373697787103,2.122283192519772,-3.6922277108637367
RWA,1994,1.4805112297793648,3.6478256129165088,9.730694350561748
RWA,1995,0.4507898071779495,0.756808762616658,0.991058317701139
RWA,1996,-0.6166222988564948,0.5508945853403405,-0.5399656873827751
RWA,1997,0.20626146755819885,0.7172906938450967,0.9195830414727445
RWA,1998,0.13931681226669895,1.8300203864791813,3.683265023905825
RWA,1999,-0.41322152387163497,0.4673107435284553,-0.31298481130868705
RWA,2000,-0.10215399887584523,0.5899080685863524,0.10684509810061896
RWA,2001,1.5528646466239295,2.649953429334343,4.970658704055577
RWA,2002,-0.22055340855354022,1.8075331870859423,0.672775675811198
RWA,2003,0.19471472430083714,0.723931645407216,0.625266719725014
RWA,2004,0.5562254249635648,1.8916170917553856,3.6306138598581668
RWA,2005,-0.4913998928673934,3.4586576286738007,-0.6444080938868328
RWA,2006,-0.8649911487362913,1.626525598211302,-3.4517299016082363
RWA,2007,0.3550360266455601,0.9254513255820995,1.1636528244339273
RWA,2008,-0.449564249410063,0.35606584355534654,-0.2627348204231639
RWA,2009,-0.9146954117495979,1.000055053533737,-1.146669967084622
RWA,2010,0.24699214019534044,0.9964603242412426,1.13206544127674
RWA,2011,0.39196919094327365,1.6454169873634275,4.187259573169553
RWA,2012,1.9635838016852731,6.167029203921154,17.1758091581346
RWA,2013,-0.38339136821657205,2.897904173972522,2.729109515835462
RWA,2014,-0.5158048619350848,0.5169897087517475,-0.5643271022426496
RWA,2015,0.2211170766740436,0.8708940958123332,1.2247052420751912
RWA,2016,-0.36676204259406264,0.48322089989406347,-0.28160546479715465
RWA,2017,0.18923369404784124,0.4364270245367045,0.03468383066424499
RWA,2018,-0.18685336728361748,0.4654305883083159,-0.17852309880332645
RWA,2019,0.341147561792452,0.42041680530981446,0.4023126700236524
SDN,1971,1.2032251964930045,1.9785726371761014,3.5184800456494645
SDN,1972,0.8811146185083737,1.3552132648844124,2.330511046141672
SDN,1973,0.13903576626730327,1.1523629297078306,1.3521034171467676
SDN,1974,1.027566464784429,1.4586036039172636,2.1416752506252443
SDN,1975,0.4675346745248039,0.6870298550242357,0.8330928683610906
SDN,1976,0.1405642120980125,0.4829045380623036,-0.03279671863019419
SDN,1977,0.6769284187096858,1.0324513477885098,1.5084968905121927
SDN,1978,0.550504266612953,0.7546632571600822,1.0030500778015854
SDN,1979,0.4605248803922842,0.7323879697576186,0.8521946296750939
SDN,1980,0.05531391748884112,0.8613608037406368,0.067065046946062
SDN,1981,0.01041649926888131,0.3361404762617075,0.05564459523811559
SDN,1982,-0.7068216108189351,1.273873025419264,-1.9248523552651486
SDN,1983,-0.9848798936835754,1.4558690365628841,-2.0661681560323704
SDN,1984,-1.8143549273767199,3.5170319939419112,-7.194122545662369
SDN,1985,-0.05611266019276367,0.46321248118830527,0.09668792415083338
SDN,1986,-0.3808801579736938,0.30550521566046046,-0.19624993213428754
SDN,1987,-0.2131886997754771,0.8880452584225175,-0.7008120540670145
SDN,1988,0.8116481934713167,1.486127488673565,2.770232195326172
SDN,1989,0.8057554960071929,1.6025201049163176,2.6817757102976776
SDN,1990,-0.9434539468707458,1.5864130008813002,-2.5461944648992927
SDN,1991,-0.17295426646864553,1.0950163929914236,0.10618139402984537
SDN,1992,0.27382693931639046,0.272775883219951,0.2276858561144842
SDN,1993,0.6627368997284833,1.1965467465275244,1.5850361049254362
SDN,1994,0.6453699263257623,0.8390589331476818,1.2994754848000107
SDN,1995,0.5393207700866622,0.5987693607779985,0.6477347010484917
SDN,1996,0.17992422620379325,0.4195539537589099,0.13901976921836698
SDN,1997,-0.3540689154277478,0.5026423119356065,-0.5455124649597416
SDN,1998,-0.3795191587033213,1.700183377634433,-1.962201233960597
SDN,1999,0.7521165050467125,1.1829060788832841,1.8801166556760924
SDN,2000,-0.21289643186275675,0.223675162283713,-0.1498177915587614
SDN,2001,-0.21968620018926807,0.5710548121724827,-0.31326846235781247
SDN,2002,-0.9116061287173898,1.3474965489601796,-1.9561506496546872
SDN,2003,0.1881192725168621,0.9808269970752355,0.5943414184025044
SDN,2004,-0.8975506078378813,1.145360549254005,-1.649725570046704
SDN,2005,-0.4082294558027361,0.9244680807448059,-0.9780972506525195
SDN,2006,-0.14270333425107648,0.6058832144836951,-0.5652206285814826
SDN,2007,0.03641361264446887,2.838258214301072,-0.7884216166392005
SDN,2008,-0.3423348756135204,0.5922016880270793,-0.5986633596223265
SDN,2009,-1.7680188210762493,3.978298595181753,-10.23674782725409
SDN,2010,-1.01835665102036,3.360248796759768,-9.021552684202906
SDN,2011,-1.015260066221483,1.7462229397671427,-2.931031238194601
SDN,2012,-0.08644404777167214,2.397722164542915,1.1672949068235159
SDN,2013,-0.6703127284672592,1.7928773834027465,-2.919786183272124
SDN,2014,0.060938363225471734,2.022618976350439,-1.2134137196691641
SDN,2015,-1.0716370504132386,1.8058349078482145,-3.1194083193999527
SDN,2016,-0.716504956972918,2.2476976805852846,-5.120005039812829
SDN,2017,0.18167718414004524,0.24573097065056565,0.09705594561696168
SDN,2018,0.5014571241083601,0.851408578017644,0.5872017145011429
SDN,2019,0.45410289207070803,1.612519372562506,2.5534834654069862
SEN,1971,0.7007381417879812,0.8279200577946992,1.047722070584351
SEN,1972,-1.3013557091537613,2.0120839724141835,-3.3994757747930464
SEN,1973,0.18646094860155737,0.8518706609800831,0.6223885680880147
SEN,1974,0.6887798885578709,0.652087802438424,0.7240980757154326
SEN,1975,1.5422865074437713,2.7984354608740247,5.751878814436231
SEN,1976,0.06791248957404732,0.4361800086686597,0.3034462079747368
SEN,1977,-0.7185843062629776,0.8885169689503407,-1.1475848432733005
SEN,1978,0.7178420842864607,0.8942782803052516,1.3725274814674122
SEN,1979,0.4183445006383675,1.5326276723077872,2.5139201724071287
SEN,1980,-0.5145265139460904,0.4149931649748151,-0.39101221450942225
SEN,1981,0.4559574375654343,0.3532385431962335,0.3057810472482194
SEN,1982,-0.29990106717561404,0.30980827446013764,-0.1356213429503551
SEN,1983,-1.1118430251334763,1.774815913185279,-3.0001696736126817
SEN,1984,-0.47980276810289557,0.7138176966229484,-0.6364587920373551
SEN,1985,0.3171712238208425,0.3854374812257897,0.3073745372754536
SEN,1986,0.110333501455666,1.1445162975680618,0.27193505842341426
SEN,1987,-0.2899622134962202,0.260598753316131,-0.17627124696535973
SEN,1988,0.8399588602354485,1.1413658736602188,1.7049912222284114
SEN,1989,0.7566849095430128,0.9971243639109985,1.513680337527337
SEN,1990,-0.703930202669989,0.6501874698010653,-0.6195504863468116
SEN,1991,-0.8287073879594486,0.9223307142558096,-1.1737658496039658
SEN,1992,-0.19650650105927114,0.21390110466359918,-0.08252995913280547
SEN,1993,-0.23208099982156885,0.28400279960671077,-0.20330416637460663
SEN,1994,0.9321816488269631,1.1191545526414117,1.495088783602168
SEN,1995,-0.1576648431558836,0.14444427651948066,-0.08617190482492729
SEN,1996,-0.03592049347278993,0.5638872393672433,-0.05720485269998632
SEN,1997,-0.7906668432725303,0.9821305364902533,-1.2683752364955068
SEN,1998,-0.6871426089164498,1.064506363391271,-1.7079464333538374
SEN,1999,1.4493770735117448,3.1256995141300195,7.064943719435048
SEN,2000,0.5215792080685343,0.5910038292066025,0.6520894740072813
SEN,2001,-0.5500998134076625,1.1021471717646354,-0.7682081893852267
SEN,2002,-1.8760431177881032,3.8354443175800643,-8.321979408056583
SEN,2003,0.8099323596792911,1.322610528293378,2.2239997136126823
SEN,2004,-0.15090760475668008,0.3527708953558705,-0.20802622128539527
SEN,2005,0.6203226503489407,0.8631987630731238,0.8539266768451182
SEN,2006,-0.5181851069737866,0.9177192345666618,-0.874249943738949
SEN,2007,-0.27280485694598117,0.3688349745461106,-0.2858513550454692
SEN,2008,0.5582925437915105,0.576961106066029,0.5567503812513356
SEN,2009,0.31142135135617366,1.2100456161341535,0.7462158479172412
SEN,2010,0.9099302630188195,1.2950355843292092,1.9269104680945137
SEN,2011,-0.7790933287454735,1.005541964381979,-1.4576869724754524
SEN,2012,-0.15694673818939425,1.7827895601926014,-0.663785486742299
SEN,2013,-0.704832830593718,1.5813693470765107,-3.0556808842112826
SEN,2014,-1.439456895440224,2.638783589550325,-5.60015676766355
SEN,2015,-0.6174692487876712,1.936664985928316,-3.749759643335949
SEN,2016,-1.096561662627744,1.8593817981161815,-3.1209859921714194
SEN,2017,0.25027590528769844,0.773499726348859,0.5919742317556181
SEN,2018,-0.7118265552885271,1.1240690008281065,-1.7986118547014565
SEN,2019,-1.214484738930128,2.3760696682675175,-4.397540730170888
SLE,1971,-0.4879174482555798,0.9746106264058251,-1.420077789536115
SLE,1972,-0.7443411678526602,1.6947344690690709,-3.257259548310584
SLE,1973,-0.959393435051332,2.112272478383989,-3.8016516574980286
SLE,1974,0.6581684578535424,1.0268630703055508,1.7614229750575225
SLE,1975,0.14453349540783253,1.7543454738656847,0.2955922757092072
SLE,1976,0.31195386138594505,1.567802807033243,2.8282532279498978
SLE,1977,-0.01436143657515937,0.9149197632107552,0.38683705897079707
SLE,1978,0.451529953729072,0.6272401339010131,1.173299573896756
SLE,1979,0.42289873511907927,1.2257533292570675,1.15863330993558
SLE,1980,-0.4172719219211275,0.4457845213526755,-0.42692757893866784
SLE,1981,0.7591974512603049,0.7423319519210022,0.8449174999996671
SLE,1982,-0.4428931234777972,0.42362654555611423,-0.32554940702370794
SLE,1983,0.21561178211823592,0.567447569246081,0.39903608212401415
SLE,1984,-0.5589881709735925,1.5440450466979607,-1.9568653125316349
SLE,1985,-0.3024690113386733,1.094311753752868,-0.5020066268316663
SLE,1986,-0.4419935436100772,0.4157054501991955,-0.42037587174222224
SLE,1987,-0.5997889063686235,0.5256039165416346,-0.49352394139643146
SLE,1988,-0.081696803038419,0.5287050707890584,-0.06142412870426059
SLE,1989,-0.10841117973945241,0.45829010951542215,-0.2670743229539602
SLE,1990,-0.4898216565734233,0.5536011972349381,-0.4711080635312921
SLE,1991,-0.7857536437065509,1.3303815305426065,-2.586548438987821
SLE,1992,0.08485859527142481,0.6281922281227899,-0.22814587968372455
SLE,1993,-0.4873600302473312,0.4120698892330601,-0.35857868271021326
SLE,1994,1.1377930584632174,1.668696770560845,2.61746061717204
SLE,1995,0.11980309973984338,1.0317176084391555,0.13854136885776203
SLE,1996,0.49758890856524723,0.4732423132695366,0.45793921307055985
SLE,1997,0.01639345739159176,0.4529965378197235,0.06560669976934065
SLE,1998,0.871477394208202,2.543383890349659,5.277611422506795
SLE,1999,0.9627114519199235,1.3744863732842267,2.418556712956183
SLE,2000,-1.1837672768485157,2.1088793980472738,-3.9455482727690483
SLE,2001,0.5718215325127238,0.6067021100073425,0.7145408775529214
SLE,2002,-0.39638567568647154,0.38983140428101615,-0.37545938999414014
SLE,2003,0.5510910035128836,0.642332145515299,0.6392213387364996
SLE,2004,-1.464879864496297,2.9096800968596814,-6.61906118001319
SLE,2005,-2.942646020747056,8.747933391661284,-26.221536293121027
SLE,2006,-0.2852894042297555,3.828963081191253,-5.4306004620759385
SLE,2007,-2.183887319423908,5.594258992658353,-15.411899085028578
SLE,2008,0.29553556555624133,0.1109850599396324,0.0472969139822439
SLE,2009,-2.065492293649644,6.151076340915098,-18.71554750175913
SLE,2010,-2.7047413450748268,8.459884041671623,-26.113912785863064
SLE,2011,-1.4524601338393501,3.5022037974165516,-9.43003137670921
SLE,2012,-0.6851213537125656,0.6614589418540241,-0.7523597313949957
SLE,2013,0.1787517099648388,1.0709906412944368,1.5033029884339748
SLE,2014,0.1290320669464746,0.08228827933785825,0.008448760143724835
SLE,2015,-2.4162777792613137,6.913255245640714,-20.305704426689815
SLE,2016,0.15201977876430378,3.4578637447674736,-0.7119880263816398
SLE,2017,2.0550225055655638,5.735770498720938,16.407644247217863
SLE,2018,-2.8365960261691376,8.192325028749023,-24.007784016404052
SLE,2019,-0.06774685949773668,1.7366630196509887,0.5761322960234689
SLV,1971,0.40799365183211833,0.7726945573095886,1.205124803026154
SLV,1972,-0.6734034438157868,1.1407625952027634,-1.4114849490529557
SLV,1973,0.27343908449041876,0.27551413646910816,0.1731252462582303
SLV,1974,0.3254199017511953,0.3248206695604433,0.2682312666394588
SLV,1975,-1.6668744748133895,3.908357641386918,-9.710798595318748
SLV,1976,0.1603348212405483,1.7434096335285019,0.07989791114016749
SLV,1977,0.11195924430710578,1.8207193605157497,0.25385501954963774
SLV,1978,0.22823562610505377,0.5887071295878292,0.4799450143859416
SLV,1979,0.2880676710840975,0.45906942125267997,0.466405413255216
SLV,1980,0.8717713287689912,1.103846449455892,1.5590987439182065
SLV,1981,0.46840855864871844,0.585065243757514,0.501295211209465
SLV,1982,-0.09408141621359956,0.8904278225528696,-0.65217188770457
SLV,1983,-0.8023243699442872,0.9255229003817332,-1.207255383479798
SLV,1984,1.1698821998825533,1.8962584648211,3.310626056624574
SLV,1985,-0.4622301028094541,0.47905652422032324,-0.3920644335401987
SLV,1986,-0.3312992165510852,0.3806506703454795,-0.21648590909937354
SLV,1987,0.5323648756530822,1.0404559567670109,1.3284915083572164
SLV,1988,0.8314513139437902,1.8624061704085124,4.05110557974392
SLV,1989,0.5751311446140733,0.6205386678605933,0.7658371038032086
SLV,1990,0.3069209046967567,0.5796854345591096,0.5642069958059797
SLV,1991,-0.49823784241098623,0.7217428334092275,-0.8657525208278943
SLV,1992,0.09762813795259143,0.4331694921580038,-0.13227775984913945
SLV,1993,0.26833536010268677,0.28353492680063136,0.20978704821008265
SLV,1994,-0.859031963715079,1.4618245246890689,-2.8443182699307115
SLV,1995,0.3475080853667928,0.9349531008045877,1.5050771857934861
SLV,1996,1.1818757600892997,1.7980540007279509,3.1257569500487294
SLV,1997,-0.6082260402575463,0.5995320712602956,-0.7061631476565797
SLV,1998,-0.6692152709762974,0.9531270800874867,-1.3810772771059177
SLV,1999,0.2524071673803719,0.5252284744812012,0.5252824856994373
SLV,2000,0.2551202968079393,0.9883221228450274,0.5820157340802852
SLV,2001,-0.9650240017929463,1.4024521802085586,-2.0008835230463484
SLV,2002,-0.5167560134867991,0.5318106500502029,-0.4725820438462412
SLV,2003,-0.20731906091364435,0.22472523043629244,-0.18453765474291717
SLV,2004,-0.5493946833990113,0.6230757201834224,-0.8511019497613381
SLV,2005,0.525859710207942,0.5749325214086336,0.6497741610281937
SLV,2006,0.5170219331897272,0.6417511632872713,0.8529394960143067
SLV,2007,-0.5468639636627632,1.0912111343821906,-1.4303355761750747
SLV,2008,1.1431772059314025,2.2260004947923187,4.399593076213578
SLV,2009,0.14092338414517802,1.3804450185207675,0.06771055037596879
SLV,2010,2.0285782264670895,4.769914848589384,12.384156153740888
SLV,2011,0.16368683080080207,0.618100403941684,0.20292814180872892
SLV,2012,-0.015455260673608702,0.48666851248693893,-0.09060650813052122
SLV,2013,-0.584517905619,0.692077394195018,-0.7912865360193425
SLV,2014,-0.6916630565274368,1.1018529691475418,-1.7300645283939686
SLV,2015,-1.7782027499154975,3.6151703934458888,-7.835647799936719
SLV,2016,-1.270727866270028,1.795416017914829,-2.7800702884221242
SLV,2017,0.34277928587310275,0.9024127121348536,0.9135674121407641
SLV,2018,-1.1342444088679398,3.0436489305045833,-5.179919641336996
SLV,2019,-1.273498745508349,2.556746277531294,-5.388928810455575
SOM,1971,0.5543711271265591,0.8682360549529884,0.9206390491336452
SOM,1972,0.07984338746320159,0.7218731940826255,0.43549853789108156
SOM,1973,-0.9858007169212265,1.5490815328455436,-2.575830165189253
SOM,1974,-0.6868141055593856,1.1202220923499484,-1.6074057300583797
SOM,1975,0.3507029204687538,1.231221096505217,1.7450958363369227
SOM,1976,-0.4196097324384803,0.6163350951923975,-0.17548433817614664
SOM,1977,-0.1981564762992245,0.762904883544427,-0.853300187774524
SOM,1978,0.37314713979276815,0.8366372967984179,0.523210896871049
SOM,1979,0.6584488317152717,1.0517435057486224,1.8474997839185565
SOM,1980,-0.11562632063662362,1.679236413026438,0.570232137317802
SOM,1981,1.5047844006501736,3.566409303906648,8.914995271390211
SOM,1982,0.7554110780547303,1.4081324880628938,2.2286320898982948
SOM,1983,-0.5493551745013435,0.8426331110176188,-0.758559165741912
SOM,1984,0.1848971963227609,0.9125107555655045,1.095765845025762
SOM,1985,0.8665642048147948,1.331852606632027,1.9202267470825902
SOM,1986,0.4493535974557884,0.8043610024379578,0.798472071811994
SOM,1987,-0.1931757035565773,1.3805227993829918,0.1724919886300508
SOM,1988,-0.17268364259710917,0.44630712948958357,-0.01925453703221393
SOM,1989,0.6312868379728741,0.9037311432382036,1.4824753680611393
SOM,1990,-0.24538658840699737,1.174035485127759,-0.3717576253110169
SOM,1991,0.4201370735264837,0.5613291180993073,0.5755829989067159
SOM,1992,-0.19984585117140127,0.4502542264848339,-0.04853856014672316
SOM,1993,0.29683193432189275,0.41712043762403633,0.3560523625608746
SOM,1994,-0.16451160315270205,0.1414723823619314,-0.06702698327094592
SOM,1995,-0.25945194364769436,0.5583074429170414,-0.20753827293109894
SOM,1996,-0.1636873342938895,0.2396905223395458,-0.08861528358156918
SOM,1997,0.29667563208822734,1.5578077255620781,2.2711910474758583
SOM,1998,-0.41694836939889224,0.4899061309729492,-0.4757308574667712
SOM,1999,-0.7545065594767676,1.4900568460655688,-2.255048810175074
SOM,2000,-0.8074488472272492,1.4040373672083821,-1.8475493109525205
SOM,2001,-0.44285611615809806,0.4569421985415454,-0.3005884191341641
SOM,2002,-0.6593818434338254,1.3424703339152395,-2.1526422721544516
SOM,2003,-0.18162754952407792,0.9533866523281845,-0.5953627963513793
SOM,2004,-0.21139520519382768,0.494090283612284,0.019587709193482548
SOM,2005,-0.6150631838781608,0.8759009143014957,-0.886914026201716
SOM,2006,-0.3472775738696867,1.1471346741826942,0.9682405182684328
SOM,2007,-0.185852806525118,0.4669075790849708,-0.09445941858888408
SOM,2008,-0.6856351072866009,1.1780129100644958,-2.4768243983311202
SOM,2009,-1.5223991586548626,3.25517849306346,-7.673939309058803
SOM,2010,-0.22837377451905327,0.4038159432320336,-0.27069537746646033
SOM,2011,-1.7665353004384097,4.8378021164268965,-9.1441118762501
SOM,2012,-0.9712658587693243,1.1442669353970634,-1.5065680723938795
SOM,2013,-0.1871997141749287,0.8829811795988102,-0.047781387589912384
SOM,2014,-0.7976006210737134,1.1098541326233553,-2.0293769453722397
SOM,2015,-0.70436569233697,0.7955376329368898,-1.1208244354839363
SOM,2016,-1.6379545691315192,3.336082125550231,-7.579882431157676
SOM,2017,-1.46275276082769,2.835629717100597,-6.00179992451764
SOM,2018,0.7666027109142414,2.457013243829501,5.49228947450648
SOM,2019,-1.0768278833475706,4.087467322562541,-6.650110666325734
SRB,1971,-0.24860058281351663,0.28051038132830036,-0.15337260658595742
SRB,1972,0.7225556093223672,3.3363194939255454,7.113398586680418
SRB,1973,0.15098829490783733,0.22716619638458946,0.11449109548899074
SRB,1974,0.7663884968555561,1.032975689626462,1.6782591842700805
SRB,1975,0.9848094287218326,1.3450872886724694,2.1233041311001375
SRB,1976,0.6039580261319373,0.9323152396792102,1.444221693879796
SRB,1977,0.20880358469837054,0.4040371379684053,0.3355237211237898
SRB,1978,0.7729730638575931,0.861324248770526,1.0386341302723612
SRB,1979,0.16353497372700515,0.5083394440949928,0.2859085921346877
SRB,1980,0.6978451922339947,1.2547745176397087,1.9728180620326614
SRB,1981,0.20101049713638583,0.2506862162566725,0.15014394122957817
SRB,1982,-0.3355644341397038,0.4232714782010123,-0.34057828090882514
SRB,1983,-0.38649742476013005,0.5731000860332602,-0.46906790734495574
SRB,1984,0.037913041871365835,0.3078051655638302,0.05267109307413309
SRB,1985,0.006249952164924715,0.38584263434578503,0.10226357109464602
SRB,1986,-0.3612255206639441,0.8203295246215451,-0.701518927646154
SRB,1987,0.20051137801163418,2.234726288060379,2.205812137633358
SRB,1988,-0.8691267633341678,1.2286842915794913,-1.7132618096885002
SRB,1989,0.7251743049042229,0.8735323324604085,1.2472320078269559
SRB,1990,-0.9644947843786261,1.0372339463225873,-1.2010486511715743
SRB,1991,0.6025933005266052,0.6177449062146165,0.6845695868523011
SRB,1992,-0.7969687255463851,1.184777806211625,-1.8201688900008952
SRB,1993,-1.031695108295468,1.3330507598800254,-1.8781034672313832
SRB,1994,-0.6088362186800148,0.6354777037035938,-0.6524572313263428
SRB,1995,0.2696574999240129,0.23951016452551552,0.16926499987007299
SRB,1996,0.1646352763137919,0.9441022815815889,0.6632316680177234
SRB,1997,0.3474404856989401,0.6372504650337671,0.6982311649063804
SRB,1998,0.004394590773522608,0.5908613717031272,0.3233729143713474
SRB,1999,0.6443573728508025,1.6798385527904023,2.77986999365302
SRB,2000,-1.8481872768696828,3.701623554156819,-7.846634342308413
SRB,2001,0.9206907859838894,1.224785106078842,1.8516242688405193
SRB,2002,-0.122570350045869,0.9320908713751179,0.12721351597549882
SRB,2003,-1.309548319486516,2.44667989832981,-4.418980085628337
SRB,2004,0.31179064177789756,0.35814135625258114,0.3705960584405942
SRB,2005,0.9273663763464178,1.8031345823555696,3.8955695675265405
SRB,2006,0.2220578343757178,0.4680686315449808,0.32029680523053355
SRB,2007,-0.5872354933353131,1.2799994214649824,-0.904110466700536
SRB,2008,-0.613720360559169,0.6955589637517794,-0.7806721947724953
SRB,2009,-0.7652863640643174,1.0782869259353927,-1.6033896692151952
SRB,2010,0.8032160539486563,1.69985845177839,3.0363257783892132
SRB,2011,-1.2482530507586114,1.9637304856165594,-3.4807379057030783
SRB,2012,-1.5400235908483884,3.654640929828047,-9.105827637410444
SRB,2013,-0.5198162921318985,1.2043206801561332,-0.9754141398076084
SRB,2014,1.88033305161241,4.275479057563648,10.86254006072604
SRB,2015,-0.8009241114764258,1.5593009227728682,-2.2940531641379005
SRB,2016,0.41288530308013155,0.5248366974003896,0.6762590596618943
SRB,2017,-0.9923409151265983,1.5042114433696108,-2.563994353096127
SRB,2018,-0.4098114709881022,1.2763250170290996,-1.6910271959000391
SRB,2019,-0.3082224260031997,1.8156984159439058,-1.9349182442899888
SSD,1971,0.05916338395661169,0.23713048466251618,0.011819276566648829
SSD,1972,0.514500988211742,0.8239289947650457,1.1174904411671218
SSD,1973,0.7273624879545821,0.741575060789587,0.8782274910875609
SSD,1974,0.744005621552077,1.1296285062718088,1.6820644966641265
SSD,1975,0.596852322576027,0.5166274013446699,0.5068498141862808
SSD,1976,0.5727522307877956,0.7280317195610791,0.9767460200419756
SSD,1977,0.4669322532317439,0.8487987986468841,1.0683878772242992
SSD,1978,1.1719621247521965,1.657088703136239,2.6547925934645042
SSD,1979,0.16242351935273341,0.5441705749348484,0.1823667807158579
SSD,1980,0.7996868988114705,0.8874013956708646,1.085719122495235
SSD,1981,0.19614286193780398,0.47002866297271345,0.43426425112330963
SSD,1982,0.10796822455715943,0.9690187827198927,1.4822644924964896
SSD,1983,-1.1739884793577808,1.7297413045721535,-2.6157295624545585
SSD,1984,0.14054874403499779,0.7718074576597033,0.3463429687491433
SSD,1985,1.4201688297926887,2.8067231149968057,6.226144259125415
SSD,1986,-0.4801964637281763,0.7512704194271499,-0.9079984210657157
SSD,1987,-1.0626615913376976,2.158404430692596,-5.182565022183412
SSD,1988,0.8841205906521556,1.523451421042977,2.41319525560716
SSD,1989,0.4462581216491503,0.33256907039333156,0.226904814094968
SSD,1990,-1.3759099180142478,2.6237911705910943,-6.074399481210111
SSD,1991,0.08673250083600476,0.1521264981954081,0.00406786885492824
SSD,1992,-0.44095049392193575,0.33883089785631476,-0.2183071752060862
SSD,1993,0.34524422024106194,1.5549604968219763,1.583412795130762
SSD,1994,0.49574652814630177,0.7774770202499531,0.9430118695750249
SSD,1995,-0.959933894879028,1.1824836833302792,-1.7021141554278494
SSD,1996,0.26571695948076074,0.47308438043743684,0.48735446659576803
SSD,1997,-0.4599531618551957,0.7042356967607089,-0.5573706141063542
SSD,1998,-0.2962560641427975,0.36273601438333314,-0.33487676548688905
SSD,1999,0.8295884631378186,0.8112479819716392,0.8567845268781833
SSD,2000,-0.21742129210925254,0.34534164548666385,-0.1488396241279127
SSD,2001,-0.5537365537354871,0.48217117720077424,-0.46611048736832733
SSD,2002,-1.0368560290187436,1.2611772547221494,-1.6800452537169974
SSD,2003,-0.6697043904064426,0.657177548352258,-0.7410806048523921
SSD,2004,-0.9667817241594854,1.1994938293666453,-1.6063353306720498
SSD,2005,-1.3085550249826654,2.6703401523406955,-6.357658328588118
SSD,2006,-0.5902806085034239,0.4879536254999915,-0.5312947370268353
SSD,2007,-1.1870607569234866,1.9387185875579724,-3.4608296161165253
SSD,2008,-0.8076743497859691,1.3182050752684424,-2.5291966645679596
SSD,2009,-1.7168870666654814,3.2745779854669195,-6.982050109169917
SSD,2010,-1.9661764377061235,4.879207063223336,-13.347799874622869
SSD,2011,-0.621910427343469,0.540881171765885,-0.5519129370077269
SSD,2012,0.10033191573754913,0.048084225476923766,0.019987987799711126
SSD,2013,-0.28837426821708745,0.13283110932459852,-0.06525544462889837
SSD,2014,-0.17443711494862563,0.03573745687170723,-0.008594770812705477
SSD,2015,-0.32395081077470617,0.128664756043542,-0.06124791178038421
SSD,2016,-0.3804559106203463,0.29977867176333817,-0.2887222448260569
SSD,2017,-0.14431336178279253,0.060020613913095225,-0.022532997130642378
SSD,2018,0.1969311957930062,0.04625630888347041,0.012106384145950274
SSD,2019,0.041382894278913694,0.06670962731916881,0.005167182069000983
SVK,1971,-0.19098183222916312,0.32626430318425037,-0.20913407674993673
SVK,1972,1.6998144234511388,3.322223029472934,6.981670743893174
SVK,1973,-0.19183971147230597,0.3290315692807808,-0.18094866632245213
SVK,1974,0.44513373583993987,1.0433859145260926,1.171243620124066
SVK,1975,0.4853304352142368,0.8356746064923645,1.2273405239678965
SVK,1976,-0.33823753278336016,0.45891447619251946,-0.26124243153368093
SVK,1977,-0.0483194935858442,0.41248674071003866,-0.035158192889010065
SVK,1978,0.14276474870481592,0.2806162094835631,0.11459803674342432
SVK,1979,0.2595381637124813,0.4107740891527528,0.25674776419501544
SVK,1980,0.8509440726229961,0.9081059732079708,1.16968377138145
SVK,1981,-0.09150777765082632,0.22219346102478743,-0.058840205840505644
SVK,1982,-0.19088827273205183,0.37497110812668033,-0.203527941701052
SVK,1983,-1.0595694034961012,1.555957904171676,-2.587992581625125
SVK,1984,0.6839624634944429,0.7945198575323223,0.8989164585474767
SVK,1985,0.8091850697608504,1.092866055263926,1.4392568636371983
SVK,1986,-0.27154833378146004,0.48548222735475177,-0.2040919503907003
SVK,1987,0.3273684372094591,1.1657560636306252,1.2573257960391018
SVK,1988,-0.2267667479586463,0.4128893494260847,-0.3122531951691735
SVK,1989,-0.0894168333306617,0.36187997379936243,0.03524376587660808
SVK,1990,-0.6028261410081109,0.5482092933594211,-0.5301075156848155
SVK,1991,-0.11011833639681592,0.8764007090817999,-0.20515534031109628
SVK,1992,-1.0795055127582345,1.544890462394671,-2.546871421221103
SVK,1993,-0.5387519445944698,1.0524833539987204,-1.433721338045672
SVK,1994,0.21885149900606363,1.56034602321512,1.229133462199141
SVK,1995,0.605261563678007,1.0121026195546956,1.4063503023925958
SVK,1996,1.2603137887392561,2.0694685484899726,3.7449407582734358
SVK,1997,0.4189186489658918,1.2352578597089114,1.667729091256882
SVK,1998,0.25770500975483696,1.941594201591644,3.274751132100698
SVK,1999,0.5504768889070282,1.7876470218821476,3.122853923675982
SVK,2000,-1.1423941772645414,1.895882449233225,-3.4636823704354125
SVK,2001,-0.02411385823631597,0.8129365993235688,0.5783078298562934
SVK,2002,0.06517488875442698,1.0074665559505727,0.47993012785782385
SVK,2003,-1.485524308099522,2.328690763790715,-3.7504849459440583
SVK,2004,-0.08316208981672088,0.49976870445353766,-0.13591212598457864
SVK,2005,0.49237782909450434,0.9136336664478816,1.5751207220540457
SVK,2006,0.2377604179689689,0.8723720514493977,1.2153687194594058
SVK,2007,-0.2698409320163128,1.4243275935151067,0.05943332738852451
SVK,2008,0.25648579153418705,0.25457525665969755,0.10916562880699128
SVK,2009,-0.4074136193749881,0.5824893019837504,-0.47071117988219807
SVK,2010,2.2998994115674956,5.714091122978197,14.992293754387788
SVK,2011,-0.18291193810161382,1.115395550142951,-0.5791740663495195
SVK,2012,-1.1119540633084108,1.593998711586359,-2.7302202795311863
SVK,2013,-0.11250715496570421,0.9377135863948163,0.23558612644171043
SVK,2014,0.7979533466423865,2.2983739002512915,5.717483049805377
SVK,2015,-1.0401195298390982,1.9069404088291868,-3.388246490447168
SVK,2016,0.27598899778840713,0.8744004099240016,1.029782322374536
SVK,2017,-1.056544864587177,1.7194277449258788,-2.890289350138912
SVK,2018,-0.8175410161695789,0.948109657818968,-1.2803421216911528
SVK,2019,-0.2807193848131649,0.4674258542674291,-0.3896662884621482
SVN,1971,-0.7095450914375389,1.531608722149247,-2.4569927850763698
SVN,1972,1.4144609532736026,3.2588568439474948,8.195598324349511
SVN,1973,-0.01386019665348765,0.27068764881413826,-0.07699345375468193
SVN,1974,0.24148447168108073,0.3238176822213979,0.3131555018433201
SVN,1975,1.0629501606241558,2.38874326116999,5.377892131580107
SVN,1976,-0.5012961807477225,0.9361456775592252,-1.0933780492323635
SVN,1977,0.1531363471093997,0.4857897198161033,0.37300889825426564
SVN,1978,0.6734807728405652,0.8902465247675655,0.9208502602548272
SVN,1979,0.4528538934364351,0.8720111637326329,1.047086302872563
SVN,1980,0.4598611747114075,1.0730656015149058,1.7674990934717139
SVN,1981,-0.15735701761560972,0.37764328555319904,-0.1278897369227587
SVN,1982,-0.037191600713548066,0.38473768395163577,0.00874389732809058
SVN,1983,-0.9414630486622979,1.3738907994741179,-2.341632392447515
SVN,1984,0.39522974844982717,0.6855869176256177,0.6050589462249572
SVN,1985,0.19851608570590187,1.8039463476951283,-0.28610228477119953
SVN,1986,-0.0030757371703404417,0.2958558295562355,-0.1037610531097987
SVN,1987,0.7366987491357255,1.1274142432824634,1.7413779289924316
SVN,1988,0.09738964571505947,0.2029838033400816,0.025854249874625472
SVN,1989,0.573687366582751,1.189975737092663,1.9145183472368104
SVN,1990,-0.07644869359760638,0.25380613457523554,-0.14903195866173344
SVN,1991,0.3323848425055279,0.79372671388132,0.8669158786529878
SVN,1992,-0.8599281163555508,1.6253761438456173,-3.309992345094188
SVN,1993,-0.9160882999439658,2.6325528258769855,-3.6316063760486186
SVN,1994,-0.2864295150819631,0.680077195305977,-0.45850152799587973
SVN,1995,-0.0043292564968613195,0.24450186732354323,0.060760986122059824
SVN,1996,0.7720361627775654,0.9464935181368261,1.1602675859118656
SVN,1997,-0.40454592571052544,1.1839052152624656,-1.463141975161166
SVN,1998,0.45579075584931383,1.491179573824838,2.494946866227471
SVN,1999,0.25033041271831663,0.7992475467614267,0.5996155029015597
SVN,2000,-0.5738786513178544,0.7065142782143324,-0.9822782255084712
SVN,2001,-0.5916916125401682,1.0089784958124695,-0.9971033795278837
SVN,2002,-0.22609186116725513,0.6790202355122987,-0.30531752891693636
SVN,2003,-1.6050552871218549,2.877524920740264,-5.44648230160445
SVN,2004,0.32103643859681913,0.6153282308049831,0.5056376530788362
SVN,2005,-0.021413297365670297,1.4512753274115,1.255469928258793
SVN,2006,-0.8377021915735035,1.7153359024472423,-2.433105243609269
SVN,2007,-0.5725280674836358,1.404171380267591,-1.8522561836171247
SVN,2008,0.05496120835035667,0.23550923412213723,0.03109719977981417
SVN,2009,-0.04989312881456909,0.8397094852875827,0.17728784484575655
SVN,2010,-0.07590027959120567,1.20918581574391,1.2561985156283444
SVN,2011,-0.6783992470206263,0.6757326514246518,-0.7446333339131945
SVN,2012,-0.07733876520478411,0.44287492596960737,0.1394283218893217
SVN,2013,-0.8578084515863015,2.207276641104333,-3.507670563564493
SVN,2014,0.23695038690051864,1.0707896620170005,0.903488594680974
SVN,2015,-0.6389357294750333,0.7394968807183684,-0.7910674431914596
SVN,2016,-0.46186703629470227,0.6150876367275495,-0.6047102476084302
SVN,2017,-0.618129449991152,0.9114132411914962,-1.0519384387039348
SVN,2018,-0.9229954969991004,1.6911893887869296,-2.32278369549973
SVN,2019,-0.854350513440786,1.5549475897504323,-2.762937614087313
SWZ,1971,1.0211233766937338,1.4258248260324347,2.2003674482980005
SWZ,1972,1.2594079805129734,4.1094616643275454,8.720924031382687
SWZ,1973,0.1194142911249284,1.5411361561094497,1.4913659867727467
SWZ,1974,0.21270815187135605,0.4481605569189436,0.3608163100634766
SWZ,1975,0.7923294564044953,1.2151404244617139,2.2257454689699117
SWZ,1976,1.4971368086670127,3.0405065190418035,6.437100249990035
SWZ,1977,-0.17234264104355076,0.4624857056759373,-0.17567330899473277
SWZ,1978,0.7280012098927857,0.7847572761140686,0.8752459576691511
SWZ,1979,-0.6138523387761845,0.7367947667162151,-0.8587630393811154
SWZ,1980,0.06457198216797058,0.19935159938879082,0.012134460315118736
SWZ,1981,0.6174957877747862,0.5941398684723807,0.7401827785184858
SWZ,1982,-0.7416029930440186,0.7307228831836066,-0.7891534676594906
SWZ,1983,-0.5231483533626009,1.2242711258041366,-1.1912014401295699
SWZ,1984,0.8408528496575413,2.1280802056999395,5.077817682277098
SWZ,1985,-0.09569021961654604,0.6259758491583627,-0.009104573330189228
SWZ,1986,-0.4106532155605019,0.649154956343456,-0.7821717715027883
SWZ,1987,-0.3275305204786842,0.7451080653549218,0.05485663645269153
SWZ,1988,0.2171568762183178,0.942451450811034,0.34214360872623245
SWZ,1989,0.41559562434951147,0.9157063967973216,0.965184161635869
SWZ,1990,-0.179322754302431,0.3430645396233195,-0.22032526234811795
SWZ,1991,-0.004609533012198533,0.7452123778968123,-0.23764383894821883
SWZ,1992,-1.3203820278334217,1.8885560337174039,-2.846278022631213
SWZ,1993,-0.09424753753812169,0.30021672570783414,-0.13279917004554995
SWZ,1994,-0.26326041473716794,0.13094622054198096,-0.07886775328296704
SWZ,1995,-0.365399680610207,0.6801764577426782,-0.12407785536330455
SWZ,1996,0.9150302715033327,1.7866775764327836,2.9826862501122324
SWZ,1997,0.32051457874019806,0.6612836982081721,0.8421908013823765
SWZ,1998,-0.11462486192460386,1.1726040019839545,0.8182947405203933
SWZ,1999,0.1564317870853373,0.3111969009142554,0.17356774176223835
SWZ,2000,1.5012223130841016,2.6155868592017226,5.150213004192517
SWZ,2001,-0.3407418636544741,0.663275844329283,0.10566986174916906
SWZ,2002,-1.0848216696208752,1.5479886666677265,-2.1247455332210077
SWZ,2003,-1.44520737929504,2.331224586262322,-4.049816431799069
SWZ,2004,-0.19420654464173415,0.3022335367927031,-0.1574176876617151
SWZ,2005,-0.05706749780168779,0.9624819927366388,-0.430568162487563
SWZ,2006,0.4114451963088244,1.2185228909738124,1.1695643470673447
SWZ,2007,-0.6877314430777864,0.9045531355670526,-1.1158091031944217
SWZ,2008,-0.4240365373274258,0.6728499174466285,-0.6061592941544549
SWZ,2009,-0.19296251050128388,0.4652793107299016,-0.019361437502972735
SWZ,2010,-0.009135570556515673,0.32477833886292096,0.032691525639132045
SWZ,2011,-0.3995492996510611,0.6270670765199109,-0.5672001693387922
SWZ,2012,-0.5537018176369963,0.8932375189681638,-0.9808341685068741
SWZ,2013,0.34659483138372943,0.2810732367965409,0.2059777026841416
SWZ,2014,-0.09347152714108803,0.3241176869436845,-0.017968327380586253
SWZ,2015,-0.8274648079395649,1.2219625902746802,-2.0467133084706988
SWZ,2016,-0.5031616608444298,0.6507969565268356,-0.7092628302880359
SWZ,2017,-0.17932473561200807,0.2199344910923119,-0.08560833719829952
SWZ,2018,-0.4726680522312602,0.7129920365425235,-0.9653904976414049
SWZ,2019,-0.7217912235220468,0.6341421213080832,-0.6222914759104444
SYR,1971,0.7604208931000085,1.256111836642975,2.235656128274269
SYR,1972,1.4088297801977019,2.3872872737073205,4.428930082103436
SYR,1973,0.39418341282050984,0.5558685792228252,0.3118458517114919
SYR,1974,0.11877264302999574,0.5497388480531784,0.4868665802258706
SYR,1975,0.19304193018260002,0.19415915507379827,0.10899583671464617
SYR,1976,1.4837203243658434,2.4296405943986965,4.243466537598494
SYR,1977,0.3869744214327856,0.37230585651241754,0.3716967715716764
SYR,1978,-0.1647272511253177,0.6012146941577747,-0.10830695014050291
SYR,1979,-0.16494144036630867,0.3211129837074059,-0.17689159468590382
SYR,1980,0.15677094395634433,0.42106698761821887,0.3589777598151347
SYR,1981,0.7291711056364509,0.8583769988727046,1.0245420687499989
SYR,1982,0.7805116280581125,1.0683491226814812,1.539453054903037
SYR,1983,0.687529504440725,0.680351912840393,0.7858933339763768
SYR,1984,0.4685658650897372,0.7604161422107677,0.9035454423153055
SYR,1985,-0.8144825399704432,0.9066320759903107,-1.1185778855524529
SYR,1986,0.679352512562887,1.745451208406628,3.249399048331156
SYR,1987,-0.4202687682595411,0.4371024882506519,-0.26206708087528285
SYR,1988,0.55599663776134,0.9016830794674621,1.0238663018385303
SYR,1989,-1.1104813137923137,1.8854249436802597,-3.6311626712441907
SYR,1990,-0.10661140419069433,0.49671126310504377,-0.3903258336279693
SYR,1991,0.5220782404698724,0.37538628166187354,0.29358061438695776
SYR,1992,1.6177701849620334,3.6290260848286513,8.678933034149479
SYR,1993,0.4115557602153959,1.2552549875761179,2.2276854082852937
SYR,1994,-0.6672143842327369,0.7972981568131624,-1.0100099081716853
SYR,1995,-0.215705117088642,0.22559401548245323,-0.08410576679421004
SYR,1996,-0.6171918394246635,0.9468551668895488,-0.7365842640827668
SYR,1997,0.5139084436788125,1.2212225865958286,2.2659138629746165
SYR,1998,-0.5992870510309195,1.3829246603427068,-1.7464467138327209
SYR,1999,-0.8622412992035273,1.040132143559269,-1.3357367034457954
SYR,2000,-1.4470289098156932,2.3004835203637475,-3.9361967232674404
SYR,2001,-0.5570054213166749,1.1029077171757031,-1.707610479117917
SYR,2002,0.03409206762140361,0.320900593891249,-0.013313352807116752
SYR,2003,-0.9034581128693743,1.0890722400401054,-1.2388364861548793
SYR,2004,-0.6970419190565353,0.6339221973733351,-0.7060399410664573
SYR,2005,-0.38856376735122305,0.6178384499480511,0.009750844551428509
SYR,2006,-0.6105489654605171,1.036362534664739,-0.3363102596120001
SYR,2007,-0.7989060570411137,1.3020205146015302,-1.855544843195996
SYR,2008,-0.7726629138023168,1.5286129655790925,-1.6501272441800912
SYR,2009,-0.47391209531775863,0.6558874474265477,-0.29679350849609
SYR,2010,-1.3743914009228948,2.5844020634022495,-5.436475920566767
SYR,2011,-0.048453011374588593,0.7126806873196478,-0.0449733751204409
SYR,2012,-1.2993427301798972,2.0637440039123023,-3.494249042837017
SYR,2013,0.003947726004870214,0.6193177174071873,0.26793228775256206
SYR,2014,-0.5968495288779565,0.918387912208465,-0.9305579006887281
SYR,2015,-0.43261472269121076,0.5103351559167281,-0.6210883399724264
SYR,2016,-1.0889341770331546,1.6574630123532175,-2.8360910690617134
SYR,2017,-1.1941998061796166,2.303077929314031,-5.068396059193442
SYR,2018,-0.17632399300117585,0.8522614675728548,-0.7562300496194052
SYR,2019,-0.42533660115722743,1.0142801679659428,-1.0327019323189526
TCD,1971,0.21347808347207686,0.6320414572311305,0.08271724718009549
TCD,1972,-0.8021728284332702,1.6521036152827633,-2.0304508247454325
TCD,1973,-0.5519966043393113,1.2925274146409542,-1.0221011193246674
TCD,1974,0.9976495134026034,1.9177574264642314,3.2548080872289913
TCD,1975,0.9826248720029641,1.8320293392182456,3.5956134168892513
TCD,1976,0.3196950332674962,0.7691338934425564,1.0615877633339716
TCD,1977,0.33380946995593525,0.8050394090210558,0.6438924222854162
TCD,1978,0.9427895363733977,1.1512860252177324,1.5493139839492924
TCD,1979,0.2565929343800475,0.7182836390128111,0.5478274049591711
TCD,1980,0.4638117206814362,0.7121727486793689,0.7689512617997127
TCD,1981,0.43868023916322146,0.5019555074062519,0.44361681448046664
TCD,1982,-0.7240185627673993,0.773349311121482,-0.7115207709718825
TCD,1983,-0.9766574895851092,1.1467524167308518,-1.4312377724006544
TCD,1984,-1.51828245514436,2.737364815208749,-5.409164303353772
TCD,1985,-0.021396461542758923,0.3273853319020532,-0.08746102533680195
TCD,1986,-0.07055332366119085,0.28538631393031544,-0.16664209291455803
TCD,1987,-1.453832987456178,2.473114944213211,-4.60915291294682
TCD,1988,0.921125931271566,1.3573500375101415,1.9934267500109255
TCD,1989,-0.18513220579221168,0.42805445205307685,-0.07888680098440554
TCD,1990,-0.5534697390152221,0.5448767641823569,-0.5066397403239222
TCD,1991,0.7491833314107723,1.0331738565269557,1.3440941061130869
TCD,1992,0.06044579186282686,0.12473806785879986,0.008300679446397783
TCD,1993,-0.34631308917928016,0.3441287677812212,-0.2954943812115139
TCD,1994,1.1319648824784345,2.431733433319574,4.833435458724447
TCD,1995,-0.2700667913494003,0.826555597795911,-0.4135160164521937
TCD,1996,-0.19222546413637165,0.495801469864104,0.03680671783957569
TCD,1997,-0.5303254942124124,0.8121778130396777,-0.6498631371063156
TCD,1998,-0.6496543438458174,1.6738042007560414,-2.7123795366271124
TCD,1999,0.9133442859321037,1.3651442423533362,2.0719018902742072
TCD,2000,-0.2318130716719166,0.6984655660831007,-0.032392003708342
TCD,2001,0.01380014960110132,0.30142924355747636,0.04764772731847355
TCD,2002,-0.6250866642540853,0.7994254051832282,-1.0059754172791437
TCD,2003,0.3022018826081538,0.9353729398397639,1.1742385685023646
TCD,2004,-0.4829258658252096,0.6522963908577996,-0.7599674127297016
TCD,2005,0.13923835627742706,0.8159622162887665,-0.49713653911283373
TCD,2006,0.034656042815846506,0.42759325134618337,-0.06888817896219707
TCD,2007,-0.3160478111917029,1.1341646143097754,-1.6880277207496437
TCD,2008,0.11831723745902034,1.0789708530406168,0.00013301520833673003
TCD,2009,-1.5102983025961614,2.9978063191833693,-7.028889329228897
TCD,2010,-0.4761598295838699,0.9404794843966554,-1.3782977762419695
TCD,2011,-0.7359639117407197,1.521301161747789,-2.289315888898559
TCD,2012,0.2647931786985999,1.1026261486061055,1.319680628869285
TCD,2013,-0.6778055202221754,1.450821144282577,-2.2194380185533658
TCD,2014,-1.1868446606482261,2.7356844671484506,-6.510129137616011
TCD,2015,-1.1074783147509875,2.4182971365490875,-5.577081562389562
TCD,2016,-0.3223859618410923,0.8194049755406885,-1.1825493669190859
TCD,2017,-0.3390980182633744,0.5034392014199227,-0.06351110722896586
TCD,2018,0.3224566138024752,0.9015850996859368,0.537055561402658
TCD,2019,0.8244488289219996,1.1747153375952752,1.912878614006897
TGO,1971,0.4562433766448308,1.2087344933777444,1.806167600224876
TGO,1972,1.0485349865642213,2.235830156752159,4.632886751993474
TGO,1973,-0.08670173358270594,0.6466564466651417,-0.18654523892004138
TGO,1974,0.04472114909106316,0.9771435526514917,-0.5151172999120229
TGO,1975,0.6608365230130883,1.0168400209251187,1.3253583402475804
TGO,1976,0.09678179884412783,1.340830812917021,0.6438458607715177
TGO,1977,-1.3820724304394765,2.238434671858332,-3.9056639969100466
TGO,1978,1.319818940926105,3.0697906281421785,7.088440809026995
TGO,1979,1.3018549939896729,2.797007556840416,6.178559533241406
TGO,1980,0.44834328847740124,0.6953992442997174,0.5794650913442385
TGO,1981,-0.2887840987127334,0.31803443498442724,-0.18571519377921328
TGO,1982,-0.5324091923378889,0.9449347556501733,-1.343557217316893
TGO,1983,-1.3833882873380166,2.4183952204678816,-4.394404474763827
TGO,1984,0.37217285095632685,0.65368301033381,0.6229417186519037
TGO,1985,0.2170526644310173,0.5607290482599313,0.6168595352265811
TGO,1986,-0.674064188708569,0.8711760317547637,-1.1449687375647857
TGO,1987,-0.4589893866608089,0.9046275218267757,-0.5723731116647244
TGO,1988,0.3257419005764105,0.4350418033447568,0.3885927778271644
TGO,1989,0.8330735266010657,1.2043585514513304,1.7255490392584272
TGO,1990,-0.4401487065392724,0.37036744869507016,-0.31376050328387733
TGO,1991,0.9413436817710034,1.436046868836636,2.4599039581653774
TGO,1992,-0.4777880867828077,0.7836426427911882,-1.012963887636994
TGO,1993,0.03046666240732398,0.6536816600324244,0.6020036238434978
TGO,1994,-0.034113099910301974,0.3617585284670595,0.01602886748469689
TGO,1995,0.6541880758010813,0.7955001451206293,0.9082421900155344
TGO,1996,0.28203880515439206,0.26895030579481194,0.15247042842077968
TGO,1997,0.27216380923951855,0.4705245621550086,0.16301301864899143
TGO,1998,-0.7607977964571885,1.044449786340009,-1.3901326555987714
TGO,1999,0.15608149183686326,0.8812526959340845,0.6256406629145659
TGO,2000,-0.6749399701046288,1.4320975439326125,-1.632723643854221
TGO,2001,-0.44868269630736346,0.7384862321653122,-0.8973415248919585
TGO,2002,-0.041862884242277736,0.30509946273874855,-0.10050275132640073
TGO,2003,-0.3191216821906243,0.6670433105522763,-0.06556221904716858
TGO,2004,-0.04129135374746099,0.3346574953684014,-0.05662740712852107
TGO,2005,-0.9649224130865057,1.7505885719499952,-3.143300950861437
TGO,2006,-0.6004115510171942,1.3525574270350056,-2.209094891221949
TGO,2007,0.07867388830939684,0.536454970472612,-0.1152958086693785
TGO,2008,0.4479855979578497,1.4056579292958353,2.2448474249137584
TGO,2009,0.7354208436761335,1.0497384265796448,1.592487313771204
TGO,2010,-1.1568873503913626,1.6175576922598431,-2.5493297406795463
TGO,2011,-0.6266930161853002,0.9398445243945658,-1.1636891553492383
TGO,2012,-0.15997138507465858,0.36266441230617247,-0.10000847925001081
TGO,2013,-0.4196430978207266,1.6501575347249775,-2.104164344538303
TGO,2014,-1.0145485055233552,1.434557520123599,-2.4855963108756725
TGO,2015,-1.7257492059658746,3.34845424952918,-7.096870350127515
TGO,2016,-0.2529652742635434,0.377221833915285,-0.1987036140564458
TGO,2017,-0.049558744401758385,1.3079236485916634,0.014319006776506018
TGO,2018,-0.59451049397902,1.0270147942899714,-1.130409122256314
TGO,2019,0.22995274918906602,1.1386101755969795,1.1052552690829112
THA,1971,0.7409959577447196,1.04098494597812,1.644620294773844
THA,1972,-0.7114015476563312,1.0506677704803138,-1.3069850238292369
THA,1973,-0.34014501344780274,0.40940188462495863,-0.24862625801430327
THA,1974,0.002195854250756973,0.8600777093522948,-0.3152498528913744
THA,1975,0.4716549557132515,0.7972716993056608,1.1253372075852424
THA,1976,0.1741592863946668,0.5017352962126654,0.15500732671939746
THA,1977,-1.1167885071357564,1.8239111763749358,-3.33206373929947
THA,1978,0.6813609053525368,1.2702543577364789,2.151519279095917
THA,1979,-0.5152230824110076,0.7181147743254115,-0.6898719500335367
THA,1980,0.416771440515981,0.7737444671080907,0.9829348950154198
THA,1981,0.9879463493620532,1.3939062652774108,2.1407789703863758
THA,1982,0.03249830950512641,0.44723158167966753,0.05235805121689899
THA,1983,-0.23340228671012686,0.9868764123044022,-0.24357229584603207
THA,1984,0.261376890697523,0.2454323522764034,0.15314472877924992
THA,1985,0.4207040438209391,0.38544426221927097,0.2838223285114353
THA,1986,0.1598666186737047,0.40510370245474214,0.15567731725243233
THA,1987,-1.2267345975367463,1.8190486471760385,-2.9265250180107247
THA,1988,0.6841000104374467,1.0129828701297958,1.3123664351424806
THA,1989,-0.24068466676460376,0.2797497899278659,-0.18823329602923528
THA,1990,-0.4586441327630393,0.7358011962141133,-0.8362891258188764
THA,1991,-0.8603954895595549,1.2277776002255918,-1.5279880132845773
THA,1992,-0.8377521247150255,1.6774914776382213,-3.128240001988748
THA,1993,-1.1928671100383228,1.7393572332098555,-2.7585899450037106
THA,1994,0.7972214555944402,1.2169874854107763,2.076520004903922
THA,1995,0.3817736282736198,1.126647678622188,1.6341278420415644
THA,1996,0.36627919190364744,0.9139496580400437,0.8267317877947407
THA,1997,-1.2596655452734227,2.1718356241628722,-4.058688408523796
THA,1998,-0.6266111888205061,0.8646046207724398,-0.9676291737872648
THA,1999,0.8805276056878316,1.642945449440468,3.033893083839848
THA,2000,1.0502232949545265,1.783312737505314,3.457734341858263
THA,2001,0.16640420666037573,0.48881430699879513,0.3743502003165523
THA,2002,0.02017583760778582,0.341215924889516,0.13092628453238297
THA,2003,-0.1313060874500676,0.2898277659572117,-0.07883334086444736
THA,2004,0.7424508466897359,1.0281174043854764,1.3928981895298522
THA,2005,-0.420838334290455,0.43663021426801385,-0.3756687917432647
THA,2006,0.5613678309884652,0.9801074194746398,1.169387513116187
THA,2007,0.25019277190933525,1.0368893758746838,0.5190304397614928
THA,2008,0.8767299893665246,1.4385679252936432,2.343228778472527
THA,2009,0.26295168583962286,0.5059160206679237,0.3037797871825693
THA,2010,-0.5176258288361004,1.7056050357141053,-1.5429954019074787
THA,2011,1.165199026075913,1.715176224729541,2.8217834125827213
THA,2012,-0.027159310291175867,0.3289749982426937,0.05524603084492636
THA,2013,0.15953777615425596,0.4932105862553249,0.23611046028345317
THA,2014,-0.571834794577814,0.7497350021924641,-0.7427710211322464
THA,2015,-1.7519025611656265,3.6233366714997777,-8.01654117650665
THA,2016,-0.17979989694714313,1.1379277943931003,-0.7195098389745588
THA,2017,1.5706392934809195,3.0058352946711073,6.249671457852072
THA,2018,0.5704463809006203,0.9302067265425198,1.4023441692244967
THA,2019,-1.2705953261272651,2.1855207478982286,-3.8836444069752907
TJK,1971,-0.4372116137309504,0.7313575460379451,-0.5273753809283143
TJK,1972,0.930696691982671,1.5573572063749692,2.9371844600122183
TJK,1973,-0.11780032097454424,0.665342616212405,0.009913806708332612
TJK,1974,0.04055806170228316,0.3340099355332611,0.039002438202182965
TJK,1975,-0.9729103958915832,1.0725030545593468,-1.2079983813751916
TJK,1976,-0.503287751326561,0.46487294345145314,-0.44510660590901474
TJK,1977,0.10723633643557297,1.040724723208531,0.9813859692054631
TJK,1978,0.10019120421431046,0.21076658420847966,0.004210552405609115
TJK,1979,0.47622295060836956,0.7604743363723493,1.006437905761608
TJK,1980,-0.3561712657568219,0.23627140152506643,-0.14504383742464813
TJK,1981,0.9209803800928809,1.2156154153220597,1.868340181422311
TJK,1982,-0.2838890675315303,0.45699143389741026,-0.37013148004212293
TJK,1983,-0.30595938376590537,0.7486139603603066,-0.3839397435924773
TJK,1984,-1.381742543880342,2.3570206946125056,-4.428603323413016
TJK,1985,-0.5051974604703009,0.30541694652114665,-0.2040277034460756
TJK,1986,-0.26625180965935175,0.29375882107308227,-0.15099983015458407
TJK,1987,0.966590150462788,1.5406432392719136,3.065064199392389
TJK,1988,-0.7043266756143244,0.8569286301484887,-0.8654013402534815
TJK,1989,-0.10320588228356103,0.2920078334094632,0.07211493542646286
TJK,1990,-0.5954643316649839,0.6755735729359349,-0.6570892478328834
TJK,1991,0.5885545080761195,0.48638559888671684,0.4642454564612042
TJK,1992,1.2244325001910774,1.7179649500780614,2.5420536468903654
TJK,1993,1.3597811828754698,1.9660991011903006,2.9545652949818635
TJK,1994,-0.30193420359706785,0.5017104977824983,-0.38617643406919566
TJK,1995,-0.7482878614023633,0.6537017720109076,-0.5687821761310226
TJK,1996,0.1576993189935431,0.3051439326458706,0.26369903734444305
TJK,1997,0.1446407247587939,0.5754203848408698,0.20407814994281318
TJK,1998,1.2586883227295627,1.9866349522488433,3.632157220103665
TJK,1999,0.5893146505712783,0.617929820010823,0.874004975003132
TJK,2000,-1.0001507495099708,1.2162914149769337,-1.6208816327867437
TJK,2001,-1.5478127036248734,2.874144175557607,-5.77679023464598
TJK,2002,0.4028262315227189,1.4349774881138178,1.0323688405868414
TJK,2003,1.4242710081309733,3.4889400356861646,6.775719798594286
TJK,2004,-0.1854894507979974,0.3124609474101767,-0.16677166457358142
TJK,2005,-0.7136636271923484,0.5591312748447701,-0.4558601515865229
TJK,2006,-1.1705175159827865,1.3979782068231004,-1.7001652929434992
TJK,2007,-0.7645426616881854,0.7861495959454821,-0.9350443199630987
TJK,2008,-2.10810697558049,4.658927970516605,-10.73773079630433
TJK,2009,0.26250319737104777,0.6788900818475372,0.33104601060329303
TJK,2010,0.3552086100885583,0.6750559218789813,0.726178093004091
TJK,2011,-1.6124022826444069,2.7230853089569074,-4.848461371446445
TJK,2012,-1.4928762314648334,2.2997207516360283,-3.6448682406045045
TJK,2013,-0.3251295774688501,1.2046198430752377,0.531227998792824
TJK,2014,-0.8979408536895357,1.2811279127763304,-1.8398936507181338
TJK,2015,-1.0917578627972968,1.4787893415996407,-2.163917181246037
TJK,2016,0.3571829321261063,1.18458735257716,2.1944120163474317
TJK,2017,-1.311748305795805,2.0220510155829654,-3.410193191993873
TJK,2018,-0.8123768017359628,0.838024853375636,-0.9843011250563967
TJK,2019,-0.2983526037225004,0.878739732064136,-0.3755321846708241
TKM,1971,0.2888185046566357,0.5945158350192262,0.5848403058641787
TKM,1972,1.6565501486881704,3.7507579320839555,9.474716374908512
TKM,1973,0.44322844720532917,0.33214153807617697,0.3173544096182276
TKM,1974,1.301679182079441,2.0721006428199966,3.653750067497501
TKM,1975,-0.26912972401116636,0.29595733571799865,-0.1675314356521349
TKM,1976,0.9146213771092986,1.0196676112359748,1.3440089052506918
TKM,1977,0.7636967936658585,2.8366615603098735,8.025795681669278
TKM,1978,1.506103274009963,3.0260530410756057,6.428402583136736
TKM,1979,0.6535951196149489,0.49987411844252316,0.41983948556259143
TKM,1980,-0.5399367989709662,0.5563244712982574,-0.5527454454233027
TKM,1981,0.8276989745673848,1.1533968012766047,1.860529629801234
TKM,1982,0.435338604220477,0.6750797522635285,0.6204608793109515
TKM,1983,-0.8578707366028616,1.311178004242701,-1.9543664810825545
TKM,1984,-0.6289152412409609,0.4951728710971042,-0.4403852593287871
TKM,1985,-0.46872942290401803,0.32984587893841105,-0.24803266179410782
TKM,1986,0.1663757928283144,0.30154482673648786,0.24524857181178047
TKM,1987,-0.06484637454059114,0.10361897185606908,-0.024580780073545753
TKM,1988,-0.2445296278496927,0.07800730842571055,-0.028881403937061578
TKM,1989,-0.33016352124269155,0.21381876996731577,-0.14200350804405382
TKM,1990,-0.5459345871518774,0.34716310734296124,-0.24588450136733117
TKM,1991,0.5992808571789772,0.4493648567814307,0.39822245896500585
TKM,1992,1.6108246131535597,2.8966777516019317,5.61975007181736
TKM,1993,0.8409536347633352,0.764480478384649,0.7407910489865448
TKM,1994,-0.43484982067743005,0.24003432838348715,-0.11700266419542278
TKM,1995,-0.8412139445440944,0.9164743279286612,-1.0594857987825244
TKM,1996,-0.16185221066904618,0.1594385093089513,-0.09450549688553087
TKM,1997,-0.5005677589539381,0.7480032521718778,-0.8700576712208803
TKM,1998,-0.21447305914181736,0.5478747456183257,-0.04254266172927877
TKM,1999,-0.6914213815901358,0.7560197441990006,-0.8133563815105078
TKM,2000,-1.3079144057692726,2.10276066828628,-3.7086143715403557
TKM,2001,-1.614511161594498,3.0497095895776325,-6.320974894052145
TKM,2002,-0.3463791670476906,0.3269793266732098,-0.24617158938617134
TKM,2003,0.35824274896196157,0.6293109432455076,0.6179708636310137
TKM,2004,-0.18375864991742796,0.1346664562782786,-0.06762352335751606
TKM,2005,-0.3304546152924662,0.1541416377222652,-0.07865393860329269
TKM,2006,-1.4337685230460808,2.174647492843322,-3.5296117224445043
TKM,2007,-1.0074353639834897,1.1409767788369622,-1.4275307806545834
TKM,2008,-1.8798575143449943,3.701960053419837,-7.637700458789748
TKM,2009,0.48659319765986886,0.674959749035112,0.9065825649802914
TKM,2010,-1.049051205199591,1.1986659381960363,-1.4534840578668589
TKM,2011,-1.499917583785561,2.3412214363336874,-3.776317045096663
TKM,2012,-1.0185735672659946,1.099863412434562,-1.2470835895464965
TKM,2013,-1.0625102031081108,1.245118819176763,-1.6050443183331669
TKM,2014,-1.1716883616265026,1.545428430754649,-2.1972007046869058
TKM,2015,-2.019018693256801,4.27491867473075,-9.441037023706619
TKM,2016,-0.7123720599649674,1.2054315784646805,-1.4493616928057027
TKM,2017,-1.6719582529577341,3.0296770738284504,-6.016952543242793
TKM,2018,-1.1629990324459145,1.9812506812957604,-3.796667888028069
TKM,2019,-0.7048514412492846,2.722318082258997,-1.5839994609424521
TUR,1971,0.23043541227158065,0.4380976111330833,0.2679693596722989
TUR,1972,0.3195481404835289,0.8300388577796806,0.8618917690767923
TUR,1973,0.020755579083983268,0.4040761771432698,-0.0743875999620495
TUR,1974,-0.1606821128252413,0.5833038968078258,0.16761475206266394
TUR,1975,-0.3071505466856061,0.630416939089619,-0.38103356811495515
TUR,1976,0.8244446101210288,1.5569757990062787,2.495124221509824
TUR,1977,0.2007196866130857,0.45397395162417026,0.38239345894286614
TUR,1978,0.3141574486558292,0.8762800357172199,0.9392349290570601
TUR,1979,0.378678458442564,0.7687251004674133,0.8743437368255979
TUR,1980,-0.17448171032392712,0.7562794515411005,0.044865809543198416
TUR,1981,0.3304272548557448,0.9187552271581981,1.1426708408344193
TUR,1982,0.5776772551637841,0.9682938701787939,1.3562384162142729
TUR,1983,0.6091125293484065,1.022403918020766,1.5549180309034718
TUR,1984,0.3396336248954865,0.7299786054545165,0.6608889688001028
TUR,1985,-0.7093355517776299,0.9513793081300255,-1.133452584031587
TUR,1986,-0.26775045805395675,0.9616505504144638,-0.5210578436679874
TUR,1987,-0.13518887241750874,0.6128359632675922,0.0338054444648058
TUR,1988,0.33568174796726086,0.8517301247449245,0.6226606490313121
TUR,1989,-0.7853318392940407,1.3245136000893163,-2.2344289525744623
TUR,1990,0.21801788244022974,0.8677441577993745,1.5103090074246657
TUR,1991,0.3956005494649131,1.1279462651427739,1.7977988951398833
TUR,1992,0.9119003700220544,1.5948423041226816,3.0596549950457255
TUR,1993,0.06742279036853731,0.5661580068786052,0.24127307711122797
TUR,1994,-1.1054373262468808,1.7051144102780955,-2.86269040186263
TUR,1995,0.2675206156165968,0.44595933052486836,0.30293942330668006
TUR,1996,-0.5751475714100603,1.1127595347780297,-1.0715971736609962
TUR,1997,0.689906013220353,1.4489748372568796,2.561709706849718
TUR,1998,-0.3515601057957323,1.753573100948021,-0.5585945861322492
TUR,1999,0.2453881892601683,1.0176308468564008,0.9508562599957937
TUR,2000,-0.5293944551342183,1.0544889328496028,-0.9649571804604449
TUR,2001,-0.7015540778757856,1.084631849376912,-1.6738842074518514
TUR,2002,0.2906261424423773,0.7175206895241595,0.5679692242747804
TUR,2003,-1.0209103583013226,1.8308597698993097,-3.186401895213662
TUR,2004,-0.18359309310144029,0.6352103422325885,-0.03439788162363877
TUR,2005,-0.27571440426222477,0.5544696312357842,-0.15811916481798224
TUR,2006,-0.9259724281734913,1.7287638939954257,-2.8192463110471064
TUR,2007,-1.3501937073912695,2.2830625010079744,-3.962393473669511
TUR,2008,-0.6993327152467164,1.8029594818560009,-1.2871317085942333
TUR,2009,0.17412701021714497,2.0121111410713555,3.470359235336927
TUR,2010,-1.095019085152811,2.2822786098424563,-4.853413197121845
TUR,2011,0.3490835474258826,1.8985124878999062,2.3380267927380443
TUR,2012,-0.857744721363911,1.7608414280244074,-2.33479168141352
TUR,2013,-0.9949280531019506,1.6480211690414341,-2.8749735495903743
TUR,2014,0.4961551949228863,1.3891143808068025,2.0120158858981143
TUR,2015,0.12153499916798183,1.3422909688562834,1.3599101946222685
TUR,2016,0.06239067275204016,1.3599411805350043,1.3587228749148637
TUR,2017,-0.5896084150362925,1.534921009011046,-2.669479114802862
TUR,2018,-0.3687863943868256,1.1094124745829101,-0.597265413378367
TUR,2019,0.13171981610237002,0.6519747825420241,0.5739287066355152
TWN,1971,-1.0783039671273338,1.25689258304547,-1.594993555879048
TWN,1972,1.704174185859494,2.997112247227004,5.38747772843379
TWN,1973,0.19189944226006925,0.08642696455898846,0.038854593303883946
TWN,1974,0.32178383218683926,0.1505247953379994,0.08169832465515134
TWN,1975,1.2660789725413533,1.924212182174097,3.2478788722552343
TWN,1976,0.2194313234608611,0.18401552068913715,0.1284453330015854
TWN,1977,2.912985942771095,8.5063673476232,24.900485621280467
TWN,1978,-0.8632118355500167,0.7991608171109692,-0.7997321784916127
TWN,1979,0.16903634335390175,0.10367028470781084,0.03657781242808825
TWN,1980,-2.0086173642033214,4.066496145859757,-8.298568188130705
TWN,1981,0.19338064332912755,0.15458744736306693,0.09514859643627309
TWN,1982,0.7451385041541131,0.6676435674154516,0.6719585896708721
TWN,1983,0.149603549709973,0.2193074328132958,0.10913112584973844
TWN,1984,-0.1467631630362184,0.46306619545227345,-0.14362423530303964
TWN,1985,-0.09319740530761268,0.14034102901754958,-0.015530935448905079
TWN,1986,0.17955009333035304,0.30201187391892825,0.08646307545510648
TWN,1987,-0.3697431094668872,0.2499249736462364,-0.16314663040777394
TWN,1988,-0.5167528758984719,0.5299188353094969,-0.45632666662025945
TWN,1989,-1.2905871205786434,1.6988038874538303,-2.274311036946932
TWN,1990,0.20723861677847277,0.47442029820759896,0.4191610451315191
TWN,1991,0.2904869854333048,0.10541115732954343,0.04326510197040749
TWN,1992,-0.02927097717054901,0.08998431916024537,-0.009601528168478233
TWN,1993,-0.24953304336585863,0.392682573207514,-0.27336439726212847
TWN,1994,0.13747766680757895,1.2232996071194204,1.3078794918784187
TWN,1995,-0.5332854130051644,0.35645096542624505,-0.2599596036535947
TWN,1996,-0.47799880726501814,0.26141094762941486,-0.16014313157553864
TWN,1997,0.9107457871353581,0.9854485203631469,1.1648680622636882
TWN,1998,0.5668534650660138,0.6143387289996277,0.7782533138723597
TWN,1999,0.48933800925620363,0.9418362159522891,0.7909335908552376
TWN,2000,-0.39219412606585813,0.4670635281298322,-0.3690432164722859
TWN,2001,0.7692099587132155,1.0627867485708138,1.3325384754903418
TWN,2002,-0.7945368619197059,0.8589938430365769,-1.0416748741597501
TWN,2003,-0.9351954210873717,1.034646384098399,-1.2456273312216943
TWN,2004,-0.9375157869310041,1.2886869033103,-2.1258236964962514
TWN,2005,2.619364191544651,6.982208179658022,18.915361413219955
TWN,2006,1.4099626793758602,2.163217474711295,3.5369063616319583
TWN,2007,-0.1517754860668474,0.6808113269328137,-0.12470954934167408
TWN,2008,1.0626885436549833,1.5147205259432979,2.208748069807086
TWN,2009,-0.4677851218404833,1.227823927463917,-0.8641890675418595
TWN,2010,-0.35599249189191695,0.18290206348514693,-0.09861824913705189
TWN,2011,-0.7289303441723562,0.674867390359577,-0.65825664822798
TWN,2012,1.6944021756955576,2.9487295695252262,5.2726913732232275
TWN,2013,-0.007172672894567078,0.12342209946774207,-0.023271769937622276
TWN,2014,-0.8267753133919324,0.7496871175691371,-0.7281834137003655
TWN,2015,-0.7704160653434717,0.6038338520045627,-0.4812352355650785
TWN,2016,-0.6652400001109844,0.6621699900868306,-0.7152981552300379
TWN,2017,-0.11985515981091127,0.08574993580304466,-0.02170597244167485
TWN,2018,0.5310165827172069,1.132334622803855,1.9929438846159269
TWN,2019,0.4107226307678348,0.46423081072604,0.46986094072078977
TZA,1971,0.004961967651242083,0.7638925994692537,0.1536934627435248
TZA,1972,-0.05866412551440707,0.5276837593606253,-0.08324552217752273
TZA,1973,-0.20035322509523518,0.7508927756150204,-0.1233380026191098
TZA,1974,0.38728417134642296,1.1766682429302042,1.5772301826426596
TZA,1975,-0.16502403713122787,0.4353521778884645,-0.15312591454602006
TZA,1976,-0.10311404545626073,0.5099715474830546,-0.15018408735192973
TZA,1977,0.2571828909975313,0.8896476747159572,1.1111616310260408
TZA,1978,0.5117125030690118,1.4327642424815368,2.5041012182805216
TZA,1979,1.2545722561852548,2.328112271669182,4.797892310891831
TZA,1980,0.045669868816345154,0.8227647774018114,0.45504818137179387
TZA,1981,0.2149101103548165,0.90334686652303,0.516720658554558
TZA,1982,-0.033329870207643,0.8366108370706278,0.402941948059275
TZA,1983,-0.6374014996039653,0.9441932140244622,-1.1633597251749574
TZA,1984,-0.3679250709237373,0.9182013076715232,-0.6749808510261954
TZA,1985,0.15744451266581735,0.5363842109746974,0.30372077946111947
TZA,1986,0.3142345125403736,0.6563909437948878,0.6908802680217162
TZA,1987,-0.14854333390181704,0.7011831049957424,0.07063199206182388
TZA,1988,-0.23532955302392877,0.883950042588052,-0.30668845821553503
TZA,1989,0.6583251833934664,0.9632839565588741,1.3869642540346854
TZA,1990,0.4488103675466564,1.5734378311697657,2.3076934098698043
TZA,1991,-0.14543022332042274,0.6919901538029263,0.07816948897550968
TZA,1992,-0.39389365418161926,0.8225720917318609,-0.8460327124169605
TZA,1993,-0.12566590118170837,0.9415900845940623,-0.05013399696852247
TZA,1994,0.06408914425892859,0.840730446098894,0.8287512821271568
TZA,1995,-0.0783587327726641,0.44010126498724983,-0.04262344380804551
TZA,1996,0.13527765151822943,0.8268883879646017,0.45379788853885616
TZA,1997,-0.0961447209165361,1.1854427123950568,0.35300773418429826
TZA,1998,0.8344163145211089,1.799876203499401,3.557884899216089
TZA,1999,-0.07764436595795067,1.1945624566963042,-0.14053022229180892
TZA,2000,-1.1561222764999717,1.708394415372795,-2.7749090179813476
TZA,2001,-0.44970307608546456,0.7122102517186721,-0.5553184709865658
TZA,2002,0.2509603519721137,1.0400920835599448,0.7106240990012266
TZA,2003,-0.8814377110095267,1.4570259320981431,-2.35664160365589
TZA,2004,-0.460603832607174,0.6895964750908963,-0.6255127250396341
TZA,2005,-0.6236811197630616,1.0130561245224892,-1.2606885437406354
TZA,2006,0.09146596730738984,1.0375729095836073,-0.11763409122884391
TZA,2007,-0.43356072582238026,1.2231263314741236,-0.9511047591332759
TZA,2008,-0.004093610437945826,0.8903967288570399,0.22898372331472913
TZA,2009,-0.4066476696749475,1.066768918258313,-0.8363204978532173
TZA,2010,-0.511413041160144,1.23138948805519,-1.38944702753219
TZA,2011,-0.14411708574992665,0.8271269559922442,0.02077081459619172
TZA,2012,-0.38732853024081443,1.7394876973937363,-0.7468957707590437
TZA,2013,-0.3331981882957377,0.6957458240300773,-0.2944712657672108
TZA,2014,-0.31444844131072175,1.0776969890337211,-0.6920432104458045
TZA,2015,-0.2550598864918888,1.2961250750101851,-0.6903555200973249
TZA,2016,0.22558685734063333,0.6130542113303346,0.45305108387392246
TZA,2017,-0.01352116899724721,1.0342989943904917,0.41547515826426357
TZA,2018,0.972789114905163,2.2284909134585775,5.267112402438055
TZA,2019,-0.3819346079300516,0.8846280647003181,-0.5476177912795721
UGA,1971,-0.1516111904396797,0.7701499676096766,-0.7003669186501331
UGA,1972,-0.15784988065980232,0.7628092300952337,-0.44111963183350217
UGA,1973,-0.01437356151994544,0.5807264023711359,0.050409872943481454
UGA,1974,0.6157302557580279,0.8368510845439913,0.8589222701587665
UGA,1975,0.6550604339437746,0.9366496793023938,1.2779288838550333
UGA,1976,0.44868645497394444,1.3901507883095992,1.240483405259624
UGA,1977,0.7969104859889071,1.166691035503631,1.7147211633050192
UGA,1978,0.5130515010502605,0.9397215450481964,1.463272404409497
UGA,1979,-0.31871150862785225,0.8754256235351248,-0.3445093478471142
UGA,1980,-0.25583266319460807,0.9025215233741034,-0.6458391146463993
UGA,1981,0.014230890332094917,0.8192598651710383,0.23915300558679248
UGA,1982,0.25423200998921774,0.9402375385309623,1.2662867829183746
UGA,1983,-0.4490820651780105,0.7874501518460512,-1.0938194258524172
UGA,1984,-0.3797947686931237,1.1206102862234024,-0.5993666208402846
UGA,1985,0.8560864381923954,1.8390144854257082,3.6481294872506638
UGA,1986,0.06120664123516163,0.8864728636940447,0.2926697444962248
UGA,1987,-0.08460357146412929,0.7609874492491806,-0.4101190848392654
UGA,1988,0.5294048948911423,1.0461968307267797,1.3589938871722533
UGA,1989,-0.49118278108852337,1.0485180285854774,-1.5693212904473302
UGA,1990,-0.7297135023091816,1.4913239134892085,-2.111142149422316
UGA,1991,0.7164433539384423,1.012471024864149,1.271483378657522
UGA,1992,0.11846865179859106,0.7863837835396275,0.3120199230248348
UGA,1993,0.08695329983255488,0.6430672379954809,0.13235409084185093
UGA,1994,0.8345420464713253,1.4948569215434107,2.684815378126568
UGA,1995,-0.041689236916472416,0.6282564997764833,0.05569235113212724
UGA,1996,0.19544259211756743,0.5391379988097825,0.3789876760151998
UGA,1997,-0.6735368251460087,1.2521386441393987,-1.2242648368265112
UGA,1998,-0.3069065930961908,1.0412269119109463,-1.2915653948436867
UGA,1999,-0.4858145446850419,1.0275364499610655,-1.2045852582186019
UGA,2000,-0.7053995895959395,1.0034265845319472,-1.4940389928178108
UGA,2001,0.02596551316399082,0.5676550285286165,-0.0328549217807861
UGA,2002,-0.6293673938517377,0.8054126984953011,-1.0476156463001263
UGA,2003,-0.27782679440737024,0.7079399124930552,-0.3174255745069936
UGA,2004,-0.9184451526126498,1.523928197968581,-2.357313802209011
UGA,2005,-0.32715623154051665,0.9962197872397677,-0.28661556011147815
UGA,2006,-0.5937222705066527,1.3441414936502096,-1.0240716552522564
UGA,2007,-0.4610757678595833,2.169511181111038,-2.5143814058609437
UGA,2008,-0.5600140191015243,1.2080037077279058,-1.5194793156737407
UGA,2009,-1.7447876719487445,4.360482810718079,-11.445540695131005
UGA,2010,-1.0667692328652567,2.0327640234516453,-4.289106603478178
UGA,2011,-0.8396712273384846,2.2153530394454943,-4.994487486235503
UGA,2012,-0.7231461641810008,1.630940367972761,-2.0956643514878626
UGA,2013,-0.5030401617833683,1.1532397707853483,-2.0723319464090975
UGA,2014,-0.6755588952528617,1.3545379043505743,-2.4953174567404344
UGA,2015,-0.4646410189819697,0.531282059753099,-0.5651721947600189
UGA,2016,-0.7711477694773754,1.1154474158737948,-1.7672932574151936
UGA,2017,-0.4734914255288993,1.1049037039487937,-1.305765992143099
UGA,2018,0.40832089657138754,2.0685571412194776,3.6407954170663954
UGA,2019,-0.5690892280159212,0.9794889695236592,-1.0870864696987257
UKR,1971,0.2767215773011707,0.5187664141746838,0.5063807505835538
UKR,1972,-0.9590460671249509,1.6593594246354453,-2.229475892258894
UKR,1973,0.3597327395099619,0.5439562004049537,0.508124346066556
UKR,1974,0.4848574307144773,0.8880243089428406,1.044494479190921
UKR,1975,-1.2415514384125943,2.0507261804517998,-3.430219772683107
UKR,1976,0.7276932594581846,1.388215800541537,2.38802680607739
UKR,1977,0.502801559951365,0.5897986786219839,0.6416903536298709
UKR,1978,1.0681907288106118,1.4116376809316227,2.0719150642539743
UKR,1979,-0.5011919899077448,0.690738751288346,-0.7364493656416956
UKR,1980,1.0864725209221942,1.917210552473205,3.7226997775840176
UKR,1981,-0.21921227828290815,0.5854508442640894,-0.21366825829613706
UKR,1982,-0.0153646580911378,0.6472983092005092,-0.21805371005733296
UKR,1983,-0.4958764382161415,0.7520776007898626,-0.7113171908518976
UKR,1984,0.021920800170457343,0.7482520037530997,0.1175768215714905
UKR,1985,0.4698734528633366,0.9660157130130261,1.050735280706696
UKR,1986,-0.8923992097078209,1.1179383576401867,-1.4675306636539296
UKR,1987,0.05030283495226,0.40088063619950987,0.1777124022309949
UKR,1988,0.42396431692478076,0.6225211652299965,0.6370815298502793
UKR,1989,-0.025365487362293996,0.8185371355596414,0.2875949696867289
UKR,1990,-0.10115033761520589,0.5464897136923987,-0.003278479066293864
UKR,1991,0.46128469724809984,0.9298860088945423,1.2560483428544236
UKR,1992,-0.5259063851415403,1.2270051756928362,-1.3958455613447835
UKR,1993,0.30731741452595374,0.45171111959122795,0.4440893245365576
UKR,1994,-0.6646974797399378,1.103304044959094,-1.323316285580513
UKR,1995,-0.04831832966460752,0.6038264089960188,-0.04002294837342757
UKR,1996,-0.46048860613913145,1.6575264326982484,-0.9818599670784991
UKR,1997,0.9811267895692625,1.6358566906716114,3.071911737332924
UKR,1998,-0.019163251944310022,0.6327795778683009,-0.0485050657593537
UKR,1999,-1.0542877848412457,1.689380371490034,-2.733896666807843
UKR,2000,-0.14529313794696802,0.8397249570800517,-0.44103381354996485
UKR,2001,-0.0029014117287428265,1.0418182573458417,-0.05475692849159005
UKR,2002,-0.24821756474775505,0.8706032173954137,-0.19674623738133948
UKR,2003,-0.4017258185082562,1.152930373981572,-0.7561522347107907
UKR,2004,0.4763833703640015,1.0162737666942414,0.9687120446949364
UKR,2005,-0.3554690462422464,0.7387850632149409,-0.47704784903068465
UKR,2006,-0.0593155740510457,0.4474600581685231,0.04289389834588813
UKR,2007,-1.1778126185271567,2.1865722210266725,-4.284054464411119
UKR,2008,0.071072581323075,0.6010148820828564,0.27555045413100454
UKR,2009,-1.1459000260066754,1.687630360196963,-2.720815266871932
UKR,2010,-0.5239074796488732,1.2284184492874703,-1.2142825267056065
UKR,2011,-0.566432143612641,1.193252932007498,-1.7273209746356026
UKR,2012,-1.2698307602628762,2.342011127579538,-4.326815216073305
UKR,2013,-0.5930745171593862,1.3034887362761873,-1.675758065166053
UKR,2014,-0.5008333190606667,1.0526348315012086,-1.0195674853211676
UKR,2015,-1.17652315663451,3.1810179532162164,-6.43503501009079
UKR,2016,-0.4958530462803803,1.6458637099414022,-2.1484865170998626
UKR,2017,-1.0497422653831652,1.6836934755061292,-2.624173594869477
UKR,2018,-1.2716468852655902,2.2418341763781817,-4.339998035094612
UKR,2019,-1.3042530472690002,2.4558925023304776,-4.921085411653706
URY,1971,-0.7010126640361705,0.7995196942140472,-0.9182524625574862
URY,1972,-0.44427377837572507,0.4765223261755859,-0.38606397871977355
URY,1973,0.03262017496743127,0.4938174514487926,-0.10074720978837194
URY,1974,-0.3945157459014092,0.5533876545202345,-0.5873510874021218
URY,1975,-0.6753451769622755,0.7330712385533924,-0.8674699289040763
URY,1976,0.02565387119976098,0.170283138816282,0.02995438177446673
URY,1977,0.4445029882436772,0.7503584132986152,0.7272397784021389
URY,1978,0.3882466567633889,0.7121551940579275,0.9681466007896968
URY,1979,-0.8988512223002175,1.4840078796730014,-1.7316435141965416
URY,1980,-0.03106280151070973,0.31767411537509127,-0.02623700775394571
URY,1981,-0.2946656484871687,0.750150738823347,-0.5744362415060116
URY,1982,-0.7070179022518632,0.7078766515427676,-0.7365981754772517
URY,1983,-0.38695515002048547,0.7851681584510947,-0.34695126428014567
URY,1984,1.3767012191450614,3.4790487468824507,9.331365265849916
URY,1985,-0.42834437611682336,0.5974691195008577,-0.5405104051857199
URY,1986,0.3639051347407052,1.369685097046174,2.4881022956157492
URY,1987,-0.2205373936531604,0.4266602320653321,-0.2453493110768052
URY,1988,0.20240586970402002,0.7965693169830168,0.49006298059104586
URY,1989,-0.989729422325308,1.2880396046771634,-1.8023393967265506
URY,1990,0.7617573594760777,1.0644274221213,1.73205081616809
URY,1991,0.0573728558356367,0.9389997195259389,0.06988329093929743
URY,1992,-0.23127005465121242,0.4362914780890941,-0.12825917898370698
URY,1993,0.8155499978528555,1.410017499838709,2.6166906976602338
URY,1994,-0.0156849208719756,0.5999755742653075,0.6111155700963186
URY,1995,-0.20442402034954377,0.23954505399909745,-0.08852591135163285
URY,1996,-0.49821248741495644,0.3970927789106166,-0.3308680869368684
URY,1997,-0.158439657330575,1.2566112029817353,0.8860729922329638
URY,1998,0.6791095685996171,2.4301818959710975,5.54665343143684
URY,1999,-0.08031073409274624,2.1347688939318474,-1.5700260189849435
URY,2000,-0.619319158386939,1.118391977345252,-1.5941618442758896
URY,2001,0.7063865071626242,0.9888538451807529,1.3781068926612599
URY,2002,0.8004452112327447,1.4703664259753988,2.8778064787460558
URY,2003,0.5532751851853981,0.6453303163839692,0.7474260235851315
URY,2004,-0.39544018566115585,0.5961572999973079,-0.5596895252569133
URY,2005,-0.4430175452491646,0.6772712058536738,-0.7730791448066667
URY,2006,-0.0046224930953756346,0.5537962443747368,-0.15144418876293475
URY,2007,0.8986080548534925,2.1790572498098224,5.469829858570052
URY,2008,-1.4102293589624395,2.3383591325123714,-4.2430508118983825
URY,2009,0.22719505761244363,2.23302717622227,2.5815853683674996
URY,2010,0.814654506338422,3.43405784069431,5.625870368898712
URY,2011,-0.8665135393145608,0.9721751080361873,-1.241837536376464
URY,2012,0.2771814437676007,1.3422177580138694,0.9833650797233959
URY,2013,-0.11629760441043364,0.3851536872999168,-0.12399099171204586
URY,2014,1.4676411806188872,2.6138758409294134,5.268306101321234
URY,2015,-0.10012942435227705,1.6129962568363778,0.05100073446240326
URY,2016,-0.06309850468513345,0.9362458475289624,1.0621065424526852
URY,2017,0.0007078139740889014,0.49130624735411876,0.022152835741730183
URY,2018,-0.7263038490469006,0.9925109378678351,-1.1662515169359486
URY,2019,0.8965689304818898,2.330604644216664,5.03384717743564
USA,1971,-0.5537749266627379,1.0906146654529625,-1.2018219254005535
USA,1972,0.6069534998393422,1.4392409825265782,2.4961223750537957
USA,1973,0.12934821498357127,1.2219385570385437,0.8589700309511502
USA,1974,-0.18066849826724457,1.0858143078590115,-0.018482248535896903
USA,1975,-0.22588268777907505,1.0797008057737925,-0.21323241184305836
USA,1976,-0.8721111388614232,1.6481588575143213,-2.6084277727935143
USA,1977,0.21195349968975177,1.7546398542287176,1.715425491552824
USA,1978,-0.11821935653954185,0.7214305525475365,-0.062235573725021386
USA,1979,0.24115203040955444,0.7038810962710936,0.7899377955249178
USA,1980,-0.20210170850965578,0.8724048916059933,-0.14198364630180327
USA,1981,0.43089816248059304,0.9435750330513368,1.2595591267136168
USA,1982,0.2375949431622644,0.5877934552581912,0.3594257980592474
USA,1983,-0.30752173972034613,1.07600175569558,-0.610078596394646
USA,1984,-0.03613065279580068,0.8508196405221311,0.4473093721929428
USA,1985,0.0063550321108523005,0.6991078026636794,0.08319132256965839
USA,1986,0.4187182672075067,0.9078151786815718,1.1334981959706092
USA,1987,-0.32614207781877746,0.8330843227153067,-0.7168463563437628
USA,1988,-1.1057646135545884,2.0987549782861246,-3.847489856215481
USA,1989,-0.05822690547528667,0.7089934873136383,0.20059383091989705
USA,1990,0.38432932025095995,0.9524644061175805,1.0078323489647076
USA,1991,-0.439105497010736,1.0216014347057676,-0.9340266627830973
USA,1992,0.3980758156563046,1.1469536883718394,1.2683044664519716
USA,1993,1.2467970105314654,2.923484854565703,6.714290609829133
USA,1994,-0.10716288069302762,0.46978371719729406,-0.0021464477100694396
USA,1995,0.007269990398408211,0.7831016643654725,0.33254452430627635
USA,1996,0.3025068601470781,0.8740429369783802,0.9404439162727564
USA,1997,0.052346249604159775,0.5216535694390312,0.4343621274560838
USA,1998,0.08586916574735327,0.8226993663313492,0.18423774146721783
USA,1999,-0.16317653785628708,0.909089439603149,-0.305493628104501
USA,2000,-0.04496736558933347,0.7364459836447417,0.08717015491660185
USA,2001,-0.013060133720680404,0.54921085524656,0.16028136118815142
USA,2002,-0.19527264627524088,0.8614931727565118,-0.21903043539355957
USA,2003,-0.02171928545239248,0.9601423525324488,0.2700445481198089
USA,2004,0.3652069369666069,0.7042837083846393,0.8014517861756172
USA,2005,-0.4215999401251856,0.8525630192746635,-0.815194873934709
USA,2006,-0.17095252039645337,0.933527499843307,-0.2599311150546077
USA,2007,-0.10618361786421117,1.2854438964348203,0.42698361865902623
USA,2008,0.3630654061555512,1.1644700247941144,1.2930308252957474
USA,2009,0.4259921049851675,0.9442077501164508,1.3218474684571775
USA,2010,0.35273723525508227,1.5614858584227547,1.2405599940539989
USA,2011,-0.284287986730056,1.1240973696642844,-0.5940180193110133
USA,2012,-1.3023395691363298,2.621239257790864,-5.104248483043372
USA,2013,-0.24378893013373776,1.1530113859740607,-0.22639547912562277
USA,2014,0.3426970336342456,0.7638058001577388,0.7713145734747082
USA,2015,0.22997841749420495,0.868746455138784,0.7041319514922572
USA,2016,0.005725692599648146,0.7269718146216384,0.20006630219515836
USA,2017,-0.13685733905085473,0.6965736619039258,0.03984676607755548
USA,2018,0.19967042265215912,0.745860431623177,0.5760882886156058
USA,2019,0.403153721897014,0.8593900155736145,0.9156832414510643
UZB,1971,0.05210882430835919,0.40855869988636406,0.3252651925581532
UZB,1972,1.2495438989769108,2.2640606884367163,4.615013611559054
UZB,1973,-0.0024282542706667654,0.34169950932058957,0.4758807619905589
UZB,1974,0.05060410515397256,0.30461591571479585,0.11112378608598197
UZB,1975,-0.9961745165370537,1.0245563229484471,-1.0835815352205647
UZB,1976,-0.38084875310413413,0.2912183412575645,-0.1744084648180319
UZB,1977,-0.4622032453405292,0.7714411101785486,-0.5104215707463325
UZB,1978,1.876484153501034,4.3698520481589584,11.326301601579322
UZB,1979,0.44504795624835347,0.7219946920173328,0.8963436489124568
UZB,1980,-0.11654799574101796,0.10829471180712219,-0.04753897116886349
UZB,1981,1.0355012551335658,1.30515478859612,1.8753382698044052
UZB,1982,-0.05718605553285213,0.5691943829116655,0.08067029709380637
UZB,1983,-0.6340948177150297,0.5683075642103074,-0.5795632917856275
UZB,1984,-1.3099841373840333,1.9960459330496938,-3.297846955525229
UZB,1985,-0.584239540407054,0.40198689635287,-0.2926590912872295
UZB,1986,-0.41180759355919827,0.34610852108500084,-0.24217975976355635
UZB,1987,0.4824404995813176,0.38395130736936656,0.3208919266389182
UZB,1988,-0.7579449500465858,0.668810452214776,-0.6604904571431905
UZB,1989,-0.25829800167899397,0.1935155869257081,-0.12294051759787458
UZB,1990,-0.5888906424654587,0.5373800700466773,-0.4763272785771441
UZB,1991,0.5923730712590325,0.521972639207142,0.5946284297138392
UZB,1992,1.3048846400193685,1.7588749962535781,2.4452569958988
UZB,1993,1.1502100449573291,1.4164441451724472,1.8338776915259583
UZB,1994,-0.257715242756206,0.2356545902323481,-0.11695270162282227
UZB,1995,-0.9801851051836549,1.0271716110672706,-1.1324475719966547
UZB,1996,-0.38429518584832456,0.2315907706934349,-0.14920453317267526
UZB,1997,0.22678757623354168,0.44734077429386565,0.1672261212751491
UZB,1998,1.1375330477202967,1.7814275549619683,2.6821792720095354
UZB,1999,0.4496362094292549,0.5185593045863353,0.5996486229857568
UZB,2000,-1.1332581187937496,1.428721650591471,-1.9560800677042072
UZB,2001,-1.481083535584698,2.765575801559196,-5.483535703996278
UZB,2002,0.7126084960209139,1.1891350213219325,1.766663612539556
UZB,2003,1.512621369279176,2.5154445822918206,4.4967800656572
UZB,2004,-0.243252469435021,0.17034357317673088,-0.06915230795574157
UZB,2005,-0.7241270861335593,0.7571619316081803,-0.6761815016464237
UZB,2006,-1.1451404329176003,1.3693021269328973,-1.7019360048991352
UZB,2007,-0.7592318504499929,0.721801109933908,-0.7696269228081875
UZB,2008,-1.8289270063787428,3.4989637345844535,-6.960486110310026
UZB,2009,0.6784788900327425,0.7943185647212923,1.178660080403348
UZB,2010,0.283075841934526,0.5970673061771358,-0.013628625964253713
UZB,2011,-1.1726947377233015,1.5464830103548315,-2.171192357375594
UZB,2012,-1.267247075222804,1.722731202108998,-2.488242070353276
UZB,2013,-0.9295466598848753,0.973295078081151,-1.0952320558461115
UZB,2014,-1.0940365342134801,1.327959709729325,-1.7028822781740915
UZB,2015,-1.5228837197192278,2.415488159620693,-3.9578259714944255
UZB,2016,-0.31850162717435104,0.23058156339308114,-0.11997705989792709
UZB,2017,-1.2821070536709487,1.931180288920727,-3.123910942790955
UZB,2018,-1.10335596784891,1.4002932664479306,-1.976923502184109
UZB,2019,-0.456477063869374,1.2659883778070125,-1.0112413529798991
VEN,1971,0.012138832215299222,0.727852908595932,0.19029520174086645
VEN,1972,0.04203968057316851,1.4615793952694696,-0.1749919617863655
VEN,1973,-1.2835140827545315,2.414592877429622,-4.474944339610918
VEN,1974,-1.0983043595501836,1.9619453521695727,-3.4601280289802903
VEN,1975,-0.6604210530886426,1.3336178214665382,-1.086192411598191
VEN,1976,0.42444052807016613,1.1954469223643949,1.3149155147139107
VEN,1977,-0.0056323609905694245,0.6750669685716595,0.31402152391329347
VEN,1978,0.4589971495267346,0.8513717397110498,1.3012670073896395
VEN,1979,0.582539076418305,1.130262727734864,1.5789959985938684
VEN,1980,0.319122169583486,0.5943373287685884,0.5317740417127977
VEN,1981,1.411491748675318,3.044288822032316,7.031708333391379
VEN,1982,0.45861880388087856,1.478559955868041,1.930896858628736
VEN,1983,0.485556764565675,0.8065543620736035,0.671649452977736
VEN,1984,-0.6302673731646975,1.0103095300776623,-1.0465668976644615
VEN,1985,-0.053586994246527075,0.29701898568440915,-0.04284665095111091
VEN,1986,0.21695384378407723,0.40429320072195085,0.15411361384846584
VEN,1987,-0.23957109646530392,0.3421022192513404,-0.18220647705018664
VEN,1988,-0.04713844889192364,1.9349220038120334,0.4643228966931904
VEN,1989,-0.7647547950943306,0.9999734776174289,-1.3470622549832203
VEN,1990,0.10486631785697521,0.6198626956431365,-0.238665112471838
VEN,1991,-0.4082476995818035,0.7238436850748771,-0.4965924821458429
VEN,1992,0.687922701103559,1.351782607037916,2.0979258881310927
VEN,1993,0.5069466135801548,0.7330301333708258,0.8646228424937304
VEN,1994,-0.29481442896659443,0.6104644514767384,-0.061134337932865705
VEN,1995,-0.06411494947414997,0.7129123015891333,0.1308192716531068
VEN,1996,0.375050896536838,0.934301460405019,1.225174873724121
VEN,1997,-0.641827885944372,0.7840864076605735,-0.9403999556604328
VEN,1998,-0.0038864042360654445,0.8511309389696388,7.818748564539235e-05
VEN,1999,0.07524833284072188,0.6899560060093087,0.30716470655404116
VEN,2000,-0.4597311423813986,0.7167106456966529,-0.6648217673908828
VEN,2001,-1.0538178949958221,1.3913168905486133,-2.0207857312174076
VEN,2002,-0.2643259405054382,1.0521038356531418,-1.0581632119023112
VEN,2003,-0.08771985707879819,0.5425176692508571,-0.07394120852353465
VEN,2004,0.6343124503514208,0.9783614146241381,1.2646033075001897
VEN,2005,0.15091583539510814,1.4577286818240134,0.9485985454647411
VEN,2006,0.4248793594696568,1.0120113053515445,1.2058027900139359
VEN,2007,-0.11955439039074314,1.35433480966088,1.2259793040410336
VEN,2008,-0.0754715450630423,1.0423520404652868,0.21908922135869857
VEN,2009,-1.724421056879019,3.752082995920229,-8.941384187099793
VEN,2010,0.20826062195729206,0.9726658634708948,0.2833220683627507
VEN,2011,0.5267934471367485,2.0152869279943753,2.6679258946450473
VEN,2012,0.4415500435888984,1.2466593062173712,1.5981052709027457
VEN,2013,-0.4544180307692622,0.8880350711897301,-1.269712319666392
VEN,2014,-1.3502799865052342,2.2722115003239973,-4.165405729120447
VEN,2015,-1.3107861011133226,2.1843585156425345,-4.087488832161958
VEN,2016,-0.8224946268419776,1.2376839292413198,-2.2111163255770214
VEN,2017,-0.04620311640401564,0.5284698188071422,-0.23483236674158142
VEN,2018,-0.5416505899862717,0.9111904065475971,-1.2766378510984604
VEN,2019,-0.5173837314451721,0.6273474452488206,-0.7304643229603389
VNM,1971,0.34640565363816006,1.4912742963071834,1.7332299568561975
VNM,1972,-0.20765026588777927,0.8144532170711207,-0.35399688988941425
VNM,1973,0.7780570118947506,2.2839350492609656,4.165253812848134
VNM,1974,-0.27898395007110677,0.45925155093690784,-0.27072686620769976
VNM,1975,0.29678025388286833,1.0383352351155821,1.3340555122528202
VNM,1976,-0.2638586480564658,0.7392374243441618,-0.42927337635575785
VNM,1977,-0.801669677169844,1.7113962221989218,-2.7065032305681798
VNM,1978,0.4712318839892672,0.9487069748333544,1.0034745684523698
VNM,1979,0.04331225509594642,0.7057115266251606,0.040474660867887424
VNM,1980,0.3800319280173766,1.3325589407718974,1.69368538294152
VNM,1981,0.5842745409140985,0.9927357715596694,1.6607374255158358
VNM,1982,-0.36380260565382405,0.6981868072913574,-0.6498159677202979
VNM,1983,-0.7143883332391434,1.446247702662765,-1.9029855742410082
VNM,1984,0.41310158828318533,0.8184442582720917,0.9666836343345679
VNM,1985,-0.2936967751205854,0.6059531536060723,-0.4822409495718293
VNM,1986,0.8611802467390575,1.6340930823609208,2.7597299052600053
VNM,1987,-0.7686484206424444,1.0551228758197257,-1.2520188305323352
VNM,1988,-1.0029812488243866,1.5578022446520627,-2.4413694038974785
VNM,1989,0.28644984635382925,1.2417644161941204,1.1647307037207404
VNM,1990,0.5734976044603858,1.6778856161697888,3.174993472061741
VNM,1991,-0.04985702969654613,0.8594803989867161,0.13254975842820813
VNM,1992,-0.017493622301037688,0.833861577643247,-0.24433442993208326
VNM,1993,-0.20143450791895096,0.5930684255009848,0.1215279441587205
VNM,1994,0.578128864700907,1.4618809848038388,2.343876390741968
VNM,1995,-0.29646879629016526,0.8431708241389696,-0.5023169471961975
VNM,1996,0.21180855754249087,0.6915492386024097,0.4327797207878415
VNM,1997,0.11546841214439889,0.8430858317273242,0.8829522709758134
VNM,1998,-0.49461070507793065,1.2916247444467357,-1.6162710214269942
VNM,1999,0.2998798921318843,1.2782560091544184,1.9261879882010993
VNM,2000,0.15295242352601643,0.7368055783398343,1.2335448456052274
VNM,2001,0.5263865541961329,0.8267045381110977,1.0802247115740689
VNM,2002,-0.1607342383814506,0.6958008300754516,-0.49642482267727517
VNM,2003,-0.37787686780204266,0.530697858428459,-0.4949499168094071
VNM,2004,0.2743701384154417,0.7394458177033035,0.315859551633783
VNM,2005,-0.3867879867199061,0.992576264742496,-0.7312434491860813
VNM,2006,-0.23685025724544256,0.6656181735907909,-0.15176678787802145
VNM,2007,-0.004711305810930563,0.6891421140550514,0.5275073792826691
VNM,2008,0.03598416801706407,0.3920052003235225,0.1537149019245252
VNM,2009,0.14437521388383154,0.6759161590899354,0.24168116008222376
VNM,2010,-0.5219368205725354,1.3119922005867097,-0.5715897076771711
VNM,2011,0.09648455398663494,0.41601337917189024,0.24756164000063807
VNM,2012,0.0213678980109994,0.7959424893508792,0.29026866530731515
VNM,2013,0.10556764616322122,0.7642765779377372,0.6498920125256009
VNM,2014,-0.24478455617832148,0.8275049977117672,-0.5823182767484596
VNM,2015,-1.13232356571106,1.7769647566790123,-3.1786372585779175
VNM,2016,-0.7712629248574371,1.2627333412381712,-2.125142645621929
VNM,2017,-0.06479854366206042,1.0622291445560939,-0.02871863374153015
VNM,2018,0.21109893565117216,0.8563245337294694,0.9618047886872632
VNM,2019,-0.5468684736151648,1.2686571411615803,-0.7351329577189636
XKO,1971,-0.15943723717768046,0.22504095530877916,-0.0784069303513911
XKO,1972,0.8591495752875845,3.55673582558186,7.730904793931806
XKO,1973,0.7927216832698415,1.301590304368914,1.9865859280913032
XKO,1974,0.7997176048261372,1.220297105848819,1.8077785509812176
XKO,1975,0.4369854647396711,0.4688683521239993,0.39351481475064276
XKO,1976,1.268346289837818,1.9748711485869639,3.3755299313606213
XKO,1977,-0.06966403435243233,0.06236245201664924,-0.011486038634659072
XKO,1978,0.5771132307554847,1.0061889333582852,1.3943954469763025
XKO,1979,0.5924322098877821,1.0715736054630294,1.2906554731393824
XKO,1980,0.541039402070911,1.1214952483902922,1.55685285110293
XKO,1981,-0.093364755792383,0.5111315611955699,0.07091212628180674
XKO,1982,-0.6737252697087179,0.6351533458296171,-0.6796346465329458
XKO,1983,0.3121146066555524,1.4364245544962606,0.8270956008811994
XKO,1984,0.01977104553944161,0.17199446327283074,0.049094493932965916
XKO,1985,-0.8665454118531364,0.9211451523663828,-1.140380085547762
XKO,1986,-0.11519749511003122,1.0808390097190472,-0.16705944351657914
XKO,1987,-0.17640312891886054,0.8215994141377807,0.10356234495919123
XKO,1988,-0.9187629786398414,1.181852753837478,-1.7469917359940617
XKO,1989,1.3365066628014468,2.236092560745681,4.176234309476834
XKO,1990,-0.8698255602523158,1.030253327213722,-1.201093237413445
XKO,1991,0.5965981257569438,0.5514459577806309,0.5155867804628074
XKO,1992,-0.5273520275721245,0.7392148762778231,-0.796723973557399
XKO,1993,-0.9633596394306245,1.1095017338547524,-1.4114015178516806
XKO,1994,-0.5590222736287763,0.6499738766129501,-0.7908020463194464
XKO,1995,0.6711874101250279,0.8622499920070793,1.2740101612082788
XKO,1996,-0.08007962871473648,1.6307339273389305,0.1431507189221816
XKO,1997,-0.22243873263203065,0.5512571183057533,-0.2561023557705068
XKO,1998,0.031546167439838964,0.5625891697317885,0.24427830547371637
XKO,1999,-0.16509005957424577,0.3968558642198341,-0.24339140191697095
XKO,2000,-1.4046682808951303,2.283079385046596,-3.9405384607699685
XKO,2001,0.5162962395372698,0.6377416641963922,0.8022040622946089
XKO,2002,0.863419517630932,1.5763164551495965,3.053468786125002
XKO,2003,-1.1813856659932853,2.014220322232322,-3.207103748923943
XKO,2004,0.3237028737647013,0.4826746971895232,0.6921336222812191
XKO,2005,-0.002939989192226244,0.448515081181989,-0.04707743509795373
XKO,2006,0.22494657294333717,0.47158562610282073,0.330651925003625
XKO,2007,-0.8177503388640707,1.3563827209942731,-1.7846021097476172
XKO,2008,-0.7177478239735844,0.8362829551084502,-1.2286691937997511
XKO,2009,-0.35547894899726534,0.47718589029060554,-0.42466486969667766
XKO,2010,0.0050334055354515255,1.1247494026298572,0.222951520636801
XKO,2011,-1.0216743688376886,1.3061293768395201,-1.8005682621868393
XKO,2012,-1.367115946065632,2.6343454911739697,-5.676801363754787
XKO,2013,0.0584236347073636,1.308618895715255,1.365974857199495
XKO,2014,1.7848713082743703,3.9795498542114416,10.189938365882849
XKO,2015,-0.8987516358983239,1.5680947934539435,-2.3654735183640683
XKO,2016,0.8962982712357753,1.2242513748540043,2.0626078255184317
XKO,2017,-0.6127243896659931,0.7528692723416083,-0.8644114672282255
XKO,2018,-0.003036208343684392,1.7781324638668328,-1.0284991846350002
XKO,2019,-0.2551023763736655,1.3744337173735357,-1.4721139228609275
XXX,1971,0.5907684443132143,1.3905697644998023,2.2364941466114803
XXX,1972,-0.20864635424359132,1.3495374199409698,-0.6981990747158812
XXX,1973,0.21875384694931818,1.412821292032507,1.1475284413199724
XXX,1974,0.44057171623613794,1.1167444469235899,1.5589345094623557
XXX,1975,0.5088677886605828,1.2835150871444967,1.8657929245593605
XXX,1976,0.2504822224445838,1.1510399541888088,1.1181866506935103
XXX,1977,-0.2568174196499623,1.1175398835541455,-0.22563526342505952
XXX,1978,0.0795661160237555,1.1598437314458976,0.5081736484973504
XXX,1979,0.24787731985226719,0.9567995291013378,1.0078062038562667
XXX,1980,-0.018991060943169536,0.8555420325330696,0.5406683671416306
XXX,1981,0.09252610441195526,0.8349794796848369,0.5942326847297529
XXX,1982,-0.009020605238510232,0.9340820858114628,0.35389971997158315
XXX,1983,-0.36285963794537124,1.1662467134724692,-0.5522055477653888
XXX,1984,0.459769360201566,1.1019835745413677,1.6280676688426685
XXX,1985,0.05198682261545399,0.7308365356115148,0.21787570727134586
XXX,1986,-0.18819933094885236,0.7244298449268058,-0.13990729218761838
XXX,1987,-0.5364797840642495,1.251208650832044,-1.5814255060581404
XXX,1988,0.030743451179335565,0.789300783158379,0.21270099352245717
XXX,1989,0.13019405064771752,0.9749964995756798,0.7665668786127444
XXX,1990,-0.07280195709382177,0.7132404265041986,0.14407880449488528
XXX,1991,-0.07366223733824658,1.0211794842778228,-0.046035162804197026
XXX,1992,-0.33625249596935763,0.715774031282366,-0.34045600048549307
XXX,1993,-0.2530760358786938,0.7586776750621668,-0.273597445523301
XXX,1994,-0.23626395359703228,0.9872238811722117,-0.47355188268528026
XXX,1995,0.19225732115966596,0.8746213464187292,0.7356025657037899
XXX,1996,0.19263035545553914,0.7361554833078229,0.42588065189899005
XXX,1997,-0.4686362492005378,1.3230281499342489,-0.9697451918933941
XXX,1998,-0.20860363060564685,1.663728848699253,-0.09130063688752182
XXX,1999,0.17316154832214675,1.1313163378442306,0.7506075000088089
XXX,2000,0.039956472485120534,0.9560727719567503,0.41967986791522405
XXX,2001,-0.022997340182549515,0.7817644182444208,0.142525738763614
XXX,2002,-0.0728069378072335,0.9817653470265109,0.20227357470100235
XXX,2003,0.012663546279302287,0.9021463155971854,0.027672753160972192
XXX,2004,0.17972405010462972,0.9582470438894855,0.9504117842043565
XXX,2005,-0.061554301562110766,0.8081410617932321,0.026849640873657054
XXX,2006,-0.05545210045275924,0.8180549832603137,0.09725448677869211
XXX,2007,-0.2508151646029284,1.1586204016104673,-0.5247300754965595
XXX,2008,0.2823226130165208,1.1459667727274352,1.3843731758320261
XXX,2009,0.04271177768990435,1.2034778745813226,0.639031703292051
XXX,2010,0.2832161022397709,1.5453439368543664,2.276790875526122
XXX,2011,-0.018328702848533513,1.0208827013326414,0.08926354491368116
XXX,2012,-0.17929376183999146,0.8905353813005323,-0.10656911688254639
XXX,2013,0.14545430902979922,1.0805066699127002,0.917078805909831
XXX,2014,-0.3525309973677067,1.0078223965053388,-0.45076734679782626
XXX,2015,-0.7645266430054963,1.4690220920749169,-1.8984870965925111
XXX,2016,-0.2136948328467041,1.1712221865799166,-0.04656817682468221
XXX,2017,0.007186815212291592,0.958794911681355,0.15662522616627247
XXX,2018,-0.2802541768387274,0.9030053429204437,-0.36763737392246804
XXX,2019,-0.6697451293703784,1.2765412237311868,-1.5683914282797626
YEM,1971,0.8036968926051403,1.1578208885580434,1.8024588043200367
YEM,1972,1.0912610324997787,2.4959481481593855,6.014748032786557
YEM,1973,-0.016380781754343945,0.8986843759535885,0.1365592620759717
YEM,1974,1.0692359625973324,1.4649160642754084,2.2506818212202213
YEM,1975,0.25570154068544837,1.2563468102318003,1.9014287503521323
YEM,1976,-0.1460218790851025,0.3147511996136103,-0.30612935600349733
YEM,1977,0.9880675081370917,1.3560284817566504,1.9163417567808654
YEM,1978,0.6609467924382705,1.5976552990754138,2.4861613501504958
YEM,1979,1.4528777003918674,2.860112101278844,6.312386955487115
YEM,1980,-0.3756037912196289,0.5887985127246218,-0.6847988667087102
YEM,1981,0.3743433140478754,0.627285784949527,0.495883705745673
YEM,1982,-0.23587620854472272,1.3044818327359509,-0.13102424646064464
YEM,1983,-0.4164743402518918,1.457920448710465,-0.5083657462451112
YEM,1984,-0.8202476693006132,1.5513391529892655,-2.528319338325389
YEM,1985,-0.4050713519103692,0.4948759427228344,-0.4229426213269375
YEM,1986,-0.20466279838706553,0.1233100506347747,-0.043845761964459905
YEM,1987,-1.0821394847622559,1.6185678416819278,-2.553767812403464
YEM,1988,0.6574913638514127,0.6902598356093861,0.7346178189601135
YEM,1989,-0.21466888260829048,0.42169217828248473,-0.20686394462035979
YEM,1990,-0.6053638277918869,0.6937144707988132,-0.7326919384724879
YEM,1991,-0.28122035396557765,0.2003326821650926,-0.1388417913635678
YEM,1992,0.5137778727256441,0.9078714183282773,0.8914725390373334
YEM,1993,-0.09083362559726885,0.18433747798600134,-0.041792009923400514
YEM,1994,0.28507397786443045,0.24811838755714075,0.15893577774836726
YEM,1995,-0.2437546738176012,0.6636681230835293,-0.356871629514792
YEM,1996,-0.2225054607208444,1.0976456573297528,0.19850856052504975
YEM,1997,-1.0744626283951901,1.6494142608199807,-2.5003901298109255
YEM,1998,-0.07057026298503927,0.7030868191293158,-0.44712767840603057
YEM,1999,0.6506389774555151,1.057643511887694,1.5769269247052449
YEM,2000,0.5276003473245091,1.4672792771061403,1.752035546940172
YEM,2001,0.4962982157447887,0.9290260938642789,1.2133677266880973
YEM,2002,-0.6192393273645819,1.8285343424953138,-2.2658170393874215
YEM,2003,-0.43754190950752303,0.6685691431982118,-0.5750303511371624
YEM,2004,-0.4246379280618344,0.6876479857523001,-0.5883782517730083
YEM,2005,-0.5853583442343903,0.8158899412329654,-0.9158799016267322
YEM,2006,0.18900922424693678,0.9048618558368055,1.3251727938788922
YEM,2007,-0.14800171299575934,0.35348923282535916,-0.17324234074580913
YEM,2008,-1.184288560771885,1.8935131368043558,-3.318965405780371
YEM,2009,-0.7159237029271477,1.65142371027915,-3.020830308110882
YEM,2010,0.8530295664048287,1.491357846627239,2.1747768285159883
YEM,2011,-0.08752924947473087,0.42209438347259187,-0.17355372252541187
YEM,2012,-0.5351223069447263,1.0115466959904682,-1.2245307812748982
YEM,2013,0.23125232937160595,0.7415706705454763,0.017067943423852226
YEM,2014,0.9751304562516465,2.519218672251691,6.0181931146532275
YEM,2015,-1.13652369010898,2.3870344096359166,-5.410879784557973
YEM,2016,-0.6226247831318472,1.1046815955736302,-1.480595157392717
YEM,2017,-1.062242377749028,1.7926829033205265,-3.4551108903775716
YEM,2018,-0.4114008927651288,0.421404980097513,-0.3177776803074471
YEM,2019,-0.06489937678816236,0.2829228318252897,-0.06221920118343285
Z01,1971,-1.222359367780717,1.8001022197815328,-2.925326913871437
Z01,1972,-0.9217722605772943,2.253301709238307,-3.7563140701457294
Z01,1973,0.5873218249169759,1.2638612463231647,1.4264409023730282
Z01,1974,-0.44628695398810514,0.396912979124139,-0.36829537962558667
Z01,1975,2.310450178373511,5.776902513716464,15.288401667280624
Z01,1976,1.4112977171465348,3.2344190335256875,7.377273250451128
Z01,1977,0.4079411935115179,0.980740184966993,1.193360739471195
Z01,1978,0.3642209588947535,0.6496195527094126,0.5535001911298725
Z01,1979,-0.8829656932821894,1.0212139894264143,-1.15362544621892
Z01,1980,-0.6926040618769196,0.5904822005328025,-0.5515671789096513
Z01,1981,-0.4381803414473923,0.344572103406839,-0.3125224255363423
Z01,1982,-0.8567929627129428,0.8272110665208914,-0.8374982988822889
Z01,1983,-0.24692035921533012,0.27160262044633904,-0.12889289084852845
Z01,1984,-0.5727890411068823,0.5787633679111318,-0.5869894511593289
Z01,1985,-0.29363688125156256,0.17808683376156798,-0.09831188388275271
Z01,1986,0.07090196234309419,0.32951826689254543,0.15596528804619192
Z01,1987,-0.6097735695894221,1.5554289970846475,-0.8008147582675855
Z01,1988,0.8964835586023354,1.2198569508754924,1.917719210507009
Z01,1989,0.2985609673054114,0.5085967929659212,0.51354045078046
Z01,1990,-0.5876075065433899,0.7934388310377757,-1.1790192555165062
Z01,1991,-0.689575136757935,0.5527770991019807,-0.47960694247800045
Z01,1992,-0.11952720602457675,0.5507890826201447,-0.09010300649989322
Z01,1993,-0.07203621538420504,0.6268802653011599,0.009353930959309364
Z01,1994,0.9101885347224278,1.0696741131205207,1.374232531016336
Z01,1995,0.684808848659227,0.6177913433074923,0.6354294298082622
Z01,1996,1.1590218449824958,2.0256287317576214,3.7439032846225353
Z01,1997,0.6329999406833595,0.747142753359831,0.863688293312822
Z01,1998,-0.7008245490229207,0.5865327331324158,-0.5598951568198778
Z01,1999,-0.7895230428422279,0.7306801467136699,-0.776936808849564
Z01,2000,-0.26601714491922795,0.28496458654535683,-0.18141175089656683
Z01,2001,-0.1295652463355073,0.24054835144063608,-0.01969981055817945
Z01,2002,-0.9746785220595554,1.3389210390278505,-2.1839700637341317
Z01,2003,0.38837762351045413,0.5074337085861469,0.43290842630583903
Z01,2004,-0.40081645117766257,0.23367994028971117,-0.14822639696501888
Z01,2005,-0.8961691585573599,1.024903709290385,-1.27255628040932
Z01,2006,0.2707681276411258,0.573299762467365,0.5679862802120395
Z01,2007,-0.8017061737876724,0.7161834088411357,-0.6984673548653387
Z01,2008,-0.32473537755428117,0.23314322380951702,-0.17271611524574818
Z01,2009,-1.1621937481271711,1.402378138790176,-1.7548329820581028
Z01,2010,0.44243330275811404,0.3886812688630123,0.45251879759779273
Z01,2011,-0.6199957476318142,0.5891102279496274,-0.6962860981092388
Z01,2012,-0.9066632475723703,1.277906563707782,-1.4671927169674666
Z01,2013,0.26102017050306653,0.31214732042844995,0.15411887034485725
Z01,2014,-0.21496855787606894,0.6741606827269533,-0.1741615574014034
Z01,2015,0.07852493842936141,0.3485651095224776,0.20735626805280308
Z01,2016,-0.42594654413090594,0.3756148270426048,-0.33958041873310685
Z01,2017,-0.41537860707574714,0.44015949473105903,-0.4445616256352938
Z01,2018,0.0024016728749075723,0.14421991169014867,-0.013347118647046494
Z01,2019,-0.17151632829737776,0.22630252247336263,-0.031307612834526315
Z03,1971,0.27991435730421627,1.8144025556408032,1.6349858349108553
Z03,1972,1.306645757226472,2.82832399590125,7.178360172463351
Z03,1973,-1.144731959819457,1.4659405128066263,-1.976320401017039
Z03,1974,1.0408019132283264,1.521233736278968,2.539370789739788
Z03,1975,0.11230795630451995,0.10772038683723081,0.035967836940119416
Z03,1976,0.49260145976026365,0.5532293679511829,0.6377918911334702
Z03,1977,-0.26426349828383083,0.5517769710223963,-0.34016691261634885
Z03,1978,-1.4896005260282266,2.431727607063263,-4.239543434171451
Z03,1979,-0.2184903163646401,0.1739184931217876,-0.11683737656449024
Z03,1980,-0.6828816109630684,0.7030980953710532,-0.7811168461307174
Z03,1981,0.8279090931296218,0.9552895602747953,1.1533785264339809
Z03,1982,0.778563609735196,0.8770368957243133,1.2187949594272096
Z03,1983,0.3158785530050777,1.1867762482158595,0.5573144997215556
Z03,1984,-0.504325566196797,0.5863939262486397,-0.7471849251358698
Z03,1985,-0.8707670484271233,0.8127676557501815,-0.7928628926043233
Z03,1986,0.06286578504376195,0.08263209788241956,-0.007991571763519703
Z03,1987,1.1729327419174667,3.296171513009086,8.88378569705561
Z03,1988,0.17944531840972408,0.6169997498742397,0.7043796747522203
Z03,1989,0.9665764188161668,1.0458083487840772,1.2315375250150646
Z03,1990,-0.8627440955998572,0.8252942356310021,-0.8639246572630982
Z03,1991,0.2240296660924847,0.1843346655869108,0.11884584527996701
Z03,1992,1.037540275926537,1.3051501915045463,1.7609436482475385
Z03,1993,1.0803005608465168,1.6153035692444018,2.809244422956973
Z03,1994,-0.8245262715275503,1.034505790614749,-1.3636777394675579
Z03,1995,0.24353330713476876,1.9878939169017973,2.2576615498824544
Z03,1996,1.019706527722834,1.3180033089930299,1.8805252864251778
Z03,1997,-0.6374614032392902,0.5585106239104354,-0.5687609176054533
Z03,1998,-1.004632062636515,1.1699700301581677,-1.503923563261366
Z03,1999,-0.6084510439228623,0.5228468976533062,-0.5234176930642508
Z03,2000,-0.8418247279678496,0.869842601109113,-0.9897184533671862
Z03,2001,-0.8026640571977379,0.684869039049412,-0.6173705965440562
Z03,2002,0.8721458122995689,2.189905982634694,4.596783207413562
Z03,2003,-0.02379670758163967,0.19221847911577788,-0.02257013924699903
Z03,2004,-0.808427679963319,0.9263864937210615,-1.1613145464508845
Z03,2005,-0.299977228510484,0.3458185925816073,-0.28342067340837407
Z03,2006,-0.8661465838844515,0.9364645650432137,-1.1456473073629179
Z03,2007,-1.5024518067979136,2.2750688278780347,-3.471432454114302
Z03,2008,-1.3472424247962382,1.908475092519283,-2.849639107954433
Z03,2009,-1.1707014305998835,1.4676386289419572,-1.9797529893045613
Z03,2010,1.0007536441772755,1.5003022529121033,2.597893659795293
Z03,2011,-1.769134822415723,3.23387326718586,-6.0221607297445425
Z03,2012,-0.5994755631207994,0.8283802034165213,-0.8950577925470972
Z03,2013,-0.9610491253255786,1.9260011460268323,-3.085652051789382
Z03,2014,-0.7828200040910831,0.9543202970827254,-1.2477084348734935
Z03,2015,-0.27451553480219393,0.10864159671830295,-0.0457143467107486
Z03,2016,0.39000370700613846,3.139506589985129,4.183795534438827
Z03,2017,0.18394636028125966,0.29202672695189735,0.13042792130663752
Z03,2018,-0.16714973923088058,0.25633060187209356,-0.08004660730859488
Z03,2019,-0.35213151101270035,0.45266601614708324,-0.4114066804678543
Z06,1971,-1.5022123137268304,2.5512771758253394,-4.597957475812723
Z06,1972,-1.3582758856767485,2.600940827062026,-4.547980320677026
Z06,1973,0.27372462457766544,0.36342494091250604,0.16119839246542816
Z06,1974,-0.33863726110844145,0.32375973525288676,-0.2686287074404755
Z06,1975,1.1896252333552157,1.6357200885728767,2.3536296885130605
Z06,1976,1.4480953688067844,2.7113363762359595,5.387711088367075
Z06,1977,1.4629110395749663,3.4117935499036807,7.202544668308867
Z06,1978,0.9686866107860536,1.3861002063421288,1.8454649997034038
Z06,1979,-0.7003084176758186,0.6765160450627858,-0.6713679393706314
Z06,1980,-0.4147120963614646,0.3687070704415952,-0.28332028461856085
Z06,1981,-0.3112703902817543,0.4246084712832254,-0.42682153172997106
Z06,1982,-0.6491482972608664,0.5872872892885841,-0.6001942703503643
Z06,1983,-0.034198068922994804,0.5006136422480517,-0.022863771380116468
Z06,1984,0.06617283075427757,0.5254327568649205,-0.15760979314414822
Z06,1985,-0.3565584893475051,0.25013501326407617,-0.17752161066023442
Z06,1986,-0.11447506772018183,0.17569073184900766,-0.00455773011904906
Z06,1987,-0.8758908775209859,1.6935061664427067,-2.2197659506070067
Z06,1988,1.264787110544952,2.9014710161160813,5.723065039147762
Z06,1989,0.06406824354124785,0.48649826641237753,0.2784143321630512
Z06,1990,-0.19783428418364898,0.8759024675792,-0.7333715725604553
Z06,1991,-0.4611003290856605,0.43564991142095427,-0.39433402874249973
Z06,1992,0.44002033544699914,1.371358530309253,2.25230759944268
Z06,1993,-0.80223766242854,1.3009671603776896,-1.8686382580455128
Z06,1994,0.6543415887857058,0.7385648150247551,0.9830790818105573
Z06,1995,0.2915997909775074,0.5227724747057233,0.3837269513088633
Z06,1996,-0.350956238136492,0.8113106175412617,0.20093894847437932
Z06,1997,1.1945755232166604,1.8308014706196145,3.17429771912429
Z06,1998,-1.2597174029133373,1.8291457348089766,-2.8827560955096274
Z06,1999,-0.39160968772157806,0.2970915829466411,-0.2420417754013387
Z06,2000,0.34307465391035785,0.33418340746055775,0.1671976997606627
Z06,2001,-0.39565928893022495,0.7344468496875945,-0.7892244737438333
Z06,2002,-0.7163916259826763,0.7438348153644114,-0.8840524057310272
Z06,2003,-0.5853654397022623,0.5565141528148544,-0.38544032603127276
Z06,2004,-0.44180898584946254,0.49795027225883964,-0.2958715049350479
Z06,2005,-1.2673146003248914,1.7081115931976418,-2.3628928550449957
Z06,2006,0.92269499581227,1.2456957164697138,1.6478030496083735
Z06,2007,-0.7477754631504058,0.8195163738520033,-0.9740429132591492
Z06,2008,-0.19310068572441452,1.0344075256897798,-0.013555650430888078
Z06,2009,-1.7786194136437667,3.2621317418037985,-6.1362337960467
Z06,2010,0.44976966890351333,1.0434494009616242,1.3146289803464362
Z06,2011,-0.6636465531540201,0.6917786359471031,-0.813805993489866
Z06,2012,-0.06825868664317734,2.3567005537922174,0.2814767115573322
Z06,2013,0.5424323318173329,0.9843479118905598,1.3931977440785455
Z06,2014,-0.6316165844997309,1.1091591109744077,-1.5061881270491875
Z06,2015,0.4938291213228616,0.6724101614909861,1.038512751635545
Z06,2016,-0.8653600011130917,1.0237196002517812,-1.3462508345119166
Z06,2017,-1.0531425421901417,1.3410964738546105,-1.846431462888339
Z06,2018,-0.6396714666208281,0.653860723196839,-0.7066086044320454
Z06,2019,-0.38894174916604496,0.40231451967220433,-0.3503179388705401
Z07,1971,-1.341622798357264,4.443799595165306,-12.353022800606219
Z07,1972,0.07920923299358706,2.542203849883334,3.4551332572501066
Z07,1973,0.5140847055395014,1.5667521176117145,2.7106702066639263
Z07,1974,1.1864507003236,3.6867055152374846,8.457795094759648
Z07,1975,-0.1099113881889665,1.351640898851946,0.8091283323479261
Z07,1976,-0.8590855337055663,1.5359975955527505,-2.946436312470813
Z07,1977,1.1689593763261938,2.7826466853059277,6.500583707776472
Z07,1978,-1.2258371244523096,2.1488477871027665,-3.672286585186986
Z07,1979,-0.7682256981479652,1.0162614183554433,-1.5797532243343935
Z07,1980,0.2754297522397379,0.5370251830609096,0.3604194970511613
Z07,1981,-0.23384560459273457,0.2459573725837943,-0.1344724619365817
Z07,1982,-0.5100381534665762,1.1146942970711162,-1.8981816642269342
Z07,1983,-0.3069506139986694,0.4650535618839325,-0.31681965646980415
Z07,1984,0.6011206795833526,1.0483171412980292,1.0681973158089308
Z07,1985,0.8090289251919552,0.9535995232159556,1.290572047393991
Z07,1986,-0.6005753680232696,0.7013436446509048,-0.6734532484734405
Z07,1987,0.4483133957819823,0.7045867880093013,0.8122510146320483
Z07,1988,0.02891556762316612,0.27194227299272417,0.11114479071482358
Z07,1989,-0.4076862104253998,0.4110269735952109,-0.346710272813322
Z07,1990,0.5651951803665944,0.5553704739955126,0.5456635793752077
Z07,1991,0.5431127169850763,0.6256902916420187,0.7456451552449388
Z07,1992,-1.1198243581664127,1.614231837859759,-2.401328390151871
Z07,1993,0.15297999790254865,0.36234322123727025,0.14194669443892166
Z07,1994,-0.07419475399896036,1.7586036375473513,-0.10167210577329064
Z07,1995,-0.093254675641298,0.4392947893806254,-0.1963323945824208
Z07,1996,0.4685867554335902,1.329458385187322,2.1227959341009535
Z07,1997,-0.21802759942136302,0.34548762168956765,-0.16661333538761422
Z07,1998,1.2496436615973803,2.416110163335005,4.9314164406131615
Z07,1999,-0.3765629991566789,0.6278699909655794,-0.8969517867406045
Z07,2000,0.10243016103909475,0.20157466984385342,0.09542217012175998
Z07,2001,-0.5628854042876564,0.5024133347418878,-0.5055201640265848
Z07,2002,-0.376876205333231,0.5277982656705575,-0.7095794221648852
Z07,2003,-0.07236499430661342,0.1467868070360043,-0.021177734865941978
Z07,2004,0.28783665958853744,0.3986483010321576,0.255810757562842
Z07,2005,-0.1725906661405922,0.607164516152175,-0.09345995769831969
Z07,2006,-0.4008694683562182,0.7256277417294453,-0.8456518928337867
Z07,2007,0.13835187485083805,0.14342345701519416,0.056384432510575996
Z07,2008,-0.0073096496031958,0.23070980635181654,0.09112500659838388
Z07,2009,-0.785962153306619,0.7952376093089071,-0.9447472162678343
Z07,2010,0.53853572807754,1.036725148227488,1.6507387206085982
Z07,2011,-0.29672869262509766,0.2732515862431737,-0.2541275810996612
Z07,2012,-0.04603644340250287,0.10906956151844494,-0.015242467045809041
Z07,2013,-0.5975492473930036,0.6667588741192724,-0.9598062268434118
Z07,2014,-0.368865362948648,0.5191701219761218,-0.9593790644721429
Z07,2015,0.3786986305672699,0.8064039925640352,1.0363905272805207
Z07,2016,0.10258919555130203,0.8225012316682422,0.6069193888433149
Z07,2017,0.726723201861125,1.4696595175620097,2.731559859046378
Z07,2018,-0.8242674361971346,1.109136979620962,-2.0778770879132757
Z07,2019,-0.4599300697683003,0.6311395998252456,-0.7637412884571098
ZAF,1971,0.5844307510423933,1.00485120014729,1.8506622464835591
ZAF,1972,0.2047150529360542,1.1684183426094792,-0.16992656806366407
ZAF,1973,-0.29961971310710456,1.046652643708876,-0.7119388208472882
ZAF,1974,0.8334684144523725,1.0983113942950447,1.5803629711848564
ZAF,1975,1.0803802406523522,1.7645349359406473,3.284041234296072
ZAF,1976,1.3275220461978523,2.3368640141319776,4.649471479388132
ZAF,1977,-0.03711253643504797,0.4274671001008977,-0.019602453079593966
ZAF,1978,0.39712178240120355,1.0524563154628583,0.9204161667634128
ZAF,1979,-0.7466535556954227,0.8273557460463937,-0.9167901907293003
ZAF,1980,-0.19106147495789613,0.3739272227019291,-0.06315339560048241
ZAF,1981,0.31773966202311105,0.5496425944985894,0.510046805236126
ZAF,1982,-0.33374052846476693,0.5484528706574706,-0.2896555994908102
ZAF,1983,-0.8977936173985488,1.600670313196773,-1.958708438358457
ZAF,1984,-0.6083596811789157,0.8754375840209349,-0.7162836952571456
ZAF,1985,-0.5249030194515588,0.4819733485640888,-0.4224853727869235
ZAF,1986,-0.3012309882094878,0.407942350362078,-0.13695292954860228
ZAF,1987,-0.48011837048943723,0.6038303683044105,-0.5067551424245216
ZAF,1988,0.47640072499182523,1.2204071948094701,1.9238026630214229
ZAF,1989,0.546244600432257,0.8098174727466351,0.9352640627584019
ZAF,1990,-0.00994360801064222,0.7804714399941938,-0.4368932379395355
ZAF,1991,0.030812567754959396,0.5838101853458306,0.17847520589877172
ZAF,1992,-1.241461623217094,1.9252726628448944,-3.034261624480754
ZAF,1993,-0.2251653661097246,0.5519695962122159,0.10853736875062693
ZAF,1994,-0.20968423747671797,0.5163450486635972,-0.36105625037957956
ZAF,1995,-0.04343222403874723,0.9138923863038085,0.5156402230725149
ZAF,1996,1.180930403003904,2.052825113552892,4.034301399039013
ZAF,1997,0.748249317986366,2.263001854920407,5.04382140135665
ZAF,1998,-0.23870442071262227,0.7331043995219676,-0.2824152201338219
ZAF,1999,-0.5154401420602517,0.7938406540454376,-0.750242003659426
ZAF,2000,1.0121861461058983,1.56705258818509,2.810303042645406
ZAF,2001,0.14926949514055307,0.9470704644288446,1.1138911329433672
ZAF,2002,-0.2858370304876507,0.6595344182599695,-0.13453846663231908
ZAF,2003,-0.8714150316276579,0.9875328374464825,-1.2561672403587423
ZAF,2004,-0.36687589173772783,0.5581454815344618,-0.46381963630441564
ZAF,2005,-0.19583780820631175,0.3249578169149565,-0.24658123255042652
ZAF,2006,0.6321159622922813,1.1987413989075013,1.9640343173871015
ZAF,2007,-0.7729975447416313,1.3174957275712527,-1.4980721880162449
ZAF,2008,-0.14020365292089004,0.39331069413216757,-0.18282498341586992
ZAF,2009,0.08447192423445936,0.35542770822592035,0.25046070502704787
ZAF,2010,0.375411306276387,0.617855196272931,0.7121494761699655
ZAF,2011,0.3575573526289328,1.0180103631274964,1.2166637881190725
ZAF,2012,-0.7408833331420264,0.7368683525648704,-0.7896459809277979
ZAF,2013,-0.2907779904467724,0.5015269680148122,0.040689697018828255
ZAF,2014,-0.23052543569899053,0.39250486162464526,-0.14668777789109644
ZAF,2015,-0.8668253796180072,1.2930172803643827,-2.418351196901822
ZAF,2016,-0.711677187160837,1.0634870061448838,-1.5116884951393375
ZAF,2017,0.11605481004826666,0.6891812022557248,0.2730468252012377
ZAF,2018,-0.36456921587922786,0.7435369491084737,-0.9665633938491487
ZAF,2019,-0.32165481374101745,0.885235796855314,-0.6085862468125772
ZMB,1971,-0.39769360053926395,0.7402910302543622,-0.6420289171375853
ZMB,1972,-0.19551892863080814,0.7096853744157166,-0.19943956315851186
ZMB,1973,-0.66037754570162,1.182009858147172,-1.2924009385813642
ZMB,1974,1.0258502730494692,1.7953598796860921,3.418966248511319
ZMB,1975,0.268431805067406,0.7140872987321294,0.5730213837626433
ZMB,1976,0.8755217529525141,1.7392957728507195,3.4550828343725146
ZMB,1977,0.01594752065868224,0.5169696980616221,0.057605724504025874
ZMB,1978,1.4078077660340371,2.593795265758929,5.348377556592252
ZMB,1979,0.28884225795461765,0.9773679590062366,1.2394882121995472
ZMB,1980,0.2112269845567831,0.5557751665700702,0.4864282848937453
ZMB,1981,0.23666826302342314,1.0677652333155983,-0.06524393280625124
ZMB,1982,-0.4151375380993745,0.7508439717315855,-0.5899928763770197
ZMB,1983,-0.586295757776941,0.8810845071746797,-0.8029384731381098
ZMB,1984,-0.1598024866783973,0.7684267420974451,0.0590951195041582
ZMB,1985,0.3588118099568013,0.5686409001539598,0.623036295539277
ZMB,1986,0.5186484247085397,0.654944924340491,0.8214664768227695
ZMB,1987,-0.8476944786725481,1.229962737829152,-1.588220592895792
ZMB,1988,-0.19751183982957796,0.5432833743306089,-0.17587635677581906
ZMB,1989,0.5460459882230515,1.0846583414558428,1.593066987034488
ZMB,1990,-0.15213088113936712,0.6070833651060179,-0.1644301010606836
ZMB,1991,-0.2631108844228619,0.4385737538693356,-0.005564021066068247
ZMB,1992,-1.0342084019328341,1.9109915785192642,-3.550611985401183
ZMB,1993,0.24357122079979482,0.6858901863180089,0.3249006864788569
ZMB,1994,-0.8142893744556382,1.1192197624268772,-1.4728737423420986
ZMB,1995,-1.173864157974103,1.9126800140964633,-2.99477266298028
ZMB,1996,-0.1448530196628612,0.5277866975247694,-0.17946001939256756
ZMB,1997,0.3505271323977412,0.9218009389655382,0.5838171748029377
ZMB,1998,-0.4061558194121688,1.235232721632017,-0.36491829052700736
ZMB,1999,-0.03867431589078251,0.7552474279755682,-0.23052529446065073
ZMB,2000,0.06397795381330501,0.9195259015498828,-0.16349985582061485
ZMB,2001,0.5651176763829002,0.9844023147543249,1.2228586113117852
ZMB,2002,-0.6596725681215512,1.0668800903910312,-1.3469322363057077
ZMB,2003,-0.10710083105818577,0.8428299603277443,-0.41494652585199676
ZMB,2004,0.015218398076349466,0.5577865514440654,0.03519298249253595
ZMB,2005,-1.0092638423507432,2.3660946238467453,-3.9756743653601023
ZMB,2006,0.2151734809355301,0.5720495069076238,0.38703083355122364
ZMB,2007,0.5614419517096744,1.7825088193276737,2.877507598424883
ZMB,2008,0.44775440453517995,1.71237358410313,2.9840854527633605
ZMB,2009,0.3271797921471618,0.7331259047299782,0.6281626527303449
ZMB,2010,0.39373982145427405,0.9083072659374803,1.2314115720505057
ZMB,2011,-0.07065243674697916,0.8689825610314563,0.7628725714410272
ZMB,2012,0.5012529693133503,0.9425282151352086,1.2307945923009458
ZMB,2013,0.13397789702958043,0.4635313632636185,0.06932184913065316
ZMB,2014,0.04095499191473526,0.36603633503488264,0.18218811643873886
ZMB,2015,-0.25709908158887435,0.7487780978328206,-0.8934925287848743
ZMB,2016,-0.710852623004278,1.2571071338145647,-2.1117363640495053
ZMB,2017,0.1229739330424735,0.4136489100267769,0.012876439246103825
ZMB,2018,-0.01204570007535399,0.275520420224388,-0.3255141564245986
ZMB,2019,-0.07947013541651997,0.25840799794566743,-0.21395070570849475
ZWE,1971,-0.5448674394583896,0.9418208784399238,-0.7664571070085823
ZWE,1972,0.21602883577461462,1.0189688701951287,0.09302177114521323
ZWE,1973,-0.5589126401960837,2.7448788145328336,1.945978145406948
ZWE,1974,1.3004534725044126,2.3438171032217063,4.737130844602451
ZWE,1975,0.42169472830875226,0.7189486559181307,0.6962872082829449
ZWE,1976,0.6114554163776383,1.3456114552936629,2.707023500080358
ZWE,1977,0.782706968735984,1.654613403264528,2.8698215220786176
ZWE,1978,1.2937761888249713,2.1542174900882443,4.136550830589208
ZWE,1979,-0.12430939265181642,0.5988216305853387,0.20472554872630166
ZWE,1980,-0.018796064774772324,0.4403158882068748,0.29719967599698854
ZWE,1981,0.7907111612579767,1.0662838602122777,1.4431134362087188
ZWE,1982,-0.6991057195276067,0.6365356711959681,-0.6403726125949368
ZWE,1983,-1.1225148412928516,1.4788495508487256,-2.091594635523161
ZWE,1984,-0.4152011766211219,0.7307871928206139,-0.4146332962462517
ZWE,1985,0.4709081603658916,0.6912818721833028,0.7674982597115713
ZWE,1986,0.3060608082188027,0.38749531000188825,0.3309972888667191
ZWE,1987,-0.9010094638091604,1.3599717263979072,-1.5638861941519409
ZWE,1988,0.15115514035783692,0.28222980591768865,0.16484939096677415
ZWE,1989,-0.09450222852937336,0.40624707949895833,0.1641522801469949
ZWE,1990,-0.22998162625958068,0.4797138952382664,-0.23075731016824577
ZWE,1991,-0.5350058593415653,0.6440886263668926,-0.7318489501778062
ZWE,1992,-1.076909204648595,1.799208305375021,-2.4724744324996926
ZWE,1993,0.04459803708721599,0.3794971213302152,0.031682376534730224
ZWE,1994,-0.5178981798220824,0.6979119356164445,-0.6086558337893557
ZWE,1995,-0.9691429840398526,1.320280916510133,-1.9016292689716014
ZWE,1996,0.12976285092640966,0.4937297904994951,0.25467874646463423
ZWE,1997,0.4707935678040185,1.199976234676601,0.5648289474122755
ZWE,1998,-0.5641414194506689,0.8930549336287996,-0.7257686457395627
ZWE,1999,0.41107023999429404,0.8272675435975825,0.9953810487680795
ZWE,2000,0.9851094082454754,1.9662313054949025,4.100653163665529
ZWE,2001,0.5938857957555875,1.0638935845770594,1.620334826324385
ZWE,2002,-0.8484533148611256,1.0791434864023968,-1.4297559937687445
ZWE,2003,-0.5100241013696363,1.0881752584778113,-0.6139849955919927
ZWE,2004,-0.15390008552796924,0.6656841549373301,-0.20713136099117208
ZWE,2005,-0.8733968938517779,1.1992987225068332,-1.319481382500562
ZWE,2006,-0.15365216165899268,0.5339739021905116,-0.2871471457405875
ZWE,2007,-0.1914580623112876,1.0484590835895868,0.9423724283732083
ZWE,2008,0.10334011530265713,1.0712497783054655,1.002723715896234
ZWE,2009,-0.44193593319018193,0.5670733568501389,-0.46277636478040207
ZWE,2010,-0.5127366948051761,0.7283235299726046,-0.44213833536381925
ZWE,2011,-0.0035118587543578783,0.7988235056998322,0.5026465121751935
ZWE,2012,-0.5471605127699827,0.7019753339687991,-0.7546385551458444
ZWE,2013,-0.19036847787199582,0.32199248920398005,-0.15043394428308282
ZWE,2014,0.26981414989624675,0.36387893033493407,0.23344655236170606
ZWE,2015,-0.6035494012938221,1.2454471900159507,-2.1174022763235634
ZWE,2016,-0.8580819582355461,1.3474992408939916,-1.902925624964051
ZWE,2017,0.4935452803865646,0.9406212377706129,0.6579099580845936
ZWE,2018,-0.31364075932144053,0.5414793556014504,-0.287496700080611
ZWE,2019,-1.0568087454492885,1.7222050810522338,-3.0565199984899585
