country,date,spei,spei2,spei3
AFG,1971,-0.13619151540387936,1.097935138358707,0.07356493162812294
AFG,1972,2.073947883769429,5.251629602763639,14.310482191096547
AFG,1973,-0.0702438787735968,0.47447264055031524,-0.04494377848922583
AFG,1974,1.0257768386500914,2.0028116394122413,4.097992623901617
AFG,1975,0.34818468833473476,0.4879030981951119,0.30560810744690364
AFG,1976,0.41446036941803927,0.6338669854394653,0.5868631319752001
AFG,1977,-0.17225487540588344,0.5784951635243197,0.1874916407874572
AFG,1978,0.2602753270633711,0.8373314454323031,0.9605961983687102
AFG,1979,0.5645146309333089,0.7809668186808081,1.1352220050931248
AFG,1980,-0.5271894009151247,0.5650269011616875,-0.5785725448876877
AFG,1981,0.5179954233182458,0.5920480876585348,0.6977966944156251
AFG,1982,0.36510767520823584,0.8278764410338877,0.9250854119143626
AFG,1983,-0.7580242212168843,1.7072387292130302,-2.4149543131260454
AFG,1984,-1.0040917359224084,1.4385003734586719,-2.280840772732899
AFG,1985,-0.5866135385137387,0.6318301700335853,-0.6297697052739679
AFG,1986,0.24250927622570428,0.4069703543498019,0.5098021934132313
AFG,1987,-0.04753075868341488,0.38348595593130136,-0.09780179652665083
AFG,1988,-0.763662971244848,1.005480392676473,-1.121768480905863
AFG,1989,0.38542520440197486,0.5459284017478331,0.8909157989694897
AFG,1990,-0.7169913000789073,0.7294704315410546,-0.8461369704339923
AFG,1991,0.712546789401458,1.3473865212468568,2.2969637282234405
AFG,1992,1.6535848009165315,3.1759586219119624,6.737576511623051
AFG,1993,0.6487380619955923,0.8906851378248714,1.2501152468148498
AFG,1994,0.11142835788153851,0.7162907599925488,0.9903113415161674
AFG,1995,-0.1372670712768576,0.6513992938815814,0.5556942012611157
AFG,1996,0.46917614673964264,0.6435447332746803,1.2005087955661642
AFG,1997,0.2673518552596279,1.315077563879885,1.515128470034846
AFG,1998,0.35821005086913593,0.9450956442137514,1.3454929218096159
AFG,1999,-1.0066250098802145,1.2327108988425557,-1.5976534393460973
AFG,2000,-0.9315455202003388,1.4999754316103737,-2.546506866067947
AFG,2001,-0.888287830474864,2.1269626990193524,-3.2863957507202475
AFG,2002,-0.546221034587276,0.7125745991576824,-0.6201008648058292
AFG,2003,-0.00978029610901714,0.542088660236939,0.13954836894719952
AFG,2004,-0.2781599524300846,0.8461927481018765,0.7055641204721947
AFG,2005,-0.13649394086961053,0.8759661286567143,0.17613454274127144
AFG,2006,-1.031796595196551,2.476756841022952,-2.050057800632938
AFG,2007,-0.5193770975857533,1.1809403602885653,-0.4105604121461243
AFG,2008,-1.6681687637890978,3.859853750399924,-8.482433588045614
AFG,2009,-0.005152754620924783,1.3584751211009125,-0.3414462847319808
AFG,2010,0.08121387009211695,2.178515235494365,3.132734308996883
AFG,2011,-1.1332221729654866,3.5740606343945904,-3.508462373896039
AFG,2012,-0.2535383148511734,1.8898601967533617,1.939367224742349
AFG,2013,-0.8721381845006838,3.063702425093644,-1.275019892703425
AFG,2014,-0.6737752985557525,2.4920080259122273,-2.2267256893927105
AFG,2015,-0.5711487483699131,3.597237439011876,0.4926647292984768
AFG,2016,-0.8251654699701667,3.711012566474867,-1.4805513205921141
AFG,2017,-1.6705971406932754,3.088846892447811,-6.154612802080981
AFG,2018,-0.40938734916487307,5.887958944042834,-0.5989538946466402
AFG,2019,-0.8199945823097757,2.069716529875933,-4.555882995841587
ALB,1971,0.26984089733018046,0.6305289117039317,0.6502994364852491
ALB,1972,-0.47482448737338867,0.5044791912847608,-0.41465818585424274
ALB,1973,0.09170702808384153,0.24162463616453775,0.030220873310777455
ALB,1974,1.702990854009673,3.041962442587622,5.646186781000152
ALB,1975,-0.31955626980563034,0.26530909873965364,-0.1743240483235957
ALB,1976,0.4942072244603345,0.8037321061855682,0.9599360782763522
ALB,1977,-0.8553854772069184,0.874621829977634,-0.9936410698625958
ALB,1978,1.7054469028360415,3.3999950410164965,7.472527937259073
ALB,1979,0.3590236784142269,0.2566493285195623,0.12633814868419038
ALB,1980,1.2716668073335229,1.6683511749839766,2.244562864172822
ALB,1981,-0.07815956588485937,0.17162578515411586,-0.040886499451436964
ALB,1982,-1.2108378540769718,1.628347871103959,-2.3868216550914805
ALB,1983,0.2296483180225261,0.8772417444395995,0.2261939216820521
ALB,1984,-0.43115100903258763,0.2770330853133918,-0.1776863022023327
ALB,1985,-0.5391559919505012,0.6669228075419088,-0.3572545776192194
ALB,1986,-0.05375868460609916,0.1286793285321628,0.008900502982089706
ALB,1987,0.742863562192683,0.7399158028821554,0.8007225188709597
ALB,1988,-0.8614800773137762,0.8968964380021414,-0.9689117352508589
ALB,1989,1.0860986993295765,1.7421951055960128,2.9815507373016095
ALB,1990,-0.7750731089823991,0.8443540014348909,-0.9210486727904116
ALB,1991,1.0126893205073144,1.1785291521944137,1.5010430204709113
ALB,1992,0.3199678535318322,0.4306911323858117,0.377533706930727
ALB,1993,-0.5437720350064699,0.666440234138148,-0.7315556228557537
ALB,1994,-0.7554072352261074,0.7233351061151749,-0.7348749722144224
ALB,1995,0.1915540928396287,0.3158083737586609,0.2603866944849967
ALB,1996,0.12283525105490804,0.5491902476249896,0.332858347912165
ALB,1997,-1.0159527968217688,1.0896304752650738,-1.2011474539009468
ALB,1998,-0.06673905499090937,0.08318441854161933,0.010196254844944208
ALB,1999,-0.18436832249277282,0.21368295871091028,-0.09999170161352211
ALB,2000,-1.0641416331051134,1.4185727299288993,-1.9048768278465156
ALB,2001,0.06775401806630812,0.15887730683995102,0.04392176152328591
ALB,2002,0.2710540887858257,0.18512258970551662,0.1114851294169347
ALB,2003,-2.000532984417218,4.1188223586474475,-8.735827214340203
ALB,2004,1.1775415234924047,1.5842772748419893,2.3774624958069643
ALB,2005,-0.0644583410334537,0.17051310750556004,0.028847225892452703
ALB,2006,0.3738780417975141,0.30214398341807014,0.26150395210842836
ALB,2007,-1.058342608625766,1.4125801234953386,-1.9673047898614626
ALB,2008,-0.39776720581241953,0.3611151126480995,-0.3289099852019924
ALB,2009,0.029842575111120134,0.13252295846260748,0.03639459056969091
ALB,2010,-0.29700254254797137,0.28206863663416043,-0.13766723218458443
ALB,2011,-0.5176650767358564,0.42820419244897906,-0.4994800993255997
ALB,2012,-0.012275563966054137,0.2563835065352284,-0.05728224982341964
ALB,2013,0.2623212008698574,0.45359487684471644,0.6124975877465826
ALB,2014,1.101124911470966,1.5724756623353804,2.3495917986921047
ALB,2015,-0.8423052101693377,0.807618406366682,-0.8694854142503676
ALB,2016,0.5430905471309793,0.3949384868918302,0.3245974206656053
ALB,2017,-0.9653894707636007,0.9735695713366684,-1.0228748447441178
ALB,2018,0.45334193134154316,1.0807398633583232,1.4220501917560948
ALB,2019,0.959657878681798,1.2073004514996628,1.6627049092912916
ARG,1971,-0.42093511033890874,0.8341651846937569,-1.0667075765474372
ARG,1972,-0.8688460143861273,1.1371087122891403,-1.5517283169992573
ARG,1973,0.7054887538862812,1.3637305580201382,2.295363250498829
ARG,1974,-0.5724394573044241,0.8402233142792134,-0.8923994687084252
ARG,1975,0.6682368023655417,0.8219991422483515,1.1152799698276041
ARG,1976,-0.30070454767138743,0.5570359349438956,-0.24315369202388026
ARG,1977,-0.18211229714058094,1.0548934948241813,-0.31317924257096924
ARG,1978,-0.534180931905423,0.798663006469896,-0.8113581222200724
ARG,1979,-0.3912051020667765,0.887638733488568,-0.7740816136789018
ARG,1980,0.26528028862072944,1.937585316296092,2.6829605992496717
ARG,1981,0.5171050456894973,1.2915896660202604,1.9043039060028704
ARG,1982,-0.16076323216986066,0.5722402591456082,0.06419489354642785
ARG,1983,-0.055353736026697874,0.6460683850365316,0.15487367459234985
ARG,1984,0.5813170455900136,1.629076542527507,2.720272904264114
ARG,1985,-0.6320780268172824,0.9767704334368433,-1.0201572280177316
ARG,1986,0.020063830513219073,0.7079102026143189,0.2501077098392868
ARG,1987,-0.04802938903944371,0.8983821584168052,0.1148088609584016
ARG,1988,-0.16175982077402387,0.8788701217487711,-0.14306175106577043
ARG,1989,-0.7941915241966196,1.2206909939071076,-1.9788410800229193
ARG,1990,0.307783090775619,0.8957694341766339,0.6534768397716701
ARG,1991,0.05448540560110527,0.950150897549391,0.5931308909511476
ARG,1992,0.3070511958349357,0.9550448328560515,1.145659728123839
ARG,1993,0.22054710139753694,1.4595119851293532,1.8069785320984597
ARG,1994,-0.34055082893860705,0.5473050585710925,-0.2975687565267137
ARG,1995,-0.1705887174327779,0.46953545069562247,-0.05352704104393159
ARG,1996,-0.11922504059095462,0.30742121359377367,-0.09424152571349922
ARG,1997,-0.5690320820758659,1.359640190301144,-1.4196537712121602
ARG,1998,0.7448907832456371,1.6393114470682077,2.863515487936649
ARG,1999,0.26581989232198444,1.0391287859127318,1.097193257614906
ARG,2000,0.6725324260034865,1.3735546944730452,2.5311392489186955
ARG,2001,0.5577530427552205,1.1243046686960336,1.6444473389497942
ARG,2002,0.3053008621819151,0.9110751238848066,1.0903796892804947
ARG,2003,-0.11507558819577071,1.0840552194186213,-0.1213253835835213
ARG,2004,-0.3837521685943362,0.8784473539938091,-0.4122369136455178
ARG,2005,-0.11109784277688953,1.1536982602403618,-0.33374597461088684
ARG,2006,-0.3198078466143605,0.6396919281888519,-0.5121401655374348
ARG,2007,0.6740943472255811,1.6771370927960327,3.1480591349881917
ARG,2008,-0.8969436225453796,1.4496792156778948,-2.148931564908081
ARG,2009,-1.3045965160642008,2.466791787792353,-4.726686233490265
ARG,2010,0.32246986732251587,1.5450690738400117,2.3111009842184815
ARG,2011,-0.1871005023304267,0.40238923052489894,-0.22446562590064625
ARG,2012,-0.3364928076412582,0.8233913731073207,-0.5603453143382521
ARG,2013,-0.5711406407613014,0.8467800790690799,-1.044023303510677
ARG,2014,0.654613412710357,1.2040009032589019,1.5818547999872505
ARG,2015,-0.1799402916983647,1.1395537136977214,0.0821850460789596
ARG,2016,0.5769038838224813,1.1897432726328785,1.8948798345101692
ARG,2017,0.5482518477945315,1.2183127713633397,2.136964392347134
ARG,2018,-0.9860306804084441,2.254137393603621,-3.706820019085203
ARG,2019,-0.14730697732195058,1.0706457660492033,-0.4122373398041429
ARM,1971,-0.5098998992498954,0.5205490991185611,-0.42933362606803677
ARM,1972,0.4239743739002078,1.12867795629994,0.4203110421507986
ARM,1973,0.22150229487740064,0.9137876552798515,1.2800188981400935
ARM,1974,0.5812782355679553,0.5525813716536725,0.6158580804870134
ARM,1975,-0.32200587818182014,0.299461399497474,-0.20637831488215932
ARM,1976,0.8195416194939195,0.9702833529601909,1.2833503342438801
ARM,1977,0.3984939268115355,0.3678005106283343,0.23516961628435723
ARM,1978,1.550480466495532,3.099620362191113,7.003259767272981
ARM,1979,0.22456360957477967,0.3004167758460359,0.08013906705666024
ARM,1980,-0.49301548599447254,0.6933403164718277,-0.7204676642803067
ARM,1981,0.9417017657385854,1.2969176867064252,1.7912668518195458
ARM,1982,0.261457267068557,0.455032853102103,0.4002685202345466
ARM,1983,0.22703354921456897,1.1019865760316432,0.4909364636896079
ARM,1984,-0.07464575027167708,0.8758202547511214,0.140662793361091
ARM,1985,-0.43188416803327423,1.4496879024508869,0.4328283709712546
ARM,1986,0.46115242292789377,1.1699698421461935,0.8669304313301704
ARM,1987,-0.5425734597132359,0.9520479206439,-0.9307348480853749
ARM,1988,1.029077548654439,1.3069601023684159,1.7951503119976198
ARM,1989,-2.205217835055025,5.129347979956948,-12.402422541699611
ARM,1990,-0.3380946331095412,0.6941209040821201,-0.7567429783722409
ARM,1991,-0.287784673035536,0.3033001507885073,-0.1828172579728297
ARM,1992,-0.06451286657885799,0.5655745405526906,-0.036985157837229166
ARM,1993,0.11255569554805023,0.3976057707940591,0.2248956050164434
ARM,1994,0.27068387902678015,0.3916308152474833,0.1383673415406072
ARM,1995,-0.5259464801000716,0.6839327613874504,-0.7842231992307108
ARM,1996,0.30347709169638043,0.3244411029287594,0.22484120510829025
ARM,1997,0.12311721687959924,0.19953663504212232,0.0683280903496068
ARM,1998,0.017187157505704598,0.6277838811035447,0.27189061421834226
ARM,1999,0.2515096210059923,0.18402406649361186,0.1637762315359808
ARM,2000,-1.3137800306341718,1.8422906156660657,-2.7232856870238957
ARM,2001,-1.125194540592261,2.4702806722356065,-5.052832607685042
ARM,2002,0.4496058068000295,1.0026957323587753,1.292869714010187
ARM,2003,-0.40055836149736546,1.1257179028312496,-0.3625627213012565
ARM,2004,0.10235033914578734,0.16578990506773106,0.06631162383948347
ARM,2005,0.2718920868739485,0.3785158215609855,0.28326619447419654
ARM,2006,-0.22528312840700113,0.5864681023072632,-0.0930052384925273
ARM,2007,0.24484268256145852,0.6317924617245444,0.6104562617247592
ARM,2008,-0.6896146337822758,1.0848528218893032,-1.8987813288201079
ARM,2009,-0.4229309811893307,0.8561168389681652,-1.2171806096983622
ARM,2010,0.5589799669442005,1.0385184520563204,1.450753332870047
ARM,2011,0.6028605093683035,0.5345117430214236,0.4808599000909298
ARM,2012,-1.0187291230095723,1.8398106989901897,-3.8059930632922683
ARM,2013,-0.6600990173845449,0.8255213375991357,-1.1748503199741558
ARM,2014,-0.5702730048738415,0.8670626003761259,-1.7244987296083056
ARM,2015,0.3005594806877272,1.1602850863370533,1.252735833442506
ARM,2016,-0.44028776456587404,0.7689472320656954,-1.0425009690234348
ARM,2017,-0.832678871193999,1.4009891667999028,-2.6335402690437237
ARM,2018,-0.2681419491928709,0.5864997398602237,-0.9100482192277056
ARM,2019,-0.7964005277730863,1.6333611217073287,-1.8827724773829089
AUS,1971,0.1483994353754329,1.4290991026099653,1.694771711398753
AUS,1972,-0.7365820979410016,1.367910668906623,-1.6736359661803817
AUS,1973,0.9454578502888987,1.690500720262399,3.145142799077068
AUS,1974,0.7611360710475252,1.292956636268504,2.3041369177848527
AUS,1975,0.24660887385705768,0.7817393562046787,0.6429559516544429
AUS,1976,-0.29461429913783804,1.190970580617885,-0.9688875967206426
AUS,1977,-0.7235828858156715,1.3792369742731991,-1.369431245146474
AUS,1978,0.5391053206821792,0.9840839278844841,1.3639776343572416
AUS,1979,-0.34781760774887355,0.7834423351801579,-0.16147147660293676
AUS,1980,-0.5784031848794327,0.9603521799679423,-1.0066853995049583
AUS,1981,0.34144313701824175,1.0265256192427974,1.2795058528406158
AUS,1982,-0.9942351550582289,1.5981793081241824,-2.5721532789885693
AUS,1983,0.7303472255237995,1.4546852922063713,2.786835928810416
AUS,1984,0.2701744457009638,0.8762293637676812,0.9733740282784781
AUS,1985,-0.04172354713256967,0.5891718026649309,-0.08675631458599502
AUS,1986,0.44678985981336716,0.720991588338074,0.7008909640897826
AUS,1987,-0.1651513258671296,0.38323330213348855,-0.08763666712948942
AUS,1988,0.20495912558082596,0.7027786270773453,0.523187533625293
AUS,1989,-0.050676078347445155,0.8854710725959711,0.2598236176318146
AUS,1990,0.025313575430743435,0.8477638226934208,0.531679948159988
AUS,1991,-0.17158631570570895,0.7882025822913253,-0.14981488160929973
AUS,1992,0.8817487910349202,2.261511657916049,5.028799318659501
AUS,1993,0.32004780259555166,0.6894981820298046,0.4939732470234792
AUS,1994,-1.135943181352201,1.5871792911456508,-2.5071454253218457
AUS,1995,0.2385326349760274,0.8253683926292822,0.7491231676572888
AUS,1996,0.5539732254940147,0.8998052660434389,1.329406482209735
AUS,1997,-0.34128433839192585,0.5942943170144143,-0.39223239128989806
AUS,1998,0.5330983754729766,1.4703156996571738,2.85280417318746
AUS,1999,0.3454676251542557,0.9035612722727966,1.0764718136620357
AUS,2000,-0.3706435174367223,1.1452852641001485,-1.0589321987460414
AUS,2001,0.00026925124228638017,0.6757547851869989,0.2120875307618489
AUS,2002,-1.0973129271129698,1.4886468279064022,-2.1062389657310345
AUS,2003,0.1150322447755775,0.5213082310788549,0.36597162209585016
AUS,2004,-0.29073254748738636,0.3563436822949584,-0.17494593514837392
AUS,2005,0.3894401793547718,0.6967891987565519,0.717007118675137
AUS,2006,-1.1131926714398088,1.7309016622303148,-2.8931421658972125
AUS,2007,-0.5832823715345905,1.0503283337360974,-1.1302969412877848
AUS,2008,-0.019469726863394213,0.8801314036870791,0.649349251505069
AUS,2009,-0.1927124263370973,0.569805049202972,-0.23188805081652175
AUS,2010,0.1382102006538847,2.3484172196508193,1.3137100597564357
AUS,2011,0.07942365799240574,1.037714805413277,1.345931471786826
AUS,2012,-0.6957540058941345,1.1035683677456398,-1.2078844464281646
AUS,2013,-0.5397597513970483,1.1722994523420693,-1.0203748375047996
AUS,2014,-0.7856741684760529,1.3464780244065546,-1.6477287040048565
AUS,2015,-0.7444684200466977,1.5426472524409374,-2.7772524313823537
AUS,2016,0.6586767411843957,1.5784648426034542,2.9909947090952573
AUS,2017,-0.7561814959828482,1.0682823283095177,-1.496281600673096
AUS,2018,-0.5883434757257426,1.012122670177693,-0.9214142390507172
AUS,2019,-1.2833036287244861,2.396708075179537,-4.740248992045746
AUT,1971,-0.5414852639077652,0.5417815828939795,-0.5836767229006165
AUT,1972,1.021820399712633,1.645299072867355,2.9532956487697684
AUT,1973,-0.18627477018162877,0.3241030296544932,-0.1817567421829707
AUT,1974,0.36805399682049045,1.4048927328605407,1.3098796286076606
AUT,1975,0.33665815980967917,0.6866943390547117,0.4455241803133066
AUT,1976,-0.7973796421905304,0.7795952059904965,-0.8715872014443218
AUT,1977,-0.5873957353119811,0.6939683808959063,-0.8225757516975805
AUT,1978,0.13798110213704531,0.35212218825938235,0.11786253382091536
AUT,1979,0.6126649959682193,0.824582400633494,1.185891476734538
AUT,1980,0.9940047289236049,1.3930891609533285,2.02572838390975
AUT,1981,-0.7266878719341939,0.9948056280146391,-1.0706389714833346
AUT,1982,-0.2984224043230517,0.23680715433902289,-0.17690323467301242
AUT,1983,-0.396816952173493,0.5396645056245005,-0.4683666479954606
AUT,1984,0.40553207697653737,0.4268567094329211,0.4800724190641503
AUT,1985,0.5931241432974633,0.522138695841123,0.6088720277385691
AUT,1986,-0.27654956499069683,0.4861877005712931,-0.1985112186581845
AUT,1987,1.5298915343531194,2.604536364048788,4.723536612346657
AUT,1988,-0.33111988071825044,0.671981352104683,0.07614718757213797
AUT,1989,0.382956055298354,0.696206096720746,0.7382641404973328
AUT,1990,-0.13887649836945173,0.388961638235413,-0.08544444305788668
AUT,1991,1.0244001069801374,1.656284582387487,2.624457935849604
AUT,1992,-1.0836277082168222,1.4255276676824549,-2.1379818728816242
AUT,1993,-0.8184388630477974,1.3036603298652223,-1.6537202901026777
AUT,1994,-0.12288331776835061,1.1539063907996459,-0.4662682864278829
AUT,1995,0.5116010300588835,0.6656872689509307,0.672356898934119
AUT,1996,1.4473986189936006,2.6081413549518135,5.062153500056192
AUT,1997,0.8394416004986763,1.3794539518604967,2.7450644796076835
AUT,1998,-0.38136743584140687,0.3824954581090193,-0.21261520428887276
AUT,1999,0.03499977488732734,0.4702757814281998,0.19613478135752196
AUT,2000,-1.0807894406214769,2.10692028989695,-4.07827244668007
AUT,2001,-0.39651859861452426,0.6991760328284321,-0.6139853583834817
AUT,2002,-0.7652115645749679,0.7117305278710878,-0.7514421353804271
AUT,2003,-1.4849104261853394,2.294419787771904,-3.671879749121259
AUT,2004,0.46821452371895794,0.439229177779607,0.3436680372906634
AUT,2005,0.12600104395391923,0.3309876794454905,0.17558859291491227
AUT,2006,0.9082351999106465,2.2719063335824368,4.575965472159625
AUT,2007,-0.8754866270131645,1.0694227359528612,-1.4011029026896025
AUT,2008,-0.2754016654585062,0.5894640171864608,-0.27216464116984335
AUT,2009,0.8851507185931172,1.5913470055215109,3.177555757929057
AUT,2010,1.137230443855968,1.9202918653356211,3.5800842071751804
AUT,2011,-0.630144968784033,0.7901627228374642,-0.8647263629627114
AUT,2012,-0.7529439445063831,1.2909930023823553,-2.207289033272097
AUT,2013,0.7684710237690852,1.1125922362903298,1.54232802784578
AUT,2014,0.2730693603470378,0.4099915619588543,0.28179721099768706
AUT,2015,-0.9761789330727537,1.5426791609932136,-2.4163256999373237
AUT,2016,0.7709340691651674,1.06431385085385,1.5838474518902868
AUT,2017,-1.001488580766994,1.3224016666634015,-1.922276944738953
AUT,2018,-1.4051707867940866,2.5202011050798334,-5.02665914599307
AUT,2019,-0.0865884257357849,0.32605960046878557,-0.020175627158754005
AZE,1971,-1.0039355060923683,1.2678298428228147,-1.6980928574803187
AZE,1972,0.3439850537136183,0.6196589570807888,0.9704615336088528
AZE,1973,0.4931957839408852,0.5367665054966699,0.56281912605544
AZE,1974,0.6562014441513137,0.7749897113277276,1.057334548767073
AZE,1975,-0.8179066569989465,1.0748968937980796,-1.334559470861496
AZE,1976,0.1647985246658456,0.41291752016837885,0.2193031417410734
AZE,1977,-0.20050403169793854,0.3458189156204644,-0.15336240117648814
AZE,1978,0.9094760143387625,1.77134019109676,2.790201755131502
AZE,1979,0.026624088648589145,0.21273151191792267,0.017910177190079663
AZE,1980,-0.1522310935164983,0.38809426734873625,-0.17212398352320926
AZE,1981,1.5957366184695982,2.8507033229166154,5.372752087781893
AZE,1982,0.5604002272792978,0.5480965290231826,0.5693104578465971
AZE,1983,-0.4587544340539643,0.9073677081740829,-0.668500458445773
AZE,1984,0.44679581315920547,0.6097809601365789,0.4913588139098302
AZE,1985,-0.32893325628500797,1.0792092879432218,-0.01569882390646125
AZE,1986,-0.12965728646332203,0.47701553621410187,0.03553504858204749
AZE,1987,-0.6817717155917619,1.338523866465437,-1.5744872414260942
AZE,1988,0.6537202311737006,0.834482747478288,0.9616525077367409
AZE,1989,-2.1292913582111366,4.701300853640086,-10.757845743445275
AZE,1990,0.2032207043410817,0.7195383810773939,0.3298349328940973
AZE,1991,0.00447040242235002,0.39974149837877276,0.0491545430485669
AZE,1992,0.5420293413173463,0.8555573845950787,0.9982572892701999
AZE,1993,0.36707843121032063,0.6617825915587425,0.7060581719412873
AZE,1994,0.17932423341356538,0.47292227134550174,-0.031111562537855724
AZE,1995,-0.7930578546750513,0.8674577897328039,-1.1202302838119056
AZE,1996,-0.3212225288704713,0.482489014514893,-0.31464279819648766
AZE,1997,0.032929268452354124,0.38012364644363006,0.15052521611768596
AZE,1998,-0.9073446046524896,1.057443863133772,-1.3563564504050798
AZE,1999,-0.24788606378937933,0.22764583922418385,-0.11479096702046253
AZE,2000,-1.1187066020365692,1.4666325175486334,-2.143920141257163
AZE,2001,-0.7898083006408384,0.9334875073906967,-1.078592860262387
AZE,2002,0.8533799934273878,1.1519871058955207,1.6532948217400243
AZE,2003,1.2495659006458448,2.3367193653009215,4.709805434446315
AZE,2004,0.6361616011770246,0.6276866406364697,0.6760918238596328
AZE,2005,-0.368769545578936,0.3712936818773994,-0.2926171394867597
AZE,2006,-0.945819732226539,1.192969087492293,-1.6429477293427994
AZE,2007,-0.36428810601559813,1.0693204216056418,-0.9702315989114215
AZE,2008,-0.9420743829201677,1.9072750115126116,-3.864062527022912
AZE,2009,-0.5855177788662623,0.7566987145884942,-0.7343672656151342
AZE,2010,0.637233565988151,1.6609611044950663,2.218040981278944
AZE,2011,0.1099032871728933,0.4245377269583008,0.11493564778724305
AZE,2012,-0.8989743056264475,1.3383912705595093,-2.1842906229807877
AZE,2013,-0.6104129406994246,0.7958899171205894,-1.10646523886559
AZE,2014,-1.4349843302051577,2.5627766948112507,-4.958636359376756
AZE,2015,-0.7430992859053043,1.9297476400158198,-2.9988330746929464
AZE,2016,-0.7519048276159453,0.8325481169491675,-0.8872642282961967
AZE,2017,-0.731433534828851,0.9066973308867357,-0.9753831171884492
AZE,2018,-0.830342242169487,1.3568494596270178,-1.908251383697305
AZE,2019,-0.8377339492590209,1.7967053378852167,-3.2835100143892197
BDI,1971,0.6893900363595271,1.1051255471802677,1.2542071668571084
BDI,1972,-0.02789278910880679,0.2068378201184884,-0.09678349520057004
BDI,1973,0.9338621874899935,1.4381871866182674,2.1860300938046864
BDI,1974,0.7701735193561889,0.9124333469035946,1.2888393419869408
BDI,1975,-0.37429434526242034,0.16225469586796404,-0.07618391057278526
BDI,1976,-0.5079676274189346,0.3776102215824514,-0.31300156948286195
BDI,1977,-0.06012632423122505,0.037310323862576954,-0.005903034646126491
BDI,1978,0.9435685696438018,1.4301960622089989,2.2052574968575964
BDI,1979,0.9783144739105227,1.144652406579778,1.5175197218694112
BDI,1980,-0.027289309281467822,0.43053921205022194,-0.08463266151829865
BDI,1981,0.41986699693667706,0.5323548149202397,0.42546781878401
BDI,1982,0.12106622760296708,0.9378207453947868,0.09549416003787922
BDI,1983,-0.524831900443578,0.8317849196067584,-0.9101608943340176
BDI,1984,-1.664075998310307,3.4959289872692487,-8.093490403450042
BDI,1985,0.39787108059092857,1.5264312092021788,1.510774590887371
BDI,1986,1.4422256824985875,3.16573440114687,7.002081009847795
BDI,1987,0.7430556932453395,0.7854604864292918,0.9327654219303938
BDI,1988,0.44466438044646833,0.6519865042705539,0.5497558235511537
BDI,1989,0.12680176626790302,0.09910038161885523,0.03720139812992362
BDI,1990,-0.4660963777139463,1.5718704967994817,-1.6226432188389364
BDI,1991,0.1483614509388476,0.4537735460365985,0.344332183673521
BDI,1992,-0.3793869192061322,0.8948680798182471,-1.3502206893164779
BDI,1993,-0.5472987987458449,0.6711777749036016,-0.7923388592358003
BDI,1994,0.3360777780711484,0.49391673194007,0.47095799237963387
BDI,1995,0.3695307490009202,0.5960242386051139,0.533965555276651
BDI,1996,-0.3264893598546984,0.185042179493961,-0.11569720396382946
BDI,1997,-0.09511325822030234,0.1556519465833933,-0.03747453808922464
BDI,1998,1.518072590954692,2.909044708627249,6.55358442108723
BDI,1999,-0.7645274620284458,0.9129970736241276,-1.1869791010023722
BDI,2000,-1.3314728102614997,1.8505841912131398,-2.6601917205407997
BDI,2001,-0.21815164589437624,0.8797906306703824,-0.22575822109925853
BDI,2002,0.5934143418893572,0.5635645378439493,0.5568433045902605
BDI,2003,-0.9115673649581935,0.8594901360964101,-0.8360029731381831
BDI,2004,-1.1544151333187302,1.4806044757059493,-2.051056996401113
BDI,2005,-0.48002248458618946,0.3052861076688339,-0.2268152330225462
BDI,2006,0.5816273696012171,0.8152609704960504,0.6949629899198354
BDI,2007,-0.01067715815414525,0.919902836281771,0.12394688926289019
BDI,2008,0.27271931133684857,0.8948110051659888,1.5144186182574864
BDI,2009,1.0494471358262691,1.390173590311711,1.9969885332404407
BDI,2010,0.12645505890300074,3.4160644078622133,4.6392250804286235
BDI,2011,1.1508059722374822,1.339213447071332,1.574484236743232
BDI,2012,0.25988803767561985,2.354758316097576,1.08595660775586
BDI,2013,1.7981327762678407,5.737035027878351,17.700931651667446
BDI,2014,-1.935241312154396,4.163696112920874,-9.697122351861369
BDI,2015,-0.11611920361014587,0.05751552545354126,-0.014818294591805708
BDI,2016,0.5616572974034189,0.48166852638248514,0.4556209426476185
BDI,2017,-0.08030516770934193,0.3508012893004101,-0.08826928452119961
BDI,2018,1.673910760462124,3.9417877642872448,10.148829368169025
BDI,2019,-0.5820564833017421,1.462502604699867,-1.947441108589307
BEL,1971,0.11192409141580292,0.3713350249849748,0.03907951847810211
BEL,1972,0.7267744340397075,0.6273685994378392,0.6051887913388441
BEL,1973,-0.04821664469710647,0.09670146729848311,-0.01688824029710904
BEL,1974,-0.7655604431030975,0.8470450202936703,-0.9526347322039529
BEL,1975,-0.4111723152528584,0.5578796119623439,-0.40775463022776537
BEL,1976,-2.3477436032380745,5.7388610805362115,-14.54089082095353
BEL,1977,0.6009226075496992,0.5442194686960806,0.5768122301059903
BEL,1978,0.6317152598127732,0.5250542118757356,0.4448639349349691
BEL,1979,0.7127097929679648,1.241593864824379,2.0538839062497045
BEL,1980,0.8647520773836422,1.4106568732845643,2.6816828595938254
BEL,1981,0.9355152144372854,0.9990378546686158,1.1355463428732067
BEL,1982,0.5138790774125764,0.5133909889391689,0.5539543003640325
BEL,1983,1.2990991492574515,2.2776524508497764,4.150780806408904
BEL,1984,0.5634467695494838,0.4279463122840918,0.38838557800517276
BEL,1985,1.018961402528418,1.280167692764314,1.8161765484923185
BEL,1986,0.3100909138232879,0.6066348454520359,0.39730098059986946
BEL,1987,1.2235620429344138,1.971034918466301,3.770423762097012
BEL,1988,0.09384863718787553,0.8994521177033626,-0.23066710796751738
BEL,1989,-0.4777399486385177,0.8912693532506747,-1.0024990510591036
BEL,1990,-1.0632999227138398,1.465943515729764,-2.234960006454463
BEL,1991,0.02275366815272966,0.7270711234673048,-0.010286956351123169
BEL,1992,-0.07275648357456252,0.12930289145942972,-0.019265865466075914
BEL,1993,-0.9091018155535333,1.5781974798698695,-2.345713990092558
BEL,1994,-0.14214511568667398,0.6726780044590067,-0.3298122954656412
BEL,1995,-0.47988082910279295,0.39754447614939453,-0.3669684275957141
BEL,1996,-1.0401124789656644,1.2145226413234664,-1.539392826526695
BEL,1997,0.3755136964250267,0.8818756160979098,0.46805061737127585
BEL,1998,0.35903326284299447,0.3851177075372474,0.3607263111824092
BEL,1999,-0.38134473658837575,0.25142866569575706,-0.17022903036006795
BEL,2000,0.22552061127480777,0.5340112253655003,0.5002849234209831
BEL,2001,-0.0721656461581322,0.6900573231793903,0.14431401884562606
BEL,2002,-0.3066614160791269,0.21604919160527175,-0.12123936405739527
BEL,2003,-0.6598915167307805,0.490226458376447,-0.39271836778465957
BEL,2004,-0.6202341007007603,0.6250612309038989,-0.6647866950395177
BEL,2005,-0.49590166958955234,0.6430258663453587,-0.6181176234828262
BEL,2006,0.07431328420746705,0.5647608110789365,0.22747372999764043
BEL,2007,-0.13245593819768375,1.1344584120185381,0.5561955929575347
BEL,2008,0.10051500812102138,0.3219000014173826,0.14158049861151797
BEL,2009,-0.41917924886180974,0.3276560691647379,-0.2492044666754705
BEL,2010,-1.2178727668816132,1.5608853713309707,-2.090368205997918
BEL,2011,-1.768689433109301,3.9295057481052975,-9.58585750946013
BEL,2012,0.3784535878504156,0.70005681230799,0.4508063087476358
BEL,2013,0.1618049289479964,0.09509864586601675,0.04638954527689527
BEL,2014,-0.6890462692855126,1.3377047074314596,-2.001538596602912
BEL,2015,-0.9772732576173155,1.0475053631924203,-1.2117173963877876
BEL,2016,0.92962842414879,1.1802005541113356,1.764611416698835
BEL,2017,-1.9317009926138675,3.8583789030557867,-7.93894018055623
BEL,2018,-1.8992449401568958,4.4948864474266585,-11.145787899396057
BEL,2019,-0.9274848391101418,0.9649337061283401,-1.08709117831472
BGD,1971,1.319070401355553,3.156622488619349,7.1702138972009255
BGD,1972,-1.2793767757274923,1.9217142552901973,-3.125656452259649
BGD,1973,0.9603558015004073,2.70222383727307,5.536897423290549
BGD,1974,0.6888686727371177,1.1385912899598054,1.547908976182301
BGD,1975,-0.3965489245133059,1.0765816939062964,-0.8948934270918288
BGD,1976,-0.1996582410062651,1.3237038797715315,0.09993313217368367
BGD,1977,-0.3303717821063201,1.5004300638123171,-0.5389465218674799
BGD,1978,-1.2600478159845825,2.304089106568031,-3.947182161176092
BGD,1979,-0.11196772088670158,0.7076859475125853,0.017177346660880752
BGD,1980,-0.16950610279504122,0.31972569351814495,-0.1379532320028982
BGD,1981,-0.5617001632103432,0.7846183381203043,-0.8054497193756409
BGD,1982,-0.7531767772958363,0.9859961454423901,-1.1414304032036682
BGD,1983,0.5329047871814994,1.0872431350335634,1.6164673369473115
BGD,1984,0.5288830240404866,0.8114390362079464,1.2629795920137532
BGD,1985,-0.2427524157992934,0.4125305222919433,-0.1717737028165684
BGD,1986,0.7206015230659996,2.130564044885143,3.494094888530071
BGD,1987,0.47298865066313595,1.5562920997318745,2.143210830979316
BGD,1988,0.07561652098688942,0.8447276554183812,0.5957726963623371
BGD,1989,-0.35318497744521316,0.6323089288550813,-0.41330379591876404
BGD,1990,0.0479863397896611,0.24531354217422766,0.10223737396710629
BGD,1991,0.8497511496282975,1.6138691755527812,3.0835620821688683
BGD,1992,-0.5606957004617014,0.5296857926317,-0.5399799585118668
BGD,1993,0.2724911306776343,0.495924710864172,0.5289649751692997
BGD,1994,-1.1029734259436568,1.563169494657973,-2.4263199285511154
BGD,1995,0.6507929632422965,1.1720415114781249,2.1598758320320464
BGD,1996,-0.05204339670663092,0.28951822100997354,-0.06450968981269556
BGD,1997,-0.10985485290789504,0.6816262620468158,0.08669442919445325
BGD,1998,0.6065913176519827,1.0820904296585343,1.4393959338165627
BGD,1999,0.8027432984576593,1.0793382719434224,1.6000568817631922
BGD,2000,-0.30057105313425125,0.891316652218095,-0.3036462771673567
BGD,2001,-0.13231274440261392,1.0475273632139428,0.5435865827035735
BGD,2002,-0.030399611623310837,0.4638713980472674,0.15032226167075627
BGD,2003,-0.34879671241804977,1.0330549267041174,-0.33583225083522456
BGD,2004,0.7622681357118513,1.1756440214359354,1.9846925226139402
BGD,2005,0.9596766055184713,2.413750330954199,5.482873017142062
BGD,2006,-1.024444633422539,1.5943273926640038,-2.5766171740783603
BGD,2007,0.05088712418314084,0.8349724220184902,0.9719801305770321
BGD,2008,-0.23359382551896332,0.38564453694568807,-0.18696238383435154
BGD,2009,-0.3838356715295442,0.629722152960073,-0.568804319820218
BGD,2010,-1.1819963899216512,2.137935770773231,-4.283024247231202
BGD,2011,-0.5434565074153567,0.854894041268849,-1.1183124799661557
BGD,2012,-0.5727938740937764,0.8972781558894096,-1.121240348009928
BGD,2013,-0.6872500809469171,1.1656292511001032,-1.7303259421132557
BGD,2014,-0.6784940498029076,0.7596449881586002,-0.8696111218356624
BGD,2015,-0.486125880463109,0.8524910413352788,-0.5708219030024878
BGD,2016,-0.6307887984342647,0.7191675899287988,-0.8361428354967797
BGD,2017,0.2835224047259833,0.9397281244049948,1.3039169746460968
BGD,2018,-1.3476065384797935,2.119262252372568,-3.5961955793134632
BGD,2019,-0.4872097173241362,0.6603014706689109,-0.6804929063379052
BGR,1971,0.8111295027002858,1.142213015359614,1.8417557961407058
BGR,1972,-0.3549238256458076,0.6567169611865643,-0.25254076868412806
BGR,1973,0.6886620212983938,0.8483459485272377,1.2052925994707184
BGR,1974,0.291401449764985,0.43854835717471996,0.5163360664099688
BGR,1975,0.8827434262271858,1.4048108454368635,2.5340526591537
BGR,1976,1.0277842860072646,2.397648962724261,5.318357820928203
BGR,1977,0.43213095846469274,0.5755283942375145,0.4813841929724389
BGR,1978,1.0847046947563175,1.4951823990460031,2.2681418696792077
BGR,1979,0.759933044070132,1.0496232479559706,1.406087946415242
BGR,1980,0.6753701797335011,0.994522247540388,1.773591060487591
BGR,1981,-0.40295882877685224,0.3812407830040012,-0.33039112642982826
BGR,1982,0.13264017310691062,0.34453000862471,0.18641386987842734
BGR,1983,0.3315330537909347,1.0805332582114218,0.49260177639920555
BGR,1984,-0.02760812497913409,0.45415945546267966,0.4856365013096018
BGR,1985,-0.6001282543212016,0.5627048598445826,-0.6010673216224836
BGR,1986,-0.5419339734905695,0.8169616524084162,-0.9032872006345439
BGR,1987,-0.0551000298378307,0.8049340212312461,0.3890314552266044
BGR,1988,-0.6094067603311546,0.956408045682049,-1.1233136026279478
BGR,1989,-0.07677422690567373,0.3803837565234542,-0.1310342602727755
BGR,1990,-0.6986321567895242,0.6907240618518574,-0.7169134921935967
BGR,1991,1.294713534879112,2.5535109338781297,5.8395763736693596
BGR,1992,-0.13545680618815364,0.6740075298018923,-0.4283162633161349
BGR,1993,-0.3839863622012956,0.5618113522064079,-0.5310046293173609
BGR,1994,-0.24779074631612963,0.4081902735391396,-0.2557476591957423
BGR,1995,0.07148288453116128,0.23112894879365195,0.045482337899974364
BGR,1996,-0.9642111643503016,1.7252957420872237,-2.454463786487525
BGR,1997,0.7816929961551883,1.5245172812592154,2.810829092836842
BGR,1998,-0.3978298848721688,0.6253033341959815,-0.44185316776504924
BGR,1999,0.11921768940242602,0.30118896547169227,0.2919808061416923
BGR,2000,-1.5247864300551155,2.6250831786229356,-4.838575929938811
BGR,2001,-0.5764422599847131,0.783785543465901,-0.9221982618050575
BGR,2002,0.17874125568789906,1.3307569304380882,1.1813600746227868
BGR,2003,-1.1731964749488817,2.0285176618294543,-3.521802423479053
BGR,2004,0.3314002641784297,0.6613898210856937,0.4426016503416428
BGR,2005,1.7436358198335258,4.339885518892479,11.4303221676164
BGR,2006,-0.3013712026958404,0.40684920142051584,-0.1069416448757058
BGR,2007,-1.2570160706619726,2.4156924795828094,-4.990709391621728
BGR,2008,-0.8783778986809085,1.0188877663041507,-1.2229546017218973
BGR,2009,-0.7480675895682805,0.9334190562468804,-1.332088766712762
BGR,2010,0.30308168102066424,0.7635484284471917,0.649641676012364
BGR,2011,-0.44036943239850346,0.5009442462343346,-0.5536699166807717
BGR,2012,-0.8548989237447269,1.5609110667644426,-2.781322723711979
BGR,2013,-0.08571906236269174,0.647155617259721,-0.1680544564703026
BGR,2014,1.4818133807073894,3.3881648666974913,8.111051588889833
BGR,2015,-0.3720116462483397,0.6940401601929667,-0.37523319592140203
BGR,2016,-0.3574390282430692,0.7517522162831619,-0.49882525206694484
BGR,2017,-0.235423527575932,0.39462757232102574,-0.17552752910714944
BGR,2018,-0.03926142583022097,0.9082368998406338,0.3482555796442744
BGR,2019,-0.411297151626387,1.051944438342209,-1.039716028226064
BIH,1971,-1.0573046581625105,1.219006295877857,-1.5034716905616723
BIH,1972,-0.2182293929406967,0.48725634074504515,-0.11587802288931401
BIH,1973,-0.09147360464979983,0.2405911355473007,-0.13010302015669514
BIH,1974,0.4275056324835044,0.3862757744321551,0.2964082489827148
BIH,1975,0.5355510136048603,0.5675093139314547,0.571149345914674
BIH,1976,0.2686079915481479,0.1638789772827104,0.12286398136852204
BIH,1977,-0.6720662669227329,0.5308634592860045,-0.4630738532654039
BIH,1978,1.0782529432651262,1.5764867300182224,2.9578885262638424
BIH,1979,-0.7901645388388676,1.3399712173390268,-1.3097532515154406
BIH,1980,1.6565465432095097,2.9571966830189806,5.55455641587623
BIH,1981,0.26272496041266585,0.1939436782426098,0.14638286947108772
BIH,1982,-0.2888362468852043,0.3396256589502777,-0.33126719465586996
BIH,1983,-0.8765846533758066,0.9427984275387562,-1.1267328554857965
BIH,1984,0.9257716853891207,0.9101508046630509,0.9435756697952079
BIH,1985,0.03468116158264055,0.3209464317709274,-0.07374655268005986
BIH,1986,0.13872785767335202,0.3730285312486926,0.2837800695746465
BIH,1987,0.9101010016966282,1.2272764420703022,2.0120550688907977
BIH,1988,-0.5657176470203382,0.9591764782468334,-1.2311145920921795
BIH,1989,0.916237059136417,1.0730260147400046,1.268173094491043
BIH,1990,-0.964257332956417,1.0528798812622893,-1.2534069238796288
BIH,1991,1.2343154604601037,1.9088590953059383,3.38064920380649
BIH,1992,-0.38750624884293633,0.31459035555611237,-0.18026094114914598
BIH,1993,-0.942623618229707,1.069871952733794,-1.3522931035855623
BIH,1994,-0.6091206011865131,0.5974765344274456,-0.5499982739466839
BIH,1995,0.07014883249896735,0.10574241743638961,0.03543326299386201
BIH,1996,-0.07713422932960538,0.42203990870633534,-0.0786770309913496
BIH,1997,-0.40225439515756545,0.34531281520287466,-0.29363817989501934
BIH,1998,-0.3356223689826561,0.17899372340703842,-0.09561026921747859
BIH,1999,0.17874534056647362,0.5336879911555212,0.5061956609092388
BIH,2000,-1.8100555946821637,3.433727999176055,-6.766309230065911
BIH,2001,0.5635144077627778,1.1086781083201858,1.7306503580352186
BIH,2002,0.3042957354902957,0.4717952841543754,0.38346828822438206
BIH,2003,-1.9652453968695076,3.9326836000108853,-8.000006955328788
BIH,2004,1.1814627492056027,1.66150564233746,2.4986318546908572
BIH,2005,0.3786186479298765,0.45827167078557957,0.5367119118085318
BIH,2006,0.23038743852358834,0.591112509316778,0.306169353558319
BIH,2007,-1.141240352148847,1.435771313933363,-1.9260941491161343
BIH,2008,-0.15470750622424717,0.24034644562905327,-0.03221364226030235
BIH,2009,-0.8940458809430242,1.2305005527148531,-1.4926242577969377
BIH,2010,1.9600077629774688,4.095923691711575,9.02511577336596
BIH,2011,-1.2339682818138737,1.949925505644222,-3.245703351948186
BIH,2012,-0.40188343928931003,0.43978132767250766,-0.48017589981735126
BIH,2013,0.06501910548562298,0.7948146685100798,0.9006353818308119
BIH,2014,2.0283538729036366,4.53060379704793,10.83284957255935
BIH,2015,-0.6911812512837456,0.8947070484732349,-1.0798338935368443
BIH,2016,0.11646274317599631,0.3063727676398797,0.16117971009344428
BIH,2017,-0.4845332678901687,0.9215848068395444,-1.109482054541781
BIH,2018,-0.15614117777929154,0.48868473260870826,-0.10147017061554964
BIH,2019,1.1082599604648433,1.3752846002641186,1.8926926622811857
BLR,1971,-0.5270386760664412,0.5608115059239945,-0.5352254990119252
BLR,1972,-0.4720183453509246,0.6827088523788202,-0.666318345598802
BLR,1973,0.48086992356665,0.5861550725456008,0.7303268907821514
BLR,1974,0.9754848949464311,1.428460238140794,2.424342377810364
BLR,1975,-0.45964837683551635,0.7722623776363079,-0.5505986775790797
BLR,1976,-0.44137771886315835,0.32596316375357187,-0.2194113061838514
BLR,1977,0.7323624247394266,0.9362724728774112,1.1323650944410577
BLR,1978,0.7476918698340108,0.7819299411697054,0.9376048102455087
BLR,1979,-0.595507015105743,1.4405275764993235,-2.033081310712605
BLR,1980,1.0736591245477896,1.5617572867379854,2.4760372021732375
BLR,1981,-0.42141764857656594,0.4991047153178525,-0.5200172111452053
BLR,1982,0.11547588699859881,0.6263481496555824,0.31254101185011823
BLR,1983,-0.6882644180153747,0.7329016636075432,-0.8029267133373312
BLR,1984,0.2894955151800987,0.4323771132397164,0.4550210076820796
BLR,1985,0.7665566427502591,1.0496006268691824,1.6141156992614425
BLR,1986,-0.25482006498460247,0.8540908133214922,-0.5035730567213126
BLR,1987,0.5623197295482834,0.724921920196625,0.8739671497661617
BLR,1988,0.30244882701760123,0.44442434540058734,0.40885424327314923
BLR,1989,0.10302223094804226,0.5088279484572445,0.21446133962929617
BLR,1990,0.5931667683265449,1.5024549835935,1.7882388960108964
BLR,1991,0.03899058902801548,0.7655733253753931,0.2606085196572095
BLR,1992,-1.3662427384535325,2.346619925345259,-4.385039499543066
BLR,1993,0.5154233630319861,1.2809953297722005,1.1500799915914095
BLR,1994,-0.741922007637969,1.2257825527781891,-1.475064628224506
BLR,1995,-0.2820533896092859,0.6214799062696802,-0.24017825921179484
BLR,1996,-0.40734194321058564,0.5252015537205721,-0.44728280934396
BLR,1997,0.40994086154363035,0.9119644368008335,1.0588255041285415
BLR,1998,1.1677062627698918,1.7215682737258953,2.83373866710299
BLR,1999,-1.2097540440296541,1.811123514088146,-2.978337956397545
BLR,2000,0.36792672714155844,1.276986524790786,0.7400580539441651
BLR,2001,-0.14211810744674505,0.4534943936195293,-0.0577745269983891
BLR,2002,-1.5687500786012363,2.664051957860179,-4.76034461998409
BLR,2003,-0.1349810685054533,0.412416934121491,-0.20297803000618853
BLR,2004,-0.04747599214398,0.3605158632770825,-0.04339143640100632
BLR,2005,0.2133932837268165,0.7512175949334662,0.580063652412958
BLR,2006,-0.0014902492807078623,0.7325399976725612,-0.15720956174893339
BLR,2007,-0.21908332341197229,0.49773141217451405,-0.2585037666166738
BLR,2008,-0.06174623998544323,0.36645821363789727,0.050107961778111845
BLR,2009,0.9394129872454104,1.6737733152612624,3.215723864810388
BLR,2010,0.0043386277281634925,0.8075835279607967,0.05342806623758458
BLR,2011,-0.1473602054565955,0.5223925276176079,-0.2637058025581102
BLR,2012,0.5014403606185471,0.7930246880305742,1.2010061281119933
BLR,2013,-0.5639712629908546,0.6688093363228239,-0.6105927982497164
BLR,2014,-0.1664464520177264,0.3341364046952056,-0.13500819948694887
BLR,2015,-1.1926220616346788,1.8974711275532021,-3.390866898386301
BLR,2016,-0.6247233764136229,0.8267386472525505,-1.0854665798720429
BLR,2017,0.175443385821532,0.3367007106042535,0.2711463016682957
BLR,2018,-0.8945225179160456,1.870910605501078,-4.197455419168449
BLR,2019,-0.6355372420481685,1.2485026085296453,-2.2422408206801867
BOL,1971,-0.5331259351936849,1.0110900998103722,-1.4072743867921536
BOL,1972,-0.5148887765948102,1.3246986862912074,-1.5598203478820352
BOL,1973,-0.809261618054609,2.7684608061001676,-4.369950321554683
BOL,1974,1.2159872013130697,2.6350497314935746,5.876360483277813
BOL,1975,0.15780493257037118,1.0789796174279755,0.923020265167166
BOL,1976,-0.12524906130976846,0.4409829407793767,-0.02709076166362919
BOL,1977,-0.24200678080350205,0.891280970432272,-0.23423537948798057
BOL,1978,0.30446236874169097,0.8100252124972336,0.4162308338088309
BOL,1979,0.6377294442188876,1.2821098626913743,2.3245873324120194
BOL,1980,-0.32934192879689383,0.5525480042498584,-0.3493748663164429
BOL,1981,0.19169749847034,0.3654592113016586,0.28276804096514374
BOL,1982,1.108256536196222,2.283636780579037,5.179678571567888
BOL,1983,-0.7029790880852494,1.6020475005611614,-1.494403751511496
BOL,1984,0.5232756849456115,2.2580473094099993,3.8299691477782116
BOL,1985,0.07518321547231556,0.5063189109529924,0.10248282675588016
BOL,1986,0.5245838898913986,1.2878083934206257,1.9530670027916066
BOL,1987,-0.44540328233543697,0.5962993580205946,-0.5884811019810144
BOL,1988,0.5776414996298466,1.2661241412489947,1.882894519623462
BOL,1989,0.1747337248683221,0.7573432254170632,0.8436298693095157
BOL,1990,0.1553277395930648,1.599521954818681,2.242592679863851
BOL,1991,-0.24643116665037854,0.7143977957903961,0.46891758768554076
BOL,1992,-0.3083786405467252,1.1096084982103447,-0.2416557676814912
BOL,1993,-0.745036122306391,0.9139536327906734,-1.2177305788136856
BOL,1994,-0.8415551448714153,0.9677975298129604,-1.1774811694603133
BOL,1995,-0.40790318848200546,0.5766307450834592,-0.5935766701694769
BOL,1996,-0.373270429677569,0.4818343732242791,-0.29580807302934226
BOL,1997,0.33587535766487997,0.63801232013428,0.6827900895698278
BOL,1998,-0.7453524170036446,1.0157127364648488,-1.4889437599521964
BOL,1999,-0.001080123970853401,0.9402581812323648,0.17408534745495768
BOL,2000,-0.3788420715563188,0.4730177036990598,-0.374018766029024
BOL,2001,0.32046747436279704,0.6420595100058061,0.638721378173776
BOL,2002,-0.22107939169768334,0.6180680300324722,-0.5383528022146753
BOL,2003,-0.13183987733419592,0.28901403075875887,-0.07542259424645087
BOL,2004,-0.13627404195375148,0.8762855938865647,-0.06302066508234595
BOL,2005,-0.21334259663845673,0.558532521840829,-0.2696201568847681
BOL,2006,-0.0023973984721294504,0.328090923215489,0.01698364528537511
BOL,2007,-0.3586255834582084,0.46390229879553685,-0.4126600345006616
BOL,2008,0.3172299281317176,0.6930686546495711,0.7282875511263942
BOL,2009,0.2809021154223727,0.6934958189647397,0.7080261200456626
BOL,2010,-0.71180776946783,0.9506141245377994,-1.28609960168795
BOL,2011,0.2010942075638385,0.8930277996149676,0.845355059349643
BOL,2012,0.5375105855141037,0.8842315245116986,1.2760461466114712
BOL,2013,-0.18287299007348345,0.600506068631492,-0.029781203419171252
BOL,2014,0.4219562641734563,1.6351436966821682,2.7382228135822477
BOL,2015,0.19165477266830475,0.8458335773398393,0.8382191871826381
BOL,2016,-0.7378623348162708,1.0859494976838893,-1.4530773047838814
BOL,2017,0.5289651829298877,1.3112343199348417,1.6795414484828282
BOL,2018,-0.31046803324900607,0.8941784929454563,-0.6691600630650077
BOL,2019,-0.615710776316179,0.8265826618325502,-1.1121871332454556
BRA,1971,0.7433027794001015,1.0889816253180031,1.5536696436148594
BRA,1972,0.31321802935409543,0.9791659308541345,1.0804590579990196
BRA,1973,0.21764956439737926,0.5044950697833592,0.42248418790379155
BRA,1974,-0.11370152766512434,0.38498312417111824,0.01987290370338741
BRA,1975,-0.24011657466484115,0.4848364403524432,-0.24588792144811294
BRA,1976,0.10145992904033509,0.40375732271671977,0.17846477741901354
BRA,1977,-0.51153301402407,0.8993442236697381,-0.7385283649021881
BRA,1978,-1.4149567182109808,2.4982526558197873,-4.51189265355161
BRA,1979,-0.339394509439798,0.657013687178579,-0.7202985392423196
BRA,1980,-0.2255236495667279,0.43393815908347233,-0.028456908579956832
BRA,1981,-0.559571523635197,0.6884841587422702,-0.7695556561777935
BRA,1982,-0.37620295520739566,0.8573816959953078,-0.3012474391686099
BRA,1983,1.6902917774118549,3.6881958803479464,8.665073549969799
BRA,1984,-0.17674124117246698,0.7101926896057099,-0.11087839566002446
BRA,1985,0.3419102876819022,0.6706278362208923,0.5807402321343048
BRA,1986,0.2521141817292418,0.9061255529557056,0.328427326688076
BRA,1987,0.7328696868486316,1.0416266803905374,1.4181889294828693
BRA,1988,-0.08637795687316305,0.5715066484005995,-0.014649235207874743
BRA,1989,-0.18214820175908936,0.5124261600312996,0.055029552397445614
BRA,1990,0.38430839540011624,0.9188300333734271,1.2165340416201396
BRA,1991,-0.818949135896732,1.1295861301104313,-1.594146131057673
BRA,1992,1.157106386363884,2.208897156877382,4.752185723212678
BRA,1993,-0.08058407632431948,0.27936826272952486,-0.01637753442943034
BRA,1994,0.3713471151836578,0.5561840420290367,0.5848125161674874
BRA,1995,-0.2863623497975688,0.8144805522441207,-0.16885482414647565
BRA,1996,-0.006191972768210845,1.1218663230584152,0.20107129235894405
BRA,1997,-0.17814869209483458,0.9005003364749067,0.1346068487948674
BRA,1998,1.535543655182194,3.581534452328641,8.683382677913315
BRA,1999,-0.13863322264558373,0.25093415551595116,-0.13416393389943554
BRA,2000,-0.36555830687363416,0.532384930991215,-0.505221764595049
BRA,2001,0.24930579951170448,0.4351654034443328,0.47403972146731826
BRA,2002,-0.38955391844170223,0.7934844301291618,-1.011909814723245
BRA,2003,-0.04805696650087346,0.6268354415538173,0.20769308622020716
BRA,2004,-0.3135427186827552,1.206234836406935,-0.9948632354443007
BRA,2005,-0.6338448583769453,1.92566785192413,-1.7746466374386445
BRA,2006,-1.0659002157532584,1.4470281006562362,-2.0617796600637535
BRA,2007,-0.1017485214313583,0.44516346199897655,-0.14336877817933746
BRA,2008,-0.4334846112339639,0.601036894031084,-0.6008991308175771
BRA,2009,-0.8905913793928433,1.2823846437603117,-1.5603325195112567
BRA,2010,-0.050100715356148164,0.5634717649842995,0.14236461991826493
BRA,2011,0.10795676047711107,0.818418696347147,0.42968972484160967
BRA,2012,-0.8285484625201888,1.4664797122687494,-2.1253234417317968
BRA,2013,0.7444819837133095,1.1058321458371483,1.7351065088622335
BRA,2014,0.49448863140490684,1.0510002694067029,1.4272687685939027
BRA,2015,0.22069769767928446,0.7184738257037476,0.8965086360721186
BRA,2016,0.5762896196932219,0.9743451382957802,1.443415200499341
BRA,2017,0.9096442489898735,1.5344295567107107,3.005097483086126
BRA,2018,-0.6499361278275603,1.528486443125079,-1.5644809584110662
BRA,2019,0.0031205518250308944,0.6021810542327783,0.014906672238883065
BTN,1971,0.21133592385596667,0.6116696215534332,0.0054882174204825
BTN,1972,-0.01650699150578038,0.4109848779311143,-0.14952838335454244
BTN,1973,0.467806038362099,1.980149522277857,2.970659516028026
BTN,1974,-0.6804438472477339,0.6436987124156247,-0.762592911717697
BTN,1975,0.34880521070808446,1.1472950732947877,1.2703065982664838
BTN,1976,-0.07728072175495376,0.6990161204705405,-0.019117942250384816
BTN,1977,0.33328059046020525,0.7527996045875859,0.5855033403371869
BTN,1978,0.08045255828463674,0.7726819804299313,0.4662432897469023
BTN,1979,-1.199982938010429,1.6739852760477234,-2.496877760903181
BTN,1980,-0.39532682089635973,0.3027524393449229,-0.18544118986613578
BTN,1981,-0.1612520048898927,0.10360024979969344,-0.047229782559747316
BTN,1982,-0.4672757634948166,0.38487977014610497,-0.38046744701204416
BTN,1983,0.12218312605763267,0.11283611229343349,0.03780028738644479
BTN,1984,0.108044085403286,0.8721301114866626,0.3699488113716337
BTN,1985,1.6796317921512398,3.339519467978573,7.067421342828758
BTN,1986,0.9382043413345286,1.1757461865341206,1.6083064541247787
BTN,1987,-0.1876153664547306,1.0682748685299195,0.020728266441044647
BTN,1988,-0.8996237159793301,0.9318774967802249,-1.0314565489996552
BTN,1989,-0.04052213361470883,0.6337488745742141,0.9448954945308141
BTN,1990,0.4050585988352996,0.5470543446601932,1.0652966034015534
BTN,1991,0.21959033280906864,0.6104941800935477,0.40709421591366163
BTN,1992,-0.38915176016796316,0.3255237272078178,-0.13597774945390562
BTN,1993,0.35932477271202834,0.4291263520640869,0.4003519104389902
BTN,1994,0.22719781103099115,0.2847519299142706,0.16082740654785446
BTN,1995,-0.46843365396731385,1.897632081579646,-0.4683462380250132
BTN,1996,-0.6817892681538865,1.188244137786618,-1.7974421620124363
BTN,1997,0.1448448348669609,0.4784766909569458,0.47695616304199284
BTN,1998,1.4309152562827558,4.149147583332724,12.124751001797595
BTN,1999,-0.23379728756174678,0.46634389994510744,-0.4420154385576124
BTN,2000,0.9077002470894378,2.141720480013861,3.2721564349146495
BTN,2001,0.008441446845056544,0.5546601585253287,-0.1464452701793125
BTN,2002,-0.41226056527341826,1.0211136810772499,-1.9138966672794997
BTN,2003,-0.08862190915237467,0.991160367263606,0.252716566684763
BTN,2004,-0.9376178596854653,1.2608067955373685,-1.8624917439402708
BTN,2005,0.1684325901469367,0.8252318236521309,0.39857313788784177
BTN,2006,-1.1871864494995776,2.0829631742696693,-4.518856152184839
BTN,2007,-2.002390896133265,4.949694450661718,-13.680468928329647
BTN,2008,-0.16829685406628997,0.15181456756214817,-0.01698802755876772
BTN,2009,-1.446471745893974,2.48827286352087,-4.015113861317614
BTN,2010,-0.10445151490460561,0.3554680707551134,-0.17244015479477168
BTN,2011,-0.26909719214631556,0.28281922386849623,-0.1259600902618189
BTN,2012,-0.2667371761715766,0.11582852551521852,-0.05463156575533018
BTN,2013,0.1456237596063976,0.07156641686900105,0.023342492005886912
BTN,2014,-0.149779777728205,0.190485106682874,-0.0021963409447271764
BTN,2015,-0.05860686278480945,0.2432449307906455,-0.12132810312147413
BTN,2016,-0.6709131177411205,0.5710285591769213,-0.5014532904301832
BTN,2017,-0.8313251987066951,1.8142363762681495,-3.603098874382507
BTN,2018,-0.5266722064005258,1.1285378087931934,-1.7192230378338724
BTN,2019,-0.6438847808715542,1.3456460287913867,-1.8007529887907683
CAN,1971,-0.09964108718086988,0.7836498409935119,0.14290726673678875
CAN,1972,-0.42929566774339073,0.6993487562249652,-0.665595241713027
CAN,1973,0.3556784588687307,1.2884274372002449,1.8176319814303517
CAN,1974,0.30531500357554403,0.5993261806602687,0.3686314065497294
CAN,1975,0.25768622833324156,1.0949786555258554,1.2359150307594429
CAN,1976,-0.10065032597111732,0.6932668262859222,-0.3277573468655104
CAN,1977,-0.04476884112129591,0.7693495144250119,0.012068591328641817
CAN,1978,-0.00040418134219467726,0.5205582441930438,0.08503042275392486
CAN,1979,-0.4267610051939478,0.9910514038739867,-0.8367455258597254
CAN,1980,-0.28411729098867067,1.3317111248990368,-1.3196614682686443
CAN,1981,-0.11985283902931129,0.5431593952055176,-0.1318698020325505
CAN,1982,0.40690777333451356,0.6152128785100722,0.5333909049325196
CAN,1983,0.1532167380866453,0.6951646745106965,0.5057395749887088
CAN,1984,-0.5699817628886202,0.9644669947822707,-0.9414017457057141
CAN,1985,-0.2970626317694413,0.9213683618455221,-0.5073850157886259
CAN,1986,0.3699869080921483,0.7734935996185031,0.9744890841165468
CAN,1987,-0.38663766096513374,1.2055680983000558,-1.6257162431604466
CAN,1988,-0.9447870905212419,2.0774624648463136,-3.4732822083804984
CAN,1989,-0.27137762784720987,0.4377953292918476,-0.2277231071317498
CAN,1990,0.0005711022293199109,0.5693999712689187,0.14546476532233574
CAN,1991,0.48278073416062994,1.558624902981437,1.6898611436970847
CAN,1992,0.1075614284614877,0.702280063708128,0.41335493837509096
CAN,1993,1.3193786106909324,2.907827436124438,6.734029094992253
CAN,1994,-0.0015571779521391083,0.4431934869869282,-0.02916426026767682
CAN,1995,0.09743260751665692,0.615479246999382,0.09028966113143853
CAN,1996,0.3043705624659293,0.6279940691629449,0.6296642742402999
CAN,1997,-0.440864853100185,0.7096047936966957,-0.3673109086896491
CAN,1998,-0.2743983531652632,1.0586996847861145,-0.6887270248110885
CAN,1999,0.8072710846723609,1.429175002034892,2.3089528958918377
CAN,2000,0.4633926432768024,0.8287764157073569,1.131405504684051
CAN,2001,-0.9484304795965715,1.4919405668797558,-2.0615520058930676
CAN,2002,0.18824438353245956,1.4037892540637162,0.7219412244887785
CAN,2003,-0.8927788402743605,1.410446824243977,-2.1544441052570926
CAN,2004,0.7293942578421503,0.9381284707602378,1.3013258664513527
CAN,2005,0.8667775543330762,1.593662387583858,2.7624840995427524
CAN,2006,-0.5414422598583528,0.9195178783072031,-1.0866798414721988
CAN,2007,-0.17462315164960046,0.8913184707494304,-0.04246289092760884
CAN,2008,0.0879706428051671,0.48891806445214564,0.11467458862427662
CAN,2009,-0.20823675516089196,0.5212381198298334,-0.34047899327333053
CAN,2010,1.5251368266778067,3.3720330608251436,7.939341778054032
CAN,2011,0.2676237248047837,1.035751670875771,0.8538618168575801
CAN,2012,0.2007157565907843,1.4989466055787335,1.114977965756576
CAN,2013,-0.0015326495558772768,0.5292520484851364,-0.09955705306040655
CAN,2014,0.7118626842716349,1.580165081961201,2.8884267690401533
CAN,2015,-0.4284634748788293,1.276322337695172,-1.215837321355916
CAN,2016,0.5754633169044564,1.1670658516006585,1.875302204351996
CAN,2017,-1.176644287388509,2.031813237468985,-3.1864823946695364
CAN,2018,-0.7615586077310452,1.1328277019559014,-1.3359031656100662
CAN,2019,0.22530119130867612,0.7442530057717702,0.7986746020277464
CHE,1971,-0.5333022148866584,0.8216857190947953,-1.2861989013121398
CHE,1972,0.16592243936070528,0.2901325853097412,0.07661166737904297
CHE,1973,-0.1747266201098841,0.2844738219866681,-0.16988995201801918
CHE,1974,-0.2125822610582224,0.5823026646667165,-0.283503868208812
CHE,1975,0.22668787800852203,0.26374190382349827,0.15803514981239375
CHE,1976,-1.2209515094442331,1.8022599088893068,-2.928227640719008
CHE,1977,0.3070802889251424,0.3456798211527482,0.2851155201803895
CHE,1978,0.8269223141046482,0.8928099194519011,1.070924508553143
CHE,1979,0.1667671981617524,0.5494572337297854,0.17268711939763806
CHE,1980,0.7962480062146564,0.901098502552385,1.1471372246102218
CHE,1981,-0.36305552898052235,0.6427261239813059,-0.5602466523103676
CHE,1982,-0.4514421464519434,0.47508940148245193,-0.2987066848412726
CHE,1983,0.20733700463775517,1.3974733328677074,0.6400333395375172
CHE,1984,-0.4869910807062603,0.43538259250012906,-0.4106122813057835
CHE,1985,0.3159996605289591,0.36822050996125805,0.22797651647467732
CHE,1986,0.9878288426681612,1.2049078697813735,1.5754427217979896
CHE,1987,1.6312991421434355,3.1469794783824097,6.83717070952579
CHE,1988,0.048196521829606216,0.9266663444854898,0.87414851569369
CHE,1989,-0.6814675238272377,0.6126186521565073,-0.6678989926083327
CHE,1990,-0.404298422385428,0.4546200180685984,-0.4008371504188409
CHE,1991,0.5980451035375245,1.129898690625561,1.5181804731405908
CHE,1992,-1.0448111384938088,1.6367770368808938,-2.9195609506323956
CHE,1993,-0.47347812632836583,1.1748338389131618,-0.8285229461797796
CHE,1994,0.5030594863561475,0.5292892333563157,0.4539547084855961
CHE,1995,0.8540714985423983,1.1490138013134312,1.6510387588783004
CHE,1996,-0.50415818383359,0.39176664292174845,-0.3005968906289245
CHE,1997,-0.3500979565215695,0.5623246035622088,-0.6824129131531844
CHE,1998,-1.0357897564685041,1.2594579617933563,-1.6630538169640883
CHE,1999,1.5259651304701416,2.4679120198954636,4.189824498764633
CHE,2000,-0.4331546168052973,0.7779940008160922,-0.8862848204330888
CHE,2001,0.8573124082665555,1.5739607359587138,2.6871657674135077
CHE,2002,-0.12514768317290484,0.10226421426599275,0.000788763348569874
CHE,2003,-1.6934910521770417,2.961598110312415,-5.329155821296336
CHE,2004,-0.3720801502606209,0.28087039034961137,-0.18896457451663018
CHE,2005,-0.5299743651243338,0.4474557330295672,-0.38157664987531
CHE,2006,0.18777332755346743,2.9015772978045193,0.7734617480301791
CHE,2007,0.013343515258983751,0.8611180859111708,0.9115978396355456
CHE,2008,-0.6483906502725877,1.1222964919116682,-1.5338641164723983
CHE,2009,-0.6042352324174077,0.9726687876710015,-1.0021849016315232
CHE,2010,-0.06175237173014045,0.4805668382407847,0.23212955262218413
CHE,2011,-1.2634740147801842,2.5500353923912735,-5.130950573457812
CHE,2012,-0.5855256943753655,0.7601023204420007,-1.0354014271697956
CHE,2013,0.5260021036116627,0.41980867760077917,0.29981145909181134
CHE,2014,-0.49843501758334974,1.129843879162474,-0.8358629542674024
CHE,2015,-0.08130307189066127,0.4830736341617434,-0.28293608737545173
CHE,2016,1.5461018494287573,2.6964777562501934,5.107919506947997
CHE,2017,-0.8000515112512077,0.8295663292050498,-0.9345656230722755
CHE,2018,-2.3203608524860417,5.76193050618242,-15.064637777223643
CHE,2019,-0.4014453941106204,0.29004255072857466,-0.18872896291794955
CHL,1971,0.21008087600410605,0.6877462618566926,0.9806674245204083
CHL,1972,0.9114373883371506,1.7836079342819178,3.369737752313082
CHL,1973,-0.11927696664236329,0.47953682818105753,0.2916110954088295
CHL,1974,0.5779852231943325,1.5188491512687885,2.7245478057607273
CHL,1975,0.5295471774152906,0.9203868286135201,1.2929846234695608
CHL,1976,-0.21532378018221127,0.9533144137892916,0.33173254044059236
CHL,1977,0.2087319723029874,0.8167144075486992,1.5753468842705125
CHL,1978,-0.39102218940903427,0.8156479513819566,-0.4960310624069043
CHL,1979,-0.6173150915623986,0.6993177574255023,-0.7714200308006818
CHL,1980,1.603220889252088,3.7568082333655894,8.847159032271245
CHL,1981,0.6962592673674193,1.1129808286895848,1.839531414905643
CHL,1982,0.423454580649661,0.7042068554278574,0.9339496233723528
CHL,1983,-0.5312750163291139,0.38340814810544305,-0.31334934103731865
CHL,1984,-0.05002568748214536,0.302175975770946,0.009869818838388368
CHL,1985,0.16946076739229493,0.37968601359457105,0.2732105236547027
CHL,1986,0.7857716606980483,1.1960901463575708,1.7511256094578935
CHL,1987,-0.8432863534799551,0.9343450054552654,-1.1434410126859411
CHL,1988,-0.7235540562619014,0.8302367395798205,-0.8914712433589382
CHL,1989,-1.1163913155493173,1.42295771663039,-1.9718952156209608
CHL,1990,0.15034885445974683,0.8090819173805706,0.46197297130109405
CHL,1991,-0.18439871328780721,0.42244804253745255,-0.08951721607683623
CHL,1992,1.1330582922562236,2.1714014826710835,4.4368192417027
CHL,1993,0.43360264434013673,1.5386054880365048,2.0748201516756417
CHL,1994,-0.23702156737574356,0.3871182856120765,-0.17574738801525036
CHL,1995,-0.22291611903093378,0.3386278080460463,-0.07192378207523181
CHL,1996,-0.4736093738850723,0.5484427095816145,-0.5042586642677005
CHL,1997,0.1749929218608967,0.5568199009199509,0.4641188726119637
CHL,1998,-0.8219334470581625,1.1334000677622489,-1.3888874833868288
CHL,1999,-0.6875977342190169,0.5859584613279284,-0.5317812189978288
CHL,2000,0.5055604846963716,1.195353062826756,1.215621911164272
CHL,2001,-0.10652436028676786,0.5180503377156725,-0.25298606562249193
CHL,2002,0.7312521800658905,1.8770735843098163,3.8157243541530517
CHL,2003,-0.7545550258560084,0.8474038575666477,-1.005585475099342
CHL,2004,-0.25766558964533837,0.5619563601023388,-0.07449689565275024
CHL,2005,-0.022819816469681297,0.8681002335938424,0.36446150903677826
CHL,2006,-0.2087528006029365,0.3950302346316745,-0.21651468823369552
CHL,2007,-0.2060927706089613,0.9610555976110705,-0.1510800385475674
CHL,2008,-0.5067663460359743,0.8577947239580986,-0.8471884435957002
CHL,2009,-0.9961781728562092,1.283550784843875,-1.8778379368692932
CHL,2010,-0.7159263975352211,1.1219262948876603,-1.526913710688355
CHL,2011,-0.12509777192797258,0.3231516179060542,-0.1601071740058419
CHL,2012,-0.7020658703818672,1.0437824641353202,-1.6350421012819936
CHL,2013,-0.3171471115043751,1.254150092283556,0.7369038529713355
CHL,2014,-0.38493230114997945,0.4716768946137233,-0.48868584120364794
CHL,2015,-1.320024882774855,2.0403266774103828,-3.3900149731830536
CHL,2016,-0.8568596005632096,2.312151349983611,-1.4600152461634237
CHL,2017,-0.6000402794818807,1.069534083852416,-1.524354101192705
CHL,2018,-0.5839925562070493,0.7270799074865446,-0.7732562299383903
CHL,2019,-1.189690402088964,1.574924220823708,-2.2646729656862767
CHN,1971,0.22279000683982358,1.1092915794513543,1.2789923174333842
CHN,1972,-0.011814101437652538,0.7553165062519657,0.16761835406447345
CHN,1973,0.6394169512061617,1.3128395417606038,2.350520353821788
CHN,1974,-0.018256662235136792,0.8257862606606122,0.0919315446339649
CHN,1975,-0.1143659036806309,0.7425694794104981,-0.21666530965705447
CHN,1976,0.12822253566711356,0.647424462352576,0.5746420839336291
CHN,1977,0.33276967018587156,1.170437323585028,1.8412448238615833
CHN,1978,-0.6246322592954932,1.175286841933763,-1.2416392945865042
CHN,1979,0.4333510799700618,1.1109641660378686,1.3192061677525224
CHN,1980,0.4803995555656111,0.914128243548424,1.0919404790182945
CHN,1981,-0.6915726796769363,0.9813333908785525,-0.9186499898952153
CHN,1982,-0.38873776480582534,0.6398879403510868,-0.3744076044190819
CHN,1983,0.342930777636877,1.1633807951499644,1.4867762951415695
CHN,1984,0.03212777238910029,0.8269679739878079,0.4891546532158844
CHN,1985,0.23732522373453346,0.528322811557518,0.42375992146523284
CHN,1986,-0.6137077489583702,0.7597225486092275,-0.7270784811302883
CHN,1987,0.3128066138433039,0.771867346320926,0.6279983822313566
CHN,1988,-0.16470257331817348,0.6706041580692976,-0.02887429040311285
CHN,1989,0.06186969106489933,0.5953252920281134,0.3953081622694789
CHN,1990,0.9802851800666326,1.7289442557524393,3.263409045717769
CHN,1991,1.0878073784639648,2.1215754281624224,4.049544352254621
CHN,1992,-0.23495720595007838,0.7345625049612763,-0.06878521719367547
CHN,1993,0.14269764070908678,0.6166131616889787,0.3696891052757005
CHN,1994,-0.32800134665165537,0.7189099389838806,-0.4527271456404088
CHN,1995,-0.39717679716844795,0.6995394670367322,-0.46350423454950995
CHN,1996,0.09532684482349316,0.5433585139734252,0.4587045018589382
CHN,1997,-0.5622591741998146,1.0298392932872418,-1.2002902746663489
CHN,1998,1.079036007334949,2.120809084200452,4.245124903939204
CHN,1999,-0.23408721575909613,0.5885081759839393,-0.09138581139258688
CHN,2000,-0.7007963478901423,1.8865393537677544,-1.5228267303356986
CHN,2001,-0.9428153725110757,1.527355652680594,-2.2166363697382163
CHN,2002,0.11588044612179939,0.9352441558152749,0.5062224089123669
CHN,2003,0.47862142635330224,0.9000456310432835,0.9919172591406202
CHN,2004,-0.3401653214044327,1.2281289712464234,-0.3412903925687394
CHN,2005,-0.36836513741990323,0.8594738985185162,-0.25909612083240935
CHN,2006,-0.389207083316586,0.6515734707321199,-0.4673752367609102
CHN,2007,-0.15045428141912484,0.8058857393983448,0.025291903940741996
CHN,2008,-0.09591505530530883,0.7562104083755562,-0.2828700737688924
CHN,2009,-0.16114023805764058,0.5899506294930312,-0.20488289742303545
CHN,2010,0.10271930781177419,0.759121613827796,0.47134111758302183
CHN,2011,-0.8306095173352932,1.1834616371943443,-1.6253325605379276
CHN,2012,-0.5237881813548829,0.9709841621385671,-0.937071310831226
CHN,2013,-0.08971221700397145,0.9132388907928296,0.4159910678240057
CHN,2014,-0.28351682521552984,0.755876645097649,-0.5015412002535509
CHN,2015,0.15411497096527202,0.7360430388110627,0.47967866019279165
CHN,2016,0.009189609406750713,1.0592567268530617,0.689425241329495
CHN,2017,-0.43600379726264926,0.7822367894901734,-0.47551144749639096
CHN,2018,0.22749453126660518,0.8790692240001338,0.9405794972649604
CHN,2019,-0.6772124502323621,1.1418401824321707,-1.1715998421592662
CZE,1971,0.39634715162269585,0.6984494189833081,0.8365983058602463
CZE,1972,0.7131218934640025,0.9191247640246505,1.4251801391683077
CZE,1973,-0.022144638426850324,0.2268379882073036,0.006202081817092654
CZE,1974,0.6526967940882404,1.4384431646988898,1.623911431174255
CZE,1975,0.47493775261547105,0.49050263281192774,0.4993642038435831
CZE,1976,-1.1403581512626804,1.6178942263842824,-2.3660539086372023
CZE,1977,0.329352111664383,0.38859594467760933,0.3255046659979978
CZE,1978,0.6775710447999619,0.7377271070505942,0.9082678619666956
CZE,1979,0.23395654760116583,0.28064353368321315,0.21840142533274562
CZE,1980,1.4677236655503159,2.293949137411314,3.7872166861364693
CZE,1981,0.004845849318453875,1.0469653772383019,0.7080635840196405
CZE,1982,-0.482909985536337,0.5383203652340038,-0.471418784211465
CZE,1983,-0.25923768773997125,0.6667557338957424,-0.5907890505781825
CZE,1984,0.47959694595896596,0.5124734424539183,0.5750203729322549
CZE,1985,0.24778772061160825,0.40744545203598104,0.3263723655824755
CZE,1986,0.43217668440532186,0.543119755049985,0.7049652112146378
CZE,1987,1.2901240603684836,1.8580963057787871,2.8557820560095166
CZE,1988,-0.6858679626406607,0.8980923977168106,-0.9548456105908855
CZE,1989,-0.38406578432890354,0.4104214133690146,-0.23968489328077394
CZE,1990,-0.7894404535695672,1.168437190220581,-1.481023906970742
CZE,1991,0.23539941994106783,0.3837440522406522,0.20311959338190114
CZE,1992,-1.0515330066118953,1.45976494265918,-2.1683160390327627
CZE,1993,-0.7151317923739472,1.3313113589051988,-1.8930255876329918
CZE,1994,-0.42685455782969406,1.3195040367628286,-1.003183109052777
CZE,1995,1.1240643428900847,1.746211381007429,3.0617797540618796
CZE,1996,1.1003287879293302,1.5504035358882686,2.427455517904597
CZE,1997,0.5298742957976361,1.166508638814091,2.5708213530898987
CZE,1998,-0.6912606179729629,0.7824555075738643,-0.9412916681824122
CZE,1999,-0.5511034142702255,0.651524243977031,-0.6884158952531986
CZE,2000,-0.5549045024882733,1.510075315914184,-2.2159253074809975
CZE,2001,0.5494294309960108,0.6632382464305193,0.7096460825686437
CZE,2002,-0.7637028255923907,0.9503264389851135,-1.3261282718236647
CZE,2003,-1.2945605168788064,1.8113270616703574,-2.68482001537024
CZE,2004,-0.04668649685103497,0.32473019404409187,0.08457547245513987
CZE,2005,-0.2116521450143656,0.3419640134343692,-0.14965114289968787
CZE,2006,0.6607746369483309,2.4794907770948114,4.541520120697989
CZE,2007,-0.9768006349251025,1.4556661088502016,-2.1453801948635176
CZE,2008,-0.4439830421095168,0.5578795556410983,-0.49827033571898766
CZE,2009,0.3188298948404284,0.5176588243783959,0.5633534624903928
CZE,2010,0.9872043266955719,1.845359813546494,4.304796255231888
CZE,2011,-0.5024829755887144,1.241194063126262,-1.2560358388620743
CZE,2012,-1.0118883831823802,1.7382901183940618,-3.2301015749015174
CZE,2013,1.2728451167003825,2.22538991660692,4.42946769444333
CZE,2014,-0.08801596911826136,0.25662966994095204,-0.11855222209445516
CZE,2015,-1.1833185571945313,1.6797407346666937,-2.63728634787299
CZE,2016,-0.5273416307510834,0.5955825001654597,-0.5896377880269749
CZE,2017,-0.3976596895186849,0.6007699887110265,-0.4868529380580887
CZE,2018,-1.9505633883651312,4.033806461874494,-8.734096608336221
CZE,2019,-0.6536013665730389,0.8077782057999836,-0.9666882021229971
DEU,1971,-0.11882358668485211,0.5825133904346905,-0.3106493309535602
DEU,1972,0.8209153223842133,1.0628656811730037,1.5137696903856988
DEU,1973,-0.09622852479155182,0.2660125745144578,-0.08293419101911766
DEU,1974,-0.05711375652475855,0.8966000182178976,-0.09095270838164175
DEU,1975,0.08213974620147244,0.34458548825558777,0.10173077515132589
DEU,1976,-1.4612970965485614,2.4402822741761687,-4.356332306102796
DEU,1977,0.24576337581496885,0.4796014951667481,0.3075730237661892
DEU,1978,0.496380903704526,0.8842538925946161,1.3880845501587147
DEU,1979,0.37533475313544107,0.6032334054185552,0.6157899027689289
DEU,1980,1.0246725482207555,1.5518767728692038,2.3750423180361926
DEU,1981,0.5973402718651268,0.9512306119260076,0.9790072958524694
DEU,1982,-0.4033835347364429,0.42649262550114825,-0.40587673252125545
DEU,1983,0.8820830760781448,2.533338425866215,4.544829242862509
DEU,1984,0.9903656115435244,1.5409723550984347,2.4164847332712633
DEU,1985,0.4402075069977461,0.5450058911783504,0.5715244232957887
DEU,1986,0.36188289637279913,0.5012321633140043,0.47652243293349705
DEU,1987,1.223577732905139,1.876871889787463,3.207699671248116
DEU,1988,-0.544662407086917,0.9969468618629833,-1.0237911372231965
DEU,1989,-0.8583509428524916,1.162400196318052,-1.6347597160595861
DEU,1990,-0.8019492874259627,1.1914463699483608,-1.7117203022710052
DEU,1991,-0.1299185751694805,0.7967171751314777,-0.09800836249464479
DEU,1992,-0.818438250479341,1.3591903194570507,-2.2802580829915304
DEU,1993,-0.29863384150651123,1.3496441972813291,-0.3308321196950626
DEU,1994,0.400364921156497,1.5270740177366748,2.1016049443708043
DEU,1995,0.3649830468991888,0.5672231051318094,0.5393370642410036
DEU,1996,-0.1721361377904171,0.5021714761888121,-0.11022622064928586
DEU,1997,0.10479446911867468,0.48120915702948236,0.10050110724355678
DEU,1998,-0.08230914003165936,0.5106876490212242,0.004120932490210923
DEU,1999,-0.1576294233468687,0.3086933309483236,-0.08552613985613024
DEU,2000,-0.6752144383736685,1.175342891341423,-1.7414516649249072
DEU,2001,0.06263977858250148,0.45064860944727514,0.10802836300736259
DEU,2002,0.13732087058725168,0.4452841296866694,0.3670793320702157
DEU,2003,-1.3360133424734206,2.042702978093799,-3.253321785217092
DEU,2004,0.0033313269162422764,0.5324514075957208,0.15900213225954643
DEU,2005,-0.1276124135212152,0.31227871757314124,-0.05743335788567072
DEU,2006,-0.0981309792905082,1.1882712656593162,-0.133631114444879
DEU,2007,0.5118124980496087,1.4050818341134532,2.5518449567481674
DEU,2008,-0.6731421378878306,0.9955339787598729,-1.4615342116879824
DEU,2009,-0.2714457754118814,0.6177902935590357,-0.47997006496522737
DEU,2010,-0.054911148764777415,0.5573566637739765,-0.11098498399120686
DEU,2011,-1.147439781422255,3.019195875819684,-5.325054075785365
DEU,2012,-0.6799116995960176,1.4820158256074958,-2.42685123561424
DEU,2013,0.8506941655385519,1.3919080076242871,2.524156342932743
DEU,2014,-0.2737697803919466,0.8947148202400701,-0.6640918652668473
DEU,2015,-0.9081455381570112,1.253860567531162,-1.7543425632803546
DEU,2016,-0.28654475735834156,0.7431764700215273,-0.2552509673983365
DEU,2017,-0.15208294808177877,1.2296227609780486,0.24653500006018328
DEU,2018,-2.0379655830262315,4.686664829084226,-11.658480968193416
DEU,2019,-0.7576359803536936,0.9259823132361343,-1.2265203965689953
DNK,1971,-0.3899376667876079,0.3430705129661059,-0.26533184064381965
DNK,1972,1.0634388511587192,1.4082333415015191,2.0036803174944335
DNK,1973,-0.13776359436227867,0.23320186907779206,-0.07454162778790115
DNK,1974,-1.152632214640321,2.4178514811684133,-4.5934622593167305
DNK,1975,-0.7155685883535471,0.858058647051528,-1.1488999082908307
DNK,1976,-0.8213273219950787,0.9337517067496949,-1.2151213484546375
DNK,1977,0.24608356556552094,0.4516534053430672,0.35954079968549474
DNK,1978,-0.22448659833574286,0.2516584449802472,-0.16490646511347715
DNK,1979,0.9141199595798308,1.3128500114797272,2.0605176789961357
DNK,1980,0.39021335156672754,1.5667837772772868,1.492256560645352
DNK,1981,1.24104183770898,1.8286725504886854,3.0492320525660164
DNK,1982,-0.0366942415633416,0.15787173897354645,0.04538385247851038
DNK,1983,1.8261033616397178,4.684228302906362,12.717666063057063
DNK,1984,-0.41148669814865046,0.49196871054337793,-0.35003683135842606
DNK,1985,0.31380387611280164,0.2501926332323452,0.23715986894411845
DNK,1986,-0.25800106935545813,0.32571745788149226,-0.1673674938956617
DNK,1987,0.8795181794361856,1.3142191768159583,2.0829674843904016
DNK,1988,-0.21827055435742787,0.6974317681482597,-0.4010840174612388
DNK,1989,-0.6688689617894721,0.8718214379320165,-1.0267917845918504
DNK,1990,-0.8239325005986906,0.8832373488915113,-1.0663692348261637
DNK,1991,0.19822578291252743,0.5467853446035126,0.6895108047109744
DNK,1992,-1.1167137703302763,2.9375771898384957,-5.961323565134199
DNK,1993,-1.3496755192413117,2.5064199577907864,-4.880232150657604
DNK,1994,-0.2921501946944789,0.5677950960185717,-0.4153979372370131
DNK,1995,0.19485431680342777,0.2643929334462763,0.07419699248699602
DNK,1996,-0.6481129662574637,0.5643425863262485,-0.5322627287661416
DNK,1997,0.298898108830133,0.2500808207683794,0.2218170248976226
DNK,1998,0.6101447381323905,0.4707006063600395,0.4202094059761434
DNK,1999,0.883345712445654,0.9932302713425991,1.321076465033631
DNK,2000,-0.16168199929908228,0.12894136154538563,-0.0444156482480327
DNK,2001,0.025245995176531352,0.3041214075955828,0.09741412850712997
DNK,2002,0.32786734888201213,0.8052258994905908,0.7572854039283126
DNK,2003,0.6220820866357852,0.6880175644771485,0.8931968638803547
DNK,2004,-0.08713426264420716,0.19530226096372702,0.02147450078527519
DNK,2005,0.19648963593123478,0.2043630747300522,0.1061664534684423
DNK,2006,0.10606722631307594,0.8399623883530279,0.08888317115108348
DNK,2007,0.618548908481563,2.3512009720831286,4.891018708978877
DNK,2008,-1.1152216750136168,1.690145379974954,-2.769758186194015
DNK,2009,-0.5033591589625535,0.7880377512987672,-0.6887385012375029
DNK,2010,-0.027947915948767683,0.3891203813519227,0.05397381531832614
DNK,2011,-0.3148571910756652,0.9203929447272278,-0.3979038960181271
DNK,2012,0.4656652049690089,0.9739764711722716,0.5916139621115928
DNK,2013,-0.5664052791663594,0.524129082323839,-0.5252488797689332
DNK,2014,-0.6620560171669075,0.6232745171237968,-0.6432286705634742
DNK,2015,1.1295574799193144,1.5817906257731555,2.4691939333797204
DNK,2016,0.16780067140710234,0.2219786745181313,0.10616761145717535
DNK,2017,0.10602096983768743,0.16035122003455587,0.07803758147158944
DNK,2018,-1.9733704170832083,4.536413921761447,-11.397899229087056
DNK,2019,-0.09273562183848136,0.5311733690573075,-0.19185683420827263
DZA,1971,1.3628574993285478,3.1298596825063414,7.836821503071108
DZA,1972,1.4601503188532894,2.3481383613828966,4.074582604311925
DZA,1973,-0.09269662052594135,0.3077429632545221,0.29053999486475757
DZA,1974,0.4541279125206872,1.2284643869504597,2.054501813811354
DZA,1975,1.2223134042385084,2.4159368314590055,5.715097866583291
DZA,1976,1.264485321383805,2.3930257919427453,5.089575981663283
DZA,1977,0.7462673717242556,1.2447485627035864,2.068593082799881
DZA,1978,0.8184382945914213,1.0340066227174076,1.5996064824089598
DZA,1979,0.1924745185933725,0.5764695623329832,0.7471731844815634
DZA,1980,0.6508065067263256,0.5808540424370429,0.5589106014081175
DZA,1981,-0.09226531015700813,0.18716533174219113,-0.04889405468866069
DZA,1982,-0.09872103857917178,0.5197487753913367,0.03746909180850046
DZA,1983,-1.1330871945930694,1.3608695224298282,-1.698456592564863
DZA,1984,0.45870485457746696,0.9475555453606509,1.1159086539798795
DZA,1985,0.14037246873808326,0.40539731465248957,0.4016411431887202
DZA,1986,-0.4798369119183663,0.3596469103926294,-0.27211029340620135
DZA,1987,-0.5487621243361493,0.7842738742719337,-0.9072116461793586
DZA,1988,-0.04977407448147826,0.18941539790835826,-0.049822852660841535
DZA,1989,-0.10503489422729412,0.2083046875254569,-0.047861598430994
DZA,1990,0.13953792627984615,0.2097882084476685,0.12613635939829942
DZA,1991,0.4668318665853155,0.6152215616650796,0.7500891889651603
DZA,1992,1.531969598794661,2.581379732306239,4.720601573639535
DZA,1993,-0.20131266272852424,0.21631544917378734,-0.06051577266088806
DZA,1994,-1.357452076478567,1.9372739196107174,-2.8709609247063077
DZA,1995,-0.7735131458555399,0.6800332141942753,-0.634081350021337
DZA,1996,0.7301562110608087,0.6944164996265062,0.781853678249972
DZA,1997,-0.5873750771289065,0.643174510521421,-0.6366829949171628
DZA,1998,0.3359275368439822,0.45067162180587333,0.5552186206936381
DZA,1999,-1.4904979420379751,2.367242014100657,-3.9522637103051323
DZA,2000,-0.8210746206301852,1.197969510738841,-1.3975730271972124
DZA,2001,-1.0812394891225863,1.2394049955705881,-1.492834030913554
DZA,2002,-0.6541271049690164,0.9490203751321934,-1.2877389373978674
DZA,2003,-0.7991946460921729,1.2154878000843905,-1.7727806784690403
DZA,2004,1.1185622997212556,1.5531969352431776,2.538848213001238
DZA,2005,-1.5276699210801628,2.456687161279055,-4.119254028071833
DZA,2006,-0.5498030126659649,0.6200977676816148,-0.6692299031034668
DZA,2007,0.042700000034151954,0.7422596562604741,0.5831215060790018
DZA,2008,-0.14516520713623698,0.21823799867598584,-0.06798721857211647
DZA,2009,-0.2930165911445616,1.2132879579232994,-0.8659917098778522
DZA,2010,0.03870309710262708,0.09805256097453856,0.016635134599537794
DZA,2011,0.6649985377968866,0.6838830890925659,0.7748236245413294
DZA,2012,-0.7050630378924183,1.3750330280843295,-2.0714851249686466
DZA,2013,0.49014945904426926,1.0694517594059993,1.2084850577774313
DZA,2014,-0.5408705215550796,0.5180180436560631,-0.5331141765463774
DZA,2015,-1.5256177662931405,2.453612688826475,-4.1062291291977395
DZA,2016,-0.3021901858276265,0.4363118220263583,-0.17159758312939866
DZA,2017,-1.8586934394594545,3.5512605541843785,-6.96495683274247
DZA,2018,0.7905690452715783,1.3241583853865897,2.4805501745584833
DZA,2019,-0.6468656054598502,0.7536425113514482,-0.6466634401648801
ECU,1971,-0.18872733917145157,0.4133711422790888,0.16754454840987584
ECU,1972,0.46560799062630087,0.5393011125688569,0.4509806053983928
ECU,1973,0.6121465778943357,0.4982561287887627,0.40216649560413537
ECU,1974,-0.47466942065236195,0.4812960314993617,-0.37416679026642147
ECU,1975,0.4819607199932845,0.6832692332503105,1.2315005485520036
ECU,1976,0.6365397638714991,0.5885991693283956,0.532604677203461
ECU,1977,-0.32635343515169063,0.30236452149855203,-0.301956374023976
ECU,1978,-0.6208801667083247,0.5076866379253315,-0.4732958434781941
ECU,1979,-0.54772048396733,0.5144229572279662,-0.3909190864738731
ECU,1980,-0.45413536352244616,0.5783592567136391,-1.0386191524703798
ECU,1981,-0.5785686340926853,0.8459063829860483,-0.9319329026034002
ECU,1982,-0.6681598816530526,0.6623460764809617,-0.7046702520884827
ECU,1983,2.0034554408618246,5.140985085061491,14.131025344298168
ECU,1984,0.1081928953401273,0.39608278552766873,0.3727857672950472
ECU,1985,-0.8769571984065777,1.0793050949903678,-1.5682473706885005
ECU,1986,-0.6040166870983509,0.4591815365652976,-0.3667667627545948
ECU,1987,0.3507861954890352,0.29505150192546303,0.24634098079289138
ECU,1988,-0.5300393148139534,0.516320113366521,-0.5311610147092843
ECU,1989,-0.09046607205063893,0.38784859322645593,-0.07224689756618775
ECU,1990,-0.6588289753973591,0.5773128249906555,-0.5289236590904504
ECU,1991,-0.6154156411336488,0.5584556449160994,-0.5158808720208035
ECU,1992,1.444380434074289,3.131288994819767,6.423130983459165
ECU,1993,0.26533294670486474,0.5019553031044105,0.4609937731246937
ECU,1994,-0.07859069184501334,0.1714556829876172,0.04236084211370045
ECU,1995,-0.8886173343246645,0.8589733126780594,-0.8840586558255261
ECU,1996,-0.6928423979580016,0.6775890855795839,-0.6171186499564667
ECU,1997,0.7459246396433683,1.477916639611861,2.551930835588634
ECU,1998,2.1173896650836825,5.295281788956341,13.19330497723379
ECU,1999,0.6755022331048144,0.6239355628558256,0.6594050580396078
ECU,2000,0.14217100564192237,0.5171719171066936,1.1050997730331786
ECU,2001,-0.22805095824342964,0.37469609444841534,-0.42230361149290774
ECU,2002,0.4765137125696259,0.4719922219531963,0.4785050869835177
ECU,2003,-0.2648977113154858,0.634058458214934,0.600742081793801
ECU,2004,-0.45197661722853494,0.30142641041286233,-0.23224026342501822
ECU,2005,-0.3384184458775939,0.4677106650254283,-0.36320028579685604
ECU,2006,-0.49566269035248844,0.6489548446884984,-0.6137684484917547
ECU,2007,0.09936307416440203,0.17298207783442698,0.07798191336235788
ECU,2008,0.5208644703526336,0.9842879762297947,1.3914735113041805
ECU,2009,-0.8167560562796221,0.8716886897208559,-0.9253322255021879
ECU,2010,0.3199889070666153,0.33603346932059525,0.2706774489606605
ECU,2011,-0.41518622688076656,0.7081009650659884,-0.22147552384969504
ECU,2012,0.9385761221784472,1.6971746922645203,3.4655066769377996
ECU,2013,-0.19606828606328786,0.26633116341743,-0.21204077181740455
ECU,2014,-0.2746567791571504,0.41715114558997146,-0.3008706110748193
ECU,2015,0.10705776972153067,0.2554455834757714,0.03577312884552162
ECU,2016,-0.10949714829762906,0.14809001675840588,-0.027661080733158816
ECU,2017,0.8541049467767327,1.1027766448945062,1.6678137513768494
ECU,2018,-0.28652656356521733,0.16328439987329757,-0.0715896684313316
ECU,2019,0.013375230592584199,0.101697176941371,0.015423984728796816
EGY,1971,0.501890402210876,0.8994982838164728,0.7030445618063896
EGY,1972,0.3547324736674981,0.6917970730394146,0.6984214700996586
EGY,1973,0.40815606879997807,0.7154296564231284,0.6165211079482646
EGY,1974,0.4628549604903344,0.9844328220936167,1.2854611213408094
EGY,1975,0.1654978459710701,0.5024716664959018,0.409977146312318
EGY,1976,0.49799808568401005,0.7541771725275503,0.8216508053167216
EGY,1977,0.07841994416277548,0.4054326694952452,0.25146552294522967
EGY,1978,-0.7381886150211239,0.7457502657730912,-0.7551753949483346
EGY,1979,-1.236568593755669,1.890460725021853,-3.0488703990613915
EGY,1980,0.04693794644460749,0.14071961872975036,0.04420993910501678
EGY,1981,-0.32270940477068605,0.3971189870460446,-0.31914571421679366
EGY,1982,1.0729024419295672,1.4463680086138548,2.252257197644454
EGY,1983,1.2643483746988213,2.094189412398022,3.8094835244155725
EGY,1984,0.05634325171592486,0.44645459126134174,0.07230104840753683
EGY,1985,-0.14931296524575277,0.3165305571057994,-0.06720782152591935
EGY,1986,0.03692314371913717,1.0708825551030774,-0.23577526039754418
EGY,1987,1.0643255619116445,1.8618027052085542,3.3721863820048243
EGY,1988,-1.0178351527006768,3.4136123409449612,-7.234478028182644
EGY,1989,-0.5879822116048576,1.1142989070580351,-1.2228098305290613
EGY,1990,0.6630992351993314,0.6396371478457122,0.6166133252076526
EGY,1991,0.1621929975927995,0.6401569204481719,0.03788286616859397
EGY,1992,1.1301185330188899,1.8327339603635489,3.2860763987965256
EGY,1993,0.6096574674420635,0.5778895445436841,0.294231766485046
EGY,1994,-0.4678481994116751,0.4270077546502269,-0.3845006830239353
EGY,1995,-0.08587781865532908,0.8391120191975326,-0.21156573113661747
EGY,1996,0.05015833803416397,0.2793980107368744,-0.004461171416879121
EGY,1997,0.7688388181279623,1.6161650009099602,2.411736086712004
EGY,1998,-0.06561215581190526,0.5520163190053492,-0.08117996814311715
EGY,1999,-0.4070766968843135,0.4833631471563044,-0.5047989476799889
EGY,2000,-0.1953900448332522,0.34692375760772465,-0.12437160750525687
EGY,2001,-1.218334590007755,2.064111258356091,-3.846995268513172
EGY,2002,-0.3320463610194108,0.4760070622098453,-0.36447427519693837
EGY,2003,-0.7841049474035112,2.0684717084691875,-3.42959340276065
EGY,2004,-0.5175389352908432,0.5419597513123472,-0.5047668020378422
EGY,2005,-0.11292142128619334,0.22093882081493993,-0.07923725065814255
EGY,2006,-0.47557217579572353,0.45638597497238764,-0.4696602815219449
EGY,2007,-1.0567539174428675,1.4970402946321144,-2.494094345428484
EGY,2008,-1.9173410942195905,3.9717677015444437,-8.672422132729155
EGY,2009,-0.7999580015453929,1.184293478891936,-1.9377387504220847
EGY,2010,-2.578614710679726,6.93149061987976,-19.232516772119432
EGY,2011,-0.8208871137629501,1.4039995913778136,-2.7543776025914184
EGY,2012,-1.4336929621428163,3.6500189297611345,-9.359503194810891
EGY,2013,-2.24387014342306,5.6964409564571525,-15.405262839152545
EGY,2014,-2.069661870284517,4.98905472501529,-13.064436482466693
EGY,2015,-1.2687447030224506,2.050982304622879,-3.8467844765432853
EGY,2016,-2.806439576190802,8.113635967360144,-23.92006181150736
EGY,2017,-1.9115999762448062,4.433428182705512,-11.341780665599373
EGY,2018,-3.003016607892838,9.108812599576174,-27.790994908445686
EGY,2019,-1.3278587810573854,4.134863999381649,-11.450917452589719
ERI,1971,0.3035818152944424,3.258755744296807,1.7750367342630902
ERI,1972,0.11696329833296407,0.9697048290418816,0.8767143254477683
ERI,1973,-0.08706932337732251,0.34704911101216873,-0.11869535156297001
ERI,1974,0.819225339749733,1.376136660063881,2.391875254500741
ERI,1975,1.7584643746812871,4.2659864541340955,10.682545000475189
ERI,1976,-0.3137352821969568,0.4136997852232941,-0.2896206809446432
ERI,1977,0.7406014418455547,1.0153975185789093,1.6124263375820576
ERI,1978,0.516618175287873,1.014519530731724,1.7714770181907045
ERI,1979,0.19808070235728759,0.37900478972421264,0.26631638086088594
ERI,1980,-0.381590265144713,1.0327549893968282,-0.7421950998628923
ERI,1981,0.4041007429206728,0.3114539997523957,0.22517260928427654
ERI,1982,0.26508716647758757,1.0110394866421768,1.232264988850767
ERI,1983,-0.7711193330074769,0.7907663644343661,-0.9249708617304488
ERI,1984,-1.275594009455073,1.8962494979901225,-3.1810553870821607
ERI,1985,-0.3913966514799106,0.3086023790824517,-0.2514352607341648
ERI,1986,0.2027019869419342,0.45818751801650065,0.33465096929827864
ERI,1987,-0.02285366329971511,0.31946718049247314,0.04608997316182283
ERI,1988,1.2436200958407355,2.2543335132919644,4.439726359780306
ERI,1989,0.007726489394660807,0.7050502002376009,-0.10864009766173782
ERI,1990,-1.5281157070791496,2.4778900136141506,-4.228985120437192
ERI,1991,-0.6843606553130317,0.8777538951133138,-0.8519328573078335
ERI,1992,0.2587069026513587,0.12261486789092613,0.06793999786014242
ERI,1993,-0.16527689229976827,0.1603180787776691,-0.03674457481880774
ERI,1994,0.45669542151738163,0.32021397290597575,0.1884272590202572
ERI,1995,0.5003533486494649,0.7818025737189295,1.0709194649402114
ERI,1996,-0.4949289259475066,0.42391257834836554,-0.34285996973497335
ERI,1997,0.20019079465602102,0.7438451779763641,1.6913542896801785
ERI,1998,-0.14714281172385446,0.5781583654524545,-0.3471549418340213
ERI,1999,1.1520350059296667,1.7517763380330946,3.031454250681993
ERI,2000,-0.10088099608911771,0.9465991724287316,-0.19810799959114267
ERI,2001,-0.3796971674120562,0.5333211033721974,-0.5038779851497641
ERI,2002,-1.5138672158537472,2.4438478018951715,-4.195575351413256
ERI,2003,-0.026475505482983747,0.4068965806183329,0.03737433506037896
ERI,2004,-0.5954552580832008,0.4140752357313531,-0.31024979035803024
ERI,2005,-0.2610447593384865,0.41317877645599244,-0.4495966806004126
ERI,2006,0.2071231446526546,0.18945745973010625,0.08543226823530539
ERI,2007,-0.12908627921195923,0.9722332118234187,0.09918497184581763
ERI,2008,-0.5953485808918018,0.5348443665400798,-0.5437325852267121
ERI,2009,-1.5563707271210683,2.6357000707188774,-4.766710451821997
ERI,2010,-0.9204731600710888,1.4138865958597937,-2.7972369586573036
ERI,2011,-0.9635535120654395,1.2310386557554092,-1.843891323406223
ERI,2012,-1.133216036570533,1.4426012250244296,-1.9888150626197336
ERI,2013,-0.7061590685082277,0.6933740893515234,-0.7377131027152583
ERI,2014,0.10297364316864531,0.20653471292914097,0.10947816862001242
ERI,2015,-1.1078724556906323,1.3390338081366286,-1.7561386868666697
ERI,2016,-0.549587412458532,0.46905130714753496,-0.4635015002633541
ERI,2017,-0.8201530787835467,0.8531754098217211,-1.0499682264776424
ERI,2018,0.2693006362443376,0.1520979489891672,0.0875158772186602
ERI,2019,0.4942358205349181,0.5857606304795236,0.49969751320598216
ESP,1971,2.586469532546519,6.9609612880199725,19.280021747963847
ESP,1972,0.2789975700225023,0.5921543388768923,0.6542150547594346
ESP,1973,0.14956455691601805,0.49658967440082674,0.26461056513208014
ESP,1974,0.40823568805710697,0.6222046352548324,0.8898273668129355
ESP,1975,1.0323899692013747,1.4999093210355867,2.5236693254977305
ESP,1976,0.0018439832853588646,0.5435913874358043,0.23036060983236037
ESP,1977,0.7965168238306608,2.4576643779904233,4.463849880361371
ESP,1978,1.1420729315464158,1.6453187316660254,2.672826315683043
ESP,1979,-0.03850279489434572,0.276646012333733,0.0061833581809844
ESP,1980,0.7135735306067241,0.8053113690316467,1.0412810142822764
ESP,1981,0.07874321224985593,0.2300970476475089,0.12321285626613933
ESP,1982,-0.6506172836868318,0.6724215450214432,-0.7406989054778678
ESP,1983,-0.3680067872489606,0.7332496599209655,-0.4650063319512
ESP,1984,1.2999165478546382,2.022950612729389,3.583296725424826
ESP,1985,0.10467712158832068,0.20875416696113894,0.13933798188306193
ESP,1986,-0.6364340742980246,0.8380390028164758,-1.015932110870722
ESP,1987,-0.722648896982558,0.8081179462834598,-0.9478823011516966
ESP,1988,1.5947471684400614,3.6268884631945473,8.848534446255126
ESP,1989,-0.05185678008765728,0.41331013957021456,-0.13952644469324402
ESP,1990,-0.5362871956628935,0.7078929175231173,-0.7441542609416028
ESP,1991,-0.5954318083165971,0.9032615006720179,-0.791430928670223
ESP,1992,0.1912923421893923,0.990759039320335,0.4699924020776151
ESP,1993,0.4373163236447623,0.47559412671919876,0.42407679557479155
ESP,1994,-0.7462387279223388,0.9251210647551327,-1.143784748961108
ESP,1995,-1.2820933493748705,1.9403551630706977,-3.2308548061168154
ESP,1996,-0.11763349524503477,0.4355203572302209,-0.06305057596439728
ESP,1997,0.1874043026697069,1.084236652016737,0.5715677896593914
ESP,1998,0.14604725794680967,0.32651756054503533,0.08857413575320042
ESP,1999,-0.788565251538834,0.9227236334083933,-1.1798133147347338
ESP,2000,0.3439112136224158,0.7495586944386297,0.8931165767673155
ESP,2001,-0.8294196869366943,1.2469775071046105,-1.712308438294142
ESP,2002,-0.20806949704718214,0.37127084995692694,-0.09299538123344042
ESP,2003,-0.9969549176008862,1.3639815883735926,-1.935933481181551
ESP,2004,0.05356225805467022,0.9104305431608317,0.6307648874456414
ESP,2005,-1.5404793452358716,2.5777943455279004,-4.5765921775461775
ESP,2006,-1.052418784369593,1.3720055766941217,-1.9719359760156943
ESP,2007,0.47580721918726815,0.757639809710592,0.8700789252622303
ESP,2008,1.2996531868184016,2.2591717883995686,4.329977272537055
ESP,2009,-1.3108506140288072,1.9776115168319437,-3.20888546820739
ESP,2010,-0.09919819315335526,0.2743722432989889,-0.056138202437486344
ESP,2011,-0.3922711195803081,0.4720604958710295,-0.3487062919398195
ESP,2012,-0.8043482336106293,0.8861062689291069,-1.091995021608652
ESP,2013,0.46588599717419465,1.4061942193066208,2.356111593069989
ESP,2014,-0.9769746187131684,1.2587910507429143,-1.7683953140826498
ESP,2015,-1.3561526810325606,2.168780853566333,-3.786491352558582
ESP,2016,0.14632165545292478,0.9857655491108724,0.8509935721636966
ESP,2017,-1.2559819461159243,1.9648987355332221,-3.389762148571033
ESP,2018,0.9037339917680719,1.936904588555733,4.350755009143412
ESP,2019,-0.9960403128438067,1.277205615487967,-1.8054355605681645
EST,1971,-0.7726385455305151,0.7990610932480927,-0.952497182593219
EST,1972,-0.2219518513937735,0.3453021434350713,-0.09805191759739088
EST,1973,-0.2266964406145054,0.29571239015603396,-0.2366348032512624
EST,1974,0.16900229866746272,0.16829261773262966,0.05922931930890865
EST,1975,-0.7750306560068145,0.9078430621874444,-0.9007716408823228
EST,1976,-0.4745071708298657,0.35605539057025737,-0.2657459734390295
EST,1977,0.020199365950582755,0.22395278807165211,0.14905222077096097
EST,1978,0.8901013923411054,1.4851724087468035,2.6937100974568478
EST,1979,-0.307149494681188,0.49485407254958014,-0.48267921083003373
EST,1980,-0.3364944263744643,0.1500347440807207,-0.07528275169505512
EST,1981,1.0444412033977624,1.40834160157869,2.2157036256265643
EST,1982,0.09513856976073082,0.41818178909935044,0.1103862583214443
EST,1983,-0.8288425372055548,1.0339199753089563,-1.3690230580517506
EST,1984,-0.18019944511613825,0.6550888753024772,-0.61516435409054
EST,1985,0.96687160964831,1.2012054679214481,1.6331006478903813
EST,1986,0.288438469177477,1.0824377633187403,0.9065363570410793
EST,1987,1.2410851450874776,1.7320191907403668,2.648506194118927
EST,1988,-0.48194690567996096,1.232491964348931,-1.5222490787969718
EST,1989,-0.46846240318112214,0.5139530556309834,-0.48741332904754453
EST,1990,0.3663958247799527,1.3206599821519556,0.10762183084727778
EST,1991,0.3910757744788164,0.572710648935932,0.5870077588522704
EST,1992,-1.3728282288833253,2.146590732685986,-3.655729322814402
EST,1993,0.4655058623728998,0.9548999116550153,0.8646239843470588
EST,1994,-0.4867572266171039,0.5812529367166702,-0.48987518416929476
EST,1995,-0.20405833421658479,0.5954126514160475,-0.1401737387948189
EST,1996,-0.3170485510321586,0.41455467728905204,-0.22345898972362843
EST,1997,-0.33677950450207084,1.2153169059172713,-0.3789169624046498
EST,1998,1.8499449545043272,3.9225149715343366,8.893690138200801
EST,1999,-1.387568363346484,2.051999072828002,-3.1398321398471287
EST,2000,-0.057662086243542875,0.32441060356622037,-0.1488619203930698
EST,2001,0.4331778015417949,0.4810667521773221,0.46566511114432707
EST,2002,-1.3420681609052338,2.0120595358098563,-3.300784276696098
EST,2003,0.3338037224749541,0.49114465039203326,0.3911148191685175
EST,2004,0.8021046109627767,0.851558790938284,1.0935844606569742
EST,2005,-0.15695012600986155,0.23209275331680704,-0.06849691876024844
EST,2006,-1.7870446874415318,3.405437528460533,-6.867374396858825
EST,2007,-0.47884134023507907,0.39185711039800486,-0.3537662326424891
EST,2008,0.46252372316754076,0.9680237619392512,1.4026888374990587
EST,2009,0.3180046012933896,0.3428565224392942,0.2435000332162147
EST,2010,-0.39756377698448186,0.3897865419378012,-0.31908182410902
EST,2011,-0.991322472085926,1.296787630324441,-1.8367933459490795
EST,2012,0.7779710617176584,0.8666554614524236,1.1961862322462267
EST,2013,-1.2704487951953038,1.710646497108576,-2.4290134517019877
EST,2014,0.4000558943202755,0.6034188520816763,0.4150279453214766
EST,2015,-0.2679864528362877,0.2405024788328309,-0.13155968704964724
EST,2016,-0.1224442983049321,0.7459063306468572,-0.5537471595192275
EST,2017,-1.0156829415444193,1.4688184444002512,-2.409646751377299
EST,2018,-2.4844176142792254,6.5709792940609635,-18.11223137471592
EST,2019,-1.7896126454035204,3.6439002483508016,-8.049963348220054
ETH,1971,0.6245255357655461,1.6905405274387455,2.687830560563811
ETH,1972,-0.5249331937617635,1.6915855328661193,-2.503715242237822
ETH,1973,0.022740853300663378,1.5897584464337635,0.9669724649115816
ETH,1974,-0.1519436829662639,1.4775294778991679,0.028972218009010436
ETH,1975,0.3692117148273108,1.4525454288205553,2.1358049558861247
ETH,1976,-0.05587734509365053,1.1747737903509046,-0.30889687026049933
ETH,1977,0.7380318869226818,2.572956711896666,4.7630565116406585
ETH,1978,0.32888157067181845,1.4384614545000858,1.338338724784416
ETH,1979,-0.10788052138315717,0.6509660174513558,0.18560657781320794
ETH,1980,-0.34307549094489337,0.5838888290838812,-0.2746340785287694
ETH,1981,0.1717885723779222,1.1647908651036005,1.3160862658211812
ETH,1982,0.6361354062253819,1.5797373289426893,2.5022198055289655
ETH,1983,0.667229008583472,1.5810613269833536,2.680204366638363
ETH,1984,-0.19007325224370197,0.8661017291518877,-0.04858409091045812
ETH,1985,0.08609576440674077,0.8062158579684162,0.6602530225803637
ETH,1986,0.008213020483058223,0.7556117244023661,0.5074955711143759
ETH,1987,-0.5555986612731445,1.276441904775488,-1.6143182080207907
ETH,1988,0.43284952808466126,1.0457970162363048,1.3122281949795094
ETH,1989,0.013929594715243694,0.3327814170172017,0.06988822669559264
ETH,1990,-0.6749361588989067,0.7635120675295364,-0.8080546216872869
ETH,1991,-0.5051266800687237,0.7061117812284461,-0.6417098136276124
ETH,1992,0.14953600842195924,0.5091332417360144,0.3219817149779678
ETH,1993,0.03602235627468731,0.6627092784693083,0.23881777875200486
ETH,1994,-0.09354352442602326,0.49318462949036074,0.03905759714425852
ETH,1995,-0.46382331062559895,0.5201414452285755,-0.3756742246968597
ETH,1996,0.4164008879102413,1.405664439549741,2.0833039292257562
ETH,1997,0.4167569596177007,1.7040212568373907,3.322036848938482
ETH,1998,0.2366483759204704,0.6456041445086166,0.345793957937132
ETH,1999,0.23804996828947161,0.8612793847037572,0.5536663894142724
ETH,2000,0.06725136292607342,0.5257150119640672,0.14591127115521493
ETH,2001,-0.1410279309942585,0.5105956966348182,-0.004404495017777167
ETH,2002,-0.9884144512838445,1.3525871177882645,-1.975383720891554
ETH,2003,-0.3574046348872316,0.45675689973712885,-0.35436524310505685
ETH,2004,-0.4655988160791432,0.5478321051240624,-0.627967175130226
ETH,2005,-0.23692571375921323,0.6196338120272716,-0.4364370466743163
ETH,2006,0.44109203628054544,0.5971967185983468,0.7582218374954327
ETH,2007,0.27767527483699095,0.7878512759806795,0.6051917531107716
ETH,2008,0.18074588963820082,0.5952503917232326,0.022460274815640287
ETH,2009,-0.8693912787914668,1.3318667734925567,-2.0898237648356073
ETH,2010,-0.10280241548945097,0.4883837938009196,-0.3201814916537349
ETH,2011,0.2559841247160268,0.8773458502061335,0.7604998641905978
ETH,2012,-0.2027059686847212,0.23685984170703814,-0.06111081573321658
ETH,2013,0.13561468091040071,0.3128051819283635,0.04871508596755063
ETH,2014,0.05207331919956232,0.6594128873810762,0.21488139531541395
ETH,2015,-0.19077053199610675,0.5708028295489587,-0.31115415726552476
ETH,2016,-0.10926729616688965,0.8373894940195041,0.2348411934804434
ETH,2017,0.5736175015549162,1.6818254422608907,3.4565807434390274
ETH,2018,0.2616724189725843,0.2452170069069488,0.2629405287505998
ETH,2019,0.8603200438281037,1.6722473346075921,3.479906721908109
FIN,1971,-0.8499104962759081,1.043289406687516,-1.45272435488766
FIN,1972,-0.3592599214093801,0.4570038285709894,-0.42945797736141744
FIN,1973,-0.30501365217848286,0.737269612669746,-0.8109908556172117
FIN,1974,0.6412902180269753,0.9801244110073535,1.2106922925675785
FIN,1975,-0.6576959917079525,0.8286753177897122,-0.8627267084186391
FIN,1976,-0.49320377413603844,0.4299152403877705,-0.3090216270806467
FIN,1977,0.7435439447613122,1.0405160769179214,1.6710582625071269
FIN,1978,-0.37126554092856207,0.5443142761204834,-0.44261784522623393
FIN,1979,0.28894622474801385,1.1947913631311389,1.294408111940796
FIN,1980,-0.43915639697044484,0.3266180256982279,-0.2807797976962297
FIN,1981,0.9384615059305383,1.4918723341401254,2.7409073504288077
FIN,1982,-0.13331848629150184,0.8615474117645966,0.40601649204125484
FIN,1983,-0.45358527415442607,0.4172490720774023,-0.3104314609269475
FIN,1984,0.2838751423895734,0.8065370061571303,0.1771774557894324
FIN,1985,0.07674126372179554,0.40614403193610776,0.2766408674880326
FIN,1986,-0.32221198917441535,1.1895346320776135,-0.19031617132135148
FIN,1987,1.2055792944635209,1.801675277838698,3.0495307860128236
FIN,1988,0.4520978051680033,0.5885919320186124,0.4811218011693449
FIN,1989,-0.5693421892729482,0.5987813224174855,-0.6056197278829294
FIN,1990,-0.32636545881575074,0.4685374063503597,-0.4914087206071355
FIN,1991,0.3449152813527275,0.5963372828839736,0.7217226672669501
FIN,1992,-0.23486471326639347,1.65619290594981,0.23330498394841806
FIN,1993,0.34512516944376614,1.0788431009241815,1.0177036272629618
FIN,1994,-0.7661669662460753,1.1480271223558487,-1.4025605307183187
FIN,1995,0.11123357675588116,0.9268765036540935,0.8727594097811369
FIN,1996,0.33465493218860864,0.9906428916483768,1.2107535564852452
FIN,1997,-0.552446935492846,0.8384808505398309,-1.0305105590428196
FIN,1998,1.333789110023318,2.134463551303262,3.7631983366289004
FIN,1999,-1.5024039880643527,2.4109039736498046,-4.008690356594406
FIN,2000,0.18382562448992634,0.41104405264503985,0.0932829018895627
FIN,2001,-0.18920617740403764,0.7658337685226607,0.055268192843087344
FIN,2002,-0.8801179837794266,1.2502847409181932,-1.7873885590086078
FIN,2003,-0.411618718278239,1.174387943778983,-1.4169816838272213
FIN,2004,1.0187919202591509,1.642254706807605,2.7775664931047106
FIN,2005,-0.025221292522083227,0.43433828374080574,0.012487638395402623
FIN,2006,-1.7332820255046917,3.802909179891541,-8.83814167138796
FIN,2007,0.28174342366281124,0.6218321044755735,0.4969041295091553
FIN,2008,0.5127440651935911,1.0032555062958777,1.3068922558498308
FIN,2009,-0.7740356244051851,0.788847972168844,-0.9246581019336476
FIN,2010,-0.6545482375060442,0.9046963729410457,-1.1721318158999328
FIN,2011,-0.045534278768527586,0.735510879206632,-0.11948164554799466
FIN,2012,0.9217212121985917,1.2127186230679778,1.836190189209328
FIN,2013,-0.8935101004736901,1.176553189933419,-1.7183957986144813
FIN,2014,-0.5315746411823988,0.6277746955707663,-0.6493937802624875
FIN,2015,0.8138585200564641,1.6155731375574711,2.9330712454180223
FIN,2016,-0.311810994660484,0.7756414521177204,-0.1847169963173641
FIN,2017,0.03164275600593397,0.254314967860104,0.07565897935987581
FIN,2018,-1.9888030603923328,4.2652242532635025,-9.791209032743637
FIN,2019,-1.0684624797709161,1.7522901456275142,-2.5578641551094075
FRA,1971,0.26666053210040275,0.6630101478093333,0.44721171541968274
FRA,1972,-0.01369705223148471,0.3395605748479403,0.042827180052254527
FRA,1973,-0.34815754823907596,0.4705968332271255,-0.5068095509351945
FRA,1974,-0.5689666342153282,0.5512190480066238,-0.46232902930892583
FRA,1975,-0.02210966047233968,0.27817761373341016,0.023703762300461326
FRA,1976,-2.3411889926683482,5.859949922291413,-15.275802017327795
FRA,1977,0.89621053607216,1.4297069622377208,2.717194222401228
FRA,1978,0.6367134589055544,0.6968816975193425,0.8938378449554494
FRA,1979,0.6627747635941421,1.0427057630126355,1.5646791305032361
FRA,1980,0.5174539797556469,0.7714871830786002,1.181112776898364
FRA,1981,0.9548747583736285,1.2782481330447193,1.9218230078206833
FRA,1982,-0.3294799268175282,0.5666879101281793,-0.45680009051613263
FRA,1983,1.1801420046146964,2.413949480429881,5.0357330742741295
FRA,1984,0.34507381885538696,0.3242748966533124,0.2818100590397625
FRA,1985,0.8732325161519379,0.9553346310600909,1.1532967317179919
FRA,1986,0.09480766052710046,0.8167828334560506,0.14296676545249654
FRA,1987,0.6162758906782557,1.1572327072874504,1.8055343035208231
FRA,1988,0.6267612191561611,0.8941070377287766,1.0155780749437724
FRA,1989,-0.6043165915316355,0.8514295072851558,-1.1393078899054256
FRA,1990,-0.9556518496178773,1.2987037198402056,-1.929672028650457
FRA,1991,-0.36720975288980523,0.4324796513968901,-0.21768793776719653
FRA,1992,-0.18726066428898794,0.7057404361429962,0.2961779310005228
FRA,1993,0.08358333373624102,0.569535968820207,0.07016460877712918
FRA,1994,0.2747674677355258,0.41979915194260164,0.2916088942194969
FRA,1995,-0.3934383276546974,0.6376682147574873,-0.4543823679831914
FRA,1996,-0.7800790784366565,0.8570060469882275,-1.0388337093953768
FRA,1997,0.09162035352063226,1.2032761514860377,-0.25911512583115337
FRA,1998,-0.03673420900441316,0.5618191918604214,-0.06362198773077395
FRA,1999,-0.11429013594290675,0.2675748551155436,-0.05909979716997565
FRA,2000,0.3852084866774377,0.4581882616291942,0.39131128159971357
FRA,2001,0.4873115594071615,1.1052327495478789,1.7056416974011392
FRA,2002,-0.36269142416541233,0.4673819204736456,-0.32742145947177387
FRA,2003,-0.8603073001569429,1.0433043942859601,-1.4464372632567941
FRA,2004,-0.7630006614965097,0.7754430937575023,-0.8291115071599235
FRA,2005,-0.7780659996726337,0.8235026898331288,-0.9400729656513663
FRA,2006,-0.6764879956016178,1.2011252258973282,-1.6668893842121297
FRA,2007,0.176402495907437,1.0087104223387144,1.0672458385368326
FRA,2008,0.31486154293350427,0.641246825207877,0.5046870379617148
FRA,2009,-0.4378811337465548,0.3771402483159776,-0.33915965876435017
FRA,2010,-0.931169993514335,1.1893133976273864,-1.5265317958555797
FRA,2011,-1.668986371558765,3.641502012573688,-8.595359873491272
FRA,2012,0.4168353568573545,0.6562440952244686,0.7173754096514393
FRA,2013,0.7418858474532286,0.9461952826708878,1.3162568170360243
FRA,2014,-0.36720959073265297,0.8384814428122813,-0.9537990729847378
FRA,2015,-1.238045256127551,1.7432956090890794,-2.7165767193422456
FRA,2016,0.9434764713552005,1.6742454368901065,3.0701415697119385
FRA,2017,-0.9801896329420812,1.2296165504107528,-1.797006083150393
FRA,2018,-0.4517479554032658,0.764911504166443,-0.9444619537580344
FRA,2019,-0.7736074742890341,0.7333501017981762,-0.7849180223542197
GBR,1971,0.11910211759792948,0.36665847973666643,0.3732321617554078
GBR,1972,0.34369621137015716,0.38488093388707467,0.43772002032015306
GBR,1973,0.7309756742008865,1.25748998182853,2.427944181991194
GBR,1974,-0.8259964251337517,1.1372418901529717,-1.543908709895968
GBR,1975,-0.1905147348662981,0.742167994679009,-0.1674644462690588
GBR,1976,-1.6331239284872776,3.214957447674161,-6.682507315977785
GBR,1977,0.18093134032803576,0.3570872339885012,0.2747903585338073
GBR,1978,0.16569787790230983,0.43970599626106893,0.23286338919996344
GBR,1979,1.2197730079177838,2.124664765789048,4.267487482939843
GBR,1980,0.1339830364135437,0.515539036275344,0.44575444466219327
GBR,1981,0.6661444806033894,1.0442290105822798,1.631138465001658
GBR,1982,0.19084654925058583,0.33768831002991145,0.1399564027953053
GBR,1983,1.1158423048193102,1.928924582024193,3.396734924907127
GBR,1984,-0.40595078952294744,0.5328648627512832,-0.5263930577740933
GBR,1985,1.0808031608324804,1.6099251360046165,2.700727468497286
GBR,1986,0.6461135281739401,0.8623353569008633,1.1467505059019458
GBR,1987,0.8595226452796929,1.0627848407935152,1.5803431882940777
GBR,1988,0.06493452476841059,0.5838599996848687,0.20456080906450724
GBR,1989,-0.4888230502035689,0.6973605115319292,-0.8901450999091906
GBR,1990,-1.4164635447116478,2.3233201634228107,-4.0709665186802155
GBR,1991,-0.2453772235547694,0.532835674528961,-0.21397773545720133
GBR,1992,-0.3775404892772103,0.5161917385138425,-0.4982630333750748
GBR,1993,0.38148582350352483,0.46194254240393584,0.48033744192579436
GBR,1994,-0.36920085268847147,0.422806446587986,-0.3390290831836176
GBR,1995,-1.3563342356851413,2.1309636635830826,-3.6085619037830683
GBR,1996,-0.792757101903232,0.8337301079925994,-0.9618799340391647
GBR,1997,0.4052089034709981,1.6564932309709364,1.4756396079000578
GBR,1998,0.7325206318481333,1.0282092393283782,1.538760244762003
GBR,1999,-0.0468764268273436,0.23509688877789237,-0.023708928241326203
GBR,2000,0.8268933259784954,1.1144986567165835,1.6122215211585347
GBR,2001,0.1486935710056431,0.49359120513294963,0.15536322014152293
GBR,2002,-0.09540674627780055,0.53455387276826,0.13049945182412917
GBR,2003,-0.42885426517155706,0.5456318774562308,-0.4699625497373889
GBR,2004,-0.14619399509281195,0.12506297918275314,-0.05074651595354531
GBR,2005,-0.4318084770227469,0.3393312150047905,-0.21433359522443107
GBR,2006,-0.233900812012805,0.6622238497461368,-0.23566400589069664
GBR,2007,1.3002337929939904,3.752009135541105,10.06603790598346
GBR,2008,0.17687480208840384,0.3789640236237568,0.30856629460018675
GBR,2009,-0.4053447104117213,1.1463131707425223,-0.31883638156416383
GBR,2010,-1.2223370522570225,1.6629854519871108,-2.4129132612690873
GBR,2011,-1.359547516479919,2.66176869152199,-5.379141834056039
GBR,2012,1.8593080343071127,4.510018402049235,11.878037556244234
GBR,2013,-0.23766455966354258,0.33487466480085776,-0.21015339022430785
GBR,2014,-0.016862007728135057,0.11683545981185392,-0.010027111822330279
GBR,2015,-0.3240811579003493,0.43054544257262367,-0.2660399630553158
GBR,2016,0.4189046704660706,0.44061796794543734,0.3306863459263789
GBR,2017,-0.3817461143774659,0.7087110325741317,-0.42894708472381393
GBR,2018,-0.9287767884486409,2.667559578492799,-5.361182059953139
GBR,2019,0.20577315061386403,0.7463798659169342,0.822935414819539
GEO,1971,-0.09837256294903879,0.8042814380988498,-0.03284888969536302
GEO,1972,-0.2774896045641038,1.7134543307883203,0.34297874879525836
GEO,1973,-0.4091450678567233,0.5652451997508317,-0.7179363072015925
GEO,1974,-0.35924693217088405,0.5342598090306935,-0.610037475452345
GEO,1975,-0.29241603424291207,1.2653112566343234,-0.9129757795036095
GEO,1976,1.006669856856316,2.2972980281774635,5.23615186237509
GEO,1977,0.06620357497467244,0.7343445148857551,0.6143656647066031
GEO,1978,1.1961941939802525,3.442302201311314,7.24497290432117
GEO,1979,-0.44159523706391174,0.9089391029144414,-0.8282090844993746
GEO,1980,-0.023870069685008263,0.6471869987624457,-0.022317954730541198
GEO,1981,0.3069807158946216,0.6041025210594088,0.815360798778113
GEO,1982,0.5638017330789598,0.931879956329215,1.1596094332385345
GEO,1983,-0.2635108174970748,0.7799200122849022,-0.3251481465616329
GEO,1984,0.5090056725923044,1.1143000863229948,1.653017829414452
GEO,1985,-0.41118990401587246,1.1825990986219026,-0.8596084095667201
GEO,1986,0.0007855503002805811,0.7116518503412049,-0.0029916529650148987
GEO,1987,0.6554830540762456,1.2007280930432302,1.6219729427230922
GEO,1988,0.5602896784521478,1.1930772369239133,2.043687958453378
GEO,1989,-1.151920208269332,2.0518418483328102,-4.073014435372373
GEO,1990,-0.2034642349965286,0.6394363501145418,-0.4729628407288713
GEO,1991,-0.3496580822269594,0.6126956676675934,-0.3038019846638581
GEO,1992,0.27932840332472114,0.7452210894111292,0.5610546908923566
GEO,1993,0.1899107959553447,0.2906710279512834,0.17472588019080965
GEO,1994,-0.9026328375987572,1.282677396411248,-1.9739321895097321
GEO,1995,-0.46144315954576137,0.6418271491905568,-0.3674382568309973
GEO,1996,-0.533732789302201,0.8279989776959621,-1.139434081800531
GEO,1997,0.05223828457436274,0.3360314549337915,-0.0006714456330761849
GEO,1998,-0.052855820111604175,0.4389291872221367,-0.2241836868569597
GEO,1999,0.2889498709128423,0.34681912413450305,0.25761456203585886
GEO,2000,-1.2870607112919383,2.3002668034801705,-4.483071472666815
GEO,2001,-0.06432477917926119,0.36455911259986457,0.033405446868721
GEO,2002,0.9776084962481145,1.3061272745348853,1.8970368870979522
GEO,2003,-0.13085130595225697,0.7611843274248365,-0.20048597343370517
GEO,2004,0.27549402417871505,0.5013903002746638,0.43142597804110394
GEO,2005,1.352136923951429,2.617073100831971,6.162459616784477
GEO,2006,-0.5670649232787106,1.087237128777181,-1.1445509679586137
GEO,2007,0.27921008118481877,0.6957209257639463,0.3884504676440175
GEO,2008,-0.18057571645216824,0.9341059565848727,-0.7520683153061273
GEO,2009,0.2730905506563176,0.5868762991553947,0.5414223830722243
GEO,2010,0.3623560161920254,1.2157635491202146,1.0569664706745572
GEO,2011,0.9725909641225972,1.6993012589609717,3.0457960136876934
GEO,2012,-0.4293028284848269,1.5703841147201774,-1.0068095723938069
GEO,2013,-0.6974472856976649,1.076254760680272,-1.6707251983994431
GEO,2014,-0.04213185426227357,0.7169574594253715,0.15301406401141512
GEO,2015,-0.045480850626755005,0.9119144811324348,-0.481711593136234
GEO,2016,-0.203990216690463,0.4705758645597063,-0.18664401291292568
GEO,2017,0.14082394220099165,0.8457130603393368,0.03569042725947712
GEO,2018,-1.6328018938714113,3.0532501971084596,-6.185060132440793
GEO,2019,-0.5542864110404789,0.7057370632783417,-0.8368819413217745
GRC,1971,0.41026391859124833,1.1406838741180654,1.639070437921424
GRC,1972,0.5648750691168744,0.9415457651322984,1.7779798109015355
GRC,1973,-0.20057971800687374,0.5181964637195982,-0.1481171694935775
GRC,1974,0.9222717547712304,1.1233427338574034,1.620764834890995
GRC,1975,0.22938988976970176,0.7412055291928787,0.7156195013165815
GRC,1976,0.676256814246089,0.8858201534285672,1.0762321684895697
GRC,1977,-0.8174096376895068,1.509419068696349,-1.9684219952946573
GRC,1978,0.5080482029159784,1.0913296256838911,1.7573393495030287
GRC,1979,0.4597971434815341,0.6393563869892636,0.8334461210708843
GRC,1980,1.2514681345464624,1.8809528678376406,2.990881743666949
GRC,1981,-0.7517043808461114,0.7318649874886247,-0.8374407565465773
GRC,1982,0.9540943883517338,2.2610253567045286,4.9974369604237445
GRC,1983,0.47647164530130887,2.0280817537152878,2.4458373421061803
GRC,1984,0.081424977866381,0.8794759151307932,0.7681550685850534
GRC,1985,-0.5840636032789334,0.8205181157530769,-0.8796212885276349
GRC,1986,0.0017386165843860588,0.6493435152997035,0.08385340884158579
GRC,1987,0.6956264231381789,1.2174222041199108,1.9610490202445083
GRC,1988,-0.906058726756473,1.19603000418492,-1.5308128842835078
GRC,1989,0.19937026362241442,0.8647281672763762,0.8681887509783263
GRC,1990,-0.5687511095909074,0.8117538436157681,-0.8980786423972238
GRC,1991,0.9663254547557699,1.336830513947835,2.0415757836464903
GRC,1992,1.0626578379715992,1.818678661298881,3.376349870090732
GRC,1993,-0.15641001928093004,0.3349171404807466,0.03806772397269849
GRC,1994,-0.5772669654077337,0.49393196323341826,-0.4361158258890226
GRC,1995,-0.16529645769482093,0.26622597547579524,-0.12265777408697079
GRC,1996,-0.6095525671332558,0.9995326519164177,-1.035452263836694
GRC,1997,-0.696266176057557,0.7800197631812971,-0.8004610634934234
GRC,1998,-0.2663626229528404,0.3769726574730015,-0.04176965558888437
GRC,1999,-0.5537366840205215,0.7986754946489705,-0.9501777382479069
GRC,2000,-1.4575884449676053,2.2716774429649056,-3.6750279834545756
GRC,2001,-0.3049210178062036,0.49396613749847146,-0.24247540507870913
GRC,2002,0.07248695601195906,0.5165615552547156,0.14482667360542814
GRC,2003,-0.4545630247323054,0.44587362982069867,-0.38675470808064905
GRC,2004,0.3002805514388566,0.6564788668432768,0.4926879621020044
GRC,2005,-0.37913007372023144,0.5797396390862325,-0.03263616418514992
GRC,2006,-0.1551690156345676,0.27683387077989186,-0.037446260990779474
GRC,2007,-0.41894995650875066,0.3457245582462746,-0.28625619688615966
GRC,2008,-0.8560891225003457,0.9790127684621969,-1.2429250322839676
GRC,2009,-0.31225195130702155,0.3676693144487107,-0.21662139457535576
GRC,2010,-0.1441998439564696,0.40342953308043455,0.058922032772243206
GRC,2011,-0.09859401077638374,0.3844266198510352,0.20589361036229115
GRC,2012,0.041677738521599485,0.6626152315169709,0.1023675704614882
GRC,2013,-0.6852458797800499,0.8194192198398047,-1.0040378998234734
GRC,2014,0.9735198945733015,1.8801622120617794,3.951668526847915
GRC,2015,-0.10962713119514447,0.47936586341642723,0.2650550972035893
GRC,2016,0.19522499364594825,0.6680798818120038,0.45707094211079785
GRC,2017,-0.005072566608405723,0.4220394448358203,0.12185257754405066
GRC,2018,0.19115101763073766,1.061270568476262,0.973172380166245
GRC,2019,-0.23064377484415985,0.5161961878398322,-0.125434874435662
HND,1971,-0.04406154623608387,1.2702264873997513,-0.015253263315312182
HND,1972,-1.2433964432009295,1.691807573024621,-2.443204344438663
HND,1973,0.7944092718310835,0.8547525060474872,1.09618281287508
HND,1974,1.1765328633644394,1.5930116774208314,2.3473629449327595
HND,1975,-0.49132669795708706,1.3357244587000723,-0.8876197175582885
HND,1976,-0.4554123719036277,1.1468878350608842,-1.3077565765878187
HND,1977,-0.21907219545782453,0.5881819751330676,0.03895435098530102
HND,1978,-0.2707729699160485,0.15954900024563384,-0.07785400370280478
HND,1979,0.5817028345343289,0.42759821364673567,0.3590518924158812
HND,1980,0.45232191806338023,1.099538155601207,1.5508387297587973
HND,1981,1.5345494175647052,2.5979962286143428,4.648813093752933
HND,1982,-0.7535815404802356,1.088844268903681,-1.3787720708353757
HND,1983,-0.35091106547307027,0.39514387419634767,-0.26848518359543533
HND,1984,0.9688490074582885,1.0429746840269138,1.1987100189282875
HND,1985,-0.45619086802250325,0.34848407851591623,-0.31398348714228425
HND,1986,-1.7854973514045227,3.2145509380390593,-5.834459496740339
HND,1987,-0.9692101281918758,1.430406804691782,-2.523719931484251
HND,1988,0.8151495566884875,1.0621516055663802,1.3689536191704417
HND,1989,0.6944512127419825,0.7028751606239417,0.7834678542596565
HND,1990,0.4929617204675793,0.4823316364547998,0.40097591853245856
HND,1991,-0.5240108281019944,0.38299704324994605,-0.32963881015263896
HND,1992,1.1660881714890041,2.6696365223458893,5.299894042556376
HND,1993,-0.3651533433095311,0.18898331351499664,-0.11885733009784472
HND,1994,-1.0207033326301294,1.6094220718220877,-2.822853258057326
HND,1995,0.5689472702157214,0.7861870086256126,0.9515900499760475
HND,1996,0.39431191727792714,0.276627715750851,0.2023296043171237
HND,1997,-0.2962112912173408,0.8798716425983384,-1.0180905809427923
HND,1998,-0.5421341155403837,0.5903369897510752,-0.48775721387163495
HND,1999,0.7312703609796312,0.7838596782817226,0.9068329822211705
HND,2000,0.29836057045496145,0.7958505724096958,0.9193766948196608
HND,2001,-1.224392873188942,1.9222240264845216,-3.420846590746058
HND,2002,-0.22097710468354684,0.1641804036046062,-0.08415234199958084
HND,2003,0.5449302601751551,0.37070646733515045,0.2970913411621584
HND,2004,-0.4748564063047637,0.8628661721633331,-0.8253095287525642
HND,2005,-0.650202231864054,0.4543750867689324,-0.3352617754781669
HND,2006,-0.9361245529154518,0.9383281182465201,-0.9977666897526289
HND,2007,0.2245179512342827,1.8640780883090968,2.437582698031003
HND,2008,1.3532621050104159,3.232733926051246,7.71551718468031
HND,2009,0.5071152784391671,2.7025173024845093,3.0139372008857284
HND,2010,1.973303667236634,4.813252050434363,13.092328938348789
HND,2011,1.9571386366081889,3.902183205524234,7.914136139076165
HND,2012,0.7854844540274482,0.7626804249369531,0.8884551026858268
HND,2013,-0.26660671391815793,0.24876348345331362,-0.13327262164556378
HND,2014,-0.6343906587840324,1.022120535610849,-0.9551043091642122
HND,2015,-1.6361454804202222,3.1489951602443904,-6.382327408564565
HND,2016,-1.640177671593306,2.7977568626312674,-4.949784266672822
HND,2017,0.3441476988910507,0.3752579529445679,0.20220855972424562
HND,2018,-1.3379266001765218,2.0204145866094962,-3.3077088108704893
HND,2019,-0.948010402124137,1.2863629229547906,-2.0313064841404245
HRV,1971,-0.6544102234188169,0.5518516795167101,-0.48554814849737643
HRV,1972,1.0572816748620955,2.0407100972531502,4.112850090191492
HRV,1973,0.06035888921719205,0.2874534477255304,-0.06277534508395373
HRV,1974,0.6474363615199888,0.6183911110305361,0.6329483474263469
HRV,1975,0.7753633904921156,0.9434236005083223,1.1845953747651947
HRV,1976,-0.20462738229337404,0.25447264201539904,-0.10707548661479274
HRV,1977,-0.6093788537826671,0.43162876119124743,-0.322124976743036
HRV,1978,1.01418155521135,1.20897308045001,1.7528566858262125
HRV,1979,-0.67568932219249,0.898699796209548,-1.022894119120565
HRV,1980,1.076215961766596,1.480608364363267,2.3279798201879838
HRV,1981,0.3155018811567305,0.4436926980790372,0.3272095956662306
HRV,1982,-0.09812050628874419,0.1610681525323722,-0.03175352657527406
HRV,1983,-0.8671919955277365,0.844156268770763,-0.8872373121684436
HRV,1984,0.6810585772799258,0.5515760896527899,0.48308748709113425
HRV,1985,0.4756152393872666,0.7246549259591746,0.977633569822584
HRV,1986,0.12038044724474917,0.3692091556491528,0.11950549091518417
HRV,1987,1.0424961352881543,1.5574001008273668,2.73662040162658
HRV,1988,-0.6812969417933419,1.0148284166375108,-1.335529823311179
HRV,1989,1.017215096285794,1.3028629025423606,1.6760337245196573
HRV,1990,-0.6690940743016562,0.622515772625034,-0.5941595600474917
HRV,1991,0.8698480779210236,1.066221447243673,1.5568593106817554
HRV,1992,-0.7692425263807658,0.7434388216485562,-0.7490489982341435
HRV,1993,-1.3112785225651402,1.863588184477571,-2.7973892627891295
HRV,1994,-0.3352301224729698,0.4892593468564705,-0.2670966602207818
HRV,1995,0.4826441549086647,0.3445906428890471,0.28531966753364074
HRV,1996,-0.007928500545174749,0.3185502475840763,0.0976267140339546
HRV,1997,-0.08581706970797853,0.44000618643767,0.08506195234756372
HRV,1998,0.07552270555076947,0.18926035001299477,0.03765011756586024
HRV,1999,0.8415596371194286,1.1735691023370285,1.785486109138168
HRV,2000,-1.6253202657217647,2.8131828465477264,-5.104187806066299
HRV,2001,0.228973569231668,0.7319486441755337,0.6701726201205687
HRV,2002,-0.1844006325386279,0.36028470723578243,-0.174633760605054
HRV,2003,-2.385512731134555,5.769959900028256,-14.135175284104365
HRV,2004,0.8462368154202314,1.2679796054647534,1.7669462853864617
HRV,2005,0.12584888250451076,0.23401960526743995,0.06014210825998593
HRV,2006,0.29317627602938023,0.9228354708905305,0.6835062238151306
HRV,2007,-1.2231700752498955,1.7386330239862007,-2.703043649629595
HRV,2008,-0.21963045816301396,0.18825534786692286,-0.10935153431329382
HRV,2009,-0.8555473999765879,1.2958992259989284,-1.6609182638635052
HRV,2010,1.6110779063650518,3.797568741294115,9.357062374803858
HRV,2011,-1.2757493288896906,2.01393588130201,-3.41679082807586
HRV,2012,-0.5047273762744714,0.44598645046257324,-0.45352830881417167
HRV,2013,0.12635686479998687,1.1487799405402912,1.0916156744791121
HRV,2014,1.1784711894835795,1.783001943423212,2.8380383575975676
HRV,2015,-0.28756157014667155,0.2842368366502471,-0.27609740247512476
HRV,2016,0.13398490509766262,0.29533413133730385,0.1286131958515197
HRV,2017,-1.2162183559153585,1.718739881753098,-2.635396036043804
HRV,2018,-0.18053072286303312,0.4454842864806805,-0.20028698808841408
HRV,2019,1.23477550614794,1.8521732889737863,2.9757998119933555
HUN,1971,-0.21292778190929257,0.11935673892912783,-0.06550039414558222
HUN,1972,0.7393508327513321,1.199087804892431,1.73432355227445
HUN,1973,-0.04805635983173168,0.2885625262935369,-0.055730212799367004
HUN,1974,0.4516549195268627,0.6242802110115188,0.5942335731775357
HUN,1975,0.751729284571695,0.8333296899907449,1.089906182428423
HUN,1976,-0.49072419188363103,0.5042041117665738,-0.36451202609116357
HUN,1977,-0.4156483818303595,0.3723193728282092,-0.23262108111298488
HUN,1978,1.0911149169895893,1.2979412720781247,1.641631302804046
HUN,1979,-0.20037647124751237,0.3224595509342336,-0.10767518084930547
HUN,1980,1.1337501270056598,1.595342404191981,2.6624888258986164
HUN,1981,-0.27305571285061137,0.41987792418517494,-0.29351284543728834
HUN,1982,-0.29210113799623366,0.3562264899597089,-0.19101951583608087
HUN,1983,-0.757179719850356,0.6777653967856486,-0.6640335548516567
HUN,1984,0.6541246898328055,0.6651708504506589,0.8488979759657577
HUN,1985,0.8142266585548981,0.8581212942477929,1.0422262523249193
HUN,1986,-0.4972439369716662,0.382470664618926,-0.3473603606039175
HUN,1987,1.1206138692471452,2.740022555304911,5.715599346952147
HUN,1988,-0.43731746746998856,0.5516559727646073,-0.510620916653221
HUN,1989,0.7484204860644379,0.8853154114666841,1.1096078271049992
HUN,1990,-0.5765124387439313,0.4747935311707521,-0.4125115347086418
HUN,1991,0.7465338416121104,0.8958738085486755,1.1940767556251752
HUN,1992,-0.893075851710704,1.0836972673556016,-1.4773579689378307
HUN,1993,-1.4086654135474488,2.1108079641287656,-3.2970636693544892
HUN,1994,-0.45268403798769813,0.9230903075795672,-1.0181410444980885
HUN,1995,0.4835194389139748,0.6906746875409794,0.7053556069775575
HUN,1996,0.28889986466225925,0.8435343728980775,1.1883520600631314
HUN,1997,0.27000205603615174,0.39158564571362237,0.34904547398714525
HUN,1998,0.5874172246679418,0.7760367201613396,0.9426074557638197
HUN,1999,0.9491298795240732,1.884224612455232,3.9018658512454607
HUN,2000,-1.31851506711597,2.0457064793705757,-3.472312749453055
HUN,2001,-0.36999456772046196,0.5457298642069779,-0.47632188916631774
HUN,2002,-0.8522300486607615,1.135534535022952,-1.2434413505615303
HUN,2003,-1.7089573875224653,3.1436122002647,-6.06258532053593
HUN,2004,0.8463121615329995,0.9246503486563379,1.1362369697297097
HUN,2005,0.4197610119442505,0.5007998012924676,0.7169172139745252
HUN,2006,0.684507185865198,0.9391570405409093,1.1282128523856634
HUN,2007,-0.9775419844884844,1.1532342292870674,-1.4521716080533118
HUN,2008,0.1756003177726569,0.39878240784344043,0.309791932893954
HUN,2009,-0.9557894360255836,1.3321480507718344,-1.9467227619680547
HUN,2010,2.2897707793038853,5.76175127578078,15.262950876534454
HUN,2011,-0.6913068756282643,0.9041539932330261,-1.0748338624926164
HUN,2012,-0.9805609126731868,1.1614440057624693,-1.5636529312989844
HUN,2013,0.06237213359143128,1.3608449478079803,0.7824259955890858
HUN,2014,0.2243915621426646,0.41215502092552503,0.34199416796144944
HUN,2015,-0.9364459520126466,1.1584570138360608,-1.6379853901414225
HUN,2016,0.12506005162021308,0.6831805151319325,0.4330483655386058
HUN,2017,-0.5758241960680325,0.6540886631599576,-0.6933455489675943
HUN,2018,-0.8688943860160214,1.0702839784026448,-1.482196679255502
HUN,2019,0.594338448283526,0.7758336103315789,0.6277691840897204
IND,1971,0.80683978393446,2.010059476435184,3.9304392803413224
IND,1972,-0.6377927547826183,1.6248496125252228,-1.8447660659219074
IND,1973,0.17171853653826766,1.8813673873722494,1.9515958159721625
IND,1974,-0.3756500516781468,0.8658350146286585,-0.5264690215924276
IND,1975,0.6378874243863412,1.3338259766817697,1.9421114824009515
IND,1976,0.6673573061284861,1.8301806159378033,2.9334224254099013
IND,1977,0.9115278243299036,2.4130721101108805,4.8517995566142975
IND,1978,0.3259430459052917,1.0225890621175762,1.0659175837421582
IND,1979,-0.8301803436561644,1.345845436526922,-2.1099764746706042
IND,1980,0.08452538915749686,1.0364191185339269,1.1511517525103285
IND,1981,-0.1320958089020299,0.5938710497889543,0.0881200813695177
IND,1982,-0.01983777074862791,0.7920850855110994,0.11154150586113314
IND,1983,0.6827727218360686,1.381903220613594,2.2797864229045675
IND,1984,-0.22383302457677012,0.7168534961301197,-0.1969396694919982
IND,1985,0.4948482017745119,1.405773698782026,2.7256077940597976
IND,1986,0.13121606625900237,0.6664391758052421,0.39089820141637294
IND,1987,-0.3257387381483845,1.647507707007293,-0.7728768356217093
IND,1988,0.0682408481035508,0.7985964193416714,0.4480294467993194
IND,1989,-0.2107995930822283,0.38255010113871685,-0.08540484873172387
IND,1990,0.11435830542118146,0.5923799683436869,0.5378415298549337
IND,1991,-0.4320827276773489,0.6857780082612785,-0.6201737610377269
IND,1992,-0.30888750435089396,0.5834056063247985,-0.309914061118344
IND,1993,-0.1239264226165396,0.608543405629716,-0.019196272345143785
IND,1994,0.12534976754034405,0.7776989923395122,0.7023388371671258
IND,1995,-0.34461894571550855,0.6239009810028159,-0.3773401493723635
IND,1996,0.2820633638737351,0.5342046521394567,0.5278816276375612
IND,1997,0.6529681226564192,1.2608182766546756,2.2204259123319128
IND,1998,-0.012262639190961393,0.6367123491834996,0.35013337738937517
IND,1999,0.020380259206698472,0.7897713863511121,0.6081899275020396
IND,2000,-0.42826107407981073,0.8397579922405953,-0.7414251337330888
IND,2001,0.0995698636318381,1.015579413308731,0.47374444380418557
IND,2002,-1.0990895626805977,1.9277972276930875,-3.5132541801526735
IND,2003,0.015687077766620993,0.9181170515233494,0.390379004897577
IND,2004,-0.5022745197058147,0.6075619030793317,-0.5430701397999191
IND,2005,-0.22755991651999083,0.7005027941432593,0.13816369314442914
IND,2006,-0.4304060655256428,1.0004789567301215,-0.6823181153532559
IND,2007,-0.3814711496491471,0.8275457217509169,-0.24708219688848485
IND,2008,0.5675944526327303,2.0156416290079417,3.3184703107323887
IND,2009,-0.7979258204629951,1.6702866869299697,-1.9232543229349492
IND,2010,-0.515854819924786,1.573587277567252,-1.971736996280183
IND,2011,0.0701660740010323,0.8050826211753863,0.6408400989333167
IND,2012,-0.5929843047610379,1.2298432519945106,-1.5527164947935823
IND,2013,0.43048394367405524,1.263766108851128,1.9504186903799259
IND,2014,-0.763367441741003,1.2743726110923423,-2.040030373484658
IND,2015,-0.49020933342755063,0.9899554105280589,-1.2589771075191225
IND,2016,-0.43142835083023856,0.8700377755546687,-0.578959543432727
IND,2017,-0.6176467613226918,0.8963891881837791,-1.1581515390978034
IND,2018,-0.5352730190932382,0.7318123166493634,-0.84477490618569
IND,2019,-0.24595438278468137,0.9751889095986821,0.16252285316826975
IRL,1971,-0.6543254501474363,0.5822866210611002,-0.56829962917288
IRL,1972,0.9679966910652754,1.0773730594280075,1.328305551467805
IRL,1973,-0.39159508316666114,0.2563708606687432,-0.15197848597137104
IRL,1974,-0.14927842272094394,0.36051283257991035,-0.06973420477501543
IRL,1975,-1.4510403652017283,2.2293817134173444,-3.597328113472692
IRL,1976,-0.7621550985488338,0.7541189583449266,-0.8538117265484422
IRL,1977,-0.39661825624389635,0.49418803457025035,-0.5751504917785756
IRL,1978,-0.9364415676642196,0.9259892772452866,-0.949451314771107
IRL,1979,0.8439771236445937,1.045497363130111,1.4425823435223655
IRL,1980,-0.41973893743690677,0.5411299305549772,-0.38699688010377864
IRL,1981,1.4708288479083538,2.2987348849635607,3.7780765471195155
IRL,1982,0.13084382886867105,0.22713563969946407,0.061875254501170714
IRL,1983,1.0339837353080483,1.460254649081512,2.2082293163439264
IRL,1984,-1.2401124070157532,1.6185163817642232,-2.200789100298595
IRL,1985,0.5732957941284211,0.3833192315118606,0.2836507145816633
IRL,1986,1.3896526715752084,1.9558167489021878,2.7864786807899677
IRL,1987,0.01756160632824308,0.09517821181809033,0.002250718766514715
IRL,1988,0.3724720917333971,0.7138088131455584,0.828672228895353
IRL,1989,-1.0062483225721548,1.5166863642765043,-2.645713808582117
IRL,1990,-1.0846370315434923,1.8480843082938416,-3.7830617763725862
IRL,1991,-0.021294626262046944,0.11861864729499443,0.008514413428872856
IRL,1992,-0.3146992848296125,0.24295600265371198,-0.1773936277075715
IRL,1993,1.7550209425003456,3.206518829082596,6.075427924219323
IRL,1994,0.594345916457615,0.6144819509790609,0.7363903453770044
IRL,1995,-0.8945410458977568,1.0267261766041722,-1.3348466075956378
IRL,1996,0.04825459581793646,0.6409340495547907,0.42133675826577033
IRL,1997,-0.26250106599796363,1.2466927041804756,-1.6126889083308313
IRL,1998,0.9409516042673075,1.122024289931027,1.583506363799132
IRL,1999,-0.7154032490619383,0.6267830507869565,-0.6346039720926063
IRL,2000,-0.26258202132917574,0.18068578796883644,-0.11063216119510597
IRL,2001,-0.5471344746520116,0.46221270770891104,-0.40982844121872214
IRL,2002,1.148651011828882,1.433994148274044,1.912816213162186
IRL,2003,0.8571804655855841,1.0619977232146736,1.416050133844605
IRL,2004,-0.712644299693759,0.5470198003381144,-0.44083070849491757
IRL,2005,0.040131807906719046,0.13459099195223545,0.03230085485976088
IRL,2006,-0.048287253250967256,0.4394051502285051,0.14249969902291737
IRL,2007,-0.029547920923669715,1.4947014985307219,0.6527145157398639
IRL,2008,0.025465002924424433,0.7595149324074655,0.5826361762133414
IRL,2009,1.0164782242938364,1.4192973798329596,2.2720744659299394
IRL,2010,-0.43868710803906485,0.5070772931591071,-0.5333765761341651
IRL,2011,-0.5251948836619544,1.1167657334053807,-1.669109411535384
IRL,2012,1.5243048203851421,5.353312275285891,13.845117192509122
IRL,2013,-0.3493247435974246,0.3696403706413368,-0.27889506858847923
IRL,2014,-0.28311009536499115,0.15028935845935376,-0.08282236709323948
IRL,2015,0.306386290907008,0.3611090064977124,0.3173576679781373
IRL,2016,-0.32161708352820945,0.17985725208729345,-0.10164925803085438
IRL,2017,0.04203861044122214,0.25960310289098487,0.1021105710852757
IRL,2018,-0.6257810512959766,1.9276511088198482,-2.6782208323463452
IRL,2019,-0.2647030053265355,0.44667102596472913,-0.273516839218616
IRN,1971,0.09097672737748724,0.548092716978159,0.2601406231948721
IRN,1972,1.3223661132492068,2.38407984407477,4.87467576829978
IRN,1973,-0.2918088954393844,0.9101507465703994,-0.7589994931550478
IRN,1974,0.5414178212503685,1.1071149174508674,1.7063943829012076
IRN,1975,-0.16543134364086923,0.5007522072541721,-0.2684114742733386
IRN,1976,0.7622360220736268,0.9510285241696511,1.2811496890538123
IRN,1977,0.031081511372753647,0.7471510971640563,0.16560104409057946
IRN,1978,-0.06542244108370332,1.119108564533803,0.48853541104384957
IRN,1979,-0.025505147632842316,0.6238740369560628,-0.05654309249127869
IRN,1980,-0.299890851526569,0.7125598596545342,-0.13709944455904408
IRN,1981,0.8027144141141529,1.2024987804601066,1.9004076682488336
IRN,1982,0.15651646099608021,0.3679674294547622,0.2516436213324893
IRN,1983,-0.13368518168136678,0.4142324287492937,-0.2165930201035669
IRN,1984,0.15418005550245814,0.5986253899492973,0.3401942303911511
IRN,1985,-0.5554991488808522,0.8345201528864805,-0.8381896211679272
IRN,1986,0.9142926255588586,1.7331553712187995,3.3744702736868626
IRN,1987,-0.4076256734307917,0.67987883048049,-0.6570826112782109
IRN,1988,0.13062468922751364,0.3305429329689267,0.2198246093232571
IRN,1989,-0.9153060706910885,1.4017512034797734,-2.3990758763378963
IRN,1990,-0.5131768256960308,0.5860846881385435,-0.45224830252822457
IRN,1991,-0.10719998261996434,0.42049545224947465,-0.021182679614525423
IRN,1992,1.3863332569069096,2.5419904281821335,5.236116570514558
IRN,1993,0.8587301301570966,1.327795666845199,2.2948273035995697
IRN,1994,-0.1218417026117823,0.3546211052942813,0.014576745160290614
IRN,1995,0.31925359834488465,1.0318665301910923,1.2157524270790354
IRN,1996,0.592724814899866,1.325965504094535,2.3662176053278445
IRN,1997,0.060260023689466445,0.6091369783516747,0.3637746581111512
IRN,1998,-0.259791615120133,0.9059556994492091,-0.44615465453065395
IRN,1999,-0.9405228782287756,1.4979802005288976,-2.2426387038183946
IRN,2000,-1.6397233664154969,3.026577171066744,-5.969700617280045
IRN,2001,-1.2745885138759343,1.8617398242051744,-2.9076927997377497
IRN,2002,0.12880611693642258,0.4927095756193512,0.15902769373306425
IRN,2003,0.2581367083533405,0.9033920758583991,0.8428354364244088
IRN,2004,0.3189238815102438,0.7306084420971668,0.5987471925745675
IRN,2005,-0.3259790293952714,0.3831016884089316,-0.25081959149485894
IRN,2006,-0.834044045304778,1.2572435510495563,-1.7126779649046984
IRN,2007,0.29335331989583185,0.9305327845765952,0.7975592766760621
IRN,2008,-1.949618804803088,4.21884697425918,-9.752593785191424
IRN,2009,-0.35081901993681813,0.4968748913377846,-0.3010045698492763
IRN,2010,-0.26462126060475394,1.0772198314048695,-0.8229392840422227
IRN,2011,-0.21430732970999913,0.7395752399185379,-0.41624714784843614
IRN,2012,-0.650990131515624,0.9280304004246622,-1.165831149664121
IRN,2013,-0.7072724325036048,1.1212190600375145,-1.4619852356858527
IRN,2014,-1.2078641924607625,1.8149124592233024,-3.0369681187825517
IRN,2015,-1.4265383665141393,2.7631741137012615,-5.548507021914762
IRN,2016,-0.6216073464679641,1.1833784010714226,-1.7622067543666973
IRN,2017,-0.9474129939002658,2.0056072836118983,-3.6977608553334185
IRN,2018,-0.23087367819062454,1.3857971700118763,-0.8309246317854103
IRN,2019,-0.16876296394817245,2.7014972105319304,-1.309844796606538
IRQ,1971,0.5327412729199319,0.48418919208436245,0.412690445308291
IRQ,1972,1.6042455986599862,3.3044401312867118,7.571811396076512
IRQ,1973,-0.28959024336236777,0.5899251278966254,-0.4678236433791845
IRQ,1974,0.6989422646078878,1.0961472229863156,1.6362953081764857
IRQ,1975,0.31976158993874565,0.361739546465092,0.26553895661046223
IRQ,1976,1.0166078003854533,1.389507460440472,1.9534303704019569
IRQ,1977,-0.285716919275906,0.503939576587874,-0.35523548407416383
IRQ,1978,-0.20770670570501126,0.35916411415880745,-0.028785851793351427
IRQ,1979,-0.6357259963905284,0.6516318288692283,-0.6815388327279686
IRQ,1980,0.36489654552697953,0.7716015366649592,0.6870114113187856
IRQ,1981,0.6971062714022227,0.6652822428540237,0.907143601739505
IRQ,1982,0.8974695473023304,1.194994569296585,1.7619638524538652
IRQ,1983,0.14983023788359084,0.46222071063469716,0.25958197288298296
IRQ,1984,-0.42529412006164524,0.49413085898408904,-0.37297834882797193
IRQ,1985,-0.16896306699122218,0.4029825280666736,-0.10451353794785126
IRQ,1986,0.0460191615612423,0.4789960526848548,-0.02681343237431476
IRQ,1987,-0.39832772457175847,0.47335961004749416,-0.3774037022195257
IRQ,1988,1.0018831349805488,2.1441895300141187,3.9512455227061962
IRQ,1989,-1.4686496568832443,2.333753574759209,-3.8928065457799876
IRQ,1990,-0.3129964115917333,0.25780426938790474,-0.16640970357473556
IRQ,1991,0.2503455581943904,0.49722477072532595,0.47387688209964096
IRQ,1992,0.7991348658399462,1.454546187687144,2.604300400013359
IRQ,1993,2.101830776933705,5.324862887961574,14.45224099962147
IRQ,1994,-0.3577604694896979,0.2585853224011194,-0.20396000523671753
IRQ,1995,0.1726597997201892,0.5364367595732114,0.8064229543657369
IRQ,1996,0.2702309984845166,1.0031354713916154,0.7125268749128696
IRQ,1997,-0.23347284152966655,0.20366609549211376,-0.05403598451995865
IRQ,1998,-0.5731872676349126,0.85078614631055,-0.660676144937133
IRQ,1999,-1.2935764227874154,1.800454660462915,-2.712671891496198
IRQ,2000,-1.5090505773385479,2.390660760933659,-3.918636162562804
IRQ,2001,-0.6016491720167807,0.6347570479476422,-0.7785887654291395
IRQ,2002,0.17680795826961304,0.2778962324756843,0.12046461102837534
IRQ,2003,-0.21708311076926856,0.9117333551573114,0.27419916137787875
IRQ,2004,-0.3035947513248946,0.6274029175977962,-0.360036887231439
IRQ,2005,-1.0046847121458613,1.3915201179988037,-2.041121736418838
IRQ,2006,-0.7290435998463312,1.0492770244376288,-1.0507427069866968
IRQ,2007,-0.17926273970002438,0.7548794312674547,-0.5505899496673322
IRQ,2008,-1.7609131118118122,3.4537356089177047,-7.297317793217573
IRQ,2009,-0.5453580561050553,0.4340679731152499,-0.34416624281381725
IRQ,2010,-1.1135845406021436,1.7191419879040029,-2.6474077032912207
IRQ,2011,0.49433599004428924,0.9763620610148408,1.3759448730832997
IRQ,2012,-1.1544891926898448,1.640053721826229,-2.5486876186463627
IRQ,2013,-0.24058441457488325,1.0890654470834389,-0.619235286103038
IRQ,2014,-1.5298812978670655,2.641477044345238,-5.01434593033781
IRQ,2015,-1.282698674471255,1.8353037370608793,-2.8752300453090833
IRQ,2016,-0.28247086436471447,0.4160445360924594,-0.4389727669348132
IRQ,2017,-0.47585462985854077,0.7243879741941994,-1.143787337580211
IRQ,2018,-0.5730408791653955,1.4647963476610049,-2.3617443299357133
IRQ,2019,0.3699908921710203,2.42772104446784,2.121049044090511
ISR,1971,2.225113042956296,5.761357757633702,15.779277463618541
ISR,1972,0.8969244758564502,1.0108888114245123,1.3582420251202965
ISR,1973,0.10777380142075502,0.5475693502842898,-0.17417632908135156
ISR,1974,0.4480863805497277,0.6705396787945265,0.7729780205316595
ISR,1975,-0.24470860504382724,0.6078167864054906,-0.27330834676923066
ISR,1976,1.0005173874036615,1.1248517551592807,1.3740205090429032
ISR,1977,1.2285587358758416,2.2007575607257652,4.4000903698470575
ISR,1978,-0.36948273677717675,0.16163194798429378,-0.08096286047503543
ISR,1979,-0.720075087959508,1.0204358888048728,-1.3630373261518236
ISR,1980,0.5331637755689238,0.552588072491203,0.46789288454195127
ISR,1981,0.0809858719696523,0.177436121916828,0.04826341500978103
ISR,1982,0.496435720143254,0.5265039473282715,0.7003199377702949
ISR,1983,1.069305209371547,1.1604635277155095,1.2754715429117567
ISR,1984,0.9170963221038484,1.18014759749515,1.6419788829002546
ISR,1985,-0.012879226831560422,0.32328588372704814,-0.1914767653115477
ISR,1986,0.5083305543736454,2.3861210219557476,3.6429340912512713
ISR,1987,0.169211159135113,0.18359523008069098,0.129282756898772
ISR,1988,-0.45949133514528395,0.8070442566731508,-0.6532395433521705
ISR,1989,-1.0998571429561343,1.508916644572851,-2.2305156839327025
ISR,1990,0.5576420981737572,0.3255842157369446,0.19594670650913537
ISR,1991,0.282533392350909,0.24295771845087402,0.18716831172051454
ISR,1992,0.9081603417262182,1.8643705667738302,3.1964042114115077
ISR,1993,0.030448920681767522,0.25359709986117174,0.1229669080301477
ISR,1994,-0.8278956349150615,0.8998889301009422,-1.169873753389258
ISR,1995,-0.6068303410196715,0.4894263754772672,-0.43923548705440807
ISR,1996,-0.3913489030188882,0.922394126547606,-0.882509077349434
ISR,1997,0.3150183764606618,0.9851071508960685,0.6757877267287689
ISR,1998,-0.1266333531855156,0.613410859662801,-0.04165501405067151
ISR,1999,-1.154092495503925,1.3889903450052667,-1.7409585210322218
ISR,2000,-1.151986637421698,1.3844568558119144,-1.7311333809494807
ISR,2001,-1.0704874992392506,1.4251529894804005,-2.066682323581563
ISR,2002,0.4326177840223575,0.7354470244215054,0.7057559314348171
ISR,2003,0.4284711233613375,3.3176649184364426,5.239964589357519
ISR,2004,-1.1709288387774444,1.5594129488151904,-2.3570282549078208
ISR,2005,-0.7942368715615931,0.8258930807063486,-1.02162620706921
ISR,2006,0.0539788354376345,0.6716594809093012,0.6391589661655039
ISR,2007,-0.5992614558403824,0.7238405101066379,-0.95379780806088
ISR,2008,-1.8379422655093156,3.702939895047272,-7.880968590561454
ISR,2009,-0.8924537047132861,1.486315383346632,-2.0035275995198223
ISR,2010,-2.311567566395568,5.452497517861515,-13.131711267711033
ISR,2011,1.3536269462231756,3.493129058839852,7.730800178725108
ISR,2012,-1.1691057067976485,2.584575055149384,-5.81811573437095
ISR,2013,-0.736477680464313,1.3419984302963262,-1.9498133016411003
ISR,2014,-1.0090035553734227,1.9773235283085178,-4.085603825613913
ISR,2015,-0.41325400078237895,0.777656356139454,-0.5100520407833856
ISR,2016,-1.7472495582745298,3.1308100254592905,-5.721030766570668
ISR,2017,-2.1435725978472515,4.6138893415854305,-9.970079407866876
ISR,2018,-1.116304189587087,1.5850139355633648,-2.425907480011446
ISR,2019,-0.6371188748405632,2.2027742879680083,-3.9711365297419214
ITA,1971,-0.12559042998928502,0.4367644143068078,0.019014574572496216
ITA,1972,0.49646698043536824,0.5209049661090426,0.5120276563681587
ITA,1973,-0.5688276732735807,0.7201473833730508,-0.8618160413172189
ITA,1974,0.38036095134182407,0.6936767996767437,0.7332593753260449
ITA,1975,0.17875195411643585,0.33329810564020146,0.24840523104848428
ITA,1976,0.2681850486236362,1.161611078241045,0.9995093038841842
ITA,1977,-0.3222216246690734,1.0191485115742838,-0.4727713849796628
ITA,1978,1.3192592590747614,2.3965184438348497,4.948358415613321
ITA,1979,-0.3474926567294808,0.6380272778326572,-0.5422283235654684
ITA,1980,1.569977577448264,3.0722866841571013,6.654973230488195
ITA,1981,0.011379438702183064,0.5977147749730669,0.27596336314243797
ITA,1982,-0.710580995538823,1.2222351281830508,-1.557944436167133
ITA,1983,-0.5523108313458139,0.7552590370014837,-0.7568939150828379
ITA,1984,1.1900788640468816,2.310041362651252,4.82212785046401
ITA,1985,-0.3241745854501497,0.8342734977084908,-0.46490507782429186
ITA,1986,0.11755161645353658,0.633878067986156,0.39261344060211517
ITA,1987,0.055421475141705694,0.6199424659349476,0.33665801760790226
ITA,1988,0.1569280715232927,0.8835908589931221,0.45129470808717204
ITA,1989,0.4118616803350047,0.9476477094621631,1.1020649211959836
ITA,1990,-0.23123518094226075,0.45809445703728136,-0.15000453749231774
ITA,1991,0.776954387632788,1.1058281257939662,1.5661017884187811
ITA,1992,0.05996990984016066,0.5268234399735442,-0.0025168897922342795
ITA,1993,-0.8080613670152851,1.0472372133724452,-1.3429456548223062
ITA,1994,-0.16932926464415687,0.6011103366128601,-0.02301737940898193
ITA,1995,0.30603646191181383,0.5620073510100057,0.6106628988218943
ITA,1996,-0.2634389879976934,0.42286174279651867,-0.13253271230632258
ITA,1997,-0.7171018113894186,1.2337930094532295,-1.5810824660579912
ITA,1998,-0.17686347488040738,0.32282762323706693,-0.1749599452320057
ITA,1999,-0.10351141333430003,0.694773802436451,0.2750283094666967
ITA,2000,-0.7706185250795401,0.8984600551511778,-1.1625868657998895
ITA,2001,-0.6005008754962184,0.7903129342627027,-0.7553566262354143
ITA,2002,-0.004041303649903292,0.5315904850024183,-0.08849039300574889
ITA,2003,-1.4295271661667202,2.2954559315469156,-3.9552290534438157
ITA,2004,0.7217253506208332,1.348161896317601,2.0207325741947733
ITA,2005,-0.8729063649630971,1.1168238542358409,-1.5702931751624094
ITA,2006,-1.0218988024269489,1.806935767611361,-3.3186824634082996
ITA,2007,-0.8569254752371981,1.2362869009888833,-1.6906037519312078
ITA,2008,0.3025631276070989,0.6791857672687274,0.8100247574938757
ITA,2009,-0.2845822492207493,0.6975120615968858,-0.43396839905299206
ITA,2010,0.7300321418359165,1.005717702782068,1.4172646260744448
ITA,2011,-0.6313421340335968,1.2361344978676538,-1.8821696436689976
ITA,2012,-0.9185890335606324,1.3099356104517716,-2.01375074498029
ITA,2013,0.49127177803492783,1.104900147167634,2.0105335422193438
ITA,2014,0.18996578930118743,0.6887969008987445,0.29175271493877697
ITA,2015,-0.8516884722493449,1.5096962701521723,-2.0076154335518352
ITA,2016,0.1522282790203412,0.6174492606084557,0.26273764977205427
ITA,2017,-1.915550049886631,3.9529441679589503,-8.6650350360199
ITA,2018,-0.08329369925558543,1.0400108115158724,0.26395207129157006
ITA,2019,0.41491823614412465,0.6822315874252948,0.6555331625613375
JOR,1971,2.3165085653915085,6.01458117504837,16.469169502057625
JOR,1972,0.944221977936377,1.3357606362242493,2.129853490509312
JOR,1973,0.15165278264731785,0.5239816536617671,-0.03066084736740136
JOR,1974,0.5643936065574822,0.5185149322507587,0.5405011372691407
JOR,1975,0.18371146047513873,0.5276516695920278,0.37432312867029927
JOR,1976,1.3655113845120814,2.1213533219221037,3.5622498462585988
JOR,1977,0.9786131655524667,1.6275197932405217,2.906821066945735
JOR,1978,-0.2311366655466081,0.12055000097631444,-0.0538461041164359
JOR,1979,-0.6700859573066825,0.8032054015755279,-0.9315794091496957
JOR,1980,0.593601460030874,0.6690950639314298,0.686775606564819
JOR,1981,0.10461908566717155,0.2141662543202459,0.06280706756614024
JOR,1982,0.6693995874381578,0.8243417575736947,1.2952593258573242
JOR,1983,1.1653206292872758,1.413976059570925,1.781344263251831
JOR,1984,0.9546823847649397,1.3155157432667839,2.03722191831744
JOR,1985,-0.006684303500461324,0.3684894844575937,-0.16122681677299722
JOR,1986,0.4620476197018196,1.3967211584630859,1.8514477866251582
JOR,1987,0.12451438331673148,0.1482801064565483,0.0938377695375057
JOR,1988,-0.3008805414438459,0.6049013122130061,-0.4335622056274248
JOR,1989,-1.0374936670789856,1.3913452199801544,-1.9057236657775485
JOR,1990,0.33493308976369135,0.15701698490130364,0.09897985546176208
JOR,1991,0.07160934464125317,0.07997646637872857,0.017180236510536774
JOR,1992,0.9235619511901723,1.7001021988390357,2.6446526816540104
JOR,1993,-0.02416841464287484,0.42811449226271636,0.04666550321004035
JOR,1994,-0.8942964055151214,0.995032849274186,-1.2943354851078652
JOR,1995,-0.70488106538703,0.5411383270025826,-0.4440958587151365
JOR,1996,-0.4672684291427344,0.8689967290240044,-0.9830223808458419
JOR,1997,0.2332252980037737,0.8955268144554309,0.5657787598623604
JOR,1998,-0.38251861196000025,0.8169340186150716,-0.6943055708840222
JOR,1999,-1.1984818711563296,1.4730168699013466,-1.8598783319136887
JOR,2000,-1.2237254090130645,1.5419838499399685,-1.9963782820989229
JOR,2001,-1.1289142906308751,1.6734418922362655,-2.732180875287758
JOR,2002,0.40362516530367465,0.6800382856024968,0.6132763553872033
JOR,2003,0.38587395051664053,3.304822128408393,5.901706496352733
JOR,2004,-1.2488344689685333,1.7782285148651238,-2.8549176843162156
JOR,2005,-0.6639337165303998,0.7117046672191194,-0.9253686434791458
JOR,2006,0.3764348678260365,0.9842336646820115,1.6272862296109383
JOR,2007,-0.6416418267835923,0.6334994468440154,-0.7144274294770513
JOR,2008,-1.7718208834965756,3.4641534640536604,-7.228681796798442
JOR,2009,-0.7178885980631873,1.3192469404879172,-1.4725104093657433
JOR,2010,-2.216203775168108,5.136138708609043,-12.441204238295851
JOR,2011,0.9574289777131151,2.0011073167093114,3.374395434393878
JOR,2012,-0.3446408255982542,3.0225018876234584,-2.911796479406297
JOR,2013,-0.9137856687053908,1.4822180522577266,-2.4167100076085144
JOR,2014,-0.9930339017794333,1.5879673184873224,-2.7386808053481397
JOR,2015,-0.48553967077260535,0.7177826216645563,-0.6761990743614276
JOR,2016,-1.7772583151006078,3.2501519775006407,-6.086226004838811
JOR,2017,-1.9671203179550971,3.9227355274522675,-7.873515757085697
JOR,2018,-1.3095940670610169,1.9787042314764198,-3.3547898206854017
JOR,2019,-0.8985725702891308,2.102637999253976,-3.9740066835649075
JPN,1971,-0.3586988015306746,1.0265210058629703,-0.31160292079954294
JPN,1972,0.8767784039200025,2.090826238049616,4.553899843756645
JPN,1973,-0.3656070405258528,0.5969540074742743,-0.6253942059355809
JPN,1974,0.09850011196933217,1.3369947717056523,0.8245052677039951
JPN,1975,0.6671874845803539,2.305904798367296,5.223527006341095
JPN,1976,-0.3619707146863695,0.5807509034383621,-0.3173127835156345
JPN,1977,0.3559092260252428,0.6988865621714397,0.6671064461113976
JPN,1978,-0.17987978822219758,1.1839075784750712,-1.1926009310725652
JPN,1979,0.4363022705694421,0.8964837888636853,1.2161572100476261
JPN,1980,0.27786929399032506,0.8400228390463956,1.046642391972988
JPN,1981,0.5623222444470427,0.8690068395100301,1.2324733823452587
JPN,1982,-0.37751737846597944,0.667637062621267,-1.0872410598561024
JPN,1983,-0.04381230886161609,0.9392876112393076,-0.20595084124187163
JPN,1984,-0.8861341928192982,1.0365432082998451,-1.3989334270454978
JPN,1985,-0.00791807768725053,1.5612385771740653,0.7469627756525201
JPN,1986,0.04672403710298316,0.3989283531439125,0.19097797052409585
JPN,1987,-0.06722727597809566,0.6116368893227545,-0.23287593122540645
JPN,1988,0.0616686235632828,0.3109215598737064,0.04500981995363957
JPN,1989,0.1359603739516097,1.249111505440629,0.7247096154971856
JPN,1990,-0.12261863890077007,0.657942115121781,-0.16424591101005118
JPN,1991,0.005359762889819108,1.131631209653569,0.2555428143429516
JPN,1992,-0.04954600008600399,1.2869568134847684,0.8608595094903282
JPN,1993,0.11289530825810264,0.7125634146839784,0.3742404944275986
JPN,1994,-0.20711373340529077,1.1106188416119913,-0.36777643835018164
JPN,1995,0.25911905800167023,0.7406553872455094,0.431710458958495
JPN,1996,0.1378771498400406,0.7798854492176011,0.5518286778815612
JPN,1997,-0.2945660090487995,0.39406804155061187,-0.1634570186250127
JPN,1998,0.18139813238185143,1.2589259458786097,1.083417917552385
JPN,1999,0.07866144149893615,0.9884154650829825,0.2693974594909447
JPN,2000,0.7674025316270554,2.4385759234755517,4.91675734178122
JPN,2001,-0.5055143656410888,1.073752813527651,-1.3973048753942827
JPN,2002,-0.6542337274075043,1.1222368583284275,-1.202742928160065
JPN,2003,-0.5592086563143247,0.6959227291526552,-0.7293912489974023
JPN,2004,0.07514069074864235,0.7327437930711326,0.5333994783818268
JPN,2005,-0.13229376379915422,1.41790008594129,-1.3660739969791897
JPN,2006,0.9923572137962262,1.4750472811214266,2.2896301792911458
JPN,2007,-0.6350547821233142,1.1516911100620755,-1.7565781486748278
JPN,2008,-0.6719115388977309,1.7660838340809433,-1.5497675901035424
JPN,2009,0.10006850316845303,1.4298379657451905,1.4176696094836514
JPN,2010,0.830221260590227,1.0757601343095453,1.6089625414075936
JPN,2011,0.023066163976614443,0.9844237770954377,-0.4190826638382755
JPN,2012,0.2691444339289055,0.892288390964403,0.9069820314393605
JPN,2013,-0.12104477683735887,1.1614272734691995,-0.10782173404213433
JPN,2014,-0.6993017026146803,1.6255088585561093,-1.9469400953158063
JPN,2015,0.1958196175414211,0.8728065263331858,0.8798563001350315
JPN,2016,0.11497128153705198,0.8465285098307905,0.3030932171553812
JPN,2017,-0.6663683649401333,1.2635259374655698,-1.2972499749221056
JPN,2018,0.5517372848024177,1.2934285265084078,2.76880632385895
JPN,2019,-1.2082930187083214,1.9767083748290972,-3.4588610243417297
KAZ,1971,0.26083286540588474,0.48039098040565237,0.059739494534578504
KAZ,1972,0.6870912622419695,1.1212894869559873,1.1976616233658386
KAZ,1973,0.12165499422582927,0.35378234639714934,0.27810549892680936
KAZ,1974,-0.42648866114614165,0.4492162499304318,-0.4494355452366378
KAZ,1975,-0.9581776932449698,1.282646957013352,-1.8909562536421765
KAZ,1976,-0.08337002087962565,0.19977208801241797,0.0051058767650201215
KAZ,1977,-0.560415630659988,1.1857822761197732,-1.5114565759599288
KAZ,1978,-0.20719119846907844,0.25706377659885543,-0.04340991006920486
KAZ,1979,0.8868090914496324,1.4576270250881376,2.3227622488099233
KAZ,1980,0.3129569167862126,0.6628627095246475,1.0118856912728056
KAZ,1981,-0.12849802104371935,1.2681080482396276,0.14173936768064732
KAZ,1982,-0.14846462837900537,0.4643555474163209,-0.07890969524640569
KAZ,1983,-0.2276177712096873,0.38607724680495853,-0.24063278504720828
KAZ,1984,-0.2652061393654897,0.47612015032383476,-0.15849946346365765
KAZ,1985,0.39864458749491427,0.5673897865910948,0.59065545257851
KAZ,1986,0.5855228807940994,0.7953112847312077,1.027388307716911
KAZ,1987,0.1831240600133654,0.564308731590159,0.6376885090382368
KAZ,1988,-0.3793664171444924,0.5717906401829946,-0.4009146311107987
KAZ,1989,-0.6936751843871292,1.316794721381668,-1.6032317591025367
KAZ,1990,0.6388884758037621,1.2324522939575462,1.7039467397427157
KAZ,1991,-1.087658319398538,2.100018730857632,-4.26457915626576
KAZ,1992,1.1849414586854148,1.6884174110915229,2.7255036829886223
KAZ,1993,1.3261766407013282,2.039331295497214,3.474916058129827
KAZ,1994,0.7874465898201339,1.645276006129762,2.813635584318521
KAZ,1995,-0.852862167701176,1.0821107283955855,-1.3607410718625772
KAZ,1996,0.012495385608116126,0.5196409629359593,0.023265668980411148
KAZ,1997,-0.6687517148218678,0.8881791648339373,-0.8396230869088356
KAZ,1998,-1.2433095965790817,2.1702581338537756,-3.8093547547604207
KAZ,1999,0.6170569552181836,0.9692558096984842,1.0897508897464296
KAZ,2000,0.10322062045885895,0.5657918002207408,0.40842080007127796
KAZ,2001,0.4165519547949852,1.0084200677886224,1.2821564261582854
KAZ,2002,0.6051802834878548,0.9074032260696472,0.9846056239086001
KAZ,2003,0.5836762181532761,1.2944603003713175,2.019112678965673
KAZ,2004,-0.7137575499941953,0.969882758675921,-1.2038714223455058
KAZ,2005,0.2594482180617174,0.6339377515893589,0.5199206769946972
KAZ,2006,-0.1086127724671663,0.38336174938555373,0.0668054327547368
KAZ,2007,0.2727586101128719,0.6130010880433888,0.4536015891877114
KAZ,2008,-0.4115506769353569,0.4698082200118499,-0.4307105197890523
KAZ,2009,0.3378679616658976,0.7800656434035187,1.0158729347032167
KAZ,2010,-1.4977286640324168,2.5478679895857095,-4.703266026161013
KAZ,2011,0.5270623590315096,1.0057489529903973,1.6596907755011168
KAZ,2012,-1.1403166992121119,1.6008424700924735,-2.360659947795824
KAZ,2013,0.8917294661330977,2.035390586829362,3.8389215308781317
KAZ,2014,-0.05974553093181891,0.6456114704640201,-0.23899957998008958
KAZ,2015,0.03922228546068914,0.5359600134780361,0.004544980039733644
KAZ,2016,0.5539751681334604,1.0534108345910238,1.4668667016159045
KAZ,2017,-0.4193272256832453,0.6083818210204553,-0.5823383213152324
KAZ,2018,0.7328930639111593,1.5175818668813925,1.9172429785276521
KAZ,2019,-0.1671285323798806,0.40597734189290424,-0.18256668135317664
KEN,1971,1.3828759944320195,2.8691650465432765,7.024705830301242
KEN,1972,0.15575842810903912,0.9146758163688545,0.9069780948800565
KEN,1973,-0.36204197711017655,0.8158840081377186,-0.3954057990651761
KEN,1974,0.2834056249568593,1.0049260627542103,0.9660780258493059
KEN,1975,0.7922669135743057,1.2424074173090554,2.153444162812314
KEN,1976,-0.07606407548402945,0.4849806205586585,0.010585501108729339
KEN,1977,0.26149133057307716,0.7051516016119471,1.1995665292424715
KEN,1978,0.26987961095953794,0.4811555388721223,0.40358445732595194
KEN,1979,0.19740922455793544,1.199346760716035,1.904267744759905
KEN,1980,0.03942594032180656,1.347944392820277,0.6474099302808257
KEN,1981,0.3462457483642993,0.9421474355758511,0.8591405257204233
KEN,1982,0.7935584028966177,1.7369383657441402,3.830615818980597
KEN,1983,-0.0039833021472411925,1.2140196150872757,0.18679835036070436
KEN,1984,-0.5722386853448267,1.320099372809992,-1.6980497875098561
KEN,1985,0.11988219632177399,0.7155546398670302,0.38109241271259164
KEN,1986,-0.22859113875793205,0.4832506995337779,-0.10649417203882323
KEN,1987,-0.4290117711039508,1.40216933553295,-0.15202063534153698
KEN,1988,0.5085288240435559,1.3307379309379588,2.0482007570299894
KEN,1989,0.4446788111546021,0.6782284100829472,0.9857145412829419
KEN,1990,-0.9039094655193579,1.3326278791246853,-2.1796992795229495
KEN,1991,0.592689899688633,1.0442977298228502,1.4271155655391927
KEN,1992,0.27131071903510784,0.6414740861877152,0.4900003646232878
KEN,1993,-0.2249434669190581,0.5059102989354617,0.05950053253469621
KEN,1994,0.24775393028403953,0.5806999350844294,0.5146421784287081
KEN,1995,-0.20292083306189257,0.38249655611100797,-0.10260991640407494
KEN,1996,-0.23263275310809442,0.42645472257562594,-0.19524418999534535
KEN,1997,0.04830095016395662,1.9426171850166691,3.388815081517161
KEN,1998,0.18221171447231027,1.0087802163198183,0.9949287204943718
KEN,1999,-0.330780292418692,0.6295464963616022,-0.16726688686784838
KEN,2000,-0.440228315027448,0.620982411158752,-0.6366420395007744
KEN,2001,-0.11521227021939708,0.7492766541015213,-0.2377286557844214
KEN,2002,-0.8035589110757783,1.6590238185489516,-2.1251281447704007
KEN,2003,-0.20168329910903207,0.7227175087457423,-0.15537204068668953
KEN,2004,-0.7770046493488171,1.4205726172427604,-2.1280594121133576
KEN,2005,-0.279481371095721,0.7612699965259621,-0.09507065516209783
KEN,2006,0.03582343185643212,1.7033149036145416,1.0160801678892064
KEN,2007,0.6213780386431297,1.7507097787100832,3.3335997064604532
KEN,2008,-0.1540662410940829,1.3725835331065883,-1.489250779139022
KEN,2009,-1.377247898790752,2.9383744728137557,-6.777458991589995
KEN,2010,-0.46262623028101524,0.6706755039121124,-0.5972191073258617
KEN,2011,-0.05857479039194413,2.258299364924457,-1.18363195372444
KEN,2012,0.16506045515061774,0.8661893094353057,0.3388355429583443
KEN,2013,-0.10435749999091982,1.1484445434644854,0.7643271579965532
KEN,2014,-0.12918411144321046,1.4069035164289503,-0.029655915317962966
KEN,2015,-0.4835225621700169,1.4047906082617523,-1.609266317292738
KEN,2016,-1.016580101076526,2.0124541730042713,-4.281478190574864
KEN,2017,0.09440832990910038,2.2717128406228424,0.2407158662538707
KEN,2018,0.08199029157539751,0.8088558033151938,0.8905497469484801
KEN,2019,-0.06305368585776945,2.5348537722010698,-0.8351694778139312
KGZ,1971,-0.6310451303010148,0.6301516358531779,-0.6575248519735702
KGZ,1972,1.4197919129301821,2.5193985042481404,5.118972083342509
KGZ,1973,-0.003975041687038579,0.3678439256747153,0.03422308126964536
KGZ,1974,-0.25839665285290403,0.8939266952828748,0.10889051864469135
KGZ,1975,-1.0548439958964497,1.312381892670332,-1.742306573312711
KGZ,1976,-0.8352856442461406,1.0098741613208901,-1.3576063991657585
KGZ,1977,-0.4439978173498357,0.7940300842189898,-0.11972352144843092
KGZ,1978,0.035636870286175105,1.3690964168307669,1.13550467663548
KGZ,1979,0.16263206481065354,0.7432615124102673,0.7336465762915789
KGZ,1980,-0.30447436392055083,0.30234607654822143,-0.15501236988041237
KGZ,1981,1.4948390466238524,2.674128005024872,5.276302357027241
KGZ,1982,-0.3186786585110913,1.3206132350378967,-0.8367959896328578
KGZ,1983,0.027482539104538847,0.3313820678115133,0.02725008844123201
KGZ,1984,-1.4182309124292347,2.478885271065403,-4.711566602226801
KGZ,1985,-0.5685346494405845,0.45090998832528834,-0.3726477975409603
KGZ,1986,-0.0995938303147628,0.41546982426484913,0.036466138473398836
KGZ,1987,1.306156311148611,1.9771354618594035,3.3738197572117494
KGZ,1988,0.007781565260215783,0.5084585965128915,0.16008164224874233
KGZ,1989,0.07687863005466267,0.22806267307832898,0.06591768421266214
KGZ,1990,-0.3678511071286055,0.3924483623707561,-0.283919708469264
KGZ,1991,0.1821862570770987,0.1955835899405081,0.07304752626332034
KGZ,1992,1.052943200176258,1.3741872929854173,1.982593958810326
KGZ,1993,1.255946873855274,1.8756294290054205,3.191623000306161
KGZ,1994,-0.4564000297250694,0.681960368623449,-0.6552828328228562
KGZ,1995,-0.5929174426559909,0.8235989573367933,-0.8114292076378375
KGZ,1996,0.2611484611175397,0.359459263963821,0.21853778111543037
KGZ,1997,-0.6253881407601459,0.6809102273858981,-0.7717356221862685
KGZ,1998,1.1857612876719084,2.2381782425307355,4.6635391302532
KGZ,1999,0.6984784047384368,0.935110495905797,1.37105210962253
KGZ,2000,-0.47553260324156166,0.6839356464697515,-0.7760575739496579
KGZ,2001,-0.8980629479021878,1.6202683189790765,-2.6145639105850282
KGZ,2002,0.35953088672921835,0.5815310333314845,0.6746253218577757
KGZ,2003,0.8381214303355975,1.3761112761858514,2.1583755048776143
KGZ,2004,-0.23897698070809004,0.2951610407644643,-0.12407032566800531
KGZ,2005,-0.28820339389664845,0.3881524074378596,-0.3417873874128702
KGZ,2006,-1.0083030395468737,1.2722396417974011,-1.6522442231000967
KGZ,2007,-0.7212249571953026,0.8838966537214328,-1.0709874171115719
KGZ,2008,-1.7003785936675515,3.2062861237896136,-6.510586369295776
KGZ,2009,0.6548007384578493,0.8255372108224616,0.9981602219663384
KGZ,2010,0.20917322712630904,0.4024095280331145,0.39238345251182294
KGZ,2011,-0.6785938326163389,0.9999559112429244,-1.5202994992784093
KGZ,2012,-1.115477644491474,1.4747526565667,-2.181775577189889
KGZ,2013,-0.21487133079075277,0.29400273197282195,-0.16742095216485123
KGZ,2014,-1.0560422136066459,1.3875529723289581,-2.0974778756089165
KGZ,2015,-0.8115514887959651,0.8709427966959367,-1.060911672415968
KGZ,2016,0.7864725040259547,1.7439929275901902,3.1785818809961497
KGZ,2017,-0.5869448686399005,0.7664675824618499,-1.0761410754545386
KGZ,2018,-0.622433405474808,0.650207923562848,-0.9077862923080682
KGZ,2019,-0.5653570310168813,0.9227293999189377,-1.3799057934224492
KOR,1971,0.14967815466836198,0.15763594180877655,0.07261147408451399
KOR,1972,0.0981376872668072,2.5133342676708126,4.992880450694898
KOR,1973,-0.30971208887292784,0.42337718920602485,-0.2801439896627377
KOR,1974,0.33301376987656506,1.0744020987371101,1.153525644289495
KOR,1975,0.17417699270485246,0.5341558928136589,0.6981349301743477
KOR,1976,-0.5980350247879895,1.2347562131470808,-1.4688432161625709
KOR,1977,-0.4188801016758803,0.9302328870430359,-1.0928235724716735
KOR,1978,0.40355772714427723,1.113419138736519,0.509748677438257
KOR,1979,1.6336364817572704,3.1455652996766803,6.362679572102673
KOR,1980,0.10956427161334766,0.7856203337796004,0.24594958676962325
KOR,1981,0.5634693795681158,0.7471350799467352,1.0018454319288623
KOR,1982,-0.6519183808704272,0.7705510708295829,-1.0142770395896106
KOR,1983,0.15198744219823562,0.4121061690990868,0.19147732143618024
KOR,1984,-0.5358801478640031,0.3171572697216341,-0.20686770506001811
KOR,1985,-0.12876480976153143,0.5103906163834455,-0.24534735171316754
KOR,1986,-0.6601461386565393,0.48915097643709926,-0.39673220099472717
KOR,1987,0.19000114721926936,0.25704853240483894,0.17044008713651246
KOR,1988,-0.7503936686447218,0.8903221710786834,-0.9145277335331166
KOR,1989,0.19691534498690416,1.8499249197744103,3.7778347152585736
KOR,1990,2.243331176356034,5.280759125984618,12.844822517803454
KOR,1991,-0.47308712800247477,0.3848530984475751,-0.32703151188263113
KOR,1992,-0.22202191618667375,0.18057660158231878,-0.15801223353305485
KOR,1993,0.8760579608110352,0.940567399210632,1.1739813856935273
KOR,1994,-0.9046658778665011,0.9584640406628055,-1.1381863625495037
KOR,1995,-0.7114219544643083,0.6654114152969847,-0.7291612180515478
KOR,1996,0.31846051673215614,0.6366835252826087,0.8152790762048951
KOR,1997,0.3682558964403892,1.5981405903516146,1.7567754082362481
KOR,1998,0.402853000469008,0.2973865144636014,0.1806837808106205
KOR,1999,-0.37435342595579246,0.2580092945207369,-0.1905244849802628
KOR,2000,-1.1998564390711732,1.6304048054293472,-2.4621651507611415
KOR,2001,-0.9033651107209222,2.2489447006216756,-4.222718593910221
KOR,2002,-0.1664201927877619,0.2653829356641545,-0.1786994778374314
KOR,2003,0.3347250648013333,0.2859339786908176,0.23373236670108816
KOR,2004,0.39875004219079935,0.3065295290255373,0.23295848367318203
KOR,2005,-0.2155150153983386,0.0637117833837982,-0.020929840201350407
KOR,2006,0.505858288347816,1.8077597387801945,3.709281605107517
KOR,2007,0.3282409758388608,0.5967001475640844,0.4329647084375428
KOR,2008,-0.47013176327457507,0.27973865044415913,-0.1826858603778898
KOR,2009,0.5734525598336446,0.5596170789591495,0.6959531315126002
KOR,2010,0.5048406589573242,1.1285047168350306,1.3289973678703257
KOR,2011,1.279976894383274,3.6783866697278627,10.117569931634376
KOR,2012,-0.06823418711144186,0.475132542527423,0.08851469613228394
KOR,2013,0.4930784427477134,1.4845839476502103,3.1154878570898505
KOR,2014,-1.3496034701795736,1.9736035962050953,-3.0382767833283606
KOR,2015,-0.7465408283557013,0.7286689388932899,-0.7188356629916219
KOR,2016,0.2708175240578537,0.23783573632295646,0.13496127108795647
KOR,2017,-0.975044433291947,1.3306955181697797,-1.8257988284594664
KOR,2018,0.5986613364282246,1.612842858477178,2.288428899222201
KOR,2019,-1.3786884169109697,2.0006386278010435,-3.0187057361807677
LBN,1971,1.5429425772285543,4.5121389748783685,11.042667142838408
LBN,1972,0.7004712727820332,2.1511401907510366,4.330944499965048
LBN,1973,0.297401470605798,0.3821060911577777,0.14874769882460148
LBN,1974,-0.635642994175031,0.48224851299303045,-0.3876677853146929
LBN,1975,-1.1558116698062726e-05,0.3503436658395619,0.12117839425212389
LBN,1976,1.3402372732697871,2.1922347931483817,3.970620959288344
LBN,1977,1.290468122903933,2.277070031470872,4.564920566237913
LBN,1978,0.3267101383457677,0.29094828570018666,0.1755339069457566
LBN,1979,-0.314023016326526,0.3628265628983838,-0.29411696428925543
LBN,1980,1.1998444179723593,2.568355011786583,5.04349130171884
LBN,1981,0.17366394093628035,0.15331899066571997,0.07681484533464135
LBN,1982,0.492821089294592,0.5148698512131257,0.6504858959690627
LBN,1983,0.9529123851281974,1.0460131584611518,1.2275690959998529
LBN,1984,0.6129346149146392,0.5944810532016235,0.6374986434993752
LBN,1985,-0.3798119514168151,0.2805322701630518,-0.26496631756899813
LBN,1986,-0.16659939515930455,1.2430149718907493,-0.009982247797540977
LBN,1987,0.3231309244805879,0.5821413503937692,0.5269770016106397
LBN,1988,-0.1498115319309407,0.3579119378756057,-0.13953115664894084
LBN,1989,-1.3922172481866464,2.154574863253672,-3.49344552859696
LBN,1990,-0.6743557867803851,0.6311045317424322,-0.6085401777709217
LBN,1991,0.7007330875444863,0.6715677761034402,0.6958836412664442
LBN,1992,0.5703578326202128,1.1291782175042124,1.7569415118418574
LBN,1993,0.16786468855528566,0.5349971377810112,0.34900150762166876
LBN,1994,-0.7404919444702522,0.7538985108556904,-0.8838901568587768
LBN,1995,-0.6817404491754387,0.517651233441382,-0.4383147181489692
LBN,1996,-0.2445530731340903,0.5420296357294578,-0.41136959172874454
LBN,1997,0.37567607617151527,0.27098350963420803,0.1555448190592384
LBN,1998,-0.5053226544217161,0.4501281042066322,-0.41108041693971864
LBN,1999,-1.0581459896730585,1.198447349443465,-1.4415088499777442
LBN,2000,-1.2142267617283222,1.5728135567751433,-2.1480888575170143
LBN,2001,-0.7294820251491952,0.6673704634569629,-0.692305303212372
LBN,2002,0.6797458189613245,1.0164206444085004,1.401375653847463
LBN,2003,0.5845534522992432,4.307015688076627,7.833360155763414
LBN,2004,-0.9420141611297086,1.0555867185125711,-1.3035015121773001
LBN,2005,-0.43229706499264414,0.2468296771525072,-0.16925164835633258
LBN,2006,-0.03429168907143684,0.3867722060510842,-0.042445851344391106
LBN,2007,-0.6701394289268214,0.5081865888132522,-0.42831960379980133
LBN,2008,-1.4010317848787537,2.065920641225541,-3.1798759215927177
LBN,2009,-0.6415995458371068,1.0516283762953096,-1.4322238891729842
LBN,2010,-2.0000213662803703,4.027949923724987,-8.168145442910882
LBN,2011,0.5701384112756562,0.43014876552837583,0.3356876060914795
LBN,2012,-1.0260412914906003,1.8927642854833824,-3.5372910537539344
LBN,2013,-0.38856326646234557,0.4040215622015619,-0.2454099584224206
LBN,2014,-0.9786802873573159,1.0822911254963479,-1.302639364011668
LBN,2015,-0.2244476784065541,0.19676856119853656,-0.10566332752041271
LBN,2016,-1.2093609294827008,1.5096737449555522,-1.9408224004519157
LBN,2017,-1.3370011404611999,1.8631318915898845,-2.6928098856064704
LBN,2018,-0.9294825849755514,1.1202649250789365,-1.5401628842262796
LBN,2019,0.19266951764270257,1.781628691479265,-0.912084597333519
LBY,1971,-0.30295728089470464,0.5533568944920161,-0.19679417385861483
LBY,1972,1.3847007465335341,3.238219582783848,7.209835993137988
LBY,1973,-0.6428373316105872,0.7762667917523158,-1.091860159059075
LBY,1974,0.08102277820126381,0.56997136695935,0.1731564172576167
LBY,1975,0.21947651654812825,0.8024108851720897,0.5101131781109588
LBY,1976,1.736647976145835,3.7404271427427753,9.227392020919252
LBY,1977,-0.15103491206262995,0.6616632992651132,-0.0061252412171349194
LBY,1978,0.42526599423541095,1.0169013929008452,1.6743193471538889
LBY,1979,0.8513189268889731,1.708056125622427,2.7444498770322507
LBY,1980,0.967364812986607,1.2532824355065755,1.6573414771270625
LBY,1981,-0.2907258328623344,0.971165018265372,0.5962068774535744
LBY,1982,0.02764156878706076,0.5082274687438018,-0.09812897212662833
LBY,1983,-0.13097339533508393,0.08850791544129663,-0.03342936251184617
LBY,1984,0.17355388880135889,0.22014296169629927,0.08194743072045925
LBY,1985,-0.4757446453894663,0.31992779934243754,-0.2689075661411868
LBY,1986,-0.005213990497230019,0.6200367394017909,0.4939805800024061
LBY,1987,0.5651571261537822,0.8000448740061985,1.4928440498014115
LBY,1988,-1.1648660351356073,1.7712851075554128,-2.624546307568672
LBY,1989,0.4666099555543591,0.6161327936401593,0.8715281106800146
LBY,1990,-0.40062939585491103,0.44222501430484995,-0.582610108935542
LBY,1991,1.313993231799933,3.007781871294405,5.527147799762237
LBY,1992,0.5876099483588089,1.0294747454740207,0.9333131842535566
LBY,1993,-0.20467526802296857,0.1994811063576162,-0.05762334521286788
LBY,1994,0.28915034840270754,0.48837134594076204,0.4124800399815284
LBY,1995,0.03275839902829432,0.1932203134278916,-0.019465188905770228
LBY,1996,0.3690541786931347,0.22003803559680998,0.14297471812834522
LBY,1997,-0.5612512998765851,1.1771095910630434,-1.395564128780104
LBY,1998,-0.2817400954794329,0.6816838744176426,0.044877651572674634
LBY,1999,-1.3303022977376053,2.287342165580539,-4.268426787757013
LBY,2000,-0.9725316855458436,1.1238986606985673,-1.4036763017459934
LBY,2001,-0.9667011426471124,1.0331930645827039,-1.1943813927928864
LBY,2002,-0.8295187965330862,0.8327140741591387,-0.9069629950372647
LBY,2003,-0.6015826840503795,2.018728311659532,-1.2123029608306093
LBY,2004,0.2531249065240185,0.5485988895117334,0.3901861720257619
LBY,2005,-0.6501037068980278,0.6756018660607024,-0.5873949575089246
LBY,2006,-0.8185137673874671,0.8433784237138227,-0.9346248852956711
LBY,2007,-0.4948375342669075,0.5528081941971567,-0.48508776585562385
LBY,2008,-1.329978666351304,1.8377679528535014,-2.630240541454137
LBY,2009,-0.4220765980101459,0.3302144666459747,-0.211188606773139
LBY,2010,-1.0474140557683476,1.3097613724038728,-1.9052729796803998
LBY,2011,-0.20263353771678325,0.1822317343938912,-0.08209474618018794
LBY,2012,-1.1775751339698903,1.723390781863394,-2.7587303706953983
LBY,2013,-1.0316201324485208,1.4459574849774934,-2.291471580850777
LBY,2014,-0.5756589363958453,0.4358932996728748,-0.36801509080060957
LBY,2015,-0.996935856996981,1.3360438393328087,-1.8358906016353351
LBY,2016,-1.1600472078416972,1.5591683485711965,-2.292441271036389
LBY,2017,-0.6912797363191764,3.0651548620842535,0.3420101562514739
LBY,2018,-1.2117873774420964,1.7191679542121847,-2.860717974502236
LBY,2019,-0.5424116599933456,0.7709813785750085,-0.3952322570839351
LSO,1971,-0.018388843331505,0.19384618393178715,0.014290717637718223
LSO,1972,0.805056605388206,1.1228952183552465,1.5129830335797547
LSO,1973,-0.7559501347118839,0.8004705405796086,-0.8994037380319106
LSO,1974,0.6952615992248526,1.151984033817754,1.8544419129601353
LSO,1975,0.5392363337725721,0.8156903640741658,0.8665516681802116
LSO,1976,1.7088294705614817,3.2069721405604734,6.5924054468672635
LSO,1977,0.10018107812230506,0.2647920553365472,0.00047637372917961837
LSO,1978,0.9256184442644155,1.3320633010115073,2.0812358893974503
LSO,1979,-0.5802807454598043,0.6150314472193893,-0.5709039181495253
LSO,1980,-0.8279466931351487,0.8595784239131241,-0.8896770997480742
LSO,1981,0.4892524214415316,0.4210962374168262,0.3652941038712005
LSO,1982,0.3099108296217205,0.8424309961304687,0.7986454194761814
LSO,1983,-1.225119700885978,1.9365240384269142,-3.3094369787439417
LSO,1984,-0.45263600588018654,0.682251745243111,-0.7115849983968761
LSO,1985,-0.5918668913989851,0.47026075076661794,-0.44002144463005766
LSO,1986,-0.553067462811078,0.5095623712495793,-0.4223683288824755
LSO,1987,-0.7743933985665341,0.8323618976962412,-1.0314890711504703
LSO,1988,1.2729297492284297,2.0994836018754706,4.018122312816267
LSO,1989,0.6579775216114679,0.5773001902576897,0.5729740634489435
LSO,1990,0.6076299429390556,0.8456458524134329,0.8060215443709872
LSO,1991,-0.004201405399715302,0.9583623032337265,-0.13246885988039805
LSO,1992,-1.7643289378096527,3.1516982140436487,-5.69442573291455
LSO,1993,-0.43144424343410076,0.3521348260222112,-0.31537248022908265
LSO,1994,0.2905148647254821,0.8615793419719018,0.547384188612698
LSO,1995,-0.42517878522493385,0.4902144197241899,-0.3445839018538392
LSO,1996,0.3970099254920639,0.7033462269699977,0.9450591111571692
LSO,1997,0.7145691811309479,1.280231762336438,2.183512242849489
LSO,1998,0.26850392090547937,0.7818736089079712,0.06646448715675535
LSO,1999,-1.0375925651143194,1.3056514260508356,-1.7758134229958566
LSO,2000,0.36485392840517067,0.27527932743783134,0.22687601998891607
LSO,2001,0.3253849923471965,1.3417771874983953,1.3902953600716643
LSO,2002,-0.15586826164979295,0.9281684032218857,-0.5971249784384308
LSO,2003,-0.5639016884886703,0.6108642416091856,-0.6923067278063808
LSO,2004,-0.27992730441621483,0.4957877501387083,-0.04236189477129236
LSO,2005,0.15697364808640646,0.18003389937282555,0.00889130031106279
LSO,2006,1.1704838697402347,1.8542235242115175,3.2729831812308556
LSO,2007,-1.4673160100909814,2.660219160875977,-5.256245712693975
LSO,2008,0.029682622919639787,0.2415646842175326,-0.13414055145496137
LSO,2009,0.05975696429168218,0.7960752464232498,0.9189625767299441
LSO,2010,-0.45950111538680155,0.5141982218852976,-0.5223121014838852
LSO,2011,1.2661821721483484,2.3127405997732726,4.899511775113684
LSO,2012,-0.4563381903796853,0.657391316721263,-0.8775135814251918
LSO,2013,-0.5614436784418402,0.47711278454836,-0.39974756911435994
LSO,2014,-0.6121850717853503,0.48550482989431587,-0.4339713985697953
LSO,2015,-0.5323016248750918,0.5283111923109112,-0.4299490031123742
LSO,2016,-1.2066623197753479,1.9724513447436625,-3.412232123990873
LSO,2017,-0.1079241364305934,0.9266791201299751,-0.6497315526891084
LSO,2018,-0.06909232216543865,0.33339852413587096,-0.06028326166959817
LSO,2019,-0.49859048260445543,1.0284529228234256,-1.5834196162777563
LTU,1971,-0.8444001488429398,0.869410772433317,-0.8892145868769182
LTU,1972,0.22939107662093364,0.3956280965895713,0.19970095950119665
LTU,1973,-0.3491854525712683,0.29445902573733534,-0.21371403748658693
LTU,1974,0.8267015055126072,1.075615850187775,1.6916212444693997
LTU,1975,-0.7842533253191719,0.7779827602113073,-0.869812554266239
LTU,1976,-0.5783525678145911,0.6017984171289765,-0.5911119822484532
LTU,1977,0.37222831780536514,0.2875836936366303,0.24980107483819705
LTU,1978,0.633027736577172,1.1236370775612454,1.8493416984847304
LTU,1979,-0.04192730821299033,1.2679963702428445,-0.5567796859725311
LTU,1980,0.9469527838729324,1.20826342277929,1.698844514947304
LTU,1981,0.3521155415467273,0.3393802693113686,0.3251654563687594
LTU,1982,-0.29926396678521555,0.5161272876244354,-0.21274829601842682
LTU,1983,-0.5008421732882801,1.2600313070177507,-0.7861373119344628
LTU,1984,0.17842520921309055,0.24115264466126743,0.1419696661092159
LTU,1985,0.8779536960166043,0.9694827490539607,1.2190333546803758
LTU,1986,0.2205645390292386,0.6500086526008468,0.38829174085394325
LTU,1987,1.2741576797184813,1.8191566942475421,2.8140258900196136
LTU,1988,-0.08086607421123139,0.4230430317809712,-0.17153966645499322
LTU,1989,-0.06081798505729901,0.32105161361474527,-0.05554765332354009
LTU,1990,0.3323233821085834,0.6381328532316428,0.32206783901459524
LTU,1991,0.046940656362080294,0.5570489525991221,0.12178018517781285
LTU,1992,-1.4958576547618174,2.6279623063231474,-5.060343337900032
LTU,1993,0.37253506098020306,2.143418800088053,1.0934648302211116
LTU,1994,-0.9158005578496909,1.6837472341475075,-2.262927350873956
LTU,1995,0.16590543119089923,0.6956173769957248,0.6302174923537016
LTU,1996,-0.4024143512491098,0.5320501094291066,-0.45033327949038815
LTU,1997,-0.3073890281292582,1.4232419622191168,-0.09210926156116395
LTU,1998,1.1880069901390997,1.8127644455568186,3.2439151411835154
LTU,1999,-1.2186818250701648,1.651136017790361,-2.4011826528557254
LTU,2000,-0.036561672889087536,1.0835006540660772,-0.8231190760988584
LTU,2001,0.5877386666762564,0.5703134928910978,0.6161919530214806
LTU,2002,-1.4082617475057575,2.1761012784294134,-3.536648407402306
LTU,2003,-0.41364720320545884,0.3469187874520103,-0.2726161743577669
LTU,2004,0.16936898487147858,0.17573391322179063,0.06806640178750219
LTU,2005,-0.0009858448927218422,0.5378828360635106,0.20154680389607188
LTU,2006,-1.1288521513100793,1.8761993224463713,-3.4993182870266994
LTU,2007,0.7670766536818557,1.3057163116895405,2.207365569691485
LTU,2008,-0.8267165452633657,0.9849860863658297,-1.2508466709082593
LTU,2009,0.01425285729987755,0.4118752451431338,-0.07561649500603339
LTU,2010,0.803279791256703,1.0393872318320723,1.750243157005578
LTU,2011,0.21859970283474242,0.785687330345724,0.031140587034111468
LTU,2012,0.7168769782040145,0.7046653891786223,0.8490874394426946
LTU,2013,-0.338809920706363,0.3406361061431807,-0.2342111526730944
LTU,2014,-0.10133865536658233,0.17454553822404623,-0.05012596678435379
LTU,2015,-0.9781562017225918,1.1456309879906847,-1.4867483849152425
LTU,2016,-0.30472681411390096,0.6347909645560762,-0.6504727794662428
LTU,2017,0.30156621633739344,0.5604006387714768,0.6248256053635354
LTU,2018,-1.7156072477017352,3.2584529986210096,-6.688337248011792
LTU,2019,-1.2832367469040316,2.4071783764149064,-5.4956840845858705
LVA,1971,-0.8881832876663547,0.8924385785337794,-0.9905133281185823
LVA,1972,-0.23532799070458144,0.43992654105193074,-0.24932667282706467
LVA,1973,-0.3429721092171068,0.3489228630964051,-0.2863347358748745
LVA,1974,0.5807855681246088,0.7050436849800414,0.6979655237356367
LVA,1975,-1.1816461429823069,1.617964232976868,-2.378537795726139
LVA,1976,-0.5472102928797014,0.6838231122550119,-0.6898628305249898
LVA,1977,0.5092960623117986,0.5666242275166186,0.6181318637588327
LVA,1978,1.1157506030310633,2.0905140631915438,4.355681246210067
LVA,1979,-0.21866907603462735,0.6934559909322093,-0.563843935295718
LVA,1980,0.7753175582302417,1.1574566224677125,1.5697286622388575
LVA,1981,0.49641729148575586,0.6325775271885715,0.9300141543426745
LVA,1982,-0.1513644198811069,0.33723734729463173,-0.1493083123881185
LVA,1983,-0.6552872464398014,0.9305399940934583,-1.05475045034694
LVA,1984,0.07945323487849572,0.5490298926475129,0.012073900757608051
LVA,1985,0.7199161617178438,0.7169571986349818,0.8206716472123686
LVA,1986,0.023507209340415627,0.7464382050190848,0.14292205753260318
LVA,1987,0.7873130477581325,0.7695366740774868,0.8662716927424072
LVA,1988,0.4243696200722588,0.8382499643508482,0.9425457027935963
LVA,1989,-0.3898815462463306,0.5342752657789925,-0.5407287727297906
LVA,1990,0.43621708171862356,0.9487196951506203,0.47025453214216
LVA,1991,0.24252526525182128,0.8477938608005461,0.830787674468751
LVA,1992,-1.3022956013091873,2.095565200756828,-3.7759353205343724
LVA,1993,0.16089553759763575,1.2985540035492535,0.07500058784639191
LVA,1994,-0.6957543421582986,1.090002158970845,-1.1337645157083018
LVA,1995,0.06472678513777261,0.8112098942579864,0.39347929975841506
LVA,1996,-0.3649817008670435,0.5184064930989934,-0.4083790412181968
LVA,1997,-0.07867603295416735,1.9858009348439134,0.8235952696672044
LVA,1998,1.1643394215086178,1.8893163251690483,3.5090839858833984
LVA,1999,-1.2390394704324075,1.6955769408528258,-2.4711464124024642
LVA,2000,0.14540794574820368,1.0479244705281032,-0.015258550939400845
LVA,2001,0.4478769546129822,0.5996172236933842,0.6426110145820184
LVA,2002,-1.3210178559554688,2.0061863377456035,-3.2791405860871734
LVA,2003,-0.15979549419083422,0.3123567013358458,-0.23205103086666945
LVA,2004,0.13147765429928532,0.2832451273134473,0.1582072406250315
LVA,2005,0.15638400065207736,0.3897357969446063,0.2739018070298166
LVA,2006,-1.5354949789381163,2.7573399859855376,-5.5735123171264815
LVA,2007,0.11007564051531399,0.39272618430898293,0.23537202283165828
LVA,2008,-0.5828912508530206,0.8735113023764323,-0.8269473785513364
LVA,2009,0.127864042924841,0.4797399721340371,-0.07069216215758613
LVA,2010,0.5650354519226144,0.6739680134859242,0.8475952918082066
LVA,2011,-0.0767251720729975,0.9949813452139988,0.12153887529276844
LVA,2012,0.5851355469834676,0.6158787198030119,0.767976391816283
LVA,2013,-0.7902967603451619,0.9013315544834679,-1.1221317147724634
LVA,2014,0.1667458788769471,0.4635228627101854,0.2784204199537136
LVA,2015,-0.5410176452439686,0.6056868216229725,-0.6308790418589688
LVA,2016,-0.1798651909615965,0.6243950398262221,-0.4172971666293507
LVA,2017,0.016292014173400482,0.8281962112757484,0.4981663195855233
LVA,2018,-1.9394182806726645,4.221833273737796,-9.898367858269827
LVA,2019,-1.7803675569467605,3.7754418030244374,-8.790713065587907
MAR,1971,2.8396981303727,8.363831498597294,24.97085336382645
MAR,1972,0.977659121951512,1.3779104326455296,2.30545040181331
MAR,1973,-0.15654361801509284,0.23420898262180795,-0.0872909457157803
MAR,1974,0.9771066624119868,2.0617847858486917,3.668387995735321
MAR,1975,1.1254865899467232,1.5856157625067995,2.595936167180997
MAR,1976,1.8362073729834683,3.7909965856329326,8.11943937935322
MAR,1977,-0.2723966662465832,1.316315921396985,-0.4398537889875549
MAR,1978,1.1019945999243606,1.7899300490222974,3.0335588915777727
MAR,1979,-0.4515370213550088,0.5379951543773807,-0.1976306515733572
MAR,1980,0.14638679937553198,0.2792306689683831,0.11819890930767861
MAR,1981,-0.26006661848870327,0.2428769451519336,-0.11999162699642452
MAR,1982,0.6600337911546409,1.0732703476481125,1.6378570994746582
MAR,1983,-0.560325206194901,0.5195071612672846,-0.43155258905844635
MAR,1984,1.309700256306924,2.4786446791048062,5.147241704233311
MAR,1985,-0.2270138976914291,0.16656792060668946,-0.09284096795879161
MAR,1986,0.0339516920198515,0.32986450675390244,0.2736879832417054
MAR,1987,-0.9533208136492396,1.2072721224636995,-1.6088351210837157
MAR,1988,-0.08942973583946834,0.2935609147829303,0.01975376580821702
MAR,1989,0.04199245286292476,0.46762779966630735,-0.07350212831470986
MAR,1990,-0.003993817033419082,0.20550021137517013,-0.05428507370949839
MAR,1991,-0.11014815178420202,0.7159188055650519,0.1875462179990211
MAR,1992,0.6142118743991405,0.9250031772071127,1.380473033859741
MAR,1993,-0.016490990958555985,0.17854141534308465,0.07081219595164474
MAR,1994,-1.153427144556096,1.5297782368838486,-2.110849090185973
MAR,1995,-0.7401791184799442,0.8982501729150109,-1.0644577950161629
MAR,1996,0.6801695933304693,0.8631850546333294,1.4851179810930384
MAR,1997,0.0371760752962365,0.3964851188814138,-0.09242816886489438
MAR,1998,-0.5315766457009246,0.47706007917651805,-0.4162534397946276
MAR,1999,-1.2144653848183282,1.6224952879564896,-2.237100959835665
MAR,2000,-0.5288477991676803,0.6965003854648338,-0.5364300951150031
MAR,2001,-1.243292976180337,1.7255708810667532,-2.5191870462359267
MAR,2002,0.24096092619634726,0.5263408768586798,0.3464742354853669
MAR,2003,-0.9170456670918247,1.1805332419471262,-1.7298433462580023
MAR,2004,0.4325963216055998,0.6728043402210808,1.0982338152730464
MAR,2005,-1.8529749035495744,3.5689680839504465,-7.04461408047473
MAR,2006,-0.641782559980984,0.896948478548761,-0.9220900028095791
MAR,2007,-0.3572207943585802,0.41110520919123417,-0.3090723285451834
MAR,2008,-0.9327775681372934,0.9320431163966694,-0.9833522124974947
MAR,2009,-1.04564595586987,1.6079246463403363,-2.122896277824523
MAR,2010,-0.4879009834669414,0.9786450132776078,0.1226044620779303
MAR,2011,0.7730474102647744,0.9586629758584692,1.6265945184946766
MAR,2012,-1.061606612354283,1.70636013344514,-3.471349118490297
MAR,2013,0.100247584363982,0.6490520957002713,0.886868051239515
MAR,2014,-1.0013309678386189,1.127392845153299,-1.3265907283335436
MAR,2015,-1.4762976868379885,2.7260081606335222,-5.541727966549082
MAR,2016,-0.39262381702891364,0.3513664828033101,-0.16224362377794657
MAR,2017,-1.7890879465685536,3.5262372770378265,-7.293701029505133
MAR,2018,1.0133298622628077,1.9905740877546094,4.563123992681524
MAR,2019,-1.1807297431930983,1.5516960346556368,-2.2037797897663363
MDA,1971,0.9525032050125131,1.4944945286332159,2.3912473918317434
MDA,1972,-0.2973967466096022,0.2789668502080705,-0.11944551191296059
MDA,1973,-0.03320372751153434,0.10757678243104819,-0.030969740044227572
MDA,1974,0.7843479139159963,0.8483924294278968,1.0815310916533503
MDA,1975,-0.46893243329126566,0.48266316717164853,-0.44690893562162554
MDA,1976,0.2927899783725014,0.7108520444347077,0.908815551375995
MDA,1977,0.0001517538065438223,0.15036646324367564,-0.029849527296381143
MDA,1978,1.090345833527585,1.3505599683299525,1.820336433263899
MDA,1979,0.015380774483881955,0.3004043819322786,-0.03914179208557164
MDA,1980,1.3921716798515287,2.444859666594046,4.7573879223005955
MDA,1981,-0.1751782382217916,0.6685917850619,-0.2692886560797884
MDA,1982,0.006161490644887488,0.3040825868108643,-0.00906371035656323
MDA,1983,-0.02704392991879049,0.24106260170343308,0.02205065879125367
MDA,1984,0.4979222736446019,0.6228839667256001,0.6454603276174222
MDA,1985,0.9682874591099818,1.8709880416757354,2.849438639756649
MDA,1986,-1.0494313544994083,1.2291329790838772,-1.5355666600928644
MDA,1987,-0.24285627264086868,0.19527436521221686,-0.1145141972773794
MDA,1988,0.20453680679114214,0.5622681605872176,0.38541977399291166
MDA,1989,0.5135929717197892,0.53401633150036,0.5564245147316083
MDA,1990,-0.934288041207175,1.1554443997215031,-1.5173287606387376
MDA,1991,1.5581628425552565,3.133171326115831,6.897765952801118
MDA,1992,-1.0894649475779858,1.7650374722511193,-3.1511928991609537
MDA,1993,-0.008620500802058092,0.21798882184326565,-0.04082767030220148
MDA,1994,-0.8250148530184225,1.0882323970266043,-1.4899223526350658
MDA,1995,-0.11254532139991619,0.580541185949162,-0.0888134204277074
MDA,1996,-0.17780515321278867,1.4798404415923267,0.31261469590639285
MDA,1997,0.7788883556579553,1.4607703959362957,2.9995566018369035
MDA,1998,0.051903535336968905,0.2681787041274224,0.04534828050087465
MDA,1999,-1.2637025213374427,2.2609289734797087,-4.112316369242722
MDA,2000,-0.9311729985133834,1.5847053873549677,-2.7650707544563633
MDA,2001,-0.09625317436469416,0.3549529180764893,-0.04270415489589738
MDA,2002,0.01478739087991374,0.8362804054465073,-0.22766062193971792
MDA,2003,-0.6441448478326102,1.5600951010343138,-2.1153594796408726
MDA,2004,-0.12463223679276392,0.7276164085306749,-0.48910663348752675
MDA,2005,0.11830095978855054,0.6092065159938368,0.16304441835976868
MDA,2006,0.07051173146246029,0.30687189524609276,0.020217736339477963
MDA,2007,-1.8247030973478766,3.689772555458244,-7.937813446134793
MDA,2008,-0.13310720853166957,0.35523829219467307,-0.043724712989408776
MDA,2009,-1.4092647846369581,2.1311384084024176,-3.4047388252802913
MDA,2010,-0.032844925128120706,0.4765651704346057,-0.0371867648753824
MDA,2011,-0.9005117960687944,1.7686629892625132,-2.9959117801445525
MDA,2012,-2.0089926562184752,4.42345312919025,-10.400582772448244
MDA,2013,0.08975627724023527,0.3574830631734227,-0.09748402461770493
MDA,2014,-0.2931940456071615,0.6776119306685467,-0.5322896277959077
MDA,2015,-2.0772408333219845,4.609194223294532,-10.794296292501446
MDA,2016,-0.49116474483444184,1.0202592444765266,-1.0565388913514122
MDA,2017,-0.5446097259810367,1.216884463530404,-1.5784091239978566
MDA,2018,-0.7574562567023506,0.9969926762776591,-1.3863602149015355
MDA,2019,-0.5799747051325117,1.3543489388525543,-1.5801510679822963
MEX,1971,0.8223842896448879,1.6340281576602869,2.7805927704362934
MEX,1972,1.079284235448601,2.6380218273309213,6.46032853393363
MEX,1973,0.2536183696455771,1.076112852844789,1.457964127618132
MEX,1974,0.6907382468471237,0.9937167215765539,1.4045450278863265
MEX,1975,0.7105877872106875,1.402711285922703,2.0251488170628242
MEX,1976,0.7969700862483953,1.683933728962261,2.4877354279202444
MEX,1977,-0.19014072488679598,0.907467486600149,-0.18698961236864553
MEX,1978,-0.2414360767652657,0.747743744339187,-0.2549918265464499
MEX,1979,-0.42021227257290056,1.1195033105891727,-0.555393959303283
MEX,1980,-0.11750494749546612,0.7083001212824318,-0.03921280258480156
MEX,1981,0.7895171168581337,1.4066925577333715,1.7491777451434827
MEX,1982,-0.09999010570158447,0.7892186084605296,-0.7485646579381267
MEX,1983,0.5341482923049155,1.4225810562619479,1.346460145477071
MEX,1984,1.3521190191568206,3.157446147359805,7.4081517584948635
MEX,1985,0.21265555423113577,0.7211517839621044,0.6868904935752833
MEX,1986,0.3478457649354547,0.6419306210011426,0.6437495839508389
MEX,1987,-0.3392299153918714,0.6363065158130269,-0.40023088010026875
MEX,1988,0.20202335291826698,0.3626127260806783,0.22051941011029572
MEX,1989,-0.6991527519566775,0.9365411080488877,-1.3351886934811288
MEX,1990,0.46708505648747417,1.3363444298203768,1.8139385185193972
MEX,1991,0.22815266752116195,0.4924575838908292,0.18503085675604225
MEX,1992,-0.3150013597626839,0.5395615975571074,-0.03131130616844675
MEX,1993,-0.47839070737250705,0.5503394015660493,-0.44407756153988576
MEX,1994,-0.8756796389061754,1.1566267787702542,-1.607441717009545
MEX,1995,0.05040070504392145,0.48560932919236705,0.11579707917595376
MEX,1996,-0.36596105558697156,1.0503518296335783,-1.1551947458750043
MEX,1997,-0.21688347579607786,0.7675284087616486,-0.001063471859556667
MEX,1998,-0.6946469938675379,1.5511526657684815,-1.5264981943496692
MEX,1999,0.12776513060611588,0.835461884350392,0.37077541700391486
MEX,2000,-0.5091563688107545,0.9228605826659765,-0.8286902093805749
MEX,2001,-0.09254019636519288,0.5981079440725686,0.0862189746743193
MEX,2002,-0.9063521397289926,1.2087784275626694,-1.7665257284173903
MEX,2003,-0.2564877280182778,0.4945246824075713,0.011023226414624776
MEX,2004,0.2551382287491794,1.014832769322165,0.9759841176180034
MEX,2005,-1.1046110758763938,1.8464587953084033,-2.9873348728211444
MEX,2006,-0.1752931896757258,1.6592180993378869,0.062191685964716074
MEX,2007,0.054312048708070604,0.43243601989571423,0.14307141759917974
MEX,2008,0.3919359138165249,2.0406948801856704,2.5732101490586348
MEX,2009,-1.3526014823494272,2.7814000884641037,-6.000104070391662
MEX,2010,-0.8041368570072297,1.4235256187757592,-1.638798208485349
MEX,2011,-1.543647816964085,3.2817624714868057,-7.141733233272835
MEX,2012,-0.8644115965790506,1.5804269531685684,-2.7139741582524586
MEX,2013,-0.7248263165637006,1.1448540268270517,-1.6861044418697189
MEX,2014,-0.15792826188886694,1.3301425181759812,-0.9375622540167088
MEX,2015,-0.5200968951906447,2.073028501507879,-1.0426126262980624
MEX,2016,-0.28723591966814954,0.6801154831404234,-0.1964538614680274
MEX,2017,-0.4380718833709128,1.0613359928651953,-0.6582687779183395
MEX,2018,-0.5325381682049181,2.072794193782219,-0.3381964685031508
MEX,2019,-0.8908934765426805,1.2785701530684428,-1.8472404329982373
MKD,1971,-0.14970169385888113,0.375833776672266,-0.25304091401553613
MKD,1972,-0.7936450772573331,0.8984750854268673,-1.1068573248079467
MKD,1973,0.6038295241818331,0.7393969535837033,1.0375816425319582
MKD,1974,1.394356904590662,2.0985332300194393,3.3254119534363737
MKD,1975,0.611507797288872,0.7171333163361412,0.795911423589929
MKD,1976,1.4044124639316113,2.476789872224721,4.730966805779983
MKD,1977,-0.8505075327802235,0.9033084999806993,-1.1076346460360076
MKD,1978,0.7224058222601772,1.2564103920245466,2.1854884935382803
MKD,1979,0.3036447199576857,0.3051894352984717,0.2839603000136825
MKD,1980,1.126688412730527,1.387091633441369,1.855057358388287
MKD,1981,-0.49818764908984114,0.3702590123189034,-0.3087414533903128
MKD,1982,0.15986265970808666,1.0962734860570353,1.4414067484487643
MKD,1983,0.4726465740978925,1.8872550618710977,1.3492435324713492
MKD,1984,-0.3176139359334845,0.33200588129900577,-0.2217093844192902
MKD,1985,0.05484055440979951,0.5313801317245389,0.46836373004504084
MKD,1986,0.1159435098647599,0.6239998742365088,0.33173129421047765
MKD,1987,0.20218573168775184,0.8427132651243658,1.0461452088784977
MKD,1988,-0.7646506275787837,0.7151544454206606,-0.7628200326421463
MKD,1989,1.4032469237255767,2.6332929327411554,5.179761991391861
MKD,1990,-1.0572320314840116,1.1752090109109288,-1.364821825912086
MKD,1991,0.5570456077025961,0.43318322578051444,0.3858093663134849
MKD,1992,0.34735392425443723,0.5285242852859046,0.5039461045339986
MKD,1993,-1.152483462974701,1.5347719591769433,-2.249506684784395
MKD,1994,-1.0832209813007185,1.3555287879798534,-1.8883695428258833
MKD,1995,0.34793537938507585,0.2889357173809414,0.17273731296689984
MKD,1996,-0.6864385976627807,0.8894426299942898,-1.0530693179520652
MKD,1997,-0.6127631199446766,0.5698032478758435,-0.5001041663664418
MKD,1998,-0.10097546981714015,0.17300429472661735,-0.022455758556973845
MKD,1999,-0.465510735664077,0.3938773993340545,-0.26369707138971354
MKD,2000,-1.1790156695194278,1.472645773149217,-1.947531161861229
MKD,2001,-0.1445592198851905,0.5394403602177245,-0.22897904777631078
MKD,2002,0.02330390544205815,0.25088824226708545,0.06891667951371686
MKD,2003,-1.24991729174817,1.837581745932136,-3.0296154179915455
MKD,2004,0.9155327310583532,1.380370156047837,2.3161306964059323
MKD,2005,-0.4489756005336914,0.33049373719124403,-0.2546941582099544
MKD,2006,-0.24856493259730164,0.20198179366964464,-0.14621688893266171
MKD,2007,-0.685049685532962,0.5594380206878655,-0.5081535512515974
MKD,2008,-0.9381360979711659,0.9945404651681451,-1.1821082205897806
MKD,2009,-0.17366434320961055,0.1003498899000678,-0.05376452372901692
MKD,2010,0.26210983724821485,0.22556311742808535,0.16523262111854073
MKD,2011,-1.1390692555661623,1.6594753949578427,-2.963774490013549
MKD,2012,-0.28382537801909097,0.2532237715571109,-0.12008109913061062
MKD,2013,0.03454495770644493,0.6017945043718897,0.9967677233346762
MKD,2014,1.5943404018584801,3.2517345472364605,7.418026584173289
MKD,2015,-0.9838853614557013,1.2323957629389115,-1.692514694010087
MKD,2016,0.008732212828288151,0.42897332106293556,0.0986078038004815
MKD,2017,-0.5773139543008371,0.477614852318711,-0.39692706398354966
MKD,2018,0.12671427771659502,0.4038666154150092,0.19736551114268552
MKD,2019,-0.09677750094823248,0.38654002459360237,-0.0219080606664843
MLI,1971,1.7771783783845414,3.1978319080738435,5.827493829435669
MLI,1972,-0.4618176511196256,0.38695545490211825,-0.3572054185985377
MLI,1973,0.16333483546448677,0.8040535246817893,0.8663150215779127
MLI,1974,0.925427784054483,1.0096767000128195,1.2754946019924895
MLI,1975,1.4816905310753161,2.3364935840291836,3.824858990044292
MLI,1976,0.92629133821994,0.909627251637189,0.9411015062537663
MLI,1977,0.43116644407732585,0.41325343771231876,0.4110802756399396
MLI,1978,0.032367230516330815,0.14169834906642,0.0021984967639286047
MLI,1979,0.12349695814567947,0.057633393755571284,0.02107766513695432
MLI,1980,0.405266591432071,0.4593552143871847,0.3714907362842292
MLI,1981,0.11541175637681186,0.052098943868938576,0.008277930862142424
MLI,1982,-0.5892269801277211,0.7519766202121476,-0.6386223731845309
MLI,1983,-1.1368155021149993,1.6441983337107147,-2.415643174838445
MLI,1984,-1.678243847283347,3.1652843369458274,-6.358555233643735
MLI,1985,-0.36364176383830554,0.230636644743289,-0.16684330583064405
MLI,1986,-0.08998417849248483,0.19808837731065623,-0.06258570629893476
MLI,1987,-1.6135492260909554,2.632872334553361,-4.345423909113261
MLI,1988,0.8317094384498274,0.7290215275717348,0.6583055800772291
MLI,1989,0.37642420457916137,0.4192476263355641,0.38875694569464125
MLI,1990,-0.9510633453103597,0.9426636850511179,-0.96463929952486
MLI,1991,0.39047229768243585,0.52730171053901,0.6820820956510618
MLI,1992,0.19895939759975534,0.0908573337059763,0.037692113222788565
MLI,1993,-0.260881324779064,0.2463862907123339,-0.1484973047364014
MLI,1994,1.846082871381548,3.70616430777648,7.88235381971761
MLI,1995,-0.41211631006191257,0.2046787824986235,-0.11452729364617671
MLI,1996,0.09021337352199847,0.5376466576408656,0.09198875526169434
MLI,1997,-1.1904228746113645,1.437757395597779,-1.7606906030328482
MLI,1998,-0.10906126202957955,0.5059068145514407,-0.09117503719807736
MLI,1999,1.3284560952944544,2.475627552853257,5.058012066892655
MLI,2000,0.05708409494015569,0.13394843832153608,0.01567785575536989
MLI,2001,-0.20704248364955244,0.42962497595025717,-0.13476458022965193
MLI,2002,-0.6615224981599853,1.2511265527228637,-2.1279442887940014
MLI,2003,0.4490041613716308,1.9799499493825259,0.7060008610021603
MLI,2004,-0.745820738364374,1.379203853283618,-2.553765960614634
MLI,2005,-0.15401101594414476,0.2930740073928271,-0.12127119731128733
MLI,2006,-0.04267699600835289,0.19595922448404487,-0.11166937764382649
MLI,2007,-0.3729643533948036,0.630294202408588,-0.6422684260676712
MLI,2008,0.13077306908705094,0.3589420100373674,0.14939791130155097
MLI,2009,-0.022717345778498276,0.3408090535568615,-0.09254939315422264
MLI,2010,0.6474757586513559,0.8588139059250202,1.0190998772138755
MLI,2011,-0.7940482213235531,0.765605230052268,-0.8538758615371093
MLI,2012,-0.03839057939137262,0.5022933942728092,-0.295696310628849
MLI,2013,-0.01520370944228483,0.08003169597765222,0.006681425598230692
MLI,2014,-0.24837131869293877,0.24700738966602617,-0.16749065088476447
MLI,2015,-0.49808606710092806,0.33526509374209357,-0.24924575188692658
MLI,2016,-0.6382636112744431,0.9668387473186117,-1.671945106220652
MLI,2017,-0.4483375286449217,0.3373086156939983,-0.26721529506561065
MLI,2018,-0.37459753095375703,0.409657010106874,-0.41050478376124716
MLI,2019,-0.30125869584544196,0.1960439771979856,-0.1331752796470334
MMR,1971,0.2128589393978092,0.7772859689093301,0.7336982669054173
MMR,1972,-0.4439524845000605,0.8648008926881776,-0.9289914679633035
MMR,1973,0.8466080560976742,1.8163911279435125,3.646211381103606
MMR,1974,0.5563057524456283,0.7640247267165203,0.7910024202862963
MMR,1975,0.0573601893065505,0.760273952241192,0.2918774282996632
MMR,1976,0.3312651822427707,0.38590944161055185,0.2528527832656025
MMR,1977,0.1970024723313891,0.6940806749936529,0.436631902107427
MMR,1978,0.09649825838349359,0.921981835173265,0.531973244008529
MMR,1979,-1.1554528540512026,1.6833930160490558,-2.814178534037571
MMR,1980,-0.17461367902596608,0.7656840065350033,-0.3804597986930862
MMR,1981,0.334687538741208,0.8477837267621605,0.7859861969445414
MMR,1982,0.0723997369137485,0.9421741524881808,0.3194897163168426
MMR,1983,0.30894279932389784,1.65777756008136,2.1451316045774664
MMR,1984,-0.023686991840324172,1.017051590321769,0.48345195489842574
MMR,1985,0.24988100800030463,0.5618206365579506,0.8362214479482131
MMR,1986,-0.3273612413275192,0.8041854099266295,-0.12676781938459364
MMR,1987,-0.37182349160461675,0.589365464278969,-0.3803743652733205
MMR,1988,-0.07976990311410223,1.0721108951024305,0.7169576325354505
MMR,1989,-0.299488629423779,0.8437513701628881,-0.36141617595625414
MMR,1990,0.6419124521189069,1.6094302095832993,2.9519721024589676
MMR,1991,0.23952120831798757,0.9382967043928134,1.72956674354441
MMR,1992,-0.05784924594131684,0.9242041808210338,-0.03850531059426759
MMR,1993,-0.35889203377912254,0.47035720568454575,-0.3067979038418676
MMR,1994,-0.3113062763174017,1.3860734547446176,0.16527440835462576
MMR,1995,0.03765277148394429,0.7645398587869876,-0.15208779172049325
MMR,1996,0.3597915809629864,0.6865725442157031,0.5556433566818347
MMR,1997,0.011378863149171088,1.0357451530024313,0.5541134660657351
MMR,1998,-0.9801862180981874,2.652062432674491,-4.88640557412179
MMR,1999,0.35995051527968724,0.845368496340577,0.49567801406296946
MMR,2000,-0.009385979958759255,0.5778347036454207,-0.07432869844729155
MMR,2001,0.4454822846705941,1.5843870530181736,2.7834175619638484
MMR,2002,0.33242109793838387,0.8019636269913684,0.7845298067631061
MMR,2003,-0.7457093935293745,0.8843721123242294,-1.1782188696173428
MMR,2004,0.252013741384272,1.4430848270776504,1.6579328774373345
MMR,2005,-0.23334260612759808,0.7682365005067785,-0.5043658501330157
MMR,2006,-0.18252628696103534,0.43271356231855396,-0.18106424329284115
MMR,2007,0.12692936315152833,0.3146179886962961,0.12074088139303046
MMR,2008,0.08173654811806827,0.12747903222106438,0.04307666864281884
MMR,2009,-0.4757399422189068,0.8092638223096728,-1.4709244607508534
MMR,2010,-0.2781006606847978,0.5810128638920696,0.011124481874456922
MMR,2011,-0.019546716083212606,0.38760851252062917,0.025736502965531313
MMR,2012,-0.2955054218442993,0.32359444886943317,-0.21301113386280332
MMR,2013,0.04308093487708307,0.9440757647575316,0.004500255891287677
MMR,2014,-1.4414100475057088,2.939800326404183,-6.406648660326527
MMR,2015,-0.45978501251828013,0.7119197212210983,-0.3732706578634384
MMR,2016,0.591400681222654,0.9775891825022649,1.7786205521914715
MMR,2017,0.511429025457066,1.3959152893512863,2.867052031781597
MMR,2018,-0.033693862017995554,0.8407666217105892,0.8307181758147405
MMR,2019,-0.37828514093892746,2.3092017105771654,-0.46349655147141905
MNE,1971,-1.1911185010674188,1.702825137038856,-2.6611796965598247
MNE,1972,-0.6821177462568612,1.1504309608384196,-1.1054502789987768
MNE,1973,-0.811578803419944,0.8891685333880938,-1.0786235076145148
MNE,1974,0.5964957868460822,0.5609965774551634,0.5675436703650328
MNE,1975,-0.15820312070958864,0.30216487000447145,-0.0681268866232041
MNE,1976,0.8764630862419605,1.0145555497599161,1.339558478931549
MNE,1977,-0.21311016914347,0.33796980603618426,-0.18126446734842622
MNE,1978,2.2647486951348053,5.38002215315881,13.281152934204872
MNE,1979,1.3398283074483497,2.154369638094625,3.8481790549024426
MNE,1980,0.8533388761326779,0.8427347239615759,0.9067274530150213
MNE,1981,-0.4228045587992344,0.23186443453145406,-0.13899908923008417
MNE,1982,-1.0520142310644363,1.2828076832921664,-1.753658072297069
MNE,1983,-0.647909636676476,0.7975741563265788,-1.0001649962138393
MNE,1984,0.2343896199367341,0.1764627355995725,0.09588589230459005
MNE,1985,-0.6342217758503655,0.4477551377131602,-0.34527507814811753
MNE,1986,0.20740739932395408,0.4192228020803877,0.3980124009819941
MNE,1987,0.6643588071808773,0.6961457698427356,0.8324446437674329
MNE,1988,-0.12017689129466425,0.440867864469427,-0.2594533160235998
MNE,1989,0.31170302589667875,0.6931095722270215,1.0289442808170295
MNE,1990,-0.6595556268189523,0.7007818372860644,-0.8121123577115286
MNE,1991,0.7470149708515745,1.209292140046855,2.259465556280952
MNE,1992,0.09717564977911597,0.25819958241274643,0.05275943371539832
MNE,1993,-1.4890321169417429,2.3928854665886385,-4.132005182727262
MNE,1994,0.1475288321129798,0.592189811708432,0.3569395048543909
MNE,1995,0.2998131074282516,0.41668532466346786,0.44752374539763035
MNE,1996,0.15731806583277147,0.5617339172303923,0.22911014927398965
MNE,1997,-0.43379397773142236,0.39713636296038246,-0.19975706399044266
MNE,1998,0.25735360820245295,0.2608187586711011,0.14533829638562806
MNE,1999,-0.45325485731298565,0.46154286316329274,-0.24953400367897685
MNE,2000,-1.659704924302948,2.7984393447542537,-4.796073044312198
MNE,2001,-0.19675336778281516,0.4150138885193729,-0.4123478641810596
MNE,2002,-0.5154614110445959,0.3671939090128671,-0.314820224793348
MNE,2003,-1.6115592866624735,2.823671151942296,-5.337573106633178
MNE,2004,1.2122586322090203,1.5657817825024873,2.1382112876022035
MNE,2005,-0.6405999186952127,0.49303673691953875,-0.43165862776154795
MNE,2006,-0.020025547056702606,0.20124514377614244,0.013673660388874236
MNE,2007,-1.1949311329879877,1.5579145660709521,-2.1831819073022904
MNE,2008,-0.6477333851041449,0.9521647393280559,-1.248130536102453
MNE,2009,-0.12672673480778252,0.4370460848311341,-0.12390733067400811
MNE,2010,0.48283264677732,0.41990391071735716,0.2967864780727726
MNE,2011,-0.2861625062101428,0.43044424715723434,-0.21670972429650284
MNE,2012,-0.04086508846199566,0.6806647600772606,-0.1595317356042206
MNE,2013,0.526060952862552,1.69390748455231,3.96040546097489
MNE,2014,1.1391195450218945,2.5047635707335756,5.273000536508402
MNE,2015,-1.006454201495023,1.188851876238197,-1.492496909002317
MNE,2016,1.169867182690809,1.8358398933359705,3.358130581859235
MNE,2017,-1.0596124934518925,1.1572068582219122,-1.2930519364028337
MNE,2018,0.5972413312725127,1.1007539094202683,1.7535846924835403
MNE,2019,0.4197785071463529,0.4692505883073958,0.5348080580813592
MNG,1971,0.5773653022753378,1.4632165464506839,1.9714701507524206
MNG,1972,-0.6482254274039032,0.910493838435134,-0.9590764751234231
MNG,1973,0.7897188263259696,0.9582839454315742,1.236954038967314
MNG,1974,-0.3915369182583705,0.8527546193412232,-1.2956455794622086
MNG,1975,0.4379430006635979,0.5968463396417789,0.6201496570309777
MNG,1976,0.584871227951377,0.8499945431892696,1.3140514012391216
MNG,1977,0.29688489308529287,0.8153283909225404,1.1954624467249317
MNG,1978,-0.07797366866439223,0.29780778726846513,0.025100098291142844
MNG,1979,-0.10474479474898374,1.2632564755101965,0.04853586878755193
MNG,1980,0.11257978129600783,1.3036053829783463,0.8941457681802497
MNG,1981,-0.1335156933203548,0.48048958091974747,-0.07006281745331049
MNG,1982,-0.4312267133512262,0.9990304525641136,-0.7918280195843239
MNG,1983,0.6124578798622708,1.0698762312326702,1.9024933902891563
MNG,1984,0.7225890545210187,1.615780073969583,3.270613779988166
MNG,1985,0.9689721293432099,1.5238314580525503,2.8285676276557976
MNG,1986,0.27671326647535577,0.5074246970098176,0.7086788362592951
MNG,1987,-0.09994333880730501,0.38145429435764105,0.21928955287756755
MNG,1988,1.2848497115222688,2.39389543593295,4.869597630489426
MNG,1989,-0.6673678288160549,0.9470079605068886,-1.2188110492954713
MNG,1990,0.5493417803071597,1.0465230488040205,1.1931883882612315
MNG,1991,0.5303444044989275,0.8228534813385927,0.952100860556166
MNG,1992,-0.5401716688519858,0.7348879236860202,-0.6365202559283619
MNG,1993,0.8242970966659456,1.156895626789398,1.7176819523476683
MNG,1994,-0.14811971669532542,0.4941102343466953,-0.1714827788096135
MNG,1995,0.7849220617090453,0.82033377157339,0.9762065850184969
MNG,1996,-0.4963835691527442,0.679429706787862,-0.5411847013143354
MNG,1997,-0.6352787310197127,1.5841678612405858,-1.7701642373995745
MNG,1998,-0.629058776982578,1.41926680708922,-1.9663223409303807
MNG,1999,-0.8655550422916363,1.1252380830220947,-1.3502448949943222
MNG,2000,-0.9278491213751381,1.4706819350557017,-2.271386810033772
MNG,2001,-0.37472592113149394,1.00327340286129,-0.8523651739338287
MNG,2002,-0.49712554225949834,0.9224477553908355,-0.8146264894950316
MNG,2003,-0.18436148419487586,0.7468060240795144,0.06162023382909975
MNG,2004,-0.8067962403627953,0.9019964258794299,-1.1977978783527063
MNG,2005,0.11372585890044606,0.6990931043122545,0.7652529662171663
MNG,2006,0.7657405218359837,1.5525506101273792,3.262492892730748
MNG,2007,-0.7151183284163597,1.0457261378624325,-1.4602197088393418
MNG,2008,0.047216203819643976,1.1508948873980729,0.5211841768451086
MNG,2009,-1.0761267028390746,2.455773785845235,-5.961214599480465
MNG,2010,0.21930290475606867,1.0106241650115515,0.4575967008288868
MNG,2011,0.3783809039926106,1.5808143816287201,2.5930790775354153
MNG,2012,0.7048998656657909,1.4894804614387498,2.7660655938268897
MNG,2013,0.5776448234782462,0.8217982973188223,1.0195091356117663
MNG,2014,0.30065619561931256,1.3745778061448,0.3496316163497004
MNG,2015,-1.028628629854595,1.5477789890636975,-2.3442233923209645
MNG,2016,-0.037301505742639435,0.4797666480593473,-0.24167994825117986
MNG,2017,-1.6482195671831723,3.000099103407428,-5.865665217607215
MNG,2018,-0.9934722655006558,2.0434825790101354,-4.053536494876755
MNG,2019,-0.694862792132407,1.429490115448923,-1.8613022837482918
MOZ,1971,-0.8414646608667157,0.8329867418931047,-0.9396876083935738
MOZ,1972,0.522815568010152,0.42543449468648964,0.42202534472289355
MOZ,1973,-1.107514713216239,1.2444279594503436,-1.4156902942672276
MOZ,1974,1.5251271722019137,2.3524328301622517,3.6690616982352657
MOZ,1975,0.27292407265574353,0.2728637491965547,0.08564985269841925
MOZ,1976,1.0555685296098882,1.6991175341917413,3.0508047924540933
MOZ,1977,-0.010871446291637544,0.5234195591194863,-0.18639143667469066
MOZ,1978,1.1901107987409758,1.4966596493785727,1.9791636994621549
MOZ,1979,-0.5455598392623158,0.32185059305586805,-0.20572401971086043
MOZ,1980,-0.769626510244082,0.6636870570958557,-0.6141433566156793
MOZ,1981,1.0152437628840412,1.2574747985681676,1.7138499648469416
MOZ,1982,-0.2638432555513931,0.19488398673782237,-0.14151963756177716
MOZ,1983,-0.9768145982456445,1.148978364443781,-1.5108752189557577
MOZ,1984,-0.4529325211269761,0.648802038146612,-0.7536221457559373
MOZ,1985,0.7944738357930438,0.7355190695289884,0.7470074114429647
MOZ,1986,0.6983890663669015,1.1722191596351912,1.8190910413776318
MOZ,1987,-1.0594699496524402,1.3888469374601489,-1.9691270142194273
MOZ,1988,1.1030746334530288,1.6752237354916732,2.977230594883946
MOZ,1989,-0.10952932932015251,0.22385481843671412,-0.09494586221040216
MOZ,1990,0.5377645991816941,0.9015602336096775,1.3401503469279743
MOZ,1991,-0.7932305228960779,0.6487942665857315,-0.54707716135228
MOZ,1992,-2.057560842407251,4.323180350183821,-9.253731923136153
MOZ,1993,-0.0821427643551278,0.10915824595649042,-0.05724058929302785
MOZ,1994,-0.9481850701439221,1.4236391859907374,-2.1741219958736053
MOZ,1995,-1.084965518862608,1.2872635893497946,-1.6303605163435957
MOZ,1996,0.23729587250367823,0.2714909049313085,0.1429785528284136
MOZ,1997,0.8444428562073167,0.7306930271589815,0.6473055941385486
MOZ,1998,-1.2111176408991189,1.5337627010078996,-2.006942263697987
MOZ,1999,0.8574649821738601,1.396069043651765,2.0422466041589327
MOZ,2000,0.7666751122029347,0.7559471493350534,0.7845344552937072
MOZ,2001,0.39239164862390397,0.3011706460837221,0.23380935213182794
MOZ,2002,-0.5890975098867746,0.5658908470163424,-0.5958803735609693
MOZ,2003,-0.45146385461865657,0.42339227743016117,-0.35037521507179636
MOZ,2004,0.11582010032282238,0.552174662674236,0.11022443651177376
MOZ,2005,-0.7261051922337572,0.5869700308905945,-0.518104196461853
MOZ,2006,0.14872384821281293,0.16176856175963703,0.08383357982532022
MOZ,2007,-0.4034828609296769,0.2310393228749958,-0.1549935262587548
MOZ,2008,-0.12892512969207706,0.8822523431284752,0.11216461004550009
MOZ,2009,-0.13219127968588676,0.26277328221326846,-0.04584617682317956
MOZ,2010,-0.261080596104852,0.45209620160963404,-0.3310377247642469
MOZ,2011,-0.10340037968681784,0.10808147936882828,-0.022826896559161574
MOZ,2012,-0.291790270972878,0.3217017833838383,-0.1753205157996185
MOZ,2013,0.0736624060935935,0.09825012416707628,0.00808141248531529
MOZ,2014,0.12171805873038377,0.10604820455199179,0.03026906610432869
MOZ,2015,-0.3832362090009548,0.3197238548786293,-0.33424975078024005
MOZ,2016,-0.7260695198663676,1.0384215056004442,-1.1219353811909416
MOZ,2017,1.1562479776688999,1.3624121767784843,1.6325619778854736
MOZ,2018,-0.6521969562111549,0.732006841141161,-0.7687840531895388
MOZ,2019,-0.36394739790605124,0.15676740701275632,-0.0748294619352334
NGA,1971,0.5249798285348577,0.661156233598718,0.6382288267510926
NGA,1972,-1.3045538695270729,2.2893270748954047,-4.402465762435565
NGA,1973,-1.2491171288673635,2.2922783919695155,-4.3238575326859525
NGA,1974,0.6626547465337682,0.8783747450504319,1.005172683937787
NGA,1975,0.509357832284758,0.5331595323001249,0.5016086731472402
NGA,1976,0.7878314743943035,2.2592604712223365,5.0394711718464436
NGA,1977,0.26705134957049936,0.34225043831989754,0.285886324212161
NGA,1978,0.1918850689962518,0.6431154142995531,0.26625989917340404
NGA,1979,-0.1024363986267682,0.12026448535578525,-0.025625821009295738
NGA,1980,-0.05306141885027522,0.482578444704256,-0.022073664784375294
NGA,1981,-0.4893256040315474,0.4079053789667747,-0.35019720257055986
NGA,1982,-0.3153935681608118,0.2654812279842263,-0.165960321500564
NGA,1983,-0.7692127850195098,0.880516304256387,-1.0479550409523952
NGA,1984,-1.3602648891647666,2.4993845996831165,-5.000405855784429
NGA,1985,-0.4360301716797258,0.28936178129168105,-0.21765387154402788
NGA,1986,-0.33290986345972384,0.31273285695289466,-0.2680570842856662
NGA,1987,-1.5150809637645524,2.802954835617252,-5.659817522960184
NGA,1988,0.8231598037595568,0.9182752842846003,1.1064584126446821
NGA,1989,0.17385547869483348,0.18452555683094907,0.12851414484018686
NGA,1990,-1.1588641881714974,1.866317240724711,-3.3365944357533435
NGA,1991,-0.384177808129463,0.6994520858296922,-0.7775006365789954
NGA,1992,0.34460251975846373,0.2070868058724508,0.1114427362635391
NGA,1993,-0.8033674987447076,0.9861063196273365,-1.3627692080824727
NGA,1994,0.9991345890001557,1.445183649660845,2.186511056187049
NGA,1995,-0.6775838155939563,0.5609380617891324,-0.4829780527637893
NGA,1996,0.5627396600702305,0.48548264759240245,0.4908472797042101
NGA,1997,-0.21714496635838548,0.7253848114913528,-0.6911332257035938
NGA,1998,1.3601279363261494,3.7271329688361376,8.103231555668902
NGA,1999,1.0147428017704918,1.5054434806022243,2.2445817013795377
NGA,2000,0.18351537284677133,0.21227148653853356,0.09842604077209816
NGA,2001,0.8929271404591809,1.7822707088593768,3.286273234133322
NGA,2002,0.24456924230761495,0.6237235062179632,0.23147475301012627
NGA,2003,0.3546541231900988,1.166530238743384,0.609900270116863
NGA,2004,-0.758625066695798,1.186497366512688,-1.8561675501682564
NGA,2005,0.35149519066257817,0.4095180753943901,0.34854768323686186
NGA,2006,0.49989641290972775,0.6195605057443646,0.8351730801642574
NGA,2007,-0.4876730841579985,1.100068145606349,-1.4943215953569693
NGA,2008,0.30457589723503514,1.4622406259344736,1.753524263439338
NGA,2009,-0.18913855579876196,0.6136725295401658,-0.1302833967300213
NGA,2010,-0.04540633162379773,0.42740388597790757,-0.16405028872893296
NGA,2011,0.430691400244374,0.29312509737859105,0.21467642234148646
NGA,2012,0.047594055989059206,1.3240371049283897,0.9739252983369626
NGA,2013,-0.39660175990715973,0.33168528733643454,-0.2817787691280253
NGA,2014,-0.7471631200725335,0.7698610625557964,-0.9914341201442926
NGA,2015,-0.3940011361825635,0.187987338117304,-0.10229028105809852
NGA,2016,-0.9456299635290668,1.2145871564731694,-1.8438924019807086
NGA,2017,-0.4244553206043,0.40348099504292245,-0.2345405238724097
NGA,2018,-0.3539081780144281,0.3033878974788883,-0.22547061911978647
NGA,2019,-0.12160521195488655,0.5990483470425381,-0.2580433970872577
NLD,1971,0.0212576632280575,0.3356917149483414,0.05531760546838724
NLD,1972,0.9748071510282219,1.1855487700192358,1.5725475784422471
NLD,1973,0.12048586030441523,0.1772460460294221,0.04077010715364957
NLD,1974,-0.6269749811205872,0.8074907689419675,-0.8350614614866896
NLD,1975,0.13039819444736864,0.2839780121567995,0.06131209384230992
NLD,1976,-1.9892054335004703,4.1106546737739285,-8.749000473172844
NLD,1977,-0.1925163285445305,0.11940157139992243,-0.06177682711611154
NLD,1978,0.020774095923176417,0.16543107668543386,-0.01126343518120243
NLD,1979,1.7497958609347153,3.5145953432526924,7.618898104388225
NLD,1980,0.11971783767958082,0.3890319618910685,0.27055063204800955
NLD,1981,0.7398481382739741,0.7832144306396823,0.9083919134595089
NLD,1982,-0.4876617401624286,0.39983209313026424,-0.3160046474884399
NLD,1983,1.2224592043337323,3.23658625044728,7.3378377816000375
NLD,1984,0.695339085946416,0.5851485442491607,0.5632650363057448
NLD,1985,1.1117997255206886,1.4483728642805582,2.077492336649996
NLD,1986,-0.3027566741695298,0.4208672234022771,-0.3188058367230168
NLD,1987,1.4465802972003396,2.7342977447318813,6.1707492544538285
NLD,1988,-0.300184148687458,0.8421619227867925,-1.1386047909504984
NLD,1989,-0.7432742175206404,0.6775272417794941,-0.7085466516938039
NLD,1990,-0.6801606931703108,0.6654956977967457,-0.7210621052097338
NLD,1991,0.3872278440791359,1.5146426901636378,0.6190929810967654
NLD,1992,-0.46136909869877685,0.4516969464461911,-0.5009252516455909
NLD,1993,-0.3738828743107599,1.4161570909748262,-0.4858686461562546
NLD,1994,0.2757861913266601,0.9208984997650635,0.3789259225990773
NLD,1995,-0.3588082046554105,0.4754470738385479,-0.3045532698877704
NLD,1996,-1.0778719615420953,1.2491415768399179,-1.52967805047831
NLD,1997,0.4454524227100032,0.7614796141457987,0.5470830567408703
NLD,1998,0.922895533344955,1.0257473020578627,1.2728447162460652
NLD,1999,-0.3063717718110485,0.28931797299696493,-0.2512564696904245
NLD,2000,0.22123112125411432,0.2844214549364559,0.19268159748271202
NLD,2001,-0.16128564225704017,0.19646479856867127,-0.09318992862462917
NLD,2002,-0.39328760032470034,0.2581294156622109,-0.19887677563324632
NLD,2003,-0.6213510389953044,0.500114813609284,-0.45791398647248094
NLD,2004,-0.417120961112401,0.44328814734187094,-0.2844646100900647
NLD,2005,0.17454032462953079,0.17351240717601824,0.05528100876110796
NLD,2006,-0.43194449452651673,0.8552926730177492,-0.8223188158218662
NLD,2007,0.9385794231471304,2.8035604731290427,7.610490859854551
NLD,2008,-0.5408018158776434,0.7874930577714353,-1.217013124397776
NLD,2009,-0.3184189553811511,0.5128372693431453,-0.23469854084032477
NLD,2010,-0.6474608644809096,0.5311660968361793,-0.5046884617283529
NLD,2011,-0.8894743239170808,3.266340442743146,-6.002336996418577
NLD,2012,0.7363675157758536,1.5205365492005787,2.1156972555872606
NLD,2013,0.2709689376163219,0.18841196171909377,0.09527498441894262
NLD,2014,-0.19256693803551536,0.4668585879871193,-0.22451227259005002
NLD,2015,-0.547252466337485,0.5476406857342219,-0.5709999954756972
NLD,2016,0.7685957869114445,0.8376421822083521,1.1428785868161901
NLD,2017,-0.8861870663917525,1.227637733366444,-1.7437711675559895
NLD,2018,-1.3403644758876294,3.850667547595301,-9.767998823351606
NLD,2019,-0.47925996692341044,0.4811754276089228,-0.6107912010329388
NOR,1971,-0.2546600089210474,0.19338958672043827,-0.08670192274664279
NOR,1972,0.3747085253227329,0.7558613426286163,0.5207825765150956
NOR,1973,-0.027209949590980026,0.10586292878503192,-0.023125746221831743
NOR,1974,0.18274081294226452,1.411262855806343,0.2497631432668764
NOR,1975,-1.2688417766524211,1.812349798730997,-2.7241950694122488
NOR,1976,-1.9081778652621293,3.6892352272762903,-7.224690639953094
NOR,1977,-0.11405137706394905,0.5728098822966311,0.20478619501330625
NOR,1978,-0.515021994066251,1.0261337595781304,-1.3608737401706112
NOR,1979,0.3660303077658175,0.18917196334171735,0.12143229646058605
NOR,1980,0.3710849357271345,0.30470135461012976,0.21490181460982782
NOR,1981,-0.15751881925856948,0.5722423128465366,-0.35362768421637125
NOR,1982,-0.8140343860215435,0.8965185248407435,-1.1534267942254588
NOR,1983,-0.6971077488454975,1.3135913618165933,-2.231595606421359
NOR,1984,0.31054848927231726,0.23848337727244423,0.17289658769366045
NOR,1985,1.4836294561683223,2.872632746110528,6.3111428295874665
NOR,1986,-0.4475004553060747,0.7425309229982816,-0.8308721796454499
NOR,1987,1.5323772621813707,2.5632873685835675,4.520182454361792
NOR,1988,0.6008025722606234,2.4142103141321276,4.22941565888663
NOR,1989,0.2961961955002053,0.22035372122051794,0.11968072239364114
NOR,1990,-0.4170057500606581,0.2654917718676925,-0.1889468786275939
NOR,1991,0.0021267500058918774,0.35484833617199224,-0.21936386417615578
NOR,1992,-0.587589395783614,1.2041283976175245,-1.3990970055641836
NOR,1993,0.2870495389897415,0.5965107507392851,0.17313305993192402
NOR,1994,-0.9729118465789555,1.8142487359287944,-3.8973553343834513
NOR,1995,0.09637989897067654,0.5553812596253422,0.13851420786368743
NOR,1996,0.1594577048040045,0.1560106468491854,0.04003564926455855
NOR,1997,-0.40140804907648,1.011152303618609,-0.9878514451527602
NOR,1998,1.060208742453715,1.3497422765782017,1.8806464901747046
NOR,1999,0.6633603451440405,0.9895434384735595,1.4005913845707827
NOR,2000,0.5993029183113401,0.6499165490117549,0.7011258177852818
NOR,2001,0.10367071909596207,0.13456898463941538,0.01011465485799407
NOR,2002,0.10852461570484885,0.5147567651651315,0.38908654824498806
NOR,2003,-0.1345050354844073,0.4003523539647992,-0.1663509978525659
NOR,2004,0.21054371569934838,0.15320296652511145,0.109458267405838
NOR,2005,-0.25014831086565326,0.13092673440032215,-0.06120886471500542
NOR,2006,-0.487503422526822,0.5000587391067509,-0.4880398572880259
NOR,2007,0.37257529243692106,0.42594452863188703,0.5726233860273385
NOR,2008,-0.3383083276698585,0.2860533944458989,-0.2042170876429138
NOR,2009,0.36001926398431305,1.159465827798646,0.1368248274664044
NOR,2010,0.6925688583613501,0.7167544147712869,0.788645796294608
NOR,2011,1.5985992706265066,3.4401189684309914,8.136617769901516
NOR,2012,1.5758171460448929,2.794795141852289,5.244794196352219
NOR,2013,0.02462550033891897,1.3165058460070833,0.02657448884350555
NOR,2014,-0.9849152569809938,1.0579328849095169,-1.194173080395763
NOR,2015,1.0729527313512368,1.5116727657369768,2.4330984939878064
NOR,2016,-0.42615306121198876,0.31563447485194834,-0.24523720498849005
NOR,2017,0.23529132320135565,0.3799432193016156,0.2851272625566138
NOR,2018,-2.1381740464641177,4.803452448450555,-11.268619958874663
NOR,2019,0.04469345904232072,0.08187764299013187,0.019554326114705048
NPL,1971,1.1136004645383077,2.907783616687142,7.134450623907717
NPL,1972,-1.344370505204295,2.6827146217403963,-5.517730678965966
NPL,1973,0.5887907701090157,1.75071297326171,3.134396688333393
NPL,1974,-0.16214864935649861,1.5944993894542983,-0.5632055316120236
NPL,1975,0.34698487132117845,0.9714450320909002,0.7491335860978764
NPL,1976,-0.2531306310374706,0.7687027413522249,-0.21581332878623385
NPL,1977,-0.495456800947827,1.0628109405500559,-1.3391436954813511
NPL,1978,0.43190470145428206,1.1876365016379409,1.247173385194138
NPL,1979,-0.3764324116892993,0.85881424146717,-0.9869259273830686
NPL,1980,-0.14352490937345547,0.5235544347869722,-0.1848224747129558
NPL,1981,-0.1522771572659009,0.4109076697105137,-0.19664621013090744
NPL,1982,-0.680926931276683,0.8908453660496546,-1.2652189798479367
NPL,1983,-0.5471093951025686,1.0779145540922592,-0.5889851118738862
NPL,1984,0.9970981437860588,1.5786530192285888,2.4583093603151056
NPL,1985,0.27461801663057805,1.3252228119269627,2.426551166855483
NPL,1986,0.24113042220799802,0.7938822076847322,0.5792185223927315
NPL,1987,-0.061790269856968866,1.3642629360283025,0.8938666093288002
NPL,1988,0.20150036480808992,0.7211761918347813,0.26771953047417585
NPL,1989,-0.0735505276658519,0.6484761950782388,-0.033365507486774346
NPL,1990,0.3987883536693424,0.6022753588109055,0.7677352531518223
NPL,1991,-0.4846335748597398,0.7818913363793735,-0.8582920292376189
NPL,1992,-1.1486901293224319,1.9124202454659824,-3.1229012224123656
NPL,1993,-0.24783223298167212,0.5659524776932816,-0.2987543721575534
NPL,1994,-0.37795968820727893,0.6227651478047955,-0.5943873924551129
NPL,1995,0.2921170005623183,0.8428056857882422,0.6473352729233006
NPL,1996,0.06460241521259177,0.5467814045505515,0.34724035409062814
NPL,1997,-0.2747683088225763,0.5123281399170037,-0.16387528160621376
NPL,1998,0.5883444338127052,1.0993689567165406,1.6421448503808653
NPL,1999,0.5384853555648493,0.9952620767115873,0.9971275819936412
NPL,2000,0.9780615330954032,2.5753383749888785,5.266780673131415
NPL,2001,0.700128832168638,1.4407622941719707,2.0878193947604204
NPL,2002,-0.33225139556589467,1.1073535866118922,-1.010410046927327
NPL,2003,0.0948070107810692,0.5426176242863733,0.35308692586936713
NPL,2004,-0.3543320982350636,0.9582228451204207,-0.609350630148337
NPL,2005,-1.160913787462209,2.1728533783786244,-4.174034473794646
NPL,2006,-0.6260401108185194,1.1476517686876833,-1.5087095300375994
NPL,2007,0.05487673148784061,0.7394328338526341,0.38070207002941653
NPL,2008,0.17119863573717656,0.7604237342804993,0.4319941346868897
NPL,2009,-1.0163590786579013,1.799890075840605,-2.6783357077861236
NPL,2010,-0.753674355771247,1.5694321791455523,-2.631975688297643
NPL,2011,0.045955977961380234,0.6192541784781059,0.18481932771749027
NPL,2012,-1.425924303353284,2.594158109387204,-5.138288587560839
NPL,2013,0.30155787008930846,1.0774402822039888,0.44967160449233207
NPL,2014,-1.1524914247363127,1.9184262241201964,-3.542395186734182
NPL,2015,-1.1899638927281095,1.9102525331238707,-3.45383861168189
NPL,2016,-0.23349174445987975,0.7816244401191256,-0.6811034944239113
NPL,2017,-0.7089461411326334,1.1760111921505392,-1.7753065502236474
NPL,2018,-0.6101674117108489,1.6134154883079057,-2.0879371051132876
NPL,2019,-1.372560994538296,2.5258454862484245,-5.3998746882245525
NZL,1971,0.1611286101112267,1.1979961486286028,0.3412943927042642
NZL,1972,1.0292856312479834,2.29429284642179,6.064398695030989
NZL,1973,-0.4825607119597625,1.2536460615158858,-0.6508669646919797
NZL,1974,-0.38068683012468163,0.8834971377505425,-0.8807536395686576
NZL,1975,-0.4175313702174101,0.44566380083129514,-0.513745860986493
NZL,1976,0.037032134437935904,1.5083424831345829,0.4489908412899555
NZL,1977,0.5014148917639402,0.9559176977384289,1.6057051303204024
NZL,1978,-0.9137080064388472,1.8433088230177754,-3.528293158233085
NZL,1979,0.27456719735479385,0.503724990060758,0.23423295002308392
NZL,1980,0.2715839317958581,0.363015159030584,0.1692293992355161
NZL,1981,-0.21110492151445595,0.7094292470302597,-0.31105240305605
NZL,1982,0.23947938336146735,0.571674019196444,0.36225562018495144
NZL,1983,0.1934353174360029,1.5911166662957408,0.987925121872434
NZL,1984,0.21841698632333495,0.9935250197923283,1.0363796224119304
NZL,1985,-0.2646672408321765,0.5409128862957552,-0.30929767994677787
NZL,1986,-0.39895179350910676,1.4987700624581137,-0.8397635496111954
NZL,1987,0.4647060696455152,1.0673955797270975,0.8595307264582271
NZL,1988,1.1999036364384805,2.6826808586461994,5.499056518702409
NZL,1989,-0.09402367785096087,1.2725197988609636,-1.1342579638889219
NZL,1990,-0.6532924807774495,0.7485061651645042,-0.896956721567526
NZL,1991,0.4910581521659444,1.395659255862103,0.611709183410578
NZL,1992,0.13926442286353372,0.40034789914633406,0.131416562914276
NZL,1993,0.16733212982319481,0.49638991078234107,0.15901939658483366
NZL,1994,-0.07066085423342913,0.3504186397170014,-0.06139935971639658
NZL,1995,0.047261213214851605,0.6200189036167295,0.32767846318183347
NZL,1996,0.28249612553044023,1.528080110902768,1.600061042930473
NZL,1997,0.8537498656511827,1.0260623147308774,1.3532281940737712
NZL,1998,-0.8372718232553087,2.44850245984214,-3.869575882072
NZL,1999,-0.548713223347148,0.5352724023786558,-0.6009408319732013
NZL,2000,-0.029641192502196156,0.4707977522122574,0.28407999636112735
NZL,2001,-0.13400434797789357,0.42746396534548914,-0.15746339260234338
NZL,2002,-0.12286243781161643,1.6660133920765343,-0.7874358975023181
NZL,2003,-0.7380296759749513,0.7527360339667191,-0.944097123878355
NZL,2004,0.43336877489141035,0.7022345095648452,0.7982806077888727
NZL,2005,0.06768483825299623,0.40871435034086173,0.41095862327438154
NZL,2006,0.6656913369875029,1.0179236866237014,1.2967809959295131
NZL,2007,-1.0235231383128656,1.5048127258898762,-2.7218463378089988
NZL,2008,-0.2700412471412581,1.0466063962705272,0.23658486702708992
NZL,2009,-0.23029918483577458,0.5297954733275163,0.15732496089524545
NZL,2010,0.1982790247737936,0.5210645957717207,-0.018209614462250157
NZL,2011,0.7228861420842978,1.159211942548324,1.193314365435512
NZL,2012,0.2891938298482575,0.8466550966768034,0.7074580813224448
NZL,2013,-0.7000639698543746,0.7710408828329125,-0.8697093610201103
NZL,2014,-0.27228135889806215,0.23275950734769082,-0.11805627663026155
NZL,2015,-0.46625715715337823,0.36646037718252905,-0.29169934870776637
NZL,2016,-0.4763186699003712,0.2800602652007981,-0.1874369392632609
NZL,2017,0.0665823116099441,2.3349959970135363,0.33311114591020985
NZL,2018,0.36656269864595514,0.6034961131171209,0.7082286599240456
NZL,2019,-0.5238847465551539,0.42533324337281014,-0.3005983275786074
PAK,1971,-1.020166702399829,1.3992238820637837,-2.1395079764394187
PAK,1972,-0.92402770198014,1.7057269318221024,-3.5032911837275154
PAK,1973,-0.23204579006662776,0.607987262045253,-0.044216805679411386
PAK,1974,-0.2939412424171048,0.615384588291652,-0.3837206592908741
PAK,1975,1.0315818536719183,1.5346137680093344,2.5826157669368732
PAK,1976,1.2221415044662636,2.168134685649517,4.322382929403512
PAK,1977,0.7363581424309701,1.1665531050317373,1.831056384975814
PAK,1978,0.30841876660764583,1.3263788516317163,0.799894150759735
PAK,1979,-0.30124448379481084,0.5118466305463842,-0.30576491722438215
PAK,1980,-0.7167813230612263,0.9673819370231088,-0.9797154043211237
PAK,1981,0.25653377601011806,0.737485430955182,0.8865901627433546
PAK,1982,-0.06152318989267238,0.7371453877475146,0.2139983221575672
PAK,1983,0.8515835545380508,1.3437031612906942,2.566691626404915
PAK,1984,-0.47428780580286306,1.2853978148686795,-0.9658202288817245
PAK,1985,-0.3800569095852567,0.4238013598267444,-0.36524697649920723
PAK,1986,0.34576420549525255,0.4675448601366299,0.3326613696034498
PAK,1987,-0.521593767682715,1.9018849712263224,-2.2642877038323896
PAK,1988,-0.4590951094759363,0.8622464551526761,-0.8392778699993141
PAK,1989,0.7039294684122678,0.87741307409449,1.189883267426977
PAK,1990,-0.5685266131692744,0.7306712961208013,-0.5044556296778813
PAK,1991,-0.5873464598006605,1.2925659203991522,-1.209832923301512
PAK,1992,0.7208309415326324,1.228879978425864,2.186605745130941
PAK,1993,-0.26824516066426213,0.30090636274636934,-0.1940678641802729
PAK,1994,0.3794321338867328,1.1669441788720494,1.9711105418113615
PAK,1995,0.1767532541765692,0.41527044467689433,0.2585885053921016
PAK,1996,0.4529571139622379,0.824183343031395,0.8367300073020726
PAK,1997,1.0655437390087203,2.1794607339083316,4.188717243702269
PAK,1998,-0.5392778558465272,0.5112762706371695,-0.47071230141806164
PAK,1999,-0.8884271645437328,1.0096092032075334,-1.1615668310320464
PAK,2000,-0.9167683663612567,1.2459581408711042,-1.9161426460538618
PAK,2001,0.17349652599352078,0.5456808552759129,0.0891826279673113
PAK,2002,-1.1597487741908399,1.7047411390327798,-2.701010466002212
PAK,2003,0.045861955723710185,0.39552500847002375,0.26439424018094604
PAK,2004,-0.3465307270662014,0.444671631276611,-0.07895466751694687
PAK,2005,-0.11041594201096447,0.5446242860069914,-0.11046547496488578
PAK,2006,-0.3123132621010104,0.7530607244590339,-0.4872200277754423
PAK,2007,0.046224535629779004,0.6681931321762401,0.7595872599986289
PAK,2008,0.301194892178533,0.7903973136407638,0.7107462765745927
PAK,2009,-0.9903874607936588,1.57705622115576,-2.692857102390244
PAK,2010,0.6577475805415384,2.6446603778585036,4.946331121824326
PAK,2011,-0.18098734402929892,1.2098795384400507,-0.1731477715328282
PAK,2012,-0.5957167020577352,1.1924239984801113,-1.187519301207981
PAK,2013,-0.3605694327772448,0.7508848915843181,-0.15218726513148934
PAK,2014,-0.727888063142109,1.330086456856819,-2.096671419785807
PAK,2015,0.5787940460997281,1.2552135923925134,1.9512754683092082
PAK,2016,-0.4345918164070566,1.2510699034332315,-0.6800873835839593
PAK,2017,-0.528673072004636,0.628957365284161,-0.9003338684448751
PAK,2018,-0.6273801510630908,0.9880864243809437,-1.2539578260968323
PAK,2019,-0.398503518758817,0.47538960702408456,-0.48712592250725756
PER,1971,0.8873472001707939,1.5159627414436148,2.0829910820096877
PER,1972,0.9279633708991253,2.40348973677439,5.122452100797829
PER,1973,1.334012758121215,2.5819380633639626,5.8689176052510055
PER,1974,0.23716735580194542,0.8700544833429538,1.1029272744803797
PER,1975,0.9255028790279098,1.6229318359765026,3.136114445700736
PER,1976,0.23188775388419205,0.9035879157790841,0.278070695061767
PER,1977,0.007735860872039889,0.636084568767449,-0.05414656813301998
PER,1978,-0.43928215012940125,0.7154004165478343,-0.724282268493591
PER,1979,-0.26280781245530294,0.4146346835812266,-0.21130743439542288
PER,1980,-1.2735245793521424,2.1968077862012456,-4.039721363561413
PER,1981,0.21077613280547758,0.49708088142253587,0.5606492353007406
PER,1982,-0.41658651070597214,0.6761430935571688,-0.6346582601226163
PER,1983,0.07039081625421115,2.3303069275896804,2.4094511240957086
PER,1984,0.49387845592992463,1.0601500323403903,1.582340411060566
PER,1985,-0.46875723160439386,0.9471688549436464,-1.1150191355082215
PER,1986,0.4291564861267362,1.0551028093236703,1.705220638936475
PER,1987,-0.6241432166779819,0.7921150317086741,-0.6739037534253742
PER,1988,-0.020312128047089054,0.3423893769457079,0.11186371130477908
PER,1989,0.6572457809811825,0.9452298644830857,1.737699849874204
PER,1990,-0.39371336715473226,0.8575309723132873,-0.029119656649992783
PER,1991,-0.1349804441446381,0.4745441180773397,0.03863625807421287
PER,1992,-1.197666024112123,1.7187853684066845,-2.7460636193525727
PER,1993,0.4858919695000034,0.9687007357478514,1.3032767119917246
PER,1994,0.8932675351679308,1.3928268288236714,2.231202646608418
PER,1995,-0.46634444591466745,0.41847022994410477,-0.3410566889267736
PER,1996,0.4553740956552064,0.5575875020793465,0.5815402703333693
PER,1997,-0.6388721010019488,0.9908184042896093,-1.3478491094159164
PER,1998,0.6812842094166889,2.2964233448942726,4.463447302603482
PER,1999,0.6688915826898509,0.9526283287736589,1.3148940196200458
PER,2000,0.3595077015223102,0.42611394292129334,0.2719965122566283
PER,2001,0.5536411874509463,0.7403737982984986,0.9125486268999978
PER,2002,-0.23138922115913182,0.45757125229569307,-0.11752632626831196
PER,2003,-0.1975238920666902,0.5454766811441221,0.009684104151669731
PER,2004,-0.754385707255129,0.9339015189692864,-1.1098533899216736
PER,2005,-0.5883978224112087,0.6406884428334638,-0.8092601387298803
PER,2006,0.03233909664795191,0.4593167271496999,0.06897083299653507
PER,2007,-0.331871694754544,1.4202926038167214,-1.0125102336749212
PER,2008,0.056210219803132434,0.483458087285836,0.30002266257062626
PER,2009,-0.3319962181430431,1.0428353044161278,-0.8221232187435531
PER,2010,-0.9988555769758357,1.7194166464762397,-2.9714855553204633
PER,2011,-0.1412702147756119,0.9331018770595191,0.4975274584401694
PER,2012,0.100681468931425,0.41668139100884327,0.17229987797099033
PER,2013,-0.5481782604709021,1.1050648800423652,-1.7035292679792255
PER,2014,-0.2982190949658377,0.5429482132651822,-0.5369360624054836
PER,2015,-0.20321920141766353,0.7541683384871969,-0.369558490463896
PER,2016,-0.7602593529158506,0.9593871278958408,-1.5135397334998133
PER,2017,0.2916447734167127,0.7875536951465196,1.0916945560909785
PER,2018,0.32330417401622336,1.0923284405125109,2.0086755209986342
PER,2019,-0.8129210658083904,1.7637030452808258,-4.203096657936311
POL,1971,-0.05951178652429641,0.7381037862504102,0.370825477933053
POL,1972,0.639780791980514,0.7906095793027393,1.1160908907491585
POL,1973,0.16019743737648043,0.33526783040802655,0.1988589171095988
POL,1974,0.9603239520755363,1.6335677257800612,2.6050953802031405
POL,1975,-0.17391128048187285,0.5324371047754188,-0.2578474984496928
POL,1976,-0.638030811865816,0.6071470845984812,-0.6020359356249224
POL,1977,0.5747329636350741,0.8482259873500357,1.0155051816545102
POL,1978,0.4456107862846078,0.7636677162495559,0.8224320233606155
POL,1979,-0.41035768210580104,0.6729551487070174,-0.5633421804863226
POL,1980,1.6382339818130147,3.2096610597976287,7.1196107507909
POL,1981,0.17015604620182295,0.5656003303176849,0.3034755331306529
POL,1982,-0.6770415228412938,0.9484769654657027,-1.2640772827151077
POL,1983,-0.8119448563878552,1.239044366846991,-1.5805442905065794
POL,1984,0.432379515843522,0.5651794476193465,0.6328007035231279
POL,1985,0.5931849460618545,0.6940622945791318,0.8758949098159424
POL,1986,-0.037626859590897524,0.27645014731815504,0.00041328759907164453
POL,1987,0.5014599800910493,0.5359574182470801,0.5195344749280887
POL,1988,-0.36325619173282364,0.6098936092589893,-0.6187912573747686
POL,1989,-0.4761775675373323,1.01054205196705,-0.6390323383440822
POL,1990,-0.3109698017921884,0.6271246015797758,-0.5833043746394679
POL,1991,0.1591698438328058,0.7428474942374087,0.5753702641524986
POL,1992,-1.448326035739479,2.5496042820319214,-4.759202051555865
POL,1993,-0.15391548791664167,0.6981118163575435,-0.21137457331942228
POL,1994,-0.7207515013429444,1.5284448465692564,-1.578525216771613
POL,1995,0.07531070261976479,0.5341000111480962,0.10652624878068404
POL,1996,0.6727901803217073,1.0151772242555088,1.5568840580036913
POL,1997,0.8952769525975257,1.5618728909041732,3.143930728196932
POL,1998,0.09704352224865224,0.4407257838882237,0.23523473273796744
POL,1999,0.029035869211919422,0.9849247338196407,0.39125209104741343
POL,2000,-0.09111517898631595,1.2438694000654127,-1.053779805731113
POL,2001,0.9050193548972268,1.2811456555548646,1.901590416416185
POL,2002,-0.7195910327424652,0.8160392695705091,-1.0584247700611467
POL,2003,-1.150145121458359,1.6009553909400946,-2.451006035558554
POL,2004,0.0010547301457216262,0.4439732150281809,0.11744678305910314
POL,2005,-0.34022751070197604,0.4200267209563981,-0.2843696540224034
POL,2006,-0.6681951672019542,1.169763968010642,-1.6442815316404826
POL,2007,-0.11295317561948728,1.0381137225339736,-0.13010957630400305
POL,2008,-0.7816793528366288,1.2472376038457358,-1.6889845460736737
POL,2009,0.3505825705857196,0.7810139870307367,0.7043364771135938
POL,2010,1.1308459250533613,2.274228406097853,5.248291394718885
POL,2011,-0.040012595635615746,1.407039385543061,-0.15842535263393448
POL,2012,-0.2085491744251608,0.8819342522392297,-0.6354094116800116
POL,2013,0.4672356598756704,1.5930883549062251,2.5934468092441585
POL,2014,0.03987506054061132,0.7243658896401249,0.18760308379869797
POL,2015,-1.20010623688411,1.7326384726334008,-2.8129664357734434
POL,2016,-0.4939604413290922,0.7113476133071172,-0.6854040871392617
POL,2017,0.09698772608299117,0.9174881630310601,0.4929267840368876
POL,2018,-1.512409371146882,2.8111300013635034,-5.800819933379073
POL,2019,-1.0447105162198418,1.481220856628373,-2.3189490160490522
PRK,1971,0.4912745354133307,0.3711939109528654,0.33534794287312125
PRK,1972,0.12770473258439735,0.5397736575427061,0.5876584711685939
PRK,1973,0.12090150324088264,0.44742367551347717,0.21752433440767474
PRK,1974,0.43835740584893995,1.2724369675517302,1.3449468561557367
PRK,1975,0.1862699848579819,0.23550486841677637,0.1716770650747151
PRK,1976,0.013939829724897553,0.4600556109677594,0.057288854014758174
PRK,1977,-0.7815281216719638,0.9124694190103917,-1.250047753021985
PRK,1978,-0.37319421539739506,0.5295349449437619,-0.6694062305639343
PRK,1979,2.004872020318293,4.667109390288831,11.773669105360096
PRK,1980,0.25428536955133435,0.5662295439820364,0.3637852885987802
PRK,1981,0.32410413835506957,0.30629897811267065,0.22573721941436853
PRK,1982,-1.1827738420882827,1.6920141043932322,-2.675779709957058
PRK,1983,0.6122090917906492,0.9674785391052455,1.3931138110075718
PRK,1984,0.09720334173144435,0.20130234048306977,0.10263871470746946
PRK,1985,0.10638648176934616,0.7979196751359572,-0.19370320832284588
PRK,1986,-0.5495861995893572,0.4519536358166094,-0.39336439365717796
PRK,1987,0.6771271406533748,0.6474438424931163,0.7385674391664749
PRK,1988,-0.7116450713960588,0.6616090483890255,-0.6677425086619474
PRK,1989,-0.029040908484041044,1.7922165040694902,2.4237545964629175
PRK,1990,1.8896533655999987,4.489532982008137,12.034600804694351
PRK,1991,-0.136269616493491,0.15808249782843303,-0.032028559767236106
PRK,1992,-0.543571226264291,0.6671846445160747,-0.4971640039344877
PRK,1993,-0.2260944142040369,0.8276318925988051,-0.48717963492874616
PRK,1994,0.3534020764903045,0.5412802962123674,0.48144568942417054
PRK,1995,0.13176447095453575,0.17997460428627698,0.04943844837002663
PRK,1996,0.01358220208581698,1.0812169040245587,1.0526528117362488
PRK,1997,-0.06704458380435666,0.7295344876666783,0.17854789122521691
PRK,1998,0.015918867691369937,0.24384956835507124,0.02625555157994389
PRK,1999,-0.7152474963723138,0.6475656985327867,-0.6149254385391659
PRK,2000,-1.0873245749283977,1.3646869083517048,-1.8891158590026271
PRK,2001,-1.1555963216191563,2.1293810434617217,-4.452225143268173
PRK,2002,-0.34873295973610247,0.4146695455082321,-0.38250095223801717
PRK,2003,0.33586677455799824,0.42113413648344006,0.2508460614771042
PRK,2004,0.3734939440142674,0.4351481434720197,0.5030772202760245
PRK,2005,0.13701720724046013,0.5191689802904156,0.3292713900725368
PRK,2006,0.06263079812460062,0.5379813521456822,-0.010197506633848552
PRK,2007,1.0898679917229415,2.342665120568973,5.200529950598918
PRK,2008,-0.9922246368095471,1.06871202223328,-1.2437450812490427
PRK,2009,0.3636961603897483,0.32003835533457325,0.2037324115397031
PRK,2010,1.608902219074487,3.398318102851663,7.764977507138761
PRK,2011,0.023910166027559417,0.7335684812217365,0.275575127999241
PRK,2012,-0.09851545369463281,0.3259680215062551,0.020782752626074385
PRK,2013,0.5365801005918931,1.2936221533141148,3.046789415568367
PRK,2014,-1.5391535801113363,2.6231406494117486,-4.65875131665729
PRK,2015,0.015570873575984565,0.5319295406571992,0.39617863706169176
PRK,2016,1.3077128744730406,2.2464302285014215,4.52437390669458
PRK,2017,-0.9099580696900574,1.0313888288463258,-1.2285499199797292
PRK,2018,-0.18490078419477043,1.0671397307161818,-0.42452449951467464
PRK,2019,-1.3433453935873798,1.9507228050392134,-3.030557360421895
PRT,1971,2.56712533752282,6.733790019332392,18.009572872821245
PRT,1972,-0.2718136313641409,0.3008235407961699,-0.219559154870642
PRT,1973,-0.04578122910064075,0.7068420211993587,0.14692787705919053
PRT,1974,0.12576882938883258,0.19456708496639494,0.07880959903679906
PRT,1975,0.6890360605445274,0.9996434375683517,1.4013747388508357
PRT,1976,-0.33224333055208766,0.37819147165183,-0.38355598848781114
PRT,1977,-0.646369367836261,1.7341702085484076,-2.562807691101251
PRT,1978,1.110242122239026,1.3082946190454738,1.6067710968774165
PRT,1979,-0.11857269429117202,0.21128009109625187,0.0076823116102681405
PRT,1980,0.2715666955783438,0.1555152081190869,0.0712459348598613
PRT,1981,-0.1253500702805081,0.3277229033577797,-0.056506291630334486
PRT,1982,-0.9633334122855232,1.0265893659986,-1.1672773947391597
PRT,1983,0.29043745617473055,0.4251250069850488,0.44118652842581324
PRT,1984,1.3538175908086572,1.9301595317644014,2.872617426046709
PRT,1985,0.17036525131293093,0.17043301383403195,0.10230182531052323
PRT,1986,-0.7407314909314289,0.6723394383458271,-0.6753441672347417
PRT,1987,-0.9377825005621881,0.9253510443586188,-0.9515945454538579
PRT,1988,1.3778262690272707,3.920667690086262,10.005390115268465
PRT,1989,0.7634397018851244,1.002132965066252,1.33787704773967
PRT,1990,-0.35250847740934566,0.9148816948659609,-0.6259459556318043
PRT,1991,-0.8673960477548406,1.1377550519897068,-1.4962967217196588
PRT,1992,-0.02768573112505782,0.49441402776039123,-0.23717272051383378
PRT,1993,1.165744996104166,1.3884889267083607,1.6874800245371402
PRT,1994,-0.13712737440107572,0.27951868954946135,-0.06066715724360743
PRT,1995,-1.356399492994021,2.088112965334192,-3.4793221404091756
PRT,1996,0.4264189557858685,0.314223954395982,0.2429363304302306
PRT,1997,0.4112783092134531,1.1308778022452897,1.0516175695641254
PRT,1998,0.5449597999891607,0.4192182655509826,0.33804278025693657
PRT,1999,-0.598951092990777,0.512467512923411,-0.4928078515851161
PRT,2000,1.5114516112142853,3.014001654212486,6.429849908118102
PRT,2001,-0.44677304676841006,0.8517202024882703,-0.4539177898660881
PRT,2002,-0.38665113884430385,0.4189083608450129,-0.2645016754290472
PRT,2003,-1.1395065604088095,1.4820127905231484,-2.096585922310292
PRT,2004,-1.0388440948296203,1.1475010854723444,-1.3305204285910468
PRT,2005,-1.6081722988690863,2.693975907537724,-4.663142315576023
PRT,2006,-1.1492361604849033,1.4392045762731227,-1.9009069727006391
PRT,2007,-0.1305952553199746,0.3612616823961596,-0.2427145565453643
PRT,2008,0.3505198124621894,0.31870451462477467,0.22998643140764427
PRT,2009,-1.3237145857244546,1.9556207916319746,-3.107527698160032
PRT,2010,-0.16071174070887195,0.3007846955981053,-0.0811157848975455
PRT,2011,0.9573013841986971,1.6432644722963041,2.8952778245613238
PRT,2012,-0.6496400933734544,0.516301670956976,-0.4375830678622217
PRT,2013,-0.07121576373163983,1.530832623771254,1.256955970376708
PRT,2014,-0.17539423770411555,0.1949776642315767,-0.08104443710095348
PRT,2015,-1.2831851065181437,1.8812413780016857,-3.0529677813951177
PRT,2016,1.2276011898785675,1.7952674890738323,2.949372180478998
PRT,2017,-1.3506434178089042,2.112834284016897,-3.702907622196885
PRT,2018,1.4613386685956713,3.2785214819732804,8.731694501513182
PRT,2019,-0.8771171454476044,0.9583093220050798,-1.172396906153862
PRY,1971,1.3855446379167105,2.2966957537974926,4.17857801542786
PRY,1972,-0.12132406930227602,0.29770231224274013,-0.11943838316331985
PRY,1973,0.4682596214509942,0.5337228696033572,0.4812652976572055
PRY,1974,0.4951590138988812,0.694394423276286,0.970512526803826
PRY,1975,0.5845840335501162,0.994145051082169,1.3367042975411842
PRY,1976,0.19463938595609842,0.36038123239517383,0.04151293694298388
PRY,1977,-0.5448685072060361,0.8617993612989078,-0.841535344403836
PRY,1978,-1.451485579328819,2.184005699911997,-3.3861529409198874
PRY,1979,-0.10751245745812527,1.0588244113269456,-0.33168649299612823
PRY,1980,-0.2201839920008134,0.520928634446267,-0.0035003691388321434
PRY,1981,-0.5270402835952447,0.538362628985349,-0.524546433360718
PRY,1982,-0.7478859841530815,1.0397326238646287,-1.1357663468037904
PRY,1983,2.032332198574765,4.915965761636563,12.822559226950174
PRY,1984,-0.18869693228878254,0.37607062915288725,-0.21075817587802984
PRY,1985,0.08923869404788422,0.3990394267974684,0.11553180684226082
PRY,1986,0.21989174594393196,0.738758187366986,0.20898138611844655
PRY,1987,0.7600410606349796,0.7415827066884139,0.8550424937960994
PRY,1988,-0.4623628631401935,0.4848448172139631,-0.39141521797047163
PRY,1989,-0.1269855612203883,0.6410565333735805,0.24251254041781622
PRY,1990,0.6936734975042337,1.1480688009034414,1.8153068841021365
PRY,1991,-0.8350944556653579,0.9758570038497592,-1.1869927379750345
PRY,1992,0.986760775415239,1.4985495298862264,2.6161177209286817
PRY,1993,-0.7208290233706083,0.7281492096325667,-0.8281504948461451
PRY,1994,-0.040370198821277486,0.25682094445239845,-0.05491189296798155
PRY,1995,0.082830397795273,0.8205741207030965,-0.006491165001652208
PRY,1996,0.0941867909320718,0.7270030297324086,0.3406584517608166
PRY,1997,-0.1035192509737244,0.9865941871815672,0.6285731515498365
PRY,1998,1.6143427461989792,3.2680710275537175,7.335689682259177
PRY,1999,-0.5173163528160868,0.5545612157367095,-0.7784823605666099
PRY,2000,-0.1603373802594554,0.24432256723706797,-0.128844488199524
PRY,2001,0.0017154098794232436,0.390920078186657,0.021487468792904724
PRY,2002,5.600486818584105e-05,0.674804596726601,-0.3663858115549895
PRY,2003,-0.4998155465796419,0.7232172866961754,-0.7425126561647223
PRY,2004,-0.6091269436127936,1.3718344089499972,-2.2962916146195944
PRY,2005,-0.8486768053879389,2.0062053326466214,-3.3038679297421987
PRY,2006,-0.9529029936890382,1.4102110127103453,-2.397561432857875
PRY,2007,0.1346372344294386,0.3557746591108566,0.2977770825324819
PRY,2008,-0.41988611878919807,0.4418049877849344,-0.2649450706787791
PRY,2009,-1.0103018424706276,1.2569352556610718,-1.7626493601796198
PRY,2010,0.2639988138037143,0.6025260268837482,0.4161092042877994
PRY,2011,-0.4330298170590925,0.7513099399949099,-0.7409462613290869
PRY,2012,-1.1002078772586699,2.14779076215713,-4.948573702706575
PRY,2013,0.4883711334491788,0.6141498109032164,0.6144021472133039
PRY,2014,0.4565687163444044,2.4050219897263694,1.6949703127682594
PRY,2015,0.09014797160556418,0.3445036332800225,0.1701040052886621
PRY,2016,0.22774539723072768,0.8470109735313435,1.053626616437957
PRY,2017,0.9312430072606939,1.9388115781366528,4.495275751674289
PRY,2018,-0.45609454974778235,1.631720963010432,-1.9147985385018564
PRY,2019,0.34024709380788914,1.6272916823301486,0.24201567907086083
ROU,1971,0.47382451524382485,0.7307792811516848,1.143731402173374
ROU,1972,-0.205534313284646,0.8149413191890913,0.09309863285401182
ROU,1973,0.3206514391312635,0.2907550998624925,0.18862540893563406
ROU,1974,0.8362542532263698,1.1409899706609983,1.8011362699472044
ROU,1975,0.5009906469008338,0.9102522495160942,1.1451188723077366
ROU,1976,0.4816683196554994,1.6425804245199722,3.2312974428986165
ROU,1977,0.1442893815551903,0.31390876836636217,0.06898801620836915
ROU,1978,0.970405675826981,1.1359113765935125,1.4475760525104147
ROU,1979,0.6689523880454095,1.0627017464692088,1.702518302283803
ROU,1980,1.069933351115642,1.6583243434270363,2.9397382923494813
ROU,1981,-0.09130903385254593,0.3124995616594641,-0.056559938665133785
ROU,1982,-0.00979305377591647,0.3392907150674758,0.00861185245578516
ROU,1983,-0.10172369665227662,0.4964815278287215,-0.014440594919811933
ROU,1984,0.30030645263861033,0.37356101671873476,0.2885717061173334
ROU,1985,-0.06087136438971702,0.6517791782699957,-0.02574518021647951
ROU,1986,-0.5660077413333258,0.7515780761430805,-0.7156891453034687
ROU,1987,-0.27939476121233264,1.255676321173176,0.30614092059676934
ROU,1988,-0.40633010048536294,0.7804316642994337,-0.5368094461250605
ROU,1989,0.07177895595531626,0.45806036874251643,0.20576036947056422
ROU,1990,-0.7869504838247474,0.8030241992616614,-0.8882361456764224
ROU,1991,1.430391721680095,2.8835247181386796,6.682676545351
ROU,1992,-0.8373720278509079,1.178626506643945,-1.762398152285021
ROU,1993,-0.5033286484556043,0.7218906957657806,-0.8470372870354826
ROU,1994,-0.5818771841190734,0.7520591338975239,-0.903644381832212
ROU,1995,-0.15477861948159494,0.3975900184199147,-0.2242278958115352
ROU,1996,-0.42759919122605233,1.073589880003334,-0.6042223474450253
ROU,1997,0.8597743513320028,1.331443149971912,2.368092245024822
ROU,1998,-0.046855462585400826,0.5765885106282492,0.20006794388338095
ROU,1999,0.05203851081357998,0.5499304169434536,0.2818968354286113
ROU,2000,-1.4872788103430856,2.630492293932121,-4.919439990239489
ROU,2001,0.05576422317185575,0.5922300198047252,0.05949277226959294
ROU,2002,-0.270649928934874,1.0880178472919075,-0.4707282323329424
ROU,2003,-1.2772861405913452,2.2357349489671003,-3.906451200714607
ROU,2004,0.41845775955439535,0.7152646873819728,0.7997700695046769
ROU,2005,1.4282639686363718,3.1996067947615323,7.895354942555163
ROU,2006,0.15647212793074994,0.4655678726620969,0.41812740289895034
ROU,2007,-1.1521986201689172,2.117120900765335,-3.9231830459227317
ROU,2008,-0.3571137627782365,0.71359375344309,-0.6270164051299171
ROU,2009,-0.7780458429378374,1.0193828490787127,-1.4407475097429683
ROU,2010,0.42674780327238504,1.0745290597997204,1.3221442847126321
ROU,2011,-0.5492047453510821,0.8628878787870017,-1.128439893395114
ROU,2012,-0.9925757638994976,1.8954699718046906,-3.9885748167879242
ROU,2013,-0.2005418118373924,0.5746707174075857,-0.08737995947786434
ROU,2014,0.7533634937862111,1.9648584842789287,4.009062513541239
ROU,2015,-1.1521631479957641,1.7431870762816164,-2.9935543173473254
ROU,2016,-0.15765141187448387,0.713651250598899,-0.11614120515448977
ROU,2017,-0.48999395553018216,0.9830161801837467,-1.0195497083487393
ROU,2018,-0.27087174095581157,0.836907020961185,-0.48218361524165565
ROU,2019,-0.39237750421020856,1.4431129115014065,-1.4749554221000016
RUS,1971,-0.09997633740167046,0.47956493896034563,0.012084929205146509
RUS,1972,-0.734210091650218,2.165079997252259,-2.611455088913988
RUS,1973,0.04295719090190403,0.5932421741585888,-0.11487112436532865
RUS,1974,0.07999648096953554,0.45089862719743823,0.10915423179358463
RUS,1975,-1.3936421677698263,2.897746681224985,-5.845111589195693
RUS,1976,0.5027662386845004,1.0642323175968864,1.3889298117717006
RUS,1977,-0.16640626320462187,0.6721259016842642,-0.21752206411892291
RUS,1978,0.5754168372987113,0.7321011327231844,0.8924592555716212
RUS,1979,-0.15966470579588768,1.119680412310839,-0.5596784602577809
RUS,1980,0.5176731762600254,1.0081048368205479,1.3078599601108012
RUS,1981,-0.7069880270930069,1.531776997448207,-2.027839358159417
RUS,1982,0.20021858424461117,0.7914051237070716,0.4735846553358591
RUS,1983,0.09180361103921338,0.46957218253668925,0.18349210452239215
RUS,1984,-0.23213175968409688,1.088749445461949,-0.5184559047747589
RUS,1985,0.3704462810338153,0.644371958588533,0.6291546151415087
RUS,1986,-0.3139784813875422,1.2709552661212744,-0.48587425755052754
RUS,1987,0.2005886237288533,0.6077313214217879,0.5850454986770627
RUS,1988,-0.07865606619760451,1.0837425071417648,0.38473586112404234
RUS,1989,0.004980913638363071,0.8305150542316568,-0.059769071926718695
RUS,1990,0.5412005204367842,0.9720565428893476,1.1808810540324113
RUS,1991,-0.5472669434520483,1.0240484728942372,-1.3913877292934658
RUS,1992,0.40642389089352826,1.0553906771408594,1.2435526462602253
RUS,1993,0.827739695603499,1.2232474469112908,1.8212723662055823
RUS,1994,0.3067998899375736,1.0992845067450647,0.938439308024117
RUS,1995,-0.6310081899523146,1.2071109662341708,-1.3709111313590774
RUS,1996,-0.3690252508246259,0.7488482260036773,-0.3274891521404604
RUS,1997,0.3520556235005887,1.0805890785569399,1.1203109110613645
RUS,1998,-0.83472265869889,1.5176499012255078,-2.056384934844909
RUS,1999,-0.4655586752354427,0.752186685058563,-0.61350265024259
RUS,2000,0.33225232578968483,0.708320240967339,0.4642833132399147
RUS,2001,0.0757339524666268,0.5362159172405143,0.10784404057353628
RUS,2002,0.05152939067042818,1.0192447289015059,0.11938401512887195
RUS,2003,0.12916018373096494,1.0852220280876248,0.3380747227420008
RUS,2004,0.32964904399907385,0.6845621141539643,0.5104424362118275
RUS,2005,0.03486575951632055,0.5440898513353641,0.18306236481839896
RUS,2006,-0.025950375019752215,0.5575764666847977,0.12027922469384993
RUS,2007,-0.3041462484929213,1.2672673150435128,-0.8850036012224829
RUS,2008,-0.12177818379154506,0.48601140646561297,-0.07605668520718495
RUS,2009,-0.24446550858225727,1.0520922744551624,0.22013027821907774
RUS,2010,-1.4105217239255663,3.3055793552386645,-7.464094191611927
RUS,2011,-0.17056323877848867,0.6663686419207081,-0.19973148945120645
RUS,2012,-1.0959950604659265,1.8314480970498015,-2.977306454936103
RUS,2013,-0.36257659422563604,1.1362460213554104,-0.44559249557702185
RUS,2014,-0.6443567903604871,1.1039193140310584,-1.3788191843769655
RUS,2015,-0.3293154891918894,0.8805272862864975,-0.6194852228561948
RUS,2016,-0.02215111686836823,0.97836981204573,0.2876745921224335
RUS,2017,0.2208306781104001,1.1247567976235218,0.8169755719338643
RUS,2018,-0.5051504053897575,1.5515631288297123,-1.0970101241169947
RUS,2019,-0.45446609408276045,0.8150819997743298,-0.614753782162407
SAU,1971,0.4563869169894246,1.0044158515719075,1.6978637268835375
SAU,1972,0.9278719436281779,1.1798577881519434,1.5892730635536365
SAU,1973,0.6465279041764929,1.1085495806020085,1.430432596760252
SAU,1974,1.3047904985200267,2.260389212524743,4.597624482483213
SAU,1975,0.6060685203765578,0.644815327265932,0.7853950951436205
SAU,1976,1.0192670169163414,1.509984505894826,2.381772776391012
SAU,1977,0.5707149824267698,0.8824998499251167,1.1648497937147055
SAU,1978,0.7755314138710557,1.2963529785860335,2.10657240502355
SAU,1979,-0.41247351132580096,0.5115069507996753,-0.48373327549590883
SAU,1980,-0.2140884805723451,0.15947578749536,-0.00852382073231199
SAU,1981,0.6152112724894483,0.5438263462205234,0.4539503097262693
SAU,1982,1.4073974705274641,2.6382032042259924,5.350326990317963
SAU,1983,0.7051106830672021,0.6654034500978371,0.6829672179536648
SAU,1984,0.37480025034355463,0.44501085856956163,0.3045990184704666
SAU,1985,0.5364125133260952,0.6331236270036067,0.6137022547021366
SAU,1986,0.8015186815563474,1.1079087201188809,1.5783147182799708
SAU,1987,-0.40245731527174344,0.3664731644836071,-0.2556750481237609
SAU,1988,-0.17422324147460228,0.1695363579287033,-0.05845388007387936
SAU,1989,0.024252767758417768,0.15996736723230173,-0.0019455757055255474
SAU,1990,-0.48838482059237953,0.3510026757562161,-0.21287748610195545
SAU,1991,0.24348276915530842,0.5108338599563661,0.4846229401722368
SAU,1992,0.6263881913026452,0.49214273992557733,0.4270338666964738
SAU,1993,0.9230015284607895,1.1343847531913416,1.4969411939068926
SAU,1994,-0.4194101505667854,0.37986128744256226,-0.3204701153178448
SAU,1995,0.42079503296270754,0.7459675057574262,1.234942691993778
SAU,1996,-0.3789922855734126,0.59217236277839,-0.26271357271757667
SAU,1997,0.05467062903766451,0.2549265599928637,0.14626546715652528
SAU,1998,-1.0534968330476602,1.5437012633293226,-2.401487675694135
SAU,1999,-1.7397431145078475,3.226732737417352,-6.144478283794291
SAU,2000,-1.6384707488084118,2.8285388711265083,-4.995827823353127
SAU,2001,-1.2418508341526922,1.6288105348078217,-2.244652766476524
SAU,2002,-1.003781357776104,1.189213621681451,-1.5077761658696742
SAU,2003,-1.225482183111507,1.5596303755004255,-2.0303613118386363
SAU,2004,-0.629272444723269,0.4800660918778882,-0.3981839826211888
SAU,2005,-0.550333303388847,0.6475305764287655,-0.43871392467751147
SAU,2006,-1.5170842088052765,2.4839076414427157,-4.26398461568383
SAU,2007,-1.4596817120638625,2.313921704075609,-3.7971675139238132
SAU,2008,-1.7891404173617917,3.3519096134221433,-6.493955897476094
SAU,2009,-1.430344469057652,2.2001983247107297,-3.5639624505198135
SAU,2010,-1.7721671987391483,3.3103034686849133,-6.502471460339203
SAU,2011,-1.269741389005033,1.9915875194636514,-3.451555376414172
SAU,2012,-1.8451959431620435,3.898484582649454,-8.898248998814502
SAU,2013,-0.6546683502699618,0.6499537209126071,-0.7287015727110975
SAU,2014,-1.6232588793637008,2.756382478331594,-4.828983396025886
SAU,2015,-1.808431569264826,3.4387089111894884,-6.854701306616912
SAU,2016,-1.6860785673773513,3.1314421965204957,-6.316847062367569
SAU,2017,-1.9426180219422127,4.508532846651642,-10.587869377972943
SAU,2018,-1.473262396874233,2.742773761276863,-5.9001852040665
SAU,2019,-1.6204132936147653,3.7000647750784674,-9.372220596018717
SDN,1971,1.498211724968325,2.740857683757019,5.518223112884761
SDN,1972,0.8209869739940485,1.101990260930784,1.7236862712872147
SDN,1973,0.8219671025294588,1.7531841913363557,3.197594946807406
SDN,1974,0.6893661234315757,0.7355600384262956,0.8220861665505832
SDN,1975,1.3336394757894994,1.9670937527036814,3.110685255932765
SDN,1976,0.4501963076373947,0.7078939759609613,0.5748943158260719
SDN,1977,1.0151888716244206,1.7159312965431621,3.0603846413411278
SDN,1978,0.7020238323917443,1.116530051736268,1.8004150835816002
SDN,1979,-0.15456911649277824,0.2076476908383023,-0.06284039572229598
SDN,1980,-0.3500902967252014,0.8233111212284792,-0.3109967482515924
SDN,1981,0.07455346046395364,0.21651421623057784,0.09928114815112515
SDN,1982,-0.04615692787712854,1.281812164514621,-0.06332675482698653
SDN,1983,-1.111645129870157,1.5564540919760608,-2.1303138347612163
SDN,1984,-1.833922900463601,4.05786203966209,-9.237868737544302
SDN,1985,-0.5483747310164777,0.5119041883961687,-0.4617646259163807
SDN,1986,-0.17407153941342027,0.4203687233038017,-0.03134265508318467
SDN,1987,-0.3757061287382283,0.5285458431933244,-0.44485648408928385
SDN,1988,1.2959667432251192,1.9606095232678147,3.3183353488932936
SDN,1989,0.13313890418914154,0.25865804542973353,0.0993241106937618
SDN,1990,-1.6736336478187033,3.2216226973147077,-6.63001847922352
SDN,1991,-0.3757748931472989,0.6220143012123811,-0.4486459497331583
SDN,1992,0.13044134552554218,0.2288850283563004,0.036678361281004046
SDN,1993,0.02085856369988523,0.8380566900611713,0.5208119919575664
SDN,1994,0.547331249593568,0.5430693333706407,0.6048712997470519
SDN,1995,0.2589502776789094,0.44050102914785816,0.4581786884603087
SDN,1996,0.01513486465727935,0.25827823477245093,-0.09608646577230467
SDN,1997,-0.4267053251696234,0.4451711930874091,-0.4506369318990908
SDN,1998,0.5636218008399855,1.2065026309971836,1.427672268949448
SDN,1999,1.19645604909762,1.8848976766017707,3.058484096642496
SDN,2000,0.1949454251098634,0.5882140301603445,0.2968222625690457
SDN,2001,-0.13386350788713022,0.29323011853976577,-0.11097388560636791
SDN,2002,-1.0367854688635936,1.4607869324289944,-2.4528926237199413
SDN,2003,0.1733210055494261,0.4977638116918931,0.3254376550271958
SDN,2004,-0.5536043344155243,0.4043170687778671,-0.3220926951129171
SDN,2005,-0.3921851819392802,0.540252837388641,-0.455258368719051
SDN,2006,0.5264484410191951,0.9260605591898644,0.6298853646833039
SDN,2007,0.5463817668577701,2.315112971230457,3.7087361929759695
SDN,2008,0.02785631109362861,0.48092311393042897,-0.326230213820976
SDN,2009,-1.2102813217993786,1.8277927254999133,-3.0157136790685315
SDN,2010,-0.6659203259684836,1.8419664982888826,-3.7417371977823097
SDN,2011,-0.4545241455293974,0.978055511856792,-1.5209369023679793
SDN,2012,-0.1269446522045067,0.8405844390785099,-0.12904805669837377
SDN,2013,-0.224849852238646,0.5585280027778505,-0.20523982221044051
SDN,2014,0.6329947584063413,0.8167229127240856,1.0521092871192534
SDN,2015,-1.1342611477596787,2.1188877422637926,-4.699592769077322
SDN,2016,-0.650640231274184,0.7468241317124917,-0.9926955424872397
SDN,2017,-0.32942495009448636,0.6925497045935184,-0.9955989732621624
SDN,2018,0.2033050750714507,0.29480014861929227,0.09608099325630526
SDN,2019,1.0483021486316644,1.6939542766578501,2.7435267362628664
SRB,1971,-0.21156745051114376,0.2455453801615355,-0.12346798875015984
SRB,1972,-0.7425393200939819,1.053021197229304,-1.3613606415341606
SRB,1973,0.12792050258284213,0.1067369007445638,0.038237546814299334
SRB,1974,0.7887611365508072,0.8386547735473459,1.0503576777423487
SRB,1975,0.8073799340317973,0.9308418923208304,1.1809950495193446
SRB,1976,0.06719625342463773,0.26059054826439526,0.25852653999083147
SRB,1977,-0.11775452967803994,0.2115995392312051,-0.02169318306111283
SRB,1978,1.1132287577416518,1.3403571693083272,1.701043268732577
SRB,1979,-0.15607178185871926,0.4044156889151573,-0.15065886142830945
SRB,1980,1.4809897573912651,2.3439345116218187,3.9117396896002425
SRB,1981,0.16433611536525325,0.26229988744344057,0.15052711328182614
SRB,1982,-0.37155142104738015,0.40009710862718695,-0.4047167493500626
SRB,1983,-0.6060795731945284,0.8204531796204002,-0.9451775022736894
SRB,1984,0.36841575466534,0.3677658226937428,0.2737967545493876
SRB,1985,0.03812134973928398,0.27913988360141334,-0.009111311379249963
SRB,1986,-0.16399487957604647,0.4395691963021222,0.009955221331533622
SRB,1987,1.543833712455563,3.0581257697913764,6.7794812773766004
SRB,1988,-0.4532356094253337,0.648683960212503,-0.7515885183750862
SRB,1989,0.910794259056649,1.1994499836455959,1.8423132846903565
SRB,1990,-1.0287461187410538,1.1627187433620767,-1.4095110274705849
SRB,1991,0.697354140668598,0.7151133066586673,0.7992331631174258
SRB,1992,-0.49271711538411667,0.6659672640511203,-0.6733807308414937
SRB,1993,-1.3133565853618405,1.916928552842139,-2.979336544538326
SRB,1994,-0.48762646621331684,0.4567295681249851,-0.43960466897672207
SRB,1995,0.34723796615522323,0.31397470469297234,0.23776573567145198
SRB,1996,-0.22211621090396788,0.3627026490989339,-0.11132559076436177
SRB,1997,-0.19321370637386456,0.17357391231900426,-0.07524007633726366
SRB,1998,-0.46251391882103526,0.33482745588489987,-0.22982290406451672
SRB,1999,0.6522584250758949,1.4736311069310988,2.8609331116241186
SRB,2000,-1.813932610194213,3.417028153281236,-6.628288377621715
SRB,2001,0.9860642458852399,1.4509850312932866,2.4079772823852483
SRB,2002,-0.7416610417500684,0.8365732844060867,-0.9896978575947359
SRB,2003,-1.7884883140365286,3.3285153550325814,-6.394925844985802
SRB,2004,0.4470728478228131,0.5847518321612333,0.7107653470852665
SRB,2005,0.162913462557557,0.24430232472802096,0.16364321794717346
SRB,2006,0.29022238771210795,0.6199960269046272,0.4507442215080142
SRB,2007,-0.821952694353537,0.9098518870303445,-1.0963357549351287
SRB,2008,-0.633190676806481,0.7107726666813997,-0.8547560577678893
SRB,2009,-0.6886658884101325,0.8041714048233479,-1.0094172756512234
SRB,2010,1.3725904753625853,2.598573422230102,5.813596687930929
SRB,2011,-0.7816003641878086,0.7943203914854128,-0.886710799864191
SRB,2012,-0.6377653137440724,0.8608054043490783,-1.0504313590296253
SRB,2013,0.08986531947625283,0.7461468761561433,0.7385792533865313
SRB,2014,2.3011279172464953,5.981769298140638,16.595441052926606
SRB,2015,-0.5709616613416392,1.1364136290538993,-1.1993721054950406
SRB,2016,0.5028465442362101,0.7046395948293671,1.0775863752958157
SRB,2017,-0.7074073013839168,0.8252458419782998,-1.0068986986521884
SRB,2018,-0.12050956823518016,0.5503714671215344,0.19392173252718756
SRB,2019,0.9084448400648333,1.0104618316610599,1.1946487413784834
SSD,1971,1.390268122970789,2.561155410184014,5.35150373089455
SSD,1972,1.0851075988718561,1.8140561742610855,2.7370799994485946
SSD,1973,0.8330331297956526,2.137456723511896,4.076682527713748
SSD,1974,0.5895283197798948,0.563666847149449,0.6531914310076752
SSD,1975,1.4968891555083361,2.3546278976263144,3.8318241145342977
SSD,1976,0.8605501962497917,1.0028202444978083,1.243995566044449
SSD,1977,0.9153620018428841,1.1941805602256097,1.567240632425874
SSD,1978,0.5681929349710041,0.922973358235678,1.3552366165834842
SSD,1979,0.1767966055466335,0.3584556715317252,0.07530046927789066
SSD,1980,-0.03475769813759468,1.1422045779855285,1.0093513333136346
SSD,1981,0.12274652242738918,0.341389451406492,0.17541923662681613
SSD,1982,-0.0505176341726806,0.62184563989412,-0.19958177341894057
SSD,1983,-1.4717504407257256,2.2610340217731926,-3.612397614689398
SSD,1984,-1.882928374899564,4.020667199255931,-8.673163871380506
SSD,1985,-0.4958617892115317,0.46530979718687826,-0.3045460964550536
SSD,1986,-0.4691221092804822,0.3923509069992637,-0.438810972151634
SSD,1987,-0.8982795904493363,0.9201936814238285,-1.048897387130929
SSD,1988,1.1345845126917526,1.5631864827450515,2.4063342281446856
SSD,1989,0.0692993203810844,0.18418187302460087,0.056446970947848944
SSD,1990,-1.7982673133303781,3.569383954217846,-7.570876421953165
SSD,1991,-0.559156745888106,0.7300717296667644,-0.6689035972898703
SSD,1992,-0.2710911993848044,0.37099648364285676,-0.15241734604742033
SSD,1993,-0.3936377626822316,0.46518815606706754,-0.6609645933814329
SSD,1994,0.681185871610533,1.2621484910778082,2.0824462454457064
SSD,1995,-0.09265164864789381,0.1331602338638712,-0.009974035847403522
SSD,1996,-0.14783738408040448,0.25259971038435686,-0.10912622378606718
SSD,1997,-0.4020556044625636,0.5111888443049991,-0.35998880694122826
SSD,1998,0.6541737823679485,0.8503577628486385,0.9898773935532524
SSD,1999,1.4304004882082288,2.2714880051220963,3.9827873388997888
SSD,2000,0.986331724476886,1.2300457136086473,1.7231825866812454
SSD,2001,-0.08102873569532057,0.16686158222128644,-0.0964178631805138
SSD,2002,-0.4502838909818627,0.2995994552738834,-0.23949712975416418
SSD,2003,0.2910085853068152,0.235137010629284,0.11033864588437271
SSD,2004,-0.47774454514400316,0.34268664541396476,-0.32690531202030176
SSD,2005,0.025568137904138387,0.5732846948963239,0.16611027702760975
SSD,2006,1.228452189196389,1.9316280979804463,3.0347783527096053
SSD,2007,1.1223850157475108,4.079706576932041,9.330783442449938
SSD,2008,-0.06042178172346694,0.19605386448947232,-0.026852588994217826
SSD,2009,-0.9963827276558768,1.2669355022906583,-1.7815968520977132
SSD,2010,-0.6251707872427228,1.1174442351116187,-1.8470153516885741
SSD,2011,0.07828216965866294,0.484533027702987,0.256465136202068
SSD,2012,0.4390175320361774,1.2156108593364257,1.6288540662254325
SSD,2013,0.13304900980448123,0.40950141586288835,0.4114275182939291
SSD,2014,0.7426707014269083,0.8307325857292671,1.0880437655796205
SSD,2015,-0.5342958649875245,0.4693784830100663,-0.46387255329032573
SSD,2016,-0.5520201211791449,0.5385036742860143,-0.6177790377491332
SSD,2017,0.22059469894930106,0.3760378329115418,0.11158150629946226
SSD,2018,0.24920546454069664,0.22817760956073319,0.1392886666208446
SSD,2019,1.6733303838781768,3.1665639487983404,6.469065111376814
SVK,1971,-0.11949931802107372,0.20021248543541237,-0.0981249089115288
SVK,1972,1.498516646906916,2.630630050135973,4.900419933727751
SVK,1973,-0.37405489238227413,0.5110489927271287,-0.35067273058134696
SVK,1974,0.30224990917369243,1.1276753813570457,0.5779543632715263
SVK,1975,0.5624676400281936,0.6968907113567543,0.9011488021824091
SVK,1976,-0.7570128032841393,0.6493857838863543,-0.5993052198259452
SVK,1977,-0.3726917746327669,0.5300226464561988,-0.29878505977510295
SVK,1978,0.4668545578399883,0.3718003522339337,0.2941735676887288
SVK,1979,0.1356879637175011,0.3837380070433493,0.012754579106690034
SVK,1980,0.9562919036406394,1.2287436905242428,1.8739599939818066
SVK,1981,-0.38956396822303146,0.2624591330287207,-0.17175387127067343
SVK,1982,-0.36539469376649447,0.42160615822647507,-0.3341869468804401
SVK,1983,-0.6708065266527875,0.6603840413788427,-0.7431990638942401
SVK,1984,0.7673655827407194,0.8489143159323715,1.0190960215291867
SVK,1985,1.0433352577068666,1.2316293974139678,1.5735599963045563
SVK,1986,-0.4584450633001957,0.5239130388816524,-0.4295817970603799
SVK,1987,0.9594410513819768,1.7465745341077703,2.62658081152304
SVK,1988,-0.5238114826952637,0.6088212136774769,-0.527369586960427
SVK,1989,0.024966569906625373,0.4980093871022227,0.4211753926321493
SVK,1990,-0.4438052994599687,0.4517763156546392,-0.40735498075320564
SVK,1991,0.5301451730160438,0.6032750285166997,0.48483614398976105
SVK,1992,-0.8268054262202276,1.0269264056603824,-1.4642958663824348
SVK,1993,-1.175613083304326,1.6943381855120228,-2.6148335367135167
SVK,1994,0.20243894222772774,1.5587035494250352,0.5844447548388437
SVK,1995,0.8143036354661798,1.3096904872488293,1.9413983492199143
SVK,1996,1.3588737099575947,2.534979109320166,4.8795156043812655
SVK,1997,0.7381860954329915,1.5195639846973767,3.5547951540367335
SVK,1998,-0.48434067585322876,0.6522972728608618,-0.2968207329868096
SVK,1999,0.44377224006767774,1.0483992618482814,1.4374271424423986
SVK,2000,-1.0496097075674142,2.1513540622917895,-4.433746916738713
SVK,2001,-0.09492741743173147,1.0606336611774798,0.9594794618539655
SVK,2002,-0.6048017796755691,0.6546356953276203,-0.6988065724914864
SVK,2003,-1.5426569069345277,2.469971157786005,-4.062356291778069
SVK,2004,0.45228607804166154,0.4627244112916983,0.5268416898051596
SVK,2005,0.07328103435200638,0.23909708354285392,0.15957860658863174
SVK,2006,0.5618714001807922,1.5227751877838367,2.5543290917582966
SVK,2007,-0.9946346288045318,1.2888860879258697,-1.7083530241869287
SVK,2008,-0.08257821549761599,0.42513133495633204,-0.3613318657650764
SVK,2009,-0.37068944211997046,0.5297557137603351,-0.40121152433119367
SVK,2010,2.635205298225444,7.203823783152524,20.208392994922164
SVK,2011,0.11541124807313635,0.6932290803156167,0.28088637122363347
SVK,2012,-1.1567577365053512,1.8911660719239576,-3.7266805780340033
SVK,2013,0.03419470338896077,1.2194627360023176,0.2356839205621346
SVK,2014,-0.05753856471847576,0.43212769365727777,0.16033606583461
SVK,2015,-1.3792076827002528,2.5675894163679134,-5.239774523436484
SVK,2016,-0.11739451573403421,0.6489435278112129,0.1576389537069347
SVK,2017,-1.1435662266246933,1.9481265465274409,-2.9481766522242228
SVK,2018,-1.0640034956156865,1.5839437919832262,-2.4263697358133394
SVK,2019,0.07049843964356561,0.29878930221726047,0.0070730016136089984
SVN,1971,-0.4076967576157739,0.7455364245385105,-0.6869773345062589
SVN,1972,2.3202723310899636,5.731098104171704,14.854729171973458
SVN,1973,-0.22732984523227528,0.24036990296334565,-0.16294941469662588
SVN,1974,0.28284971390690916,0.23100181507400164,0.09283102012717522
SVN,1975,1.2922843217797473,2.527165330750825,6.019079930727474
SVN,1976,-0.3892995028506858,0.5231576956670662,-0.36836742114145477
SVN,1977,-0.37893727484319917,0.2413819202206637,-0.14685897484408447
SVN,1978,1.0644098246780156,1.289680800202099,1.7145884193613756
SVN,1979,0.36172057849996686,0.6010252384006745,0.8265973505418618
SVN,1980,0.14463376986086465,0.29584016001854957,0.33613924210864893
SVN,1981,0.049111380209527836,0.5205573009383682,0.008479379143524736
SVN,1982,0.13587218563151837,0.0669562109353941,0.019905843578904257
SVN,1983,-0.6666740655099599,0.5541391042975528,-0.5020923794561094
SVN,1984,0.5547865880986574,0.5008410258438689,0.4452922679822512
SVN,1985,1.2508407685091694,1.9368172672802033,3.4340123107554104
SVN,1986,0.10872132519854028,0.44763066488419234,0.02073142742670317
SVN,1987,0.6948787417182922,0.8036358752418209,0.997792151091285
SVN,1988,-0.2206030881474179,0.13019986276134704,-0.07013586983186042
SVN,1989,0.7051751175890127,0.9678861396549038,0.9060137883662573
SVN,1990,-0.09753232840514217,0.1947979716686281,-0.09912452313101316
SVN,1991,1.0840959848913518,1.5347012407773457,2.3653041614115473
SVN,1992,-0.8279662236701719,0.959087236543839,-1.194146462229821
SVN,1993,-1.8450443440348006,3.5105395425747603,-6.864500837123039
SVN,1994,-0.08843405034310503,0.5541043978048534,0.08581242401509714
SVN,1995,-0.16646285355554813,0.1874452651089689,-0.006048390549878151
SVN,1996,0.7718561222287561,1.0479714212655051,1.386221659847168
SVN,1997,-0.38607505457378,0.86989259098015,-0.9004681734872344
SVN,1998,-0.39331264450725173,0.4924982818170599,-0.43540783494866575
SVN,1999,0.6829159680805401,1.1326165967326256,1.1622129412536228
SVN,2000,-1.0798322021835236,1.7036614560291539,-2.83603215646098
SVN,2001,-0.27586412536221283,0.7562236770397139,-0.2225447837649711
SVN,2002,-0.8643060234055004,0.8352186078475807,-0.8914060900134435
SVN,2003,-2.1839398492965967,4.898346559475266,-11.261745038362672
SVN,2004,0.6677649930123417,0.6077547157225599,0.5807577538309298
SVN,2005,-0.5675678321331278,0.5091312479893768,-0.4568474823732869
SVN,2006,-0.3372068039332655,2.2138233717643514,-2.2902797274513595
SVN,2007,-1.3031598293601154,2.2368034396469723,-4.4383649259660345
SVN,2008,0.21331158330131056,0.31497491836281916,0.09229904344278135
SVN,2009,0.11337987504671887,0.6925880327757423,0.693841806193599
SVN,2010,-0.7585722727890604,0.6797107448072403,-0.6450527823939709
SVN,2011,-0.6907379117462216,0.7419456711134411,-0.8695496020187887
SVN,2012,-0.10375423156323843,0.14267422972599103,-0.0037883548802875554
SVN,2013,0.021520664428327407,1.187673769860885,0.6420405268953712
SVN,2014,-0.25018418488149896,0.5411590192165922,-0.4720146797699738
SVN,2015,-0.3406573847350704,0.2675040542445678,-0.23857589490211809
SVN,2016,-0.23540645018619755,0.3033345155324511,-0.2521035507051524
SVN,2017,-0.7888672627369603,1.3492774622313564,-1.7083908759986643
SVN,2018,-0.2169853351471847,1.2365145406189304,-0.9786642907522051
SVN,2019,0.18518539584205784,0.349755211212876,0.11091428390500084
SWE,1971,-0.5069967359866484,0.6481491674731884,-0.8889380218653794
SWE,1972,-0.36202912485959304,0.5021125445075085,-0.5263858106336703
SWE,1973,-0.6414070680014994,0.6181383355750422,-0.605435126268575
SWE,1974,-0.18354280652609312,0.5872572633005076,-0.44496276770312576
SWE,1975,-1.1372897254120193,1.565173380171962,-2.301437848516728
SWE,1976,-1.0530517367720196,1.2839064135180678,-1.676295676326414
SWE,1977,0.44640170149111713,0.4777086304233783,0.5250899241105962
SWE,1978,0.12392641707550209,0.639446871518837,0.31876309886859616
SWE,1979,0.4115262558946411,0.6262063717028145,0.6796900277167763
SWE,1980,0.6358374258998556,0.7162585197442892,0.8739113379568719
SWE,1981,0.35725357908905375,0.509221991339714,0.5228951356166075
SWE,1982,-0.4018592711068209,0.3421384282111137,-0.283146547265478
SWE,1983,-0.6471991337178565,1.3637416542761276,-1.8208476612579132
SWE,1984,0.4155886931792564,0.5491163815427668,0.5979435088268956
SWE,1985,0.5289782231782626,0.6732305839510491,1.0434837261724534
SWE,1986,0.11627980144953366,0.7198240620492585,0.9722666503519807
SWE,1987,1.3376827831850409,1.9726169829507436,3.1130991285246252
SWE,1988,0.011623538454838142,0.589222401384481,-0.10205269119951715
SWE,1989,-0.9624256716329269,1.3412687754223507,-1.8786236203699453
SWE,1990,-0.20536702422912947,0.827411707507268,-0.45066612772526293
SWE,1991,0.8118512569930009,1.686557305008535,2.6802535002892265
SWE,1992,-0.9243952939151546,1.8217119925017111,-3.603634195333337
SWE,1993,0.5576188158514488,1.7184742086534732,1.820895707462679
SWE,1994,-0.7112361340180248,1.0402191026405532,-1.3693366472907569
SWE,1995,-0.04209728011610857,1.5553135296881047,1.4924996963395183
SWE,1996,0.13137376004390436,0.5706762858153858,0.3879107870007453
SWE,1997,-0.3243462731307951,1.280864457869629,-1.1493705054396108
SWE,1998,1.0871433377313433,1.3407312592590674,1.8107303472557215
SWE,1999,-0.34081024539420374,0.9052707125693351,-1.1548468016449833
SWE,2000,0.5562616515790428,0.9024191363346528,1.4328840020223215
SWE,2001,-0.45851758805506637,0.8041908226825102,-0.6740970217334749
SWE,2002,-0.33027665845353865,1.1134054393442014,-1.2332300100991918
SWE,2003,-0.21739112321136972,0.8839699714117875,-0.29384509249097096
SWE,2004,0.4070208165491781,0.5697926184247548,0.5874367851822857
SWE,2005,-0.038134678092845896,0.41193802114144495,0.024500453333513316
SWE,2006,-0.6631641465517518,1.0197991812961116,-1.4215890375910099
SWE,2007,0.6449734132533919,3.119255945037962,6.724708584962471
SWE,2008,-0.8200968150534284,1.6437742576501413,-2.4184088857021155
SWE,2009,0.2718982793693106,0.8311716641243048,0.675106205173717
SWE,2010,-0.06937381888376898,0.28442393182677367,-0.01906068450816354
SWE,2011,0.08381593043793914,1.865478525622611,0.22504785573738323
SWE,2012,1.0930936952851145,1.9865306674206837,4.3084402116797005
SWE,2013,-0.7417203597297994,0.9137067602597849,-1.1995726953254076
SWE,2014,-0.22897242564755715,0.7675510741450385,-0.3235749193037773
SWE,2015,0.7247904745849921,1.2959741701923955,2.619547344805191
SWE,2016,-0.29549451610134136,0.3310957812085254,-0.17444309355749243
SWE,2017,-0.3250431751821159,0.47915801491095716,-0.35392839431644657
SWE,2018,-1.9611342780816798,4.424949750597838,-10.94771721439185
SWE,2019,-0.7852293099736365,0.92579307053269,-1.229971553777545
SYR,1971,0.978431466024995,1.5785735731322075,3.090490104295637
SYR,1972,1.2177050537935163,2.612765247818423,5.299168415420955
SYR,1973,-0.17580697279228608,0.5812352728910968,-0.3811291556317561
SYR,1974,0.21621638421716438,0.669624777770088,0.8296874713171326
SYR,1975,0.16817781591329128,0.20971287839558964,0.08015814968050511
SYR,1976,1.1866637680853855,1.6555039723193703,2.502917705285926
SYR,1977,0.3780085848507466,0.5348519876886266,0.46315684626966686
SYR,1978,-0.3165225783898897,0.3006169470228978,-0.18842876464617053
SYR,1979,-0.6911162471851161,0.7998543169720153,-0.9347329878193574
SYR,1980,0.597364416234735,1.031248975285384,1.319228398195367
SYR,1981,0.8639595861718964,1.0913992562728723,1.6129032261104748
SYR,1982,0.6205545617105098,0.8869278633095344,1.1863387618142023
SYR,1983,0.7797688685754325,0.8981050056606501,1.1269571577490496
SYR,1984,0.08470263185940756,0.6129642973711832,0.4168297726042318
SYR,1985,-0.47955619882712736,0.589028403588704,-0.6179398744566719
SYR,1986,0.22801872100400108,0.9707290351166079,1.0698719755170576
SYR,1987,-0.021333481014229837,0.3797588059344802,0.08801873401719328
SYR,1988,1.0024803277377243,1.8177843783698329,3.1246931141308933
SYR,1989,-1.679333106800845,3.1118907841285433,-6.100809661445565
SYR,1990,-0.4585592367535664,0.6013269042702548,-0.6638635259764786
SYR,1991,0.42202651238701133,0.3680274476564254,0.3121222510655562
SYR,1992,0.7301661424485548,1.619740407531605,3.2066889220101547
SYR,1993,1.0617715865038808,2.5574918759390233,6.147551957189641
SYR,1994,-0.7983597072141746,0.95808520304965,-1.2252984978715424
SYR,1995,-0.5033137507196567,0.40254219368365857,-0.3097131876722417
SYR,1996,-0.08837603307466095,1.1605095637410758,0.5287076466297668
SYR,1997,0.28564752960430895,0.6638029616690723,0.6852046626991809
SYR,1998,-0.3073631135628175,0.5928762377847399,-0.28881425424997076
SYR,1999,-1.050191988470995,1.3328369790675076,-1.7717158337534065
SYR,2000,-1.2589800474245652,1.7535937748072983,-2.6255701653331944
SYR,2001,-0.16019692376921185,0.38425151551030323,-0.336433405617804
SYR,2002,0.034018122917741506,0.258611694861665,0.061239629081072756
SYR,2003,-0.11853241073172503,1.823833883816526,1.5591228232959526
SYR,2004,-0.7521021318825232,0.8058760313244225,-0.9747503981242207
SYR,2005,-0.7295513458922391,0.7311112283630637,-0.8729141739589573
SYR,2006,-0.32050267600904775,0.6741886895535384,0.03209764677669648
SYR,2007,-0.04471708353447194,0.7321401446976753,-0.09727477208521894
SYR,2008,-1.4193042520230035,2.499212051708867,-4.91950305532851
SYR,2009,-0.47747073252359146,0.5761169447356459,-0.46740152303082994
SYR,2010,-1.5790409859074046,2.793811360670441,-5.2790769400958775
SYR,2011,0.36188934066770667,0.6076707432954208,0.6359599033061847
SYR,2012,-1.130479673021214,1.8441843593101144,-3.0295974401616736
SYR,2013,-0.32087517394232923,0.8861839108586502,-0.735879821046382
SYR,2014,-1.285012240757665,2.0590293305258625,-3.6758481470517053
SYR,2015,-0.3382299803064753,0.6300273879191259,-0.31267052554773245
SYR,2016,-1.3326595043661489,2.3369831831476175,-4.6362515640041915
SYR,2017,-0.9330403939393406,1.3803928399893561,-2.162903737530054
SYR,2018,-0.7875836618063252,1.6821443938469376,-2.87221789818911
SYR,2019,-0.003230411369009693,1.8430658395793238,0.44309104679366557
TJK,1971,-0.31419582953070796,0.8654356014315677,-0.09525464793851242
TJK,1972,1.393810090847369,2.5493928520189084,5.263986175738208
TJK,1973,0.2119695951821923,0.8896613378616088,1.2465819698198344
TJK,1974,0.3749816559081583,0.7206292010613065,0.8967393928940043
TJK,1975,-0.5678881997195316,0.6495717395864207,-0.5300931497048352
TJK,1976,-0.3684031795583079,0.42099532478109847,-0.3351187430015192
TJK,1977,0.005358385218268268,0.8522049855751409,0.8206475429617631
TJK,1978,0.3584668552726635,0.6308145163859179,0.6772076569205505
TJK,1979,0.13486171731170826,0.5522774939964697,0.425235227364285
TJK,1980,-0.5655413536734197,0.4572553070658322,-0.4292666243815903
TJK,1981,1.1901696472956573,2.225890803257387,4.573326246288019
TJK,1982,-0.03016951215976293,0.7551105842049791,0.0007831831178213219
TJK,1983,-0.3536141212939264,0.7660135761090577,-0.576065893273963
TJK,1984,-1.4769806028311987,2.574177713035015,-4.912029877205576
TJK,1985,-0.6757754188076248,0.625107422994603,-0.6459892326905602
TJK,1986,-0.4259788382995974,0.33589324402785525,-0.20139811911446676
TJK,1987,0.9284374262145458,1.361741946116582,2.3833971236502114
TJK,1988,-0.8272043851760588,0.8239697894304842,-0.898940076017089
TJK,1989,0.046184763572726176,0.3106572150541543,0.1901658201761186
TJK,1990,-0.7268962989828016,0.7123734516029372,-0.7330307318162641
TJK,1991,0.9559793147064671,1.2507956973692127,1.917126193378017
TJK,1992,1.4024639559664358,2.1530292610644413,3.5236264406397644
TJK,1993,1.2569070161378608,1.7537668052176294,2.604644908690276
TJK,1994,-0.24393277237680427,0.3742100954549394,-0.20916132313297947
TJK,1995,-0.6204198137076237,0.4849783983657068,-0.386600427066233
TJK,1996,0.04571802877721562,0.23161252437054397,0.08182570164141847
TJK,1997,-0.057218730403983314,0.6413305117790906,-0.03207084039371177
TJK,1998,0.9496867764174425,1.536207834247873,2.6361220419536067
TJK,1999,0.2589089879069361,0.3291876289417269,0.29495447270670405
TJK,2000,-1.0484795137865133,1.3127234996315016,-1.8374436280975721
TJK,2001,-1.0389104874089072,2.2308945057997516,-4.413914169599615
TJK,2002,0.22461009268996007,1.0071852765553049,0.5330436126169474
TJK,2003,0.7430655171201704,2.272799762399747,4.481197452582564
TJK,2004,0.10973260991864456,0.35121911671693734,0.10096845731486757
TJK,2005,-0.6322801340033418,0.7659303492174355,-0.8799516052130354
TJK,2006,-1.0933652343308284,1.4424368000313188,-1.9539747442532613
TJK,2007,-1.0370789820300093,1.295085203666152,-1.8073958830299148
TJK,2008,-1.8234429219539083,3.5950986055658922,-7.546962990060207
TJK,2009,-0.04443050281623989,0.7222747573701002,0.057196233103838215
TJK,2010,-0.1444026575520511,0.7046149593594768,-0.06979416398524221
TJK,2011,-1.6738489797741356,2.902581087715041,-5.198780418593908
TJK,2012,-1.297627849656354,2.025117327534241,-3.3133493708478357
TJK,2013,-0.8347246547314238,1.39764233853675,-1.9899085819899986
TJK,2014,-0.9818164159802183,1.3829161036554116,-2.000060842219896
TJK,2015,-0.9042250697451473,1.1108017444985143,-1.540915103867092
TJK,2016,0.0023086669515642692,1.325848565128243,0.13537290179075145
TJK,2017,-1.3144073853877254,1.9884950909342234,-3.232517806403238
TJK,2018,-1.065437502879148,1.9316648193989925,-3.387562075955379
TJK,2019,-0.5135370120408609,1.7482958394544983,-2.47472887076228
TKM,1971,0.4534160226753995,0.9300496098354757,1.3941497378339627
TKM,1972,1.594571989032866,3.562318613545015,9.16790988690006
TKM,1973,0.5045388950490385,0.8357337781962796,0.8371462389344558
TKM,1974,1.1327265186074593,1.9088727253639397,3.5330859805758252
TKM,1975,-0.6258107848364383,0.586187032537349,-0.5362851912636437
TKM,1976,0.46646587183642585,0.7139089719447581,0.5367741194021042
TKM,1977,-0.3245965416424075,1.3976257952563085,0.611154427558884
TKM,1978,1.3867953167458773,2.540658716568692,5.127103838228172
TKM,1979,0.6691633835629809,0.6125110269143659,0.5973745260429703
TKM,1980,-0.316606214501093,0.3698480495213338,-0.2824547093260799
TKM,1981,1.2902396372368794,2.101149359579792,3.735311652481979
TKM,1982,0.48841266086816126,0.967029760700439,1.0983653264789865
TKM,1983,-0.8133927680198246,1.2443101250371873,-1.80102856555535
TKM,1984,-0.4873992323784459,0.6965167538916609,-0.6315886879071869
TKM,1985,-0.34432455723106903,0.38976443118600473,-0.2727150519082461
TKM,1986,0.12013857113216542,0.34993829647111263,0.22100773150208636
TKM,1987,0.04745887649979281,0.17014527751148495,0.04987489748389984
TKM,1988,-0.16820800679705883,0.1422622507238494,-0.03300479160474909
TKM,1989,-0.3821453814574215,0.34339455039271954,-0.25440336331288455
TKM,1990,-0.5748944369474542,0.4030860271419566,-0.31556567782940215
TKM,1991,0.7414509154359458,0.7791498442054849,0.9675984828864814
TKM,1992,1.688902932419438,3.153392754987071,6.367343616941203
TKM,1993,0.8325490646852896,0.8442233534183102,1.0125597238797641
TKM,1994,-0.21769432472565978,0.26977193950491857,-0.03777914733244314
TKM,1995,-1.0624286434084291,1.2635856213446561,-1.573584319761448
TKM,1996,-0.2760022926311517,0.2388870044159056,-0.1502491932862771
TKM,1997,-0.5647690146502771,0.7634572045622681,-0.9045165216933703
TKM,1998,-0.23766986355662928,0.5816639315844996,-0.23865608796723495
TKM,1999,-0.4301035089360619,0.42465975945695483,-0.41203493202383934
TKM,2000,-1.4017764467195362,2.339118567219213,-4.385805662691853
TKM,2001,-1.3878264357334722,2.6679937403340706,-5.416394231467149
TKM,2002,0.03773972739361016,0.6319801088166547,0.23358748658421086
TKM,2003,0.8058328929973455,1.5826200962318564,2.555726300264988
TKM,2004,-0.14557042923349028,0.13346385711886025,-0.05383011702700613
TKM,2005,-0.49869283696228395,0.542528645037494,-0.5670691108783676
TKM,2006,-1.4061566713373645,2.1029566908348762,-3.3299547147522635
TKM,2007,-0.751552870243986,1.0139096591471526,-1.082954651458348
TKM,2008,-1.8589273993259685,3.766318189598819,-8.20213019609454
TKM,2009,0.3825218056412647,0.7327504284812287,0.8714707824504085
TKM,2010,-0.9472301589440998,1.142992300791624,-1.5572416144112353
TKM,2011,-1.3620721501811863,2.104707995632287,-3.3949144906009403
TKM,2012,-1.2689907980463813,1.7824041020870238,-2.7349318589774283
TKM,2013,-1.0063988221113291,1.2722040319499777,-1.777022649850971
TKM,2014,-1.2146068731088626,1.6658343836501879,-2.4226931005872503
TKM,2015,-1.7805697396917137,3.498664085262213,-7.316610428753353
TKM,2016,-0.5854495289165889,1.2403718451766594,-1.7007590311773364
TKM,2017,-1.5896697975035319,2.8206958138061458,-5.492726243935731
TKM,2018,-1.3363495626566415,2.430531407887142,-5.052971345955781
TKM,2019,-0.631404949934548,3.2098984172049296,-2.0484931310826204
TUN,1971,0.25525057930145867,0.20616959334029863,0.13506190411998326
TUN,1972,1.55247314102293,2.7069876231591694,5.192208370776135
TUN,1973,0.5833440445183765,2.539212165453144,5.95746437036083
TUN,1974,0.04611650948430818,0.1379303903622445,0.033327210558824594
TUN,1975,0.5673797492404219,0.43447967833523143,0.38536005030768394
TUN,1976,1.8325771173761916,3.7860354405706826,8.533768780881374
TUN,1977,0.3983255513445069,0.3478205236628926,0.2769812820868954
TUN,1978,0.5922344446772989,0.46890806293757065,0.4122888822202889
TUN,1979,0.7309595265915126,1.0557093593545082,1.5590726959230639
TUN,1980,0.9771535861748546,1.0931464175656715,1.3488751054810408
TUN,1981,-0.36081599494712985,0.6169685095652414,-0.47867583224055194
TUN,1982,0.1647570828287924,1.1801533220675977,0.6794944137284388
TUN,1983,-0.9497740967721787,1.0651537770625938,-1.3022205794322033
TUN,1984,-0.5681882463079325,0.48631171269415824,-0.42103848314425957
TUN,1985,-0.05199393738218723,0.3098764099609427,0.15002426073916014
TUN,1986,-0.213323570708953,0.3109296260753224,-0.14325982391503433
TUN,1987,0.2917515060713861,0.3125875272582095,0.2410818235696105
TUN,1988,-0.19338477728355763,0.3436535437327285,-0.0951451563154524
TUN,1989,-0.17268059501479077,0.31325234377704625,-0.26809368635491837
TUN,1990,0.2381921713625785,0.37342482868934135,0.34370486411007234
TUN,1991,0.8440481378461773,1.0784051410120576,1.6512996246638132
TUN,1992,1.9132788194591148,3.9249846304366383,8.456792916227755
TUN,1993,-0.4421001202840821,0.3833364318432313,-0.29838739439362993
TUN,1994,-1.4435190573054686,2.1973681371986,-3.473177023825257
TUN,1995,-0.7916074925567037,0.8479383676242562,-1.0519531356247134
TUN,1996,0.982749862838583,1.3016829784526727,2.0459270321723033
TUN,1997,-1.1263309437378668,1.3740349841715058,-1.7896756855530855
TUN,1998,-0.7937811751892764,0.6777659668436914,-0.6111602042110584
TUN,1999,-1.4461984177261136,2.2561016791418598,-3.744830521546679
TUN,2000,-0.09188680649830423,0.6451015748952467,-0.11396439449378692
TUN,2001,-0.6470574830217478,0.5447075549787406,-0.5185510367377114
TUN,2002,-0.4908199379683881,0.3751215224167685,-0.3206261153080249
TUN,2003,-0.8601229848072615,1.4742642291871522,-2.859715090235723
TUN,2004,1.0639473570334095,1.282843643437973,1.6642071510279166
TUN,2005,-1.1862739885409757,1.8582937654725544,-2.8709140281384333
TUN,2006,-1.3083633021117784,1.8748475256427835,-2.8447580802232286
TUN,2007,0.13444868592641038,0.7814206132835168,0.6419346204922881
TUN,2008,-0.5897623205806417,0.6058055433526682,-0.6001880190264707
TUN,2009,0.9347162145471452,3.7272638761446912,6.936296493689435
TUN,2010,0.02173370743429786,0.11782744669722028,0.005998641039527837
TUN,2011,0.8154686281592741,1.1685530135634339,1.8478897495205344
TUN,2012,-1.1443948415119831,2.086934588403187,-3.9207419179341336
TUN,2013,-0.8360092913597374,0.9144659719599432,-1.1501404355414828
TUN,2014,-0.1645197606953498,0.6196709136655213,0.009223693476596573
TUN,2015,-1.5900965566710334,2.793902261965451,-5.262589640684926
TUN,2016,-0.5256375620811204,0.5313661061305556,-0.4639091024985663
TUN,2017,-1.8399338099984233,3.46594931693796,-6.670001908532007
TUN,2018,-0.5944811776682007,0.46955062467975206,-0.3904524103110697
TUN,2019,0.2521836412567843,0.8484242095325223,0.5686381383465131
TUR,1971,0.5068286696539015,0.6858023051738533,0.6932078731323478
TUR,1972,-0.22650297069275924,1.0981521224446908,-0.4369247433270573
TUR,1973,-0.04787829821519585,0.3209466326158407,0.0503893107783719
TUR,1974,-0.34878647801518925,0.5465294866195529,-0.44258286081299913
TUR,1975,0.25237565913061766,0.5589411434500023,0.4232098841009685
TUR,1976,0.4468962828309827,0.852223432649343,0.9124345512138322
TUR,1977,0.16406461807656111,0.49770934622815627,0.29080681595421465
TUR,1978,-0.1361619276974151,0.7742872607347137,-0.031033530120573388
TUR,1979,-0.3221191063036413,1.0250062461581986,-0.4584752092106774
TUR,1980,0.5515394987709832,1.0453434073024428,1.3870524060998712
TUR,1981,0.18211795601669695,0.5913769484491697,0.37432625732694796
TUR,1982,0.4540193620880955,0.6900311530883821,0.7882620784692477
TUR,1983,0.16816082148014896,0.721892430105637,0.44403800225008444
TUR,1984,0.2608648357623718,0.7780972546191489,0.8107375451616804
TUR,1985,-0.47451736543366296,0.8034537469871038,-0.5572710301255588
TUR,1986,-0.4135672622574763,1.2269388993489891,-1.1477859970114186
TUR,1987,0.16960439969465171,0.6042715879391384,0.18826475810498172
TUR,1988,0.8472361352384741,1.3592213425452773,2.05669306805663
TUR,1989,-1.6136605792282093,3.478382134101665,-7.728789821095069
TUR,1990,-0.14199599054530346,0.6397064222321089,0.012748597695183732
TUR,1991,0.6130731179833576,0.9601649624739695,1.480628138468744
TUR,1992,0.35702405920650954,1.0691467572315545,1.5108550451761058
TUR,1993,0.6221544791335558,1.2270349820443156,2.06256710160304
TUR,1994,-1.0155543061572185,1.6165134722145957,-2.7200809809871713
TUR,1995,0.219415081999358,0.4711157286106984,0.19182445047682709
TUR,1996,0.12351305908735387,1.7632283043850858,1.2282251775929574
TUR,1997,0.30224193590732973,0.7580095921199621,0.9286578883257839
TUR,1998,0.7975785853750482,1.3268089168895318,2.3745204427963955
TUR,1999,-0.5844888522017978,1.0487540543835592,-1.1972595814233078
TUR,2000,-0.13774960196182318,1.0512775781350736,-0.45833935148210425
TUR,2001,-0.5044954340293015,0.7040487627394432,-0.766036361242409
TUR,2002,-0.159775618573353,0.5082866063350896,-0.12245806886471414
TUR,2003,-0.22691971657764265,1.5627530660881492,-0.7053119653838126
TUR,2004,-0.45396483887422845,0.7169490680213741,-0.4559217799218025
TUR,2005,-0.02615934377612532,0.7634699941822213,0.30463485051831835
TUR,2006,-0.6300698929568294,0.9304731942272827,-1.1766906773894221
TUR,2007,-0.9726620941119364,1.7790251485473707,-3.0409009291646307
TUR,2008,-1.4715472488972248,2.645644489671736,-5.118136518167764
TUR,2009,0.1177924449426795,0.8689834957172914,0.44832241825973124
TUR,2010,-0.4341678368461991,0.9788454980257377,-0.6714682963774944
TUR,2011,0.9405366657326144,1.558576478537256,2.848232157717389
TUR,2012,-0.5786600903428873,0.8205100137995128,-0.9573629829050232
TUR,2013,-1.0824022620056593,1.8197165481085829,-3.252561533393902
TUR,2014,-0.31598445433658956,1.6683527908824984,-0.0842230556678233
TUR,2015,0.8732348886163447,1.8321011545778152,3.696496425772642
TUR,2016,-0.5555826568074497,1.3074599040622776,-1.0695511067779222
TUR,2017,-0.29511954601724105,0.6181636263011602,-0.4872819427741964
TUR,2018,-0.4999668262651529,1.6149476004811387,-1.4719723837116836
TUR,2019,-0.507367736441157,1.1131135971358614,-1.0935440849494549
TZA,1971,0.34398838882277877,0.5176984599037684,0.38085203860351236
TZA,1972,0.07990851535082091,0.3546162822966555,0.2643008916937184
TZA,1973,-0.32258189794781367,0.828056504628543,0.19560437580882525
TZA,1974,0.03530631884819979,0.7554752090806269,0.5519770021089611
TZA,1975,-0.49413754014903943,0.48968020493633024,-0.36233399062848004
TZA,1976,-0.26322620327755125,0.8570316082706653,-0.4063671485444812
TZA,1977,-0.08124993939082055,0.2381615940178295,0.035386887400360854
TZA,1978,0.7359161140147478,1.7592823368523196,3.9284730181922103
TZA,1979,1.6630232988659963,3.324219745430221,7.47918979163863
TZA,1980,-0.05679811006650103,0.6335497374400514,0.7560626834758232
TZA,1981,0.15210290258994813,0.5364552772551421,0.29103187055588314
TZA,1982,0.3128267617326347,1.0952448105067776,1.0401208648527176
TZA,1983,-0.5824471415059658,0.7120215962889738,-0.7814097452530687
TZA,1984,-0.1871595067678102,0.3532512716988886,-0.17682853515060226
TZA,1985,0.18483231913141085,0.3335607889844237,0.10367923991144032
TZA,1986,0.3965754039894692,0.5995841210784064,0.6149638581669051
TZA,1987,-0.03314680988957308,0.6748411352640442,0.5676748483313842
TZA,1988,-0.42314164250055397,0.8677683344124365,-0.8966444387649464
TZA,1989,0.8804032316472975,1.5084913674994707,2.6065601096084006
TZA,1990,0.3625512886956786,2.100200610461369,3.4924574232184282
TZA,1991,-0.2511725634501999,1.30835093854012,0.17795484359748281
TZA,1992,-0.45438942553489414,0.8196686381935651,-1.1421088925419571
TZA,1993,-0.536587139391991,1.0674158896834836,-1.3466032788236777
TZA,1994,-0.1703822701388853,0.3600309177296203,-0.04501500245972273
TZA,1995,0.17142917946710443,0.30325938965639465,0.05976453289948941
TZA,1996,0.5310260297039355,0.9638369908089542,1.758521408334216
TZA,1997,-0.03498439949707059,1.1913130454223746,0.026359120628994828
TZA,1998,0.8465985669654288,1.602052902883632,3.087446232462624
TZA,1999,0.22001609892766566,0.8416596382419501,0.05024722837142277
TZA,2000,-1.1713043919664152,1.531811393009218,-2.177900073734378
TZA,2001,-0.3464680797455372,0.6514425414173943,-0.2801395249804467
TZA,2002,0.16183114682854377,0.928914954107039,0.06866135112447327
TZA,2003,-0.9252827318700882,1.3485299771821286,-1.767241391201965
TZA,2004,-0.6793561074298397,1.006500241541551,-1.3357366978476581
TZA,2005,-0.5788966261046993,0.6491954428169474,-0.6844252070171076
TZA,2006,0.26843944199588055,0.8574121251197476,0.23517843589361861
TZA,2007,-0.7880364757834446,1.3370624886519538,-1.794252469680415
TZA,2008,0.27058273836984004,0.6153119440542459,0.55907588105223
TZA,2009,-0.8844491477150626,1.817594299329376,-2.095461463289225
TZA,2010,-0.6477546024187224,0.6760843063096063,-0.7559761435604739
TZA,2011,-0.1691764481688397,0.5500261583622755,0.03600182765360909
TZA,2012,-0.44176850169724363,0.6845678286424978,-0.4383082823601817
TZA,2013,-0.5339744967705385,0.5989381968377743,-0.13514899908806022
TZA,2014,0.006370453223876277,0.3229099461897189,0.17079220788644223
TZA,2015,-0.24650540109489186,0.7966176264436794,-1.3053057930859242
TZA,2016,0.40467454248480095,0.506262560395168,0.4600045347400046
TZA,2017,0.2955258388437517,0.6862845139185105,0.46454797415348714
TZA,2018,0.9622855348141405,1.894144844552895,3.996252449238056
TZA,2019,-0.37196694790004137,0.7998576624123719,-0.19066063008104406
UKR,1971,-0.0039040185804580354,0.40137679064280957,0.182750406675458
UKR,1972,-0.9958621221464038,1.5422702620971607,-2.3820257579404855
UKR,1973,0.42743260587271126,0.540228550232712,0.6212592146285003
UKR,1974,0.7233277236607923,1.1586392769106504,1.872027746844239
UKR,1975,-0.9393329706426143,1.9511480503176895,-3.0217212669955424
UKR,1976,0.46494833551924175,1.320496900443359,2.2243825784811944
UKR,1977,0.5498980109917779,0.6133311483224829,0.6131181515726998
UKR,1978,0.9700593659825936,1.211407290137177,1.7116588044977556
UKR,1979,-0.7274824084290554,1.0236944209297911,-1.3039006792448067
UKR,1980,1.1776879731043435,2.043229102344988,3.8570792976620627
UKR,1981,-0.40767273739822696,0.6373068350842124,-0.5400654057954101
UKR,1982,0.22452095750902884,0.6679411466835635,0.2082238295154336
UKR,1983,-0.1760800124522913,0.6752321094800391,0.004335993806567024
UKR,1984,-0.03377835274748853,0.7423502284999546,0.10195981997215006
UKR,1985,0.5400737259758871,0.7878870719167824,1.039058444903574
UKR,1986,-0.6062309375315307,0.7660803356974132,-0.7975391732090481
UKR,1987,0.001222882398092422,0.415101086048406,0.18864355461367097
UKR,1988,0.5029988383844328,0.6521742499090352,0.7703891821709644
UKR,1989,0.1233463044066619,0.5640583801460304,0.33427605046503456
UKR,1990,-0.08445597145506754,0.5015001760208406,0.026715928701640326
UKR,1991,0.4204410755173854,0.8657455119960593,0.9769740851121351
UKR,1992,-0.4626784124424608,1.3077682979027692,-1.2517760328896534
UKR,1993,0.41228746915407977,0.7262317460180857,0.8698964735899997
UKR,1994,-0.9161452943492067,1.4483061061473927,-2.286692175068066
UKR,1995,-0.40048169615864254,0.7027798558919046,-0.6036619291430255
UKR,1996,-0.7003656745242635,1.3465134516624324,-1.6930355550479794
UKR,1997,0.9095168413109205,1.5991281649669704,3.1110782822412606
UKR,1998,0.009680173375087902,0.8988801010972963,0.18382156391098217
UKR,1999,-1.016960187215985,1.5634107184435204,-2.4257861069647366
UKR,2000,-0.19015119646219625,0.6893815605563524,-0.21868290660120518
UKR,2001,0.1364820989756888,1.0911855215754978,0.24017932540014464
UKR,2002,-0.5396296958383342,0.7741342398127222,-0.8923472917699945
UKR,2003,-0.4155580639673367,1.131588386328126,-0.8865278106057126
UKR,2004,0.44824281698955226,1.109210542921511,1.0357773492248026
UKR,2005,-0.29497011344020047,0.6264195466847737,-0.408268918590794
UKR,2006,0.014516533946606574,0.5149215749015269,0.25037605584111133
UKR,2007,-1.0277939765813553,2.054049971082776,-3.7056491896178163
UKR,2008,-0.11821606840481126,0.48209382201074474,-0.25611917846132937
UKR,2009,-1.149548797531274,1.808333789828717,-3.051891925350601
UKR,2010,-0.33980345026563147,1.2799002001456379,-0.9231889186288198
UKR,2011,-0.4256752282375541,1.0708105368409773,-1.106106637968153
UKR,2012,-1.1111734678528937,2.0840272537632365,-3.9947534848459103
UKR,2013,-0.6891814892017318,1.3460980697991174,-1.8482628566405037
UKR,2014,-0.3561926559784509,0.7309011339978809,-0.5421767055475938
UKR,2015,-1.334934633698474,3.1461462869389525,-6.94924148391815
UKR,2016,-0.6182463767487579,1.2856061412997217,-1.8160104192187632
UKR,2017,-1.0230244823335766,1.569405470183973,-2.3828423787836974
UKR,2018,-1.1932676429136968,2.007086236197175,-3.794252754279133
UKR,2019,-1.0401961881616546,1.7940277840909997,-3.2059527551229205
URY,1971,-0.20553402783878988,0.2261885869238274,-0.1377054576172603
URY,1972,-0.6851324907504929,0.7152113722105894,-0.8957460453244029
URY,1973,0.17722235439706446,0.3862981840629361,0.0364543792606936
URY,1974,-0.5122733660623636,0.8110524998675577,-1.0102835447604546
URY,1975,-0.26370920609609383,0.18442299793300404,-0.08057969650726322
URY,1976,0.08364911166562135,0.2862099373699392,0.09296335366665909
URY,1977,0.22619178478020818,0.8797786020937747,0.4313741231658852
URY,1978,0.36741277580067877,0.8377073434367516,0.9733634282359872
URY,1979,-1.4720530640516474,2.208526804895163,-3.374676641170356
URY,1980,0.2859021026320176,0.8790404098682995,0.708562614876792
URY,1981,0.29106606465619084,0.6448957479739319,0.40642131212639204
URY,1982,-0.2680841008633857,0.3860473132268258,-0.11549839139448081
URY,1983,-0.6455427755005808,0.5380822722912706,-0.4730405836441028
URY,1984,1.6056835645402292,4.668416264242333,13.144739421451606
URY,1985,-0.04323366287757253,0.9472704510987663,0.5505904816813703
URY,1986,0.15494324250011388,0.5915292109257906,0.4663131798158276
URY,1987,-0.8085928229497272,0.9717658491219894,-1.1857180302481587
URY,1988,0.10830900783659012,1.0044537743078665,-0.07565892415231107
URY,1989,-1.1079129779486903,1.3490613962397047,-1.7390001561272805
URY,1990,0.7244739461000963,1.0138976394652497,1.606873865589696
URY,1991,-0.25425034085928777,0.9682032988893539,-0.2608233624326794
URY,1992,-0.11705946494999114,0.38080144823724854,-0.06573208552910527
URY,1993,0.8026247957510283,1.0000850215324466,1.385637469488433
URY,1994,-0.36794859164038307,0.3677915298296507,-0.3192541242527214
URY,1995,-0.08231690052362654,0.14417351976037973,-0.014929862877324826
URY,1996,-0.4089690318291685,0.3141510009768792,-0.2475896085145818
URY,1997,-0.9318972584449055,1.103413004473164,-1.4451505205535309
URY,1998,0.4604623859523536,1.2084542864293986,2.406105771927148
URY,1999,0.15851138543260013,0.7524284268393728,0.37814637908548476
URY,2000,0.48575612417580466,2.363271915460163,3.4696077472256603
URY,2001,0.10882538242918968,0.16512737820678086,0.10992386772728073
URY,2002,1.2341523118770648,2.355963224808248,4.966308118381787
URY,2003,0.6797530768244421,0.6972179141264592,0.7648120631017654
URY,2004,-0.5376183532669436,0.7038399723667101,-0.7112129422034178
URY,2005,0.43092029303734275,0.8889275167731839,1.3809702763007121
URY,2006,-0.41461913128445727,0.6916859158751735,-0.7474081789650581
URY,2007,1.69167065083288,4.360758145525363,11.930344185918734
URY,2008,-1.5673176232276584,2.745809958275436,-5.212477823897337
URY,2009,-0.6037014937888681,0.6586698926765053,-0.7158227122689261
URY,2010,0.9971805453307322,3.2131991538024125,7.339243752477811
URY,2011,-0.39357251068276833,0.2831663763416714,-0.21725296870809596
URY,2012,-0.11596095145414269,0.4302412611479838,-0.17544690916487954
URY,2013,-0.24516042161215557,0.2901916465734023,-0.08928294665777946
URY,2014,1.0166886408343425,1.7701517999367646,3.2852339919090654
URY,2015,-1.0693806996640514,2.215813509881764,-4.0342235304765195
URY,2016,0.5823890407593669,0.904442608530977,1.189886811488266
URY,2017,0.21700032244314588,0.5214408685927278,0.3745294986714794
URY,2018,-0.6438740453851005,0.9398691055281782,-1.1598965336575808
URY,2019,0.4769383128820581,1.8394817361811713,3.4385875455417048
USA,1971,-0.12624962728322545,0.9138027428501344,-0.48841829993449065
USA,1972,-0.05114072546003074,1.0420722122166177,0.039245775376276396
USA,1973,-0.1241226779917638,1.4841032771602423,0.8895466898849014
USA,1974,-0.4047723132469558,1.005517912203539,-0.9054770486649504
USA,1975,0.6416660133412843,1.4434424423410566,2.6497810952228003
USA,1976,-0.4570405964809852,1.1866450507021136,-1.1520677536613313
USA,1977,-0.20657501198878767,0.9640502285574205,-0.09246865684156218
USA,1978,0.14055438784503982,0.7008597915396348,0.38822263304227767
USA,1979,0.0687601331736526,0.6074222946603173,0.15449483850308132
USA,1980,-0.4804204515919647,1.4782016550139354,-1.6121617109877753
USA,1981,0.13975743068524338,0.5995078087882867,0.4106172800922677
USA,1982,0.4904313567437629,0.8424241110583749,1.1546905342492813
USA,1983,0.07988651067580478,0.8110083132947383,0.517796379798558
USA,1984,-0.24897726740001525,1.1853416979942533,-0.10662487655578894
USA,1985,-0.2230764432189506,0.6574098596678293,-0.2650721746409288
USA,1986,-0.004481691717780545,0.6937359890773767,0.07315285152517799
USA,1987,-0.07126579940510937,0.8715350913453179,-0.45842817319796597
USA,1988,-1.0181478567829014,1.8901167627637028,-3.127428459862191
USA,1989,-0.05808680974023491,1.0744111896188568,0.2522327416747643
USA,1990,-0.05883093771937724,0.5810816498011644,0.029947245258569108
USA,1991,0.12353410577619776,0.9654941785501022,0.4651246572077415
USA,1992,0.1925584536698913,1.2251509701749586,0.6230052383358179
USA,1993,1.2263207455869949,3.039119152760085,7.533606574532494
USA,1994,-0.38454919409684046,0.7208877552964543,-0.6318061631448042
USA,1995,0.7692663476898279,1.5230720189914526,2.7122275670862352
USA,1996,-0.10391752160574728,0.8237452106607476,-0.27266307898108055
USA,1997,0.2212506141953353,0.58444299229227,0.5478481568207978
USA,1998,-0.22044179371358763,0.8710405574923984,-0.5110316113509723
USA,1999,0.3937851805342473,0.6735702950114562,0.7434372960521624
USA,2000,-0.06836459448331136,0.6359899466138842,-0.0770554524124116
USA,2001,-0.22309315730524307,0.5771073496702622,-0.3020132853976947
USA,2002,-0.21076567878889305,1.0185859488739122,-0.19076778775552464
USA,2003,-0.3017095988405523,0.8063337551606202,-0.4946729294228486
USA,2004,0.21558432183831033,0.6699926822965924,0.4983048706614935
USA,2005,0.21901629155456834,1.0949007541418239,0.820400916112523
USA,2006,-1.0075287427496162,1.5597038746702245,-2.3670144909565267
USA,2007,0.14068998963346402,1.414078083944847,1.1560204147604305
USA,2008,0.052465771179892734,0.555573643156463,0.2049928622238629
USA,2009,0.0024907743929201403,0.5537981284031508,0.20906398294874318
USA,2010,0.2637453490914745,0.7267057590119486,0.6232344267683617
USA,2011,-0.10762325489801867,1.9237184022909788,0.08637376679470772
USA,2012,-1.1545819557048997,2.138786694712861,-3.8996017712946287
USA,2013,0.07725231757044619,0.9522842897713757,0.7228834599816013
USA,2014,0.14359430932806305,0.9020230462210127,0.07864179248269224
USA,2015,0.2500284038404833,1.4329272339683863,1.1528395354366077
USA,2016,-0.061121872007108564,0.5403230128853894,0.009063785010579964
USA,2017,-0.6282826699391303,1.3954507344078162,-1.6208945299335478
USA,2018,-0.5961686081545522,0.845669376396266,-0.9684571571436241
USA,2019,0.3016209390186076,0.9301966460727275,0.8771619839799614
UZB,1971,0.254021120494481,0.7007788943637506,0.7717997040010989
UZB,1972,1.4203121794105142,3.1113273903405503,7.6091854817741265
UZB,1973,0.36563146299658794,1.0908976730244218,1.7749694388736257
UZB,1974,0.41186532648719054,0.6889928912984797,0.9318174231364473
UZB,1975,-0.8505060761205181,0.8390736489393563,-0.8895365796598522
UZB,1976,-0.42079387559431936,0.46058375884727715,-0.130821334756537
UZB,1977,-0.19448513333758788,1.3201183715003206,1.035165572174199
UZB,1978,1.0306696456599849,1.8343793704955795,4.0013957787721655
UZB,1979,0.3042172495342755,0.5459748421370193,0.4869380854113987
UZB,1980,-0.2885922023744495,0.23257225712994706,-0.13308473952703456
UZB,1981,1.3658841411734564,2.3143952270698835,4.457740525143546
UZB,1982,0.24400985131400682,1.1984858161368594,1.2025663696814166
UZB,1983,-0.8031716379872373,0.9298310902980262,-1.2249263346473678
UZB,1984,-1.072072756101613,1.927750665901575,-3.088325295984047
UZB,1985,-0.568514988615068,0.4705720900581721,-0.381436383643591
UZB,1986,-0.19940094738407826,0.2242079856372595,-0.09750464939326924
UZB,1987,0.6105184722871805,0.6296424326719612,0.7802299987086501
UZB,1988,-0.5393853578879244,0.46045521497461894,-0.40704436011143785
UZB,1989,-0.1565373187010626,0.2117789241099255,-0.1178451424136963
UZB,1990,-0.6054388578631019,0.4963684666720231,-0.42498477656296235
UZB,1991,0.6824954305805712,0.764120853272801,1.0148466020410845
UZB,1992,1.4904860773931827,2.4677414001627067,4.403894203246654
UZB,1993,1.040290837822912,1.2999931292812494,1.82820113815087
UZB,1994,-0.008185295475528114,0.3119668446669726,0.07566494545348713
UZB,1995,-0.9300208879589986,0.9734609234395492,-1.1081210616774373
UZB,1996,-0.14970639441268405,0.2968663870626217,-0.08755904173335155
UZB,1997,-0.18038723082728814,0.7086600412125117,-0.19927235711857763
UZB,1998,0.4872010849017427,1.456915957484754,1.8459836499638538
UZB,1999,0.16214258206651977,0.24470022380246112,0.23148432054580848
UZB,2000,-1.1092639496537575,1.4266277586995333,-2.0358799120490865
UZB,2001,-0.9875456054438116,2.3848154870874394,-4.363667446927754
UZB,2002,0.3547935459409959,1.1927893635495685,1.0421596446727064
UZB,2003,1.0037698175082888,2.0430657080162584,3.586970117427659
UZB,2004,-0.18473036639477639,0.19495187069273157,-0.07682361733382326
UZB,2005,-0.6608139519147157,0.946740324558713,-0.9500584750850991
UZB,2006,-1.1710203395098986,1.5817105179154571,-2.2880004800049845
UZB,2007,-0.8996037495484798,0.941373933277595,-1.0382661495543786
UZB,2008,-1.6953057661715756,3.146444412142757,-6.315087308432126
UZB,2009,0.34937953602550004,0.6683165813407838,0.787871587976659
UZB,2010,-0.4282400242473635,1.012222324271786,-1.090637660143728
UZB,2011,-1.4153352007804982,2.2429265990191376,-3.681266177259975
UZB,2012,-1.4144358997684272,2.2778399153152598,-3.9654176201031395
UZB,2013,-0.8713805395304163,1.0476174154696838,-1.4626146010742087
UZB,2014,-1.0452034138947692,1.2633999072132986,-1.6405584500369088
UZB,2015,-1.3504252714201281,2.0749295422122014,-3.4090164972059998
UZB,2016,-0.4843372474522294,1.0998469875672114,-1.6133229997936132
UZB,2017,-1.2462832923678477,1.8511848626486116,-2.999041184323606
UZB,2018,-1.3240128547325793,2.3328652326094472,-4.699086503006462
UZB,2019,-0.9312585971396015,2.160614581069201,-3.7243304853007873
VNM,1971,0.5038633515978681,0.5818228050705264,0.6400779688713533
VNM,1972,0.3670726175342253,0.1952646500446137,0.11816430224393025
VNM,1973,1.51846442310961,2.4796960973301383,4.272045849501707
VNM,1974,0.27224259134690876,0.13195221314508204,0.08227959467971681
VNM,1975,0.6681907023559686,2.230037829399936,2.676554972562518
VNM,1976,-0.01499204860325834,0.0767921860025048,0.016552129811937256
VNM,1977,-1.5996691234472746,3.4480493991781334,-8.251736913525384
VNM,1978,1.102164952792437,2.310843201156837,4.574597959705167
VNM,1979,-0.07972930023426429,0.2834972557667922,-0.051050189632937
VNM,1980,-0.6072063217639274,0.4645068033307338,-0.41910289185223615
VNM,1981,1.1928185527452304,2.244600416671191,4.681550813851762
VNM,1982,-0.7725942845762086,0.826028593838084,-0.8930441204728552
VNM,1983,-0.40262861089765983,0.3867673027434546,-0.2602157420076631
VNM,1984,0.23326506903743877,0.653226618230003,0.30894759172757497
VNM,1985,-0.719303146603836,1.0086941634460367,-1.5006779443778593
VNM,1986,1.0341444425915094,1.0910068270191275,1.174613392441692
VNM,1987,-1.2205021722160176,1.5296555361072133,-1.9570450274859346
VNM,1988,-0.558755957825553,0.7982047953313667,-1.0342747806366814
VNM,1989,0.06564284003755093,0.13748997486688716,0.02036618892558506
VNM,1990,2.274115057987758,5.466427078452755,13.843492364200149
VNM,1991,-0.27169125691285634,0.4910072322838895,-0.3599861576837517
VNM,1992,-0.42727709763728866,0.8899684705622201,-0.8340291409800944
VNM,1993,-0.004270201444182581,0.12334341710779495,0.03541489204316369
VNM,1994,-0.19545770930454964,0.30685838827509104,-0.22798375959302458
VNM,1995,-0.8032335327334102,0.9221814009657165,-1.1091784266068034
VNM,1996,0.26236655613988924,0.557625444865129,0.43524246231646807
VNM,1997,0.12979441778996864,2.051671895901394,2.900803968061646
VNM,1998,-0.4021281637405468,0.30390280284639065,-0.2105266329252658
VNM,1999,0.24766498594717123,0.2147258130345988,0.16436768417401448
VNM,2000,-0.20095816228148128,0.051774915818907814,-0.015942891137269176
VNM,2001,0.4663175204534283,0.5224861821440347,0.6712039007556336
VNM,2002,0.2864657486954856,0.1573753993065976,0.06826668066940182
VNM,2003,-0.6272971250468755,0.4353543661089947,-0.33076419700364107
VNM,2004,0.6113974997635193,0.4945425122895091,0.4043485172605234
VNM,2005,0.21162351683502698,0.22741035961563547,0.1739023824866797
VNM,2006,-0.4188374277558766,0.21871741977091372,-0.11970327732769274
VNM,2007,-0.04751529411346902,0.08054494288514658,0.004264864460615678
VNM,2008,0.151403153096262,0.22275865433208844,0.04511767896127249
VNM,2009,0.013915557874889871,0.11946377529136366,0.010502523611445786
VNM,2010,-0.3848741321236202,0.18311821071286388,-0.09266443016732298
VNM,2011,-0.09440925392675048,0.05909868092417325,-0.017145941982988463
VNM,2012,0.06386955680282991,0.46760615620585655,0.18586576715443126
VNM,2013,-0.012860474245428882,0.09228112695632781,-0.014116146667675212
VNM,2014,-0.15799342564526986,0.42194297379482815,-0.026777401478341373
VNM,2015,-0.3460322264905201,0.13648620241085757,-0.05997758271151416
VNM,2016,-0.1489389537724255,0.15093261078615497,-0.08806913097116248
VNM,2017,-0.10397829096182412,0.15839594863967446,-0.046839077202298705
VNM,2018,0.28729692151123964,0.13817980737435778,0.07112120790677898
VNM,2019,-0.5652657804990477,0.41512566754328656,-0.3273372334829222
XCA,1971,-0.8172884000319689,0.9037364792596433,-1.2060710200853302
XCA,1972,0.08336988725360626,0.33132002373846237,-0.04875749668436038
XCA,1973,0.2963123886768974,0.1725851047848142,0.14004624979205804
XCA,1974,0.6232194388501133,0.6558997441909107,0.6943335277957697
XCA,1975,-1.225007928642507,1.7040315885280803,-2.711376455849448
XCA,1976,0.3094374781906472,0.2843037806771516,0.25319621420039506
XCA,1977,-0.4120458293346487,0.39378493611416854,-0.2709012366236731
XCA,1978,0.6835434986412967,1.6718972394803155,3.1458820430443737
XCA,1979,0.19050466556858814,0.2818973737769882,0.011298344854924392
XCA,1980,0.3691052746273352,0.5211507776092217,0.4435333225768011
XCA,1981,1.191849903118431,1.6182710652613932,2.383358084615352
XCA,1982,0.31307681430066703,0.2800765994126369,0.2655631990256036
XCA,1983,-1.022870276540452,1.3516124463619805,-1.761926167413462
XCA,1984,0.9461638759784858,1.1575016314795987,1.4149635236300138
XCA,1985,-0.3423234340121748,0.8785739377998772,-0.1896812600749198
XCA,1986,-0.4301285690904272,0.426950972074857,-0.47644122453704313
XCA,1987,-0.43055139713126894,0.9953538253657181,-0.61685080762983
XCA,1988,0.41636279656835495,0.4040443776555356,0.5231138236313291
XCA,1989,-1.6929794235692652,3.0029201199076696,-5.457304911114836
XCA,1990,-0.07296448323165627,0.38294719576905417,-0.03343227571455893
XCA,1991,0.19697449358750085,0.2466171015132579,0.14678117334421162
XCA,1992,1.0700938029466753,1.4813044555070543,2.2591630538142087
XCA,1993,0.6883304299217625,0.7948137714077559,0.9282005894257896
XCA,1994,0.3314258757321251,0.4941437268369497,0.3210576187452562
XCA,1995,-0.8413532298188433,0.8270528798096998,-0.9036032349358757
XCA,1996,-0.12429911198594008,0.5195926839352561,-0.050116306092818794
XCA,1997,-0.1552293507723423,0.3224007369641159,-0.0852952482335125
XCA,1998,-1.198678376782767,1.7630575568057263,-2.757978400482042
XCA,1999,-0.5130504832651056,0.836198947899958,-1.200492701523685
XCA,2000,-0.9643236018359077,1.020689716827393,-1.1841612188445405
XCA,2001,-1.1539595419112896,1.5687733942420834,-2.1872267604276967
XCA,2002,0.9287524771412534,1.2073959272276766,1.704744450352993
XCA,2003,1.5513377450803565,3.1159797546053882,6.650331518646574
XCA,2004,0.769566745286506,0.7907614708896504,0.9009046062734252
XCA,2005,-0.49295372189899733,0.37447055663161377,-0.23052770832093655
XCA,2006,-1.2303660524166529,1.8713048687059222,-2.9578443943142845
XCA,2007,-0.6565897311329014,0.7120601573377311,-0.7201029711568162
XCA,2008,-0.9723721599833991,2.057247219773153,-4.646370326751138
XCA,2009,-0.7831582099771657,0.9704695715565181,-1.154669389506867
XCA,2010,-0.16328889040840552,1.169152677266227,-1.437796831089667
XCA,2011,-0.5260946928988594,0.5038675044155163,-0.5348336567324353
XCA,2012,-1.1250622670528019,1.6121844247638693,-2.6825198794973
XCA,2013,-0.6292485776692895,0.6463763480648267,-0.649537375322543
XCA,2014,-1.7700917262764309,3.2302709251670354,-6.071076764356973
XCA,2015,-0.9814643775409114,2.2466421347976615,-3.6786930830545708
XCA,2016,-0.7469647035353038,0.6969728154953891,-0.6706959907874597
XCA,2017,-0.6505607699062745,0.9225967612382361,-0.9542824920502964
XCA,2018,-1.5266470787558848,2.6025260021212766,-4.675878900599874
XCA,2019,-0.961303394699784,2.416723516241592,-4.354529044669878
XKO,1971,-0.1778303129046782,0.3377755985905725,-0.1511296326969944
XKO,1972,-0.6533030643731178,1.202062587145384,-1.356264340426022
XKO,1973,0.1996327823521829,0.5781832182704251,0.3399329067160971
XKO,1974,1.48340511132912,2.2872833414712144,3.6469655534591214
XKO,1975,-0.0022688639805055408,0.17579022621463172,-0.045446333360781015
XKO,1976,1.2016292629973009,1.752608906957646,2.7496934949401908
XKO,1977,0.0007331115154403101,0.02334826299902579,-0.0004345227890862791
XKO,1978,1.2140040400896632,2.013897582383515,3.7164377001971287
XKO,1979,-0.3149285140292881,0.24711372102012708,-0.2064899175142514
XKO,1980,1.0695188532603526,1.3344921443775744,1.8308263344872644
XKO,1981,-0.6771150073275686,0.4890347005148709,-0.37401898861143323
XKO,1982,-0.9551909980497415,1.022252309342069,-1.1754163821678754
XKO,1983,-0.026118041642534284,1.5833430729465703,-0.2976588863049121
XKO,1984,0.0808619145177875,0.2733929201987302,0.08938550432227188
XKO,1985,-0.6941228928184273,0.4970819437251329,-0.3653056624755808
XKO,1986,0.18020427295044225,1.0411455474370028,0.6455768748622819
XKO,1987,0.4831179936330915,0.5307993769687166,0.6482901007045972
XKO,1988,-0.5495840842607835,0.4072259011792335,-0.3605151602416218
XKO,1989,1.434944886991898,2.5144320911678006,4.709758027942043
XKO,1990,-0.3478711960740234,0.4319543583170869,-0.2759681703020389
XKO,1991,0.8060534589146666,0.6978566932523641,0.6405710029811287
XKO,1992,-0.043955844820835345,0.3146736933998175,0.11303988074034056
XKO,1993,-0.9266467271300675,1.1285984800603153,-1.4587683278867123
XKO,1994,-0.5410911892379296,0.6355710271708259,-0.7305636492454127
XKO,1995,0.42630841699452504,0.3997401260356272,0.3521332202919958
XKO,1996,-0.7793687399339433,1.2407064808763217,-1.6580680772427978
XKO,1997,-0.5438197883087813,0.7778655680414378,-0.7711053405478501
XKO,1998,-0.14348963310801696,0.1267840452256197,-0.04266291404338757
XKO,1999,-0.017509015323413646,0.23058562480399838,0.01027500589452628
XKO,2000,-1.7581470752261805,3.2182940093468866,-6.121836464012182
XKO,2001,0.7464909396465755,0.8283060203444194,1.0869575138984582
XKO,2002,0.03170208479393341,0.15516494408836629,-0.029451295712195062
XKO,2003,-1.7762334296765738,3.331499186160175,-6.547743443386778
XKO,2004,0.9384514122719205,1.2891570599405506,2.292526904602798
XKO,2005,-0.6501106317698244,0.5727136160619023,-0.60735294952567
XKO,2006,-0.3124767612478414,0.28825626443996194,-0.18007676696564592
XKO,2007,-1.0116383374151945,1.1408962358369141,-1.4014376316907327
XKO,2008,-1.0987287810729414,1.6976225095539816,-3.0095769577250873
XKO,2009,-0.4245525017345959,0.47561624264104063,-0.3383212571076085
XKO,2010,0.8334771542622352,1.2044615402718857,1.7828731431308014
XKO,2011,-0.7551577803299219,0.8337999293818888,-1.0656093981097152
XKO,2012,-0.7773781013068095,0.8382982104746817,-0.9975091617331969
XKO,2013,1.347665497287427,2.4942246255691445,5.532235148840613
XKO,2014,2.3783131682731313,6.091539166276265,16.565759669256245
XKO,2015,-0.6653361549290052,1.1026684704158065,-1.3683554418290886
XKO,2016,1.3171037622319854,2.135740007656694,4.002358549291684
XKO,2017,-0.5334848791096369,0.46811238438637,-0.39874593451678897
XKO,2018,0.685186510677414,1.3264067697243727,2.1267887752603003
XKO,2019,0.8835293313192476,0.9437756755436553,1.1212221854234707
XXX,1971,0.18953198742292868,0.8832792051254663,0.913128673084267
XXX,1972,-0.2033842020079668,1.1730551138994276,0.133220799806121
XXX,1973,0.14695377537411763,0.7127837034300823,0.43710467269352327
XXX,1974,0.030548670556773672,0.6959906040226724,0.07336688441208755
XXX,1975,-0.1715165443304757,0.9854801720287718,-0.5634396136193989
XXX,1976,0.09362073190338943,1.5737439923300938,0.25466987841490973
XXX,1977,-0.08048400218360185,0.7428950060862524,-0.12894208706095756
XXX,1978,0.2720497638934602,1.0680696532526035,0.9248952033591733
XXX,1979,0.184156578762204,1.101573734590417,0.7103892834997885
XXX,1980,0.41591561309419045,1.2065164496298553,1.674560388604871
XXX,1981,0.053858162336545015,0.8415924884786602,0.5159200097042691
XXX,1982,-0.06725028788635273,0.8881252940274109,-0.08754878475287617
XXX,1983,0.268701757658147,1.3396227383433734,1.5266139237998764
XXX,1984,0.2122032818129144,0.9814343554916033,1.0891601227238075
XXX,1985,-0.01618462055770374,0.6945751708970047,0.23439467292747795
XXX,1986,-0.18627538867720958,0.8072764974024599,-0.009418136438814855
XXX,1987,0.13118960910838123,0.9277948525021119,0.7755959878372447
XXX,1988,-0.13703409201619154,0.6799944040900809,-0.07633770872641267
XXX,1989,-0.2951629838540573,1.3174927034771624,-0.4236937170564975
XXX,1990,0.0034716157610667243,1.0368521588490855,0.4402597453452302
XXX,1991,0.2952887655797913,0.9962164410470009,1.1556895887410228
XXX,1992,0.2322648901236859,1.4511855009955406,1.6253547146741112
XXX,1993,0.005275953396837637,0.8212008189599196,0.28107681908230675
XXX,1994,-0.5011866326525828,0.7495481904488085,-0.7092579715523718
XXX,1995,-0.20573436434924305,0.5994918443639233,-0.2054657054726497
XXX,1996,-0.10681837301468725,1.0489041807226658,-0.17525919826798572
XXX,1997,0.30571507419178173,1.3963041503924647,1.2959223529119857
XXX,1998,0.335941454823921,1.0940969739216173,1.2596424942648323
XXX,1999,-0.3472086697880803,0.7710137599457377,-0.5723582855427328
XXX,2000,-0.07337170434068256,0.9409378381316832,0.044268635006517225
XXX,2001,-0.1542730642033586,0.9361430038291894,-0.08698516946689996
XXX,2002,-0.24522906460617253,0.7322075084278581,-0.30174016505176154
XXX,2003,-0.33457297946447717,1.0622910680997089,-0.8464671768870328
XXX,2004,0.05191177172367038,0.8833452253049652,0.6341125516259628
XXX,2005,-0.2106308020297006,0.9101979226572128,-0.2075745120825252
XXX,2006,-0.39013771170658484,1.1739415471476844,-0.7884172404611149
XXX,2007,-0.3550712730973394,1.7950260876641213,-1.0114893650426566
XXX,2008,-0.4355155932442593,1.1571660923984186,-0.7158639656798015
XXX,2009,-0.5174991423307702,1.205174813893678,-1.2097995519812603
XXX,2010,-0.059531610145434864,1.1676855585200379,0.1294489329734169
XXX,2011,-0.4528211610733985,1.3344133964868363,-0.9678412625885501
XXX,2012,-0.3833574363631229,1.5683249708234495,-0.6091600764276702
XXX,2013,-0.33867327170766864,0.9785181038966684,-0.592698125899831
XXX,2014,-0.16215969225617155,1.2529210011127978,0.21315895076864733
XXX,2015,-0.3498330330759666,1.0660052057118046,-0.7396899538677121
XXX,2016,-0.07379417203766998,0.7641760499373932,0.05678076451386577
XXX,2017,-0.4345517665418873,0.9546068720543943,-0.8996817277201352
XXX,2018,-0.7212850376914286,1.686479287611006,-2.797876736916856
XXX,2019,-0.7032521595271082,1.1467035051332768,-1.5996629959735944
YEM,1971,1.2759383753001459,2.1301655435139506,3.821341769168585
YEM,1972,1.245101373777398,2.576220950902975,5.734395621450592
YEM,1973,0.3936585938714679,0.570880775434121,0.5705905745652335
YEM,1974,0.8373842770255281,1.1634709127765495,1.9130428530866395
YEM,1975,0.3584139015786946,0.3916652553189477,0.33192942134823633
YEM,1976,0.008169057252098814,0.268596525556568,-0.01712009206575854
YEM,1977,1.112773373597076,1.8923789844131453,3.205482143701189
YEM,1978,0.9756013190724195,1.8702524747154052,3.3918873100717595
YEM,1979,1.3104195028299612,3.0050813582032694,7.2422763450961565
YEM,1980,0.22044064230588709,1.369507281159085,2.6812825533453326
YEM,1981,0.14423710135618972,0.32589741947154416,0.20682731112004318
YEM,1982,0.04893402448164771,0.8599356432216114,0.7815476241209834
YEM,1983,-0.7135652572455086,1.4591890736302002,-1.8732266174902852
YEM,1984,-0.31656315397596524,0.7744396028953902,-0.4626823060425295
YEM,1985,-0.4748313258638226,0.6327292071324875,-0.38509746550379076
YEM,1986,-0.18155192672990703,0.1777465912280727,0.012377703630290397
YEM,1987,-1.4773119834779953,2.4283135693147475,-4.340542736072557
YEM,1988,0.39130452320930326,0.9166756466436993,0.7119311100940023
YEM,1989,-0.2471141789952141,0.3804697353777354,-0.19638621917831434
YEM,1990,-0.9340172108213352,1.1285003520068846,-1.5212164190849726
YEM,1991,0.025293079366481168,0.2068585625392569,0.10443507086285253
YEM,1992,0.5596159914989086,1.0355588151002018,1.8452447827853826
YEM,1993,-0.31984979885656256,0.2580823059295246,-0.22716504312077704
YEM,1994,0.2263137460465824,0.2161894352481555,0.1629846670021693
YEM,1995,-0.49724565121073394,0.8263363585226485,-0.8124891096800544
YEM,1996,-0.22647864367483503,0.9099076424376746,0.16626359416794861
YEM,1997,-0.4352888046068929,1.5453298108680407,-0.9795481597825448
YEM,1998,-0.6464509589461354,1.2461311256551968,-1.5619505773094358
YEM,1999,1.0234285576698943,1.5629200990921484,2.4881634066562373
YEM,2000,0.5195296635305573,0.9395834110687182,1.4180663412957697
YEM,2001,-0.16207174252967943,0.6981232888637199,-0.3447076626073235
YEM,2002,-0.8531605678389487,1.2597443912855586,-1.778646892745809
YEM,2003,-0.32798033256252296,0.4262392964277462,-0.2726774572719287
YEM,2004,0.03970393760999098,0.745582909643481,0.3314688942386678
YEM,2005,-0.6640569563549338,1.1135875945088243,-1.2352526806091761
YEM,2006,0.02843453608426993,0.9295826073738279,0.46421879323871373
YEM,2007,-0.5109792099591499,0.686591274093461,-0.5921955904633408
YEM,2008,-0.6095525361220138,2.260177146237267,-1.6873052249056224
YEM,2009,-1.3167181180551264,2.3439035992694923,-4.685843205159158
YEM,2010,0.36818598651647233,1.6478534986339357,1.737862915611324
YEM,2011,-0.1417788798951529,0.4746739586067494,-0.17985719220216292
YEM,2012,-0.9421656762791842,1.4687970268936419,-2.499737191760614
YEM,2013,0.42805471662360584,2.046879476722171,3.949913651614133
YEM,2014,0.6057277235141351,2.3609044725264936,3.238707922323655
YEM,2015,-1.4716749714836814,4.576437451865102,-7.585154449303156
YEM,2016,-0.9583519871665399,1.5671566270926867,-2.386616012091859
YEM,2017,-1.6390106227519425,3.065546809898785,-6.25747362369913
YEM,2018,-0.39202077690382287,0.4360128762417393,-0.30271091962028557
YEM,2019,-0.6453000396372134,1.7407539022780971,-3.1527425863886385
Z01,1971,-1.4742866156254295,2.3815957069886626,-4.1369014975689815
Z01,1972,-1.7854520334960216,3.6462040552536443,-8.031196651325796
Z01,1973,-0.1195262039979085,1.1235119005861813,-0.6869843961605137
Z01,1974,-0.40323000239959395,0.23552570384993787,-0.16253652995411128
Z01,1975,1.4218179768021575,2.643808292523197,5.137195665398284
Z01,1976,1.6194244985702504,3.228636013511674,7.041048706358204
Z01,1977,1.2102428099700866,1.718352988767355,2.682801185927681
Z01,1978,0.1587571260973448,0.6856147741716742,0.28621049720944414
Z01,1979,-1.0486718613982784,1.2562129784726774,-1.567823325705188
Z01,1980,-0.8507695071491489,0.8043912698859405,-0.8252194815032774
Z01,1981,-0.6135793472264873,0.4921089157366644,-0.43602458270854527
Z01,1982,-0.5511505051171646,1.2434910116448443,-0.7171616130675776
Z01,1983,0.20319712991959926,1.4139066343913367,2.2239377660884054
Z01,1984,-0.6602766205846939,0.6846682621729718,-0.7929381397841859
Z01,1985,-0.20186234318557034,0.14359677545841645,-0.06706185970343881
Z01,1986,0.5397522232612281,0.6196566454126822,0.5773263704196894
Z01,1987,-0.40731366563342,1.958585927664347,-0.2288873979613486
Z01,1988,0.4215042150602366,1.1398101849333417,0.9330003455577786
Z01,1989,0.33492753609306575,0.48566612092121464,0.6078517238387778
Z01,1990,-0.7378031407573984,1.0411481655545092,-1.4280356984868503
Z01,1991,-0.2530867173130371,1.0130590436605509,0.23253522672452548
Z01,1992,-0.3587999667700437,0.42512386100588406,-0.44785736118588365
Z01,1993,-0.3770587625656283,0.3838940127264075,-0.21067794414574426
Z01,1994,0.9781443428602514,1.337841911482295,1.771756590697187
Z01,1995,0.34882940065406526,0.5829471985170256,0.25532790507845565
Z01,1996,1.133125470808289,1.7908970754462636,3.12493358568011
Z01,1997,0.7459363794644231,0.7540921855542075,0.7701495082888592
Z01,1998,-0.433418255138494,0.23102943451468072,-0.13795361035574816
Z01,1999,-0.8028625224450006,0.7362700302480082,-0.7722812519329226
Z01,2000,-0.07996657799581401,0.17219566758243413,-0.09137487943347282
Z01,2001,0.03694208555001732,0.34111869842149334,0.05168144217802657
Z01,2002,-1.422523990708647,2.3010354640150887,-4.129161751023877
Z01,2003,0.4400396664558375,0.746216293414464,0.6219096248437104
Z01,2004,-0.4086841686838541,0.27472954035914754,-0.19142269683994892
Z01,2005,-1.2307799701838706,1.5658180497278669,-2.040752371496548
Z01,2006,-0.2912170395850099,0.4933753727466243,-0.10339707635472634
Z01,2007,-1.0012727431137882,1.0392984775348668,-1.1112378728586396
Z01,2008,-0.05443211502201428,0.1421784920734952,0.08182421158021247
Z01,2009,-1.2560411507082028,1.6357541735410663,-2.181322896925611
Z01,2010,-0.0030044818060500356,0.325874741799473,-0.18724835428338327
Z01,2011,-0.6486358979707346,0.5528143953557824,-0.5606274795261652
Z01,2012,-1.1057841270581137,1.3702068296242642,-1.8443809701353033
Z01,2013,-0.007292222968462592,0.5475691177183163,-0.09940303730622536
Z01,2014,-0.3716644028607592,0.5398377778759726,-0.43073140987757996
Z01,2015,-0.1410092977139615,0.3850356422594291,0.05388467824420898
Z01,2016,-0.2602940804280472,0.30181842970004186,-0.2776826153640764
Z01,2017,0.3121020209881413,0.5892648116515073,0.6039540343016353
Z01,2018,0.07869128522717882,0.11062476618594791,0.032358587837082356
Z01,2019,-0.44432560078545774,0.2805884723158866,-0.2070952193277043
Z06,1971,-1.4940756106995086,2.603110548652385,-4.829332249732488
Z06,1972,-1.536446103538984,2.7928503620716505,-5.25847912728735
Z06,1973,0.10784050923829272,0.44285728617240006,-0.013039958562302193
Z06,1974,-0.3400940369725919,0.28843882739451143,-0.2372051722221332
Z06,1975,0.9584254084574295,1.3173657276406092,1.9058412281307566
Z06,1976,1.1790340786609532,2.0480794425455433,3.6825125232523184
Z06,1977,1.7075328164026298,3.3790733833651987,7.347546771086015
Z06,1978,0.6267586407948917,1.5308293431743452,1.2562967538225926
Z06,1979,-0.5235537188277337,0.5098455361459147,-0.3484011401914985
Z06,1980,-0.5604432591880861,0.4661467593559818,-0.39662378422862515
Z06,1981,-0.2229331555681704,0.3636372283003734,-0.23391026170771537
Z06,1982,-0.17330021327311604,0.8198795425616539,0.5404671267169165
Z06,1983,0.44939248811696875,1.203201204931496,1.9964202657592902
Z06,1984,-0.3040926320552286,0.5149164291084393,-0.47448630834839167
Z06,1985,-0.524343671265917,0.4523518306125724,-0.44082238164596393
Z06,1986,-0.16699307280220416,0.17031123238244833,-0.05566466954950533
Z06,1987,-0.749102457865907,2.072606329984369,-2.5894442597731357
Z06,1988,1.0175596376405294,3.051886800814679,4.231037145863605
Z06,1989,-0.02661532538348317,0.16032775120627255,0.05621936162677806
Z06,1990,-0.6585028013127714,1.0236289603114102,-1.4062536375962484
Z06,1991,-0.07983284570647672,0.8124242637879842,0.41780633309436477
Z06,1992,-0.15346893960711117,0.4142285681450229,0.060020102437373636
Z06,1993,-0.7629458001826411,0.7934111481649908,-0.8221509007673753
Z06,1994,0.8645552052957444,1.0964080205960716,1.6043319489351497
Z06,1995,0.6190009662181537,0.9593083540410533,1.4662283951679367
Z06,1996,-0.1437537030539324,0.6694098718485044,-0.0023401091221212297
Z06,1997,1.243805763722798,1.8875460520894303,3.252517148920015
Z06,1998,-0.8188319719553454,1.2028135771214077,-2.001381705056758
Z06,1999,-0.835215461551949,1.085395329380088,-1.5110548792886862
Z06,2000,0.12973631355629411,0.6077872276060795,-0.26975206246919164
Z06,2001,0.15079976986126895,0.22766277912210875,0.020997145356140078
Z06,2002,-1.0179847968790188,1.1737595705031054,-1.4998922631998683
Z06,2003,-0.3175421850942738,0.25186157759565414,-0.11229981009707722
Z06,2004,-0.5679372031933803,0.4454262506856846,-0.36678361314717023
Z06,2005,-1.1777882499558114,1.4902083949370333,-1.9753021212853077
Z06,2006,0.985791145065287,1.5880346954654179,2.406706429474759
Z06,2007,-0.5818574800894927,0.4705510778667943,-0.42799706876955357
Z06,2008,0.5260359257209749,1.6908744197227346,2.584754380513639
Z06,2009,-1.4007913283702105,2.5500581251505694,-4.702378698395717
Z06,2010,0.31150998220641857,0.4056711103243507,0.3330738782839896
Z06,2011,-0.6493827831084288,0.5350597013466614,-0.5127480177541074
Z06,2012,-0.7719883675606969,1.1685464580547902,-1.8865232433117538
Z06,2013,0.18441857993094798,0.25725131095594683,0.061412541582416096
Z06,2014,-0.6830775536534891,0.9427517768813982,-1.380663557051716
Z06,2015,0.415463747030058,0.6023819229566183,0.7233999804027467
Z06,2016,-0.4100644489699273,0.33915938683434166,-0.29330142313388485
Z06,2017,-0.4789777624257052,0.6064784488451892,-0.6711312560955993
Z06,2018,-0.3681203375492193,0.28504505505348143,-0.23767461397226963
Z06,2019,-0.21405236428872992,0.14879948059835535,-0.03411939412008685
Z07,1971,-1.3330846232954803,2.302100403413573,-4.312085525671241
Z07,1972,0.2873442384848697,3.808686904924114,3.6655860693762636
Z07,1973,-1.616108271623955,3.908824344474185,-10.24765794204867
Z07,1974,-1.9210465576713787,5.011928066947015,-13.230643971684746
Z07,1975,-1.1425333724810949,1.4618971164346182,-1.9758104940161323
Z07,1976,-1.2498634892256653,1.6190402857017197,-2.1710765937291887
Z07,1977,0.5456272355002264,0.6954990613803729,0.712555983121277
Z07,1978,-1.4139806092556673,2.3131018085190354,-4.083897463239396
Z07,1979,-0.5455563899529993,0.44903188255908993,-0.3990735290418347
Z07,1980,0.29575049582396395,0.16704795982538254,0.09053022440419135
Z07,1981,0.05816890966248268,0.04816226239446706,0.006349015473657508
Z07,1982,-0.323863393121258,0.43123655417005347,-0.3523101842848341
Z07,1983,0.06738687303910854,0.3645766787279743,-0.14225717218895895
Z07,1984,-0.3612390071762335,0.21840260909106768,-0.14357641672836743
Z07,1985,0.09114285737893829,0.08954192236331592,0.03902748028207811
Z07,1986,1.0961224265464176,1.2844271923949941,1.5958283096382642
Z07,1987,0.040618152234542376,0.17498420657326855,0.019184719113109233
Z07,1988,0.47840154029071846,0.5811272880956563,0.6071336885121661
Z07,1989,1.6431467743079757,2.7617666422009925,4.740458849840598
Z07,1990,0.9384491497301134,0.8904911809426088,0.8541958137751263
Z07,1991,1.3068419849536606,2.878097647816471,7.389910935545489
Z07,1992,0.029340663415684753,0.19721065876932722,0.08123742841626712
Z07,1993,0.6016359518799137,0.6223548258909447,0.5463138043810107
Z07,1994,0.5947836572457038,0.604964951608788,0.6897714417290952
Z07,1995,-0.6951156813491789,0.8938759093656893,-0.9193612378246413
Z07,1996,0.4630237876651193,1.3066778098979326,0.8377173307628538
Z07,1997,-0.3772581896864415,0.14649284647129385,-0.05861121616174275
Z07,1998,-0.8886621210657363,0.9129723674082624,-1.0038302379186406
Z07,1999,-1.0998094657732929,1.8830083961237458,-3.966504402514133
Z07,2000,-0.29055257467650164,0.14565236711101945,-0.0898275578229017
Z07,2001,0.5747158107429479,0.8409365993156508,0.961022002971106
Z07,2002,0.166796885367794,0.3354869694600419,0.18469566297721954
Z07,2003,0.615196934713154,1.039705553104773,1.407762414604872
Z07,2004,0.7023516913971655,0.630300455092859,0.6311751075008148
Z07,2005,-0.14586288677493295,1.1010884848379736,-0.4736256083244166
Z07,2006,-0.1523268191620602,0.6231319320115188,-0.46257264967026573
Z07,2007,-0.18070670000080594,0.746970578266315,-0.5528341631293947
Z07,2008,-0.10716957676956146,0.5772429751248545,-0.44449403112467945
Z07,2009,-0.2334074857642766,1.8772091725560993,0.3037582721135381
Z07,2010,0.12376578869597138,0.06835927477114567,0.013114240378971428
Z07,2011,-0.40605466936849893,0.19903148860562256,-0.10994060889247613
Z07,2012,0.11579999957282838,0.1367296358468398,0.0447636685052143
Z07,2013,0.32346463920928104,0.13931270670279,0.06660061496225865
Z07,2014,-0.9882994352591946,0.9814239889359357,-0.9792918032077591
Z07,2015,-0.2898651354784941,0.2982368086425992,-0.16021558220476023
Z07,2016,1.1287263713527855,2.491949805657284,5.353088001269687
Z07,2017,-1.3600935793999773,3.1951438062362714,-8.144746892464852
Z07,2018,-0.6777563935331217,0.6682607313894934,-0.6874127657670547
Z07,2019,0.8901598459011364,1.1348518730875001,1.397293663855361
ZAF,1971,-0.12034193881061035,0.5755861690371287,0.08149193984960887
ZAF,1972,0.025806978743101276,0.5128951068657418,-0.00527374553182044
ZAF,1973,-0.5880730282885969,0.8675234075370448,-1.2559968758150801
ZAF,1974,0.39919161501831757,1.5423037652722893,1.343249367923817
ZAF,1975,0.22458286920111595,0.5218737705439367,0.494492181677387
ZAF,1976,0.7675768484055429,1.7244106694219687,2.4975925094118696
ZAF,1977,0.4648391936908195,1.2027609158192303,2.07998720248186
ZAF,1978,0.2052535936939914,1.0633690255086732,0.1968747262508334
ZAF,1979,-0.566383749782141,0.7977090494024754,-0.5314444641603877
ZAF,1980,-0.3953529551365199,0.48989108431405326,-0.14336628734012247
ZAF,1981,0.2405441080229393,0.8766932595893505,0.7241123280678615
ZAF,1982,0.11727689418121612,0.7358513896291417,0.34271939780393545
ZAF,1983,-0.43577754919155876,1.544869551451087,-1.1024223004630929
ZAF,1984,-0.3529714002650119,0.9553985782082214,-0.14026428102203428
ZAF,1985,0.14660877891265112,1.3925202353747508,2.2684953936703707
ZAF,1986,-0.309793517238754,0.3851527768765887,-0.22101741851222503
ZAF,1987,-0.39228367346007437,0.5141916231046954,-0.3927134697511676
ZAF,1988,0.7598764840119357,1.957611695514902,3.998698473614088
ZAF,1989,0.6670017175347164,0.9271582976784974,1.1372151202070375
ZAF,1990,0.3705884671955754,0.9284026666417287,1.1431917104918696
ZAF,1991,0.08438869252228282,0.6302891932655481,0.31712833355560766
ZAF,1992,-0.8563011970857737,1.4462814059589275,-2.1931423218866284
ZAF,1993,-0.042604255655516836,1.2994104796046726,1.3681658865617607
ZAF,1994,-0.16569286291629123,0.6714527645702312,-0.12680820972594123
ZAF,1995,-0.40365750446715837,0.5394755279249815,-0.4081362060113523
ZAF,1996,0.6955973652071019,1.2813448553631073,2.0914966827214805
ZAF,1997,0.5783415893646777,1.6541788112115619,3.370628993381054
ZAF,1998,-0.2870821966389847,0.6568969655879443,-0.4599030251883961
ZAF,1999,-0.9066480857550362,1.137098262267934,-1.521956293150259
ZAF,2000,0.27775075198204807,1.0025799157877864,0.5095687400361611
ZAF,2001,0.12001183953735753,0.8343817910492166,0.9948882498322671
ZAF,2002,0.023043352390330937,0.6360507530960272,0.11871332556663497
ZAF,2003,-0.6638209464399171,0.9532243593689844,-1.0317011331142976
ZAF,2004,-0.40701065612836057,0.40464087335160526,-0.3598137228766792
ZAF,2005,-0.06425877477298182,0.4222683210920118,-0.04797993812191788
ZAF,2006,0.3461282897128225,1.111707779851189,0.7526606401081037
ZAF,2007,-0.5148001984673305,1.0675364854074663,-0.878015101356579
ZAF,2008,-0.2032897914073968,0.4720825212503065,-0.1784322453413227
ZAF,2009,-0.33956140754762437,0.4001808935349019,-0.29789130197103797
ZAF,2010,-0.09568728343135367,0.570363053851106,-0.20652673965254098
ZAF,2011,0.30809145735664417,1.4128160611998597,1.949678550465411
ZAF,2012,-0.7883951457046311,0.874883465653451,-1.0957839340187043
ZAF,2013,-0.4312843842532288,0.5001889964067261,-0.4003533074846539
ZAF,2014,-0.40375271115503963,0.42879291210011106,-0.2731327245636229
ZAF,2015,-0.9111764650583523,1.0649666428129019,-1.3888141133666998
ZAF,2016,-0.7515761557296033,0.9409962017547542,-1.2944487821649553
ZAF,2017,-0.675153297398027,1.4086893186494829,-1.5481823261285161
ZAF,2018,-0.16036245901248303,0.3830999432111532,-0.14569006060022588
ZAF,2019,-0.14333410487453707,0.6071261240909671,-0.10043542890175476
ZMB,1971,-0.6247672381127949,0.5207219401246195,-0.4556343559085505
ZMB,1972,0.11217561049695798,0.4601974526513692,0.399052270862157
ZMB,1973,-0.7917712568188845,0.7812984251755289,-0.913922198288905
ZMB,1974,1.3607553689635334,2.1796044155404903,3.7910768633263627
ZMB,1975,0.2978853752432359,0.514159659713366,0.591116508226222
ZMB,1976,1.1095807350223597,2.74817818708269,6.738549796409703
ZMB,1977,-0.41604876479465674,0.4608103649742339,-0.25624812645380834
ZMB,1978,1.6808081370919086,3.271516602391549,7.211459087385039
ZMB,1979,-0.11181737439645409,0.3609786007748387,-0.002756862987400825
ZMB,1980,-0.04393284543295184,0.2660799252110009,0.08567652383001934
ZMB,1981,1.1125526302142277,1.4984303122218356,2.1706030501824243
ZMB,1982,-0.3705389764549332,0.5419928109387016,-0.4506417778813978
ZMB,1983,-0.862517593516954,0.8559796844424044,-0.9130539558958334
ZMB,1984,-0.8592257894353126,1.0349938732280197,-1.5350469961470616
ZMB,1985,0.06201351939464347,0.1996991480354467,0.24881320052845426
ZMB,1986,0.5938942056149922,0.5995893883302681,0.6265519888144616
ZMB,1987,-1.000411110690543,1.2497910154487433,-1.618907307043238
ZMB,1988,-0.4606283339148195,0.38053850975785297,-0.399171679280446
ZMB,1989,1.3991891248525152,2.9888785577710943,6.719130077720752
ZMB,1990,0.2381324564058521,0.4254963221876474,0.23294897069128362
ZMB,1991,-0.3234623697371301,0.1624292163033541,-0.11161604031740827
ZMB,1992,-1.2037362037578834,1.6930478155663822,-2.5903174241912468
ZMB,1993,-0.10837525667282677,0.17102969723054967,0.054846043243934474
ZMB,1994,-0.8822717906219995,0.8735816680813591,-0.9122988033682299
ZMB,1995,-1.3835224900860834,2.051963891968848,-3.259745804300521
ZMB,1996,-0.3730263883398796,0.2557459027057628,-0.21783089140109027
ZMB,1997,0.8126707585923619,0.8170312245471336,0.9305450469063326
ZMB,1998,-0.7397381361156474,0.7446920706372429,-0.8388997562083718
ZMB,1999,0.32871498310314984,0.8408554245447347,0.6564976011101932
ZMB,2000,0.16781631966660204,0.151085476586227,0.04229045803137335
ZMB,2001,0.5609387250067853,0.5332556395041881,0.5254651426884039
ZMB,2002,-0.8408054764078396,1.0647420744465887,-1.5075005833322082
ZMB,2003,0.3204855873342149,1.8134259747825276,1.3698693643879816
ZMB,2004,-0.07927884035321689,0.16537141891838747,-0.07041717292632957
ZMB,2005,-1.1321213424084828,1.576231344413888,-2.4052867233491035
ZMB,2006,0.3639084798801982,0.23973612958452462,0.20778501688023018
ZMB,2007,-0.5763016432672272,0.6240093741525157,-0.7025089544463099
ZMB,2008,0.7461671236737258,2.8144211626655853,6.7753237314593004
ZMB,2009,-0.03605330787703427,0.2348429611141394,0.018307008662917984
ZMB,2010,0.4801124234314108,0.3878289003941681,0.30579106410273915
ZMB,2011,-0.24357720561834081,0.3054039326297084,-0.09093044597355354
ZMB,2012,-0.6211835135701235,0.4635783941023548,-0.36238524978970676
ZMB,2013,0.15389450550368994,0.5775584098137317,0.33944238392541765
ZMB,2014,-0.08744733404886798,0.3419447071905455,-0.01765499793823228
ZMB,2015,0.18348780426702171,0.21248814556156537,0.04906893384182149
ZMB,2016,-0.9485447521207404,1.3829706131161292,-2.0247614768060145
ZMB,2017,0.16430942271826995,0.19632182591419703,0.06063981114960257
ZMB,2018,-0.08208481318600595,0.05223210025158977,-0.0053572495246853105
ZMB,2019,-0.09595646382191676,0.09369717679608675,-0.015647338205046865
ZWE,1971,-0.9811040638409289,1.30153034662438,-1.8837372111183133
ZWE,1972,0.7235354859215318,1.0431188285846087,1.7157328131929197
ZWE,1973,-1.095143861831913,1.3197615295565055,-1.7210289623618704
ZWE,1974,1.0580732959846184,2.064455521989203,4.62649042338447
ZWE,1975,0.5414570273063786,0.81911623056318,0.9238730956051265
ZWE,1976,0.9696213758623708,2.000884588935123,4.710651890042321
ZWE,1977,0.785822041739533,1.849805907113274,3.253685552078985
ZWE,1978,1.614680015315622,2.989518532303817,6.0583277849360275
ZWE,1979,-0.2254690470193004,0.2809406608886123,-0.08667126883301045
ZWE,1980,-0.006213981224886847,0.14974544923780111,0.022494645508902726
ZWE,1981,0.803474554759376,0.8326090845276712,0.950600176465841
ZWE,1982,-0.8848455837943845,0.8351077232244247,-0.8192744778006262
ZWE,1983,-1.2494605050382837,1.6831523379200113,-2.395121055405304
ZWE,1984,-0.5997200076121635,0.6429899116203491,-0.6383661952419108
ZWE,1985,0.38075207814771106,0.633086923167973,0.5634367004221769
ZWE,1986,0.32093335985037263,0.32799036186599523,0.31326865778122653
ZWE,1987,-1.1777265198142524,1.53583394053716,-2.0943276235171764
ZWE,1988,0.27557199039281616,0.40929134941668327,0.3391202832826077
ZWE,1989,0.005501254308364512,0.43275565458319615,0.26490959139450243
ZWE,1990,-0.09059418768002063,0.2491184470263329,-0.05329472182899546
ZWE,1991,-0.3394771215868607,0.31354679950758996,-0.15377974998197913
ZWE,1992,-1.278364623563195,1.884867225530433,-2.947493620606179
ZWE,1993,-0.03817797612891215,0.27044459373023666,-0.08221743548537806
ZWE,1994,-0.783513922438885,0.9374133896700404,-1.0199905486171477
ZWE,1995,-1.058895040379817,1.4444773449194388,-2.184029448923233
ZWE,1996,0.05537608572707384,0.38102691485052304,0.06723592981112138
ZWE,1997,0.7767481710025677,0.7708387841632024,0.8594519688075776
ZWE,1998,-0.7047029492583422,0.750328583756673,-0.8540249006799168
ZWE,1999,0.5791393033084068,0.8121980288260138,0.9100064485989824
ZWE,2000,0.9581630312985888,1.7578115991099827,3.624871069290032
ZWE,2001,0.5630102449748658,0.9999418369623958,1.3205567527381679
ZWE,2002,-0.8785285668235747,1.2467345197899566,-1.7451894242458736
ZWE,2003,-0.36081494166247774,1.1144023919314838,0.5398337392322061
ZWE,2004,-0.05534278068844384,0.2991517936578304,0.08462864262804434
ZWE,2005,-0.9686560322533813,1.178223664777329,-1.5317533099218887
ZWE,2006,0.06371868070401393,0.24987550265456207,0.08582916187200586
ZWE,2007,-0.5450023569790633,0.6195567059599854,-0.4782907916206566
ZWE,2008,0.013858275145741207,0.9702374019363467,0.9663684061729734
ZWE,2009,-0.4315308124599987,0.3964294477526493,-0.3276386747208907
ZWE,2010,-0.44764065345956533,0.4889770758752036,-0.436047351490441
ZWE,2011,0.007769549148396964,0.8396518576518128,0.5144340085063299
ZWE,2012,-0.113635305254396,0.4571244524303055,-0.02175129558978204
ZWE,2013,-0.15722256385259803,0.2958501991809153,-0.02718128896655595
ZWE,2014,0.2010179532437114,0.1805923647349596,0.08023442500593882
ZWE,2015,-0.24617086542755237,0.45944727151261744,-0.238416570356657
ZWE,2016,-0.7340946249792133,1.3075834229396748,-1.4349967970742084
ZWE,2017,0.793076924852915,1.037872310965364,1.6080920029761312
ZWE,2018,-0.019149512878902996,0.3494108480151935,-0.02957053135496356
ZWE,2019,-1.0052506118883169,1.340532395411532,-1.8799742656255705
