country,ssp,esm,2020,2025,2030,2035,2040,2045,2050,2055,2060,2065,2070,2075,2080,2085,2090,2095,2100
AGO,ssp126,gfdl-esm4,-0.01933598612638706,-0.005701985553594425,-0.01298692732178855,-0.00691450902849006,-0.0030159484964487563,-0.004035955768156656,-0.0084281340087246,-0.004172267306516471,-0.004940540830698576,-0.00539204626850037,-0.004238413867319519,-0.002081950121327685,-0.002944556060675352,-0.0033037215520867053,-0.0010852855382074153,-0.0012675136954763964,-0.001713259841411424
ALB,ssp126,gfdl-esm4,-0.022073422069002376,-0.14591678454409013,-0.10366752996213817,-0.09531286133754532,-0.017454133008087017,-0.030251498006547462,0.0003108312983156007,-0.024451603939780926,-0.020650235204232852,-0.03650309306374242,-0.073584917237163,-0.06269349050257948,0.00522263966862863,-0.11389971320613326,-0.04844762734545377,-0.03092107464920893,0.010913534976510304
ARG,ssp126,gfdl-esm4,-0.016164301647430997,-0.0006693167612917152,-0.0031555128311660735,-0.0020527558886547937,-0.003228167888724845,-0.0020888550664017887,-0.00029744815364651073,-0.0011254030281916975,-0.0007836507722923509,-0.0006408474610760192,0.00042958030841384827,-0.0008109534585797939,-0.00033857138180216353,-7.869018251826972e-05,-0.0003404084165502435,0.00018059622504556393,-0.0003837346734647833
ARM,ssp126,gfdl-esm4,-2.0587130823996965e-05,-0.0006599483850263182,-0.0004203461062634129,-0.0003671051037288882,-0.0004559168768220159,-0.0003380345793294199,-0.0004134184699807432,-0.0006887573177912153,-0.00011039420869915187,-0.0012045301725299032,-0.0007159049118332847,-0.0011027215358747474,-0.00044774875464205114,-0.0008861977075702814,-0.0005267873148246895,-0.0005426040872654847,-0.000607706872735573
AUS,ssp126,gfdl-esm4,-0.00030696605781171027,-0.00016377396877359632,-0.0006430046486745034,-0.0003667829255089416,-0.000425617024795462,-0.0006344471819746624,-9.726851938359607e-05,-0.0006302590003323522,-0.0002693821899387706,-0.0003089780084870301,-0.000322834876481909,-0.0003451708406133029,-0.00023772270262183606,4.5619361196612724e-05,-0.0003676698984459056,-2.519570505235642e-05,-0.0002409496628913144
AUT,ssp126,gfdl-esm4,0.003041297886465414,-0.00046986954131626675,-0.00363524690487632,-0.003807961936285589,-0.0018341684036618116,0.0012966759229424542,0.001799881101945605,0.0009125041224552804,0.0015115335838566898,0.0010053749159455378,-0.004914853857426406,0.0007989462512998902,0.001344371475021421,-0.0014548152248027883,0.00046271743561771824,0.0010097496785272185,0.00237415377172047
AZE,ssp126,gfdl-esm4,-0.0054328931045550515,-0.01637180026631521,-0.007531512685252871,-0.012194484664803723,-0.006822457912655979,-0.005770194046981095,-0.011012004817360772,-0.00790217561166958,-0.003371530969923721,-0.01268081878333967,-0.006160174451699273,-0.010232245553150115,-0.006720191022956984,-0.0075856752541002955,-0.004144082828032332,-0.0037485873867804586,-0.003489310111392957
BDI,ssp126,gfdl-esm4,-0.3317007049982041,-0.21345277108866823,-0.03490280062612954,-0.06721280611449752,-0.014726477373536783,-0.009090568291776084,-0.0067069077129446805,-0.010694239032021208,-0.008278599197978789,-0.011072104775480963,-0.002718003306098297,-0.004437460184041492,-0.003445544764884669,-0.0018153058438501986,-0.0027416426793378467,-0.002282585260348763,-0.0020431421160816477
BEL,ssp126,gfdl-esm4,0.0004799450716301028,0.0006728628409317799,-0.0004149686495660085,-5.675216301040244e-05,-0.0015050559672052425,0.0004653094127313988,-2.0020175752244377e-05,-0.000283767279874646,0.0001402355489643801,-4.5792318479549344e-05,-0.0002152623523684572,0.00036551783201628014,9.776895212665507e-05,-9.246195873055551e-05,-0.0001304657635950881,0.00026899219783403406,0.00014911809235926125
BEN,ssp126,gfdl-esm4,-0.3931872977763197,-0.15246032323802552,-0.18230748673815866,-0.16159147756294664,-0.06559520658145135,-0.07732319884670177,-0.08862636985249103,-0.06684986048792128,-0.08560889612453952,-0.04747097632064166,-0.04030849934291015,-0.0343251020580064,-0.013932333107487092,-0.009806448880491347,-0.021337848889236618,-0.020495769211160014,-0.010230335944426803
BFA,ssp126,gfdl-esm4,-0.41940629695636666,-0.3923861150628668,-0.19004137636661148,-0.03939170354084071,-0.11580816755336831,-0.0747527418941611,-0.03387949135018621,-0.060439771002350845,-0.05648368647858911,-0.04185306202249273,-0.020938510441235878,-0.022118598935845283,-0.019925159170369525,-0.012692329527963009,-0.011506252527703863,-0.01540099282787839,-0.004593394273727843
BGD,ssp126,gfdl-esm4,-0.012620699165911646,-0.011296485968584818,-0.006077849291568839,-0.0022731253558781624,-0.007080802016982767,-0.0028836302153502002,-0.0015053830051827365,-0.0010437097190644385,-0.0032842384117904707,-0.0011957504197029054,-0.0007606905017514074,-0.0008681330306898415,-0.001928999625503449,-0.0005666212957357488,-0.0004110848201826149,-0.00015885622883278933,-0.0003027896337698215
BGR,ssp126,gfdl-esm4,-0.08878413092180842,-0.12577397979565225,-0.06669580952663318,-0.03706229125467768,-0.0322076879600082,-0.04844075508031925,-0.0008340504636786081,-0.01934944668209993,-0.0403537685665116,-0.010072900550070618,-0.04062866188351764,-0.06446915061778649,-0.002464703424974246,-0.08490687546578621,-0.017244053932279683,-0.022225286766654882,-0.001478914926746482
BIH,ssp126,gfdl-esm4,-0.04039835253628816,-0.13229254047347866,-0.12557198343521236,-0.07843940279667047,-0.033227660552184,0.004501070462676484,0.01569034537924631,-0.020420855809376595,0.010595697943144449,0.005212676327074455,-0.1125333523003352,-0.06590759518037714,0.01643953030757762,-0.10310277746015627,-0.05747719044362433,-0.03748648934277031,0.054227017449661796
BLZ,ssp126,gfdl-esm4,-0.248261738360623,-0.0740291662787258,-0.18353974255521,-0.045969601923358756,-0.06767156505634726,-0.037659218683230695,-0.05222220591453048,-0.041293193703565115,-0.041188693012117444,-0.014908767042601688,-0.01332771666971084,-0.010709323653671225,-0.013298602259935026,-0.006665311979261152,-0.01958441717434149,-0.00988216266244828,-0.019506356243115607
BOL,ssp126,gfdl-esm4,-0.013343121841389001,-0.02926544479974051,-0.06985250914613404,-0.02617935981170588,-0.006625617105345301,-0.017762793729801586,-0.026780714969740167,-0.021401716485904613,-0.02618634831989188,0.00024022354030669727,-0.0006741676235044024,-0.011191976344521048,-0.006645397659516522,-0.0023143955015035318,-0.01645653113518088,-0.001275038351354265,-0.010744794440900223
BRA,ssp126,gfdl-esm4,-0.053381081318612154,-0.05559264744214113,-0.048803855561868406,-0.04347814762055957,-0.021585312242980523,-0.02682968833223555,-0.031609312228125866,-0.023542324810978524,-0.03588599306569365,-0.006228533361228995,-0.01370264338422716,-0.009189026762405704,-0.012679891774310215,-0.00234582058418655,-0.020572719234552055,-0.0035965549831305384,-0.008644926860824522
BTN,ssp126,gfdl-esm4,-0.005626715062832041,0.0003093853203445101,-0.00011089347298504468,1.3727467486587958e-05,-0.0011895038086884148,-0.00012543263935029582,0.0007222163176855917,-0.00026936880695529737,9.702399244304202e-05,0.000328639568959946,-8.017315086047233e-05,9.506839620403862e-05,-0.001065229716534986,0.0001557828733912886,-0.0001076718263450958,-0.0003077601131314817,-0.0005137060321433988
BWA,ssp126,gfdl-esm4,-0.006323015919148553,-0.005709440659681984,-0.001546798526202141,-0.0008490592817550027,-0.0019087557424219256,-0.0015353982033696088,-0.0015527910331442644,-0.0013571323210807705,-0.00044814457873248873,-0.0006895091376529942,-0.0031605898121941016,-0.0008638813712984264,-0.002243365118523798,-0.0004158878491828565,-0.000688027730133163,-0.001058320618657529,-0.0007563550200835084
CAF,ssp126,gfdl-esm4,-0.6773434207407477,-0.4631555574579631,-0.2951235422380097,-0.15534834335339293,-0.17697506736385268,-0.07626677703695925,-0.0966476659040068,-0.09060244427980364,-0.08168715291863964,-0.047651701000959494,-0.036221635212837895,-0.03939777843263393,-0.021151222969451686,-0.011150194569444211,-0.02813384122979533,-0.026443415141605132,-0.01702794536020383
CAN,ssp126,gfdl-esm4,-0.002993677958984391,-0.008441933461531626,-0.007023544592406843,0.002314854474740991,0.0003876395510561413,-0.0017944372996652603,-0.0021599121070261973,-0.007582922859238673,-0.003446054257787299,-0.001059398958795313,-0.002983489894010763,-0.000910630521778479,-0.003242915508537638,-0.0020272700847245757,-0.0021484777400402914,-0.002071366332443096,-0.002671661868083626
CHE,ssp126,gfdl-esm4,0.00047581116805483467,0.0002637673199578594,-7.450813504777366e-05,-0.00014823995453756093,8.961507929872263e-05,0.00023105980298856327,0.00017577231573290817,0.00022225668965441097,0.00022933802511689873,9.352115455142145e-05,1.6926638750721092e-05,2.930242121997105e-05,-0.00014065358732475876,-9.86026159130594e-05,3.3842936245970334e-06,0.00013156878067306296,0.00016695534583327168
CHL,ssp126,gfdl-esm4,6.983378028939814e-05,4.836678194859076e-05,6.683302656918083e-05,3.805536425769226e-05,-0.0003373653670445002,-0.00019776264770266733,-9.491479162083085e-05,-3.887263752313147e-05,9.366336041324939e-05,-0.0004013267168676193,2.8718925425557168e-05,-7.838793955283517e-05,-0.0001561378968626802,-0.00027110356382739343,4.984811700248563e-06,-0.00022316146132761902,-0.00011887109338732728
CHN,ssp126,gfdl-esm4,-0.017482831920552624,-0.011892294600820785,-0.012428647721665523,-0.016197544044209863,-0.009665297997940494,-0.015398827439373902,-0.011810358858982966,-0.021774940988353714,-0.004907160833658992,-0.007381245670186783,-0.011269890833043947,-0.005179188955126328,-0.006792920977700939,-0.006182783070469634,-0.004846394991078055,-0.005260987958264858,-0.007983077621920909
CIV,ssp126,gfdl-esm4,-0.11429976676266636,-0.07322385826199329,-0.0391521794902722,-0.02689777327091826,-0.011536985394215212,-0.012266945995108275,-0.01384670592007687,-0.010507562877226283,-0.013229327283950093,-0.01079252624934444,-0.008625763145062214,-0.010259057386279859,-0.0052769477860895855,-0.0037475667783438936,-0.007191632986076362,-0.00663633257968809,-0.003279142432534146
CMR,ssp126,gfdl-esm4,-0.18804226092216,-0.11416660716179881,-0.08587146656826505,-0.047617051338697015,-0.04664773178096972,-0.03667968230752612,-0.030909485317705297,-0.03277736838526883,-0.030759365199904333,-0.019623746278965112,-0.0186655774913431,-0.011378154147969884,-0.009258390459758407,-0.00581269474791036,-0.00647731680546418,-0.010846812765662404,-0.005610513564303213
COL,ssp126,gfdl-esm4,-0.008834038181044102,-0.002753405373518057,-0.00587866947438368,-0.001209826282592486,-0.00033310125693336096,-0.0030768992936676246,-0.004401619813794681,-0.006298041634826648,-0.003876157968921464,-0.0025424732158830466,-0.0019933829894834367,-0.0016556745041219297,-0.0026623056869032095,-0.0015086387692986702,-0.0020450214042976376,-0.0012078511493797694,-0.0022834207763119895
CRI,ssp126,gfdl-esm4,-0.0033667748548776282,-0.0005778665609878252,-0.0009574937880636062,-0.00012022133105590094,-0.0001186383462790989,-0.00036699822057372134,-0.000415808844513383,-0.0005246586453506664,-0.0004437387119405745,-0.00024074036898315645,-0.0001767479262310816,-0.00013453208268085235,-0.0003434430640975714,-0.00016897095918262257,-0.00020778646784047286,-0.00012171674251113835,-0.0002846325252908809
CZE,ssp126,gfdl-esm4,0.002370112147510696,0.0014727514695469057,-0.00017464668441050433,-0.0005748149211894076,-0.0016299343055483073,0.0006895631213721966,0.0010031239975368856,0.0009482518976362209,1.0448930641094616e-05,0.00026534597233411644,-0.002110652015114686,0.0011653748948545377,0.0013228087605827996,-0.0009110572470865337,0.00041265637752338025,0.00021501393032590627,0.000890571617123757
DEU,ssp126,gfdl-esm4,0.0006371495018702626,0.0007414997302553087,-0.0006312374532381089,-0.00027031239041819217,-0.0011543711474644482,0.0007074212785009832,6.922251985022822e-05,-6.10429205876298e-05,6.829000599843578e-05,9.364154000247087e-05,-0.001100391343313456,0.00029884087106522335,0.00022544853733790998,-0.0002642274194711276,-0.00018476454480993517,0.00017583920721610558,0.00036905625887619564
DOM,ssp126,gfdl-esm4,-0.0028027679315737876,-0.0010486752390316937,-0.0018981275142705152,-0.0007754116941818607,-0.001022415624515237,-0.0007863252745510737,-0.0008965114522368801,-0.000613395943234777,-0.0007024635622098441,-0.0008482327671715578,-0.00043273329112947137,-0.001083916847103347,-0.000479388060999841,-0.0009612455981899746,-0.0009237044307300787,-0.000697721946670058,-0.000863774485014186
ECU,ssp126,gfdl-esm4,-0.05321485159156628,-0.04681161665213149,-0.04216408348540126,-0.01571410893023097,-0.023980654958812,-0.03670404408407582,-0.012420733512664974,-0.019646151967879586,-0.020040829398450078,-0.012228774783518841,-0.009381308992912335,-0.007123094967444834,-0.011565860687525667,-0.0070882360735640415,-0.006228896623865115,-0.003207129144181814,-0.0056852652302988305
EGY,ssp126,gfdl-esm4,-0.000818931660571474,0.0009894063944041742,-0.0018576124358523028,-0.001869256011882412,-0.0020252596154499403,0.0007969019545371269,0.0007235480067014055,9.104179481870891e-05,3.054749265187806e-05,0.00025110799509371607,-2.780040342529133e-05,0.00013183098968352683,-1.897014785239907e-05,-3.221137783180253e-05,3.488786205031444e-06,-0.0003153575629909195,-0.0002292485004804438
ERI,ssp126,gfdl-esm4,-0.3322866592584355,-0.10284029067761859,-0.14817127641032823,-0.04647922880011196,-0.15573007967359292,-0.13117837026907406,-0.0669547878590575,-0.1481835001400866,-0.06770684864976279,-0.08244358197215304,-0.07254737826426215,-0.06507344546305174,-0.05726238960115956,-0.018605942103070292,-0.0379075330666522,-0.03444946135367973,-0.040374336812477214
ESP,ssp126,gfdl-esm4,0.002729333170225184,-0.005827745488790761,-0.010875198791329681,-0.007399937959042961,-0.005621854523225351,-0.005011686535039315,0.00018259339351287684,-0.0038062977416830086,-0.0019051504332300436,-0.0017763250030968906,-0.0035361332447518884,-0.004529948313792988,-0.0049269449126542065,-0.004178692792978866,-0.000744051724903385,-0.0008641811130096933,-0.001762250845417243
ETH,ssp126,gfdl-esm4,-0.17202142570932652,-0.020898442058217833,-0.022306494563009663,-0.01921675444619551,-0.008901385419942693,-0.008205759261838594,-0.009235924506000297,-0.009354210954079751,-0.002612439743047779,-0.005752966310506692,-0.0038757236533296193,-0.002970035702361741,-0.0030345468145236824,-0.00029379915094708705,-0.002741047396687763,-0.0012488789931822115,-0.0025273628556791135
FRA,ssp126,gfdl-esm4,0.002249754055007537,-0.002059332839693258,-0.008177703782550047,-0.005732043217083645,-0.009407495806317395,0.0004985195385552464,0.0006666640554603019,-0.0016986569014161563,-0.0016743299110228115,-0.0009574719029049814,-0.0038294603956953374,-0.0016936279323503522,-0.002984000438319372,-0.0024857467614798835,-0.00032514496416798165,-0.0001380308140455921,-9.050882707983925e-05
GEO,ssp126,gfdl-esm4,-0.0056919927634966035,-0.013015549243895619,-0.010588697395000346,-0.0014999117563355543,-0.010362342226948238,-0.008447988651898624,-0.005146127333458445,-0.011022626337850899,-0.004775853372102091,-0.013827187819232591,-0.007331680433582086,-0.016391884281786635,-0.008884622889383902,-0.010973241673440493,-0.009085050130298008,-0.005009828752942898,-0.006059698585690564
GHA,ssp126,gfdl-esm4,-0.14606807226929977,-0.035894681342355905,-0.03195388413541238,-0.01627334239985522,-0.010156047511487937,-0.015306063306639285,-0.01559685493963203,-0.009930999573271879,-0.01553906928382225,-0.0127515543355469,-0.012124621794791615,-0.007864557313618029,-0.004439721521186028,-0.0027158643604007354,-0.007731568322438031,-0.007029969040188833,-0.00325313585196751
GIN,ssp126,gfdl-esm4,-0.05047922153318298,-0.05278395475173162,-0.013500493499310354,-0.010900295581102271,-0.003199372475677787,-0.004455934062115772,-0.002723483681986678,-0.0029351076374873704,-0.002980686417595656,-0.002189229223743011,-0.0022568901258608024,-0.002909605188642398,-0.0017796740484503132,-0.0011262267533439048,-0.001808376707035675,-0.001653467014143581,-0.0009914319926837905
GMB,ssp126,gfdl-esm4,-0.05940803133525019,-0.044796840208449824,-0.03142284919157855,0.0007294127295570179,-0.004821257409058662,-0.004500390912327822,-0.004955112388356282,-0.005308428102579261,-0.0027450810807307297,-0.002927081709720689,-0.0034174410243732398,-0.0028627343894577417,-0.001637874113805003,-0.001083742682192759,-0.0017257639806664532,-0.0008701744102046628,-0.0009011749642331162
GNB,ssp126,gfdl-esm4,-0.19993955626316268,-0.20386274638388263,-0.10614362951225734,-0.007920662176579373,-0.015280159406211562,-0.03069055358210455,-0.0331816323748391,-0.016678474085105165,-0.009576590013923551,-0.010331972216460638,-0.011934507729889958,-0.00823048610334072,-0.007710549117968547,-0.003853902370740864,-0.00483343435036104,-0.0028839491271042167,-0.0035266530369830068
GRC,ssp126,gfdl-esm4,-0.010733286412820921,-0.021564359991984805,-0.011856447144392653,-0.01328335854575347,-0.0012907045255866447,-0.006436204589549329,-0.001043068455080871,-0.003516457635742313,-0.0068158958959657285,-0.005128324555747075,-0.007243620360303559,-0.011504372275290622,-0.0001417589580925821,-0.009809697069996683,-0.005235569605728984,-0.004024701414368427,-0.00118141299198945
HND,ssp126,gfdl-esm4,-0.2172127742110632,-0.044672274567569226,-0.06668364061809236,-0.026864424755580832,-0.01737263836560646,-0.017534995259057842,-0.020777896583032276,-0.024491112903607365,-0.014423164965668225,-0.004421689006830406,-0.0023817824147727117,-0.004603166028460232,-0.0041590193222185625,-0.00439404778805836,-0.009397901111925447,-0.004167572946772115,-0.012994809660860966
HRV,ssp126,gfdl-esm4,-0.020023517818622837,-0.5031987027797722,-0.4426788251841791,-0.3567401325598966,-0.19499955181486103,-0.0036127478256483842,0.04256758949199943,-0.09948528665957967,-0.005586513946430197,0.0012299789037262866,-0.39877483741309816,-0.1327942753148608,0.019013398736323177,-0.33972868798509553,-0.11025868768155132,-0.037250747341219415,0.06852448408535577
HUN,ssp126,gfdl-esm4,-0.05051428425637548,-0.04916840352696018,-0.04077297643234518,-0.024612633906336043,-0.03163349490560851,-0.0010145880131286857,0.0014963514432511384,-0.012439675806137364,-0.005210321572998703,0.0008521133279902211,-0.03668024209720903,-0.010149459254116866,0.00042768066731003595,-0.020653369390938658,-0.007434257087462279,-0.0009806067243045564,0.0069485432680251105
IDN,ssp126,gfdl-esm4,-0.01837237760255944,-0.025717027745936535,-0.02964592018641679,0.0006438219041247649,-0.004603376996789705,-0.009832300290032523,-0.009892760225530725,-0.01486806925317864,-0.008617852621866285,-0.008662871071558798,-0.0061243562514301225,-0.0038593183541950566,-0.005990158396793805,-0.0026038981514542978,-0.002809404539158707,-0.004368434652198374,-0.004232812685128887
IND,ssp126,gfdl-esm4,-0.009744332888944805,-0.008223881639440527,-0.0068346976456607955,-0.0004475676398936968,-0.0021946303113680263,-0.003896493858618191,8.003784459346637e-06,-0.0018225721189115824,-0.001969612718285491,-0.0015908411265865188,-4.757471966447409e-05,-0.0002602437042726883,-0.000543190706467197,-0.0005559348123770139,-0.0008567723026392597,-0.0004185682491341617,-0.0006787927167365978
IRN,ssp126,gfdl-esm4,-0.000909638312099612,-0.00022825606176016982,-4.7182965640873323e-05,-0.00021893290763573404,-0.00012342657538937218,-6.493570644868876e-05,-0.00017494811403762463,-0.00012132015106992058,-5.349477345060734e-05,-0.00016082242681686738,-0.00011632003887125844,-9.474822856913437e-05,-6.070337617183709e-05,-5.68880248297845e-05,-5.6312093558644887e-05,-5.1779724675547455e-05,-6.636946916526788e-05
IRQ,ssp126,gfdl-esm4,-0.012046170139956116,-0.01586025397951083,-0.006071411600351094,-0.008625212541751803,-0.008368373516426764,-0.007016046173013452,-0.006752266439227167,-0.006600884151398963,-0.0032209185264004724,-0.006089472177355629,-0.005263238806651145,-0.003876029069849395,-0.003103856473719128,-0.0024597445618356555,-0.0019827700149837816,-0.0021352991984644196,-0.0021817536917223966
ITA,ssp126,gfdl-esm4,0.000880651521750829,-0.0014335719235997408,-0.0012772975794779992,-3.4443556034887806e-05,0.0007734774548157927,0.0004926560625673521,0.0004781112280809228,0.0005020000068545385,0.00021214122959062795,0.00013095697298499213,-2.394311715480866e-05,-0.0006097957183513708,-0.0004123453021235793,-0.00014768405329635304,0.00039701309413537716,0.00044720913699790874,0.00019087799919198186
JAM,ssp126,gfdl-esm4,-0.005159860412111322,-0.004179570954244836,-0.0043084582379561,-0.0005721179727589975,-0.0014514085265868247,-0.001782874253191106,-0.0027193371498730485,-0.0018624955314922658,-0.0014882624900340456,-0.001648501911114864,-0.000754588564767287,-0.0017320825680315136,-0.0010393724538448389,-0.0016290774431424512,-0.000625704644400726,-0.001536529887612487,-0.0007541335935291187
KAZ,ssp126,gfdl-esm4,-0.0020968341552874484,-0.00404459103535246,-0.0025212431096505823,-0.0019476289861107502,-0.0010574829303351412,-0.0022682031379987057,-0.0028756562592899444,-0.0007700548471505204,-0.0020552924880389858,-0.002034352405710557,-0.00035387063417994315,-0.0018044837155847516,-0.0013081095691639484,-0.001852290335631636,-0.00107113000382686,-0.001956225886416711,-0.0012778607137581789
KEN,ssp126,gfdl-esm4,-0.23880071251116117,-0.09889864160450174,-0.03734818971755782,-0.04494117747833889,-0.0031157677429333158,-0.024853989088859975,-0.012502906364655878,-0.014906071193985165,-0.010844037116133517,-0.011254189402994365,-0.007077129092216312,-0.006019899174978288,-0.005225922696675497,-0.0020432475378437598,-0.0059917487024396515,-0.002688735274397777,-0.004330987647533001
KGZ,ssp126,gfdl-esm4,0.017485844110316968,-0.024492147136767027,0.007140526752959465,-0.007302411924912937,0.0015150480653823145,-0.01768219073511697,-0.0009261851166705571,0.0057436397750999044,0.005001457138096833,-0.0014809643761985612,0.0013471480455773224,-0.006026213656419383,-8.529741636146156e-05,-0.0015298283368688386,-0.0025085689593106254,-0.006895411574500111,4.036024385981163e-05
KHM,ssp126,gfdl-esm4,-0.08708991806578306,-0.05420002198081097,-0.08550988196445797,-0.011127121621585325,-0.0553198703319009,-0.03396005993228486,-0.014534713359798699,-0.023006877650109395,-0.02040356547063612,-0.012845501155224008,-0.009144518562075387,-0.011094423081862299,-0.008421988566865875,-0.0013663380624589785,-0.007952833188246338,-0.006126461833429167,-0.0062118818468366
KOR,ssp126,gfdl-esm4,-9.509552624877092e-05,-2.0743818789510908e-05,-0.00015532040667843376,-0.00015752753818637152,-7.022552054527462e-05,-7.246034477470989e-05,-5.990043858556578e-05,-0.0001290252940147419,-0.00010270070787953143,-0.00010665106894021788,-0.00010828092693259496,-5.865349098064305e-05,-3.807332796671495e-05,-6.137698096030596e-05,-8.225086663871528e-05,-6.45455854989197e-05,-0.0001178626631243855
LAO,ssp126,gfdl-esm4,-0.1012221787793529,-0.00979021355356445,-0.021714518960971922,-0.00675701231250241,-0.009361558692456485,-0.0044883559367593145,-0.0025125408281394764,-0.0042406877503605,-0.001692556698014001,-0.003921322615338376,-0.003528385109941836,-0.004626932907008076,-0.004488161692733463,-0.0026442044575319687,-0.004294164590534405,-0.002497311660681594,-0.003233807633671113
LKA,ssp126,gfdl-esm4,-0.01031787935387823,-0.0014210048589691363,-0.0013290554616914394,-0.0009635817822359112,-4.098105282100424e-05,-0.0007322844928836147,-0.0002775094353360602,-0.0007256010044505778,-0.0004727404616424793,-0.0008084864248913284,-0.00024775238180944887,-0.0004929508450856517,-0.0007186978341680529,-3.1869534150898726e-05,-0.0006846905004629973,-0.00012025263219131527,-0.000689867176544991
MAR,ssp126,gfdl-esm4,-0.00027150848238206366,-0.0009179008724867395,-0.0007986478361416744,-0.00015311029446243737,-6.240032503530625e-05,-0.0001354571406803408,3.1535804125894996e-05,-0.00010311057573908302,-3.291728010155352e-05,-5.050062997907069e-05,-0.00011763379863364544,-8.132720583019865e-05,-2.5623420151141887e-05,-7.89801808295838e-05,-4.317511660156485e-06,-4.797277926273047e-05,-4.7958315328737436e-05
MDA,ssp126,gfdl-esm4,-0.19282604185646834,-0.053139442420515326,-0.16613587342290592,-0.026246196716439255,-0.0588191786923355,-0.04898087286821688,0.00322226440250899,-0.01203680854256722,-0.0627808849649261,0.016131742941683014,-0.07231425810171578,-0.03921383564882403,-0.014742647090586479,-0.09019604249538182,-0.013163229674635306,-5.568641505349073e-05,0.019411320448252837
MDG,ssp126,gfdl-esm4,-0.0032789262533135296,-0.002761261055214576,-0.008401194286680623,-0.0018677530065964317,-0.0030415481213063346,-0.002382482689595918,-0.0014104009791732534,-0.0005326167730320411,-0.0006421471398238949,-0.0006525039709975376,-0.0007985952687007538,-0.0003738577458741808,-0.000267476923943684,-0.0001498842652580871,-0.00021670244518384187,-5.847996406352552e-05,-8.611220645696228e-05
MEX,ssp126,gfdl-esm4,-0.0272971153723671,-0.019430543681281782,-0.035782094500260674,-0.004477247255317009,-0.009257815083464209,-0.004955589694032794,-0.008841210337680636,-0.014144606511499385,-0.006655051846301343,-0.006591929458546926,-0.007317526462562495,-0.006732580430921112,-0.006792722988245514,-0.006337232066682378,-0.0075215714896581035,-0.006367130187392936,-0.01254422823987062
MKD,ssp126,gfdl-esm4,-0.006184237568328341,-0.03670346323869008,-0.02077255606903018,-0.01407608616125183,-0.0007780741301029018,-0.0037288882834117408,0.0031582185533497713,-0.0022792211588334283,-0.0015102578835189233,-0.0006125218208744695,-0.008865522893970173,-0.01329495110432724,0.004151538506900585,-0.013504241153331452,-0.00865802542943068,-0.004728924337539482,0.0025931660703385193
MLI,ssp126,gfdl-esm4,-0.5671370790810606,-0.6693030696162373,-0.32910584828729944,-0.12734421037319676,-0.2016938203821938,-0.13356812494634784,-0.04320186164458313,-0.09976662450627521,-0.05969320906177184,-0.055571421736865155,-0.04291458951033979,-0.051411450001524014,-0.034562752782164224,-0.017025611028001285,-0.018501718033833325,-0.023837343072739107,-0.00874684685684456
MOZ,ssp126,gfdl-esm4,-0.015511273467177178,-0.17398156125260894,-0.08293248133114021,-0.03977652465075318,-0.013419222368081503,-0.02605870947878214,-0.02819481127951172,-0.011388984796924496,-0.010345496433576459,-0.003479327406425452,-0.007028190913637798,-0.004679934675659278,-0.005148165862082021,-0.0022485872402633533,-0.004619491413126521,-0.0023561476474527705,-0.0019791284387307433
MWI,ssp126,gfdl-esm4,-0.46580795641650896,-0.3436676246877541,-0.1909318986268256,-0.03544519690162614,-0.060870303016889594,-0.04487941215877006,-0.0655655366335595,-0.03191186840137889,-0.027697908551886374,-0.011840993519171302,-0.010035451770698815,-0.00946444422668439,-0.008952438754343992,-0.00454083937922485,-0.011387813600259845,-0.004436031153834049,-0.004407211147749867
MYS,ssp126,gfdl-esm4,-0.00014897819727499102,-7.671456858203764e-05,-0.0001000048069129695,-3.426849018351117e-05,-2.842247460014923e-05,-5.009029076279143e-05,-6.989069819978161e-05,-8.245694022817597e-05,-6.808488835583512e-05,-5.412660312744551e-05,-5.391747770887641e-05,-3.558500434708742e-05,-6.838251346094397e-05,-3.82824501941319e-06,-6.000415934223019e-05,-4.5116975589005244e-05,-7.040722339228748e-05
NAM,ssp126,gfdl-esm4,-0.008252884543661953,-0.04443545487325902,-0.009128410722760282,-0.010908780582999392,-0.0058321345514905434,-0.01176157472770664,-0.009104064914353003,-0.008687394560616882,-0.0037626747497354934,-0.006013656318947563,-0.008315694119603872,-0.00241966737754458,-0.007403050011388157,-0.00165793871195528,-0.0036139591553888692,-0.004723978910515612,-0.003905806047702682
NER,ssp126,gfdl-esm4,-0.0037398529746140432,-0.0015173443032705375,-0.0038392718490601542,-0.0014889111997009401,-0.0020385278893413246,-0.0021026502595264417,-0.0005595998458675462,-0.0008702013432353406,-0.00026654494825708523,-0.0004324777896652222,-0.00023368215366613383,-0.0002546275852876378,-0.00020620626623834022,-4.2549374255336095e-05,-4.887990722770227e-05,-0.00010815011333607254,-8.312873625621846e-05
NGA,ssp126,gfdl-esm4,-0.06632245097353284,-0.02346565916444632,-0.022443656060028284,-0.011393150023095376,-0.012426775646443388,-0.010725070874856532,-0.007582062910282055,-0.00735509282714662,-0.007687357866763922,-0.004161246468717907,-0.0038165523983021885,-0.0031328241597099113,-0.0016495140401935812,-0.0007704893189929839,-0.0013043533829515906,-0.0018493431891243974,-0.0009070392706831567
NIC,ssp126,gfdl-esm4,-0.197756287292573,-0.05216839611666891,-0.07526493172778705,-0.03335882486336042,-0.012778755919106167,-0.02143301381211032,-0.025153349352058787,-0.023980958720089096,-0.018537173141857727,-0.006074313179184608,-0.0017480697365652054,-0.0038066538094689456,-0.009059315968839762,-0.005565697106321602,-0.009279741427907301,-0.0035213585069807595,-0.012730643162398653
NLD,ssp126,gfdl-esm4,8.353525060724529e-05,4.49721629088452e-05,-9.491335025847829e-05,2.6854042338882177e-05,-0.000269271619573712,7.129381673460452e-05,-1.6570588265375366e-05,-0.0001065845427391713,-4.968761266247513e-06,-2.2890756655660206e-05,-5.545340433562464e-05,5.3192491050945344e-05,2.6406793958405823e-05,-1.5363495667082864e-05,-4.605577046116823e-05,5.660462302894302e-06,8.606261781225337e-06
NPL,ssp126,gfdl-esm4,-0.14887765073077264,-0.07662830134423507,-0.02475663587070149,-0.058530496206956134,-0.03309499969219787,-0.0619148087636994,-0.018692731775395124,-0.017058174259535017,-0.024923936995654667,-0.016103201204525876,-0.0030344395218628883,-0.01671550515352189,-0.011845128669987253,-0.007144687617618395,-0.00619525335794072,0.0008148635763328149,-0.0031852252818628194
NZL,ssp126,gfdl-esm4,0.0008689925598602535,0.0005153067532538817,0.00014131187111375513,0.00037648244349181806,0.0003813819964039712,0.00033667215339650426,0.0004224574943017838,-0.00012893625607244085,0.00048543546986347966,0.00028173431735529575,0.00032002954592822954,0.0004806914194170124,0.00029413631909140387,0.00018787841499895205,0.00020293918022227313,9.347155637287453e-05,0.0001751149962474966
PAK,ssp126,gfdl-esm4,-0.024830847015951157,-0.010619272049955867,0.0005934327785256231,-0.008541163639288672,-0.004587664076328185,-0.0041858183690248255,-0.007171616085390992,-0.0045488340662621,-0.006616631983334685,-0.005073331852316904,-0.0033752413074100047,-0.0011924048883473896,-0.0005127015406725036,-0.0017785865686999265,-0.0013984548849729167,-0.0009701086538896003,-0.000933226525695749
PAN,ssp126,gfdl-esm4,-0.02068273653337614,-0.007637110928554622,-0.009215583972529622,-0.002468829970987727,-0.0017481766169831383,-0.0036262945119933648,-0.004061624050715025,-0.004380843539484815,-0.0044292880292882515,-0.003120229516529247,-0.002184486421272745,-0.0015737158099942126,-0.00402971160706881,-0.002631790343768034,-0.00205579919902521,-0.0016266173982111348,-0.0023946841932243204
PER,ssp126,gfdl-esm4,-0.006830086086218369,-0.007582000875320931,-0.013645847210485187,-0.0057262683111370324,-0.007799919720018967,-0.006495586013104286,-0.002124522476661157,-0.006065176149162242,-0.0036015036007946252,-0.003836101004507702,-0.0037656902866359692,-0.0024077821539057387,-0.0021748537461595834,-0.001990701781860836,-0.001014450159486995,-0.0002645716374585233,-0.0016448219276844287
PHL,ssp126,gfdl-esm4,-0.021599087577206882,-0.014786746871651754,-0.01877998204753839,-0.007936111516999182,-0.006281570850545966,-0.012264247917777134,-0.008002154538369438,-0.008830431332020642,-0.01184717227186514,-0.006332503123735028,-0.01600689030328462,-0.005470137520889907,-0.005046154931134007,-0.001298602693790746,-0.006022717738068187,-0.0033528838078848576,-0.00738657447428949
POL,ssp126,gfdl-esm4,0.002602637819588015,0.0028629045992993574,-0.00044534657024744497,-0.004045073894461633,-0.005895855170628169,0.001989257880144283,0.003490270652279891,0.0038369710976661445,-0.010799165373895178,0.0020783543500784507,-0.012579513650256577,0.006849432790740046,0.006692920228277175,-0.004647556125066606,-2.66298524402225e-05,-0.0038917787202040737,0.004748101624335352
PRT,ssp126,gfdl-esm4,0.0012249886801041054,-0.004879000931971237,-0.01221015730607138,-0.007202243456883934,-0.0052220073597239935,-0.004284297959504688,0.0006849455609426563,-0.006395556515526857,-0.00284533222281072,-0.0033304062694351796,-0.001746999802085876,-0.0035669754451463183,-0.0070567334846491,-0.004204765867525569,0.0005095508972424299,-0.0009416510780477188,-0.000982985204850631
PRY,ssp126,gfdl-esm4,-0.1985958985202309,-0.34160548313464706,-0.13859802487813278,-0.14033781288839034,-0.03273531427858532,-0.1222868852872721,-0.09138019445752624,-0.08680048290588775,-0.10360597409533566,0.014793418126055082,0.023986018003128568,-0.0545613759890835,-0.04580415475692721,0.0029061496185035533,-0.08863771341717536,-0.014204594039155806,-0.029019265213497344
ROU,ssp126,gfdl-esm4,-0.0855584953826489,-0.0940345476263987,-0.08316051659899425,-0.022872737330182857,-0.0373826615765942,-0.028104266332669638,0.0005635479544490016,-0.01875316111467323,-0.03441878223922234,-0.002321181605970188,-0.06118998750670624,-0.04150957255285053,0.0020006765667241852,-0.07625467390004312,-0.01065924465310639,-0.009272005062236932,0.01852342344670854
RUS,ssp126,gfdl-esm4,-0.008722365933018351,-0.009414835901164362,-0.006128815570134019,-0.0015994297684927138,-0.0035064933278130526,-0.0027339670976396827,-0.0036542648610186092,-0.00377649603839425,-0.004091391345369086,-0.0008988855113708517,-0.001419489454259449,-0.004220538043277683,-0.0028885081168139935,-0.0037660144986052537,-0.003182302150574825,-0.000974666592592046,-0.0009500129091120928
RWA,ssp126,gfdl-esm4,-0.09649811170023928,-0.040105581142953636,-0.006935958820318035,-0.03431950883823437,-0.004478297290420306,-0.002689259213999744,-0.003049757438691715,-0.005338928552626322,-0.00352420285812303,-0.00584577987340674,-0.0009667831262411901,-0.002544912466514911,-0.001751677792623529,-0.001012618838681304,-0.0011738881985227825,-0.0009485782512151195,-0.0006570435640777668
SEN,ssp126,gfdl-esm4,-0.1939946548947604,-0.17407119504678467,-0.10577318474409998,-0.006462584933275247,-0.02277376648827279,-0.021887323804382696,-0.02405637452634088,-0.0249142828945015,-0.011143819003004127,-0.011044597250269088,-0.01504855621622217,-0.01233364484813949,-0.008198505425336644,-0.004829822551042239,-0.0074387718080978675,-0.0034416548830753188,-0.003787297340408324
SLE,ssp126,gfdl-esm4,-0.008448353600450447,-0.002394510759004267,-0.0018731541157075316,-0.003409183671676969,-0.0004098684313277619,-0.001012764686434199,-0.000385593711921092,-0.0004254783555665384,-0.0004402260967531424,-0.0002446613534924394,-0.0002740726376084338,-0.0003230280252030841,-0.00028315877188021387,-9.958302496215378e-05,-0.00020319510064326006,-0.00019322999070388265,-0.00013164043541153008
SLV,ssp126,gfdl-esm4,-0.3377848600846747,-0.1564404842753106,-0.14126776886999826,-0.07098588252908114,-0.02836566179832288,-0.06957624315599265,-0.09179483188873543,-0.07301842883185426,-0.06671927843778488,-0.0356211288574146,-0.020417746406036913,-0.0350246293146685,-0.045489726219241,-0.035274600259292355,-0.052130776920840775,-0.034535453292147134,-0.06866555540521901
SRB,ssp126,gfdl-esm4,-0.16902645236990038,-0.2272760752816907,-0.2539216119024197,-0.12603106562815727,-0.11394827006167443,-0.023639986076152898,0.019360461218623188,-0.048173996361072,-0.02371985013992451,0.00214332201991903,-0.14266597894633534,-0.11281605229869066,0.015388909140890502,-0.1334991953203659,-0.06974123438359874,-0.05173441335620231,0.03407176326391808
SVK,ssp126,gfdl-esm4,-0.002460088224686556,-0.004405408715416697,-0.006037503949455231,-0.0033237231268605496,-0.006326400615205486,0.0014778769721829229,0.0019028141272928358,-0.0004201164525223864,0.0003610752135459703,0.001067194107642201,-0.007136800304514647,0.00011323235066932922,0.0019240574887740068,-0.0008142769147204318,0.00015710816592854837,0.001224165851076468,0.002562194551156183
SVN,ssp126,gfdl-esm4,0.006625788093085843,-0.0025499353337277097,-0.0030500046211090364,-0.0017888008568881168,0.0015300062591303556,0.002278355514698602,0.002355478259309558,0.0016255811301695972,0.0028587974788732685,0.0016609116352549367,-0.0025517998106858826,0.0012026906587908307,0.0014828653397804309,-0.0010358033832955362,0.0010191584031801803,0.001900612802912481,0.002573011437705417
TCD,ssp126,gfdl-esm4,-0.2228366873284895,-0.11919881089005059,-0.17755779869595437,-0.03973309596897306,-0.05345871855205402,-0.05070175593626,-0.02291545785047749,-0.026201834827369,-0.013766927856516908,-0.01469078806450265,-0.011063585887711811,-0.009237095546818647,-0.008579366444633352,-0.004458477186254854,-0.004463205372113825,-0.005009830556771172,-0.004569873610096166
TGO,ssp126,gfdl-esm4,-0.4488990542894879,-0.1386420636335966,-0.21458281446272917,-0.135537789777418,-0.05324555912123557,-0.07027964846121885,-0.08789840131222733,-0.050662518007614524,-0.07230998437291342,-0.04625968115643906,-0.040616680084712295,-0.028473064967289314,-0.01052673237846584,-0.007789440735915625,-0.020051139771672596,-0.016846117450663552,-0.009404233021805429
THA,ssp126,gfdl-esm4,-0.011805751861926665,-0.009639994231169173,-0.0179716174149764,-0.003433119858862373,-0.015555512501885993,-0.010798610008969315,-0.0035975991643210073,-0.006868483912034419,-0.005070248144325706,-0.0062877295197793105,-0.004602649442572701,-0.0072679766285763565,-0.0060544538650778345,-0.0007902844258175981,-0.008026926896521862,-0.0064458269780317875,-0.006182965387747905
TJK,ssp126,gfdl-esm4,0.011820093138088595,0.01028617216852109,0.006391929610779092,0.006520520019836491,0.00026486835776008097,0.0019265047963900974,0.00479963157373512,0.0018382706408568946,0.0014810941308024766,0.002054137554243596,0.0014061828857061154,0.0009506392576478462,0.0005959380701551394,0.0005844365169645432,0.0006406373942786835,0.0006430155893871356,0.001078485173752337
TKM,ssp126,gfdl-esm4,-0.002140977353112174,-0.002319291436738912,-0.00043644816408441476,-0.001536355325958078,-0.000418088810996448,-0.00044308021961753563,-0.0015534047695773229,-0.0005133605625256581,-0.00042945039447440166,-0.00114389813365325,-0.0007556040896133115,-0.0007093920499877311,-0.0002648894730156248,-0.0005330287180666576,-0.0003821306057399336,-0.0006472171365314047,-0.0007107053151310851
TUR,ssp126,gfdl-esm4,-0.0030046050760276985,-0.0027839331356878747,-0.002117130535553311,-0.00043155594377562956,-0.001026590508791133,-0.001447533895779497,-0.0003378277535738178,-0.001363047937448177,-0.0011194784540699593,-0.0012800047292827667,-0.0009161365607231453,-0.001599492016670121,-0.0007212262457573299,-0.0010258027611765594,-0.0005811646050123046,-0.000630422785393806,-0.0004548310363990284
TZA,ssp126,gfdl-esm4,-0.21952058620642612,-0.23367846208208792,-0.08784369831477558,-0.07556807098140671,-0.024236639204509313,-0.028494612378635868,-0.02184373578894133,-0.019213930508192804,-0.011039930769655716,-0.015237327884540255,-0.007038358109855596,-0.010485284324675104,-0.009108149733022783,-0.0029896791347327418,-0.004731813123831156,-0.0034083924087019986,-0.0027508318842091833
UKR,ssp126,gfdl-esm4,-0.5278050022087571,-0.0636937040502393,-0.19258123789022072,-0.016926555498281103,-0.052231624860233035,-0.06140808131025844,-0.0021838237258239817,-0.0208279847180046,-0.06858093398205915,0.025101638967351986,-0.062029016493348396,-0.04283720157721585,-0.011514158673676052,-0.07004615032893517,-0.01755325523517335,0.0025797662570726586,0.01828314937083774
URY,ssp126,gfdl-esm4,-0.007514112445031902,-0.002496002124504971,-0.003967214214021275,-0.005581340288451461,-0.0057958322062671265,-0.0026890200137810365,-0.0002397945360488991,8.194052711219229e-05,-0.0011234627441226474,-0.0016484204313569053,0.0007490600923594721,-0.0014729403416443927,0.00033013582007051053,-0.002037410536149756,9.255504695737284e-05,9.68649728522047e-05,-0.00016741734551802484
USA,ssp126,gfdl-esm4,-0.00048139193430281346,-0.047372440474908746,-0.004350512880624474,-0.002297436675122595,-0.012814164835044795,-0.00019204043560360658,-0.018654052886935057,-0.0062195895071174715,-0.0049529093382120375,-0.005436717709169749,-0.009554183676636869,-0.004518979919806881,-0.013160357258701929,-0.015064616826761362,-0.013441634190680913,-0.007242024628919289,-0.006856404911562986
YEM,ssp126,gfdl-esm4,-0.009108596916882546,-0.00017493660922451203,-0.0005011022057394898,0.0004273857767680198,-0.00027779593080701654,-0.0003107859712011387,0.0001651879376821762,-0.0003851762447153505,-0.00020741809467654502,-0.0002501581231157864,-0.00012440595867375714,-0.00011387205040879134,-0.00014139697298903387,-5.722274714919034e-05,-0.00012282427439966497,-4.268234526490237e-05,-0.00019221475125900307
ZAF,ssp126,gfdl-esm4,-0.039801641383770486,-0.03155821303109351,-0.02701587133971788,-0.04376031964003294,-0.020826451448580027,-0.0078258701102892,-0.013906002845197094,-0.013678546079946138,-0.016335403955266628,-0.008340177196667372,-0.03173140325712869,-0.006632235769311344,-0.017956606534585497,-0.00780831826499309,-0.010438327106901887,-0.009313382419343274,-0.01375331455858564
ZMB,ssp126,gfdl-esm4,-0.08333899396909626,-0.12811132208507311,-0.06358417451644427,-0.016742958890501498,-0.017907734740941168,-0.012353985445347597,-0.02601503051751489,-0.0156381229655676,-0.010585681006218818,-0.003975216978375538,-0.003955793941428806,-0.0027304894882820463,-0.0038595018183852276,-0.0023153580213903947,-0.004310398220177659,-0.002597888878792503,-0.0020776061289546296
ZWE,ssp126,gfdl-esm4,-0.0537577792485079,-0.564124512714832,-0.2026231612509693,-0.11909812963020333,-0.022089599261135053,-0.09281776112098579,-0.10701258076970246,-0.029593845394700325,-0.04769449241793796,-0.005642326681363155,-0.053608830384727676,-0.014497373064679487,-0.032015490458780785,-0.010219433792346381,-0.024906092589858545,-0.021757053290365584,-0.007533175665363797
AGO,ssp126,ipsl-cm6a-lr,-0.014989692999004963,-0.012387964893062082,-0.012495247781329624,-0.011368351887965755,-0.009222630386486715,-0.006693228742373204,-0.006749116079380807,-0.0029514200220348693,-0.0035504407694654247,-0.0027921649183462248,-0.0029990374637486575,-0.0032231664082970216,-0.0025935119420471085,-0.002780313761797767,-0.0012469447425934772,-0.0013166177610467403,-0.0012899101874491138
ALB,ssp126,ipsl-cm6a-lr,-0.017483333791856594,-0.03906164706176461,-0.028478782297680794,-0.11378141601002452,-0.07914719067914439,-0.09117520569739651,-0.1329846774165311,-0.08660710897873976,-0.08481447351556443,-0.052266904107939736,-0.07252350568358049,-0.05499877259244234,-0.09242551832050444,-0.09187319170278088,-0.07585109468034323,-0.097408652505773,-0.01334867763263961
ARG,ssp126,ipsl-cm6a-lr,-0.00427316755957965,-0.007575724062542844,-0.005588144435667974,-0.0034627596497306483,-0.0018947984426006949,-0.003207552721736438,-0.00400997432294463,-0.0017740823790428214,-0.0007934296957342703,-0.0014054031437714567,-0.001152784795770096,-0.0003055747427266121,-0.00026518499143721777,-0.001090068819880388,-0.0010218283407452012,-0.0014339767866345182,-0.0007821234515583421
ARM,ssp126,ipsl-cm6a-lr,-0.0013199430305994477,-0.0008017134764123142,-0.00011033015765516474,-0.001334774416620325,-0.0005815859550510523,-0.0008236677558345432,-0.0005368017048509005,-0.0002310616449021124,-0.0006195789825646329,-0.0007668886165691139,-0.00014131680107422727,-0.00044120934803939496,-0.0004888777966679656,-0.00025284288725213133,-0.0005311512520814602,-0.00037088179669922215,-0.0002735935858499176
AUS,ssp126,ipsl-cm6a-lr,-0.00030876483702349717,-0.001187644972130518,1.4742291550041219e-05,-0.0005441178488760603,-0.00011585824653676464,-0.0006209915889337415,-0.0006320427622441377,-0.00019543608927845188,-0.0001736508423483285,-0.000465070941671547,-0.0003902940917436616,-0.00032128890294840634,-0.00027445782542877126,-6.906221231870576e-05,1.0327252486791509e-05,-0.00024087198732880067,-0.0003666310177050892
AUT,ssp126,ipsl-cm6a-lr,-0.004331547807467801,0.0007142608199594963,0.002432357874160367,-0.00322528907342791,-0.004152893908303125,-0.001665091230567858,-0.004695142521378738,-0.0036994268547932345,-0.00232282476990614,0.0012018640087217267,-0.0012644494698326575,-0.001699927638188522,-0.0015737409808957987,-0.004952936336633103,-0.0017564755004768015,0.0003753283147932947,0.0004920368225140758
AZE,ssp126,ipsl-cm6a-lr,-0.017729193842717386,-0.012037794073757675,-0.003394571775973529,-0.01880026660424953,-0.008891235712792767,-0.011276647602310634,-0.011091972777643028,-0.0033460329739952127,-0.00990987033259332,-0.010423562359461002,-0.0022956362012744296,-0.005020599417223215,-0.005207404393341675,-0.002988491182384007,-0.00454369252046023,-0.0049551225438531615,-0.0032260233335681234
BDI,ssp126,ipsl-cm6a-lr,-0.2606174119693695,-0.09892357283528921,-0.11678549805403385,-0.042145905931557065,-0.011173139928081008,-0.03323696329862562,-0.015597481404492719,-0.01278193050747984,-0.0037150456665745097,-0.004039662512672689,-0.0030929593004877464,-0.004997781360499934,-0.0013985427123833943,-0.0028086604340504763,-0.0017998392322699128,-0.001495221529182204,-0.0018258868312587425
BEL,ssp126,ipsl-cm6a-lr,-0.00031560384339079564,0.00018582315145624455,0.00021906817428335635,0.0001600065108934422,-0.0002477966965435485,-0.00041065708275958264,-9.440697078739722e-05,-0.00010857487579685277,-0.000338215812051581,3.874246635215571e-05,-9.272270223001455e-05,8.399398394391026e-05,-0.00041013906223819936,2.379523041288593e-05,0.00012338884883866257,0.00022647807183736628,0.000210363070115697
BEN,ssp126,ipsl-cm6a-lr,-0.14638086303696451,-0.4099543774041983,-0.18761411416081036,-0.2734373744938644,-0.1372434045845759,-0.17135740399190766,-0.09169306429587959,-0.025445150755286354,-0.06288617882680249,-0.05063055291551189,-0.044782752735461895,-0.031831540432948564,-0.041813751456481,-0.02477581397143548,-0.010841490691738266,-0.0191672436549824,-0.02268374350927815
BFA,ssp126,ipsl-cm6a-lr,-0.3116548890650983,-0.46199911745847844,-0.2297093090525829,-0.2442494836969521,-0.12135134433912494,-0.09031677654557715,-0.04112040914569847,-0.036188838722845396,-0.0320884249472276,-0.04259396452498776,-0.032631588157340206,-0.006518342095578819,-0.020025243978913733,-0.02299290624453609,-0.00947026417877506,-0.011292133178882035,-0.01901553337762385
BGD,ssp126,ipsl-cm6a-lr,-0.024534396843208316,-0.03755973798862312,-0.006852672709465886,-0.004619208591360607,-0.0028445221767806434,-0.005915440203428807,-0.006424120138528824,-0.0014867785265850852,-0.001472145869986998,-0.00285075102404448,-0.00451887812417839,-0.002603909110824429,-0.002485062413366819,-0.0013586577670298965,-0.0008636932573146295,-0.0008541905776514528,-0.0026334340372454455
BGR,ssp126,ipsl-cm6a-lr,-0.016037199394973587,-0.06321562888113953,-0.03911459391390238,-0.04981266683181118,-0.04894437553360272,-0.07388929756703658,-0.052573174943065695,-0.0433315141633969,-0.05234442855168287,-0.010391005988571822,-0.02917027798088604,-0.0351806051407481,-0.045136707492862714,-0.03212716344384395,-0.05023816616400704,-0.019982075220233778,-0.005997550213455334
BIH,ssp126,ipsl-cm6a-lr,-0.09926349647265355,-0.009231892788624466,-0.002876609162511148,-0.1093351342404235,-0.08532377279470328,-0.08366724104790624,-0.15319212400814317,-0.12615708444900753,-0.09442231611628148,-0.010376355116216063,-0.0525785438372613,-0.07209474415910125,-0.12532495358230022,-0.1682625020293556,-0.09432784375290217,-0.08023141016771414,0.010820660286660032
BLZ,ssp126,ipsl-cm6a-lr,-0.18065029905689822,-0.12255347846265979,-0.0826219242657678,-0.09070259679566542,-0.07082389877878775,-0.04672946656164733,-0.07202630718361033,-0.05082741127334859,-0.04148841949576999,-0.03457291913655614,-0.024362180708350355,-0.02227344180139153,-0.03614494741580111,-0.006294565594834465,-0.0112314097287954,-0.00803004544244068,-0.016102767358955446
BOL,ssp126,ipsl-cm6a-lr,-0.024243295528385354,-0.029449097626819288,-0.0429817762162548,-0.017187709277854776,-0.004689938934569572,-0.02544646533257586,-0.02295549840177722,-0.01054517290240738,-0.009217691288101341,-0.011170784584258788,-0.016552137051288905,-0.0076277185586413835,-0.009210035659886128,-0.006403596664996674,-0.005736514137094083,-0.008781669668209341,-0.00997452008399131
BRA,ssp126,ipsl-cm6a-lr,-0.029426094034046817,-0.037282860225653205,-0.06023586362784527,-0.024213225836408107,-0.0025447373156477254,-0.03317669405896735,-0.050390984622136745,-0.024871920904166164,-0.02225060649699939,-0.02462275639604387,-0.026528334263411592,-0.016891521181313967,-0.01993759091941141,-0.017578860946038007,-0.012110333426520323,-0.012241107295696437,-0.012912000755715039
BTN,ssp126,ipsl-cm6a-lr,-0.00478064800732529,-0.01441337335283488,-0.0006428323264335205,0.0004765490374380629,-0.0005885988283051714,-0.0009268800971138926,-0.0003074022075779271,0.0005084950966521913,0.00019777670313880685,-8.917471929556115e-05,-0.00044944450064359474,8.897688737006005e-05,-2.3272930095055058e-05,-0.0002882046914780563,6.345356112739003e-05,8.19730555285758e-05,-0.0003625131209243548
BWA,ssp126,ipsl-cm6a-lr,-0.011268931478829835,-0.0027372119601623696,-0.002890788253040503,-0.006578618337551782,-0.0015268851015883245,-0.005883176320703317,-0.0008486009362480422,-0.002729448619088535,-0.0022528854505420894,-0.0008217581523525099,-0.0013337112046705613,-0.0009341242285534635,-0.0004735265322986573,-0.0008931123304435976,-0.0003789554379441221,-0.0008374791736805182,-0.0009850066190457087
CAF,ssp126,ipsl-cm6a-lr,-0.29645576259732176,-0.41896415438687296,-0.20537770606280578,-0.12815149819909016,-0.08046590210646323,-0.1385149485371434,-0.04896486967190909,-0.005215262998873741,-0.03255658686264829,-0.026445075547834113,-0.021110766607605393,-0.013772004433508327,-0.029214266448687087,-0.011405290803001664,-0.005644898842509573,-0.00988038933996405,-0.01845800817847553
CAN,ssp126,ipsl-cm6a-lr,0.002975330746457578,-0.0015120006568763817,-0.00630672261758347,0.0007707240979511672,-0.002357433638267873,-0.0045276201802551316,-6.0508552960858326e-05,-0.0006730003630205256,-0.006304222633102613,-0.0030054611204324575,-0.0052638757019431845,-0.006597140668721138,-0.00294749074886489,-0.0031216608077018833,-0.003932857616078518,-0.004393031519845722,0.0011326863476938589
CHE,ssp126,ipsl-cm6a-lr,-0.0004982043461427533,6.479288894460594e-05,9.733388971196076e-05,0.000188807991210943,-4.5603727728842136e-05,9.886765750450219e-05,-2.12976033480963e-06,-0.00012639375971425405,-0.00010819793481727128,4.212554882657477e-05,-4.16994766953457e-05,-5.362189566331791e-06,-0.00023903362186498175,-0.00012777832785450903,0.00011230801762159712,0.00012804430170531558,9.537949148478254e-05
CHL,ssp126,ipsl-cm6a-lr,-0.001505367426691709,-0.0007736534697492188,-0.00014379055967300976,-0.0007334056760359474,-0.00033181385760926293,-0.0005209818835582393,-0.0005947253533895193,-0.0006487449398278781,-0.00018806605363177542,-0.00022894710121849256,-0.0001922795438583501,-0.00033784856116742397,3.6746590750906963e-05,-0.00042694392938879633,-0.00016577889056287304,-0.00026869423291879405,-0.0003582188609174225
CHN,ssp126,ipsl-cm6a-lr,-0.007349127794970737,-0.01981327886375263,-0.006863255734368335,-0.012390515590458773,-0.00930445118438278,-0.008468404241759563,-0.014892187512510686,-0.007208650749803321,-0.012017679191131623,-0.008104571157794232,-0.01528271767429238,-0.013224338365480235,-0.004942505924111134,-0.00959176983053931,-0.008216919141563583,-0.011143786272741974,-0.01260446228033677
CIV,ssp126,ipsl-cm6a-lr,-0.043203703198258114,-0.08150944382493426,-0.07393148552592671,-0.04184436674824,-0.024088945091053283,-0.02539467141883353,-0.012046209635582483,-0.008227668373536065,-0.010943671693284049,-0.010913720136696961,-0.010154762797908997,-0.005145084420135089,-0.008421829925360795,-0.00756096157711795,-0.0036228015197874025,-0.00572277630342478,-0.0058314796840750254
CMR,ssp126,ipsl-cm6a-lr,-0.08207413885236434,-0.1488812733971562,-0.05440378917577295,-0.07854999372842483,-0.03955728004230901,-0.03163805061899198,-0.01766182711727176,-0.007265280317860691,-0.009522082355950404,-0.024395252669624796,-0.01618217482354699,-0.005391261400481655,-0.015461144419868091,-0.009848211832848924,-0.004935260176281092,-0.0049009780979396254,-0.012892284872602282
COL,ssp126,ipsl-cm6a-lr,-0.003916577310345128,-0.0133946948756964,-0.0051011303097730975,-0.0062291861156963816,-0.002875665988876395,-0.010090695506282542,-0.004805461618886867,-0.0021847208555308573,-0.0015688942550070196,-0.0036263155258531377,-0.005799352747845613,-0.002850122447018588,-0.005676319504968284,-0.00216173330509744,-0.0009830265966503898,-0.0008578061452452832,-0.0014748133827832614
CRI,ssp126,ipsl-cm6a-lr,-0.0033996016736184114,-0.0018362755433156506,-0.0011401085231942637,-0.001435444054483966,-0.0011520153241311344,-0.0011704699526667508,-0.001183853645065756,-0.0009815857955780126,-0.0007358925153929935,-0.0007462114946484356,-0.001076828783419498,-0.0008544017058212534,-0.000975857181854642,-0.0005868150638644599,-0.000575507931458658,-0.00040832507651994133,-0.0005733370415816349
CZE,ssp126,ipsl-cm6a-lr,-0.0036239806212871647,-0.0002608216629409096,0.00013457181508320584,-0.0024216008760081097,-0.001959988414707305,-0.0016401389651933432,-0.0023816510569182013,-0.002089088658975011,-0.002640368339966493,0.0005364538794749439,-0.0005637692180001316,-0.0014897770279766202,-0.0008999547595604839,-0.0031356310918449416,-0.0018719833052369577,0.0008123058747737336,0.0005034512716965759
DEU,ssp126,ipsl-cm6a-lr,-0.0007042427423266035,0.00023868297197546928,2.2959403918704653e-06,-0.00021916942691975735,-0.0003150542489483693,-0.0006813968506687466,-0.0004974566078595382,-0.0005780308905799876,-0.0006223411743017959,-1.1340586248058812e-05,-0.0004519822988742407,-0.0004568457072634686,-0.0012825682694974356,-0.00047381471513012924,0.0001251797283802168,0.0002516143606873359,0.0001654920930809876
DOM,ssp126,ipsl-cm6a-lr,-0.003983099580580573,-0.0035930600909513427,-0.0009135205521272345,-0.0011561981654297927,-0.0030120028553128806,-0.002163618044371903,-0.0010121833918876207,-0.001517270385612694,-0.001429383660399455,-0.0015240391878356735,-0.0007863054242359285,-0.0010283596445597846,-0.0011239449363971779,-0.0007909477289276852,-0.000534169999204806,-0.00041890747966180826,-0.0008322718455510977
ECU,ssp126,ipsl-cm6a-lr,-0.027250128906023248,-0.022798025627867074,-0.02182989617571631,-0.02064341649690091,-0.024791234724717472,-0.014682897480090327,-0.014923769135541025,-0.011088020690136235,-0.005289709860324903,-0.008058599470524513,-0.009903703310148925,-0.0069217992260701584,-0.006006239371940827,-0.0051633927855499594,-0.004717240734334869,-0.004033848847413267,-0.003730556819908236
EGY,ssp126,ipsl-cm6a-lr,-0.0019085366011139737,-0.0010570725064589772,-0.0018123220480310853,0.0003981892327882826,-0.0014289557860259375,0.0003837119471355013,0.000921144073025277,3.31268267952201e-05,0.0009419890752663733,-1.701129438392951e-05,0.0003730995396924112,0.0003446462537268007,0.00042980181951352323,0.00029976909787852296,0.00028975506464527486,-4.38353231464541e-05,0.0001200175632307537
ERI,ssp126,ipsl-cm6a-lr,-0.0916790565440136,-0.13180530511666505,-0.09420817195253092,0.002405862212763158,-0.07132136424281073,-0.004039192803225431,-0.05232067688300849,-0.03794724663533812,-0.025631846921333114,-0.033809053900404826,-0.06449516177407917,-0.03224239822535973,-0.043668435822187456,-0.001858593131720843,0.008831212776476296,-0.02179792465184507,-0.0365946101858406
ESP,ssp126,ipsl-cm6a-lr,-0.008398932588051206,-0.004029308559036447,-0.0027676732733720685,-0.00445568504032182,-0.00863183559438026,-0.005882236925513096,-0.010049612209403244,-0.009884083924641282,-0.0049194738728513265,-0.004597216893854285,-0.00196220547239685,-0.005155104469382254,-0.005485746088333569,-0.004260952295497737,-0.0034348761728153683,-0.00622703196112652,-0.0027204811299885536
ETH,ssp126,ipsl-cm6a-lr,-0.07553737104345722,-0.039916444678791026,-0.02621509158454203,-0.006571368642963187,-0.01674608407742134,-0.008497390772732297,-0.007525632331607495,-0.006154082627799661,-0.002893221062680972,-0.0022590583438909955,-0.004455377795366369,-0.0022730909245887152,-0.00250357698411593,-0.0011200761507757992,-0.0011504004853431,-0.00130579293215817,-0.004239946506767145
FRA,ssp126,ipsl-cm6a-lr,-0.008791324553888345,0.0011513458737220563,0.001302083440506283,-0.0013851955202477282,-0.0030751246379515013,-0.004846066436144411,-0.006744645637558689,-0.008374328946798001,-0.0028711148285474274,-0.0017639720299502937,-0.0011891452531498192,-0.0019258710241590472,-0.0047845279279177975,-0.003975541918482986,-0.0012897588362053172,-0.001866376391363205,-0.001116800982067962
GEO,ssp126,ipsl-cm6a-lr,-0.03397845985032897,-0.015968589998847205,-0.0051118869720082226,-0.02019473956720456,-0.012746974579975591,-0.015662157125812988,-0.008077627606262943,-0.003430558263112904,-0.012055487634234516,-0.009990587533660644,-0.003292864704536967,-0.0075970279724277496,-0.00986721748029276,-0.005991915581484276,-0.009559593099265086,-0.008711626842295473,-0.006785577541201522
GHA,ssp126,ipsl-cm6a-lr,-0.08522220416525744,-0.06475875766568631,-0.04932448715699745,-0.04774411642796896,-0.02079948743548317,-0.029932481724847193,-0.020187797870667965,-0.008140309485966042,-0.012913765932258644,-0.013574924454856401,-0.012013889880631259,-0.007990558691467455,-0.012170123324060873,-0.007821065600193522,-0.005141978983809242,-0.008116197311671352,-0.007596830632812846
GIN,ssp126,ipsl-cm6a-lr,-0.05434238960902553,-0.0505696864730948,-0.03671586660926086,-0.01916175357391655,-0.007463922659831685,-0.004471440614196178,-0.004824205786730146,-0.0037557633272958784,-0.0036805095640049953,-0.004502891613578722,-0.00480855733746214,-0.001489338641611173,-0.0021395106884687046,-0.0030380303677129605,-0.002020238525712278,-0.0011436506399351881,-0.0023804916548310117
GMB,ssp126,ipsl-cm6a-lr,-0.047035237676765346,-0.04051211046141214,-0.05078195568149289,-0.03441303975199947,-0.011775181430448136,-0.014020399432237055,-0.008081180859847624,-0.0062488861504260956,-0.005069077719084122,-0.005856947269272196,-0.004392758025397551,-0.0018730857822657496,-0.003225601358418243,-0.00288177915119629,-0.0016429350998689984,-0.0013753413962510706,-0.0018026175125935725
GNB,ssp126,ipsl-cm6a-lr,-0.08783233691440771,-0.3174662991509106,-0.2407900281004753,-0.17605180066753,-0.07463343632901341,-0.0552087127657186,-0.030836627547365894,-0.030415131472052628,-0.028702662180704996,-0.026263480894385547,-0.020132596303983886,-0.0064766527574078485,-0.011923244735258062,-0.014227510857199387,-0.010408967359807245,-0.006196213801333493,-0.009590806274432002
GRC,ssp126,ipsl-cm6a-lr,-9.024640103903109e-05,-0.008374123300149396,-0.007261736008972774,-0.014471552541803934,-0.011278330873341283,-0.014302098203237149,-0.015466776143784845,-0.009053156021772143,-0.01049587790329282,-0.006543738533938059,-0.005821393900078521,-0.006056334772938596,-0.00930082221179181,-0.006815992104496442,-0.00758135549886327,-0.006914662045929338,-0.001688723458450346
HND,ssp126,ipsl-cm6a-lr,-0.1235659928678608,-0.10838315826191758,-0.06913441800318633,-0.07455343084084097,-0.0478263431682674,-0.02963267638157202,-0.03982766978422512,-0.02558080785662033,-0.023022798078955364,-0.01770015580420681,-0.02015898302670743,-0.016135254065314672,-0.021676103549658824,-0.010213959651665688,-0.00800405396006111,-0.005072988759505076,-0.007769061659415703
HRV,ssp126,ipsl-cm6a-lr,-0.04677159081529156,0.004546073298706572,-0.02315515171895873,-0.4087360659223623,-0.3283842848613474,-0.3206950600072045,-0.5801033909962944,-0.5025478728234027,-0.377582431377495,-0.011755992112341828,-0.16203616713691366,-0.203820632272387,-0.2503430761878024,-0.40123249623169027,-0.27678582825680814,-0.15230290380623895,0.011252411380569668
HUN,ssp126,ipsl-cm6a-lr,-0.03942589247359394,-0.0012925378872060598,-0.0026007489824423193,-0.03794634559691812,-0.02871380205884897,-0.038458010000772216,-0.036222032626190746,-0.036364608612401095,-0.036238159063984136,-0.0018379849911963173,-0.016102905024134757,-0.0167866698919191,-0.01738280974211731,-0.029443417218606927,-0.02269146782322518,-0.004086598566783282,0.0006473454178315585
IDN,ssp126,ipsl-cm6a-lr,-0.015307792938994659,-0.020913847139821532,-0.018541527855860693,-0.012321079655399771,-0.01143319255663843,-0.01586317811340659,-0.01968652990561173,-0.0072756866834871375,-0.00715105239339703,-0.011264234125777092,-0.01657664025931027,-0.009656327100411486,-0.010382121803326006,-0.005068401743642251,-0.0021251960937263997,-0.0033104124395235803,-0.0060262985108632695
IND,ssp126,ipsl-cm6a-lr,-0.007773727281492678,-0.01105932908414827,-0.0042378091479984845,-0.002759219762645062,-0.00016401134951394924,-0.0032744939820667845,-0.002306674183248381,-0.0007310683683260428,-0.0006997965740358082,-0.0011161668407646045,-0.0014566914626376723,-0.0019789935391605704,-0.0014554089424219643,0.00024229015628415103,-0.0007951404845917007,3.790864119924783e-05,-0.0010780440544656178
IRN,ssp126,ipsl-cm6a-lr,-0.0008965959653696969,-0.0002022099398104032,-9.972915037428898e-05,-0.000353043468383192,-0.0001765421896315356,-0.0001549668769957622,-0.0001584527726061177,-0.00010507192798031725,-0.00011085469466591617,-0.0001539292064469522,-8.515955235969444e-05,-0.00012428161937621987,-4.78518757749138e-05,-9.148495406958158e-05,-7.111125667229254e-05,-5.8774790290547145e-05,-5.902843717111293e-05
IRQ,ssp126,ipsl-cm6a-lr,-0.008531806871468709,-0.013741919634430272,-0.005970107135431274,-0.012805170814224722,-0.008157810566422256,-0.009182513409225357,-0.006809966342057035,-0.004024856135777773,-0.005181578278488247,-0.0053386713486797506,-0.0031929804062525166,-0.004384059470412092,-0.0025711324166413155,-0.0029197986776757128,-0.0025226849665943747,-0.002010162554378958,-0.0015321239393550536
ITA,ssp126,ipsl-cm6a-lr,-0.0022897726437380054,0.0003934175300111498,0.00012090962387326643,5.731106081135385e-05,-0.000952620097446256,0.0004642491413423216,-0.0015841843954980807,-0.0012670767723211213,-0.00028195004179038826,0.0002774563274921745,-0.0005292322573762674,-9.228299844797636e-05,0.00039041376723100176,0.00015114431020055483,-4.9408607504159756e-05,-0.0005160869895183054,0.00020643302984848602
JAM,ssp126,ipsl-cm6a-lr,-0.0043040806756677406,-0.003820297500987157,-0.0020041038704925024,-0.0012605026924341867,-0.002961703078790225,-0.0013467074627061585,-0.002366317390679859,-0.0022546279913521652,-0.0016605451561410305,-0.002489290444527813,-0.002202162717983674,-0.001210270516544166,-0.0018162568197185036,-0.0007843693727384324,-0.0013394852292001218,-0.0007302799814522924,-0.0011328566051135869
KAZ,ssp126,ipsl-cm6a-lr,-0.004321492963925253,-0.002837536201730111,-0.0004239586306069067,-0.003549862361615642,-0.002155453280231344,-0.0030072790333106627,-0.003587608608560242,-0.0024827577710226224,-0.0036324925299065594,-0.0018892102933471438,-0.0031323019653276,-0.0015360766176224048,-0.003224575028115452,-0.0028027980679218457,-0.002147982277997726,-0.003124473385280981,-0.0025359040439192544
KEN,ssp126,ipsl-cm6a-lr,-0.09974918503590133,-0.04949449871488881,-0.0721813948347112,-0.016151995416713732,-0.020212768057166014,-0.027537747813420554,-0.011591682604301493,-0.013372881236634767,-0.00636261689066102,-0.011043118072557522,-0.009832467440083953,-0.005929924238228357,-0.0050048316063309875,-0.003059956720985615,-0.0035069758396216893,-0.003180698755498557,-0.007130732046229037
KGZ,ssp126,ipsl-cm6a-lr,-0.05210879603105982,-0.009896963685938141,0.003972889737853657,-0.009760272057625058,0.006117694295523866,-0.01379751102626968,-0.019987543563578593,-0.0006161111450470485,-0.006005116664643902,0.0037453068501395403,-0.0010055240081996001,0.0020577028863423903,-0.011867616531419456,0.0010319535619491898,-0.002832500334683784,-0.0008080100182564172,0.0003938852355110985
KHM,ssp126,ipsl-cm6a-lr,-0.030772689587122325,-0.06534612501206874,-0.10265054500311108,-0.07772365317792233,-0.005273344546018196,-0.03896403117308726,-0.044801230501001835,-0.02299277453961821,-0.008322598296307198,-0.016872479888729544,-0.0061744472653250575,-0.01171263688692246,-0.016961948208632435,-0.011408114213357669,-0.00969326855144789,-0.00517747770314759,-0.003465855211389181
KOR,ssp126,ipsl-cm6a-lr,6.967364878375495e-05,8.260559778676175e-06,-3.008911686949287e-05,-7.833800576618539e-05,-3.676958170488171e-05,-6.280784130718301e-06,-0.0002858385371999569,-8.512418751328855e-05,-0.000130793297634203,-6.361482430577154e-05,-0.00011894433126571167,-0.00012968139701916885,-2.572842863544046e-05,-0.00010179104335627026,-8.408087376616135e-05,-0.00010813987777810815,-6.0519684137217087e-05
LAO,ssp126,ipsl-cm6a-lr,-0.04206546038648859,-0.03675742755199996,-0.016596659644202,-0.0034153190066857947,0.0018332861574030395,-0.0055292124707534435,-0.00531626780570515,-0.002402344142135445,-0.001293809454917885,-0.005885980786211032,-0.00416841067513087,-0.002038685288277114,-0.0008889534110463872,-0.0035311217222843906,-0.003458554293562547,-0.00041412628389052357,-0.0005494197379182933
LKA,ssp126,ipsl-cm6a-lr,4.485483298438695e-05,-0.0016364186876178348,-0.0026949683441050264,-0.00012695670115774724,-0.000742342597154846,-0.0016224013581488618,-0.0008278038687380005,-0.0006089842925508695,-0.0005417181044750853,-0.0006621634109567272,-0.0008699103324827625,-0.0005303589834653739,-0.0008288163681730333,-0.0005621231587199557,-0.0005921255408295247,-9.493537611276045e-05,-0.00044053691435026564
MAR,ssp126,ipsl-cm6a-lr,-0.0005130226122775292,-6.393553180249872e-05,-0.0003525108000474337,-5.151215682329557e-05,-0.000135529256559317,-4.623998365003315e-05,-0.0001846309578079385,-0.00010376896690228713,9.12351968246765e-06,-0.00010180919388814131,-1.5644033907751205e-05,-3.2268327337626565e-05,-6.091857527908028e-05,-6.246800244286497e-05,-3.7474223591551206e-05,-9.346797979284396e-05,-4.532696054335801e-05
MDA,ssp126,ipsl-cm6a-lr,0.0018822340804379282,-0.11171206544289689,-0.06429444448432538,-0.08092165417549745,-0.04935476624487369,-0.13134141366726687,-0.09364126854800454,-0.08401566382713964,-0.08676989334300746,-0.0089587175255128,-0.038960987746178274,-0.032625090810661006,-0.04573593774470734,-0.016033604595225678,-0.08215267058796372,-0.02799191921128264,0.00809515700319516
MDG,ssp126,ipsl-cm6a-lr,-0.008363098405888572,-0.004146958183559,-0.003656429156192098,-0.006097350235777071,-0.0024309189982913053,-0.0016742901076553056,-0.0015484801000818869,-0.0009183800817763445,-0.0006617722775656077,-0.001207868616859501,-0.0008091725532398943,-0.0005367051861971823,-0.00036326362305195243,-0.00019275229661047913,-0.00019604502342906804,-0.00028077859586182893,-0.00022321417511203247
MEX,ssp126,ipsl-cm6a-lr,-0.021344384792843344,-0.025239017120738113,-0.017768820633355584,-0.027924218355575448,-0.01506864483948127,-0.014598475625955084,-0.019954990066610685,-0.013272651511285764,-0.007983016909822378,-0.019222288575046667,-0.011821454763413496,-0.01156816978067315,-0.022750209888260552,-0.004949751727220726,-0.009045594417498928,-0.007617140108546483,-0.010062291695326707
MKD,ssp126,ipsl-cm6a-lr,-0.0056359833448220735,-0.00674426567594943,-0.003552184320204666,-0.020002357999242815,-0.015456632864735404,-0.017048826672217313,-0.015861277584023576,-0.014030254750274302,-0.013562665675075535,-0.0051492161108318375,-0.008661045496688797,-0.007628125408240152,-0.011731460119937117,-0.011493397144439215,-0.0095937740248818,-0.012227073146013396,-0.000627147008837024
MLI,ssp126,ipsl-cm6a-lr,-0.45810483176721084,-0.5480135474367888,-0.3591285871364816,-0.48768825201380245,-0.22986100685057506,-0.14705187239359216,-0.10504865684373339,-0.09166838095329113,-0.05849246506933088,-0.07249789531465621,-0.0701816472708306,-0.0235034193078134,-0.039681385169676925,-0.041057422611854036,-0.022141058834186277,-0.01281852986626485,-0.03323503982003666
MOZ,ssp126,ipsl-cm6a-lr,-0.10442665226568326,-0.14088866498175495,-0.05874417792347175,-0.09450165658627993,-0.04589292195375669,-0.04146490510554174,-0.0163663943385071,-0.013712039081240012,-0.011133946140683637,-0.014402000641337032,-0.006838310355666434,-0.005492581147006954,-0.005702295416507479,-0.002033740817693056,-0.0023010746759583455,-0.003530636615220882,-0.0008302513685567178
MWI,ssp126,ipsl-cm6a-lr,-0.3494867055891518,-0.35745659241802025,-0.1449896004261577,-0.18009268089641683,-0.10379713352302875,-0.06977120905702339,-0.033403393325746246,-0.03653050642972945,-0.023215233815157856,-0.034500105195838494,-0.014121824868298861,-0.014377393502765795,-0.011842983686838303,-0.0033525299629034917,-0.00599254290192629,-0.00791710393967067,-0.0026454146489737936
MYS,ssp126,ipsl-cm6a-lr,-0.00010973555596663652,-0.00014097382364450876,-0.00017114895798478062,-4.389320563515403e-05,-0.00010730874613396385,-0.00012393306871700413,-7.410717003527087e-05,-8.629557413184975e-05,-6.98011674729081e-05,-7.436033864919876e-05,-8.352915069998605e-05,-2.6788115529364065e-05,-9.398317316316721e-05,-3.066136664878974e-05,-3.6904161838403374e-05,-1.463968884215802e-05,-1.9597579543502403e-05
NAM,ssp126,ipsl-cm6a-lr,-0.006460943880896606,-0.028909115451598254,-0.0067653763332203055,-0.025071664422419825,-0.016243188665662173,-0.021214427154047547,-0.0022144443472243936,-0.007743968924728846,-0.004487409657572353,4.3729564013935044e-05,-0.0036588901300246375,-0.00531949879721823,-0.0016946104253795311,-0.002790437903988862,-0.0004843693947963391,-0.003475029308662287,-0.0046817901706800134
NER,ssp126,ipsl-cm6a-lr,-0.0027857889077128987,-0.003118360768616108,-0.002568127809447543,-0.0031140344381801236,-0.0006137140630279749,-0.00027468518577923785,-0.00043454733641592883,-0.000371164199903741,-0.00022922909002576653,-0.0004197592395338756,-0.00024789257170797555,-0.00010019019988700461,-0.00014788064085471999,-5.340006468775706e-05,-3.1734469955980244e-05,-4.961691162610814e-05,-0.00011394239454021083
NGA,ssp126,ipsl-cm6a-lr,-0.028991554306068857,-0.04523591138458497,-0.021032014963680432,-0.02996037499494663,-0.013196751635700903,-0.012786908528171322,-0.005377059722588522,-0.0019164514084114707,-0.00438396423623757,-0.005205565156159014,-0.004152443220132062,-0.0014951862269609608,-0.003292823131185032,-0.002189256264738443,-0.0007786356320922446,-0.00116626567618446,-0.0018669317630822942
NIC,ssp126,ipsl-cm6a-lr,-0.1340912574009812,-0.11650531077514446,-0.06766298134619599,-0.07632120585322562,-0.06915538181695992,-0.04453547920507132,-0.04074977018259006,-0.03464580479864177,-0.02702400253046276,-0.02040594606367341,-0.026002794104812037,-0.020047539215186108,-0.02395084726090334,-0.014617771325644834,-0.011252256273327335,-0.006691693830792003,-0.01167767589504837
NLD,ssp126,ipsl-cm6a-lr,-5.352283342661491e-05,5.092963293253554e-05,-9.46591249165658e-08,2.0917628240076375e-06,-9.619557321799493e-06,-0.00014161119596500847,-3.64166628123442e-06,-4.8732270658275706e-05,-4.094600391655133e-05,8.314414790429645e-06,-4.557688012383896e-05,1.7839402460526927e-05,-0.000130712436189476,-1.7576661486152606e-05,3.1613857183621383e-06,-1.4394445935912516e-08,2.661754872702372e-05
NPL,ssp126,ipsl-cm6a-lr,-0.12342437907400554,-0.1872649671765382,-0.10618620396998743,-0.024453514306725425,-0.052301214564052276,-0.07440757176334324,-0.06573141712547681,-0.0009316855508707447,-0.03116469324247409,-0.025180792883329434,-0.03692492465839039,-0.01791636828386086,-0.009753678382098853,-0.008337014226705719,-0.0053856821804054884,-0.003424832268105222,-0.015086696126680253
NZL,ssp126,ipsl-cm6a-lr,0.0003452264394955114,-0.0002148245673171159,0.0005079513268717161,0.0006651401685279908,0.0005446053838403722,0.0003978891893688269,0.00010644783230277803,-4.380684378546457e-05,-4.7151005413198884e-05,0.00020538970579062044,0.0003461110698528777,-0.0008542737730009896,8.514537105219812e-05,-6.763402913316915e-05,4.953101566051139e-05,0.0002745448252521657,0.00026966305108738005
PAK,ssp126,ipsl-cm6a-lr,-0.024675489296522034,0.001151662310082494,-0.01823211951930317,-0.019422487872435137,-0.00777908770973535,-0.0073790090061423,-0.005487731144490862,-0.004131643396254599,-0.0045591169594918195,-0.004315846451991604,-0.003610787993336612,-0.004346917331712226,-0.0026426972530413243,-0.0013153275619537236,-0.0019473981177527409,-0.0013006579029758646,-0.0020108813931260213
PAN,ssp126,ipsl-cm6a-lr,-0.012866907278348211,-0.01820172404668425,-0.009885596465925968,-0.008655188382609931,-0.0069469556600517774,-0.00961159835811394,-0.008385313034552236,-0.005349550322174309,-0.002476677245233545,-0.004708422186731293,-0.009092422174258059,-0.005277146017860227,-0.009060200559133287,-0.0031336034727288352,-0.0031091232722681773,-0.0023171876616606864,-0.0028112686980488605
PER,ssp126,ipsl-cm6a-lr,-0.004619038841546944,-0.004564801119209681,-0.0021458610990200506,-0.004402592052032227,-0.002003198936729628,-0.001317989949015642,-0.0011374942537388912,-0.0014432587318375088,-0.00017996315261091267,-0.0014295948054898538,-0.0015037395979541123,-0.0007508992994018145,-0.0007914307992053581,-0.0007510655077875455,-0.0007456294747838051,-0.0006303652216655101,-0.0007778937428546654
PHL,ssp126,ipsl-cm6a-lr,-0.007974171992873856,-0.04284843437490977,-0.014687794140730346,-0.0200519715105374,-0.007176448429174428,-0.005873763488553713,-0.008922837043139904,-0.008801125674582478,-0.00755432205511269,-0.01020339889601399,-0.007036445965101819,-0.0041130153352609035,-0.00901909771958277,-0.004987009089723916,-0.003943004310326281,-0.0022907082417306284,-0.0031206481236879277
POL,ssp126,ipsl-cm6a-lr,-0.013499321652099487,-0.0023895438656614375,-0.002366117487116795,-0.016669005341991446,-0.00823279690881089,-0.009258865791658731,-0.016401920654104903,-0.016815754785326827,-0.021022721664701087,0.0024346850883366273,-0.008007687017197172,-0.012192332541703918,-0.007572593550242344,-0.01587680476519432,-0.023991144274739303,0.006067180347153071,0.005632924099899811
PRT,ssp126,ipsl-cm6a-lr,-0.00863056717332833,-0.0020546664744395676,-0.005249373468771525,-0.0022570233631116323,-0.011072235907728547,-0.0035017435038735226,-0.008320858612509597,-0.00957672266676198,-0.004530602718893153,-0.006857170861838605,-0.002000448333456004,-0.0038651062272101917,-0.006429651275769956,-0.0024875440577570686,-0.004331175618198274,-0.006154048101827052,-0.0026997980334401775
PRY,ssp126,ipsl-cm6a-lr,-0.11871565507124023,-0.20424368276498744,-0.26231682649282934,-0.10344021888948343,-0.05979342431129697,-0.0893416705016874,-0.17985973773826558,-0.05624077212725657,-0.08014714061894118,-0.048476494616279384,-0.07071616670532965,-0.034879898848754,-0.027515104683602458,-0.06243106953422464,-0.028590110526100724,-0.01340037738442787,-0.07076408998345897
ROU,ssp126,ipsl-cm6a-lr,-0.006058801395438664,-0.03985039206923436,-0.02594046668583848,-0.06712024248372132,-0.0441772988231159,-0.08315049924036795,-0.06097738230471222,-0.05958479554693979,-0.0651274716278096,-0.0034180100555631972,-0.03209226310573064,-0.03389020131123882,-0.03946391176302756,-0.03313134022576104,-0.0685856367513139,-0.016793335749301933,-0.004058833521574191
RUS,ssp126,ipsl-cm6a-lr,-0.007768892807029697,-0.011216729075013117,-0.0009953759489423964,-0.00828875388979478,-0.004100129969763259,-0.008597300400525722,-0.006646190565054687,-0.0030532057406863974,-0.0072829122277094,-0.003346297791979746,-0.0025178296362975763,-0.0034353616181964875,-0.0046084500417963095,-0.0012736241594406396,-0.004365073530220749,-0.0047202294077449075,-0.005010969383635698
RWA,ssp126,ipsl-cm6a-lr,-0.06986918032932145,-0.008835136594967966,-0.029434182585708013,-0.006262971034524614,-0.0029991604274502417,-0.010600097598571556,-0.007419374669571869,-0.0041332677910437855,-0.0006959349839290996,-0.0018824202476420467,-0.0009566079147692914,-0.0037445471044267086,-0.0006924977027517021,-0.001124924640559924,-0.0006874822918192267,-0.0009699282568564223,-0.0005059343806272294
SEN,ssp126,ipsl-cm6a-lr,-0.11563527134704453,-0.1356579924227885,-0.15452170811508903,-0.1340357226177639,-0.05801018543760494,-0.05633439321534267,-0.029387054109262775,-0.02764484063073474,-0.023322019107510753,-0.023765223002582013,-0.019295509703448926,-0.006833941457542563,-0.01360467203717786,-0.0114611168492295,-0.006911973415058081,-0.005054339277258973,-0.007303001752834468
SLE,ssp126,ipsl-cm6a-lr,-0.024052030671351268,-0.003980141697923672,-0.005745422529717626,-0.0030577136995403116,-0.0015124817123734365,-0.0007866313325613245,-0.0012478557579261784,-0.0007531788425928522,-0.0008473476028281814,-0.0009705964876292399,-0.0008109848704371832,-0.00028694287989564863,-0.0003363442053116987,-0.00046196785634199463,-0.00034278563665404797,-0.0001461787743136123,-0.00027776955858871546
SLV,ssp126,ipsl-cm6a-lr,-0.15004621348938274,-0.1896675236531686,-0.16920564752778255,-0.16035311935278293,-0.1411734995772107,-0.08684730634161536,-0.1320865463048104,-0.09279623951134376,-0.0619408009500883,-0.07824124128053914,-0.10397763928998797,-0.07603926065431693,-0.10519190380559265,-0.05337677952290036,-0.04438859053073138,-0.03283562560126682,-0.05683104556127103
SRB,ssp126,ipsl-cm6a-lr,-0.07982780704465214,-0.02820702732204499,-0.02453127299537259,-0.21982717913664854,-0.18330989166331088,-0.2173101164528908,-0.2241751439227197,-0.18950140015960873,-0.18476230211622072,-0.023480050842325084,-0.09462870294866488,-0.13080214638095333,-0.15596168335374405,-0.1671680288119306,-0.1053291443005763,-0.06600308925480287,0.0048471909849648045
SVK,ssp126,ipsl-cm6a-lr,-0.008455085362265222,0.00037551156825698116,0.0008706899027213055,-0.007306918264075265,-0.006188481913237069,-0.006854443277806272,-0.006711660334995056,-0.009560097496484595,-0.007511343220548399,0.0006386082894397608,-0.0029283865444786235,-0.004161527703756213,-0.0027129767944607088,-0.008823067701354412,-0.006227450664942744,0.00025877062079926786,0.00016953996969283026
SVN,ssp126,ipsl-cm6a-lr,-0.004469545665448053,0.0012847581119991643,0.002677940716945053,-0.002122223341510724,-0.0019708687658736225,-0.00033988839779087445,-0.007215343998795637,-0.004380628033760568,-0.0016092508790606392,0.001221239018039823,-0.0005973916303030098,-7.147011359206148e-05,-0.0002977617261026487,-0.002177017393397862,-0.002276249167484361,-0.00033315587395086243,0.0007890133262154245
TCD,ssp126,ipsl-cm6a-lr,-0.15663771518968556,-0.1400795897114549,-0.06485401733932097,-0.06947198760004286,-0.022187147749840902,-0.014527737293685547,-0.013669417919148523,-0.010112262718539287,-0.009515471328476882,-0.013326355325639166,-0.00907309915449677,-0.004907966835700129,-0.007356597144053892,-0.003592968648316882,-0.002107365372373721,-0.002853695505194896,-0.00550359612763593
TGO,ssp126,ipsl-cm6a-lr,-0.16608009342067992,-0.4745302462996241,-0.2402028172866044,-0.2825395584112717,-0.14036514083092416,-0.1554780229492244,-0.09262141687365864,-0.023834212461231304,-0.053990253215125954,-0.042396100880532986,-0.04012401576934882,-0.02701179139270528,-0.03740688230351391,-0.021246668266334985,-0.010775090380232711,-0.019153014529193584,-0.020651631986282424
THA,ssp126,ipsl-cm6a-lr,-0.010097855546226785,-0.025057848840306908,-0.023400163760110195,-0.011909587248719006,-0.0033426322772080156,-0.010290006726399995,-0.014338193836503647,-0.0093388983008538,-0.005213191062600551,-0.006647320150259503,-0.005661274048375091,-0.00700873608092887,-0.009549949471250348,-0.007755652403112479,-0.007190291797560059,-0.0018581996080052746,-0.0018226793616674844
TJK,ssp126,ipsl-cm6a-lr,0.015142065613465414,-0.0014724237856844622,0.007779878801329198,0.005186232133272049,0.002723138116265805,0.0016137888853505922,0.0022254576114159406,0.002283376016286521,0.0008730824496062608,0.0010461469427007128,0.0016915893852002984,0.0014225153125925543,0.00030067210787914576,0.0013157515545865694,0.000585134481871109,0.0006759757588435,0.000804853732627955
TKM,ssp126,ipsl-cm6a-lr,-0.0011851831294222856,-0.0011833001144537078,-0.0008393355616944222,-0.0019045055212463858,-0.0006436033819149623,-0.00041303317065734317,-0.0007770359398656438,-0.0009154977094506701,-0.0005174385502068663,-0.0009065760290426808,-0.0009358706116117322,-0.0009141281974346112,-0.00033999359063359235,-0.0008109859037027732,-0.0005623306762619841,-0.0007002548854758283,-0.0005960338911650683
TUR,ssp126,ipsl-cm6a-lr,-0.0022400235675674694,-0.0024490692237609047,-0.001313136047095213,-0.0021991351587249686,-0.0015348784270965996,-0.0018736306873411543,-0.001106593677250524,-0.0009162557037854333,-0.0014866794336164725,-0.0013577280346507604,-0.0007140791163471377,-0.0008192151150601829,-0.0009743227353069154,-0.0009349093358355586,-0.001220313292903968,-0.0009267416745182904,-0.0005663722459480554
TZA,ssp126,ipsl-cm6a-lr,-0.1139205693176265,-0.10488796972794023,-0.12014030239495575,-0.05758830661543259,-0.02084471557252692,-0.037684559453700334,-0.008347085364854135,-0.010467911841879956,-0.01048391135952319,-0.009681746883082721,-0.011012366728556641,-0.007124872441993041,-0.006048606933436396,-0.003306074470195013,-0.002966402953187713,-0.00292990680286075,-0.0023984629521713588
UKR,ssp126,ipsl-cm6a-lr,-0.101093011438975,-0.21373368323859337,-0.09194971812608586,-0.16195925503720732,-0.043119452780755026,-0.18305636413340176,-0.1257718188815788,-0.08904755533882411,-0.11926626665400822,-0.006488537499822608,-0.04901859927800372,-0.03319348439218873,-0.04632683131494303,-0.015819785969957145,-0.08502646311444147,-0.037905201624460136,0.005765535170077893
URY,ssp126,ipsl-cm6a-lr,0.0013972184639968993,-0.007865017280920658,-0.005876866620003162,-0.0037299416000116303,-0.0026988171801585487,-0.0025323642955125303,-0.0037999207918392023,-0.003149921632234985,-0.001256064856726477,-0.002258828990431032,-0.0009408858486580735,-4.8146426011093646e-05,-9.959375306077214e-05,-0.0016447327055320008,-0.002475112181492656,-0.0012582837646243003,-0.0014256758671365515
USA,ssp126,ipsl-cm6a-lr,0.005161326480855702,-0.0019282383320261387,-0.02169066124307066,-0.019690559635888758,-0.011983032049326861,-0.019335660433353382,-0.00021789136584606636,-0.004471263014340688,-0.03355105503017095,-0.009796822030990204,-0.01211410660591442,-0.015373749738496022,-0.006234535162676469,-0.016505939204525016,-0.011299614144167618,-0.00884557098046479,-2.055427860985967e-05
YEM,ssp126,ipsl-cm6a-lr,-0.004758559693758532,-0.0009600762633863824,-0.0008869077306924448,-0.00036122089805711634,9.419899002454872e-05,-0.0005184050252906839,-0.00035763172543323775,-0.00023087658300794393,-0.00017817566907025136,-0.00026668176754894585,-0.0002026500186472161,-0.00020441047832871635,-0.00023362397076710746,-2.563033465030617e-05,-4.477238421173738e-05,-0.00015017419156541882,-0.00022153843337905946
ZAF,ssp126,ipsl-cm6a-lr,-0.0763373667426272,-0.06639495013975598,-0.051149190984968354,-0.06538201417701116,-0.011222960113008136,-0.05309511106498051,-0.009383411653026277,-0.020420856653893746,-0.03296523855377462,-0.012329680544083645,-0.01333110180633681,-0.010232105468925801,-0.006619647370949545,-0.01358127388186466,-0.006352073348246099,-0.009082230656913444,-0.0110718762137297
ZMB,ssp126,ipsl-cm6a-lr,-0.06399110443488622,-0.06298659285378698,-0.04100154125233407,-0.07646740352213695,-0.031232160223958125,-0.023537775795514,-0.010524382424544218,-0.009541266747533401,-0.00936309586906926,-0.011181804671565479,-0.004742260953694399,-0.006098734453964641,-0.003917486185726067,-0.001572362804766113,-0.002144519765884423,-0.0029488416272323457,-0.000821320388550128
ZWE,ssp126,ipsl-cm6a-lr,-0.29668291036834343,-0.11306428054628818,-0.19653568261055082,-0.2997612478023693,-0.15501777702758004,-0.21741754514954603,-0.08321109166540369,-0.060241116901486556,-0.05738493890947394,-0.06328480695619719,-0.03706111229896043,-0.026544505983364747,-0.025988876833280813,-0.012477369468124656,-0.019257683377115954,-0.02893842184604102,-0.004532723999476267
AGO,ssp126,mpi-esm1-2-hr,-0.006500964388203078,-0.026137683341545412,-0.005115172363936161,-0.009225188198241646,-0.012125574596181677,-0.006542257689917788,-0.0017944568774782381,-0.002125874319866659,-0.0036596847765229014,-0.002065380662916924,-0.0025110898886553834,-0.0007510887782945238,-0.0002556019984542137,-0.00014461181130012596,-0.0007275072238956571,-0.0005823240799517633,-0.0001464586145510784
ALB,ssp126,mpi-esm1-2-hr,-0.10514398863690035,-0.27802702161665027,-0.049286455316962414,-0.03857727341579373,-0.016512630249356317,-0.025479959178554456,-0.09975392064768841,-0.1345010010453834,-0.1454651924105148,-0.027063680994411428,-0.04368182684787015,-0.035006111750149796,-0.037535266073648814,-0.01744269417203607,-0.008627910396246856,-0.045360371153056044,-0.05216134908213466
ARG,ssp126,mpi-esm1-2-hr,0.01002180079159042,-0.0018799256611478476,-0.0006661942744979675,-0.0018465622778344184,-0.0009525670247927773,-0.00261560399747916,0.00018346124623344826,-0.001422292106793378,0.00036921246887896094,-0.0008343898025827062,-0.0006950531703277468,-0.00020941615005172352,-0.0006705016238232939,-1.915325045417072e-05,-0.00019258791127486883,0.000290554856107662,-0.0004133724312503736
ARM,ssp126,mpi-esm1-2-hr,-0.0007450708064280089,-0.0005457207004909536,-0.0016671430368949346,-3.540123652872139e-05,-0.0003553719642795893,-0.000398970286485867,-0.0003847952507436885,-0.00014712714885586705,-5.662874739069027e-05,-0.00046708984552979333,-0.00016884939684442876,-0.0005856471587701819,-0.00040321838449592815,-0.000317374800702766,-0.00042485796003784897,-0.00022546214042948806,-0.00014452525722629092
AUS,ssp126,mpi-esm1-2-hr,0.00031035865141448935,0.0002711880673042484,-1.2839134561065414e-05,-0.0008857740830026066,6.267290635189906e-05,-0.00017648302038291339,-0.0003637957785658118,-8.80549317199278e-05,-0.00011737198321527249,-0.00026908994051560206,-0.0001953533528401033,-0.000257471212701328,-0.00013349135028666189,8.755797146561938e-05,-0.00031634959481951765,-6.975014398154057e-05,-0.00013800984209449562
AUT,ssp126,mpi-esm1-2-hr,-0.0032209738184214467,-0.005754119276115923,0.002149572022187119,-0.0002755552242339102,-0.0003703747049491522,-0.001636184205994356,-0.004217895212770942,-0.007850804452772985,-0.0010459409852601508,-0.0010078419180374605,-0.00029679857451361867,0.0012655146786817867,-0.0011005562087664125,0.001039013117816168,0.0006052379479903012,-0.00031540166243551853,0.00020088165775644976
AZE,ssp126,mpi-esm1-2-hr,-0.012067458806312891,-0.008495878892489409,-0.018503336907664262,0.002637381523374352,-0.0066599301743182435,-0.004697511190893895,-0.006505092445474095,-0.002451638514711547,-0.00023207117172349993,-0.004647637786475337,-0.00338974097478648,-0.004518047720808102,-0.005576776150574272,-0.0029373967845201096,-0.0027395868620578427,-0.0022069929660518102,-0.0008395479975570958
BDI,ssp126,mpi-esm1-2-hr,-0.05766784852537541,-0.046654634568063895,-0.021550750420216487,-0.051297847857588376,-0.017479913285802322,-0.01608789029856671,-0.0025645943188760236,-0.01203579608489205,-0.0016143731388701661,-0.0030370050814562937,-0.0047342431885324665,-0.0008358551747475176,-0.0003682661061761254,-0.0007475128283542836,-0.0006338393049521311,-0.0015788997030385255,-0.0016615387845146988
BEL,ssp126,mpi-esm1-2-hr,-0.00015463872301815006,0.0007782955110708362,0.00035615960976964834,0.00046592537953373024,0.00041785313901972524,-0.00132428048703929,0.00015547574014494826,-0.0007551965221941687,0.0002317571737711591,0.00033600547745984266,0.00010019907151398189,0.00022845993967947375,0.00020009448920880693,0.0003916552286806938,9.955474193020242e-05,0.00023302754550270745,0.00014013949022123522
BEN,ssp126,mpi-esm1-2-hr,-0.2638314560526637,-0.42021902465052813,-0.13172368968596374,-0.05542251668268743,-0.05541510556213987,-0.08608027347135812,-0.01321397731325019,-0.0794292508943075,-0.056754701541109474,-0.02240605769272105,-0.020695380165505258,-0.03185464920765011,-0.03415705852381954,-0.017989248237372257,-0.015706817449665105,-0.015745623950714698,-0.003989383828103139
BFA,ssp126,mpi-esm1-2-hr,0.19717489331581248,-0.33659949777651427,-0.15169424459258726,-0.19226802318249797,-0.0727799279939029,-0.09721584563313368,-0.02749458255861199,-0.05444066602768397,-0.04855962288960147,-0.028613772242129472,-0.01644826662181277,-0.021806339864280922,-0.024854029016968787,-0.010610172570787564,-0.01294421746862669,-0.014783432858759722,-0.004078403075338156
BGD,ssp126,mpi-esm1-2-hr,0.007657922536187426,-0.0013850804142136522,-0.0012015565986503956,-0.011083763761324472,-0.003734604788222202,-0.0033997161044483047,-0.0025718424933189217,-0.0036659455297525065,-0.007276543411362707,-0.0016613539486313377,-0.001786562277105704,6.3954190206541896e-06,-0.002170101544162763,-0.0006092494568321748,-0.0010596524778500956,-0.0006164147610555828,-0.00034268508136870574
BGR,ssp126,mpi-esm1-2-hr,-0.09030539986385037,-0.11370198404821272,-0.037707125278239176,-0.012856722282715923,-0.02522524306306165,-0.013443506268529887,-0.0353255162685813,-0.05685613949700679,-0.055999067299746845,-0.020020113294918925,-0.01173242258169266,-0.02949538381675592,-0.024014192070553754,-0.024244640360103084,-0.01649553746250224,-0.03162532732401023,-0.016426990201896814
BIH,ssp126,mpi-esm1-2-hr,-0.1353095094036965,-0.2304533912338433,0.0021274543555498773,0.0013128240470021688,-0.04372595597534353,-0.018895107396544604,-0.053033240039829614,-0.12157206634839249,-0.13093912656809034,-0.029775677068124222,-0.004585989271029971,-0.005993752908401205,-0.028600407347591374,-0.01947390607729155,-0.039298721864176524,-0.04556197939568588,-0.05818193300188147
BLZ,ssp126,mpi-esm1-2-hr,-0.08137612551738922,-0.18513358317347192,-0.030241980766450186,-0.02894486637804188,-0.02197523637822563,-0.005285646810204036,-0.0441131594421906,-0.03466106497879534,-0.0045425556818892415,-0.043773699757452995,-0.014853756445746394,-0.019458183309560662,-0.029189383393384612,-0.004759189946728327,-0.020245272773642076,-0.0031842760622284123,-0.014485595941054853
BOL,ssp126,mpi-esm1-2-hr,-0.04907901495768226,-0.14326191474180228,-0.06713076938639125,-0.042630533940461623,-0.032964742029514625,-0.024704991099104203,-0.011492711409885222,-0.016870622969397484,-0.026650853240584114,-0.011580052992022711,-0.009965798827067258,-0.00784485268492352,-0.0048972680018561825,-0.002370900868165355,-0.0015703863079906634,-0.00848385457557265,-0.005002559009126062
BRA,ssp126,mpi-esm1-2-hr,-0.0388799823505331,-0.08631612494466508,-0.038798492652436116,-0.041419916567540106,-0.02046543485949867,-0.026303329921985887,-0.02107154856855366,-0.007691857149506895,-0.026907313647646244,-0.016448430770478008,-0.013371064871506019,-0.01127987391636099,-0.00495631162432249,-0.008221216188994374,-0.0067370957007082755,-0.014615428413002536,-0.005632336012743735
BTN,ssp126,mpi-esm1-2-hr,0.003939910671107679,-0.0027557237331405043,-0.0008746736758579485,-0.00381523834979538,-0.0018009761443154547,2.1681334393557188e-05,0.0004650859011666821,-0.00014605802879870638,-0.003068681331953973,-0.002051328611208525,-0.00027983859069648974,-7.534118879817315e-05,-0.0005170835995173732,-0.00025068633393894655,0.0002511938273084472,-0.00014892191826719863,6.997397184123099e-05
BWA,ssp126,mpi-esm1-2-hr,-0.0018073478260420607,-0.0066171835053722705,-0.00036045087450297525,-0.0015170612364627113,-0.00011539021055271736,-0.0013026060321034271,-0.0015130943449720182,0.0005303470349376874,-0.0008002076459097285,-0.0022482590357870663,-0.0010959827969309656,-0.002263726670333198,-0.0013579112467702887,-0.0009796747043809544,-0.00020676604932857396,-0.0024939559688469544,-0.0007946262064041144
CAF,ssp126,mpi-esm1-2-hr,0.03186970389620295,-0.5253651417919596,-0.03981966488118523,-0.13546900586389582,-0.08606266502158424,-0.08275803316325454,0.019914141743187685,-0.054814311562676486,-0.028840617321242573,-0.020063978388947627,-0.010861694542708628,-0.015199881914568532,-0.012231037186049218,-0.017205899752150443,-0.005657661349820302,-0.0059902091997447145,-0.004433946052678579
CAN,ssp126,mpi-esm1-2-hr,0.004163874528023991,0.00038631834367973113,-0.00057933991892074,0.0014385956644987312,-0.001380021894528288,-0.011469252247912867,-0.0003172665552279671,-0.004208873777462277,-0.00398387053663068,-0.0019391401894190282,0.0006818951914920741,-0.0016062218530647093,-0.0004974011910440491,0.002073830281291043,-0.0007629050336917165,-0.0026586419975585178,-0.0007712997631390435
CHE,ssp126,mpi-esm1-2-hr,-6.278884741675299e-05,0.0001217880653995794,8.301422959702061e-05,7.322952355615816e-05,0.00025122552762579895,-0.000330445901407803,-3.740128383823082e-05,-3.055944102690718e-05,0.00017739166985200055,6.652545182972796e-05,8.202287671469536e-05,8.885876673011662e-05,-1.8651522680645606e-05,0.00014355982771898748,-3.670346700007509e-05,3.585216372138252e-05,7.399419854200143e-05
CHL,ssp126,mpi-esm1-2-hr,0.0003915423715167824,-0.00017956300518939274,-0.0008845747967211716,-5.35486889633658e-05,7.310493858180606e-05,-0.00023064060454597134,0.0001088317826244665,4.224731740770269e-06,-0.00020479039331615425,-0.00015893920045935645,8.776169756314351e-05,-8.16125817028358e-05,-5.548389353263226e-05,-8.886686802167799e-05,6.64628700308994e-05,-8.986805620441416e-05,-9.456309607472841e-05
CHN,ssp126,mpi-esm1-2-hr,-0.012454972190897308,-0.021594462261422,-0.0070503764444436005,9.92040995649365e-05,-0.01157983302922328,-0.0036964821540132163,-0.005719587530753811,-0.009021867033965694,-0.004525385277818119,-0.004709901776673626,-0.005672767610960611,-0.0019101541736408776,-0.005053046437241844,-0.001906288586837984,-0.005012839774911186,-0.008683605637620348,-4.107637570853364e-05
CIV,ssp126,mpi-esm1-2-hr,-0.0005588948956887636,-0.08467969799674722,-0.01903238990743156,-0.04499587161464566,-0.010402083123727193,-0.014940556538979568,-0.010431796913637086,-0.011188426958000193,-0.013387276401006523,-0.006237979350068632,-0.005103070643673135,-0.006012298695354384,-0.006680701409150353,-0.004348272183272621,-0.003744591132262902,-0.006778622599458165,-0.0019317602564327206
CMR,ssp126,mpi-esm1-2-hr,-0.03852729523480511,-0.29798780237640526,-0.014323667093503925,-0.02532126663322993,-0.023297797429119353,-0.03985225631504057,0.001041165743149526,-0.021577551851342882,-0.026164699683797997,-0.013420514662534659,-0.006500202590198631,-0.019310121517992048,-0.0133211956751242,-0.014328755810461995,-0.006658034636527861,-0.00822169053217087,-0.0013678503604962534
COL,ssp126,mpi-esm1-2-hr,0.001107814023669464,-0.001446587981893454,0.000736684948554452,-0.0029147715115655985,-0.002787880545860083,-0.005075920931474947,-8.073472757559855e-05,-0.0026704339898150644,-0.003508393651091056,-0.0024099351897153274,-0.0023167600519424254,-0.0020533374818971226,-0.0012702228898268104,-0.0012623090682825804,9.257720141544519e-05,-0.0020054960136978244,-0.00026619073142721
CRI,ssp126,mpi-esm1-2-hr,-0.00016818044640666283,-0.001588467589611757,-7.18080169180823e-05,-0.0007182677347774337,-0.0005025760342165457,-5.687292538567577e-05,-1.1678587006689939e-05,-0.00041849232386252926,-0.0002843153017389729,-0.0006541075883287372,-5.975644150628621e-05,-0.00019480123429289558,-0.0004966721025566682,-1.7399449733816513e-05,-0.0002711947585491778,-0.0001074728142483318,-0.00030521702172577676
CZE,ssp126,mpi-esm1-2-hr,-0.0005868981848957688,-0.0005519058966629521,0.0013001689432182335,-0.0004998299162024862,-0.0012716603376943325,-0.0007019481109304905,-0.00139626264372499,-0.0042917723940450745,0.0004038750606328259,-0.0004658330316549542,-0.00017585213555408464,6.159734314008606e-05,-0.0002637642668411071,0.00038503922023191414,0.0006700387678192966,0.0002814800884719204,-3.689924583912249e-05
DEU,ssp126,mpi-esm1-2-hr,-0.0001272673844552001,0.0004962114591304767,0.0004642772375396339,0.0006396786375866374,0.0003575016219549312,-0.0013154993937528094,-7.778687595217283e-05,-0.00037948815319780897,0.00028416348653662423,0.00011565478807938894,0.00011340890315819349,2.0455385635417967e-05,0.00010428555003499067,0.0005759327859192268,0.00023648637843718317,0.00017754035652329728,0.00029745895067130194
DOM,ssp126,mpi-esm1-2-hr,-0.0005176961160299746,-0.0012430584578771685,-0.00013785312757700908,-0.0014490469977638837,-0.0006560434560627025,-0.0012026632410968524,0.00010262434871295017,-0.0010081794600449905,-0.0014372292070318634,-0.0006875435209440139,-0.0009158862499000166,-0.0006119259499989613,-0.0009796798609907514,3.1633541240841296e-05,-0.0007449029906668447,-0.0001906211131063254,-0.000570212663492463
ECU,ssp126,mpi-esm1-2-hr,-0.009042084363343672,-0.007971957008294518,-0.003059624123396585,-0.006116223512234048,-0.013660120863531286,-0.018271074627045598,-0.008835031436183794,-0.007618290386258242,-0.008376390439140874,-0.0056450795639092855,-0.006638244606871964,-0.00415098815139796,-0.0012391151760067255,-0.0036881404161011096,-0.0009178978963875289,-0.0049629282624077415,-0.0019621827109111705
EGY,ssp126,mpi-esm1-2-hr,-0.0013894120945395266,0.0019046793480501788,-0.0028413589460623027,-0.0004052356116731579,-0.0011746989006494134,-0.0012578307445622987,-0.0008589822434738687,0.00025564070956767443,0.000926598758757642,-0.0004640091372729878,-0.0012222371557433901,-0.0005106459667342775,-0.00042619507576550756,-8.359946203416712e-06,-0.00034258765235519525,-0.0003152388847259534,-0.0005246709326015407
ERI,ssp126,mpi-esm1-2-hr,0.13436250398277844,-0.04286065900719378,-0.014166036049487329,-0.049014947990108276,-0.10403374845381268,-0.18947567054527933,-0.05277635911355846,-0.08175174286538407,-0.062211225554343406,-0.0370760489496776,-0.05882488974403014,-0.032679857244682434,-0.04578222233306052,-0.02110815242419434,-0.03718457183289309,-0.03269531087369039,-0.023538448700182544
ESP,ssp126,mpi-esm1-2-hr,-0.00812333323589078,-0.0025324946601130794,-0.004518632568001572,-0.001794714798967857,-0.003776510632616177,-0.0063673205971894065,-0.002480433795720819,-0.0019039671713076446,-0.003360884062292957,-0.0006334384749942942,-0.002928173153769599,-0.0009320298001442447,-0.00036514848962844053,0.00019791035749758805,-0.0019792949957021144,-0.0030304976126588924,-0.0001162433986757992
ETH,ssp126,mpi-esm1-2-hr,0.04344176060307972,-0.005042604316655998,-0.003324176187229788,-0.012228504134753182,-0.005568703338111542,-0.014689827757290982,-0.0008771416307886891,-0.0017538545604348797,-0.005557845128762645,-0.0024782806638472764,-0.0026512696358656587,-0.0026418681165517673,-0.0031709223925805562,-0.0015660243434572711,-0.0018067920736913174,-0.0014561662880427904,-0.001159977609009193
FRA,ssp126,mpi-esm1-2-hr,-0.008749390235863606,-0.0015906594782514887,0.0009554150926337171,-0.00088646306493225,-0.0002501847000215582,-0.0069646847901284606,-0.0031247892629202873,-0.0042816113563365135,-0.002174020541146868,0.0006544860163195366,-0.0005673279470306266,6.196560351115883e-05,0.0009344895961675271,0.0010270130869057831,-0.0004580735897152184,-0.001850415684537007,0.00027468440229500734
GEO,ssp126,mpi-esm1-2-hr,-0.022903130522220927,-0.010041286200856567,-0.022559203821867088,0.0002764739799689117,-0.0069161238304848,-0.0057379992752002685,-0.009000030619915963,-0.003207046193913031,-0.00290672646905236,-0.0065727367041898965,-0.005046427228490289,-0.008849996564513959,-0.006674170091132233,-0.006923872309897406,-0.008483779306492698,-0.003057487363591455,-0.004895770450555629
GHA,ssp126,mpi-esm1-2-hr,-0.08136878275459278,-0.09130352458628448,-0.03864000902151557,-0.01799023382748121,-0.012744325252106163,-0.016134633302605603,-0.007807362762537092,-0.019109450662315078,-0.017135283476370954,-0.009091782161189244,-0.0030186392991551248,-0.010200274755200108,-0.010034298812784437,-0.006976099425608806,-0.006004416648449778,-0.007143362784482233,-0.003501387057770855
GIN,ssp126,mpi-esm1-2-hr,0.02160579674777486,-0.03420231986291589,-0.015493424776738362,-0.020406366042165006,-0.00319573179193492,-0.003915034354176567,-0.0015769683302316578,-0.0025701296572045755,-0.002541465298828538,-0.0026344711255332416,-0.0023453191590402647,-0.0010664153965343128,-0.0020809717146715685,-0.0023641686816523403,-0.0015103091431780563,-0.0020146626769203648,-0.0004662078347348155
GMB,ssp126,mpi-esm1-2-hr,-0.0003129834166843616,-0.00825324159821911,-0.02425602168858847,-0.029672897807371507,-0.009773823942174962,-0.006420891051169104,-0.005102244206603509,-0.003469760784309319,-0.00618541254913265,-0.004377776283184947,-0.001981783541693074,-0.0008469408129424272,-0.00371016627381382,-0.002644242603719322,-0.0015492262338089363,-0.0018063990342276105,-0.0003648598684774398
GNB,ssp126,mpi-esm1-2-hr,0.06379880176076747,-0.025677934489766702,-0.08746954986992617,-0.13158001077695852,-0.02254349897749363,-0.022558471036410083,-0.013728539321641253,-0.01218311269230087,-0.023607157647883778,-0.011290083564313255,-0.006932233540643901,-0.003009393756175647,-0.016797426780229083,-0.009941041784629758,-0.005716235432346331,-0.007413568540288511,-0.003113609542574056
GRC,ssp126,mpi-esm1-2-hr,-0.011970003754084914,-0.034105397520535846,-0.01118452637393643,-0.006095329888048667,-0.006190264271741703,-0.004719034509406322,-0.01263495610817965,-0.01020407065431269,-0.011612365688539423,-0.006190486638268075,-0.0005926813922818528,-0.007930119342643519,-0.006134271685630355,-0.0037662087063613865,-0.0009739595138218565,-0.00394267640276683,-0.0020937156459371765
HND,ssp126,mpi-esm1-2-hr,-0.06250042286613891,-0.10355102416759696,0.007159376343499313,-0.016662993862087833,-0.014511720612151098,-0.010353602064077063,-0.007684642513793203,-0.021831813475030517,-0.008856769624351807,-0.022045911546947197,-0.007127154797998374,-0.008920293555854625,-0.018482400825094437,-0.002797092662402482,-0.010816709878712277,-0.0028109624726937008,-0.007638710840244443
HRV,ssp126,mpi-esm1-2-hr,-0.06863213000664874,-0.7159624217818157,0.0468490958927777,-0.048405924134468335,-0.2417449244203857,-0.10842284469614841,-0.2209803906505653,-0.45801763996763806,-0.452251036205605,-0.12436815102811032,-0.048380059946097426,-0.004245557229133549,-0.08321299836874674,-0.04160782801521903,-0.09700936359115818,-0.10461524119680458,-0.06035478829017883
HUN,ssp126,mpi-esm1-2-hr,-0.10270956722317548,-0.05728724023459593,0.008773018562179036,-0.011374955349358194,-0.018664465608283456,-0.007053735090226623,-0.01489610017203189,-0.037278206639720694,-0.03166314762459426,-0.004506841166278561,-0.0053388311776858665,-0.0007315545189074262,-0.007219860786493639,-0.0008376247863728395,-0.007218558142242424,-0.006071480220254005,-0.005558890316163516
IDN,ssp126,mpi-esm1-2-hr,-0.013224517642729567,-0.006217672845285867,0.004689371756668945,-0.011184049492717505,-0.016605835205471944,-0.01357986558963381,-0.014598523699389687,-0.00924583212091275,-0.013548080391253105,-0.0072364248514670635,-0.005612381069928262,-0.006089225008567871,-0.004405540224280141,-0.003809695356741353,-0.0011831534997457887,-0.00465010305304509,-0.004700441978468385
IND,ssp126,mpi-esm1-2-hr,-0.0012208988739832725,-0.0015410256994370904,0.003357816984637096,-0.0009468915464644209,0.00047567298701322767,0.00104440613479961,0.0004486804065519671,-0.002127564756985165,-0.000762280785561947,0.00025228846042399356,-0.0001741329941107521,-0.0008449956431831244,0.0008437346184356498,-0.0007555920564197788,-0.0002541799701023014,-0.00014185690239932214,-3.3046852261688585e-05
IRN,ssp126,mpi-esm1-2-hr,-0.0007598519073841452,-0.00016671118314317377,-0.00026961521443368735,4.8103045661320696e-05,-0.00015622644253705329,-9.481451049147024e-05,-9.935554001264997e-05,-3.84825661376128e-05,-2.6370902552555486e-05,-4.422687146214192e-05,-6.606759827958114e-05,-5.0130897523274596e-05,-6.577846381003937e-05,-2.744196054817082e-05,-1.0370722419209739e-05,-5.2149897619721436e-05,-1.0396216014740017e-05
IRQ,ssp126,mpi-esm1-2-hr,-0.009109401095103536,-0.009279119926921878,-0.011775619541809855,-0.002065831222912778,-0.005985549060094539,-0.0026272413060193936,-0.0056819136692302565,-0.003227262050188396,-0.003849551544936403,-0.002440789819214492,-0.0026926741661881374,-0.0012769273840833996,-0.001946179460454942,-0.0015099253387404683,-0.0009302623741404354,-0.001471128370800356,-0.000736106914713232
ITA,ssp126,mpi-esm1-2-hr,0.0006453617182539923,-0.0015164610503021348,-0.0004763413445371842,0.00031012582438714645,0.0005707822089403241,0.00023793000763608777,7.024334366684101e-05,0.00026874359484773145,-0.0005337270176269588,0.0003627822060384085,0.00020449933452881816,0.0004673618303315322,5.788229873127526e-05,0.0002684440833413158,0.0003217846596296759,0.0002472716272949249,-0.0004038266349024633
JAM,ssp126,mpi-esm1-2-hr,-0.0005670456157319369,-0.003010318314172514,-0.00048201179718489954,-0.003552056719340991,-0.003180078546255888,-0.002273954795612833,-0.0004115325247700011,-0.0021759851607260896,-0.0013504418825044748,-0.0005920373736704995,-0.0008586318103497985,-0.001348279518566232,-0.0007693054036696132,-0.0006636263512324093,-0.00020658940786999862,-0.0015024289866792078,-0.0010727033097815682
KAZ,ssp126,mpi-esm1-2-hr,-0.0005629823737245397,-0.00252550553443045,-0.004756927282016215,-0.0001256289387900255,-0.002172164499615213,-0.0007326584920119007,-0.0014681020616394685,0.0003563375439765287,-0.0017558175983714032,-0.0010886571448295965,-0.0008189032990478275,-0.000831337526423428,-0.0006214065856652743,-0.0024856418628746817,-0.0012183071015487684,-0.003478363212752492,-0.0012461373767989848
KEN,ssp126,mpi-esm1-2-hr,-0.0060930593235616936,-0.024435298307801438,-0.028731000383277864,-0.04556586354605591,-0.014111259128626753,-0.022374463998601758,-0.009153992691749765,-0.008043286484258358,-0.00620865245440521,-0.0003616445849510828,-0.007072290658713627,-0.0017936084325352471,-0.004027578517680235,-0.0008509783050761766,-0.0035289202951310043,-0.0011732781096979769,-0.002657791514443828
KGZ,ssp126,mpi-esm1-2-hr,-0.014620913531785502,0.019323028225459803,-0.061428941507969584,-0.027538984061319355,0.003117631425824624,-0.005775750295985174,0.0003454389497969767,0.0013645663955760721,-0.006142533872768843,0.0002819028461116099,-0.0011174714697317054,-0.00046153526638954986,-0.0017608075548303187,-0.0025212402773264813,0.0013684489781817352,-0.0033939763380614507,0.0014636651045495156
KHM,ssp126,mpi-esm1-2-hr,-0.00403467703838485,-0.07931601839992417,0.02216696924694731,-0.07378018326912919,-0.03992746756223124,-0.0010957633730266957,-0.00525925216787874,-0.00522161493048709,-0.009397964265114793,0.0022773720387726506,-0.007835864501074827,-0.004720051769039532,-0.0022629942591298885,-0.009831570151802416,-0.0007382060422210257,-0.005248955001173562,0.0032370581379392318
KOR,ssp126,mpi-esm1-2-hr,-5.779680179538115e-05,-0.0001873514274512983,-3.22466869999654e-05,7.00261362896889e-05,-2.8916238770339328e-05,-5.2320429959619524e-05,-7.571409205734928e-05,-4.847843561612178e-05,-3.626700771869514e-05,-9.957250188466488e-05,-5.148174877754634e-05,-1.2785037804710699e-05,-1.9969408817099054e-05,-1.0360544473539923e-05,-4.9477119990269356e-05,-3.0850318430338e-05,-0.0001413184048058008
LAO,ssp126,mpi-esm1-2-hr,-0.027419657542220807,-0.022402882260846975,0.0006459896597175597,-0.019678299320572436,-0.01035220580178459,-0.006412591642879521,-0.0023519408197027556,-0.005069472630820251,-0.003945924823180791,-0.0024804630229214664,-0.004631017813801677,-0.003006150140041859,-0.001268035907085209,-0.0017056240632265095,-0.001288505484290466,-0.0037777913987328483,-5.4476086996545674e-05
LKA,ssp126,mpi-esm1-2-hr,-0.002689142925634935,-0.0010299354147660575,-0.0005030773047558167,-0.0008208163921059361,-0.0014761620956112267,-0.0005721845142262459,-0.0008173831865328382,-0.0011898371427700436,-0.0003780611394004702,-0.0005488441325793651,-0.0006407263276164306,-0.00047262865619925927,-0.00021180461953274174,-0.0004627051035427637,-0.0002547238395825005,-0.0003833832823257045,-0.0007024702893351125
MAR,ssp126,mpi-esm1-2-hr,-3.581557784583169e-05,-0.00028318495353679896,-0.0004951985237011325,-4.935146593649354e-05,-7.237488562068782e-05,-0.00010797986068910094,-2.8721876050516992e-05,-3.948591708966991e-05,-4.414574407843753e-05,-6.12928320831089e-05,-2.8429084346153212e-05,-3.99747149685982e-06,-4.235436592886886e-05,-1.3099939490620597e-06,-2.2162620840867108e-05,-3.321905465620691e-05,-1.9863580039444613e-05
MDA,ssp126,mpi-esm1-2-hr,-0.14196859044450058,-0.22476917920592016,-0.021493539258272985,-0.07963470410793007,-0.05887136074230806,-0.05501142867430287,-0.024318873747623863,-0.10455608520661276,-0.055561458270557355,-0.009017445376830819,-0.022620740061205513,-0.036294543442521435,-0.010879654445225947,-0.019121257811510098,-0.002300348569517492,-0.023092611306881772,-0.014668690818773176
MDG,ssp126,mpi-esm1-2-hr,-0.0011928152207875075,-0.021762545381691846,-0.0025137633559336008,-0.0024090167779162877,-0.0034097959226455795,-0.0015163412760578353,-0.000786019136483617,-0.0008883750486049629,-0.001030480895407244,-0.00021963852552844685,-0.0009457798027568723,-0.0001122172189540686,-0.00017302700960791434,-0.0005377450648289984,-0.00020191917991256524,-0.00012753771611448414,-0.00034605651412281504
MEX,ssp126,mpi-esm1-2-hr,-0.01578966028823029,-0.02014455826767294,-0.01440278515297027,-0.03005419982521809,-0.023090267179100014,-0.012727255527956487,-0.011923397741802951,-0.01863709090160832,-0.013858134968098136,-0.010442642890085193,-0.01720811084734817,-0.010294527347164649,-0.00877001548268799,-0.0035878342990524515,-0.005130096638375683,-0.004466293979132727,-0.0026418986458879704
MKD,ssp126,mpi-esm1-2-hr,-0.018990990428518133,-0.0563438682230999,-0.010671362918647682,-0.0036478582585033293,-0.0014906666883903223,-0.0006582185674821113,-0.011574707189524707,-0.014073282215267695,-0.01902521669397589,-0.003432656410045863,0.0018206811552663976,-0.004499792844155062,-0.008105801489261027,-0.0029937357523711528,6.457586122442001e-05,-0.004585704926077033,-0.003734753440720071
MLI,ssp126,mpi-esm1-2-hr,0.14589658174667466,-0.47817296588295377,-0.2964397746367421,-0.42051829085611986,-0.15295488888480724,-0.1660530211525261,-0.04012314697551597,-0.08365620544210621,-0.09317655780833628,-0.06523883286565518,-0.045226249028192694,-0.028838904225584185,-0.051227546328889303,-0.02986669194275094,-0.03089379588314556,-0.026359464569423195,-0.0027659506947530677
MOZ,ssp126,mpi-esm1-2-hr,-0.07921978478423235,-0.04999359869674524,-0.022073695651341988,-0.04887874789898607,-0.012502145379652562,-0.029053065811318765,-0.017856507349777236,-0.0023611784568591827,-0.008104939922201406,-0.01003503511809349,-0.004280643545743471,-0.005542329389511731,-0.0015713292327429922,-0.0043596854568503885,-0.0032192015612114207,-0.002992043559754056,-0.0007939698840164744
MWI,ssp126,mpi-esm1-2-hr,-0.23238221234545955,-0.11568370061038348,-0.00010904646107324462,-0.07235587333897558,-0.032556692634498494,-0.055844635792697245,-0.029107477625687037,-0.012971231049327289,-0.01522574240883409,-0.018690740551051882,-0.007783225695302596,-0.009065448084874445,-0.003420098895445276,-0.004220703066182638,-0.005228576487298288,-0.005116226802155696,-0.0022128139299559904
MYS,ssp126,mpi-esm1-2-hr,-7.734973402710235e-05,-0.0001164207775555421,9.590657015394074e-06,-9.431538427475665e-05,-8.137391951842151e-05,-8.73737239403913e-05,-3.724858191038759e-05,-4.857130244231656e-05,-8.838284323013319e-05,-1.1739646984765405e-05,-2.678129180832118e-05,-4.22785751172641e-05,-3.312463083431194e-05,-3.9209154243101456e-05,-2.1705121764471945e-05,-1.7491630275272405e-05,-3.44302799997525e-05
NAM,ssp126,mpi-esm1-2-hr,-0.01656585186816161,-0.04184712147162586,-0.01217942495269372,-0.008789492789212825,-0.011330878450962633,-0.0034966113188426022,-0.0044027665734815,-0.0032146007885414294,-0.0038444322638411634,-0.0049547367648356605,-0.003973580943721098,-0.006587051257934365,-0.002295526656584145,-0.00189429753186426,-0.0007491363066713158,-0.006146211197281345,-0.0003791358057553395
NER,ssp126,mpi-esm1-2-hr,0.0026725985769069176,-0.003926573938910597,-0.0019330102800344418,-0.000952828176007216,-0.002028067474358978,-0.001251077633021842,4.903918091249857e-06,-0.0006239867886960039,-0.0002738531865549084,-0.00036671291974821465,-0.00018911114740308784,-0.0001672183866376597,-0.00015912780178979616,-4.6167925704232046e-05,-0.00011327269375822506,-7.303015282485907e-05,-1.3922804708014816e-05
NGA,ssp126,mpi-esm1-2-hr,-0.0039029590301910477,-0.04081208648399433,-0.010023689234780914,-0.006402339609884626,-0.008233367075909418,-0.01013768814675926,0.0008210190927272803,-0.006018879767639416,-0.005215589262128063,-0.0033505136805790526,-0.0012102388061601115,-0.0034483837350108857,-0.0025114564723173883,-0.0018366292677997817,-0.0014404764291574659,-0.0010750556038085731,-0.00031851463384085946
NIC,ssp126,mpi-esm1-2-hr,-0.013609919821271731,-0.12818137179600164,0.01717602710220218,-0.013190431356279786,-0.024182253852092352,-0.005135372150313529,-0.001538288684821721,-0.03327720711151922,-0.008961767864484058,-0.01771997718956567,-0.002050880925886955,-0.006393983552523398,-0.017410990907334313,-0.00016272033209498727,-0.013268454130503456,-0.002899920339776714,-0.004853419043794781
NLD,ssp126,mpi-esm1-2-hr,3.064523895818563e-05,0.00010079281826500062,2.8818311506427943e-05,5.7364326159824994e-05,6.178372761811168e-05,-0.00018362165855611833,3.256179248626081e-05,-0.00012241797369117602,4.39458813167574e-05,5.0991478053004294e-05,2.0896759390703797e-05,3.9668659811820605e-05,3.8345788350879626e-05,5.933736135646124e-05,2.7204104532206657e-05,3.293036345615538e-05,-8.224925294484785e-07
NPL,ssp126,mpi-esm1-2-hr,0.04290694419237333,-0.19211610899864995,-0.043561490049308406,-0.13996615086096156,-0.03217677555966098,0.0019168034894536412,-0.040719523020525075,-0.02366332325130036,-0.04352233437763916,-0.02146468515320508,-0.008042197103597352,-0.014126401886697337,-0.011894177221707894,-0.00607878495064714,0.0007213178115278012,0.0009391404344962007,-0.0018883970196174936
NZL,ssp126,mpi-esm1-2-hr,0.0003918299025496923,0.000541706229851164,0.0006975519276515528,0.00039464471534805747,0.000707570725662,0.0002570446279436243,0.0006633886017905051,-3.121456225171987e-05,0.00017350674932995353,0.00017974165239799234,0.0002791450664212808,0.00017386920861465607,8.330155658055307e-05,0.00020390530843892462,0.00019984358039796166,0.00022884290415552905,0.00019304090640546447
PAK,ssp126,mpi-esm1-2-hr,-0.011474769960497368,-0.006932564074207221,0.004238856413380445,-0.0029269637746910317,-0.0008279363447323244,-0.004265573336520038,-0.00022363370205348413,-0.0042508646272128876,-0.0019991081109332525,-0.0003521432574305995,-0.0008923376078708766,-0.0019687110373520626,-0.001117385220757689,-0.0012177050022637176,3.2412628137138034e-05,-0.00047642419024450486,-8.509486649734197e-05
PAN,ssp126,mpi-esm1-2-hr,-0.013516611532004955,-0.0008832942914794518,0.0034075007089325194,-0.0005414379589322815,-0.0016485438372739532,-0.0016413590314082605,0.00019918492875440475,-0.0019836740592491064,-0.0029089649713492363,-0.000866846907435898,-0.0016232165615022841,-0.0017145455932273583,-0.0012584196050707968,-0.00047290080505541594,-0.0009507045861136724,-0.005253845295133321,-0.00014849510614222295
PER,ssp126,mpi-esm1-2-hr,4.5298936544406127e-05,0.0021960607149910283,-0.0027596879188453737,0.002593456312724363,-0.002947098113204577,-0.00471652790531858,-0.0026793991441091645,-0.0005541903654871858,-0.0012267236540016815,-0.00041641819984801904,-0.0003599911230914425,-0.0004511667375327996,0.00033563436558837535,-0.0009338665754251677,-0.0007434117406921582,-0.0007712709738832285,-0.0002085239411972646
PHL,ssp126,mpi-esm1-2-hr,-0.006622159231782508,-0.04120704056411463,0.003756840012678863,-0.020289240282507708,-0.02203918665173349,-0.00601344988439862,-0.010263731582495729,-0.008621522357567914,-0.01065744733259747,-0.003695111097705102,-0.012807100077214952,-0.0041324026505687,-0.00537862830691259,-0.004552830682577661,-0.00345511053683467,-0.005824942825158071,-0.0016866563090118642
POL,ssp126,mpi-esm1-2-hr,0.0006434004588410371,0.0014123378860751799,0.006344809733597634,-0.0019334850433220636,-0.009665986131309498,-0.00028401466455128826,-0.0033084380895769534,-0.01573335252147671,0.002962638124356884,-0.0044755580755113785,-0.001246669931633628,-0.004149202484930567,-0.0010888036483435429,0.0017314474769261914,0.004650136260531259,0.001341278595398294,-0.0007014590928853112
PRT,ssp126,mpi-esm1-2-hr,-0.0027158053780452795,-0.0006199088776884879,-0.002312924354985569,-0.0008821499324214682,-0.0016831846399903638,-0.005206736931169131,-0.0009286712280517502,-0.0009904393613523633,-0.0021343832881320387,6.74103069236199e-05,-0.0025912897031563414,6.71274890988758e-05,0.0006302843319404709,0.0006376202078613856,-0.0028396032029611214,-0.0040183713764373515,0.0004909422714470368
PRY,ssp126,mpi-esm1-2-hr,-0.19846098934403184,-0.22537883721671548,-0.22074143675552688,-0.10307690722574872,-0.09327768184209255,-0.05248493597984693,-0.008213979868719067,-0.06386150002327207,-0.08147582909714424,-0.056462654396813444,-0.013625112135479345,-0.013202331305496242,-0.0300492001162908,-0.0036541936432402263,-0.012711717450812586,-0.016722776660445596,-0.0003145908598491189
ROU,ssp126,mpi-esm1-2-hr,-0.06026423050169354,-0.11241559433868012,-0.0023245901834913663,-0.004157169028877973,-0.019760764455776746,-0.015042159808131497,-0.023073244884184396,-0.07272577022106515,-0.05877703556821656,-0.004398282157114305,-0.006037243743255433,-0.011911798404949762,-0.008744899631483045,-0.005678881148452437,-0.007928223913218594,-0.02147365946825378,-0.012409738929112638
RUS,ssp126,mpi-esm1-2-hr,-0.0033125347160937978,-0.0030225257518315713,-0.00685761922422146,-0.004222433022821683,-0.0041637435319427495,-0.0007052865027202824,-0.0042508318555583785,-0.0015535214120767414,-0.0025746244008104653,-0.0032014086441323774,-0.002707022298657633,-0.001822763333556795,-0.0005382452022202898,-0.0023432298768299845,-0.00443981635791731,-0.003576525059221574,-0.0019091611419918665
RWA,ssp126,mpi-esm1-2-hr,0.004772218218082498,0.00161534311048979,-0.0007178424753322462,-0.009203938036880579,-0.005996482399978629,-0.00422274806221729,-0.00015885577610579875,-0.008129526496050279,-0.0002524553398937901,-0.001370720890976354,-0.0026464234040407576,-0.0004791893193532229,0.0003318790787303556,-0.0005613145446544985,-0.00023408125668474762,-0.0004994632678258069,-0.00021373971047840986
SEN,ssp126,mpi-esm1-2-hr,0.027869577619240627,-0.03281052853484971,-0.07272224524904362,-0.11367477875917449,-0.034842601445017794,-0.029972578511892077,-0.019763266676020935,-0.014505684845557521,-0.025711063264025894,-0.018258102748685657,-0.009691325708092032,-0.003460144461183593,-0.016661818611667833,-0.01117445840368765,-0.006391192425488098,-0.007368547203550827,-0.0011191192101395857
SLE,ssp126,mpi-esm1-2-hr,0.005345791237740931,-0.002704199866087358,-0.0026529269651593807,-0.006437716019109222,-0.0007606243960405874,-0.0008475904249998001,-0.0003795129048943792,-0.0007030376543948254,-0.0004258282924953928,-0.0006554870377454051,-0.0004414854388346455,-0.00014270294381414406,-0.00021002824936495852,-0.00043239867776327645,-0.0002616971031536853,-0.000330974925014087,-0.0001326786258662597
SLV,ssp126,mpi-esm1-2-hr,-0.15740538463191953,-0.22083915957388286,0.019896264341730967,-0.09454547847991467,-0.06272141290736975,-0.0687958805683066,-0.0216287190643602,-0.08104790013543337,-0.028772451167074428,-0.0754147873050702,-0.04163893850360863,-0.03843712979731137,-0.06998440505151987,-0.026324855789228725,-0.04260408487845345,-0.017875929732392305,-0.05064660992441919
SRB,ssp126,mpi-esm1-2-hr,-0.24028111349894804,-0.32284461923831104,-0.00812168125350421,0.0046903667103750145,-0.09367749850363206,-0.025023287605800356,-0.0964830955961108,-0.21593906216768466,-0.2127092703150672,-0.03828546605111626,-0.007416965994641847,-0.040799155044635806,-0.06467131219605185,-0.02611608562106011,-0.04335839971683637,-0.05874010390989166,-0.05868195398986306
SVK,ssp126,mpi-esm1-2-hr,-0.017512720334773368,-0.013164000588293572,0.0022124920526250696,-0.006687811122021141,-0.004236813154142362,-0.002072986182421681,-0.0037469246589169206,-0.011668943020318808,-0.004668287564727263,-0.000993607012615794,-0.0006620756916796302,0.0009991157951581649,-0.0014385186859488474,0.00046724952641395814,0.00035334575457574127,-0.00028811918998573644,-0.0008076674866189191
SVN,ssp126,mpi-esm1-2-hr,-0.0041080440561621105,-0.011675705432182682,0.0018471391268393797,0.00047079281914240456,0.0007868267141102481,-5.939725827948391e-06,-0.002905031058234982,-0.003855946016751906,-0.0012467521464247942,0.0007721236129897493,-1.2246552134826124e-06,0.0017995344532971528,-0.0004015896724470777,0.0009358505656957662,0.0002707400608512578,-7.3430761769585e-05,0.0004554853946717749
TCD,ssp126,mpi-esm1-2-hr,0.19652949419839885,-0.018216910437760074,-0.001114919157086828,-0.039073549654058806,-0.04311590915187905,-0.03831998441215991,-0.0036969771362566285,-0.012308902667605207,-0.010248052777366692,-0.013128984056567218,-0.008652713821681503,-0.0070027870361649,-0.00466254244723097,-0.0028222426287709593,-0.00428026328213278,-0.004389237672206057,-0.0009695530313848864
TGO,ssp126,mpi-esm1-2-hr,-0.3314167605625274,-0.5490567065635342,-0.19722275288861932,-0.07122752573028869,-0.07232074232765895,-0.1040260921111586,-0.010923599763794414,-0.06766346466172132,-0.06308261810261626,-0.024793734052568475,-0.02101572141295828,-0.03219178120009429,-0.03191789209385694,-0.016921959117884664,-0.015536432236341451,-0.012858379393761865,-0.006418775535618085
THA,ssp126,mpi-esm1-2-hr,-0.007609047542620997,-0.018922872966543415,0.009795073193198526,-0.015325166536926026,-0.011252976839968145,-0.002456431156666482,0.0006066560441531072,-0.00592543302112193,-0.006361380568688642,-0.0006065919814669476,-0.007995853913708096,-0.0011178640254181469,0.0015468459168742465,-0.0034460128663915484,-0.0004016118122563309,-0.007315222648441228,0.003573094931810328
TJK,ssp126,mpi-esm1-2-hr,0.008833587126834783,0.009312463130620036,0.003262449573986549,-0.01188161347993057,0.003089491949572016,0.0023388633207853927,0.0005415905389808811,0.0006124076491784684,0.0010271805058532266,0.0009410252960468467,0.000271790651450805,0.0008730470085984989,0.0009910717943038628,0.00042485018344632676,0.00035925100916412995,0.0011331454270879701,0.0007580819182677734
TKM,ssp126,mpi-esm1-2-hr,-0.0016279418450968514,-0.001202151607814501,-0.0009691303786553145,0.00028693742328376526,-0.0007838422712141743,-0.0004674661959301126,-0.0006291645232879162,-0.0002822474823404859,-0.0005388682428715808,-0.00045999466782768787,-0.0003910525369989686,-0.0005581754211680882,-0.00023354765562905747,-0.0003679708998860176,4.457671313314816e-05,-0.0007003724946693851,-3.229036600388165e-05
TUR,ssp126,mpi-esm1-2-hr,-0.005556329235384029,-0.002287442076142612,-0.0021939224542751783,-0.0008532326112909916,-0.0009004176278847183,-0.0006448451673550115,-0.0015476703989594168,-0.00116843052538412,-0.0017018379835828346,-0.0009532266829793025,-0.0005156537472693023,-0.0016722427986998812,-0.0013342736625795654,-0.0008880264868834563,-0.00046967766728057053,-0.0003906251886376666,-0.0004810199294698762
TZA,ssp126,mpi-esm1-2-hr,-0.10748642641190366,-0.05288757459252063,-0.06653820814855571,-0.1166923075851687,-0.027051409996233074,-0.03514461758369705,-0.0021404898210240185,-0.009660885351545873,-0.00025843947574127847,0.0013061994651604378,-0.004187580275800163,-0.0005528452907699241,-0.0020547205244439894,0.001688828877823609,-0.003587868079624913,-0.0001492919734871901,-0.0035608629393846913
UKR,ssp126,mpi-esm1-2-hr,-0.32583548161839737,-0.2545881210700859,-0.03564631079979604,-0.12968715418305077,-0.10580895761860365,-0.04129910678477701,-0.056026018795341304,-0.12481649017535301,-0.06404254552100357,-0.02585278588476326,-0.041511862316956916,-0.041520658096089055,-0.009079732455178959,-0.024027948319666367,-0.016171423750925732,-0.021610098472114557,-0.028929324574367993
URY,ssp126,mpi-esm1-2-hr,0.006804603320542418,-0.0022911117440459904,-0.0006907742569476578,-0.002049227640538962,-0.003108932926638624,0.00020210491813069985,0.00019078293738367347,-0.0004023325877429952,3.0901361270834714e-05,-0.0015780159036127657,-0.0004553055322315163,9.381940075973377e-05,-0.0019883507108086314,9.477604563305738e-05,-0.0014002388554962856,0.00014198662920723087,-0.0007168207006108773
USA,ssp126,mpi-esm1-2-hr,-0.009684608282628189,-0.026417070463944054,-0.018521350278038796,-0.03157449308730503,-0.009471780711474077,-0.017584923876113368,-0.011369276087508071,-0.011776530990273485,-0.01527199668489297,-0.00799887484199116,-0.010010869604942192,-0.006840639372878721,-0.004175253656831853,0.0008852582550364335,-0.008298211764809993,-0.012220443010976982,-0.014287391055416578
YEM,ssp126,mpi-esm1-2-hr,0.0014287835642171067,-0.0004128628796769049,-0.00025052032277603225,-0.0003831778521909872,-0.00039677237973612394,-0.000651226203168548,-0.0002437051853993799,-0.0002783871007416825,-0.0001206923975176127,-0.00019286167686741166,-0.000210484602782856,-0.00019791681472953492,-0.0001435847764441503,-0.00012582369825007888,-0.00010481546760363912,-0.00013265620047198028,-0.0001583379289023207
ZAF,ssp126,mpi-esm1-2-hr,-0.021002184729707916,-0.059510580796867,-0.018620910035227246,-0.008181772297633219,-0.0072076017578454905,-0.009690077123497938,-0.00813802898066941,-0.0006135710976506751,-0.006340597220695336,-0.011983764899521498,-0.01264090682534323,-0.019750424407460384,-0.011334307040921697,-0.008498524816907226,0.001078290045517566,-0.02318157788584257,-0.007330923337190166
ZMB,ssp126,mpi-esm1-2-hr,-0.06723590897033019,-0.08291710402121241,-0.02541608075963801,-0.04268044006847944,-0.025548588361249628,-0.023012170801203952,-0.007253195761237658,-0.006831204128434141,-0.010025814263854592,-0.009407088830812678,-0.004372663020604105,-0.004788897333546533,-0.003246048963092374,-0.002179323991866894,-0.002311712444366008,-0.003853180040889593,-0.0013237688470435379
ZWE,ssp126,mpi-esm1-2-hr,-0.20414245823975985,-0.24012377458825723,-0.0231164894035765,-0.16916430724659584,-0.10504802509181357,-0.13846063482290172,-0.06643561636731607,-0.031303833347832086,-0.05707467021584717,-0.06623798490511086,-0.02503936896353259,-0.03986351843802974,-0.02097982091365826,-0.030197296293425394,-0.01871746697707423,-0.036326109409451114,-0.007623217493820289
AGO,ssp126,mri-esm2-0,-0.018917614041428055,-0.012122494997731804,-0.009529951074245657,-0.008727983971487602,-0.00960654033667199,-0.011189760153819967,-0.006872015121424266,-0.004032686440531612,-0.006912929921893418,-0.0032089689768405767,-0.0018205159240724806,-0.0015495775898280652,-0.0014516185474455286,-0.0013012167549003705,-0.001227249506999003,-0.0015200430012472345,-0.002164957407891395
ALB,ssp126,mri-esm2-0,-0.06322440949593307,-0.05920973433054257,-0.22388033684691203,-0.09485562141373483,-0.1194697203717503,-0.033911855099290934,-0.06008681174749372,-0.10545750174603642,-0.07160987273721242,-0.07875362563566513,-0.062362883480990124,-0.07516912652877973,-0.054214775055105836,-0.08066274426747376,-0.0045230163663766455,-0.021972698775284953,-0.05703378126785722
ARG,ssp126,mri-esm2-0,0.0006199241868522043,-0.008953501204677933,-0.00206666759984501,-0.004208282668835515,-0.0007090490392424655,-0.0015895625378378392,-0.0008476457707443794,-2.1474915012887492e-05,-0.0018288399007364623,-0.0002351636152672251,-0.001756703088609428,-0.0004874998329288559,-0.00028105726926517995,-0.0005330312066450866,-0.0008817738817159326,-0.0014268904305948012,-0.00030638682576221904
ARM,ssp126,mri-esm2-0,-0.0007308181110409723,-0.0012620027953782545,-0.00018415099633477944,-0.0007697664121451965,0.00012416428130380847,-0.00018708631663495636,-0.0005465838107216777,8.944475011470963e-06,-0.0005416413987695637,-9.147707299331588e-05,-0.0009397044626110849,-7.894968633483209e-05,-0.00011467443750301321,7.436519094225307e-05,-0.00012214282374511273,-0.00027768556450354613,-0.00010400664418093058
AUS,ssp126,mri-esm2-0,-0.0006435598065500588,0.00013219101775394676,-0.00020953856515431717,-0.0007762490881041771,-4.729299550751933e-05,-0.0003174209160099734,-0.0005200037766033671,-0.000645367937275055,-0.0002030820045118839,-0.0006659179994926175,-0.00043037113315098755,-0.00020898836706723735,-0.000329918250506216,-0.00031687376435369927,-0.0001910031821345604,-0.0002374361800542017,-0.00022935340708464273
AUT,ssp126,mri-esm2-0,-0.0020390327073473327,0.0008754024265409153,-0.006348003780119952,-0.0008570532644574767,-0.0003845732933317461,-0.00043450100830703725,0.00029705368835529375,-0.005023472861667003,0.0003416183909035783,-0.0021676704894322764,-0.0012323740011301498,-0.000915349433316561,0.0006432678489365018,0.00048387002992293616,0.0011116931942367506,0.0017465024793527142,0.0006269178707634481
AZE,ssp126,mri-esm2-0,-0.008723369918153973,-0.01706379045964488,-0.008224558606563006,-0.015475833711281565,-0.0011419109990487041,-0.0039389596023269155,-0.008647594778493091,0.00040464077050553286,-0.009808969818614,-0.004020204850919472,-0.011464185285378677,-0.0018053792692939352,-0.0046710350727385596,-0.0010071614322692058,-0.0019484120887990114,-0.004172230093953031,-0.003122227988451753
BDI,ssp126,mri-esm2-0,-0.12202498529802618,-0.13032456703513542,-0.13038107248733768,-0.039028221628847365,-0.020782906902222377,-0.021060505594788174,-0.014298901343739916,-0.00514941559541068,-0.0072557797190000665,-0.004815469262010402,-0.004128138922314753,-0.005903434814391023,-0.004531511657964114,-0.002183460404025634,-0.002976198680849527,-0.0009453729723753058,-0.001672740676350046
BEL,ssp126,mri-esm2-0,-0.0003695834367297089,0.00044563448227816243,7.394033338659487e-05,-8.241235375678168e-05,0.00012346441126104317,-0.001111149880008997,-0.0007533903805632394,-0.00043687794558606687,-7.733103642350894e-05,-0.0001116865567362102,-0.0008080521834484385,-0.00044535088225026206,-3.980429166690294e-05,-0.00010512330568825882,3.2366132531230946e-05,9.236322312762966e-05,0.00013503296349742628
BEN,ssp126,mri-esm2-0,-0.4775993957401118,-0.28178152360800485,-0.22208251179453609,-0.2209829872962356,-0.22691789003904603,-0.10580033435877376,-0.10130826667298616,-0.07298345931345716,-0.039669140638584115,-0.059939790573813025,-0.061940821214012835,-0.030837341520611735,-0.031740240596881415,-0.026895484941654314,-0.028896850942612753,-0.021899488954471316,-0.022988539303227876
BFA,ssp126,mri-esm2-0,-0.7623710125915533,-0.5575501098812097,-0.27826660810345716,-0.3430710275672949,-0.2176627462407069,-0.11239370155884298,-0.07934998966306057,-0.06429184842092699,-0.03985665402571929,-0.04093188878779423,-0.04425581602626104,-0.040034376569061204,-0.030827860343501826,-0.023474899087255717,-0.025634912906223866,-0.021797783862561596,-0.024560060812363962
BGD,ssp126,mri-esm2-0,-0.014767125565451556,-0.013502529058990857,-0.006294645644813438,0.00025424801227376316,-0.001855671559206665,-0.004737366331245826,-0.002286980926695794,-0.0015258070517265663,-0.0015637720714045942,-0.003313099944365707,-0.0010992153693115342,-0.0022892626825531935,-0.0023777387657717836,-0.0012783248830835435,-0.0018644394373783792,-0.0016707523224873096,-0.0017096428769858747
BGR,ssp126,mri-esm2-0,-0.058933369064087464,-0.03981944595029893,-0.16741594704439364,-0.060314352433314275,-0.11349662943383218,-0.009030298526645098,-0.037115071298665606,-0.05023770251523619,-0.017278398555082383,-0.05443874300522087,-0.04002714542239447,-0.053375984048352615,-0.06010538154088605,-0.03907726502698968,-0.009249272091393828,-0.01607677608037087,-0.047266027744868294
BIH,ssp126,mri-esm2-0,-0.10360994227461223,-0.02045127958842613,-0.14420434100136026,-0.06307474290688894,-0.03858244504940917,-0.023910627876295904,-0.08154953811539249,-0.08128666557573427,-0.030986265018225587,-0.06022641522132531,-0.06865193833863432,-0.03904442244173028,-0.04947382928265261,-0.03006928828471765,-0.00012344454991374148,-0.0034637693007018248,-0.005186177321647959
BLZ,ssp126,mri-esm2-0,-0.11070294498708891,-0.0946892557903098,-0.09254515793207375,-0.1382018793202413,-0.025539413209395307,-0.04926781982633071,-0.09514011211879796,-0.06916869290227959,-0.05958186278866542,-0.037938049027085516,-0.02681754716841273,-0.04997233592262155,-0.008857060210199032,-0.022481689234246212,-0.025413763094038967,-0.030352063141669973,-0.021211399671407904
BOL,ssp126,mri-esm2-0,-0.026806501117134347,-0.13427426314520466,-0.01274694471313376,-0.021569166792385554,-0.030307841650241623,-0.028915951023353273,-0.025167570324816643,-0.014795669385473963,-0.01611355616822758,-0.009336738343079971,-0.007211551811663622,-0.009037506509437729,-0.011120839863389036,-0.005121900873641582,-0.012758610205759587,-0.005391926065446425,-0.0037567485565919356
BRA,ssp126,mri-esm2-0,-0.028056234612520367,-0.0381131275592884,-0.01815223359578689,-0.041371394432747996,-0.035441459550996014,-0.028508396510534925,-0.035175322631800336,-0.02287194408615545,-0.021231522930903933,-0.022048022971220094,-0.020160078622839462,-0.017084484372005486,-0.014194034204308427,-0.009348057515651978,-0.014850563468999378,-0.013374480025424204,-0.010197019345111686
BTN,ssp126,mri-esm2-0,0.005733010121165192,-0.008073792039174238,-0.006699482977149483,0.0019024321783064257,0.0009229727445382035,-0.00017748440375026857,-0.0001924046045243301,0.0004146800443200113,-5.4480769613716906e-05,0.0002700780140557947,0.00043515535798410016,-0.0005258609283913423,-0.0001976200903451256,-0.0009370712659258321,-0.00011500259839103397,3.785183208500466e-05,-0.00043815195974093176
BWA,ssp126,mri-esm2-0,-0.007401148542490023,-0.003239126746714897,0.0007913498274756198,-0.0081936973101907,-0.0025629033382149344,-0.005448903189079928,-0.002584159106883544,-0.001112752563935079,0.0005884680697589307,-0.0002814934065694088,-0.0001958083478927033,-0.0023682947058281203,-0.0013112533740391068,-0.0007406680608939494,-0.0012850105722300522,-0.0007744340206470183,-0.0021963444377698133
CAF,ssp126,mri-esm2-0,-0.3251883121508469,-0.4045777400193746,-0.2661307929798972,-0.20549945710130374,-0.25854917696074453,-0.07511965986279923,-0.05705152412784525,-0.05151778084448674,-0.023429776671177276,-0.039750080831907446,-0.04416214297302334,-0.025905439895263258,-0.030560458919732907,-0.018394410010579725,-0.025646303167364326,-0.01874584963044129,-0.015030985980686131
CAN,ssp126,mri-esm2-0,-0.008774615731518083,0.003936785369666693,-0.0012381379186325295,-0.0016813715509335656,0.0009168243888666926,-0.004100796760370395,-0.0034638408848699114,-0.0039037061616822104,-0.0025074559868147658,-0.0019445092413706378,-0.004091788366364265,-0.001308575459639638,0.0007046733956723257,-0.0014735003132243301,-0.0008263424302229593,-0.00030067297066363355,1.2082855316719249e-05
CHE,ssp126,mri-esm2-0,-2.1389375771048163e-05,9.834166478737322e-05,-0.00020864167941445967,0.00020049301225523474,8.479469218368445e-05,-0.00032681514277264716,6.091861621893593e-06,-0.0002372348999787177,0.0002034507689532807,-8.397008865930896e-05,-1.8798598236074457e-07,6.916352218024753e-05,6.893905935895972e-05,0.00011169925151910698,0.00013294403233005163,0.00015982697513658794,0.00010957231455641614
CHL,ssp126,mri-esm2-0,0.00016684106497514862,-4.29925090439311e-06,0.00026759870397964744,-1.9193242787907424e-05,-0.00022413791206236602,-0.00012986980719942643,-0.00037042750867603087,-7.261740009968237e-05,-0.00012687172331759289,7.019856213654319e-05,-0.0001667682079001167,-9.328569080936032e-05,-0.00023539337533683098,-3.13783493287324e-06,7.520445181543767e-06,-0.0001333721837163175,-5.333925657832105e-05
CHN,ssp126,mri-esm2-0,-0.010460839971773089,-0.03215254782364389,-0.01176075973344502,-0.016758021276809636,-0.01553152151320982,-0.013529873235605786,-0.0048075084058395185,-0.005302857538427972,-0.014646715793727273,-0.011474238789334163,-0.006118419863058911,-0.017540584809533015,-0.01237648892453176,-0.00805774324392998,-0.0054989649775568,-0.002321195514294195,-0.008442416414149547
CIV,ssp126,mri-esm2-0,-0.07304855420250148,-0.10665426217211293,-0.04628029052879281,-0.0732492882287917,-0.045416344185692084,-0.022056264102009553,-0.014128907481834214,-0.015189634439884326,-0.0067095459017165555,-0.011627414050767363,-0.015225566367063232,-0.012249203502697462,-0.011382583368069457,-0.008355552702046222,-0.011319220605688421,-0.008398843222316104,-0.0084975795762606
CMR,ssp126,mri-esm2-0,-0.15225293240017496,-0.1801693402192213,-0.10546743761904534,-0.08613056462101373,-0.08559699207547278,-0.03480740012333882,-0.04988892615735617,-0.01739777995667881,-0.014036375632522292,-0.017890894568268954,-0.01983892702030466,-0.01576816777878251,-0.017468773929424867,-0.011513319058005199,-0.012467279713809069,-0.00825838384139186,-0.011630791883756788
COL,ssp126,mri-esm2-0,-0.011164307031825256,-0.005176100195908719,-0.00027412659117504134,-0.00020495554801133777,-0.005002243955946699,-0.0018229247743459232,-0.0036127183399061367,-0.004967717060371418,-0.00187784406611908,-0.0033672823447283206,-0.0025101819724028833,-0.003577579814975444,-0.001639548946890353,-0.0020718231673891537,-0.0017020043248899032,-0.0016942647250324998,-0.0023742280080689656
CRI,ssp126,mri-esm2-0,-0.0023349374344062575,-0.0005287618736538303,-0.0003222796622429456,-0.00019543721523461257,-0.0005084229627479857,-0.0004499352425513486,-0.00043275379602607743,-0.0006768924397787107,-0.0002675326771674652,-0.0004329028291219734,-0.0002358708412363685,-0.0005350862290183446,-0.0002922946826911908,-0.0002472467929142229,-0.0003355499010248497,-0.00018720723195365696,-0.00019524214463317296
CZE,ssp126,mri-esm2-0,-0.00012739128294275514,0.0011269350669102021,-0.0037226090847666715,-0.002203621735969869,0.0006319416153157597,-0.0007016000739918781,0.00037384409924401873,-0.0013443814844483547,-3.012837750676947e-05,-0.0011502554895306317,-0.0007433117601385235,-0.00042023607883711673,0.0001303163617285571,0.00019329596134900757,0.0007545864558140626,0.0007755800638884285,0.00046012270386009844
DEU,ssp126,mri-esm2-0,-0.0003115159401688923,0.00028463496813244696,-0.00046561831532669667,-0.00010528551839902819,-1.9430687785272327e-05,-0.0013681686809007005,-0.0007373584682919208,-0.0010343744167484977,-4.8886874523893554e-05,-0.0004657085782825779,-0.0007677495187820866,-0.00042982146641956,-0.00010417389711505825,-0.00012268542764039806,0.00011327934277659111,6.669734456281863e-05,0.00017605734599544188
DOM,ssp126,mri-esm2-0,-0.005645360783441388,-0.004294459385066762,-0.001129245511907883,-0.0028142498382956868,-0.0014618795888629561,-9.02619775448464e-05,-0.0022611642263285388,-0.0024546797338074683,-0.0006941630846275681,-0.0002488614654601523,-0.001498037617614967,-0.0013258501167913135,-0.0004774228615249121,-0.0011043147056281001,-0.001443356265368079,-0.0007311361033482831,-0.0008687296089296546
ECU,ssp126,mri-esm2-0,-0.014343073456154118,-0.0231827076522967,-0.026032972503265004,-0.01823796239399267,-0.015713743008318917,-0.010242836235882201,-0.009944883288833192,-0.010432704681674237,-0.00925837233882689,-0.009994974964616425,-0.0028345019833609275,-0.00505901606365375,-0.0038346870455650776,-0.004344217653657292,-0.0040985340615569636,-0.0025283156581408007,-0.0018065979893104962
EGY,ssp126,mri-esm2-0,0.007150825674635701,0.005262697590812549,0.0034004408988390507,0.002918896234586111,0.00216079846550688,0.00040100720586731337,0.0012981190600730337,0.0003182635278136343,0.0007379563218522624,0.0006317377307796878,0.0004434384700337928,0.0004250517171238831,0.00047693593258995253,0.0004572650513407513,-8.744204024379971e-05,2.2507443562823786e-05,0.00028189109378426154
ERI,ssp126,mri-esm2-0,-0.23864671193529344,-0.18116752471302097,-0.25903871256824174,-0.15626329320340004,-0.22732731246849566,-0.1548811139052994,-0.1797793634234429,-0.16246440283728972,-0.09751528917946432,-0.10348318774398595,-0.07113868935345405,-0.0776929487425633,-0.06368165779512847,-0.04976851031689335,-0.04625524691581132,-0.034864002562217195,-0.04199656853134437
ESP,ssp126,mri-esm2-0,-0.002199463026995362,-0.002541531776313924,-0.010826691320437067,-0.004601302894806331,-0.00296317015994918,-0.0030362789966240297,-0.005726831635664305,-0.007397087478489403,-0.0033523903487238417,-0.004062050871303923,-0.004348920667819715,-0.0073145362275815525,-0.0017054484353298306,-0.003904723987478223,-0.0028197287836162844,-0.002161376062218505,-0.0008891424904497283
ETH,ssp126,mri-esm2-0,-0.044034743732312275,-0.0006932029490494028,-0.030107173166715434,-0.014293590339481814,-0.01764072530555198,-0.008821665719871728,-0.012530535443268384,-0.005811075641638669,-0.004679189272445931,-0.0035816983687236427,-0.004230610534460862,-0.0072309501374425295,-0.0027572699996679774,-0.002877404249414926,-0.004373215489810336,-0.0034707790045567467,-0.002414277178654208
FRA,ssp126,mri-esm2-0,-0.0036233768220465244,0.0006019045468282241,-0.005936021536775222,-0.003544006426191159,-0.0015451563408801863,-0.00300334867994003,-0.003921900912482449,-0.005631169911616549,-0.0012643436006218498,-0.002397700773078521,-0.003063494379066316,-0.0029475075464595207,-0.0005240295445978859,-0.0014432404025825022,-0.0010495527316148232,-0.0004721346685656198,0.00013403491525678965
GEO,ssp126,mri-esm2-0,-0.014945358754957849,-0.013284595638172532,-0.00750532664355709,-0.011490675592706721,-0.0007875755689504643,-0.00729928402919114,-0.0035985918435756385,-0.0024609052423418738,-0.0068440647989193295,-0.003716306565066999,-0.00962050994766779,-0.0020977238090771244,-0.0041363950230176695,0.0005971349573832943,-0.0057276803783068014,-0.006199946898058357,-0.0041268614950698375
GHA,ssp126,mri-esm2-0,-0.19310265923571276,-0.06656644504244562,-0.044237234631542416,-0.055316579714045945,-0.04655371674221304,-0.020620553752549054,-0.02178345776214321,-0.017711704520292602,-0.009621709444332851,-0.01687233994947954,-0.01636298189895989,-0.011247217749067681,-0.010790661247611728,-0.010514998027710953,-0.010847527484371282,-0.00820549311387879,-0.00935745702395997
GIN,ssp126,mri-esm2-0,-0.058124855220432106,-0.10022968868263751,-0.016227952711139727,-0.0211676663841484,-0.012131390724037619,-0.004373345534527775,-0.005245896896257842,-0.004377013035231188,-0.0024056137533486088,-0.0038313386312229655,-0.004534332714850387,-0.004660647793834494,-0.003820467971744989,-0.0029880827949648587,-0.004097708978703841,-0.0028718122982668336,-0.003802829875079529
GMB,ssp126,mri-esm2-0,-0.06257473491859862,-0.0756476887913963,0.0003343102839652994,-0.025608985848446453,-0.020545215078311824,-0.003664875862199162,-0.008330201280570085,-0.002630626311722109,-0.006366483020895042,-0.0040862652261884295,-0.004394280165846861,-0.004272136548341143,-0.002747441144486263,-0.002418361383875856,-0.00300106651484555,-0.002584710373061557,-0.002606699865966308
GNB,ssp126,mri-esm2-0,-0.16217849768163214,-0.35883066484060144,-0.042669610291282106,-0.08343980065800528,-0.05897520713732953,-0.019977030944549154,-0.016002549031685034,-0.01125419357550793,-0.016538999790668536,-0.009767997013926577,-0.014716999132794036,-0.016343882945035564,-0.010036441170085066,-0.009363072839071635,-0.013613235142138285,-0.010549296681445315,-0.01392722252339851
GRC,ssp126,mri-esm2-0,-0.01324045765929633,-0.01180396339639104,-0.039368846400500056,-0.020866263397934088,-0.027024117827644273,-0.002242510382550056,-0.012564185436127957,-0.013411898414910202,-0.010487012339765685,-0.010453162103085726,-0.008672525655184976,-0.009049984481471865,-0.00853515684857441,-0.010896457363064943,-0.0002745614900462894,-0.004497636979587243,-0.006470603900442322
HND,ssp126,mri-esm2-0,-0.11184618599161313,-0.045964044059704987,-0.026794756326031535,-0.03425091786333975,-0.011660696494371016,-0.013873645914301106,-0.023499480703333853,-0.024533806814140555,-0.012423145310152352,-0.013801271343178736,-0.006974087442600031,-0.009787884781101751,-0.005110444301304133,-0.006007169121083884,-0.0070994047582171324,-0.005454718274026421,-0.006014740276648592
HRV,ssp126,mri-esm2-0,-0.044155204892773435,-0.13338163150328333,-0.47422167325808307,-0.2687713530892425,-0.13425597489798735,-0.10831656551863528,-0.32857517196464314,-0.38944078651828257,-0.11784810915754966,-0.20476061048206987,-0.20883696211405306,-0.1391671478425429,-0.10750818140492552,-0.09932766247407827,-0.027131407765455546,-0.00011532154368847696,-0.010723989994058021
HUN,ssp126,mri-esm2-0,-0.06037034447526268,-0.012514709004329732,-0.03815439194239045,-0.01904664622299264,-0.012110804040389955,-0.01054804234183397,-0.019853147152869392,-0.020331994401062682,-0.009386462683760729,-0.01976763562822839,-0.018138855030909114,-0.01647709444250073,-0.007573893404242942,-0.010434576751514858,-0.0028157082385512023,-0.0030952011412815005,-0.0021434122353631477
IDN,ssp126,mri-esm2-0,-0.03736549595636913,-0.04044350758285932,-0.032280401422699175,-0.017850323488491773,-0.015734393754597717,-0.02263256000638867,-0.021023228491189025,-0.019794184648284145,-0.014837245739936621,-0.01711794748304395,-0.010612020894431851,-0.009194983270898696,-0.009935400056147955,-0.011091372220375813,-0.010417876789168976,-0.00533299958011891,-0.005280648553951579
IND,ssp126,mri-esm2-0,-0.017230755766813106,-0.005254471644448864,-0.0031582880070591987,0.0016038747786878528,-0.004393846251186609,-0.0018396498637839917,-0.001608375980430795,-0.0019038878972209643,-0.0016259194117327503,-0.001692327135187721,-0.001086968650853879,-0.0010848908693478925,-0.0022682984703067672,-0.002103839076300267,-0.0018680154813208536,-0.0013104647819532525,-0.0020766928694625863
IRN,ssp126,mri-esm2-0,-0.0011291904053916267,-0.00025495297615490584,-0.00022218716765320227,-0.00038334861107535643,-0.0001799122037758627,-2.9424576657330094e-05,-0.00023747956619316185,-3.351528666021761e-05,-0.00017577358347167375,-0.00012799497946980296,-0.00013632186960773617,-9.854445595774828e-05,-8.968682834752438e-05,-7.61431553790891e-05,-3.041005909272081e-05,-9.00029674124003e-05,-4.222326861800518e-05
IRQ,ssp126,mri-esm2-0,-0.015395193084773306,-0.01021652444647367,-0.010472579072345386,-0.010351206073985382,-0.008682440443114831,-0.0037109360070156708,-0.00850787762954813,-0.003281552328567033,-0.005745755865192103,-0.004783971960356909,-0.003612994871464722,-0.004020069689482925,-0.0029427563041085868,-0.0023864359707015614,-0.0011829301841921648,-0.002116958960690885,-0.0012348517339874653
ITA,ssp126,mri-esm2-0,-0.0024844418073262427,0.0007571144155504402,-0.0006790666015370428,-0.0010599458856128845,0.000630784431891883,-0.00010926809986021898,0.0002441877733490257,-0.0009208932166208468,0.0005407699946165233,-0.00022915686304651435,0.0006184229269229408,0.0006096864537037294,0.00011280593759604213,0.00013766105561067744,0.00036476729741691504,-0.0005310010231762112,0.0001387972354834592
JAM,ssp126,mri-esm2-0,-0.0033759933169858897,-0.004587123878230363,-0.0036200960018557705,-0.0031773960699787596,-0.0024128855701446962,-0.00315995388461101,-0.0034828322914373924,-0.0019369263126927576,-0.0025468862362745923,-0.0007325110381606184,-0.0015100382711817019,-0.0018640374885318224,-0.001019019333070509,-0.0023172606662826612,-0.0021368525034785074,-0.0014469024630381427,-0.0023620533945899057
KAZ,ssp126,mri-esm2-0,-0.003111851022981111,-0.00346787543113872,-0.0028742518545989367,-0.003672359122467038,-0.0007624832717687455,-0.0007762463374205395,-0.004280526862945084,-0.001508491725803259,-0.0036416381169835045,-0.0027658342562396107,-0.001700312420406539,-0.001645690698085621,-0.0017376222592464445,-0.001723064127465252,-0.0008096821061072166,-0.0014486670335521485,-0.0024599050120681135
KEN,ssp126,mri-esm2-0,-0.053773123064523226,-0.022922452088043423,-0.029363010697303658,-0.017833069241226,-0.018398927065588766,-0.013608119554216192,-0.01573737055773629,-0.010512960214022435,-0.003823594079405814,0.0005078235326147559,-0.008537734772310408,-0.008009976556087076,-0.004857334745435683,-0.003140006451997358,-0.006115557491360425,-0.005071372007286163,-0.004048428913044445
KGZ,ssp126,mri-esm2-0,0.025441787175610037,-0.014550893460572877,-0.005863380769944348,-0.011368204811614949,0.0033144677892613075,0.006404627114284726,-0.019827800214871252,0.005796917635102691,-0.0076171897547166675,-0.007342658346738599,-0.0030852937223093163,-0.0030477961376421435,0.002458081136060286,0.0014846439381946787,0.004016945436377798,-0.0005296019395157774,-0.00016352561843780157
KHM,ssp126,mri-esm2-0,-0.07546976213414003,-0.214303309914317,-0.09167364037266747,-0.06999857182497891,-0.061100138541945744,-0.07781025510212161,-0.01483652999640929,-0.0510938848929322,-0.012963242867584617,-0.010901791327514074,-0.0073993799158086435,-0.010827453796734391,-0.014189816859963286,-0.015030074295362234,-0.006602486542291649,-0.012093602107014342,-0.01765462059666649
KOR,ssp126,mri-esm2-0,-0.00010068254399355762,-0.00026538373531776247,-0.00010783977572896646,-0.00014871148969103793,-0.00013586094391203013,-0.00029462034875993136,-0.0001050566028409141,-9.125493001594754e-05,-0.0001232972287411489,-0.00014322548495384796,-0.00011697428085656963,-0.00014602983001160097,-0.00010300666441572892,-8.823573746176238e-05,-4.980028586328933e-05,-5.4259530691128707e-05,-9.325386568787732e-05
LAO,ssp126,mri-esm2-0,-0.03542050033466331,-0.04493691557986713,-0.013948411178569509,-0.00011240148475503618,-0.005709088373125734,-0.012160968678543235,-0.006348723045813333,-0.008632263520665396,-0.0021635168605921807,-0.0020545621623710023,-0.001788529049528777,-0.0019004916092673775,-0.00736317605514064,-0.004609183674515482,-0.004188191352919792,-0.006483702432458476,-0.008480130288913229
LKA,ssp126,mri-esm2-0,-0.006199828877752143,-0.0007110864283087074,5.785031559985296e-07,0.00017261045010500594,-0.0003341571236916153,-0.00025920929905901837,-0.00041938646794658014,-0.0007157203999123802,-0.0003903724034784605,-0.0004720148448280037,-0.00041221529803424546,-0.00047124212874232607,-0.0004045621710756132,-0.0007073078362448618,-0.0002500783876293795,-0.00030237766892346745,-0.0005531980670951045
MAR,ssp126,mri-esm2-0,-0.0002710223294608233,-0.00039016137997879987,-0.00040845095264210656,-0.0003206535144032758,-2.18509380503564e-05,-1.2581306178898884e-06,-0.00012638333173270428,-0.00013040133315950786,-4.5980697805884104e-05,-5.754534620004121e-05,-4.055014085785927e-05,-7.262552809460207e-05,-3.181109789700746e-05,-5.507599613341931e-05,-2.853905870417691e-05,-6.759945643743542e-05,-7.123309297390195e-06
MDA,ssp126,mri-esm2-0,-0.12105799358578034,-0.17202761876930747,-0.2839224274175224,-0.10101102001100039,-0.16142403316522966,-0.02009979206834398,-0.047271101731354515,-0.10849877640660625,-0.027704283910540854,-0.09443053182073163,-0.0958689582734138,-0.05253154363018912,-0.02049414146460347,-0.038551742254743254,-0.009410626055107972,-0.007166141412882584,-0.031443934640544846
MDG,ssp126,mri-esm2-0,-0.01956242919507098,-0.005614490295499114,-0.004445159989499989,-0.005177847635425855,-0.005186731531694705,-0.0020420682361039057,-0.0013136022266895706,-0.0014415474347360853,-0.0010027283747008294,-0.000641087092861503,-0.0008567169978130183,-0.00037747876764137537,-0.0004387245072284563,-0.0004321545316655952,-0.0002697970815556679,-0.00017619588720027936,-0.00025016102343660345
MEX,ssp126,mri-esm2-0,-0.024209206981800978,-0.026697455030017865,-0.02677967937561217,-0.021716926753500433,-0.022122842143148518,-0.019696635524727207,-0.023734776042330496,-0.01918227823370736,-0.013529981446282962,-0.01858023963968379,-0.015882107057658516,-0.014296207937591305,-0.011702857917517125,-0.00798303205315858,-0.010761504134657563,-0.006319588241361088,-0.014664847379133024
MKD,ssp126,mri-esm2-0,-0.019163523901844323,-0.005028509292626986,-0.042034449803556626,-0.01129747476582261,-0.022450054603277102,-0.003835213996361466,-0.01431084201035754,-0.0077852934952482135,-0.00356265652711035,-0.009790129910702602,-0.005747605436899121,-0.007216011408116461,-0.008595635760159172,-0.006134053774822887,0.0010032407835730793,-0.00118893665852267,-0.007472619736424308
MLI,ssp126,mri-esm2-0,-0.8268035797214006,-0.7499513844062963,-0.18317859449512755,-0.4820400928658862,-0.3058639889255307,-0.14092424127105913,-0.11273141421482033,-0.08390102638821427,-0.058108043677150285,-0.06517371128472936,-0.06879257514781928,-0.061286253128210406,-0.049286951456648506,-0.035863478436748225,-0.03978826919994514,-0.03187348765783452,-0.03987177069310727
MOZ,ssp126,mri-esm2-0,-0.23774368620651498,-0.3343541617895289,-0.15283344370955995,-0.09060449185618795,-0.09347064276112343,-0.02436201458259564,-0.03063869927218912,-0.012194266870861297,-0.010562545388733798,-0.01535863803649063,-0.008873807340414456,-0.010294703979025092,-0.00620726398232609,-0.010933386675490254,-0.005528230617884983,-0.00046396362915286003,-0.006376368891736255
MWI,ssp126,mri-esm2-0,-0.4766316984928158,-0.31297452952260324,-0.275001052557997,-0.12410291816712987,-0.18066029923327773,-0.05564391398898544,-0.04324908690137972,-0.029101813242261642,-0.025567566562912432,-0.03240182994856083,-0.013938181409272467,-0.018795919398879892,-0.011262137348682304,-0.01986067209829724,-0.009934446858370204,-0.0019837443483121196,-0.012280068698497586
MYS,ssp126,mri-esm2-0,-0.0001562389194224437,-3.519168394453591e-05,-7.058239043986663e-05,-0.00010976787366141747,-0.0002328506650210558,-0.00024728770885455807,-5.239181839260939e-05,-0.00010807688371361528,-5.419875700035016e-05,-0.00010928494293203189,-7.340405219635221e-05,-6.786642562793904e-05,-6.816707231614581e-05,-8.039074108659485e-05,-4.5216722985142954e-05,-4.144647716198264e-05,-9.051840681647797e-05
NAM,ssp126,mri-esm2-0,-0.003599725220245829,-0.022562542566155436,-0.01974991176147511,-0.051531923150975135,-0.004548782333035148,-0.028607398317296185,-0.011083278652297674,-0.005703788085007946,-0.002912590833255866,-0.0052078669555796755,-0.0003554732999346235,-0.01027530358567345,-0.0061750330021521325,-0.008256257654557378,-0.003918673714091204,-0.0028395867758727916,-0.005821458282438233
NER,ssp126,mri-esm2-0,-0.007959701253487207,-0.004377289200106774,-0.002964480094781811,-0.003486862267842463,-0.0018265559636222602,-0.0009737510130630954,-0.0007547108800258848,-7.835492389165174e-05,-0.0004141984460455729,-0.00026846118711591565,-0.0003048158491952822,-0.0002414352267475349,-0.00020362601967318118,-0.0001690528074945672,-0.00012362502278783595,-0.00013804072194220459,-0.00013290463016764055
NGA,ssp126,mri-esm2-0,-0.0894244003739349,-0.03910883798436465,-0.02788691643699423,-0.02952611654330459,-0.022210471195583142,-0.010241064580108568,-0.008433932244675514,-0.005205622126896786,-0.0036469553224211275,-0.0038386605552980383,-0.004641494845737034,-0.0026977950222985612,-0.0029377482427299954,-0.0022508952375163032,-0.002155468076461173,-0.0018274203294135287,-0.0019598423374315556
NIC,ssp126,mri-esm2-0,-0.10539357304327363,-0.027637104160179587,-0.013265930399227098,-0.006432731314725949,-0.004867932434276765,-0.004580472634418561,-0.012371645644234448,-0.017811079916297424,-0.009715257426303053,-0.009661668216137896,-0.003065164292921032,-0.013402016535840887,-0.002709966485674937,-0.006669135058173003,-0.01064067156241178,-0.0055891928816478205,-0.005182662783782662
NLD,ssp126,mri-esm2-0,-1.579244900401745e-05,4.2748568531313334e-05,3.679679596263485e-05,-3.9137886646748665e-05,-4.315102480134859e-05,-0.0002858579019300002,-0.00015394082232966192,-6.344022052372643e-05,-2.5772307814607977e-05,-1.1831877612688182e-05,-0.00018615121628401437,-0.00010954270156235373,1.5404859096100542e-06,-1.9725501080645768e-06,1.4805325349906167e-05,1.2381062098639848e-05,1.8592232021657998e-05
NPL,ssp126,mri-esm2-0,-0.27014161541730625,-0.03167701867252335,-0.02259953488955459,-0.03675906388210511,-0.07828613686178909,-0.09297017569692663,-0.02850331591511065,-0.009474967272843289,-0.009555113972229318,-0.03384181431779318,-0.020194470716548008,-0.011058476358475424,-0.02493969650137629,-0.022116257735197382,-0.013826181956247461,-0.02119678018143621,-0.02246860184558251
NZL,ssp126,mri-esm2-0,0.0005411099091427925,0.0002226745400537221,-0.00035390289954037894,0.000432620833441157,0.00019529633723329649,9.14002389320015e-05,0.0001822147345466032,-3.318796830863053e-05,-0.00022630822977584236,-0.00015859061447894202,0.00026699744089215085,9.153122195573381e-05,-1.3677432257375736e-05,0.0001333681730417231,0.0002057717486710424,0.00023724064701630102,2.676363118557541e-05
PAK,ssp126,mri-esm2-0,-0.04286474763629175,-0.013272381491329475,-0.006280264827655244,-0.011697143714319878,-0.012813867469902004,-0.0008837019868011294,-0.006055632968938945,-0.003111477140043971,-0.002947591793045411,-0.00269965425459895,-0.0030394497691502,-0.0031272429271753913,-0.0014287732112911366,-0.0008507735230173588,-0.001726727157881224,-0.0013640764180612125,-0.0015687836421244882
PAN,ssp126,mri-esm2-0,-0.0057111588016658405,-0.00446627822636575,-0.0020477194661229856,0.00034204785213179904,-0.002883541034424791,-0.005399103723102356,-0.0035496381897501712,-0.00406498233930297,-0.0019006677558962859,-0.003191266896776597,-0.002221456311742986,-0.0037619690433790863,-0.002533065589122672,-0.001622199248665117,-0.001837626868051367,-0.0016131077661073747,-0.0005588168424114567
PER,ssp126,mri-esm2-0,-3.715964141462849e-05,-0.003528164924158581,-0.007268024194727223,-0.0008111704164572926,-0.0009829965321732782,-0.003084445533327455,-0.0016465734613474985,-0.000991338715329946,-0.0012794907794430033,-0.0013801011488105723,-0.00026609839055036146,-0.0008159849443437972,-0.0012542743454383297,-0.0013925464696685054,-0.0010218783712192922,-7.07769852469864e-05,-1.7081559589341127e-05
PHL,ssp126,mri-esm2-0,-0.018652195026980043,-0.019414945465369943,-0.021383679535707724,-0.02371974326557985,-0.040031230922201164,-0.030527554318242823,-0.010836947395074967,-0.012640283638059378,-0.004496870245374813,-0.011842984594228808,-0.00419092927948699,-0.005232523269489829,-0.006611216124846437,-0.004883099738063518,-0.005707270720880373,-0.002362951887323883,-0.010812347301181966
POL,ssp126,mri-esm2-0,-0.00169678108895977,-0.0031162841874475696,-0.015064599853107936,-0.010502882946972544,0.002939986111317614,-0.00893165124162904,-0.0011527970903104216,-0.006993087349224552,-0.002989927330650868,-0.004014951745602372,-0.009874366702889069,-0.004357830204988911,-0.0008477297884609094,-0.00054763540589752,0.0027948721014708507,0.0012969881265048687,0.0033177890655298895
PRT,ssp126,mri-esm2-0,-0.0008426872636120659,-0.00390927588905611,-0.0044986176230354825,-0.0038962613234293847,-0.0018795740888623111,-0.0019250243165815544,-0.005053150477647378,-0.007248224018165186,-0.0031866445676552624,-0.004572666525571966,-0.005141456421317938,-0.011536532266434455,-0.0017402766592828855,-0.0037611626805751563,-0.003820980960360603,-0.002915363816176109,-0.0013087820945542825
PRY,ssp126,mri-esm2-0,0.001515518082930713,-0.23614882280328123,-0.030338026841768978,-0.11936485675650987,-0.03526159926459119,-0.07364967324872543,-0.11129801369176696,-0.0536072026092317,-0.092974769878284,-0.03443231354951981,-0.026129169061596836,-0.029964005053002,-0.04247520747266022,-0.0179866634730492,-0.037920452553931415,-0.04082999169818025,-0.009582143200809013
ROU,ssp126,mri-esm2-0,-0.05063361450458567,-0.03380085246776219,-0.1202027169958536,-0.04494505689133459,-0.07946979542336789,-0.01611288175019926,-0.03817256476754091,-0.04624134207931407,-0.025240814496989842,-0.05977139980555898,-0.05251815781393426,-0.042554852074326674,-0.04022299300180149,-0.02879751597622812,-0.013489929049603762,-0.0169830534085869,-0.026112051557791158
RUS,ssp126,mri-esm2-0,-0.003223330395043857,-0.010117476171481362,-0.002960799776918068,-0.004796551898687112,-0.0007673819208181428,-0.0015784756321981053,-0.0026121536770609597,-0.001260925464743219,-0.0036237812681807744,-0.0020783477058972447,-0.003597596607793612,-0.0011734252534940672,-0.002530990839406091,-0.0005431374121584539,-0.0035498262917045198,-0.002839864441340658,-0.003675398167414588
RWA,ssp126,mri-esm2-0,-0.02278483999913662,-0.018773643067638738,-0.042189641951678944,-0.008069962147970008,-0.006673554490361759,-0.008048935150658552,-0.008081586099247126,-0.0040351716314650475,-0.0031551860484620633,-0.0025474328069710053,-0.0015934975524899803,-0.002542551826927971,-0.0015056228849596477,-0.0007582082263010242,-0.0024277602459217926,-0.00035277125865091307,-0.0006036367551350593
SEN,ssp126,mri-esm2-0,-0.2124201520171235,-0.22945004599847332,0.00279246540445867,-0.09554514801534125,-0.08006007014801056,-0.017432113760774307,-0.032615581639254196,-0.012361527018819955,-0.02603461267424825,-0.01704484733071309,-0.018396790840370963,-0.018269766718497314,-0.010870131950541432,-0.009928932721959959,-0.011971880708846467,-0.010381641614455933,-0.010678800212038956
SLE,ssp126,mri-esm2-0,-0.010259238253040332,-0.012401247013276454,-0.0023484014442234154,-0.003964804670798116,-0.0034683285617909984,-0.0012390822586671535,-0.0012612234114202823,-0.0009036137748746874,-0.00041680300333890846,-0.0007417184534185892,-0.0008290260080688541,-0.0007170331434914084,-0.0005702681150997822,-0.0004862201766834504,-0.0005829177470881958,-0.00037869718052504294,-0.000545827297787723
SLV,ssp126,mri-esm2-0,-0.13175721272390972,-0.13595132062542525,-0.05979413481685974,-0.08139915179390234,-0.04142492991723868,-0.035901110063584464,-0.08502496219631117,-0.11255421725332494,-0.06050562889858387,-0.05928386161887176,-0.03948174003154074,-0.06897536784444971,-0.028916354756222073,-0.036025987334888376,-0.032824680653331696,-0.021331003959438405,-0.022087957573453162
SRB,ssp126,mri-esm2-0,-0.2261428803077901,-0.04280736677726043,-0.2900511939080802,-0.11955706676479451,-0.1768134696448266,-0.04710693194880894,-0.16792055214770435,-0.12338419809665153,-0.09224759685660963,-0.15065699792660409,-0.15174520009309608,-0.07716216459165023,-0.12205573154006419,-0.04591268942226469,-0.0022800963419881233,-0.025888730070932883,-0.03999227085564493
SVK,ssp126,mri-esm2-0,-0.007363431739649191,-0.0008448646671895983,-0.010739007910277697,-0.0044228116098847005,-0.001035151559311412,-0.0021134165526889826,-0.003113108274611733,-0.004566279139126534,-0.0015190763176883056,-0.00587928548730507,-0.0032370113959199476,-0.003363481384163531,-0.001251399149183284,-0.0016100403667401752,0.00022413838591792243,-0.0003430708474611879,0.00036065364512594166
SVN,ssp126,mri-esm2-0,-0.0007545830162621119,0.0014507352968603387,-0.0018325519902898516,-0.00046879038099025797,0.0005997922830925735,-3.0316608698938045e-05,0.00016133363067136026,-0.003001087772560987,0.0012223611069236168,0.0001860141273680118,0.0004752519691013316,0.0008096872517394834,0.0013213928252484642,0.0009612920593087715,0.001452196672244945,0.00201313008831664,0.001200218766673996
TCD,ssp126,mri-esm2-0,-0.32492698687634824,-0.1885340863367872,-0.11549859730505405,-0.05801474991856459,-0.06922276346619391,-0.026453785437463254,-0.025267576591378307,-0.014767087120520528,-0.014278606505616577,-0.01124933594883129,-0.011577675638211082,-0.008122756156196901,-0.007922388222740592,-0.005589719188974235,-0.005725574488232199,-0.005437064008329508,-0.006430820016865094
TGO,ssp126,mri-esm2-0,-0.5665513102712314,-0.33011970268130886,-0.2572412885960132,-0.26523142399683974,-0.24459317969054836,-0.09497504913206059,-0.09478289665989291,-0.06980969521863856,-0.03412208579886886,-0.053183553673875734,-0.054931078497044226,-0.028606111442006553,-0.03037643407165911,-0.02528068536776636,-0.025820770618001632,-0.021899474761874052,-0.01840156266103469
THA,ssp126,mri-esm2-0,-0.025331527810361132,-0.044281016701433425,-0.018601072145164994,-0.011731232251633776,-0.01591092098654556,-0.026997057553094075,-0.012800249251281747,-0.020025628725795133,-0.006750042685345832,-0.007975659310836611,-0.004499585702304473,-0.005330724427997164,-0.014370018969781854,-0.010423378650246978,-0.00807687372480836,-0.012609926915250804,-0.016730461042582002
TJK,ssp126,mri-esm2-0,0.013461307775386667,0.0077297423537205905,0.006331230333643164,0.007347090733202487,0.00455197896376319,0.001719813916057246,0.002269753209646341,0.000922237699351205,0.0015060093010006025,0.0015441360268739137,0.0013270811531568615,0.0008115216955705269,0.0005933460691127032,0.0013154931273658718,0.0006030830432575151,0.0005943859003178622,0.001091108702813769
TKM,ssp126,mri-esm2-0,-0.0020079270969557794,-0.002287575145708548,-0.001150852882952182,-0.001853316126440943,-0.001383672270715368,-0.0001349572241011753,-0.0013066647499335436,-0.00023563910573660445,-0.0006290567042593855,-0.0009939915554811858,-0.0007780326413484109,-0.0005821963950877527,-0.00040072403600328085,-0.0005846693241994263,-0.0003120037708084552,-0.0005718937412193258,-0.0005364930177847222
TUR,ssp126,mri-esm2-0,-0.005949578813875938,-0.004483577096745525,-0.0036138866542874903,-0.0021948896851492873,-0.0022781565469058964,-0.0009894556979743482,-0.0009273009826997932,-0.0009243365321938294,-0.0010401030153058956,-0.0008024515994132073,-0.0007030882384397216,-0.0007495944253801875,-0.0009849725157262583,-0.00038045754314541943,-0.000533147249699397,-0.0010073244921768106,-0.0007371250174920335
TZA,ssp126,mri-esm2-0,-0.07224367383269827,-0.05361140211387487,-0.03292459894987257,-0.005904784783432741,-0.0488982612091917,-0.022298450506715604,-0.0211338158827231,-0.009857324834167156,-0.009515692582433979,-0.0033654725657566837,-0.009431731807090196,-0.009153548777939476,-0.0075426651633252765,-0.0038012693300576543,-0.004641291130958403,-0.001886497841871502,-0.00651205466771519
UKR,ssp126,mri-esm2-0,-0.18602918918266095,-0.24368072334496194,-0.30118891542798304,-0.08396777056767549,-0.08308302359675077,-0.024531812221127918,-0.053044129337350227,-0.07819528029320347,-0.015160920007208947,-0.05653238872724028,-0.08643972770376046,-0.039981030720192476,-0.026649151942521376,-0.012288576008384207,-0.025787154088734148,-0.01827433648235721,-0.03835322900216464
URY,ssp126,mri-esm2-0,-0.0015903423429266131,-0.010154152349369602,-0.0015740592714408581,-0.0044136971956090666,-0.0013199724679555922,-0.0017029199946354263,-0.00029319598513037165,0.0007289564440955148,-0.0018533876630947236,0.0008559810222724301,-0.002632772458406736,-0.00012661103313353668,0.00024466086689762433,0.0002658036538904811,-0.0002403863511048443,-0.0031941369891842508,-0.0010941489435550573
USA,ssp126,mri-esm2-0,-0.0061068274536417244,-0.0006654612984065589,-0.015570622684136934,-0.03077687878464389,-0.012677462746409393,-0.015191337779065991,-0.014850036503772757,-0.014900931056899115,-0.021226842800733708,-0.009188669116357337,-0.01983651887503995,-0.009305734822205631,-0.010018225603229413,-0.01015625173165914,-0.007250378821703123,-0.0048211754353236986,-0.007659488158723501
YEM,ssp126,mri-esm2-0,-0.0033662639894784063,-0.000793986757914003,-0.001569666040845002,-0.00010085671983026238,-0.0006369447288470115,9.670964216621716e-06,-0.000602747512513526,-0.00044517918636433664,-0.00023725401514658112,-0.00040103527960633353,-0.00026698874093742563,-0.0003401821585649741,-0.00025889056932266693,-0.00027756175956983136,-0.00023210359334128317,-0.0001988707266671325,-0.00021132163848894313
ZAF,ssp126,mri-esm2-0,-0.058505379196921156,-0.024837379587130816,-0.023187692217022757,-0.06970056429105613,-0.008701898845665511,-0.0343809243453842,-0.01890203528482399,-0.01978018916473656,0.0038441812214032407,-0.0066467760341544025,0.0007839014315459124,-0.011574920619714662,-0.015963847090446518,-0.00554643513542738,-0.009826533122570367,-0.009261861312168742,-0.011573935694637268
ZMB,ssp126,mri-esm2-0,-0.12501702511768933,-0.15231967477586084,-0.07236644713649386,-0.06829521388637795,-0.054120151803000206,-0.034257140252234405,-0.026326450161097106,-0.011648966335871149,-0.010366305697766207,-0.011832470471066338,-0.007513826517302141,-0.008359866239601214,-0.004340770877709025,-0.006619491227911132,-0.004552709440005892,-0.000544660773857147,-0.005240700986205234
ZWE,ssp126,mri-esm2-0,-0.5087928918179562,-0.8737747619575905,-0.21114720477350105,-0.4666420619322183,-0.24384639751025716,-0.19927977240984468,-0.17666960343744686,-0.02974042257781498,-0.028107056320103362,-0.08715616009202766,-0.048466028555901326,-0.06881794909774167,-0.02987165719704108,-0.06210916375757508,-0.03636578553840341,0.0023289921201667357,-0.050269845822606254
AGO,ssp126,ukesm1-0-ll,-0.030733938836824473,-0.036362638616895704,-0.03820455004962535,-0.03131466136715258,-0.02047881997173719,-0.022012230401129672,-0.014502556676635237,-0.01406109750312331,-0.005050546458148171,-0.0075857378721224675,-0.010145531420930543,-0.004585250473810288,-0.004035634821642718,-0.0033537479728799903,-0.003927874012947864,-0.001965033800097051,-0.0023227337384661177
ALB,ssp126,ukesm1-0-ll,-0.07923574460289749,-0.17961514876571918,-0.023014618352799002,-0.13170274555466135,-0.09832515513781366,-0.09771010756123397,-0.07691702856905697,-0.08998341577777219,-0.10324273804811764,-0.119020930386824,-0.06745460259445944,-0.16201282983462334,-0.13822958182583164,-0.16800199139075145,-0.10406343687567761,-0.14697475234335894,-0.11338243808930429
ARG,ssp126,ukesm1-0-ll,0.0044652036763806495,-0.004387425303243709,-0.005508414000458945,-0.0014387730300672137,-0.0020957592623888823,-0.00198028273127311,-0.0008382238082836452,-0.001727833901158471,-0.0019334638694834467,-0.0026250023132003203,-0.0012819908369706252,-0.0023516308011934193,-0.002104474621228896,-0.001515440268883653,-0.0016635404470591102,-0.0014052416249818853,-0.000659523394849286
ARM,ssp126,ukesm1-0-ll,-0.0009793594855723303,-0.0006385470989930445,-0.0014262629340749031,-0.00043521745123098303,-0.0004489813012338649,-0.0008219440904298916,-0.0009369597554150382,-0.0003976011198730285,-0.0007689922654093361,-0.0012973974798772409,-0.00024060829762663857,-0.0005164364935131518,-0.0004192906851583957,-0.000985932584700996,-0.00019352889881443506,-0.00027626461801650356,-0.00159063034719029
AUS,ssp126,ukesm1-0-ll,-0.0002654414709954238,-0.0003960578082934813,-6.278184229416444e-05,-0.0005641855335577552,-0.00037805227909838983,-0.0006462143835106554,-0.0002909418116162546,-0.0007954806435944616,-0.0007307765392421656,-0.0003410757899085998,-0.0007917276697935588,-0.00031218121574345817,-0.0005632723207359499,-0.0002747604948414546,-0.000498841806259823,-0.0003974244979479723,-0.0002201609176080737
AUT,ssp126,ukesm1-0-ll,-0.001245558126971467,-0.004667493164633514,0.0011105853909867027,-0.013243577366822792,-0.006139299153790814,-0.0028368415861200844,-0.008104339928287699,-0.008395403020766423,-0.00727148932718696,-0.008025250327648543,7.021164439766318e-05,-0.011046201307251216,-0.0003167521209738328,-0.010564297718985607,-0.0025267575626786486,-0.0033168152221964018,-0.0030304602886399466
AZE,ssp126,ukesm1-0-ll,-0.014682778724768373,-0.009353384963014112,-0.016908939235353092,-0.0039058033979849386,-0.008662718550739084,-0.012098735011972329,-0.016835204057033,-0.006939281944923509,-0.012278859132794749,-0.013104071077598955,-0.006181975203358253,-0.008346029067538327,-0.006802766671981821,-0.00753993736802938,-0.004401971896559176,-0.003910563749999357,-0.010118264291314892
BDI,ssp126,ukesm1-0-ll,-0.07381148900409358,-0.14270924582909253,-0.21425823355275805,-0.08389811917404492,-0.0171586779061557,-0.0309729035464401,-0.016095121585249627,-0.017681914134904664,-0.00735437803601645,-0.00762854330472682,-0.009068316571797155,-0.008882136399000104,-0.0044700788564301375,-0.004175081179693667,-0.0028331713055699263,-0.0025452954706320988,-0.003936695722604456
BEL,ssp126,ukesm1-0-ll,0.0007928934378149653,0.0001320647528590949,-0.0005015180745696349,-0.001989477927177744,-0.0005274939942934922,5.794706851014492e-06,-0.0008138837852039005,-0.0010968286236172507,-0.001263924324044056,1.722777728427842e-05,0.00020419047301293422,-0.0014378301957086918,-0.00013991066519196873,-0.0011077932805811234,-0.00023626482112854073,-0.0010442854021915447,-0.00020997286313394033
BEN,ssp126,ukesm1-0-ll,-0.40702650367405785,-0.18611135304788157,-0.2994404512447926,-0.3764416527874999,-0.23215323233817123,-0.1870806240755966,-0.12466020488413536,-0.14161138993336042,-0.08907666578467022,-0.06151517739610325,-0.062459124153570175,-0.05304943500360996,-0.04387932037021441,-0.03921724354813574,-0.030872364276323262,-0.02314938615337626,-0.025910303398205693
BFA,ssp126,ukesm1-0-ll,-0.2516326239593027,-0.24644489552541707,-0.2642115549497041,-0.3652845064204033,-0.15874887761832887,-0.09637259073565548,-0.10448132685972808,-0.09888819773344881,-0.05258927564708722,-0.029604360044457087,-0.0374395851625096,-0.031283009990144814,-0.02788105803974456,-0.022231377495177035,-0.01666137931879038,-0.011879415777597808,-0.009738413876606997
BGD,ssp126,ukesm1-0-ll,-0.006021903400964767,-0.004286779423657041,-0.002635320907801704,-0.006751536781254604,-0.006541703009958511,-0.005949724027235527,-0.004622583383763154,-0.0034617128101107736,-0.0025773393641207684,-0.0007782113349309171,-0.00384247008148106,-0.002140891606565168,-0.001315317221009082,-0.004536622322014973,-0.0025146230633841127,-0.002151030252694002,-0.001764924865100483
BGR,ssp126,ukesm1-0-ll,-0.18132454459895117,-0.1145437575763145,-0.020832370158379084,-0.08031817695659892,-0.06018149724904018,-0.04527535523383334,-0.04776510332816654,-0.06772283200328016,-0.06733444105102637,-0.09055385789881706,-0.03132617354584438,-0.09291878358308267,-0.08250191315673527,-0.11300150682422248,-0.039173870028497135,-0.06667662964658644,-0.058997681109387745
BIH,ssp126,ukesm1-0-ll,-0.1583888388542036,-0.19870509966806696,-0.016628194702236216,-0.09271280346109372,-0.05882674855415953,-0.06915678347804752,-0.10707068629338574,-0.12675967577876576,-0.06580748171633988,-0.13840430356687028,-0.04989561388840184,-0.2243524453574569,-0.12833114583858035,-0.23368325466136333,-0.158320686929049,-0.21259284188797842,-0.1917375053246798
BLZ,ssp126,ukesm1-0-ll,-0.13115793929061295,-0.18434466297493673,-0.10161087991090846,-0.06918687626305109,-0.09450488289338499,-0.07181616205818128,-0.09773418235562345,-0.07014900090549178,-0.044745415932717345,-0.046277126469549124,-0.01600144224591628,-0.050139047105351914,-0.02042435743042394,-0.04391900162320205,-0.02637576203277591,-0.02435417412650051,-0.013683696037181553
BOL,ssp126,ukesm1-0-ll,-0.03791553736196672,-0.06932156370984843,-0.032146918419445586,-0.04847705041877959,-0.0452781175468663,-0.05638637966992994,-0.023368813913255522,-0.028723140864113986,-0.02466712385623672,-0.012765659222969614,-0.021102477010491425,-0.014099987894451174,-0.0227052765104722,-0.02058139677919554,-0.015405234898753119,-0.010130640227311314,-0.01445729958964413
BRA,ssp126,ukesm1-0-ll,-0.04464053172345238,-0.040353315129710216,-0.05618272021599898,-0.04143642144865661,-0.04407063996207144,-0.061978218267421475,-0.04205699654090789,-0.04218374880750333,-0.03201294008501301,-0.03390030036176671,-0.0324864315731574,-0.031806349344238705,-0.03431459037191256,-0.030852100922008272,-0.03143508573727912,-0.02399126541811765,-0.021656811591127662
BTN,ssp126,ukesm1-0-ll,0.0080049834177996,-0.0025799561310346397,0.0019556477998884584,0.00027681801346907624,0.00044249593346682987,-0.0010416297823127088,-8.073056554247397e-05,0.00043232985304437327,0.00020073662605501932,0.00017364743494556337,-0.0001145007609346449,0.00021816946514054234,-0.00026735801433203343,-0.002106400816067149,-0.0004477358885122227,3.155112855081105e-05,-0.0011415684369089438
BWA,ssp126,ukesm1-0-ll,0.0036612669831382317,0.0009005037877473221,-0.001358217317888206,-0.007289570077535762,-0.004298827031671964,-0.005893775803550299,-0.0009988087294454887,-0.0031631066586166826,-0.0036799959286242597,-0.00017054244881073698,-0.0028053904305737954,-0.002327611541834075,-0.0018161872765597334,-0.0014491177972569423,-0.0005664222853952488,-0.0020723258506738025,-0.0015468118333167875
CAF,ssp126,ukesm1-0-ll,-1.047315719512631,-0.7841029477806337,-0.841222951876257,-0.5163227996656419,-0.17338964180194205,-0.2496135576713509,-0.14204206198245958,-0.145491632899076,-0.08692044683547244,-0.052085747396788055,-0.06683984709672589,-0.049072789588240705,-0.049788002461923844,-0.042574610667466,-0.02393867704845799,-0.03158484388604957,-0.02832613310858239
CAN,ssp126,ukesm1-0-ll,-0.017663181025526,-0.005957040443427968,-0.006545852663528051,-0.011169790542052567,-0.02380167417500517,-0.014948154496789495,-0.017347196821259108,-0.019272997509528038,-0.009340217798581478,-0.015623367914520004,-0.011106252173545656,-0.008625713002803759,-0.010509329343290663,-0.00389653705850251,-0.011931350297640891,-0.005969017446356254,-0.010025073324269334
CHE,ssp126,ukesm1-0-ll,0.00043468711204240824,-0.00023977693282537137,1.3786058096974532e-05,-0.000731652856771236,-0.0003434344902338178,0.0001414562013627296,-0.00013440461751175028,-0.00027628234087329897,-0.00046073128574751807,-0.00019089204988284424,8.036075112829373e-05,-0.00020177858287682786,0.00019671011475013065,-0.00016361379773487445,1.2065358057727422e-06,2.6823195341504074e-05,-3.777824645564921e-05
CHL,ssp126,ukesm1-0-ll,-0.0005346431987170254,-0.00033667008520575935,-0.0005962704284420608,-0.0005397187162764754,-0.000568415027447805,-0.00022177660076613267,-0.00043208699425576554,-0.0006408002593847481,-0.0006141093776844588,-0.00045152736993709,-0.00028834374431665783,-0.0005582176371018866,-0.00028819430977290836,-0.00032033715749539706,-0.00040855182521967655,-0.0004601596899238738,-0.0002480906974727585
CHN,ssp126,ukesm1-0-ll,-0.011547432160928005,-0.032019005690680134,-0.022360383920725525,-0.03536616433810018,-0.018814404567694638,-0.02302577728324914,-0.021019323057378997,-0.016701814416360112,-0.018623114746241835,-0.01143108582813927,-0.032456561503770284,-0.025270642956157212,-0.01864173999583689,-0.022121983130750273,-0.01778592661299887,-0.015723818734485133,-0.018223492458803222
CIV,ssp126,ukesm1-0-ll,-0.11258381995368212,-0.013033425388216884,-0.05703137388337561,-0.0726076743217733,-0.035672075802206014,-0.023008026233993388,-0.025969111378431897,-0.01896294645559102,-0.011031368867824604,-0.008383545245912642,-0.014528540222546538,-0.011952068879061854,-0.010560237797935242,-0.008922984851642899,-0.007389868359101055,-0.006436723022582851,-0.007132839687248697
CMR,ssp126,ukesm1-0-ll,-0.11253633836629663,-0.13173991105679062,-0.1566856196367687,-0.1423860480616606,-0.050943964318501976,-0.06371148367512183,-0.07105065609562791,-0.05156754631412067,-0.030882758186395402,-0.01531990842536847,-0.025245762424763566,-0.027672135612433982,-0.022390720502241734,-0.021176578627363336,-0.01290119544805677,-0.01353164273656887,-0.011165078053356016
COL,ssp126,ukesm1-0-ll,-0.010740469848510067,-0.009874251781062488,-0.0027172488969124872,-0.009431345128064634,-0.006399993928803121,-0.01110885001410834,-0.006386879895869939,-0.005484905966487684,-0.005489653721583552,0.00020291248176346186,-0.004999259737791675,-0.003785054564384504,-0.004755753696895499,-0.004026661034688404,-0.0038433259046245986,-0.0033540506207269294,-0.0036972647060656803
CRI,ssp126,ukesm1-0-ll,-0.003825683067159435,-0.0009600490668981018,-7.840528550854921e-05,-0.0006520927968685077,-0.000766018041447871,-0.0007150271289770099,-0.0007805691998373487,-0.0009295377358921571,-0.0005001957771961417,-0.0003318646153429179,-0.0008386066471874408,-0.0008351456509331544,-0.0003334249403582485,-0.0005687984318455912,-0.00021640454171642469,-0.00037849062990925555,-0.0003727816620003512
CZE,ssp126,ukesm1-0-ll,8.499806446146153e-05,-0.001278540045162776,0.001003066036044345,-0.005885369946801604,-0.0039049674856446873,-0.001019295128406078,-0.003443864994566437,-0.00294618615945052,-0.004263566068424811,-0.002809621455290166,0.0003638862621385395,-0.005155373525501666,0.00018755089973971218,-0.006094674776774801,-0.0013261905560054573,-0.0027396482003983506,-0.0017617692719569817
DEU,ssp126,ukesm1-0-ll,0.0007050649573221363,-0.0004249752241611356,6.540704498178043e-05,-0.0029868909365983972,-0.0012047602687864387,3.8708359802223845e-05,-0.0015159319024753797,-0.0018449136846291337,-0.002082707413967607,-0.0006612090885024943,0.00011950767460211319,-0.002206089282182505,-7.423919243579282e-05,-0.0021145796768062167,-0.0004940873224847027,-0.001182428688276252,-0.0007162472986582041
DOM,ssp126,ukesm1-0-ll,-0.0027107931277559807,-0.0029658943222645754,-0.0033462910057369603,-0.0022512978926566636,-0.0019406478774095137,-0.0021680100557182748,-0.0018141359797979092,-0.0016565961619333161,-0.0014083828443181338,-0.0008601720950101423,-0.0007960275502132186,-0.0014204299817977741,-0.0011219149958952414,-0.0011545980490353693,-0.001819585233509733,-0.0004198833958009469,-0.000897433602332551
ECU,ssp126,ukesm1-0-ll,-0.021771768518310995,-0.03674696027959905,-0.03595597364682991,-0.053468365550227395,-0.026946913642857725,-0.043666206048602066,-0.023821766961115615,-0.029230543652312795,-0.013824976442877786,-0.012685924943071325,-0.014845130226154158,-0.013450982650852785,-0.013866081131544354,-0.013308045237563721,-0.006869399306998068,-0.006503481002630475,-0.009236778482950382
EGY,ssp126,ukesm1-0-ll,0.0025562350371912323,0.002302876365052102,-0.002942486093201077,0.0014604790437967446,0.0014580052081404774,0.002111536895758032,0.0004674546770725945,0.0015071690739962144,0.0005745751391435337,0.0011945626042906517,0.0009176621214837966,0.0009671870090218112,0.0017045089588173963,0.001077593561530938,0.0005326352162063624,0.0005115631935282364,0.00040846281618959394
ERI,ssp126,ukesm1-0-ll,-0.14389966018866085,-0.18916516360650507,-0.3017476524452173,-0.26220113922785754,-0.010152741138932702,-0.1888661881528095,-0.20070027089975273,-0.186178059162585,-0.11892484879604594,-0.0751200251872141,-0.10882224132931548,-0.05006855193002332,-0.05345669186413392,-0.06825462337727228,-0.04249033816189159,-0.04696964016625914,-0.040950370967436776
ESP,ssp126,ukesm1-0-ll,-0.005464562785674061,-0.006688700006358771,-0.010524430224950311,-0.006673784404397169,-0.007587846986606031,-0.0039954536245702995,-0.004066404757887011,-0.004423517483364133,-0.008803651718852817,-0.004627558210952596,-0.0037922894222698926,-0.0033849931304934544,-0.004027099753509657,-0.006989258665772927,-0.006750719039949279,-0.004449046868978579,-0.005805246653665341
ETH,ssp126,ukesm1-0-ll,-0.07243426849010105,-0.06265023365410116,-0.06621842216901809,-0.041967239476562196,-0.006449479892047519,-0.02115294307244924,-0.012684940501996221,-0.012684555571434988,-0.006549052066215067,-0.002641873310706761,-0.006822952917991896,-0.003365589488402102,-0.00253586910714228,-0.003298694218350742,-0.002617555415890512,-0.0038200857126649023,-0.002348921384973945
FRA,ssp126,ukesm1-0-ll,0.000476573974198616,-0.003278551234255388,-0.00524744707701358,-0.011452272383046788,-0.009152475755830114,-0.0016031573494624531,-0.006833644575183071,-0.008153021770556178,-0.009181539541960238,-0.0019665253843107106,-0.0017654160308055076,-0.005939414771679822,-0.001806512086564438,-0.006046350086526575,-0.0031479553453584307,-0.0037927858616366374,-0.0027079902068976943
GEO,ssp126,ukesm1-0-ll,-0.038578575615670394,-0.013629548210943306,-0.01974812960971933,-0.008189167632399037,-0.011955959121189337,-0.014715468647937905,-0.017018068703685458,-0.012329851836082048,-0.013811800105315727,-0.02319118846532759,-0.00487725239032493,-0.010994125320652625,-0.009544808474575145,-0.021148398516193927,-0.004490758631520387,-0.0069907713428790175,-0.027297446504177484
GHA,ssp126,ukesm1-0-ll,-0.13287489689826937,-0.05500198518875204,-0.06988184062552964,-0.0730784898877903,-0.04543210692542377,-0.03311953507452563,-0.030769976619358513,-0.027476866576368778,-0.019731276528794688,-0.015659533288851973,-0.016238891811114237,-0.014828774719375312,-0.013243671114661088,-0.01303368684700906,-0.010117304880548019,-0.008603728055235965,-0.00936458905547276
GIN,ssp126,ukesm1-0-ll,-0.07255634598499078,-0.015142059411871227,-0.009823776607140565,-0.03570609197833777,-0.016349814407525594,-0.004954466258192165,-0.011368497858493424,-0.006980049100369333,-0.002475480533737501,-0.0027867396075306685,-0.004832787878654766,-0.0051105899275646705,-0.0022554091228235134,-0.0037351277420402,-0.0020718080640780476,-0.0012106528907013991,-0.0024501846602685007
GMB,ssp126,ukesm1-0-ll,-0.04519131242180295,-0.03804279428396642,-0.02575318529003991,-0.03235359805316184,-0.011025708780905504,-0.014101134394736375,-0.012323691016728509,-0.009378776671400255,-0.006473552963632179,-0.0034542847428594855,-0.004669019488734551,-0.0032098442390279727,-0.003294857692517337,-0.003244024590010435,-0.0011455095162284195,-0.0022244310904232355,-0.0022055555442651448
GNB,ssp126,ukesm1-0-ll,-0.09549677890780953,-0.0946757480422217,-0.038128446739836994,-0.13434023696297187,-0.030628349034823112,-0.02800524337804342,-0.048162084435905334,-0.03701485857880891,-0.012134393489513841,-0.008705494458670844,-0.014030130517931307,-0.011917326691269851,-0.010302113721753742,-0.01190743055659656,-0.003142577635268694,-0.005329718357452074,-0.006641768602086082
GRC,ssp126,ukesm1-0-ll,-0.02077311326676054,-0.023336341506323948,-0.005398890467086417,-0.02061352700422381,-0.018364989020243777,-0.013922017647975165,-0.010135580723736033,-0.014615376304502568,-0.01006186634097142,-0.01666378336463519,-0.006387965185348373,-0.014872434791704308,-0.01628581438855094,-0.016647403679793414,-0.007810812363617518,-0.010315147348398062,-0.007378365386737154
HND,ssp126,ukesm1-0-ll,-0.18443537957498352,-0.0827160217305396,-0.03924029417121605,-0.05104240236030284,-0.058232089911857604,-0.03053993315380541,-0.04334234422363449,-0.04027013777570875,-0.016360731677657486,-0.02246765645524825,-0.010222495225377609,-0.025395749654986016,-0.005408622907841796,-0.016892331324692308,-0.008112632623526505,-0.008201633773325705,-0.010280503538198739
HRV,ssp126,ukesm1-0-ll,-0.06799222444933246,-0.5596821642195825,-0.034005425844221684,-0.36041552857907494,-0.2645229564838757,-0.27906564771562825,-0.4713208348181089,-0.5474799971841614,-0.247221611922223,-0.5015033099850594,-0.15069003305508002,-0.6268232527770077,-0.29062273195066674,-0.5463981452394813,-0.3553043870454578,-0.38516224086756984,-0.3366782861862532
HUN,ssp126,ukesm1-0-ll,-0.1231010641122406,-0.04685404785271775,-0.00207185551788408,-0.036899840194032474,-0.02864013619229264,-0.02613243537157331,-0.039545545753547615,-0.051241048237491954,-0.025390593082046033,-0.03876117774986877,-0.009561819319496248,-0.05155397734353128,-0.021993893398291164,-0.0475485241329138,-0.022731274375295832,-0.03455260132070344,-0.026034274780256352
IDN,ssp126,ukesm1-0-ll,-0.021095158973895578,-0.028564231348412353,-0.019075236378294953,-0.038461179964446354,-0.03224562883309009,-0.03332446700349428,-0.022515417202327612,-0.016494637736675356,-0.023858938373751113,-0.007596800825091639,-0.01514936804996144,-0.011579332035306741,-0.012718336162857054,-0.014850091150397069,-0.009784700944008847,-0.011076468864329244,-0.008707304278283819
IND,ssp126,ukesm1-0-ll,-0.006259264510151776,-0.002000301891867183,-0.0015718106878059104,-0.002392376503749906,-0.0023481559110766605,-0.001678520726335651,-0.0026466397443501467,-0.004134315500123774,-0.0014268932384817416,-0.0013493944498167,-0.002486861096477665,-0.0007672522747120757,-0.0014238484784775585,-0.0014222105019657918,-0.0008011482348749071,-0.0003458822196725154,-0.0008888239644543229
IRN,ssp126,ukesm1-0-ll,-0.0011602681209468672,-0.00031883143912507354,-0.0004033972997422615,-0.00018397002441696356,-0.00013736337733230586,-0.00024940471377651337,-0.00024502209722256427,-0.00012933782318779282,-0.00019520703803991337,-0.0001550944440702378,-0.00012074483790648928,-0.00013965830923678025,-0.00013863397692767492,-8.506930486784957e-05,-9.5721392855178e-05,-8.089046567261555e-05,-0.00011470709912961042
IRQ,ssp126,ukesm1-0-ll,-0.017878253578287116,-0.014079250976153443,-0.014491404875772195,-0.010281819969913043,-0.008428518685147672,-0.00886015561195812,-0.008899115818694759,-0.005536440185327129,-0.006619094468079124,-0.005027250610343678,-0.0035492081955740165,-0.00364706553423446,-0.0034803298807296605,-0.0030791067339339165,-0.0023864289528607013,-0.0017122662562553213,-0.002350336009423541
ITA,ssp126,ukesm1-0-ll,0.0007422313529283927,-0.0005620557833873707,0.00013471474808871296,-0.0002898735692720361,-0.001347922894884662,-0.0004836875893693552,-7.094269179248121e-05,-0.00022298277792976738,-0.0007797436933288023,-5.426497667107967e-05,9.24876895609506e-05,0.0008857896440405832,4.3084913873289065e-05,-0.0003905659720498471,-0.00026865450990195546,0.00022597092241361717,0.000346392723449355
JAM,ssp126,ukesm1-0-ll,-0.0020137267479101214,-0.0029000533418429343,-0.004212985044718256,-0.005160050508342737,-0.0037910587201808376,-0.003539671991537552,-0.00228819978983608,-0.002953913878560548,-0.0013647839168295685,-0.0011695509827259613,-0.002321021905399791,-0.0019375629103587648,-0.0019116778120283123,-0.002800928034948339,-0.001793008093575861,-0.0033190442457742583,-0.0019664677994742077
KAZ,ssp126,ukesm1-0-ll,-0.0072134307078798995,-0.005194044793372766,-0.0037492080139480324,-0.0011522562883958148,-0.002908143576543376,-0.003806125205865271,-0.0038853056145733713,-0.001616700336766845,-0.0040279238549706855,-0.002937182431540685,-0.004254574366442511,-0.0041464143442415695,-0.004113758763044193,-0.0037968375513170735,-0.003272889649392355,-0.004292872514365383,-0.0054511274360255265
KEN,ssp126,ukesm1-0-ll,-0.13326667207175835,-0.0835998789489704,-0.04597672647161708,-0.04416190863141669,-0.029552684010902316,-0.02013868610066122,-0.020446783874882055,-0.02044581178371336,-0.009863921060585474,-0.008701592903902412,-0.006589533642118028,-0.008915558765051035,-0.005631956573718401,-0.004135979732177598,-0.004227767374811167,-0.0058900395170503154,-0.007417958485066022
KGZ,ssp126,ukesm1-0-ll,-0.09666767775314974,-0.07541040324668842,-0.01957681649054055,0.012683526823515107,0.008526768774612585,-0.004649285281070079,-0.012445646283035688,-0.005065514122657295,-0.0006991831379476001,-0.0035141652008538198,-0.008524631745526772,-0.012425190123034478,-0.0027209153905870657,-0.002513477068173328,-0.0056124849005352384,-0.00765943885251162,-0.005251362395296946
KHM,ssp126,ukesm1-0-ll,-0.14092113813964557,-0.1429459943861783,-0.08048961732856251,-0.06374851683054042,-0.09151278851960656,-0.06445950588343849,-0.03340061879641845,-0.03600541495156055,-0.040899316065615976,-0.021715671727939402,-0.03596482102641128,-0.016885191633914765,-0.01808276411751466,-0.016280375150335872,-0.014848021133775818,-0.013277761544743067,-0.013134247481596308
KOR,ssp126,ukesm1-0-ll,2.7214426226787633e-05,-0.00019929048775380569,-0.00017972130996928376,-0.0002933503357703337,-0.000175895185377634,-0.00016640027506505253,-0.00012449112450389554,-0.00015826603682534858,-0.00015031641086336495,-0.00013627004838565957,-0.00029298242736935064,-0.00025068585335876083,-0.0001791087001922331,-0.00020798154249799467,-0.0001400009173343222,-0.00017358165586255986,-0.00012840745296008652
LAO,ssp126,ukesm1-0-ll,-0.07895114470956033,-0.00978432467912412,-0.01737514756601497,-0.010404950159109413,-0.014750776081857233,-0.01132783243262854,-0.0070616298794498236,-0.00495799292202423,-0.009144655704342473,-0.0016447977757543296,-0.012801975594098635,-0.008519535576007977,-0.0031368331587311206,-0.005690021455787712,-0.006362806946482243,-0.005096773183928379,-0.0069403168953528615
LKA,ssp126,ukesm1-0-ll,-0.0014331592362312152,-2.8281010377847784e-05,-0.00047084701745824897,-0.0011761086128640184,-0.0005202396260577448,-0.0012191583499430879,-0.0011599676866282174,-0.0013326183866021724,-0.000862176863483973,-0.0002459312146510539,-0.0008878917254320518,-0.0007697331659847726,-0.00034575555541338374,-0.0006641423824787032,-0.00045636770644309294,-0.0003574160880685677,-0.0011234598794077617
MAR,ssp126,ukesm1-0-ll,-0.0002149292854051766,-0.0007495128199073664,-0.0004996568808611989,-0.0002391163634775529,-0.000157532835454145,-0.00021861129377157067,-0.00020398958691936845,-4.664538025796872e-05,-0.00019504190078412952,-8.308210300305192e-05,-0.00011446455555169167,-2.538196869390425e-05,-0.00014196317387921351,-0.0001451691212284378,-0.00012772672594679223,-9.859249455172492e-05,-0.00011159450900362179
MDA,ssp126,ukesm1-0-ll,-0.3954303795659404,-0.17765794046203418,-0.010671188412075577,-0.17200033298206888,-0.11237247097696947,-0.08282276859872179,-0.04198028410433502,-0.13393392282814834,-0.04556353441526788,-0.11643466068851731,-0.03789980866394013,-0.12361115972047448,-0.06127216804891003,-0.09631039666164566,-0.03351048431742632,-0.08363417932536706,-0.09194144487400371
MDG,ssp126,ukesm1-0-ll,-0.018532782887441087,-0.008472181133335761,-0.0037880086791241266,-0.004087755325481734,-0.0020098687991835684,-0.0022032395787624313,-0.002264890884664041,-0.0029993158139703146,-0.0012450969431007945,-0.0020597260238249997,-0.0015416894428837236,-0.0009048930787289557,-0.0009419478971980053,-0.00038803049190015335,-0.0003933857126923175,-0.00033914451831072197,-0.0002592114415297167
MEX,ssp126,ukesm1-0-ll,-0.016057980653258152,-0.03477458688607576,-0.04343395138531746,-0.030376732190218605,-0.022040717033709405,-0.02838207859104755,-0.03458373785925602,-0.028042062534582513,-0.020952031262582473,-0.016798935910824805,-0.02300855124091417,-0.0172209152952791,-0.012588571123688571,-0.019997634405781155,-0.017770117475902,-0.009201612748414773,-0.011934653222075545
MKD,ssp126,ukesm1-0-ll,-0.026703665714856616,-0.0423783589695401,-0.006869740859474084,-0.025699346226089343,-0.017128223124374124,-0.01685022923670033,-0.011518891991087497,-0.014788774697874684,-0.020560937402154575,-0.02166436826345525,-0.007857540754508532,-0.023013638727651147,-0.02519697904695802,-0.02595516692471083,-0.01162674434672672,-0.019496711733230282,-0.010773027486671827
MLI,ssp126,ukesm1-0-ll,-0.24565201947073795,-0.4742747979484286,-0.2425912100593044,-0.6222302673597082,-0.23154101865989338,-0.17340536824880806,-0.20766839960330827,-0.17180023240037923,-0.07862966978614783,-0.057743588081234844,-0.07279614566614204,-0.05134103359801472,-0.043402008096741815,-0.03760274025034501,-0.017876208525799363,-0.01776020618045068,-0.015313145607923323
MOZ,ssp126,ukesm1-0-ll,-0.14459148775037856,-0.07515579784718605,-0.18067099548520527,-0.12085616689287869,-0.12533782502401822,-0.03692139631153616,-0.03046333691225626,-0.012857378433310977,-0.015187116237176529,-0.011684491645307923,-0.010522149327051082,-0.012749165960566666,-0.010413219425503733,-0.005908692370428492,-0.002780766678624008,-0.005164158023274257,-0.004721654546980387
MWI,ssp126,ukesm1-0-ll,-0.34350236057813144,-0.11455541271531457,-0.25414291764375263,-0.18519867195243492,-0.22620546791735555,-0.052595192451102384,-0.06881605024261794,-0.03025240757866044,-0.033552301051029264,-0.028890529699831875,-0.018853492369372487,-0.024638300607797415,-0.014852019296818009,-0.011296631018230625,-0.005026553357653417,-0.007603931805487185,-0.00841765195036589
MYS,ssp126,ukesm1-0-ll,2.0473656764740898e-05,-8.97366918704683e-05,-7.841891466537346e-05,-0.00014711124446711813,-0.00017272025118726653,-0.00022645824841055105,-8.277303368353327e-05,-0.00011222869408507134,-0.00016930940734774644,-9.873353990436334e-05,-0.0001694603280367574,-8.412777153629772e-05,-0.00010212105296142041,-6.652616670770544e-05,-0.0001013027828075765,-8.843475951768475e-05,-9.66002633624908e-05
NAM,ssp126,ukesm1-0-ll,-0.00011926653105465783,0.0008049188334749497,-0.031236438634191097,-0.042846715934826904,-0.01966977941481931,-0.029588101558655728,-0.011357345872555429,-0.00598195546837457,-0.01734764065398829,-0.00545552968087823,-0.012242456833954411,-0.003481159004231925,-0.004446678066788004,-0.00514185561329653,0.00014112236107173862,-0.0018312820781826607,-0.006814288713056595
NER,ssp126,ukesm1-0-ll,-0.0019073484607452158,-0.0027894048823263787,-0.004573403482164473,-0.0042167973521558405,-0.000916561775220586,-0.0008512223468137474,-0.0008244186346442467,-0.001037802481066747,-0.0004613847177252093,-0.0003127145365152971,-0.0003085120913926651,-0.00016488870014591146,-0.00017718709877810796,-0.0001244835677278836,-9.79965764771923e-05,-0.00010120361490935995,-4.333771594776976e-05
NGA,ssp126,ukesm1-0-ll,-0.04244140526802207,-0.02070557466258385,-0.04349919891832452,-0.03999499076469653,-0.016830099370111977,-0.016614751252876134,-0.01152622514766761,-0.014739018114485363,-0.007443139066933019,-0.004347226015459103,-0.005821818730260748,-0.0039162017539029195,-0.00366243626537035,-0.0030849892373169263,-0.002309141302136116,-0.0019439347120846907,-0.0015790033284745154
NIC,ssp126,ukesm1-0-ll,-0.208063453335471,-0.06579857861786755,-0.007271963005668504,-0.03947801501876275,-0.03660857142301037,-0.027250018379046434,-0.036798476366775204,-0.03300184916649543,-0.012264444772487533,-0.0152365183721841,-0.014632381539695656,-0.022980936856996398,-0.0057918525145896765,-0.013576334509076622,-0.004696319149492304,-0.007387117113035791,-0.009021751625164066
NLD,ssp126,ukesm1-0-ll,3.585613684380477e-05,8.214318805705859e-06,-8.014234883686874e-05,-0.00037464188547901747,-3.940414650435521e-05,-1.4168734708173871e-05,-0.00015066511540080254,-0.00021436330001231484,-0.00018480952527270107,2.133857403964542e-05,1.785187575551336e-05,-0.00028538545342322044,-9.241700271798284e-05,-0.0001948667019205778,-6.530204563547888e-05,-0.00022511789550368723,-7.09879412610544e-05
NPL,ssp126,ukesm1-0-ll,-0.00591110508750837,-0.07456190565303766,-0.025279342799786084,-0.051242230468592734,-0.08575443088856442,-0.014617017581806118,-0.034743615143689496,-0.035451647567826636,-0.01932595245091241,-0.0248428738375627,-0.029831811617880736,-0.008236952491261624,-0.013866874863911373,-0.016147382513679583,-0.019246366517494763,-0.005658042154480337,-0.02440552100995943
NZL,ssp126,ukesm1-0-ll,0.0006605701125350776,0.00031382923383461243,0.0005010290004834806,0.0006673547227145065,-9.884287999809096e-05,0.0005380457670284839,5.349835264152669e-05,0.00011814461203724484,0.0003037002666218953,0.0002477055043986855,0.0004711052318335678,0.00043796583110282145,0.00024435325489689303,-0.00013633340967435852,0.0003187599336658648,0.0002962481316191074,0.0001400176094926833
PAK,ssp126,ukesm1-0-ll,-0.04380449024321769,-0.027437394501660318,-0.013664388821158389,-0.011946749753934725,-0.014191222406890417,-0.011897526582769257,-0.010778177608210128,-0.0050995467412157615,-0.004822667629403048,-0.004039177729133304,-0.0030714436916291555,-0.003824097852099969,-0.0036656793458075478,-0.001871990982852208,-0.0025692502676615287,-0.0017962588455958473,-0.0023609518087836408
PAN,ssp126,ukesm1-0-ll,-0.013241641475285223,-0.018958144823118018,-0.007585889037321752,-0.008828714905999529,-0.008130431742916612,-0.011955434046663632,-0.008005628868505936,-0.006409640318218532,-0.0041562237703116215,-0.0031120854644414607,-0.0073500247424410185,-0.005888264454860207,-0.005413100572738366,-0.00613980883748195,-0.004759244368473388,-0.005632960350442566,-0.004837078943035864
PER,ssp126,ukesm1-0-ll,-0.0048338866647325875,-0.004223420605869858,-0.0046566319154603825,-0.008327656318893605,-0.00784490108203315,-0.007874982308539988,-0.0040436116898558095,-0.005204380226928357,-0.000897320435190454,-0.0026445514459487625,-0.004494150614308267,-0.0020340515651173507,-0.003058551923303611,-0.002220835754890989,-0.001701884894269037,-0.0008531371299076217,-0.0017056339125483338
PHL,ssp126,ukesm1-0-ll,-0.00877996314675896,-0.03139157340268077,-0.02367220287135121,-0.03967792516186854,-0.03361983344067612,-0.0445598172079566,-0.024726879678333764,-0.01245635874350015,-0.013874251246887093,-0.013695074744704676,-0.0295417048042931,-0.011267325363719643,-0.0106082199200625,-0.013741157076901437,-0.008718809203720052,-0.01181941196050818,-0.005890982514038452
POL,ssp126,ukesm1-0-ll,-0.0005965969446727905,-0.005777945291357523,0.00549964170955614,-0.01972591400156259,-0.014957844924540614,-0.0056591345299254305,-0.014741405054837068,-0.014820982658476683,-0.022984977748012055,-0.013316711658398659,0.0014600199725951957,-0.03335697666867645,-0.0016406024721442936,-0.03699934083600837,-0.014268196931162993,-0.02353047406674833,-0.016445453797382735
PRT,ssp126,ukesm1-0-ll,-0.0021916091164557463,-0.004357646044832552,-0.01133755307594826,-0.006567227429736805,-0.006855614686217532,-0.004263684601005998,-0.003980126574044024,-0.0025839538233185695,-0.006992125427175029,-0.002570285917372921,-0.003010282249766292,-0.002141841780516405,-0.002687637726168657,-0.00672709734383072,-0.00649923479742282,-0.004371471906359841,-0.007184237036715141
PRY,ssp126,ukesm1-0-ll,-0.12460418042072165,-0.2578694908443927,-0.17680227580804878,-0.10525182775560607,-0.170791152848498,-0.2172100844720078,-0.07936562593177522,-0.13137816569866964,-0.03692929400622494,-0.08893414320064714,-0.038321300384292906,-0.14640048281093687,-0.11301231601785301,-0.08695006008318819,-0.09430700328918742,-0.0658230477523486,-0.0561757931934057
ROU,ssp126,ukesm1-0-ll,-0.2059625387533977,-0.12360869990882709,-0.022685094771848116,-0.0899148062604692,-0.06399483471936711,-0.05505459342860951,-0.05956823322085818,-0.103577149351241,-0.06900612612940178,-0.1068420635499325,-0.03116908873064411,-0.1305518917864273,-0.09206864437910937,-0.12866894169945853,-0.04447505002644931,-0.10798336289972565,-0.09077584558946314
RUS,ssp126,ukesm1-0-ll,-0.017467556673740014,-0.007442150988766785,-0.010620769200731498,-0.0064410335606581905,-0.008365497417072069,-0.008656314096027504,-0.006490899800685985,-0.0049246670939519415,-0.009458912898615116,-0.007293511166193811,-0.009124640204829875,-0.00769531821823172,-0.0058610084885310455,-0.008169567372725589,-0.005827168323780375,-0.006265162162188722,-0.007665455825068714
RWA,ssp126,ukesm1-0-ll,-0.027355346039916833,-0.0316500800994741,-0.06523790366384064,-0.03465987776452041,-0.00321798390592089,-0.012323236540531204,-0.008885572884185853,-0.010263361464877387,-0.0031377491513175262,-0.00449324423568472,-0.005904478970901669,-0.004476686357787174,-0.0033099942979854537,-0.0020161203589454785,-0.0015538337054497914,-0.0010341932074643693,-0.0022934334321392056
SEN,ssp126,ukesm1-0-ll,-0.12383158227984715,-0.08667403278117854,-0.05766462588680945,-0.11686172663594083,-0.04612838330310211,-0.04834809292494728,-0.05127086133584741,-0.03981599545119634,-0.021918390284990784,-0.01345398612453763,-0.017219456717516766,-0.012509732499318974,-0.01202555728628792,-0.012522480142834923,-0.003500328237115118,-0.007222327940973021,-0.007772215891579929
SLE,ssp126,ukesm1-0-ll,-0.02088692773750542,-0.0011135986976858602,-0.0008345602092392872,-0.0064148996457049304,-0.0022670404230338503,-0.0007806709181002299,-0.002768390323739191,-0.0014448792689796368,-0.0003250962839584685,-0.0007048525591549132,-0.0008675216674578485,-0.0009362046463130475,-0.00047181083306489975,-0.0005123205500928955,-0.00035500604048987127,-0.00020901940457051436,-0.00036444342056077327
SLV,ssp126,ukesm1-0-ll,-0.39616098804217253,-0.27718757331806965,-0.11630931095789818,-0.1707615781514957,-0.19466355976852504,-0.1171368366805766,-0.14059587733833478,-0.1664026647913527,-0.07502695277059286,-0.09716549875600697,-0.07092866768856043,-0.12353615388417526,-0.04208737376245216,-0.08839032980112042,-0.07005158866199139,-0.048051742653767014,-0.0734335655563624
SRB,ssp126,ukesm1-0-ll,-0.37344367689289015,-0.29854497324014245,-0.046946833942302,-0.19904044248599348,-0.1354421679218706,-0.14070250319705369,-0.1848893782878208,-0.2520775078104785,-0.16454683319341126,-0.22317913743158915,-0.07057434888297995,-0.3189522873226485,-0.17687080417778464,-0.299271332376149,-0.12342660845993257,-0.1958886218743945,-0.1562048725993763
SVK,ssp126,ukesm1-0-ll,-0.026062561584299097,-0.008492835181104044,0.00039338485075742044,-0.012074498458811799,-0.008661189412451429,-0.006196641688657018,-0.009886098358192813,-0.012457337629895156,-0.008709648635912982,-0.008746551620395586,-0.0011847441073228047,-0.012926974287784965,-0.004978377464280082,-0.013978423335431452,-0.005032989103376073,-0.008031467206542901,-0.005449209802639772
SVN,ssp126,ukesm1-0-ll,0.0003442489831140173,-0.004106813925959071,0.001674976704804291,-0.005005640322519871,-0.002683125001530859,-0.0030955927415392322,-0.004392292540258534,-0.00599362927966065,-0.002098576779597999,-0.006316850945554,-0.00024914183896903653,-0.006783510272116843,-0.00012199298904301675,-0.004278809929446708,-0.0019848587668359853,-0.0019686263162378447,-0.002015425096522218
TCD,ssp126,ukesm1-0-ll,-0.07224433005000955,-0.0561953881277842,-0.19622557632510812,-0.15565984994043539,0.024269737395851577,-0.03060972771955163,-0.03748109013241791,-0.03486992682830793,-0.015329111691214217,-0.011214432506362447,-0.012273041362017168,-0.006977003577918886,-0.007720928234712356,-0.007666119789724822,-0.004058973514693711,-0.00505677849815531,-0.0030238820469581443
TGO,ssp126,ukesm1-0-ll,-0.48468872475823177,-0.17225946188053606,-0.3547469586479,-0.3946027116166524,-0.24099087309440034,-0.1786085390538313,-0.12915923547790967,-0.12636099093773925,-0.08054625652181184,-0.05628771382069342,-0.055473346072788525,-0.047128686233907834,-0.03938900317605855,-0.03632299493162645,-0.02748432574841595,-0.021038581362227523,-0.023061443891962553
THA,ssp126,ukesm1-0-ll,-0.05683082196118048,-0.02089266361583967,-0.021342836440860394,-0.018555751260513974,-0.02741711906107696,-0.020539288135149388,-0.016823530939533687,-0.01380594193882648,-0.02095477067452241,-0.004708625337584859,-0.023827421195304226,-0.016202998711024305,-0.012842812574702739,-0.014442231158804355,-0.015200319868715945,-0.011582539264683233,-0.012685388858205002
TJK,ssp126,ukesm1-0-ll,0.011851391715936207,0.013074986886250434,0.01263382839672484,0.0067626404803197235,0.006555577457277897,0.0051247947880534465,0.00524086184609103,0.0025692240999312718,0.0033680788182034963,0.0019203457673192383,0.002215135587288344,0.0024392583708911786,0.002241034064769248,0.0014637806942012764,0.0013731765384655734,0.0012767012766492975,0.0016482039155763903
TKM,ssp126,ukesm1-0-ll,-0.004110168515460402,-0.00281681402480053,-0.0026927642807754743,-0.0012421557088492011,-0.001548581930644543,-0.0014195064021419422,-0.0016867504519924553,-0.0011804729696382355,-0.001197580133040247,-0.0007461916177805806,-0.0009209025635862258,-0.0011576457977030457,-0.001172910328657521,-0.0007170800128787203,-0.0009529646215469115,-0.0009958508206461619,-0.0009354830158816209
TUR,ssp126,ukesm1-0-ll,-0.013277135575956807,-0.003064792223252363,-0.0017511951853023612,-0.0017861506148101368,-0.0020259877036136534,-0.0020992075479324282,-0.0013913465821440484,-0.0013709526942555649,-0.0015035438102883312,-0.002650355581004801,-0.0008224049055180094,-0.001300699320905165,-0.0017503055517762848,-0.0017180807839237901,-0.0006332745232306,-0.0009088886993251387,-0.0017757702314799956
TZA,ssp126,ukesm1-0-ll,-0.0762381465446296,-0.0722347892028459,-0.08249452676881204,-0.0826901766471605,-0.044579399487815766,-0.016873976816199083,-0.033896851176016464,-0.035460447149089205,-0.015547889966543434,-0.01333982753823797,-0.006257051037654388,-0.008171446344239917,-0.004129694963129057,-0.004105854082257753,-0.001683153817856979,-0.0024077277071288656,-0.006702690520578902
UKR,ssp126,ukesm1-0-ll,-0.7463134447869353,-0.26785183144119157,-0.010928173995883545,-0.17381739047310152,-0.15578966989623336,-0.10063239695904845,-0.07144287882856191,-0.14245639810624364,-0.058953384776476596,-0.1253662318367852,-0.0549674584732285,-0.1214766579531964,-0.07136294007884814,-0.117216402445991,-0.03924362266669122,-0.09750753376507829,-0.09000789561049813
URY,ssp126,ukesm1-0-ll,0.007322354893973478,-0.004197397382803025,-0.014754646687184009,-0.0016624362488192107,-0.002927975200872022,-4.509105367520792e-05,-0.0010887742930729453,-0.002523866968192037,-0.002166152960626115,-0.0038993545773973776,-0.001333493904516676,-0.003487986385255751,-0.003348427496762688,-0.0019533191137027033,-0.0025171401060950617,-0.001568787302720826,-0.00012534931338645545
USA,ssp126,ukesm1-0-ll,-0.03596225308246057,-0.027025984963667656,-0.04255886263762619,-0.040618423728734136,-0.06650389980359436,-0.039557687037706984,-0.04286523375929241,-0.03696545275937709,-0.025872892034184733,-0.048402984018830315,-0.027811763362570466,-0.0202047963575111,-0.032967164727329544,-0.033824147140198206,-0.038448383172928945,-0.02794775847270516,-0.03127327718529133
YEM,ssp126,ukesm1-0-ll,-0.008619372536229247,-0.002115155370949039,-0.0014741248117100213,-0.0012810531227687085,-0.0005956011879746333,-0.000830770439775338,-0.0005363219727431093,-0.0005040391513825274,-0.0005195986388548218,-0.000323496814229916,-0.000377902051782312,-0.0002640056995180423,-0.00025319645670212725,-0.0002036589037111935,-0.00028254014003106244,-0.0002733341953982216,-0.00023312379300642464
ZAF,ssp126,ukesm1-0-ll,-0.028271090270883512,0.007784925158825945,-0.03124790526426571,-0.08836540736311639,-0.044872753367760115,-0.07481682212651002,-0.015800963405267886,-0.04699814885385317,-0.035107536356275774,-0.012413791035429634,-0.0372397056048686,-0.023725785998594356,-0.016213395653819067,-0.021241741359121585,-0.00955542731087378,-0.021017320969839114,-0.025838597225764325
ZMB,ssp126,ukesm1-0-ll,-0.02707134476684171,-0.003637238771474333,-0.051791724534258926,-0.06229481340927241,-0.06534634213062922,-0.020117357732622607,-0.023755307817044526,-0.011385389593950832,-0.010015016986442013,-0.007624022774948957,-0.009188674094261877,-0.009504152952507276,-0.005346508716339895,-0.005007873245804213,-0.0022133662970490694,-0.003629922480856285,-0.003821727314840025
ZWE,ssp126,ukesm1-0-ll,-0.03518657209226464,-0.10161162078569143,-0.3626580583996027,-0.5025950939723893,-0.4363247407016535,-0.23722033695360847,-0.06142611925892225,-0.05412074657119716,-0.06687913468990404,-0.014635526049875839,-0.04167890064264804,-0.09772362360156386,-0.056219997987965356,-0.04877127656084556,-0.02143184643798655,-0.04598434204196258,-0.04166389381005538
AGO,ssp245,gfdl-esm4,-0.03184218266648823,-0.03004961820038732,-0.011538488231320195,-0.011422345286004647,-0.016325875300918318,-0.021650059561770962,-0.017334504639405206,-0.015448283467050735,-0.010368673789008387,-0.011005453476829373,-0.007642928863344805,-0.005765149936691162,-0.004622816533639176,-0.005574730350036727,-0.0036028955328330733,-0.00421720472664002,-0.002727390387779004
ALB,ssp245,gfdl-esm4,-0.08920975803275823,-0.051595175904184575,-0.09666159723021056,-0.029652744059831627,-0.011198254661723514,-0.11271268201312479,-0.015079378608163328,-0.08147875576845712,-0.03352221678452245,-0.12432077250454927,-0.1143712555275333,-0.08652485544884349,-0.0669403091850831,-0.09599322096965432,-0.10926347140045413,-0.16818033525684548,-0.16446695706396108
ARG,ssp245,gfdl-esm4,-0.037301900138974865,-0.002343554384631642,-0.0030779139628818665,-0.001567931861460304,0.0006073394589726939,-0.005043689955717798,-0.002321958170621352,-0.0013337678866986833,-0.0014062507817737624,-0.0017420926539568314,-0.003136569442391556,-0.0018705609311293698,-0.0013577005026225734,0.00011651242874598353,-0.0006727132719547732,-0.0006465300250287342,-0.0005070031666835101
ARM,ssp245,gfdl-esm4,-0.0007466025609513945,-0.0006380714118928434,-0.0009272014189272084,-0.0006685792176242725,-0.0009401371127106091,-0.000307870640052846,-0.0010885992718519082,-0.00041278573181719423,-0.000675073914134828,-0.0007089266236200999,-0.00023502391892734028,-0.001311972050526064,-0.0005791594638860932,-0.0008394722570161473,-0.001571639487883341,-0.0002965117811959255,-0.00042091343585317536
AUS,ssp245,gfdl-esm4,0.0004627380129123019,-0.0008161030977277509,-0.0007336812418988063,-0.0011699236642465658,-0.0004767090806102088,-0.0006821222900199045,-0.00055217071626233,-0.0005865245013274503,-0.0007067512959573778,-0.0003067410530268678,-0.00025559212803951726,-0.000468067035008717,-0.0002944556494171641,-0.0001506909593059504,-0.00041870490692028355,-0.00034105508471643997,-0.00040172837044817665
AUT,ssp245,gfdl-esm4,-0.0036780228772730498,0.0013717155275877568,-0.0037188641090742237,-0.00014531078326056787,0.002850432166961068,-0.0037875255411827136,-0.00045379281965059475,8.919408928604468e-05,0.001967378169004277,0.00039760446311314166,-0.0052622212279347675,9.529119552059037e-05,0.00039646200889724946,0.0011979976462511018,0.001048077984637772,-0.0010337040645801412,0.000508067303577666
AZE,ssp245,gfdl-esm4,-0.013433529890536713,-0.010700920894145814,-0.009420015518440628,-0.011605069424910974,-0.012194072472054528,-0.002489806044953526,-0.017030654805534146,-0.0056879290883124845,-0.008722029857023859,-0.008830427092668822,-0.006731401925850046,-0.011682834239236032,-0.009167956009319574,-0.006646930770297531,-0.010476942291110259,-0.004742243604969033,-0.0037949447609177444
BDI,ssp245,gfdl-esm4,-0.37341120593807775,-0.13458705644794383,-0.1388211638081704,-0.0290015007649369,-0.02647373710171578,-0.0677872420846812,-0.0235066258323217,-0.017192163651992803,-0.0105844545341445,-0.004590836044997173,-0.011031467743286264,-0.003936480143500969,-0.0032272137175503065,-0.008197391460439088,-0.0036352875954253922,-0.004017134581114274,-0.005169803431504673
BEL,ssp245,gfdl-esm4,-7.129456978518965e-05,0.00037304121619715985,-0.0002908456570012979,0.00020542175677544256,-0.0004085748903749143,0.00012730075877947863,-0.0010171785291363414,0.00020831748106738609,-0.00025959754533467615,0.00021078117610332628,-0.0007170608017735579,-0.0010834323162979107,6.620425058036888e-06,0.0001974256470477418,0.00017657638291121745,-7.738046225984205e-05,-0.00019082839413359974
BEN,ssp245,gfdl-esm4,-0.013815650304236544,-0.13046413699876705,-0.37423943877688,-0.10859689853348538,-0.16334994586375304,-0.16022706480830373,-0.16819657901731938,-0.13048901064414614,-0.14000881595056286,-0.08599110621563791,-0.08503445183204923,-0.06628473268677594,-0.056812006376033924,-0.061328477153245,-0.04638029217993872,-0.04174162708341217,-0.026068702665886484
BFA,ssp245,gfdl-esm4,-0.08219561280572264,-0.20337072378517632,-0.3171619929042611,-0.04964486248525922,-0.13715688979383833,-0.18575946881548833,-0.10220333781867927,-0.08374154502356082,-0.07703690458601185,-0.041635248270339376,-0.04147146700980946,-0.04398422740549629,-0.03463405377995777,-0.035288158201621865,-0.025879742015237964,-0.020831687968072162,-0.01578009403269073
BGD,ssp245,gfdl-esm4,-0.0013457195621582407,-0.0018848593726255964,-0.01026452050841707,-0.00015431444045371423,-0.0018684012266114236,-0.0026433603558312746,-0.007084404676847692,-0.006013536046751409,-0.004953860976847024,-0.005713674755564528,-0.0037795102259889114,-0.0031875366973456733,-0.00168558418086016,-0.0020517317551597297,-0.000915035383143434,-0.003182697163613016,-0.002413164200414183
BGR,ssp245,gfdl-esm4,-0.10510941018983119,-0.043398891398599884,-0.06543807103102357,-0.02001779614075216,-0.0011219912778930193,-0.021445520600370884,-0.010575816283901642,-0.019682345943993543,-0.014306124029900173,-0.05428263129701918,-0.028986960264914607,-0.022036695772788384,-0.04939626080869789,-0.06294137642267196,-0.0597953216106143,-0.04100483093024258,-0.06420732492291514
BIH,ssp245,gfdl-esm4,-0.12527987475003335,-0.029462233869271794,-0.03026659831528057,-0.04965601350859115,5.331431862723912e-05,-0.08328715316691619,-0.00868277612555279,-0.026003611308195347,-0.004286623789303102,-0.08992431001319438,-0.15261996497986735,-0.050159797830014674,-0.04126693500568456,-0.05571815133242576,-0.08107693043115413,-0.16723594040378,-0.1775647579889696
BLZ,ssp245,gfdl-esm4,-0.16191134099998117,-0.22293250324958874,-0.1750070528018073,-0.03304435762581073,-0.12208956855487624,-0.052057201902096055,-0.03421839636318441,-0.10774378188950103,-0.04426417806821428,-0.0556054437080988,-0.03950690624014405,-0.0246919331394413,-0.04089201590327891,-0.04641891383520272,-0.01801506164637807,-0.031486585795288694,-0.017830886368543145
BOL,ssp245,gfdl-esm4,-0.007969994184734876,-0.027650812124639056,-0.043000502142148365,-0.029259623141466174,-0.03659829879126954,-0.037474252961012706,-0.008690518242313124,-0.030185978174339226,-0.017872902427315936,-0.009142449647462407,-0.023533831206055855,-0.022000287679722723,-0.0178026794744584,-0.0140303869620102,-0.015604858027080335,-0.01386616419665337,-0.01093401372763831
BRA,ssp245,gfdl-esm4,-0.03526149440827643,-0.03265119466139209,-0.08460893822053668,-0.026195548433426124,-0.03538265912148578,-0.04652411037641375,-0.015019834196457067,-0.036345699443592096,-0.03648379041309626,-0.026979710353930268,-0.029090809979285138,-0.0368058563458186,-0.029120768138192976,-0.03512912262784005,-0.039039618862801106,-0.045988658906555964,-0.019761772218229764
BTN,ssp245,gfdl-esm4,0.005856858321138776,-0.004936881779813621,-0.0023643557349205327,-0.0027909934245991586,-0.00019474793226403506,-0.0020907164775729953,-0.0021987269692006197,2.0879834327233736e-05,-0.0013916608170060788,-0.0015197486036890976,-0.0006802505977907977,-0.00016277203782397918,0.0004004884321931318,-0.00044815367157603856,-1.3411020273926536e-05,-0.0005612113765391189,8.270866547578309e-06
BWA,ssp245,gfdl-esm4,-0.0007688748374498658,-0.003850713464068491,-0.006291605320753163,-0.0017768037117119782,-0.001519614511667911,-0.0026510530959938635,-0.0032792704043394126,-0.0020844474003655056,-0.0027267272636918535,-0.002257232754641316,-0.002577359340962426,-0.002134516674564797,-0.002596788017165054,-0.002779855970584114,-0.0035528956706689973,-0.00222571623123333,-0.00259430835094804
CAF,ssp245,gfdl-esm4,-0.5991838646489004,-0.4965505465688213,-0.42758040528418284,-0.1912907786364101,-0.28194803693260145,-0.14986763838491338,-0.14784895533019995,-0.1413532732866832,-0.150060834261747,-0.08468458381698593,-0.07984133123211294,-0.04751642597985525,-0.06639962600851475,-0.05503659132441497,-0.04599089363316373,-0.045456509091295505,-0.03483650680251783
CAN,ssp245,gfdl-esm4,-0.000816464953813253,-0.004367581911662028,0.004034822205801345,-0.0002398594268647371,0.0008863421895979943,-0.0003135790534450614,-0.0003005617158630939,-0.00022358237932993454,-0.004005809606892095,-0.0007362591553929422,0.00015913550841276913,-0.006681493066497072,-0.005974552027080067,-0.0018693734693713065,-0.006107688747592453,-0.002125572717208415,-0.0023799461884379297
CHE,ssp245,gfdl-esm4,0.00040435390070066237,0.00027087936922166444,-0.00024709784030249506,0.000329679365772723,0.00023039198392684875,0.0002164621813845118,-3.113308955612212e-05,0.0001657026705011087,0.00020305806407907667,0.0001226233602090966,-9.348340096284858e-05,-3.188730185978785e-05,8.899250455536448e-06,0.00016145826494928347,8.067754592247587e-05,2.1897514741090935e-05,6.6676217462866e-05
CHL,ssp245,gfdl-esm4,-0.0009688952512994831,-0.0001936626760311478,-0.0005558931352180338,-4.8606939997139536e-05,0.00026223090361911575,-0.00019920507179307362,-0.0007133972099116749,7.62480008262512e-05,-0.0004307573735723452,-0.0005953045371963863,-0.0005155760300462779,-0.0005238969168689152,-0.000323232403014506,-0.00018749308209703853,-0.0004890170009612829,-0.0001359948275642869,-0.0003747885725115892
CHN,ssp245,gfdl-esm4,-0.027683864734185056,-0.019521888809516587,-0.020273811418184788,-0.014627166200913852,-0.011971187485144023,-0.03179234813849564,-0.012541956568646446,-0.013937152506366507,-0.020536111625027265,-0.0163600459623546,-0.01683869819925174,-0.011623772328512205,-0.014880624867051592,-0.028689102713093124,-0.01976424411703181,-0.01640190395130425,-0.016478274202517403
CIV,ssp245,gfdl-esm4,-0.017851776259174758,-0.05233843459336809,-0.07639611852185639,-0.04119426193465637,-0.0341273531905925,-0.03771520979022228,-0.02364732684582171,-0.020016210197616346,-0.02105014904291412,-0.011520732583391575,-0.013512153193100907,-0.013389767621581967,-0.011780662921928291,-0.011686315140387753,-0.009302116639372488,-0.008549371022204974,-0.006994072921008283
CMR,ssp245,gfdl-esm4,-0.027769820091853047,-0.12138498285075569,-0.1864634826804549,-0.04311847657545261,-0.06347322826881391,-0.051299247400035976,-0.03316681371680647,-0.033178923818632924,-0.0572148965281632,-0.0285241269814853,-0.027278192616986583,-0.021034467645431532,-0.026154006985245726,-0.030612856399948707,-0.02001661628656452,-0.022348618146958564,-0.014705297237832123
COL,ssp245,gfdl-esm4,0.00247964167122516,-0.0050458482434192625,-0.004849416746855744,-0.005191078078109933,-0.005616537043796684,-0.00717892911139749,-0.004831594224848103,-0.005459081316391792,-0.008509515001988894,-0.0048179956139510795,-0.0027563617588622505,-0.005582913273715238,-0.006440682774767354,-0.005321391210109719,-0.0023536451763703555,-0.004028785397116638,-0.003984763217937038
CRI,ssp245,gfdl-esm4,8.604406832171575e-05,-0.001712978362347942,-0.0006173862531711357,-0.0004561323239156365,-0.0006172609392092989,-0.00040879868962511915,-0.0003952528243259012,-0.0006337109278234454,-0.0008801303133182118,-0.000619498301094336,-0.00034200876352204554,-0.000574566466998018,-0.0005915416252974978,-0.0009773177447775603,-0.0003563097067749591,-0.0005270042337817345,-0.0006677231170226243
CZE,ssp245,gfdl-esm4,0.0010959638538007165,0.0014974043430107096,6.5018785297771e-05,0.0006485247076291737,0.0014400042976630315,-0.0007529622293175971,-0.0014368824074910936,0.00033170493567373017,0.000754801203220176,0.0006503070572960563,-0.002223209881681872,-0.00015302464777361375,0.0002718872058756513,0.00014827127608951996,0.0009279442591303933,0.00016630996625997295,0.00018796084018912705
DEU,ssp245,gfdl-esm4,0.00037481379046181654,0.000565191159783515,-0.0003384487424807588,0.0007526204590250566,-2.6023830531281265e-05,0.00024845758703523433,-0.0019641255838330277,0.00029599840829913073,-6.913541377550722e-05,8.60295479941311e-05,-0.0012056272423304044,-0.001122822609079428,-0.00011475886980225924,0.00037567383913672195,0.00014764865416381226,-7.499988858578577e-05,-0.00019735443649650242
DOM,ssp245,gfdl-esm4,-0.0015690176077260707,-0.0018248846732110745,-0.0010757141669667791,-0.00023295367698475655,-0.0009485529196804024,-0.0011357134071514462,-0.0007611141588144234,-0.002016023813547887,-0.0017896472839035677,-0.0020170297316926115,-0.001049589580138207,-0.0005066526807630348,-0.0017435044484748305,-0.001526809079928491,-0.0005888585621978733,-0.001049577769658228,-0.0009529245186488307
ECU,ssp245,gfdl-esm4,-0.012139430073109005,-0.061354285131383315,-0.044414369104383664,-0.0342541751025079,-0.046292990760308614,-0.023572154093430536,-0.025920514089470912,-0.03773051684492151,-0.03374305384402416,-0.016723612781767403,-0.02119491716552299,-0.02637576282685299,-0.023331322154115243,-0.015351791871882054,-0.014820819212348416,-0.01211207280580655,-0.012731450297978465
EGY,ssp245,gfdl-esm4,-0.004372859953804832,-0.0006774270048075517,-0.0008948352269736724,-0.0021538833348938346,-0.0005331996240468799,0.0012581128430225472,-0.0008064209139523097,0.00024196664765059703,9.274686656323405e-05,0.0010384846841842354,0.0014364106427792417,0.00032285024109701774,0.0008920851265003074,0.0003177089368499671,0.0005628014536625572,0.0005646280226159296,0.0008756769330686051
ERI,ssp245,gfdl-esm4,-0.07575565742139045,-0.2695444772452844,-0.18678444297326294,-0.2174851879495465,-0.17850012362724327,-0.13590271642923565,-0.08133384387256679,-0.23160935090278692,-0.18580314332503972,-0.13922023280089313,-0.11672940855400998,-0.11470527011175369,-0.07290510469534194,-0.09571994699863023,-0.0765635937670875,-0.07470539154526361,-0.06182424599928295
ESP,ssp245,gfdl-esm4,-0.0022403073220859694,0.00409050056642062,-0.0041281811282256895,-0.0031819827318675313,-0.004377272955217221,-0.004891428061158558,-0.0012393519236548376,-0.007222255779700004,-0.0005112071615568694,-0.0027109459740113535,-0.007112438714843954,-0.006079419970528476,-0.004824721630212831,-0.006564132540555774,-0.005831586266508717,-0.005390682851129617,-0.0005999577068068414
ETH,ssp245,gfdl-esm4,-0.02019343800060834,-0.053117864305102076,-0.008574409091092312,-0.0010951137092709159,-0.022174244258289882,-0.01578469685704406,-0.0059939849031463285,-0.013480541921301529,-0.006428787450217962,-0.0053806868329672715,-0.00566736359583407,-0.0029208439164817215,-0.004393706409591104,-0.0051170690993055604,-0.0038141572846888197,-0.003989189177098069,-0.003192737867931476
FRA,ssp245,gfdl-esm4,-0.0037111565941117764,0.0023856922411840753,-0.00472560219890946,-0.0018047125326181395,-0.0024038519624005926,-0.003533826829484305,-0.004573095712583123,-0.0018542701877711258,-0.0011438987984187187,-0.0013107542636638298,-0.0027224577146980227,-0.00402398000833581,-0.0024638036317844096,-0.0007746242223952356,-0.0027063027451529006,-0.0024885017676434702,-0.00030472186344315
GEO,ssp245,gfdl-esm4,-0.017191165153027856,-0.014742029931020495,-0.014855052690203346,-0.008993457566534007,-0.020381021885664933,-0.006223574055072017,-0.015579102928351128,-0.0062728286258676245,-0.008001664348614402,-0.010177210759053885,-0.0022840833967262015,-0.019623705234518805,-0.008674483984616265,-0.009307469947613294,-0.021695166151049265,-0.004874848765301973,-0.00981430730929202
GHA,ssp245,gfdl-esm4,0.015911303816184903,-0.035018145769764676,-0.06948003334928926,-0.02287477157002407,-0.028741617003136728,-0.03322168296962029,-0.026578285046274297,-0.021658502953758357,-0.026186083181480312,-0.01140004642045932,-0.01674683070702973,-0.01375384406144299,-0.01375101639207398,-0.014972058410497525,-0.011171831464883169,-0.01126792410737,-0.007723226613353108
GIN,ssp245,gfdl-esm4,-0.021021670414045058,-0.05553373604874679,-0.03440535290259571,-0.026528877472327378,-0.008985949451704568,-0.018319998814774082,-0.009686896656200131,-0.008108763707480876,-0.009580683881312923,-0.006728359344122439,-0.0046678152816006565,-0.005743307788439376,-0.004360245044930473,-0.003879913673764928,-0.0037461779249187074,-0.003934224156245609,-0.0026206425274743865
GMB,ssp245,gfdl-esm4,-0.004281412454726458,-0.032430183341547694,-0.031124266723481,-0.022346364830799267,-0.016918065531914054,-0.015071404480865934,-0.010151117164847286,-0.012314361221342732,-0.011197831569956192,-0.0061046140962545655,-0.0033970555468051914,-0.0036280317679680003,-0.0039322328236993265,-0.004066861468012661,-0.0015410441287817146,-0.0031311314959572155,-0.0020809991563854697
GNB,ssp245,gfdl-esm4,-0.0020539927032463398,-0.12841131870165368,-0.13800199592419954,-0.06535381834922263,-0.06524996929884469,-0.06560132592469546,-0.04604187270310695,-0.04221141206030794,-0.05534232341422035,-0.03153960156766448,-0.012090742176162773,-0.015923400861769573,-0.013211253633921172,-0.018821419513623917,-0.009831486541380304,-0.014175284823373822,-0.01062336463888816
GRC,ssp245,gfdl-esm4,-0.02232486816173739,-0.010265906958316327,-0.014204082694355845,-0.0010920840109288617,-0.0038736687491468143,-0.010580918100564309,-0.0005035845942469017,-0.00838260252133412,-0.0038809010586974115,-0.01509595875052654,-0.0075190945717586695,-0.00559127106047356,-0.0050243737709489734,-0.007913259016434228,-0.007256126103981979,-0.008407957278749325,-0.006762953564495236
HND,ssp245,gfdl-esm4,-0.09856731832630719,-0.1612501636830688,-0.07507650919760367,-0.013742069736211471,-0.04657584022219736,-0.0194265317993989,-0.014724086463036423,-0.04341800108978038,-0.02730504346397555,-0.027736231920579908,-0.01573937678475694,-0.012602244636540779,-0.020908978551331118,-0.022311376061473442,-0.007102302543096055,-0.014039215675832464,-0.008694531636875887
HRV,ssp245,gfdl-esm4,-0.05432479767405081,-0.0996525329595607,-0.15938692980932964,-0.1776360071318607,-0.019651893385422038,-0.3247534390240169,-0.10551307882722355,-0.11131601797165931,-0.05921853672720079,-0.28277126909504713,-0.5191720357766558,-0.17337778864395345,-0.142512003170811,-0.11772947504777734,-0.15706673599232446,-0.32455906861046757,-0.2272623199125246
HUN,ssp245,gfdl-esm4,-0.08814356085490513,-0.013659578838050645,-0.025217275374604164,-0.013248674905470983,-0.0010816868041902763,-0.020504632605568212,-0.01451378388684612,-0.0044232499687919995,-0.005220274211802598,-0.022264741195609207,-0.033633009074570494,-0.015141475484411719,-0.011231933752806431,-0.009990064766500318,-0.009539583960253919,-0.013271609200993866,-0.013003938765730931
IDN,ssp245,gfdl-esm4,0.004860470629566983,-0.020012547797712808,-0.030677164735686182,-0.022355632537151005,-0.016369584325907367,-0.01076165933790734,-0.005140689782698672,-0.01926081206314275,-0.017165103855132268,-0.007596642950647669,-0.0032837980532906008,-0.01635197353962141,-0.006682606304897626,-0.012988003123709044,-0.009964362455208273,-0.008760547819486465,-0.014008468203007511
IND,ssp245,gfdl-esm4,0.004602762407851778,-0.0007799810326351137,-0.00786541210471492,-6.206329646788662e-05,-0.005709260746936898,-0.0013250021606143296,-0.0006948908366655553,-0.0038142425200120827,-0.003678165326529138,-0.0007644511799260637,-0.0005740255459957721,-0.0009230600627543615,-0.0026990699227739247,-0.0013744202714569046,-0.00147824976668291,-0.0015808835135060612,-0.0017148078859335555
IRN,ssp245,gfdl-esm4,-0.0017811525728564299,-0.00025496882210136355,-0.00020986730954688625,-0.00015543591965860352,-0.0001505565877615606,-0.00014921722009134689,-0.00020789041676770896,-0.00014836142957187656,-0.00016447669565744337,-0.00010246193279028758,-0.00012443687074351832,-0.00012452698652971693,-0.00015605336739938852,-0.00012439057702224733,-0.00010465932542739804,-8.339280264583718e-05,-8.620522150011781e-05
IRQ,ssp245,gfdl-esm4,-0.014925369739177734,-0.0073977250193484325,-0.013558526964680814,-0.007197946554430414,-0.010747539536849812,-0.008980208641730748,-0.00833254927979042,-0.008520710228696566,-0.00670003380312921,-0.0061320644138132254,-0.005629512465834638,-0.004350356680443104,-0.003953102110681589,-0.003970090855696129,-0.002535442146055838,-0.0029381712223566898,-0.00222145890533843
ITA,ssp245,gfdl-esm4,-0.0022080491511545473,-0.0006477296618145967,0.0001062717034100602,0.00017645568284731824,0.0010165355788650135,0.0003805780510698581,0.0005975921051137649,-6.69059554340088e-06,0.00019051632021363572,0.00030555321369101586,-0.00047734140746603525,0.00015911994549953963,0.0004115242726967653,0.00015327242336845063,0.00020440143868102656,8.30313297640884e-05,8.767872172891407e-05
JAM,ssp245,gfdl-esm4,-0.0005847236037343663,-0.001594746294267461,-0.003907485480648486,-0.0018476834341506732,-0.0043274470479676645,-0.0015470879477593995,-0.0015966041483504694,-0.004672921823153488,-0.0029804776542699815,-0.0029664221558473266,-0.0028393890113492283,-0.0018676609817710901,-0.0026583866518550877,-0.0032575107277260846,-0.0015205369816227322,-0.0027201318282255066,-0.0018579809487700382
KAZ,ssp245,gfdl-esm4,-0.0029314022205996935,-0.004009892416251078,-0.004465017527618656,-0.0024531225986858737,-0.0022321687237713736,-0.0028598962150900627,-0.0032881074681757956,-0.0008551636433134415,-0.0038682197512611436,-0.0017215692550101003,-0.0021828774426357546,-0.003148114605170931,-0.002048335465297688,-0.0015854182315875255,-0.003393507984025675,-0.0012206474563041605,-0.002882894800013185
KEN,ssp245,gfdl-esm4,-0.04817120091982052,-0.031061823263576874,-0.033686225697022155,-0.04145863065543517,-0.04294165323992114,-0.04411834646219594,-0.02502533541465631,-0.025727769262373926,-0.017477256850596614,-0.01873203993095653,-0.016636190084200378,-0.01200514369250022,-0.011136201253878736,-0.013991009280827707,-0.005687433374538093,-0.008924957676654539,-0.008619695426150811
KGZ,ssp245,gfdl-esm4,-0.05916194819508574,-0.021037546481240788,-0.026321896717614018,0.011632235143380111,0.011319717020030103,-0.03502461458346772,-0.009128909690120578,0.0039619181352299,-0.028661632254647712,-0.012094088026706072,-0.0016347148736618263,-0.003668010428999814,0.0004439898718693301,-0.0007166946438158807,-0.0024077801607599127,0.00010719665936331886,-0.003024047759830564
KHM,ssp245,gfdl-esm4,-0.0578724588048227,0.003105321515078941,-0.05920204336160062,-0.04833310873867076,-0.005170080019933018,-0.015406664892493826,-0.0401585834161598,-0.04107116612584161,-0.04413589142305755,-0.024321711695043463,-0.026249371895628707,-0.022806657840518874,-0.02123511847677401,-0.014122453181424934,-0.024746971350261545,-0.023586095914243897,-0.01895928732070367
KOR,ssp245,gfdl-esm4,-0.00015177222789205472,-0.0001569672703158091,-7.482668346154346e-05,-0.00013696900452081777,-0.00018561163672654944,-0.00011101783810024274,-0.00015411864866076737,-0.00024611173319633316,-8.387293298268716e-05,-0.00010211386284809212,-0.00012889046996998767,-0.00011839300838651844,-0.00011870048961908251,-0.00017622123818965453,-8.040852960504423e-05,-0.0001474753816748516,-0.00028084062697949916
LAO,ssp245,gfdl-esm4,0.006650767921454182,-0.006623887739136814,-0.018803490926013175,-0.012932443609670101,-0.0037668405550495276,-0.007828850020042752,-0.01084999458359795,-0.010870150281640822,-0.008970734032902774,-0.01039372342262187,-0.00565778233624383,-0.007060472249643607,-0.0052142765820560434,-0.004952669648544095,-0.007104305604057242,-0.007225605474040126,-0.006290249789720851
LKA,ssp245,gfdl-esm4,-0.002131672115686753,-0.0031786921293144505,-0.0020610320556935435,-0.0010286816090921188,-0.0005982763156439085,-0.001844961202465656,-0.0008849391124892149,-0.0005791455670656946,-0.0019631213735505143,-0.0018141816589169507,-0.00047127110936977636,-0.0011675906851848726,-0.0017709372983825689,-0.0008497027777354146,-0.0007812558027779417,-0.0008964998164440331,-0.0008297224516878193
MAR,ssp245,gfdl-esm4,-0.0006158325980521245,0.0001627193863963395,5.95956626052525e-06,2.102431316737627e-05,-2.8292648538266367e-05,-7.321184727895644e-05,-1.468373849042953e-05,-0.00015683526004997648,-0.00011458626827738416,-5.767730547443015e-05,-0.0001657912427373359,-0.00010975763429558636,-0.00015354697585476671,-0.0001399563054627579,-0.0001326481772875155,-0.00012278211867490692,-2.2925268874376305e-06
MDA,ssp245,gfdl-esm4,-0.1212916511942156,-0.07831895719403488,-0.018625641894468244,-0.009579371729045322,-0.0029041372632765145,-0.06791976261357989,-0.038560116073141595,-0.021996280068327753,-0.02996647221342795,-0.059791713033091845,-0.033836601105938446,-0.011849737837833161,-0.022267822515320168,-0.039681010360063135,-0.02215516804225969,-0.022767752593683983,-0.06808024352343324
MDG,ssp245,gfdl-esm4,-0.006439719064592503,-0.007140810862873114,-0.009228714085139395,-0.004330893418557478,-0.002754613660151781,-0.0016050793250441805,-0.0031230528731808504,-0.0018331390145829296,-0.0017236601655704592,-0.001284562980968923,-0.0005820356200045974,-0.0006147803946885688,-0.0006139735766263878,-0.0006466819850632502,-0.0006365877995886554,-0.0005463197629722214,-0.0004984599432097738
MEX,ssp245,gfdl-esm4,-0.02094583136674216,-0.04340676996690031,-0.03390169759972655,-0.010945152071287698,-0.02513411346516462,-0.012425289917047196,-0.01427634619071328,-0.028718972810027953,-0.021029349537357758,-0.01539959104925852,-0.014667699209194217,-0.01227354306135168,-0.01736794677395001,-0.01795848942090884,-0.014224047341079083,-0.025269473824136277,-0.013199506393793721
MKD,ssp245,gfdl-esm4,-0.023730547254723927,-0.008694844782430539,-0.015311786177758907,-0.0016708740863387332,-0.0014233066468054148,-0.012939729916138735,0.0023091904876460768,-0.009288513855733035,-0.0017238056026113093,-0.017724201427388273,-0.010966916331790666,-0.0033643569037842633,-0.005048641075574708,-0.00933376322255835,-0.011881322855336652,-0.012879159216703365,-0.01431594931299691
MLI,ssp245,gfdl-esm4,-0.09218661639433348,-0.28714253495144354,-0.33522122588075226,-0.2209563013049926,-0.13473194990242982,-0.33242348221145807,-0.18303617997538998,-0.1711704725741665,-0.14809825543263874,-0.06937499087320595,-0.07454895549177627,-0.08491008647542848,-0.06748596541525999,-0.06811775216369315,-0.05086682664600738,-0.04456525821344602,-0.027974114361842658
MOZ,ssp245,gfdl-esm4,-0.10922608770374334,-0.1275646151398401,-0.13920659238748093,-0.04981349781494241,-0.046781362727167465,-0.029499098632764648,-0.03944468005946032,-0.024478240422975,-0.026985052217358196,-0.01715704203247216,-0.015165595594618907,-0.008701865814877457,-0.008528053227613734,-0.009791031625884421,-0.006750173537750135,-0.005977479536619069,-0.004655643025903631
MWI,ssp245,gfdl-esm4,-0.44450747984819283,-0.20129592764390136,-0.26116783916072267,-0.09067403362998715,-0.053356496338968135,-0.0632457391676856,-0.08619445854150343,-0.03669782055169246,-0.05320400254439577,-0.02655304635639575,-0.026157678369563384,-0.012707442443165445,-0.011593060425649379,-0.01200237096790919,-0.009148512989774102,-0.009294400178072756,-0.007514359375360515
MYS,ssp245,gfdl-esm4,-7.416045611580384e-06,-7.854805354747115e-05,-0.0001807287309819646,-0.00020248316298494796,-6.34023069606637e-05,-0.0001427581378826826,-8.014537345608108e-05,-8.379991461550337e-05,-0.00016236432492424768,-8.504496784679898e-05,-7.233422156859739e-05,-0.0001280931895818516,-0.0001337263006533738,-9.161723640858111e-05,-0.00010820413457263901,-0.00012627900797551714,-8.68104669358419e-05
NAM,ssp245,gfdl-esm4,0.010234637717663322,-0.01796341064281299,-0.037592562103270735,-0.006266618250297475,-0.0074637464143703066,-0.020853818068196348,-0.018223245658118007,-0.010004504215142995,-0.008455349834910737,-0.01008598335095052,-0.006886150015581748,-0.0027148527923423296,-0.006200312199392182,-0.008303316736776634,-0.010133265320077509,-0.010152376276656695,-0.006895189393363671
NER,ssp245,gfdl-esm4,-0.001370321548710836,-0.0030024295160185695,-0.004266255619902258,-0.000949340896182748,-0.001971069248406617,-0.0018824517174684942,-0.0005894675705394742,-0.0008209003207621169,-0.0008320443795109439,-0.00023577030174442524,-0.00032972668319041,-0.00032183789741237396,-0.00021349786069431488,-0.0002221548265265319,-0.0001314337348223228,-0.00012034572382388683,-8.598290786501687e-05
NGA,ssp245,gfdl-esm4,-0.019947986426189203,-0.019612003610058378,-0.040812412796853326,-0.010844691703990357,-0.015419800113345688,-0.017051660799461847,-0.012338529689564308,-0.009085618201278813,-0.011347521395299159,-0.006434383167096368,-0.006375954199154463,-0.005177297337948194,-0.004097164447302639,-0.0046795218355151205,-0.0034499280946536973,-0.0029963342042568617,-0.002148737062573089
NIC,ssp245,gfdl-esm4,-0.054784778521916155,-0.1600661418662845,-0.0764496480738817,-0.019186593386957464,-0.04662447612164509,-0.02618509500729799,-0.01715759544674211,-0.03956605091619453,-0.03513426909954074,-0.029501066147729703,-0.01824535284939122,-0.01921972308175523,-0.024654525891314238,-0.029668879151284064,-0.008519808739846651,-0.017430680877133394,-0.016640613057795267
NLD,ssp245,gfdl-esm4,4.978610108619861e-06,5.065071888175977e-05,-5.888864939390476e-05,2.8189808728325353e-05,-0.00013437651199973123,4.601943229390069e-05,-0.00022227524457365082,4.165095287068811e-05,-5.925349966832887e-05,1.7713726499881987e-05,-0.00012251461549508228,-0.00023028129618324428,6.168580451941826e-06,1.4206305194877795e-05,8.030155061331765e-06,-9.272977182502274e-06,-6.648005794560975e-05
NPL,ssp245,gfdl-esm4,0.002431916835285237,-0.05444104715039136,-0.012144973796836368,0.009293281316986209,-0.022867792328699624,-0.041820163599739224,-0.040288066744518646,-0.06633109563538077,-0.03903093187113125,-0.022251191307075372,-0.052677429184869784,-0.016280714803629876,-0.028904949729882234,-0.012199793696482922,-0.01733893500958976,-0.029304533037265042,-0.009031637046834075
NZL,ssp245,gfdl-esm4,0.0009349031621785898,-3.234382261024768e-05,0.000886024164221501,0.0006306206644118219,0.0004386740612708805,0.0008657549464547126,0.00043528998304876137,0.0002963130245339272,0.00036222110019779096,0.0005403743892197873,0.00042473216036072425,0.0002957788605138963,0.00032821686984463126,0.0003910709917948913,0.00015884846511657235,0.0004965346955139401,0.0003941028635778772
PAK,ssp245,gfdl-esm4,-0.02954640781612674,-0.007718967093890443,-0.0021639945798190945,9.388966483922314e-05,-0.008579883439756913,-0.00496694981982423,-0.0045952409039304205,-0.005831257364894532,-0.006304982516228961,-0.004918426239971436,-0.003816929706784552,-0.002016567144152164,-0.0033205936844231372,-0.003397736610226096,-0.0026002844286740685,-0.002061003994856024,-0.001854248365077104
PAN,ssp245,gfdl-esm4,0.0037047945970053366,-0.006203467418505415,-0.008049256205280473,-0.005248294586820741,-0.0062444965491461795,-0.004122728420887803,-0.005113271941126875,-0.004992978393418248,-0.01002776335205325,-0.005085071566540016,-0.0021123161414280255,-0.006961818829207335,-0.006184136218595105,-0.008395417331117224,-0.0027349776944520475,-0.00689957183645875,-0.005653882380706131
PER,ssp245,gfdl-esm4,-0.006261333934155829,-0.01721932735876147,-0.029168538434108708,-0.005758605939512737,-0.011702794500333784,-0.004509068700103195,-0.008877163311570126,-0.007573309805374408,-0.0050293291504687285,-0.003224243948967142,-0.006105579024796328,-0.007372571229413717,-0.0035193981370120146,-0.003634561481353139,-0.006422994958867977,-0.002089031164407447,-0.0040599369785038805
PHL,ssp245,gfdl-esm4,-0.01193171167733679,-0.017063141315495904,-0.03192806834634647,-0.01137378057626554,-0.016744602493434395,-0.020045327231681294,-0.016553859142456308,-0.013028550255071816,-0.017846422373290045,-0.006841554822970874,-0.007401174204896475,-0.012369690760477236,-0.01664052191200605,-0.006857455337629744,-0.014799528633629551,-0.017920288083378075,-0.0077488388364306045
POL,ssp245,gfdl-esm4,0.004153314884605987,0.0034337922675642027,0.000304908931796398,0.003036042458564624,0.003097720382139576,-0.0011705273512133245,-0.01611137910055463,0.0003470425997608651,-0.0039113424558208645,0.0033663719058276515,-0.01676133895047959,-0.008191055792997821,-0.0019902855553762962,-0.0025638607991444375,0.005451926302226125,0.00012901285676825548,0.0005591183349300197
PRT,ssp245,gfdl-esm4,-0.0023736210050545486,0.0028724584076887773,-0.006080455965749096,-0.0032051180747617695,-0.0022785051690678813,-0.005241029084121206,-0.0017505797774528733,-0.006835319008408652,-0.0010352408789572256,-0.0013473278111414233,-0.006826342940188512,-0.006623585183210817,-0.005603806420552448,-0.005539882767126364,-0.004508403301229392,-0.003739231572171678,-0.0004732536467456792
PRY,ssp245,gfdl-esm4,-0.24503927758696673,-0.10040633379982905,-0.1845491238685461,-0.06831984622926975,-0.08805941090775678,-0.19677748230748437,-0.006531373072002543,-0.09230970055073878,-0.04780013187124756,-0.03448550033073455,-0.11611019996270414,-0.08735555289877416,-0.04580780495473344,-0.04431547596018383,-0.06683906252046398,-0.07586268641245433,-0.04102065121119123
ROU,ssp245,gfdl-esm4,-0.06928214153555858,-0.03785551992354147,-0.03675456147969798,-0.011971052371288225,0.003928687314379446,-0.028582454428970408,-0.02645953131264869,-0.011968884470500124,-0.019503560383332053,-0.07117574420357962,-0.05154428545862008,-0.021674484078576053,-0.03340709244305745,-0.08017807275181937,-0.04052747372632403,-0.03217741805644198,-0.0900579765956156
RUS,ssp245,gfdl-esm4,-0.0013444819708452978,-0.011264899340015316,-0.008050983927105019,-0.007470644202905568,-0.005282310333652105,-0.004659252111530533,-0.00766575492809129,-0.0036433276810522584,-0.005393173654730126,-0.0024937659793813796,-0.0014042050677246403,-0.0055987425520109615,-0.00405395681455199,-0.00360287238366641,-0.006611887601566748,-0.002727949715019266,-0.003955317035394146
RWA,ssp245,gfdl-esm4,-0.09733304543773702,-0.028785575322664122,-0.025952432571035515,-0.0019830590357136422,-0.008312430912933067,-0.02388308435260199,-0.007252580214866453,-0.005764427041720448,-0.0029768109435117777,-0.0009922513498455193,-0.003916264827770827,-0.0005858069551577898,-0.00044070252511759184,-0.004253303616368734,-0.001120516372842386,-0.000594844697627751,-0.0024052184733020076
SEN,ssp245,gfdl-esm4,-0.024109608504504196,-0.11530222175332053,-0.09874178359640476,-0.07549332295192489,-0.06898576909709479,-0.07496910154841256,-0.04549279149741034,-0.05550237607665524,-0.05044329806844169,-0.029418116265874327,-0.017926792731240843,-0.01980206988553329,-0.01752702838408064,-0.018067680077949948,-0.008608638965792531,-0.013665973347409035,-0.00906255908856603
SLE,ssp245,gfdl-esm4,-0.003573167544830738,-0.004599061053062976,-0.005067601920382949,-0.003983835261011229,-0.0013727452453731808,-0.0031118328718421255,-0.0022865258531073974,-0.0015295499851544683,-0.0017057858470545006,-0.0013063129352416478,-0.0008237869261896678,-0.0011492807427106546,-0.000621348695682414,-0.0004942957055117595,-0.0004989296337831283,-0.0005682244444040589,-0.0003432350402447945
SLV,ssp245,gfdl-esm4,-0.04737613311862516,-0.2920922587379921,-0.09054894628547161,-0.052328163634577415,-0.11756080797215337,-0.08560491788892909,-0.03789411958252896,-0.13431485428852596,-0.10000513005962225,-0.0780221916505679,-0.04850681077951165,-0.05903442479722853,-0.09009665104375887,-0.13081487250786272,-0.050887727663214886,-0.07362739379996698,-0.0659029547648305
SRB,ssp245,gfdl-esm4,-0.3086523415777507,-0.07858005861651464,-0.09136160778766904,-0.06387293068081605,-0.015596044689583827,-0.10350332232398776,-0.04417275955551253,-0.046118852147192434,-0.029417687816729383,-0.17649534485878968,-0.18131702263921928,-0.08679464117920851,-0.06227684566923326,-0.12031419423621727,-0.10104254576116499,-0.14743686983035317,-0.18515787611103063
SVK,ssp245,gfdl-esm4,-0.02379853842223137,-0.0017073123657166613,-0.007949070864411559,-0.003932562621430441,0.0018143137456471297,-0.004154917827619865,-0.0013651179941925713,0.0007035985631752259,0.000598085363432324,-0.0013646022843602217,-0.006755758805479044,-0.0016416046144480593,-0.00025184888457158275,-0.0012454871089565553,0.0005921550941681346,-0.00096596854619408,-0.0004724617159037387
SVN,ssp245,gfdl-esm4,-0.009119145444930539,0.003225609906064366,0.0004764088987349238,0.0010909815103419406,0.002847923064269956,-0.0006534691764880105,0.001436337630663315,2.8078111909205096e-05,0.0019500469118700276,0.0008250892855049204,-0.0037070260195446025,0.00037633845397051693,0.0005078306491965288,0.0013890597807740587,0.001118470671430263,-0.0009598768462662551,0.00037951584429509583
TCD,ssp245,gfdl-esm4,-0.13842858441888026,-0.20389076279819282,-0.16893975955604099,-0.055140255115596906,-0.0576643198296551,-0.05043518866589806,-0.02947156691143962,-0.03089423374166365,-0.027771176850448914,-0.01294521531578853,-0.012009503901128786,-0.013555430009747172,-0.009286356105168795,-0.0105295275681295,-0.007610354929254975,-0.007018145777641923,-0.005144425743275283
TGO,ssp245,gfdl-esm4,0.03684864159499551,-0.13226138573355536,-0.47540582306381113,-0.1047040305992161,-0.12998231181421213,-0.16531162818503817,-0.18060034311638515,-0.11559383281036043,-0.13941273154355166,-0.07594426582359239,-0.0810662099530434,-0.06263051583511386,-0.05229932953132503,-0.05690401042172286,-0.04162852525528103,-0.038183947432302315,-0.024862429221972928
THA,ssp245,gfdl-esm4,0.00166858003196631,-0.0008921626467941658,-0.019280261980333127,-0.015062498109424274,-0.0010267864340954098,-0.0050644604499271205,-0.014748780877096072,-0.014294669423870802,-0.016388413777463195,-0.015335880176229846,-0.011635632521609127,-0.010559411884357797,-0.01124078575153341,-0.011524219795945605,-0.01510803408949502,-0.016417931174936094,-0.012375438351431413
TJK,ssp245,gfdl-esm4,0.009654402921561259,0.00840130966247911,0.00529837386719222,0.008427143386296047,0.005574050609959435,0.0019001349396365352,0.0035098287565129426,0.002016227349572172,0.0019004613720438558,0.0014692605922606108,0.002909605296423172,0.0016497726089396833,0.0015652604617412697,0.0016845711023583674,0.0015827877195547899,0.0011578092351678512,0.0013069851804476975
TKM,ssp245,gfdl-esm4,-0.004449463484504567,-0.003501736956232388,-0.0008528795304063698,-0.0009719320573011085,-0.0008153198357529031,-0.0005061363186454137,-0.0011983224721248773,-0.0009320745976569656,-0.0012196555687455912,-0.0006332354582753675,-0.0009712649365119237,-0.0008451268110904835,-0.0010140955204424671,-0.0008931725467504914,-0.0007410155030044176,-0.0006249526882497432,-0.0008359376470060299
TUR,ssp245,gfdl-esm4,-0.007917314174736708,-0.0015878667628196662,-0.001959795159894952,-0.0003424581869886732,-0.0014112551869627005,-0.0011885793204858472,-0.000754406974786832,-0.0006877135571717477,-0.0011415861514927517,-0.0017997388471721562,-0.001245685608954282,-0.001252859808195976,-0.0012205330465716985,-0.0010119817168128052,-0.0014794853143369295,-0.0008655914137691509,-0.0016165627906440938
TZA,ssp245,gfdl-esm4,-0.10588397005686656,-0.04508346118147871,-0.05616038690282554,-0.06680523554705557,-0.05032033996497596,-0.07747168908657207,-0.03172510267010312,-0.017350850860742093,-0.03012977351091306,-0.018053020427562932,-0.017310410898360593,-0.011664519805108303,-0.012966017017238112,-0.01189666407654497,-0.004651195233584467,-0.009361666484428969,-0.008073051352213725
UKR,ssp245,gfdl-esm4,-0.12248024880095172,-0.21311924809966817,-0.09570917348704092,-0.10032024039108917,0.003663119285873716,-0.08283342101320368,-0.06699640485191474,-0.017468870115933375,-0.05248182879489126,-0.04947604016768401,-0.01752196963903492,-0.025935667835346884,-0.027447110820819375,-0.019127155444677107,-0.030202478697540593,-0.01939947642824804,-0.05831159038946821
URY,ssp245,gfdl-esm4,-0.03429012314990529,-0.005522819287292532,-0.0018954625692245806,0.0005233543719432262,0.0002963317700004527,-0.007429904775949,-0.002575196872310542,-0.0009370528839494043,-0.003087231638471858,-0.0024607881590138444,-0.006542587862912726,-0.0023350898140509072,-0.0016149362909044596,-0.0004925505734750215,-0.002602616895544352,-0.0008510062739239778,-0.0016127011602075786
USA,ssp245,gfdl-esm4,-0.013530161498824566,-0.019719464248548688,-0.0024370793469122363,-0.01029313485477328,-0.00612093901828557,-0.010535343589659836,-0.019218458514864464,0.0013534045965917668,-0.016286344636772657,-0.013662260365381734,-0.004679113963073357,-0.01683356185996189,-0.026936739589137185,-0.008327474642300497,-0.021055493618370287,-0.011744811171620914,-0.019673684380727627
YEM,ssp245,gfdl-esm4,0.003215865383694534,-0.0010254809465141425,-0.0008232469976946146,-0.00030131820952080063,-0.0002527128259617417,-0.0001625113217230804,-0.00010032211736486032,-0.0003624113041767649,-0.00017627969584962068,-7.130331756222835e-05,-7.960238684707566e-05,-0.00015559636852490084,2.6409825085408535e-05,-0.00018049644071537065,-7.387039716947943e-05,-0.00014328874228214253,-0.00010098809294751687
ZAF,ssp245,gfdl-esm4,0.03333615766685648,-0.041608024607007695,-0.05016180159298963,-0.05706586355796802,-0.016878814085407964,-0.027628649924014797,-0.020956892959380805,-0.02511296591836378,-0.038687770679778424,-0.015615165557354035,-0.02478782265663038,-0.030314538639164865,-0.027940340192716545,-0.03204474488303643,-0.03731687895060597,-0.023144829416319415,-0.027326131763633865
ZMB,ssp245,gfdl-esm4,-0.044277002647742196,-0.05172521829964522,-0.06695749621865132,-0.017734903447167768,-0.02402708306374639,-0.018479194126281785,-0.0249947536724343,-0.01565091140912722,-0.01710323458472516,-0.007246029654553476,-0.0072558432506861295,-0.005921566381824929,-0.004877147366107916,-0.006914064198873708,-0.005464550092032826,-0.00377736347336395,-0.004177244938150318
ZWE,ssp245,gfdl-esm4,-0.12657654749482036,-0.179758568328738,-0.3913008286548749,-0.09587198016780142,-0.10770856333412358,-0.05498913986226203,-0.20925419684824767,-0.12410208802742584,-0.10414567730032229,-0.06435955868017328,-0.06899213050876342,-0.05811440637399519,-0.037231464264012866,-0.07586395288267381,-0.053916608144029946,-0.036623414954400156,-0.03935266806545074
AGO,ssp245,ipsl-cm6a-lr,-0.025409077031214995,-0.009471299945404011,-0.0068711251779461635,-0.01436801020412875,-0.018966575678150487,-0.010496644415036829,-0.010162618468092096,-0.013097028162501027,-0.00897220585381183,-0.00821959501500547,-0.006483341285382977,-0.006451902860688237,-0.0052475019608750235,-0.004237395190719399,-0.003484676632701116,-0.003278284196639671,-0.0036523950592971303
ALB,ssp245,ipsl-cm6a-lr,-0.036629776213176986,0.04194513000405582,-0.0976468518296172,-0.03492325190773925,-0.13858921870467872,-0.05157868895300491,-0.17048898247049873,-0.141214814118746,-0.15470757162920323,-0.1704176049244339,-0.15480743413763978,-0.15162981653848276,-0.10764540517604994,-0.1398065473094334,-0.17311010844740388,-0.21063959773032961,-0.20573462226657485
ARG,ssp245,ipsl-cm6a-lr,-0.030573531214916405,-0.007272968839751765,-0.007630742528046284,-0.0014743198891274951,-0.001936400264508466,-0.0031965122503402363,-0.002651231974443146,-0.003929392004172608,-0.003679880294227479,-0.001196228723666253,-0.0022810456499787143,-0.0025431812394166413,-0.002327955433704458,-0.0025038769792071636,-0.001974427553027122,-0.0015486319606158613,-0.0024404429701761926
ARM,ssp245,ipsl-cm6a-lr,-0.00040654673306166907,-0.0009759464649962933,2.3179709725713423e-05,-0.0008515705081049771,-0.0013045360972194907,-0.0003799229127502784,-0.0008543316845945456,-0.0015638873287730807,-0.0009356824012440746,-0.0018722968501892019,-0.0012034797634464984,-0.0007736695832446095,-0.0022882919335422184,-0.0013831539161050968,-0.0010053493475202717,-0.0021717003784876127,-0.0014561990351148577
AUS,ssp245,ipsl-cm6a-lr,0.0001321755609815273,-0.0009855684326306189,0.00016021393633963344,-0.0001620027349087457,-0.0010812726924902657,-0.00038587513315449507,-0.0005560529883022709,-0.0008646925511316909,-0.0003706680400191434,-5.170180136602088e-05,-0.00022570835847323122,-0.000320205457783722,-0.0003096808774733084,-0.0006753165899763739,-0.0006940828849692096,-0.0003348232729240411,-0.00039445491518516997
AUT,ssp245,ipsl-cm6a-lr,0.00023890655257654124,0.0008676562650537909,-0.0029075502848644463,-0.0006776964887214879,-0.006301606957937115,-0.00045195169506563273,-0.013033222407489341,-0.004776424875603841,-0.003054792107162265,-0.007664263363003427,-0.007601882443343614,-0.009065345234547672,-0.002277376272745507,-0.0010835472350753514,-0.0036837732323260755,-0.0037326258727704586,-0.004594652181590598
AZE,ssp245,ipsl-cm6a-lr,-0.009618958788828732,-0.011703603040249245,-0.0023810240345633164,-0.011867461664567648,-0.0183884602144188,-0.0062052738054000495,-0.013394355734894201,-0.020769900173069917,-0.01214228881987525,-0.01929871382392658,-0.012037754187092317,-0.010373663950117467,-0.019130432830168218,-0.015495227930132187,-0.011466125402029414,-0.014640636269956953,-0.010621915354878282
BDI,ssp245,ipsl-cm6a-lr,-0.35093322984903774,-0.10744928076032957,-0.039841741116582605,-0.037489224401619024,-0.030958748952975974,-0.04158468298163435,-0.011453743164357594,-0.016962592106535532,-0.02008707020342334,-0.01261999767297073,-0.009540656801175941,-0.0029014994566359266,-0.0044997558358934615,-0.005824501215444823,-0.005925594609278524,-0.005774213646594216,-0.005433229483219182
BEL,ssp245,ipsl-cm6a-lr,-9.336439570989695e-05,-0.0005150611907141461,-0.0006370752286621315,-6.0575293280429044e-05,2.063825137704051e-05,-0.0004719963189182086,-0.00033964424452174975,-0.00019044087351185505,6.62674368487049e-06,-0.0006023862654138904,-0.00030731184182218596,-0.0007838147855208535,2.7903239207267208e-05,4.106050158896094e-05,-0.00014175837083554705,-5.95413021622463e-05,-0.0004468039845669008
BEN,ssp245,ipsl-cm6a-lr,-0.5270058578651211,-0.36262462421292824,-0.10317290620895064,-0.12445680212414047,-0.35202187251005257,-0.21526471025845947,-0.1740865764001686,-0.20211314905358657,-0.15351382897403013,-0.11210988910136657,-0.08113470695076953,-0.08921419317746256,-0.07381060032100144,-0.07063778769232727,-0.05792812789422412,-0.04774651299150644,-0.041224991102535
BFA,ssp245,ipsl-cm6a-lr,-0.48715563873929846,-0.12277854731285569,-0.15522513429255363,-0.136845597599331,-0.23547690727216186,-0.06701833000965342,-0.10723023467926458,-0.10640107120516051,-0.09709841470557201,-0.059060243935968204,-0.03756048663725963,-0.044353204124084764,-0.03626654832841821,-0.033747363155932616,-0.027456232659589498,-0.023899271647717945,-0.019530584196444444
BGD,ssp245,ipsl-cm6a-lr,-0.021517981415041836,-0.006477514303590776,-0.010652892665688238,-0.0005597162157138322,-0.009587861329963273,-0.008410850850461607,-0.005856158388894713,-0.011187881292372925,-0.0062627643932582746,-0.008087489351212335,-0.0019096898438635123,-0.006437567795663945,-0.0030536574568040802,-0.007480009097418294,-0.0056555834418630475,-0.004130823788839825,-0.004933560985155238
BGR,ssp245,ipsl-cm6a-lr,0.010068685788715762,0.00754277661451618,-0.06883323391872617,-0.02784812552249253,-0.06899283571623084,-0.024975039938512238,-0.1025392828865655,-0.06557152609205227,-0.04980773253665679,-0.08822313286294232,-0.07322375184128797,-0.0813493422594062,-0.07137634398792331,-0.03953019430855989,-0.08893392677239523,-0.09878245453929456,-0.0887006918506391
BIH,ssp245,ipsl-cm6a-lr,-0.057255018161204325,0.022644180769965175,-0.13026290930745094,-0.0035970239114338706,-0.18079565120962693,-0.03720057765231872,-0.20145790253852866,-0.10940815836435788,-0.086992215016629,-0.23178746616396181,-0.1663750043415176,-0.2346648809021904,-0.1217789896661125,-0.13383630803205687,-0.2777889408408251,-0.2783028819680916,-0.3203170435079811
BLZ,ssp245,ipsl-cm6a-lr,-0.07949827758936502,-0.14725947191160918,-0.03702824412108975,-0.03988798171764472,-0.18019197444494167,-0.04524486926497178,-0.0648261439061912,-0.10858827944725188,-0.07194032571457021,-0.025708205591370166,-0.02900481351105215,-0.06383057418753316,-0.043344256737938604,-0.05730763783064691,-0.045637874529916383,-0.04047837880366045,-0.0296241918418387
BOL,ssp245,ipsl-cm6a-lr,0.008865645385205175,-0.0710030673362675,-0.018310936162875456,-0.02428905265502677,-0.050707556376025024,-0.03163909603110906,-0.05310168457897717,-0.036073293401857276,-0.032494517154956944,-0.012084891819434508,-0.01670010104263979,-0.018100097377311105,-0.018310917454383135,-0.02262368199995432,-0.020755971870694844,-0.01391113868525077,-0.021622330830824384
BRA,ssp245,ipsl-cm6a-lr,-0.01935674025584052,-0.05854384387890347,-0.03249666808021328,-0.021763012253507286,-0.04298026297947684,-0.031315705814611496,-0.044138529827379404,-0.046714323691959964,-0.0399660509411894,-0.04436146734783184,-0.034480085360425586,-0.04284457760874661,-0.038344262873196484,-0.044792077199985625,-0.04525387260529801,-0.03386588530210548,-0.04503521910138753
BTN,ssp245,ipsl-cm6a-lr,-0.004238601999257924,0.0010542286285238167,-0.003129477717334758,0.0007577936837237902,-0.0020310463674562433,0.00014239117771790456,-0.0002758338555115331,-0.0026984899001106107,-0.0006095769836210965,-0.0004897912832953327,0.00044390235776504787,-0.00026838739502776937,6.331780009914063e-05,-0.00040795140503835446,-0.00027824615184322794,-0.0004928691006689529,-0.0007843444752461946
BWA,ssp245,ipsl-cm6a-lr,-0.01707915388543194,-0.004111557084556068,-0.005560240477262798,-0.002291954679979415,-0.004358973707354839,-0.0034047800078249326,-0.0028434565140052154,-0.003997197945163008,-0.0025503185304431393,-0.0009756442610940776,-0.0014654538913968394,-0.002474755294483089,-0.0026287200765918103,-0.002749825146761011,-0.0028452837016897264,-0.003282604083940722,-0.0026450264096189837
CAF,ssp245,ipsl-cm6a-lr,-0.5048682249957098,-0.3161223316210799,-0.10385993577972386,-0.023099107340055713,-0.29809494014979315,-0.1868555882475497,-0.14013301638971348,-0.1344413562297296,-0.111622117033053,-0.03510708289217452,-0.04142629741985189,-0.045913122669033926,-0.06286909103087925,-0.06344147833566074,-0.05075745134881997,-0.03582943158018467,-0.03403160980448218
CAN,ssp245,ipsl-cm6a-lr,0.0019663794017654402,-0.0015536753459969917,-0.0025671170959206484,-0.0005776873600676608,-0.01133417370298503,-0.00754983479953365,-0.00585367131030933,-0.007290920577695263,-0.007218387994319139,0.0007500367382316185,-0.012626961859174337,-0.004232979734296639,-0.0005872132403005819,-0.0017051330742087229,-0.006772360250147127,-0.00775677670402859,-0.0064189508123341215
CHE,ssp245,ipsl-cm6a-lr,-0.0004127223811435503,0.0003321408353026806,-5.5684218842993576e-05,3.3121490122567115e-05,7.857171906551236e-05,-8.29467265515209e-05,-0.0005384041968564362,-0.0002851503973557718,8.585281322893609e-05,-0.000318904652068123,-0.000363497901414312,-0.0004048787005052396,-3.287964258324154e-05,1.3849216339162646e-05,-8.006288986131623e-05,-3.147345485614705e-05,-0.00020343879052395423
CHL,ssp245,ipsl-cm6a-lr,-0.0010611021306822066,-0.000595184624326199,-0.0006172589824937731,-0.0007945252138369807,-9.602845237557836e-05,-0.0002423091743665595,-0.0004596785993959814,-0.0008125313676010532,-0.0008531320904442079,-0.0010901526345018068,-0.0008396898914519589,-0.0003419354981498121,-0.0008746414391858351,-0.00022616274787578162,-0.0004742518514824455,-0.0009059463823370463,-0.0007364761934802853
CHN,ssp245,ipsl-cm6a-lr,-0.010148372430171573,-0.021710809679148044,-0.01926347674572557,-0.011668324102615335,-0.01941121642616106,-0.011935664794834377,-0.017466202297253753,-0.019852527638026952,-0.029099943344868668,-0.023330577017086525,-0.023473063691409175,-0.023615433531111903,-0.02386840952223321,-0.025468347574758517,-0.02903127024300217,-0.03394789825777918,-0.0262804003184226
CIV,ssp245,ipsl-cm6a-lr,-0.09054797820349027,-0.05850789751497781,-0.046026988718330365,-0.028271460619755346,-0.05329958293799939,-0.018410751395695736,-0.028782130052987562,-0.03121462630901495,-0.021305999671802724,-0.014375117395516236,-0.009935761371099265,-0.014051089442337579,-0.011677847838812703,-0.014097021048206874,-0.011958440935078075,-0.009783120929787094,-0.009776370320970425
CMR,ssp245,ipsl-cm6a-lr,-0.14352865314717847,-0.1316389382707114,-0.06337484647858058,-0.03697698429876672,-0.15954883066147088,-0.04726220665387176,-0.046256629033591214,-0.06783907381925383,-0.04572307343354789,-0.02241543926747836,-0.015718652666888273,-0.02637303525000438,-0.02507178909985753,-0.031123911795051536,-0.025107734525402985,-0.020596922606701824,-0.017074509962024507
COL,ssp245,ipsl-cm6a-lr,-0.007123500564025926,-0.012345473613673094,-0.0014125360881306688,-0.005694945973810714,-0.013124460675334017,-0.004277385113959843,-0.011511279159737795,-0.010496265115701467,-0.007705392722281766,-0.0033195290189930236,-0.003956721827450897,-0.006288945742271768,-0.0050186209991667586,-0.0095541360713646,-0.008101164276693685,-0.006768542615979195,-0.006173174331607358
CRI,ssp245,ipsl-cm6a-lr,-0.0031824637723309054,-0.0020725431195747768,-0.001007543496046595,-0.0010835599826536572,-0.0022278996672804433,-0.0010639187604885973,-0.001566663341255182,-0.0017724536545328153,-0.0015144622998229604,-0.0012423942941037472,-0.0011635537268194266,-0.0015392310952053677,-0.001236655777304544,-0.0014548448084958224,-0.0013751486912606712,-0.0013040538550370007,-0.0011232885728249895
CZE,ssp245,ipsl-cm6a-lr,-0.0007284746545170093,0.00021594067775987586,-0.002617615934677736,0.000163267452224151,-0.0032257936243301182,-0.0005262502859521335,-0.0054979587098802395,-0.0021740385255619252,-0.002033281341655561,-0.004225521836131427,-0.004019763067052684,-0.005917073958832773,-0.0010364376054744853,-0.00010013766958511585,-0.0017811853204860546,-0.0020856843510962102,-0.0024374602777790157
DEU,ssp245,ipsl-cm6a-lr,-0.0003241331051543102,-2.9373697175557853e-05,-0.001207662943433632,-0.000323167014295796,-0.00031715631538441934,-0.00043252734886192236,-0.0016343789435254226,-0.0009447903170509995,-0.0004923091437414951,-0.0014912147428145417,-0.0011682191790001587,-0.0024674856496928843,-0.00018708805226998892,-0.00012687577052618678,-0.0006752674339238522,-0.0004360275096614971,-0.0010558052395727082
DOM,ssp245,ipsl-cm6a-lr,-0.0015070178465938554,-0.002427368801058766,-0.0011509997012991923,-0.0023953318331638358,-0.002795145381548408,-0.0007550229024503375,-0.0019583213426331947,-0.003272420036873041,-0.00165827762155005,-0.0013109984932640711,-0.001969840890955494,-0.002171311273696846,-0.0026477234624736334,-0.002557989662808738,-0.0020358205215982236,-0.002255383253696619,-0.0011276232010785261
ECU,ssp245,ipsl-cm6a-lr,-0.028839007291003593,-0.026083439919526278,-0.022191874659134088,-0.025825420192856156,-0.02726408371307011,-0.02267383315410873,-0.020913245575951245,-0.01526660782926727,-0.027574915055924295,-0.02208071756264904,-0.01789242070028618,-0.01407261478770279,-0.012470875709031702,-0.015699168224476562,-0.015453963400087166,-0.012845605794710132,-0.01136214946791956
EGY,ssp245,ipsl-cm6a-lr,0.0009350650828430728,-0.0051566077378617904,0.0003360759666586864,-0.0005910380164089724,0.002003144181393245,-0.0005698915840394948,-0.00013583091510285697,0.0014048666974545328,0.0024351494492279653,0.001872304912001979,0.0017201349683769794,0.0016334760090961885,0.0018161516894359083,0.0016153819798616388,0.0015734021566122655,0.001784618985494465,0.0013994707176774764
ERI,ssp245,ipsl-cm6a-lr,-0.14730000480171612,-0.13983183525603637,0.07990279371087174,-0.09042648355276203,-0.05598545506907909,-0.2535813606638718,-0.18530010430330457,-0.2062199217636061,-0.14828592543288166,-0.07949309305696946,-0.03580023046870869,-0.06389972349536588,-0.09282698213620352,-0.11794198765880651,-0.09552522149332666,-0.0723248781110016,-0.06803798057317344
ESP,ssp245,ipsl-cm6a-lr,-0.00777957192908966,-0.0008378885241445643,-0.00735246951409015,-0.004377328132827736,-0.009810316193995982,-0.009215633602948433,-0.012558937858324971,-0.006634142496094485,-0.005890890392899966,-0.00971188078290044,-0.008397891266892835,-0.006984165555777855,-0.00755557602659636,-0.007057977571076429,-0.00779140701069408,-0.00601175819401527,-0.0065097476184382995
ETH,ssp245,ipsl-cm6a-lr,-0.06490302938378326,-0.021345718157250535,-0.01660098540803289,-0.020912145682468318,-0.01228492621929383,-0.028792086510436368,-0.017968351401477616,-0.016746552889189057,-0.007928166824633471,-0.004944638592402212,-0.00423102277420224,-0.0051754708041037,-0.00511791810874989,-0.006651878843341758,-0.005139248886167205,-0.004114006546220167,-0.004467588489548636
FRA,ssp245,ipsl-cm6a-lr,-0.0072373754272510625,0.00039751526568804245,-0.004685489172867212,-0.0019790217740084785,-0.003374073066047591,-0.006471960683813305,-0.010909239124873868,-0.004025834742534011,-0.0032906828363889044,-0.009033185207362763,-0.006908557765062885,-0.005106866975650406,-0.003463398669543788,-0.0026976076570099494,-0.005466112737936308,-0.0025774741287109514,-0.005118951026368007
GEO,ssp245,ipsl-cm6a-lr,-0.00971065634941451,-0.01966302936133372,-0.003152287473704414,-0.014474090680110688,-0.020638346700948305,-0.0064606978865037,-0.01439528003280827,-0.022485060418694774,-0.012769419270130837,-0.025915963969541787,-0.01696602247965954,-0.014458646317002834,-0.03403991208715049,-0.02251180213017648,-0.01564131675190564,-0.03620754840269231,-0.021310380156404123
GHA,ssp245,ipsl-cm6a-lr,-0.15024263885181813,-0.05466477274907756,-0.03058531912700739,-0.029094269281853706,-0.07325006919438963,-0.03154909195785735,-0.03686838319553468,-0.03902848151189467,-0.028123342864296175,-0.02063431957085491,-0.01708517768870072,-0.019954337617345094,-0.017244586446940484,-0.017965690120931074,-0.015235790133625917,-0.013372939356457407,-0.012206896999651452
GIN,ssp245,ipsl-cm6a-lr,-0.053398952829332845,-0.06377616581060863,-0.004641310761403619,-0.017438156141227658,-0.018817785993705052,-0.012948331641523748,-0.01401698049933375,-0.011437651251731594,-0.007376194708704475,-0.0055125726520938185,-0.0030883830830293318,-0.006872971989294021,-0.006105747031355727,-0.006525060907257759,-0.005207588285493239,-0.004327400296959456,-0.004337088029375474
GMB,ssp245,ipsl-cm6a-lr,-0.036237465522787914,-0.04412980760239078,-0.006474004690393578,-0.02410360618656069,-0.028304250487411604,-0.021130320572424886,-0.015198074902360505,-0.014923099057677643,-0.01046215139161322,-0.008728157832015278,-0.00578518077334937,-0.006278585657637602,-0.004820575344390966,-0.005027806101151532,-0.0041970916829548325,-0.003396141248423446,-0.0029672795981701824
GNB,ssp245,ipsl-cm6a-lr,-0.09522135502771702,-0.2634695885165256,-0.07566683989190164,-0.13919239220250632,-0.124710186567036,-0.10326066594908924,-0.06874739116435084,-0.07458445903588805,-0.05058911843884938,-0.0432773397334179,-0.03009799336426025,-0.031994698518686956,-0.025057515267722933,-0.024769496722906844,-0.02102569307025759,-0.01722301898455786,-0.015717402690904297
GRC,ssp245,ipsl-cm6a-lr,-0.0006927322010663694,0.0039043254475851943,-0.013659858437287092,-0.008088482420324393,-0.0182775014997401,-0.005465796187050777,-0.0181326274981643,-0.01344419145412297,-0.014232723077340024,-0.01584369526592057,-0.013113565084793834,-0.011662437005066159,-0.011395968070633915,-0.008533484868779622,-0.010834685801893814,-0.010800024414102506,-0.009363796992497307
HND,ssp245,ipsl-cm6a-lr,-0.08549368674607769,-0.10974275881770441,-0.049973534358415686,-0.046144732061444746,-0.11243655103743014,-0.03500601168998716,-0.059640628432823126,-0.059940612019167644,-0.03916287066808091,-0.027956345476819914,-0.028188083698324963,-0.03695124664120262,-0.024166703643258316,-0.03312585633834076,-0.024893123341446066,-0.02558851347387143,-0.01905975428706964
HRV,ssp245,ipsl-cm6a-lr,-0.03574191096449908,0.035363093370631815,-0.43641585997743265,-0.026592861597094987,-0.6683689500647091,-0.16176542967544721,-0.7055719681702828,-0.3653089382439761,-0.2532425223949979,-0.6988770488984217,-0.5246504230684687,-0.7053002383624415,-0.34072299647455623,-0.335269428094004,-0.5991284156336273,-0.49657113049857793,-0.5183821042574861
HUN,ssp245,ipsl-cm6a-lr,-0.022568241806581926,0.0025225155879714384,-0.041489729088835976,-0.004414477799233159,-0.049905277077885786,-0.012960679713182788,-0.05188017557595522,-0.02072507697689452,-0.01471690866166074,-0.047348201837680154,-0.03357318474007388,-0.047752630333791964,-0.01585273651121654,-0.02026052351529579,-0.035523694476005216,-0.02830287930821013,-0.03229672622437415
IDN,ssp245,ipsl-cm6a-lr,-0.016362336684071156,-0.035034065812383865,-0.009951681466060583,-0.01481943597324601,-0.041581807244115594,-0.02609545428771559,-0.03209733990946399,-0.024354623795256904,-0.021733895885535686,-0.017492678630652996,-0.011253617683763003,-0.019744407468916845,-0.018885886265663555,-0.028447814375762413,-0.019069496988017475,-0.017771282503411,-0.021104320387462856
IND,ssp245,ipsl-cm6a-lr,-0.00366891343089282,0.0010954792650815185,0.0023085256001802433,0.0018228314355385987,-0.006344722070385041,-0.004738953710116907,-0.00478629703747913,-0.0055626283180639545,-0.004196317186290668,-0.0035467768873160966,-0.0012531120412872878,-0.0009817394654411816,-0.0023251144419489944,-0.004305284324302453,-0.0029140429024980324,-0.002183806445593754,-0.0027503661789643093
IRN,ssp245,ipsl-cm6a-lr,-0.0007604299906452755,-0.00013988154230530316,-0.00013808786089782027,-0.0002630050359451501,-0.0002702709492194686,-0.0001624415279172564,-0.00019375389971265598,-0.00023971211243317776,-0.0001834881213931252,-0.00020568643161077366,-0.00015375924276985186,-0.0001817355987756671,-0.0001865115742604218,-0.0001685322184628199,-0.00015495733228164602,-0.00015261056939053712,-0.00011685101694179693
IRQ,ssp245,ipsl-cm6a-lr,-0.00945554729024889,-0.0041052718585524615,-0.008047701873981834,-0.012382201061354427,-0.009391968211574888,-0.006735971845975184,-0.008848981561114636,-0.008114889955780224,-0.0076594313741627515,-0.006637296506500612,-0.004823747049684636,-0.005234725447391485,-0.003641560848639448,-0.002935063320875556,-0.003218417534745066,-0.0016276511812204134,-0.0021987650495606257
ITA,ssp245,ipsl-cm6a-lr,-0.0021520243324279426,0.00029785889723345015,0.00016053495615283274,7.364892642797441e-05,-0.00018159113101757246,-0.0006889729341684306,-0.0009585492261123646,-0.0008526454894035865,-0.001130894695623391,-0.0006972694879064462,-0.0009864388296340063,-0.00017181000780641144,-0.0006920875948884557,-0.0006633670252898074,-0.0007993205305041803,0.0003396648644160263,-0.00025968878381049724
JAM,ssp245,ipsl-cm6a-lr,-0.0030536074989123514,-0.0014745827254279847,-0.0028014393495934074,-0.0019388893331961556,-0.005146720410173632,-0.002886676922337711,-0.003354953837925571,-0.004721340601944325,-0.0042560728993998286,-0.0013442941524096814,-0.0021409723236437248,-0.001934562924262827,-0.003170341363703156,-0.0048930961003636605,-0.004871563622429125,-0.003307393837513097,-0.004189685826154316
KAZ,ssp245,ipsl-cm6a-lr,-0.000869792664240674,-0.0032706317470416195,-0.002073477379504094,-0.003143353619227506,-0.0026098313129378236,-0.0037790616010204255,-0.004254743647024139,-0.004714791161178746,-0.004479811469410821,-0.004516571190128618,-0.006159288571105722,-0.0060393104765555945,-0.006099387327968024,-0.005131146497096357,-0.005065841358156861,-0.006827162655988316,-0.005919822582669291
KEN,ssp245,ipsl-cm6a-lr,-0.07448518168135185,-0.020578865427288106,-0.021670880510602245,-0.013659203968435544,-0.039277490075633734,-0.03331884503003707,-0.028954464204100465,-0.021148076577128982,-0.01470032118991604,-0.012177505856039049,-0.00877024370411004,-0.008391852986175402,-0.00963861377979081,-0.0103281347208434,-0.011850202304460818,-0.00987865202114663,-0.009397675102246839
KGZ,ssp245,ipsl-cm6a-lr,0.010261798706263158,0.0269231186093562,-0.03156682353339449,0.008345580162823902,0.0027742303668036217,-0.003528087259538151,0.0005603008459145599,-0.018611304791346935,-0.011299240773869379,0.0015845964843262473,-0.014071857640388425,-0.012758511096448016,-0.014422205935391785,-0.014532779939855345,-0.0007396375748659124,-0.018599359859549455,-0.005740521454801435
KHM,ssp245,ipsl-cm6a-lr,-0.12094736635202083,-0.10156773806397269,0.028792409542885866,-0.030487202698876666,-0.12393754011171189,-0.0665566943545572,-0.06347703897969822,-0.06319954085907914,-0.05562762364840308,-0.041174806096960025,-0.027493524025535697,-0.023845088792830683,-0.03060349739215336,-0.03368528775896108,-0.02459452287794487,-0.022495157700989324,-0.0255570371520221
KOR,ssp245,ipsl-cm6a-lr,-1.5453769516543717e-05,-0.00010099296911304383,-6.0585701048606404e-05,-6.496381351694461e-05,-7.980769446754574e-05,-3.406828408188819e-05,-0.00014302673431294125,-0.00015728389989816128,-0.00013312982365570907,-0.00028271170726354314,-0.00012115083474219812,-0.00016325499731019707,-0.00010167494527198448,-0.0001449932461826387,-0.00010695329037261494,-0.0001767590803781157,-0.00012157179438849314
LAO,ssp245,ipsl-cm6a-lr,-0.044240728171799436,-0.01879142564706731,-0.006418747415322593,-0.0021080078866728418,-0.022559535995796878,-0.00962235233853917,-0.006487294627840921,-0.013831346271870888,-0.009219684738887679,-0.007864612749913912,-0.0037734585591091834,-0.001798484024333451,-0.004565577587026738,-0.007127435077669307,-0.004539315557724553,-0.0045546285493758346,-0.009154914297002398
LKA,ssp245,ipsl-cm6a-lr,-0.003932595973857695,-0.0033266917286060333,-0.0005412402806845046,-0.0009560273249821033,-0.0033206989346742633,-0.0013513378574680549,-0.0015420438820720752,-0.001984486930903717,-0.0015827267042129712,-0.0008835625525520267,-0.0008453276819586103,-0.0009855825411855584,-0.0013457134985510508,-0.0018071627728216012,-0.001864280957484304,-0.0017826312056997513,-0.0009061197709727108
MAR,ssp245,ipsl-cm6a-lr,-0.00016733708874207016,-0.00010430310946349043,-0.00020949255463208896,-1.3647294090556959e-05,-0.0003191472419754467,-0.00013800423326740404,-0.0002191309831134931,-0.00012384990673014598,-0.000207165586185368,-0.00019814796843831652,-0.00021184178671766242,-0.00012667050788036445,-5.874457821224343e-05,-9.284649157465813e-05,-0.0001172776762695705,-7.357975312686135e-05,-7.893300940664647e-05
MDA,ssp245,ipsl-cm6a-lr,0.006698038847915808,-0.0011984204043962213,-0.12276247706065478,-0.03297907521391379,-0.17708352063836388,-0.052217531034351956,-0.18105852215916876,-0.10783571157515698,-0.08308522160606929,-0.15426130403004398,-0.11504941154153575,-0.13518932198982453,-0.07704827896481928,-0.04847541340507265,-0.12587200460716172,-0.11198589366528153,-0.10268956835486018
MDG,ssp245,ipsl-cm6a-lr,-0.01478454482742735,-0.004682073804715591,-0.001782322677794867,-0.007607749447600794,-0.007715305696005816,-0.001644737689892218,-0.005552741784157903,-0.003803178853288126,-0.0020633031942466854,-0.0011632388397565076,-0.0012023714488898633,-0.0014605131996052237,-0.0007166548370562596,-0.0012547136266934558,-0.000468781572050109,-0.0004440724886937002,-0.0004929165272596894
MEX,ssp245,ipsl-cm6a-lr,-0.029012382260264,-0.03876706812159904,-0.008058481464575174,-0.01701501230502278,-0.034063743060580715,-0.021490832818924853,-0.026740614528840904,-0.029499659684556777,-0.02491957441845545,-0.012655238309311147,-0.015172768759523454,-0.020993002449400798,-0.016475025645011986,-0.029041972124257402,-0.027170049342205727,-0.019901199087771007,-0.02373082877220561
MKD,ssp245,ipsl-cm6a-lr,-0.003173182569193276,0.011473484407083411,-0.019570233063452413,-0.006982087606157246,-0.02047570310632142,-0.005119064093068396,-0.02808493431285674,-0.021016822653658875,-0.019765465343127293,-0.023134276952769237,-0.01790039226839059,-0.018242591954039468,-0.013176911658125184,-0.012780237303129237,-0.01610272546649521,-0.026998332611749006,-0.01944149782643125
MLI,ssp245,ipsl-cm6a-lr,-0.476734554945279,-0.3705971182182029,-0.05213855090770166,-0.31723883267321884,-0.3927810866306484,-0.2395602638909634,-0.2574647621274211,-0.236990116262675,-0.1765611762095814,-0.1276987419820453,-0.08110657919291289,-0.10349053338253279,-0.0802538115711392,-0.07790809076957249,-0.06380576668586854,-0.04977139601869889,-0.043583828962178085
MOZ,ssp245,ipsl-cm6a-lr,-0.2619722582974801,-0.14700007060633236,-0.04397667922766578,-0.07619839529833733,-0.10903217000222055,-0.02206022671511607,-0.04697466520757229,-0.049981995771215426,-0.03638193579196977,-0.011371473942650555,-0.011087739611246575,-0.0140471524223838,-0.010044155583551151,-0.01700552251966195,-0.011011893422009221,-0.007439661402075993,-0.006649305384915032
MWI,ssp245,ipsl-cm6a-lr,-0.658702859774687,-0.31297585065087974,-0.1316005852605994,-0.11087407681822427,-0.19578907118226216,-0.07228665533646268,-0.08948253724962216,-0.10439586023146355,-0.06076296224820319,-0.02005242197126072,-0.024322318183490774,-0.0268134053170713,-0.015150341734675974,-0.028736758889424112,-0.015668483512812203,-0.012753958582645154,-0.010460990328663888
MYS,ssp245,ipsl-cm6a-lr,-0.00016297827333150796,-0.00016199958463980948,-5.9816223200206016e-05,-8.825616214314612e-05,-0.0002699649077654609,-6.509867642415884e-05,-0.00017263047879793032,-0.00014687615132533816,-0.00016000373398733508,-0.00012112836041126778,-0.00012766649556304895,-0.00013610706749735946,-9.558485945330113e-05,-0.00013378296858873655,-0.00013776048780876572,-0.00012492764937480959,-8.778141584213123e-05
NAM,ssp245,ipsl-cm6a-lr,-0.013764173279391025,-0.014255131608626837,-0.004653737780674994,-0.012649248012577472,-0.022650187557169115,-0.005484516528708304,-0.010558193521492964,-0.01575928627357755,-0.0064594529382480765,-0.005368589595470135,-0.003049362674408998,-0.00480911327141771,-0.005438954683107108,-0.010539322224565804,-0.011735917419218258,-0.00809428059074538,-0.007744306366167285
NER,ssp245,ipsl-cm6a-lr,-0.0038785615521624768,-0.002714712174155979,-6.555320903976159e-05,-0.0015386018493011866,-0.0013407843776698381,-0.0004184214271052134,-0.0012572377234564816,-0.0008745467097299643,-0.000804544975490219,-0.00041620045452217975,-0.00019150967560769853,-0.0001958206822886661,-0.00020726414602261235,-0.0001973669521020331,-0.00012191444514981257,-0.00010642119575137841,-8.303290242721088e-05
NGA,ssp245,ipsl-cm6a-lr,-0.0695057565462844,-0.027436267339436923,-0.021706415972425966,-0.012437055652615884,-0.03383946290297571,-0.012978685590470166,-0.014048757143280795,-0.015313078472206941,-0.012102820198603257,-0.0067307090867544635,-0.004708290733432417,-0.005823447721566559,-0.005245568538228108,-0.005257181806555601,-0.004155676752299366,-0.003262318809815585,-0.0028431590158794827
NIC,ssp245,ipsl-cm6a-lr,-0.07458260479610584,-0.11880039880093923,-0.05061736536812507,-0.04981597900596586,-0.12640429429355876,-0.03998842611531367,-0.07417571289983077,-0.07908720965802865,-0.05080524275965216,-0.038167423232329765,-0.031898330736382485,-0.048727258755259115,-0.03337394638455368,-0.042569832234593014,-0.034183400500546864,-0.035657089943187344,-0.02391531853557907
NLD,ssp245,ipsl-cm6a-lr,-4.35582090126974e-06,-0.0001621854866736256,-0.00015628398368015999,-3.73156667203731e-05,-1.758638721458819e-05,-9.17968769356747e-05,-4.4053867000664885e-05,-1.8065497341495343e-05,1.6799164240402039e-06,-8.43372579289494e-05,-0.00011785295204545039,-0.00017905856149270512,1.5813414723777285e-05,6.6265810616482386e-06,-4.3937747343563665e-05,-7.200496465796425e-06,-8.915361027033388e-05
NPL,ssp245,ipsl-cm6a-lr,-0.13782133571024482,-0.0012100548187991556,-0.01678410748280845,0.005124425012918404,-0.11523207534886368,-0.053956313842248325,-0.04116877791487509,-0.09744368467375933,-0.0501784841453371,-0.06727438320736687,-0.024401488298064967,-0.03937722712064002,-0.02280900693299195,-0.04615700188488245,-0.026712786236898673,-0.024821401913677016,-0.02382495352045365
NZL,ssp245,ipsl-cm6a-lr,-0.00019925996496707434,2.9595583595149772e-05,0.00029269107463063276,0.001071057039649847,0.000524078809151211,0.00030785603530515893,0.0004453039257502575,0.00022812185130376426,0.0005481725433627487,0.0003667891005572441,0.00015786812379315246,0.0003750814911952396,0.00015774074684049967,0.0002626381907672545,9.176658552185554e-05,0.00029837185063209956,3.292351275826638e-05
PAK,ssp245,ipsl-cm6a-lr,-0.019469906762059123,-0.015911258450085515,-0.007944801523464641,-0.01271461468591504,-0.012521424592902983,-0.00726401050104669,-0.004029457113018739,-0.005024544929518519,-0.009081757928753816,-0.005740590945143385,-0.0053637347982670135,-0.004783726858602966,-0.0035053753438490315,-0.0036678092961443735,-0.0031233522393410073,-0.002508385408332202,-0.002014442008988914
PAN,ssp245,ipsl-cm6a-lr,-0.02378252643366856,-0.018320296872685698,-0.003528951289550718,-0.005777507819596682,-0.014738442774523753,-0.006615388201745254,-0.00782582568116895,-0.010883435702244393,-0.009473397135777276,-0.006513409008674318,-0.007296634518879316,-0.009795810184730287,-0.006877042794124809,-0.011380608344881929,-0.011876850118937883,-0.010128926621631612,-0.00914559922279418
PER,ssp245,ipsl-cm6a-lr,-0.0026449945654992385,0.0003492950127083379,-0.0032968378118697797,-0.006322419124113085,-0.006521056964328182,-0.0015363207862284078,-0.0025496355341542752,-0.002707272474516561,-0.005388256401792205,-0.004079203212852081,-0.003576432234696443,-0.001146316198406419,-0.0034455390799084445,-0.003211391859345719,-0.0033387094725794257,-0.0030054649145713893,-0.0023501085407076246
PHL,ssp245,ipsl-cm6a-lr,-0.007306618460889307,-0.02439185528096093,-0.012212360092029695,-0.023324242373114725,-0.04015202745417968,-0.014885505795745295,-0.02070282035258325,-0.021213993732213006,-0.02643786780159501,-0.015859079590522115,-0.014159790991013914,-0.009791160263577917,-0.013605035911816717,-0.017272767012946607,-0.017182738535506076,-0.010345045892132152,-0.014525043112961005
POL,ssp245,ipsl-cm6a-lr,-0.0035977534376877424,-0.0024293140447887874,-0.017690894737768505,0.00028770469374116413,-0.017877745073186038,-0.0034665845246904053,-0.018287797663941306,-0.009172571406966262,-0.009132344867660578,-0.023028739952363063,-0.024928318494408276,-0.03672998653731324,-0.006731571581635879,-0.0026174642164691407,-0.012560132587553265,-0.012251640152766743,-0.01939382642473981
PRT,ssp245,ipsl-cm6a-lr,-0.00504008727073507,9.521837470669077e-05,-0.0053021488704997795,-0.004301678251251938,-0.00706722974357637,-0.009992517707755907,-0.012848559167881588,-0.0047672940840006554,-0.0038673973642893646,-0.008637928990325026,-0.01037163708832577,-0.006461707741553201,-0.006456469358897371,-0.007881134345071535,-0.00927815627478551,-0.0035281455398728035,-0.007281027384048349
PRY,ssp245,ipsl-cm6a-lr,0.05240127445143038,-0.08102547673119143,-0.12305888796806895,-0.12539028772083352,-0.21053643181013554,-0.16381819980560935,-0.15092515833408693,-0.1300578018990932,-0.10569176144488432,-0.12578421033314394,-0.08831994015109643,-0.07571488811685194,-0.10171329116236917,-0.06530527166141378,-0.0959442812267933,-0.05557195519580748,-0.092909728764696
ROU,ssp245,ipsl-cm6a-lr,0.010511285993640767,0.00856714642572474,-0.06315847795354684,-0.0009084211779178719,-0.09336333640365736,-0.03427148988971896,-0.1251690836285942,-0.05864245433384103,-0.05667889489047383,-0.14139328999787196,-0.09442580635765703,-0.11303672911935744,-0.07382737323709403,-0.05416612701165689,-0.1330831240141862,-0.12412608166487873,-0.1349932038446565
RUS,ssp245,ipsl-cm6a-lr,-0.005375190642628627,-0.011746281562697521,-0.0023932938755103278,-0.0058113391996479835,-0.007791974881541685,-0.0069305730628914765,-0.011506848501797711,-0.00902504532890417,-0.007533167640100058,-0.010755726199189145,-0.007835994486057629,-0.007742522411505498,-0.008781521907354643,-0.008479763013881205,-0.007919355845995584,-0.008750669490338547,-0.009770467697785258
RWA,ssp245,ipsl-cm6a-lr,-0.078953132238007,-0.02354351643816862,-0.009260262187446964,-0.009906017418255551,-0.014150525779271214,-0.021482156185490188,-0.007013314833665972,-0.004694393327299508,-0.006198874169539766,-0.0037370176560568044,-0.0036878234295195504,-0.000477258940058422,-0.0012443587049633064,-0.0024820584458521834,-0.0029819228794979533,-0.003369823144561885,-0.002553697173956195
SEN,ssp245,ipsl-cm6a-lr,-0.09816950077234073,-0.13236869249819774,-0.024703244597736675,-0.08505090081556572,-0.1048553035668267,-0.087985711538513,-0.06622547151114823,-0.06784886968582153,-0.045790474598130966,-0.04019142949982342,-0.02718895540911511,-0.028598418769479397,-0.02226884000709099,-0.02188449401754154,-0.017902080243683376,-0.014481105322402868,-0.012647678613320425
SLE,ssp245,ipsl-cm6a-lr,-0.009059284774190277,-0.0064226710694428035,-0.0007423606934156282,-0.004246746040031433,-0.0022977569204459076,-0.0022924196188469433,-0.002905845495622153,-0.0017843493004430294,-0.0015662738401214758,-0.0007911276861910662,-0.0005132710687161355,-0.0010811264714272043,-0.0011174739603230454,-0.0010748299563392509,-0.0008001706596981802,-0.0005762458026552277,-0.0005962291658728018
SLV,ssp245,ipsl-cm6a-lr,-0.17302576352199436,-0.27682293187995044,-0.13433401132432018,-0.13049124970031875,-0.2848103907847937,-0.1105832833194213,-0.17799909557363144,-0.1921736995814316,-0.14651921139034582,-0.13095918869678902,-0.12043034796013594,-0.15556655080983423,-0.1218569585103873,-0.16541666043969036,-0.1498719348430959,-0.14860600405030314,-0.1300090214362841
SRB,ssp245,ipsl-cm6a-lr,-0.048444315495605635,0.04430778290755058,-0.2282006742493034,-0.028270172949830422,-0.2502268190328979,-0.08646259212070738,-0.3552673095690393,-0.20283323889325489,-0.1276430709607792,-0.3442930284892764,-0.24431168798777006,-0.3159565028760797,-0.15033558388918739,-0.15230605711989317,-0.26295026986972775,-0.2923546209591898,-0.2789066327982225
SVK,ssp245,ipsl-cm6a-lr,-0.005284231392273485,0.0005503352009813278,-0.009575271333080164,-0.0018477913573772984,-0.012541234163601412,-0.002633300667336648,-0.012641939823930592,-0.003718254060637628,-0.0033440767363537415,-0.012180477628946333,-0.009046025389088766,-0.013434747257179774,-0.00423019116387596,-0.002921866994194514,-0.008201331064950862,-0.005894361242109585,-0.008120930290313634
SVN,ssp245,ipsl-cm6a-lr,-0.007528442350412321,0.0016648005757737238,-0.001258150581107887,0.0009004827077247173,-0.004542153532743136,-0.0002765726039861837,-0.008763347564147362,-0.002992917204424748,-0.00012909297031754433,-0.004258774302933241,-0.006249433079826354,-0.005806199028123211,-0.002202595309866514,-0.0017691113793711578,-0.0024920267267564806,-0.002186058262169123,-0.0032256135113436345
TCD,ssp245,ipsl-cm6a-lr,-0.17139862248545837,-0.16722785851791802,-0.024591775006481485,-0.06190008440165034,-0.08981621238673457,-0.032819379790125836,-0.04986081240423708,-0.03296074147938741,-0.03286519401108651,-0.013062802592704852,-0.009085574074291364,-0.010002241548649086,-0.010865235016568175,-0.011765309541024416,-0.007727390858078051,-0.006153383208023458,-0.00602752149738839
TGO,ssp245,ipsl-cm6a-lr,-0.5461761723793545,-0.4193198571692169,-0.14799536537296967,-0.13778672107544251,-0.3999756632438901,-0.23013265011892955,-0.18495603738761957,-0.207146009562481,-0.14739437426215593,-0.11024518425789537,-0.08018033118961923,-0.08627073441376469,-0.06975079056631137,-0.0661771812035563,-0.05339990731106557,-0.04424008458247048,-0.03804148239931876
THA,ssp245,ipsl-cm6a-lr,-0.032949980421877766,-0.018965216025423875,0.0030638786816634036,-0.006756136467275557,-0.02910214466773497,-0.01878049172078,-0.019127683224959443,-0.02163262025752328,-0.020696392758429428,-0.015978562748673982,-0.011496515359545526,-0.011783164546662917,-0.01500910921128762,-0.01935655222851808,-0.014352564013388731,-0.013430436798956183,-0.016999080035830064
TJK,ssp245,ipsl-cm6a-lr,0.004911731293130324,0.007462801103323719,0.0016207594081362967,0.005464975778866687,0.005482866455412774,0.004193374419151131,0.002186697607672002,0.0034275830049869164,0.0017930020026013175,0.002661009702653368,0.0024881734821574518,0.0029477714706488693,0.0027771579060760984,0.0023049352188162196,0.002343216651275444,0.0017665680774659838,0.001115724468690432
TKM,ssp245,ipsl-cm6a-lr,-0.001967084282788692,-0.0019893733348905073,-0.001194588267717743,-0.002163655369688438,-0.000841784596835429,-0.0010988002887569515,-0.0009325470401674015,-0.0011720154141391021,-0.0009871300502834921,-0.0007498479289738808,-0.000991232632537155,-0.0011903966358375747,-0.0010642275794839418,-0.001023682015436188,-0.0010425073091694574,-0.0009739509522412781,-0.0008557063127856468
TUR,ssp245,ipsl-cm6a-lr,-0.0008558967844317748,-0.0005630419739291747,-0.0018110881049555204,-0.0018186210169375658,-0.0019553067718734145,-0.0007403241133757905,-0.002050118082654718,-0.0022973819115013863,-0.002098104415997044,-0.0027035499562414788,-0.0021566288494509317,-0.001980115944985307,-0.0026335663040103294,-0.0014922437848832995,-0.001985820741765657,-0.0027334400197803993,-0.001561779678874261
TZA,ssp245,ipsl-cm6a-lr,-0.09008094246784894,-0.13499072284387387,0.01473298971414249,-0.03601860468106957,-0.07331309567323407,-0.025334812093747522,-0.02572177094907899,-0.036868954374394046,-0.027893149204943235,-0.011265443671775462,-0.006217883123266092,-0.011215634194930282,-0.008653578599012921,-0.011256123120908533,-0.008505924088916539,-0.008046224262354544,-0.009416221539465268
UKR,ssp245,ipsl-cm6a-lr,-0.10146732959377537,-0.06813618609916507,-0.11687978625739275,-0.03021243162816248,-0.23349040283076133,-0.09522916464320792,-0.23784151770503523,-0.13285292796524442,-0.07836433218242035,-0.21826818513430882,-0.12734890385757244,-0.17065739420344805,-0.10204523811427159,-0.07491342470105608,-0.13385125845071316,-0.11614841822839773,-0.11477346987490908
URY,ssp245,ipsl-cm6a-lr,-0.0120445301882397,-0.0034252129445340057,-0.007027217931663866,-0.001483373074811516,-0.002175165092627981,-0.0036408131305707987,-0.003613588471903799,-0.0060028534908816225,-0.005118863513427881,-0.001005355399688483,-0.003248140996279309,-0.004582575270477047,-0.0037355168708283633,-0.004391183134282238,-0.0038507948415804124,-0.002746049917216335,-0.005569752957594407
USA,ssp245,ipsl-cm6a-lr,-0.011968558220661197,-0.004868715519731896,-0.02264613152188431,-0.016563647858803595,-0.01792668158441383,-0.022814153275451485,-0.01564590585020765,-0.009314505182966698,-0.01410076006785143,-0.01662031025851037,-0.04377704386549622,-0.019541074406746916,-0.020689010815291446,-0.00952113331151388,-0.029897335546057998,-0.03506753780594895,-0.027171304470610814
YEM,ssp245,ipsl-cm6a-lr,-0.005236867961960652,-0.001382169522164253,0.0005393341665579656,-0.0006198606811872761,-0.0007432997034127414,-0.0006840121435664423,-0.0006073924748675708,-0.0004722607093882575,-0.000316377358848193,-0.00018063484242749006,-0.00020223434244219098,-0.00011628856704600272,-0.00017126977916487245,-0.0002628760874781232,-0.00022906267970309308,-0.000172844730871873,-0.00018886754115672707
ZAF,ssp245,ipsl-cm6a-lr,-0.10001485368387611,-0.06272957858654979,-0.059101853098013274,-0.02969806905905542,-0.07909595536441881,-0.04692815861026838,-0.02298168903963341,-0.03586020354099407,-0.023944471217182562,-0.012883901288120194,-0.02491107899413025,-0.026271183089853187,-0.026601560094716873,-0.029330360440290817,-0.024730198123855192,-0.026497185471133444,-0.024058865195585286
ZMB,ssp245,ipsl-cm6a-lr,-0.08561968598661097,-0.07990563862806627,-0.02568625246319252,-0.036940374951492994,-0.052138188840222505,-0.01417960998731034,-0.023536936579150024,-0.03262287901463761,-0.018118670561721787,-0.005693655665030987,-0.0051587980255063046,-0.006421601567758668,-0.005651245791644405,-0.010561928214459145,-0.006995824661478446,-0.004092846848357405,-0.004463443533122431
ZWE,ssp245,ipsl-cm6a-lr,-0.41952712389051233,-0.13526351462845074,-0.14868499418689132,-0.18100786198924676,-0.27701735017597534,-0.11321434493037141,-0.17382432618195484,-0.18251351123397588,-0.1677524612222275,-0.04548336791125922,-0.038526591401031325,-0.060699398640743835,-0.0697284067367249,-0.08865333634518863,-0.0689347328298994,-0.04922807898242294,-0.04657367389225062
AGO,ssp245,mpi-esm1-2-hr,-0.010916864112913297,-0.012244388155368552,-0.0010614612490605115,-0.0038527218616810632,-0.0053716103709411985,-0.004145443126347945,-0.002774026964518173,-0.006663072499849701,-0.004606657038536444,-0.002981811528139441,-0.002292865989731165,-0.005118487075666058,-0.0038262155619219395,-0.0035986266965850025,-0.003002973793901912,-0.002333080098024996,-0.0018093106964346196
ALB,ssp245,mpi-esm1-2-hr,-0.18770048364744257,-0.1653368893468602,-0.08551741488159625,-0.06569462872869386,-0.11176345559801097,-0.21019885880421618,-0.1989285139854911,-0.04885578664749462,-0.18177907069071253,-0.16759903086405656,-0.06436612511367094,-0.03660298725036006,-0.23002836886865907,-0.350098862494069,-0.14043019320629962,-0.21131150734526094,-0.19023204827566892
ARG,ssp245,mpi-esm1-2-hr,0.006189141223294458,-0.0061767883276195815,-0.0011130078973289105,-0.005641721044134626,-7.864726577691833e-05,-0.0037164061561775863,-0.0012945963430779207,-0.0019069724496793995,-0.0009976765130418625,-0.0014955854909364447,-0.0024938040950464816,-0.0019748988654508747,-0.003436356014729051,-0.001009784588459818,-0.002293196890140219,-0.0006600774063186792,0.00020494626430119192
ARM,ssp245,mpi-esm1-2-hr,-0.0011076858884560218,-0.0003366417474596661,-0.00021554682134572692,-0.0005923437403226728,2.4981085297689278e-05,-0.0009187902051701433,-0.0011745517264398432,-0.000618994975484924,-0.000976000322374857,-0.0009269606118502274,-0.0014090185319019539,-0.0009981709480362312,-0.0006728451097215565,-0.0007108348328811208,-0.0008809070572202626,-0.0007236284065068322,-0.00032662933299717177
AUS,ssp245,mpi-esm1-2-hr,-0.00019162828568181328,-0.000952392569871067,-0.00022899960837740826,-0.0001910580572865921,-0.00042151537500479015,-0.00046877542130980757,-0.00040835630145585455,-5.384552926425337e-05,-0.0007269505005645129,-0.0003806460081533495,-0.0002816663688702995,-0.00043678085366160213,-0.00043674629494016285,-0.000144077290653917,-0.00027748688565167,-0.0001009336193041589,-4.293965056422461e-05
AUT,ssp245,mpi-esm1-2-hr,-0.005764298710380263,-0.00788893515844232,0.0012109392795466643,0.0004931413704011208,-0.009682748871368108,-0.0038984030666775905,-0.004988063883709733,0.0005640708925173516,-0.008582611624758011,-0.008956544268413892,-0.003107782663039808,0.001253127555980022,-0.004874963803336455,-0.010595776990632282,-0.003138818377760434,-0.003821428183560871,-0.004431447873823587
AZE,ssp245,mpi-esm1-2-hr,-0.011396481966461038,-0.005419034016130351,-0.0032462880485378573,-0.008524001758383354,-0.00028931753793044995,-0.010302895196380252,-0.017834126305988976,-0.009712522051264407,-0.010379171279820904,-0.01144287307432176,-0.012294338321005283,-0.01047866133840825,-0.008065159026630131,-0.006185091354750401,-0.00997690752360922,-0.0052097292353491895,-0.003283060499201728
BDI,ssp245,mpi-esm1-2-hr,-0.08323296243719094,-0.031788739319537976,-0.14424550813826587,0.000433799678443716,-0.026990669677676774,-0.013747755946783544,-0.023913676586606716,-0.009575459073808112,-0.004204253446261313,-0.010855176427705898,-0.008357669607312861,-0.007337405203750501,-0.004853569175166132,-0.005297513928872565,-0.007464797493736465,-0.007734704321932133,-0.0036179026022469304
BEL,ssp245,mpi-esm1-2-hr,0.00018460261241554928,-0.001776645020502505,0.0004625554033448093,0.0004451626266408517,-0.0013602853565781302,-0.0005727262455504514,0.00019352306129965,-0.0005887847306370158,-0.0006387568278627656,-0.0003469315981478604,-0.000652915775928764,6.0025449993540276e-05,-0.0009728302595572645,-0.0008303265718967085,0.00012352457286315353,-0.0006080440900185949,-0.0009515142230141499
BEN,ssp245,mpi-esm1-2-hr,-0.006138254859513628,-0.20011563548984557,-0.05482995647904004,0.0004897367547072189,-0.011248313402619576,-0.1663866520797149,-0.09955160051302314,-0.14463843123076567,-0.1079579547048945,-0.1095143001969493,-0.07734022363159794,-0.07643022888121073,-0.05192032249210607,-0.04416228663489035,-0.034100783501341436,-0.03713144870673967,-0.026583958907113864
BFA,ssp245,mpi-esm1-2-hr,-0.04187099109232279,-0.3333347723893841,-0.09120291270582453,-0.010581228342883718,-0.09802246446810761,-0.07650808663478727,-0.03523355071489124,-0.06478641064765336,-0.07372523824354697,-0.0498238915743945,-0.03292891736105315,-0.04573720143378897,-0.01861652888988353,-0.02522918969034838,-0.020575041620175163,-0.013288954735628028,-0.01525694998824306
BGD,ssp245,mpi-esm1-2-hr,-0.0018190878924313958,0.004116589860369812,-0.004336545200736603,-0.003282225612306627,-0.003845469886180711,0.0006087113390198597,-0.002252326711043127,-0.00015091754819448878,-0.0027348915704596567,-0.005211816156527446,-0.0005983888502588798,-0.004856820586607835,-0.003123529305066805,-0.0020826802852682976,-0.002564577462232226,-0.0015295143581059583,-3.587755223670879e-05
BGR,ssp245,mpi-esm1-2-hr,-0.12233821265978045,-0.106685837106157,-0.026417674776775504,-0.056211040079530004,-0.06398758145784186,-0.08000209316361888,-0.08401325575484678,-0.010462477765068492,-0.04527624242494879,-0.07059233189626697,-0.05707934707547691,-0.01799356596261865,-0.09391772522004407,-0.14286748956725237,-0.08834503616406392,-0.06941379966175865,-0.040356846264935096
BIH,ssp245,mpi-esm1-2-hr,-0.26148613990326397,-0.18999560546076727,-0.06543335696260394,-0.03786375198750685,-0.1345502908990975,-0.12565215454035036,-0.1273502815246254,-0.010685838576525233,-0.12627677287958444,-0.11478216435138994,-0.05306640464360627,0.004666709409690971,-0.163864624762557,-0.417985272228963,-0.15889750892766535,-0.2821571933175278,-0.23736341329664043
BLZ,ssp245,mpi-esm1-2-hr,0.00785176992662833,-0.11484229366792006,-0.03492049572316224,-0.11709332577943747,-0.10032658535537786,0.009291027089337173,-0.04465401253545557,-0.02979737821695522,-0.03799753028004155,-0.02317042650014134,-0.02477174192897565,-0.02816028579922623,-0.04310756409841949,-0.03257316061851716,-0.030754455322602525,-0.006958034413684191,-0.01879718082431417
BOL,ssp245,mpi-esm1-2-hr,-0.03388083908250679,-0.10203472013922063,-0.03318376684098766,-0.011884426529599803,-0.05102342137457137,-0.024770916424935053,-0.03298315309597976,-0.00592547637282384,-0.010738717720171978,-0.030703233040018957,-0.012968123083590544,-0.027713217991394964,-0.009417047867402495,-0.012820818360342778,-0.009792932375698551,-0.00833868007323026,-0.009236388435724593
BRA,ssp245,mpi-esm1-2-hr,-0.029990095555979528,-0.0676507349676279,-0.05763691924209386,-0.013080713641826018,-0.03187772005024347,-0.023944775374577825,-0.03173493856592202,-0.027813666951132535,-0.02560190741311079,-0.03001507910980053,-0.03313069357589553,-0.03740784934310592,-0.019338445669412226,-0.03358765619391517,-0.026212842217922184,-0.020285987019020502,-0.018508382372096847
BTN,ssp245,mpi-esm1-2-hr,0.0016626669932624058,0.002294623162780488,-0.0004592028939131944,-0.0003809572985333488,-0.0030745962138264333,0.00011041508927093502,8.840533443651528e-05,-0.00021905982633552316,0.0006055993514057718,-0.0010099632962097204,0.00014978873616158103,-0.0017166421501855315,-0.00042443878983420034,0.00011645291440359303,-0.0009368259171009736,-9.976507036715754e-05,0.0001294634179312641
BWA,ssp245,mpi-esm1-2-hr,-0.006032626675379908,0.00038656706941177265,-0.0036713447831942998,-0.0029290249932731405,0.0001680167210094864,-0.000172440044941321,-0.004010374433837193,-0.0019563352589208396,-0.0005803699252419288,-0.0006040120413280573,-0.0032517790045917963,-0.0007342417570955859,-0.0021586798024493836,-0.0011880411554197011,-0.0021535512495692768,-0.0012859246678607595,-0.0012081560292738261
CAF,ssp245,mpi-esm1-2-hr,-0.45768953959709385,-0.7068258039407328,-0.24576937166041,-0.017569103079350758,-0.046949656948107134,-0.0836006366232748,-0.07821029373105408,-0.10100229949228728,-0.08776035723291084,-0.10246763818160261,-0.061257278760925585,-0.07126806769277995,-0.03791626151216437,-0.030134959693631988,-0.04168812542344351,-0.03725076908024483,-0.02812441638986253
CAN,ssp245,mpi-esm1-2-hr,0.0036001437996285484,0.0016440842566701733,-0.0006445831509190069,-0.006546546411458735,-0.009727494383486896,-0.0017775481351278723,-0.004011295193388639,-0.0025126042669460272,-0.0051188155457631375,-0.002787925240157218,-0.0018256886494992,-0.0018882907822640469,-0.002040608393499209,-0.00139995926133694,0.0012385185447388743,-0.0023142529548371964,-0.0007551605335680747
CHE,ssp245,mpi-esm1-2-hr,1.5199387626954677e-05,-0.00016816174214038827,4.656242148758038e-05,0.0002520510786847764,-0.000553135813413412,-8.25150014232314e-05,-0.00023038078042766162,-0.00010706760142246139,-0.0003048449611200766,-0.0004696806458840637,-0.00035109661631128615,7.49147550050267e-05,-0.0002637971932404613,-0.00038448257281525016,-1.3062491153058653e-05,-0.0001354771762160625,-0.00025275063553822214
CHL,ssp245,mpi-esm1-2-hr,-0.00016018124679319533,-0.0006029190190410671,0.0002483565414775306,-0.0002690385837728007,9.987883669115273e-05,-0.0013238355396221044,-0.00022991010964117683,-0.0003973691078019718,-0.00031696385367759755,-7.760583393220697e-05,-0.0006516088849539992,-0.0006290876653299749,-0.0007088063512850132,-0.00025514014420889764,-0.0007953915839548186,-0.0003300624694444669,-0.00017648944213483026
CHN,ssp245,mpi-esm1-2-hr,-0.007869596219093387,7.338103701622657e-05,-0.014673980613629818,-0.015531604239165924,-0.007084561987061638,-0.02743086160022687,-0.0169313479871731,-0.007714426239827884,-0.007837140117374151,-0.00842831157279189,-0.007272348680520475,-0.02247439062492908,-0.007347724383384802,-0.020616315335377347,-0.012267184595462444,-0.019182469785022478,-0.020270778578790914
CIV,ssp245,mpi-esm1-2-hr,-0.03884450706781111,-0.07579453325264376,-0.035556735940235853,-0.007779547802224154,-0.009229928132375192,-0.016308038300496097,-0.012831958964832881,-0.022893540934428164,-0.015353389865287078,-0.018247382792935276,-0.011182440321052159,-0.01330711280810512,-0.006605224406365515,-0.009868175325215408,-0.0071390478191421525,-0.00834769178843626,-0.00743765597052968
CMR,ssp245,mpi-esm1-2-hr,-0.09790736197564645,-0.2091014892121553,-0.04049077609203964,-0.01583244712572124,-0.018255218721096693,-0.07169686315186476,-0.04393765020589102,-0.06521811120310995,-0.04807611429987092,-0.047345515898369814,-0.03698434857930457,-0.03293624369197533,-0.021145709220825253,-0.02242151985763253,-0.020591257625746717,-0.02230999966369411,-0.0181941857145197
COL,ssp245,mpi-esm1-2-hr,-0.01227913044741708,-0.002167665964967449,-0.004055399908401503,-0.009512209377115043,-0.006623924268795336,-0.008273008917141247,-0.004307288586379791,-0.004785136934365209,-0.006734496091914055,-0.0071170043130444754,-0.004896469863431896,-0.00616510202433072,-0.005137804127897135,-0.004244308664617787,-0.004514813613287319,-0.003332758041467722,-0.003334700313842709
CRI,ssp245,mpi-esm1-2-hr,-0.0008960719135712453,-0.0006299315447615137,-1.4793123173144492e-06,-0.00039143115552054016,-0.0003272003415199196,-0.0007202366955374928,-0.000959712916694928,-0.00023075697403381257,-0.0003970301749623373,-0.0002468991354518543,-0.0002531008093868612,-0.00031265079675952786,-0.0001455936762899564,-0.0003855059888559981,-0.0003725151029086981,-0.00035771152788100256,-1.2373164714838342e-05
CZE,ssp245,mpi-esm1-2-hr,-0.002502521012230711,-0.005850561880417308,0.0014713902891101984,0.0001669455422680622,-0.006840393773533338,-0.0015623184072154539,-0.0012989869472918576,0.00013593284339631103,-0.002518182168016483,-0.004138804829574479,-0.002168722341612575,0.0005869401364850029,-0.002954410614574939,-0.0060062278400469385,-0.00024644198844696606,-0.0023691064329366307,-0.0036160205296479225
DEU,ssp245,mpi-esm1-2-hr,4.360496055504244e-05,-0.0015162163028987628,0.000444601693106595,0.0005998989410800086,-0.002304236058850342,-0.0007328543534751883,-0.00040680385878556806,-0.000633229692704811,-0.0010163708762707504,-0.001186230007387333,-0.0011223350287033595,3.7955404585170106e-05,-0.001906134850380934,-0.001440028605758625,-0.0002409527128136784,-0.0010567347275294288,-0.0014975269472437991
DOM,ssp245,mpi-esm1-2-hr,-0.00025379765048823706,-0.00026652581179904605,-0.000697917999402575,-0.001170810729246316,-0.0016144615663543289,-0.001837029750140232,-0.0015304995863548426,-0.0014466984022201827,-0.0012276554803717075,-0.0015327763882339925,-0.0021438779165553253,-0.0006928489516475875,-0.001775997516990849,-0.0018655165866516134,-0.001402571620220686,-0.0010027235087235852,-0.0015220892206277196
ECU,ssp245,mpi-esm1-2-hr,-0.0518952619507711,-0.002294040663353376,-0.015315187408224178,-0.024695039001105822,-0.020213394535279934,-0.026173624208380666,-0.01542271375139272,-0.008358532800484618,-0.014023181898003672,-0.020281895949646033,-0.012047368204650001,-0.01598123414071451,-0.012260018147948587,-0.009224276902297665,-0.0070074358511717375,-0.008259675662125541,-0.00557001862323758
EGY,ssp245,mpi-esm1-2-hr,-0.002325823476612982,-0.0011423002468380222,-0.0004343507997525428,0.002431285428502365,-0.0003244028133913905,0.0009896823572803184,0.0013119109417824358,-0.0012564739909431276,-0.0002792030100002165,0.00010412991461054249,-0.00017087272440405202,0.0005307075615444187,0.0011954421945418335,0.0009621733146828737,0.0002747477026487203,0.0006348242766123158,0.00031716197404562074
ERI,ssp245,mpi-esm1-2-hr,0.056731655748597155,-0.026831486219395493,-0.047442759617375554,-0.06876435429737594,-0.10144117058518258,-0.0633291574687709,-0.020992219770199133,-0.19460353964628557,-0.1366574017444428,-0.18469641415685292,-0.12970791700369638,-0.16455876663617605,-0.06957612725479324,-0.09727833401431628,-0.09200408648216478,-0.058570393419755444,-0.04026561129766524
ESP,ssp245,mpi-esm1-2-hr,-0.00995897001561786,-0.010903143199569712,-0.0008406784182705085,-0.0034466334606186697,-0.0012840721980993078,-0.007412044635848755,-0.008697988964898736,-0.0064534359197108435,-0.01127892835080993,-0.007189456779126778,-0.008546351942414201,-0.0021564512505885787,-0.005211970715677406,-0.007314622088562058,-0.005183884087341089,-0.007842453017977551,-0.006582333230371405
ETH,ssp245,mpi-esm1-2-hr,-0.015096397963330475,-0.02543104256451638,-0.015541003480021505,-0.01005741759682264,-0.005139172229998613,-0.010834235688712194,-0.009551904005784855,-0.010105797315643542,-0.003615606943105234,-0.01023364540176495,-0.0045923926404305105,-0.007737701033630217,-0.0015574998129686758,-0.003958424527328781,-0.004304638496597147,-0.004530922069690606,-0.0027647847558556894
FRA,ssp245,mpi-esm1-2-hr,-0.009943558964323593,-0.017680103564986036,0.00023852902413353124,0.0005415104035582307,-0.006827008659694588,-0.005499488258738135,-0.005446386909484488,-0.0068575781164677,-0.00913285222286254,-0.006315962798960302,-0.007048153127385608,-0.0012204443896538454,-0.004615203376251439,-0.005878354038645336,-0.0016630784518478962,-0.005972125817813213,-0.006691126806421168
GEO,ssp245,mpi-esm1-2-hr,-0.03391879060798724,-0.005932038018268627,-0.005746676827032833,-0.008335134242689998,1.8127185959392038e-05,-0.01187144431978866,-0.020220096767609674,-0.010365279670914395,-0.014734910417091716,-0.014302551439761165,-0.01767234473480367,-0.013609750551609245,-0.012150069453680294,-0.016266072285454118,-0.015529086944154509,-0.010190151556834101,-0.008415392962411618
GHA,ssp245,mpi-esm1-2-hr,-0.10393952105612403,-0.07923028541572097,-0.038144428782500565,-0.005025746432684272,-0.0077316996951956865,-0.038790918664836554,-0.01906834265901103,-0.028543860232246403,-0.023695037600671032,-0.02315155761200419,-0.01899343106917059,-0.01699097054589106,-0.01292754332132287,-0.012493016512874619,-0.007014697017355879,-0.010466940488743536,-0.009132051974266711
GIN,ssp245,mpi-esm1-2-hr,0.01226744913087091,0.018546407246504706,-0.011234436757887916,-0.0005656732463150596,-0.014204190189591872,-0.0058498453770496365,-0.003428349772478622,-0.009046284435839817,-0.0045208982628133065,-0.006242609496061785,-0.0022567376379359753,-0.00537754933001548,-0.0027968650945673955,-0.004354548216865708,-0.0024036217216114875,-0.002283532799635589,-0.002475023167893386
GMB,ssp245,mpi-esm1-2-hr,-0.03756794923732319,-0.013339645053839813,-0.02401728539219962,-0.03209801784063173,-0.025717519617323336,-0.012806530495914606,-0.008334482176081915,-0.005929369704148249,-0.006787985135339046,-0.007584200698263263,-0.004475671210723457,-0.00579072979981611,-0.002900253901601669,-0.004217497545949868,-0.0029092517596116044,-0.002074095233785042,-0.0022211783375298104
GNB,ssp245,mpi-esm1-2-hr,-0.07580886808398418,-0.026124294965522352,-0.1460342616622813,-0.08050210013708982,-0.11505627725701519,-0.030117519465612697,-0.034160203509842814,-0.025526306779382408,-0.019226695678987576,-0.031179863041361562,-0.013630883942974462,-0.0231342713055126,-0.012788057443662954,-0.01867655734528949,-0.012010766638687763,-0.009479852282532689,-0.009644672560593882
GRC,ssp245,mpi-esm1-2-hr,-0.018355839927858653,-0.02303938267722478,-0.009428720636939659,-0.014362682257372769,-0.013684970118864749,-0.02236202524057948,-0.014242363326998431,-0.004278651610379598,-0.013984370845920645,-0.012309048317779084,-0.00775841965590431,-0.004470987409565245,-0.012322718126650848,-0.01655745333175195,-0.00971303012538174,-0.009562782531536454,-0.0052995007570310285
HND,ssp245,mpi-esm1-2-hr,0.012944334355188164,-0.021827240195750584,0.0008690832893367352,-0.02859993644513369,-0.03863519818416415,-0.025683000995696315,-0.03640689314483213,-0.007632610633532685,-0.016109960397742214,-0.010584419946711741,-0.015661422102499722,-0.011923240647859759,-0.018704432118709226,-0.023570672037524432,-0.019064522753634537,-0.006229721762471216,-0.009884741503844439
HRV,ssp245,mpi-esm1-2-hr,-0.12476588674912287,-0.6689157358024078,-0.15535293603223044,-0.19675434570328387,-0.5364286497880242,-0.4422588109424065,-0.4189337356833117,-0.04576406570608362,-0.490932231483388,-0.4375320877292455,-0.17278322020335746,0.01838224161237514,-0.3666840951522511,-0.8667190402866155,-0.3555069351463994,-0.5550070663733212,-0.4299450943523013
HUN,ssp245,mpi-esm1-2-hr,-0.16744067174119923,-0.05286154605227473,-0.004460948257026468,-0.01792144223805633,-0.04435110602813756,-0.024981028609877026,-0.03236764193917746,-0.0019556506605575485,-0.029416545796607418,-0.03380791318550464,-0.014637220632433293,0.00423407268245126,-0.0245098479404529,-0.05110445038798314,-0.014693669203311058,-0.031301325037409136,-0.025141525734662946
IDN,ssp245,mpi-esm1-2-hr,-0.038902034017500975,-0.017721840309530217,-0.019781264629526455,-0.027523366626879014,-0.01695515730628734,-0.018263005563194688,-0.015202743180279346,-0.014941853455693203,-0.016513308981509316,-0.01543467681510379,-0.008139462836275575,-0.016573361992187445,-0.013228091084013021,-0.010069304969989172,-0.00744039919958503,-0.006699759305742254,-0.009182356543424157
IND,ssp245,mpi-esm1-2-hr,-0.004010633238652532,0.0008238927824918449,-0.0029536551044049304,0.0011928849058667258,0.0017725333234671608,5.885171400976425e-05,-0.0011674671146506786,-0.0005829406389159446,-0.0002801829626248037,-0.0029457467787046905,0.00036473097786863607,-0.0015800761250143252,-5.7970331875936226e-05,0.0007118787263497726,-0.0020543006425761956,0.00023892482815174334,-0.0001709905513711529
IRN,ssp245,mpi-esm1-2-hr,-0.00050861552385182,-0.00017302470594791696,-0.00011281411408598321,-0.00012064081595359615,-6.28509141090678e-05,-0.0001284987435653506,-0.00018110119736248665,-0.00011431873149857189,-0.00010594792652323397,-9.677566431416911e-05,-0.00015491588074862536,-0.000127103819368475,-0.00010316879215331805,-7.53202452894354e-05,-0.00011033002720439326,-7.612468452103304e-05,-6.777456240967003e-05
IRQ,ssp245,mpi-esm1-2-hr,-0.008186682505920192,-0.007289345860230493,-0.004981428191384275,-0.007349661614953201,-0.0037422245499717155,-0.008049388210753464,-0.008396980634120687,-0.006262945883774895,-0.005962024764302433,-0.0041024197358333235,-0.005507287381926827,-0.004877341203942691,-0.003929031882698718,-0.0029979126306650455,-0.0032131110115706696,-0.002185071353883727,-0.0016919469749690583
ITA,ssp245,mpi-esm1-2-hr,-0.0006688277391326157,-0.0013815743393043919,-0.0003011052440819469,0.00029076622189981577,0.0007119342791997812,-0.0018598862576264905,-0.0011313500699258552,-0.00028863148006613205,-0.0012292122006375055,-0.0014127825253944899,-0.0005581900290646897,0.00015942060470413774,-0.00020499809254920606,-0.0006814651856482171,-0.0003403027527538434,-0.00015013790995639978,-0.0005583142373351073
JAM,ssp245,mpi-esm1-2-hr,-0.0017876062181650222,-0.0014901652255237873,-0.001913059280961476,-0.0018684780053888862,-0.0016177286335512786,-0.0033376574519543892,-0.002779814345141741,-0.0012793393960499257,-0.0013843383854491966,-0.0027648656820926667,-0.00404057509431528,-0.001868499144431628,-0.002127997328623091,-0.0038068166885278543,-0.001965171161285411,-0.002208117110776877,-0.002590970825042179
KAZ,ssp245,mpi-esm1-2-hr,-0.0010569360829083662,-0.0008503872032662009,-0.0004650710131880692,-0.0008517762335610839,-0.0022470109482083033,-0.002135800775097911,-0.0035079802329523926,-0.004497671732698195,-0.002943551570429356,-0.00359950248667999,-0.0035420647045838233,-0.003025909985290496,-0.004007596453342276,-0.0031318012836169832,-0.0038285095581627503,-0.0032903375470123715,-0.0018883746750212968
KEN,ssp245,mpi-esm1-2-hr,-0.05683631248973511,-0.05489298070312659,-0.02483467545131331,-0.04451160672934987,-0.017755146200601035,-0.021698438946042495,-0.02133255738786257,-0.015138019553006832,-0.006756260172316578,-0.010998459211770341,-0.012264735869527376,-0.010670762052834615,-0.01017898565693284,-0.011450234316921817,-0.01010522744039941,-0.009619942005238307,-0.005885648800308636
KGZ,ssp245,mpi-esm1-2-hr,0.004311688260798181,0.026196775001341443,0.0034828612239712125,0.01677963350536883,0.008556391687866512,-0.00651045091677803,-0.017382786290513808,0.002317801798493947,-0.012613860021828715,-0.00821346807566949,-0.012475345681118652,-0.0019288850249703274,-0.01300187601743137,-0.0021387850795213624,-0.00495587338168677,-0.003832596119887568,-0.001367879954946622
KHM,ssp245,mpi-esm1-2-hr,-0.1578198381667551,-0.11582137280824883,-0.027452721300095947,-0.03609709042269372,-0.05251794727045981,0.005054330169933734,-0.01050792760335106,-0.017023997722545477,-0.01670792818999715,-0.028833663570530327,-0.004802688672407148,-0.024908773621844616,-0.011748482551715381,-0.013311854141980283,-0.011725038430894574,-0.004272512120791921,-0.0044690557978932675
KOR,ssp245,mpi-esm1-2-hr,-2.330560358689369e-05,6.053560448766512e-05,1.049933240314062e-05,-0.00011000455698962906,-6.246189913236155e-07,-2.455542581974297e-05,-7.364975339865202e-05,-5.031020408388741e-05,-0.00018770526870982274,-6.117732626586999e-06,-9.226147227137663e-06,-5.541966675534508e-05,-7.125268623258066e-05,-0.00020093260908630542,-1.7403407396607795e-05,-4.545229811976994e-05,-0.00020824377902653888
LAO,ssp245,mpi-esm1-2-hr,-0.07246840775397295,-0.0323575046012619,-0.01716109134713063,-0.01808210427192585,-0.008275172011350434,-0.00025624482454664936,-0.003457595738570123,-0.002859378005583542,-0.010311038481935436,-0.01109733416823726,-0.00012440326291316274,-0.011127445524556724,-0.004623394129645407,-0.002946604565936767,-0.002223302182863962,-0.0018565826353336202,-0.0009426290239753744
LKA,ssp245,mpi-esm1-2-hr,-0.008932856220998025,-0.00184153700529771,-0.0010017888280845657,-0.00178616679121517,-0.0006108375589274112,-0.00199469884648146,-0.0012401277741129562,-0.0008712234389445148,-0.0016074793125642165,-0.0009377506766678124,-0.0009112201701098162,-0.0010244323184194727,-0.0010240815438745273,-0.0012290369967847552,-0.0006637353057602659,-0.0007563302629068173,-0.0008906421395440099
MAR,ssp245,mpi-esm1-2-hr,-2.8250178729326605e-05,-0.0004632779110271894,-0.00029915807175637596,4.4181774600738826e-05,6.96740090253663e-05,-0.0003250844613180713,-0.00014184871838201203,-8.443316151182054e-05,-0.00017584447606267139,-6.979835995385809e-05,-0.00011773186459625821,-7.0732824857127685e-06,-9.641463597256213e-05,-9.979176856569963e-05,-0.00013210530734069422,-0.0001486426067717216,-6.289874007524221e-05
MDA,ssp245,mpi-esm1-2-hr,-0.29842337128881274,-0.05634653649066216,0.00966780572242634,-0.12442767094240907,-0.14698304951720076,-0.15961926971725898,-0.1923414034763918,0.004097444898274324,-0.047248109677629935,-0.09167001822712875,-0.09850240475849933,-0.001704092725576735,-0.11990788005339123,-0.20928059977819236,-0.05857920614082522,-0.0847560936319823,-0.03201013327489581
MDG,ssp245,mpi-esm1-2-hr,-0.009716421648829429,-0.008046314187676979,-0.007117606537306094,-0.00933707800973132,-0.004735098375144438,-0.0015361291608188632,-0.0016099625017046036,-0.0035385777217755102,-0.001723032675693218,-0.0021811759377630933,-0.00026928139204931826,-0.0012331756768498283,-0.0006458015410264601,-0.00049727017493118,-0.0002311769799470488,-0.0004620071736871637,-0.00035476411137801465
MEX,ssp245,mpi-esm1-2-hr,-0.02232307044525864,-0.036445503065422644,-0.03918494059495548,-0.009926116020890819,-0.045437557005770894,-0.012045232476800491,-0.024358044358629843,-0.020741764090446327,-0.01322026107705773,-0.021237036233870674,-0.01950304177285689,-0.0266185000198214,-0.025997372387711926,-0.021008566553244803,-0.023429676742001516,-0.01684350216598443,-0.01481704622253608
MKD,ssp245,mpi-esm1-2-hr,-0.030190956056044636,-0.030136195429046938,-0.009191907822374584,-0.013442496314471766,-0.02081312065247699,-0.03347082954778494,-0.024808077357064886,-0.003262637284103941,-0.01856472971589769,-0.016716834144382145,-0.006801015120658162,-0.0011447265005417435,-0.022189479819766985,-0.037405023586123236,-0.020058649283555628,-0.02066672625236753,-0.015564697014775513
MLI,ssp245,mpi-esm1-2-hr,-0.09471625245469305,-0.2633471574339553,-0.19092236950008828,-0.13589098788283432,-0.31083838886112247,-0.1298485679725473,-0.12942653018770295,-0.16883717965085032,-0.15942006082676166,-0.11181071118404251,-0.06273968256796429,-0.10176552423683585,-0.054942982862105465,-0.05890058512524581,-0.050078293375087866,-0.027286424045182955,-0.03505358423326111
MOZ,ssp245,mpi-esm1-2-hr,-0.3137078383830585,0.0012868320384362664,-0.09456767896752838,-0.04210162909454319,-0.03302341218661976,-0.010891723546386123,-0.010753181697754575,-0.018658214944289882,-0.012671315520457698,-0.01415235703297865,-0.005374053837569289,-0.009645748490110557,-0.008780913806719118,-0.008830511059700891,-0.005298072688105499,-0.006562804706615305,-0.004054064592573191
MWI,ssp245,mpi-esm1-2-hr,-1.046233488637946,-0.10284682145266769,-0.13201965278681557,-0.06512892827181133,-0.0687202773430663,-0.05543936346981673,-0.018756121867128,-0.03918956211537303,-0.032419851499838954,-0.029583779971417798,-0.013604534000237221,-0.013256440231496988,-0.016971554394858052,-0.015356327167505656,-0.008104909198301265,-0.01139978178652957,-0.004166038756157312
MYS,ssp245,mpi-esm1-2-hr,-0.00024346713194909315,-0.0002329581637609471,-8.221836959215772e-05,-0.0001133509828113862,-0.00011450544447190704,-2.8407303419780658e-05,-1.9506449979845888e-05,-8.779780563995555e-05,-5.3288253486291604e-05,-5.081203179078223e-05,-4.750473821926569e-05,-9.162285766538016e-05,-4.2299250221960586e-05,-6.130443163025146e-05,-4.0557737839643826e-05,-4.182971481548493e-05,-4.5253054920377574e-05
NAM,ssp245,mpi-esm1-2-hr,-0.001194770821554678,-0.008249173260479059,-0.0010882687670732,-0.02361200775765928,-0.000340451526172488,-0.0007319435174315919,-0.011281643857624726,-0.007753613005940858,-0.006473982390346332,-0.002596478811435803,-0.01094290937504049,-0.004044149909096972,-0.00830073146876974,-0.005505560084980539,-0.008660622138680681,-0.006932732415367502,-0.0050093456343818935
NER,ssp245,mpi-esm1-2-hr,-0.00011536047988518804,0.0002367519035509301,0.0013549762954891767,0.0005668432855949635,-0.000872393755657278,-0.0002667507851557605,-0.00016917654279038178,-0.0006616905487512941,-0.0008321537115527325,-0.00040952125621698153,-0.0003072973001809239,-0.0003377677123001806,-0.00015392418319998768,-0.00014167146674145666,-0.00012944742478647223,-2.6812982766761596e-05,-6.895486348761678e-05
NGA,ssp245,mpi-esm1-2-hr,-0.008932230349470199,-0.019656388088511903,-0.0022400406977479506,-0.0036644423385476755,-0.0024009175717501366,-0.012957406946651344,-0.006088762489195409,-0.011990618449783304,-0.009122899289931307,-0.006746270507251617,-0.005812957574532815,-0.005786556428794193,-0.0031040807622322903,-0.0031411113460726873,-0.0026283510505399617,-0.002259725713001639,-0.0020056532901149703
NIC,ssp245,mpi-esm1-2-hr,-0.0040953871103203265,-0.00960784965312303,-0.003727921823225204,-0.023154315666230513,-0.029478142356290607,-0.03188191476980832,-0.03900750622768065,-0.007163332691933939,-0.013885974935592661,-0.007037999144449621,-0.02001587746121542,-0.007280594174384991,-0.0162624908255096,-0.022373552383304848,-0.020016641889623276,-0.010446137122523642,-0.01007894879509467
NLD,ssp245,mpi-esm1-2-hr,3.832592001799037e-05,-0.00022116573298615195,6.516772283189496e-05,5.6803795253667915e-05,-0.00020947974736860067,-5.561921251977966e-05,5.714822148075643e-05,-0.00011768155155975386,-8.475663852834793e-05,-4.1608632367865915e-05,-9.660665144118766e-05,9.235889340792543e-06,-0.00020313044090412616,-0.00011185703992826967,2.6557068097891157e-05,-8.147582697269178e-05,-0.00016598452690242378
NPL,ssp245,mpi-esm1-2-hr,-0.02109542017337893,0.05549254774663674,-0.01989137071760432,-0.019440928285826595,-0.039039973647168644,-0.03109383160238874,-0.053371504640460456,0.00020397419272270514,-0.04045726731223515,-0.043140112497722816,-0.018098281066379264,-0.051577432980023125,-0.011985664505824774,-0.0037850564842015523,-0.031146337384356595,-0.011005125369179415,-0.004445642541118615
NZL,ssp245,mpi-esm1-2-hr,0.0003030882112575648,-5.050875835268072e-05,0.00016428296789337314,0.0008773963075598979,9.48642868797287e-05,-0.0008632142281673153,3.5806681065967894e-05,0.0004293593149192752,0.00036011115398965293,0.0003572907837909874,-8.405016727990039e-05,0.0004077271806014001,1.8664113888943946e-05,9.599941100555751e-05,0.0002501150368856025,-0.0005743143430567036,4.053912426479306e-05
PAK,ssp245,mpi-esm1-2-hr,-0.018416699746490284,-0.00011304189049908811,-0.005945887252113855,-0.004346090360195501,-3.369059691302382e-05,-0.002832410667173454,-0.0033860312542215764,-0.0020031011182159147,-0.002821443635125144,-0.00042105861883722786,-0.0037347177314045947,-0.0031397608027886473,-0.0009334309795106771,-0.0007029308206351575,-0.0013513364146800883,-0.0012655542545021584,-0.0010320521144546583
PAN,ssp245,mpi-esm1-2-hr,-0.027727916112036875,-0.0013825943169550657,0.00032728138906389857,-0.001242153503056407,-0.003894922581687499,-0.00631345090888257,-0.002567956077788578,-0.0004922947340739677,-0.004117379871723723,-0.0017323750092615683,-0.001869798387036821,-0.0033796167683212354,-0.0021101931118632416,-0.001921717036227054,-0.0014644169779533854,-0.0019792336991242914,-0.0007483412213633247
PER,ssp245,mpi-esm1-2-hr,-0.008091610834297481,0.0014595363091919032,-0.0006255563761444484,-0.006695203649840687,-0.0026196840070451294,-0.003962720508959375,-0.00025261161261312616,-0.0027824726695986337,-0.00021661449467989615,-0.002628386748927307,-0.0029299332593710585,-0.002283273620419111,-0.0039405220168085425,-0.0012220310776377026,-0.001345682416144727,-0.0023771947080330185,-0.001100927389107225
PHL,ssp245,mpi-esm1-2-hr,-0.018970563572480715,-0.033121253769659825,-0.03478622747242478,-0.046559209204711766,-0.011412201413608864,-0.00012459465052645555,-0.0018119388167385049,-0.009842550339499658,-0.016227977627435258,-0.005682478584229361,-0.004146720966339272,-0.008287361418430955,-0.004151859925445504,-0.004234265409607381,-0.006575235780714008,-0.0018826950844487089,-0.005770991598027907
POL,ssp245,mpi-esm1-2-hr,-0.008092576731994683,-0.013633319680902771,0.004984871747414107,-0.00010779566798947456,-0.02661459613838256,-0.0068629699162124636,-0.003581468780401051,0.0007955211785755498,-0.00605209927932572,-0.016827798564815484,-0.010761529592148268,0.0029457726378332304,-0.01947907111603793,-0.03272780114258463,0.002376247798512288,-0.01623626317183488,-0.024921534236559063
PRT,ssp245,mpi-esm1-2-hr,-0.006084087235657976,-0.011123278721156512,0.0002896002471484538,-0.002952177387334188,-0.0001558273925921819,-0.004389543624182237,-0.008288971457220505,-0.005664313423467031,-0.01290206671362782,-0.006583034762055247,-0.005431492085354333,-0.0013528028093143696,-0.007948388878425625,-0.007602773922116308,-0.0048631960589648575,-0.007242300707618307,-0.008157135858009739
PRY,ssp245,mpi-esm1-2-hr,-0.10065147839180702,-0.09958787338079661,-0.11527153306247175,-0.033314552934022766,-0.09688856661715953,-0.08694037791204297,-0.10161084023277742,-0.0014647666091407382,-0.045274807363406215,-0.09912589582981525,-0.06334295638614312,-0.04757046714540325,-0.07233774420983455,-0.06961432770443411,-0.05199401294979496,-0.025408050787293922,-0.03264434184147583
ROU,ssp245,mpi-esm1-2-hr,-0.1283416692506982,-0.07555380491246105,-0.012760108805414942,-0.049683714818967634,-0.0987259760178426,-0.08778301825268447,-0.11398138588020862,-0.0050054419331284575,-0.06248927289069032,-0.08501378382805837,-0.07565446639913447,0.003385780921777408,-0.1293641676525644,-0.22975791067565504,-0.09321716951792078,-0.11257915079864217,-0.04544923539527013
RUS,ssp245,mpi-esm1-2-hr,-0.005993647642254208,-0.00037302872269735673,0.0008801214350394845,-0.0032325024049367993,-0.004470025115829943,-0.004924295368101958,-0.006351179664380018,-0.004835239538160704,-0.003395551363429008,-0.00737588060711204,-0.0024290031652186546,-0.004905962160642746,-0.004365770854399869,-0.007627880060858586,-0.003899640199751953,-0.0037320904755982795,-0.004453655032227345
RWA,ssp245,mpi-esm1-2-hr,-0.010430794208948733,0.0031097949356557767,-0.037103789211213024,0.0025897696518691307,-0.0031952549679877098,-0.0009395584724635015,-0.011048046061295164,-0.002211782817372041,-0.00038874138770786636,-0.00458690975365848,-0.0020223824695016013,-0.002534849902111743,-0.0023709104137902516,-0.001668708031066371,-0.0049844381170573975,-0.0050261336303991325,-0.0016668963705707646
SEN,ssp245,mpi-esm1-2-hr,-0.10619174252594213,-0.03762480231416328,-0.08448246742187611,-0.09808482711578109,-0.10800700741535631,-0.05198644328048617,-0.03792624786109668,-0.03160817810820882,-0.03161305742500019,-0.03211039379671519,-0.019113280997808523,-0.02585909664194228,-0.014052977391064802,-0.019364949834443472,-0.012111237162414336,-0.00864349802380065,-0.009242328072940268
SLE,ssp245,mpi-esm1-2-hr,0.0017570953602269797,0.0021426330777279874,-0.0020082967420396065,6.15347883442348e-05,-0.0032317165708785358,-0.0015398294307679156,-0.0009977443311020022,-0.0016994965318866996,-0.0007276763702439992,-0.001477844770984817,-0.0003625596284590405,-0.0010292037030756544,-0.00038472886113328895,-0.0007401760033954507,-0.00037175170170595205,-0.00031619239072555496,-0.00033796977324675165
SLV,ssp245,mpi-esm1-2-hr,-0.054872695205750895,-0.07126529858165624,-0.0678674275705918,-0.10968594175002117,-0.16071282256415587,-0.11665294013378144,-0.16625388347506675,-0.042220850601730496,-0.11765901689384549,-0.07287837697137887,-0.06469560541762447,-0.06053459835070258,-0.10592434705236325,-0.11139224029537269,-0.07840980896271815,-0.05386912587733506,-0.06513701258530351
SRB,ssp245,mpi-esm1-2-hr,-0.41611070141935413,-0.21772519626371542,-0.11046973787942573,-0.09678052011527442,-0.256997434409034,-0.24844165492754075,-0.24432997007905027,-0.029740304018096398,-0.18540983340801792,-0.1885848068423062,-0.11710025901818923,-0.00787845247327928,-0.22138588918563062,-0.41930060429076643,-0.176884347817514,-0.2761410641885944,-0.18479592256582095
SVK,ssp245,mpi-esm1-2-hr,-0.030894488181387465,-0.014940383383303158,0.0009105593824033082,-0.0034943068237871864,-0.013054676724703606,-0.0037009473072368427,-0.0068515098198875385,0.0001481800912334159,-0.007631487868403479,-0.011174851633992195,-0.0027381548745135944,0.0016150370904122078,-0.005934401430356518,-0.014406734970779387,-0.0014372159706539877,-0.006690149320742472,-0.009019700049572177
SVN,ssp245,mpi-esm1-2-hr,-0.01143812819181984,-0.009606744880469604,0.0005234924481690146,0.0007584821246984774,-0.003096302645140869,-0.005341897419060984,-0.005034739765335525,0.00033956036089698323,-0.008327638843725057,-0.007223038490413145,-0.0008283837312871058,0.0013548464497078927,-0.0020538953443527395,-0.008258458163998957,-0.002729066362204992,-0.003136491150842366,-0.00344423996419297
TCD,ssp245,mpi-esm1-2-hr,-0.0273562280280908,-0.045883182615807885,0.0749647853514274,0.029889447174476388,-0.01979460837473905,-0.02244406155658342,-0.003706995679181702,-0.029618219270302643,-0.030517038924336812,-0.018640821387397526,-0.00868598482360992,-0.01717866974284276,-0.002343967381939266,-0.0067492809981965635,-0.007102277538712975,-0.002594712111853122,-0.0039534051739434015
TGO,ssp245,mpi-esm1-2-hr,0.04859414062243777,-0.23171649803882816,-0.11346183999634155,-0.011821591893575026,0.005433086869993003,-0.2101083056590017,-0.1505086064193613,-0.16811037955773872,-0.1249363691824576,-0.11178540893613126,-0.08605761154677087,-0.07336044531626781,-0.052928001108537334,-0.04692462977079568,-0.02181773804101945,-0.03461704519013781,-0.03036699469045813
THA,ssp245,mpi-esm1-2-hr,-0.024738418687782794,-0.03240646760562716,-0.003313692268666707,-0.01180168542400015,-0.007539397718833877,0.0018074826989253525,0.0010590449709732541,-0.005331481778607958,-0.010432752343051611,-0.015456655945108,-0.0018131628198295251,-0.01859390528699731,-0.010354229310976093,-0.007910910765719509,-0.006308019076347262,-0.0037265144825958485,-0.0007824257127449969
TJK,ssp245,mpi-esm1-2-hr,0.0050184550916964376,0.013160020804532218,0.007909479018030342,0.002295129683051986,0.004375620742612895,0.0025870037003303385,0.0022462737940673132,0.0016705288344387626,0.0019819735841198347,0.0017980117555762857,0.0011033043931224994,0.0018176244276622397,0.0012986008076198558,0.0015878493887693202,0.0015517714801760924,0.0009145115775115498,0.001070616266377087
TKM,ssp245,mpi-esm1-2-hr,-0.0008199043809996589,-0.0017649679136288374,-0.000935242641368079,-0.0008668210236013151,-0.0007373345435988481,-0.0004656807094380956,-0.000904442147007387,-0.00047791005626032643,-0.0005046834813759492,-0.0004504251727681303,-0.0007718857042123349,-0.0006356124201852709,-0.0007265910357181434,-0.000505690553593664,-0.0007275931875709706,-0.0005600028587480031,-0.0005271045978054509
TUR,ssp245,mpi-esm1-2-hr,-0.005270523603386045,-0.0020004480644514847,-0.0010983060067055008,-0.001940372489508018,-0.0015896160163760232,-0.0022009414108769302,-0.0024113551913401126,-0.0008997684612628762,-0.0018407674337771276,-0.0017590708366083208,-0.0016756930835077166,-0.0015142360838573455,-0.0018320341241343516,-0.0023697169313928674,-0.00221266654494098,-0.0011411936187560815,-0.0013123623232225092
TZA,ssp245,mpi-esm1-2-hr,-0.1689470334135873,-0.08972483981699114,-0.06022574447673151,-0.018528703463878242,-0.01562590864280548,-0.05367749259259901,-0.019227394011572946,-0.013094918642161054,-0.010448103481513185,-0.020148732215399406,-0.010612195297342867,-0.010739890494104162,-0.009588330398385364,-0.011528236016205484,-0.011731110336340033,-0.010494805150530574,-0.003016596402797897
UKR,ssp245,mpi-esm1-2-hr,-0.44108630458711245,-0.035988577545556774,0.03830512921804727,-0.12080196572978924,-0.21065627581560603,-0.15936645602633448,-0.23407241779267804,-0.020448599629683196,-0.05541732440431647,-0.16936730099513722,-0.1046135135914079,-0.03684652472281431,-0.12655122360290172,-0.20389558212344536,-0.04046671180119197,-0.07036038931945454,-0.05858247130784167
URY,ssp245,mpi-esm1-2-hr,0.008546306397803976,-0.0018871554309679228,0.00043081967633396587,-0.002368108421460368,-0.0007463458417237557,-0.009443251640501225,-0.001758504927188326,-0.00032090193973732236,-0.0006333497608181395,-0.0011999007831753066,-0.004443210306945298,-0.0011347610599780056,-0.003994039045286164,-0.0011281319588813373,-0.0032224439741837456,-0.0007145722566531178,-0.0005657424371237433
USA,ssp245,mpi-esm1-2-hr,-0.018419209957799727,-0.00458210608294126,0.0033135469313212438,-0.014420096448842224,-0.027188307953353943,-0.01537276831899292,-0.036961810028835945,-0.019189012798737658,-0.036484083730695255,-0.014496388050452374,-0.016077851248484317,-0.010194787324674156,-0.009702540662338352,-0.014422593080496484,-0.013120684565316409,-0.017747482366564038,-0.01268486517953273
YEM,ssp245,mpi-esm1-2-hr,0.0021279350235541665,0.00042805565237687647,-0.0007472102237729389,-0.0008059553637035431,-0.00033222303035589904,-3.905041341940229e-05,-0.00024478020762833656,-0.00028082193505727564,-0.0002893978368330499,-0.00028275986112660475,-0.0002274923211008725,-0.0003057937022010197,-0.00011316790497027393,-0.00018117325099430953,-0.0001771493060804212,-9.052330366912713e-05,-0.00013810972266435262
ZAF,ssp245,mpi-esm1-2-hr,-0.03857913943359135,-0.041150759216689786,-0.031836786398286625,-0.03208487028450239,0.011706818066829163,-0.0017072544838359083,-0.0396419585590766,-0.012170775705612211,-0.008549353573256098,-0.004042998935819819,-0.025880374188623743,-0.009149275978785763,-0.01702551160722725,-0.004158443229343636,-0.011436092010111839,-0.01024570272488054,-0.006552809464312607
ZMB,ssp245,mpi-esm1-2-hr,-0.15365708003160164,-0.041812388882165076,-0.05275027953398387,-0.03689760951184966,-0.018941519008306408,-0.015055101161511254,-0.005168062136335243,-0.015892865191853178,-0.009500395740784193,-0.008648922052434609,-0.008661027151572027,-0.00579926693196049,-0.007315441962362037,-0.0044352960272660115,-0.005219210694614936,-0.004057054596321427,-0.002034163392287963
ZWE,ssp245,mpi-esm1-2-hr,-0.37428241733304934,0.025049986196800093,-0.3293952720056777,-0.08776736962968124,-0.09998517236303534,-0.03152064799279098,-0.08406351277151343,-0.09890808979111966,-0.06039831610873597,-0.06394644222986548,-0.05453669694110199,-0.05125347097365622,-0.04875611439433664,-0.059704486194728214,-0.04515556999270851,-0.03482974336384276,-0.02877540605519912
AGO,ssp245,mri-esm2-0,-0.004822509636326053,-0.021779641353452776,-0.016236887077304692,-0.019122328152710782,-0.02446192601090778,-0.0015223255256494046,-0.01319122011197925,-0.00857328300751049,-0.008768878336337646,-0.008510804450442161,-0.007445929943019799,-0.005166045335158414,-0.004007891309531522,-0.0031319839620191025,-0.002076589078455383,-0.0026175144078524706,-0.002308855433716326
ALB,ssp245,mri-esm2-0,-0.0005811489315037221,-0.1093468160198344,-0.060743565695400306,-0.13988336686978636,-0.08727921457973185,-0.08326994564744516,-0.06642526374591173,-0.07369878222936084,-0.04564159813868959,-0.07850607805273417,-0.0687433324255032,-0.16962729083282502,-0.19599615683418198,-0.14702036719921632,-0.1476046778246342,-0.09739903636770054,-0.110810386125912
ARG,ssp245,mri-esm2-0,-0.02133936611402082,-0.0019375630285185992,-0.007580197070850533,-0.002345024619345734,-0.0015140673345365788,-0.003457327372216174,-0.0021201394973142914,-0.0036138313514202315,-0.003511350055823789,-0.0006565023547877553,-0.0004355112145920338,-0.0014649251777582805,-0.0025027720577771996,-0.0017511799666506812,0.0002223274694781463,-0.002105542296886347,-0.0017260245269221169
ARM,ssp245,mri-esm2-0,0.0002481270758120951,-0.001006292232033002,-0.0004603314249728566,0.00010498028695100946,-0.0019685715417049115,-0.00034594138974781155,-0.00031080810016420265,-0.0010642799559289306,-0.00010911859578747682,-0.0003767471083101745,-0.00028553224689804093,-0.00040823432121667966,-0.0003127615650939463,-0.000539498281540139,-0.00035863148052850635,-0.0007752630714411106,-0.00018218149658873284
AUS,ssp245,mri-esm2-0,-0.0003141754464045957,5.261561102516344e-05,3.7435143609342174e-05,-0.0006290006659058552,-0.00013043450422238015,-0.0004031535832751302,-0.0010360773919271759,-0.0005900569267827266,-0.000536004736330928,-0.0004478895666208177,-0.0007967485952455735,-0.0002746777605504962,-0.00040153684448007834,-0.0005103156874292469,-0.0004316665277114971,-3.308972848565079e-05,-0.00037664959746926087
AUT,ssp245,mri-esm2-0,0.003847636245861575,-0.0003040821577098571,-0.0005540569356775112,-0.0012380623801766237,-0.0023756076205331683,-0.0017405671553365814,-0.0031280808106438495,-0.0012915699328842297,-0.0005254563103017453,-0.0006743010428261679,0.0004470969247055923,-0.0038362288389357907,-0.0031087929425237934,-0.002410084666048868,-0.00040250244864737,-0.0008036752021922643,-0.0009248567246792555
AZE,ssp245,mri-esm2-0,-0.0030961021106910656,-0.016571739429516657,-0.007998999168596284,-0.0006373076421845195,-0.024789112975367546,-0.010644178886631762,-0.006287077989727285,-0.017190639902375508,-0.0033513772339576215,-0.006267990873818997,-0.008632434947789171,-0.009748985984719002,-0.006924438809922163,-0.00863640834302653,-0.0034869308286773655,-0.009199435812233576,-0.003120811127940565
BDI,ssp245,mri-esm2-0,-0.04980819458189991,-0.06731734163682071,-0.08081854545797447,-0.03951820292305953,-0.018927702517993222,-0.011424070116817902,-0.01282242186334314,-0.012365965643742923,-0.012307554046759355,-0.013914159173289961,-0.008583319906885555,-0.008628917949463683,-0.010617320349885011,-0.007046497293300277,-0.004308747353854606,-0.003304721761371858,-0.0068693342139636085
BEL,ssp245,mri-esm2-0,0.0006038484354728951,-0.00017299530014115163,-0.0008013971610141752,-0.0017440614161600614,-0.00038715259176885726,-0.0007389396983230184,-0.0009199710154675909,-0.0002293445657599368,-0.0007297866321642207,9.080868966207214e-05,-0.00013807381734130106,0.00015733820055911668,-9.77345570522008e-05,-0.0005021679609464588,-0.0001271715140852712,-2.559362088515586e-05,-0.00039228919840075376
BEN,ssp245,mri-esm2-0,-0.24049234135634406,-0.17186402959119546,-0.04002606053614199,-0.11042897295267948,-0.21284131146562615,-0.16189287891970616,-0.14228436084424032,-0.11030592925254958,-0.07432336635563504,-0.12062273008749483,-0.06918126835473738,-0.06154900106924273,-0.06363323203714051,-0.05287198364787952,-0.03462890402930356,-0.0276223071240081,-0.029251078820603814
BFA,ssp245,mri-esm2-0,-0.35042890442535063,-0.4584064796285939,-0.04843134050139304,-0.11612286231832455,-0.2268023038462656,-0.11138790959261098,-0.14125953600751476,-0.11004458018396888,-0.09202302996513909,-0.06308220890942128,-0.05221854947362332,-0.05065323088768249,-0.039465650390945524,-0.0314399770187616,-0.028334843648738263,-0.02157083628666134,-0.019717826509201408
BGD,ssp245,mri-esm2-0,0.0004868454242974341,0.0016204521089326694,0.0009626210617630386,-0.006102421561301924,-0.0018671350035178477,-0.008590667136373435,-0.005463637673897892,-0.00810272241807504,-0.004144024439640765,-0.005326390657587059,-0.0019485117517189625,-0.005272252125957322,-0.006359491901565865,-0.00659507226590296,-0.0028191814385209327,-0.0015968625821604445,-0.0018762155418829709
BGR,ssp245,mri-esm2-0,-0.0017672112439080438,-0.05961654573082989,-0.018553764750339225,-0.02997352693062547,-0.0352253637009797,-0.08283922123071799,-0.0631448121606311,-0.01732814823061973,-0.08660961680568219,-0.05207195850327448,-0.019967468663170583,-0.08115340310758062,-0.05057054700831977,-0.0972875037732187,-0.08318838868173749,-0.03433804006154061,-0.030960721642651543
BIH,ssp245,mri-esm2-0,0.02279880929765168,-0.06457200683985444,-0.037420269798305636,-0.08077634108803791,-0.04930889134374905,-0.04993958289150482,-0.07215710940828353,-0.07429000342295289,-0.047834647224223065,-0.06261984379024967,-0.04668046510974115,-0.2637230418180929,-0.1716253769572646,-0.11237960029992669,-0.08555026061673243,-0.07849752535574082,-0.0789573518552694
BLZ,ssp245,mri-esm2-0,-0.01130643113174643,-0.3222825601615947,-0.16548360059608064,-0.19846492063220694,-0.033742936003746095,-0.06763510265923224,-0.05424606957742256,-0.04358453037013742,-0.06925003828965025,-0.05326244524199848,-0.04637662299829491,-0.056519059216362924,-0.03490761174089997,-0.03333674237376436,-0.025390878666585584,-0.023673632089169058,-0.02175243045829168
BOL,ssp245,mri-esm2-0,0.0023306592070245916,-0.057069869740828796,-0.005207120669319117,-0.04749492091739693,-0.021357623917833052,-0.016001682710334815,-0.02243231122970245,-0.027016601494611298,-0.013190554495241718,-0.027392773887043975,-0.014865247485764437,-0.013960570435454052,-0.019607415171598253,-0.016477176135689667,-0.010403658244210901,-0.006865670163289988,-0.009728953837125145
BRA,ssp245,mri-esm2-0,-0.058998230023848346,-0.040779963698659466,-0.0193882844022762,-0.04374381619781262,-0.032491247879538006,-0.03885217163865004,-0.0407131355385805,-0.040402477260706934,-0.03203484426563386,-0.039919476451514335,-0.03974086331284592,-0.04244475274196432,-0.025944411948404963,-0.030355420444353923,-0.035454082603162504,-0.025229276531206914,-0.020035308663761325
BTN,ssp245,mri-esm2-0,0.002305213969771318,-6.322567096751535e-05,-0.006564413785252217,0.0009659398284898758,0.0008712916758362534,0.00018445030594919768,-0.0002080724778835124,-0.0008907877850472154,0.00022781253607403936,0.0001434713104557034,1.7293251914521624e-05,-0.00027785878355850635,-0.00220523627674441,-0.0016857217236649613,-5.7521803853726415e-05,-0.0005800894563529669,-0.0005046572770246067
BWA,ssp245,mri-esm2-0,0.0031976142200041665,-0.011399797263749716,-0.0028920222808192756,-0.006727862810605438,-0.0031078173040626346,-0.005657925766507674,-0.002725574772143881,-0.0013941704628566125,-0.0021166114167998555,-0.002247621684953803,-0.0010462679259549657,-0.0023836407834865337,-0.003616208080667053,-0.0026652156205831837,-0.0014406961067267797,-0.0027281793117503133,-0.001227953763140156
CAF,ssp245,mri-esm2-0,0.05498503731799685,-0.2200138824675081,-0.06820968447447914,-0.13656147614604516,-0.1915286043186471,-0.11748858999173523,-0.1495594212795789,-0.11531717591561784,-0.08748907699947073,-0.1322885550126242,-0.06008779548317718,-0.04733446746383191,-0.05537690470813158,-0.04652935683523195,-0.028561233805024396,-0.030844373705620307,-0.029654035385394163
CAN,ssp245,mri-esm2-0,-0.0007666567432052008,-0.004162726430953883,-0.000892460516758773,-0.004570136078404982,-0.006863792418513718,-0.004598111923574902,-0.004653193719130373,-0.0037308038472578017,-0.0034965958505023395,-0.005088452971240846,-0.0014168058032545457,-0.00035917899531445556,-0.0040248415993778585,-0.003146116634519422,-0.0013066361805807595,-0.001141429898153261,-0.00248239646485096
CHE,ssp245,mri-esm2-0,0.0003501436892725597,0.0001101086118622868,-0.00037390629512359653,-1.060878169689918e-05,-0.00020350631245360468,2.913517809010505e-05,-0.00033021514506101026,-7.307106283567749e-05,-0.00018300987439079166,0.0001758115393336422,7.508553092981802e-05,-4.293393514544301e-05,-2.5537934785244545e-05,-1.1692049259507901e-05,1.1724224440013527e-05,6.079534089188786e-05,-0.0001821485204449105
CHL,ssp245,mri-esm2-0,-0.0010687060593944698,-0.0003597410243208897,-0.00031574493387866317,-0.0002589533375618986,-0.0003537372963173681,-0.0005994322100817579,-0.0003097180442202763,-0.000567056076605275,-9.520482883480861e-05,-0.0002056441044817191,-7.101414970835915e-05,-0.0006155956094314487,-0.0004119357557894145,-0.00018505452771747587,-0.00037015560459181416,-0.000602773583887808,-0.0002671311089015309
CHN,ssp245,mri-esm2-0,-0.009214988648920978,-0.01515275794460432,-0.01741669887220593,-0.020057746293649172,-0.020095638372154376,-0.010314757919036943,-0.014110177514155409,-0.02091958228158039,-0.020125321318728188,-0.016066094379612095,-0.01130364701271918,-0.010719534777356448,-0.019452591499427963,-0.012720287850272472,-0.013663645753277592,-0.014581375101250188,-0.01060618711367008
CIV,ssp245,mri-esm2-0,-0.10246179105345979,-0.0493323327112602,-0.00752440880689814,-0.028016054743447965,-0.03881595297945821,-0.033959683505088746,-0.02454983934356674,-0.023077066398452927,-0.014341188322152747,-0.017024263259887627,-0.011363504861856364,-0.015626011895214974,-0.013745765042427261,-0.014331690405465836,-0.009888090187973334,-0.009160561813011609,-0.008466696360357963
CMR,ssp245,mri-esm2-0,-0.05994500159347647,-0.08305904584259315,-0.01012844467835944,-0.013471206581946343,-0.062019521073631026,-0.05691633283289808,-0.055430563197287924,-0.04970172887892798,-0.03816411243627432,-0.05357517821816468,-0.02629315220285128,-0.028275666338872775,-0.032963553360916366,-0.02367043919103628,-0.017595527934725706,-0.014457535722081177,-0.01375188626641842
COL,ssp245,mri-esm2-0,-0.0016163586170298545,-0.00139894369284427,0.0006162907156545454,-0.0038149682272766985,-0.00440903326946983,-0.008127242260997541,-0.005575962049696082,-0.006675076454060932,-0.006398239929858377,-0.007998605763230056,-0.005449578644517223,-0.004139260313108966,-0.004423516452067767,-0.0041640558021086346,-0.0034684435912456443,-0.0018246059730507918,-0.00329381637786047
CRI,ssp245,mri-esm2-0,2.9660075992167603e-05,-0.00046291073010947827,1.6443602329439877e-05,-0.0002790970548917337,-0.0005107186758509378,-0.0008734069839786023,-0.00046058626245154224,-0.000427090894286475,-0.00043255362377164693,-0.0008818987365988968,-0.0005493325304720667,-0.0006109885532600305,-0.0003864093242667901,-0.0003266336097254391,-0.0003174792668279278,-0.0002392121730646272,-0.0002718051446487984
CZE,ssp245,mri-esm2-0,0.003148435782113127,-0.0008373691085880217,-0.00183590769608965,-0.002445948294416904,-0.0003761759216527903,-0.0007582449012941582,-0.0009185328550909316,-0.0002754883313751361,8.835668659256962e-05,-0.0009447457779796671,0.0004220736004289554,-0.0010295121014056187,-0.0009203970663985737,-0.001832068485623235,0.00010863304611421632,-0.00030602042749920075,-0.000917186114549432
DEU,ssp245,mri-esm2-0,0.0007478280944251467,-0.0005792654937639179,-0.0014807005948807431,-0.0011209372827294575,-0.0005704900111144388,-0.0008037816590305143,-0.0013601087622897479,-0.00023585148602407174,-0.0009550512052446078,-0.00016008642668173602,-6.759128932320803e-05,-9.327099607534332e-05,-0.000380425781635922,-0.0008430322732374651,-0.00017331796368073166,-7.420748766666384e-05,-0.0006747537641649372
DOM,ssp245,mri-esm2-0,-0.0014772026906724233,-0.0018133156838912067,-0.0026315501905542506,-0.0016725014150742847,-0.003500696218432963,-0.002547283303923038,-0.003185368354060378,-0.002627008568366803,-0.002489551994560017,-0.0016917377831513127,-0.002472587189731658,-0.002564128351359246,-0.00247197354064057,-0.0019528504564234558,-0.0022209486508477324,-0.0022404840021879647,-0.0018595823285512151
ECU,ssp245,mri-esm2-0,0.000744381970239229,-0.02288679628452216,-0.017631315401590127,-0.016034973060004086,-0.008659956719691032,-0.01815010558473875,-0.01715063117741792,-0.019754991748733304,-0.013893158443614391,-0.012865878845212767,-0.012557867426313957,-0.01134283409731329,-0.013572408641902815,-0.009686078552470037,-0.008719398255015706,-0.010310804918953777,-0.0063248633293956314
EGY,ssp245,mri-esm2-0,-0.004695474972845502,0.0005435978247920454,-0.0002480611640970973,0.0013340347624370692,0.0020276610963717127,0.0016436934051814304,0.0027001136436342944,0.0018321839640078575,0.0012959218163106556,0.0018871236827492234,0.0020494173203578,0.0008136374987232299,0.001269981297143205,0.0017389316708462867,0.001304461039279591,0.0016209262329942443,0.0010213470787577281
ERI,ssp245,mri-esm2-0,-0.07449274284738494,-0.219584254117471,-0.1894484384343705,0.0723803613419822,-0.26656714838838197,-0.15825965407144207,-0.19828558519932923,-0.2414941769083943,-0.19600327045835114,-0.19234781095584175,-0.2011209596298223,-0.15237334320955268,-0.13475645947958595,-0.12994029191754072,-0.09206967166949809,-0.04736570250804432,-0.08378185343240131
ESP,ssp245,mri-esm2-0,-0.005361900116962955,-0.007278257222376203,-0.006014317304184071,-0.003002699771984438,-0.008494255082620472,-0.0007475433829544969,-0.001940165086904394,-0.004811525251527853,-0.006979630009941413,-0.001264213390403452,-0.00766868045577849,-0.00867702265578333,-0.009398897324746825,-0.005655989641564796,-0.003538405385131081,-0.0026529393784847847,-0.003907309902512529
ETH,ssp245,mri-esm2-0,-0.01869302433011779,-0.04754893280386694,-0.031585465287408444,-0.00032509160127304796,-0.03408553534143592,-0.005185037579107932,-0.012770191467055707,-0.01726645286452729,-0.014514455716776535,-0.0074120982106278535,-0.008770045635007297,-0.009330580061564191,-0.005761866316022051,-0.0058093867240339965,-0.003137559890928343,-0.002744174778302281,-0.004507676681068895
FRA,ssp245,mri-esm2-0,-0.00039437042461809595,-0.004029939118818329,-0.006579232689992224,-0.005162348000971046,-0.0067279381765218225,-0.0016448800857709145,-0.004687057519672334,-0.003518836823646798,-0.004829816445378334,-0.0010379723655347783,-0.00305221064582953,-0.004518207950220605,-0.003073121146311522,-0.0033142323487490247,-0.0013414961645468874,-0.0010279355532212622,-0.0025521416030304025
GEO,ssp245,mri-esm2-0,-0.001582976348706672,-0.009389268375144791,-0.004673717485481599,-0.002953938482413084,-0.021887607124116727,-0.009425959865017807,-0.010441526413567832,-0.009602783302937429,-0.005604677867942308,-0.008202672571237331,-0.005877281470811377,-0.01171583260443464,-0.009893156095990879,-0.014176080469583921,-0.0069736252038374935,-0.011245199665510368,-0.006274198074344002
GHA,ssp245,mri-esm2-0,-0.1269385959447328,-0.05470752973976645,-0.01035993012062986,-0.02308227953546819,-0.04677551096876545,-0.034256061472559676,-0.027636141621838906,-0.026841881189105653,-0.01971171676505588,-0.025572951845640884,-0.0174630345536972,-0.019010800450276567,-0.016927205614829983,-0.015647729343065353,-0.013211098908921703,-0.010248590595212995,-0.010272741934939983
GIN,ssp245,mri-esm2-0,-0.057237311238568664,-0.04956545423586482,-0.010694430000006661,-0.02455901691006019,-0.01532419043029807,-0.010862113301357975,-0.009354970096091528,-0.011839771119435913,-0.00853838688626935,-0.008485338113645359,-0.004966311176109325,-0.006517392749220818,-0.004846959705671833,-0.004581217781169057,-0.004318095895871144,-0.004411622991620789,-0.004019899103336551
GMB,ssp245,mri-esm2-0,-0.04207707720061923,-0.037501043730313766,0.003366189170745982,-0.03101532352051129,-0.02761593814564155,-0.01107349088401561,-0.01170160250073506,-0.008606713788502715,-0.009459229801687388,-0.009250504151149544,-0.006172215260194066,-0.006911678652805917,-0.0050290729142857945,-0.004277768270623218,-0.003789666715750896,-0.003257705036076313,-0.003318359633819892
GNB,ssp245,mri-esm2-0,-0.127441698604107,-0.17027815333933968,-0.026727212582155227,-0.12113468730336813,-0.09866812062101463,-0.050199696241892106,-0.03177649914899447,-0.043786992984609696,-0.03841839837604251,-0.04269917934394138,-0.021000078676617406,-0.031983431656319346,-0.020530461282669697,-0.018013754471199357,-0.01696472046070019,-0.015619815354080453,-0.015887083008388706
GRC,ssp245,mri-esm2-0,-0.0035979436400220177,-0.019687042711481854,-0.008522222728111192,-0.0077322247717055165,-0.012721412081899936,-0.013600472289300409,-0.012510726501047944,-0.008679616558445184,-0.00715727412486634,-0.008791224088363182,-0.009054177271288493,-0.007740802710098245,-0.010708120974017493,-0.009935669323113306,-0.013647402858588115,-0.010297957037371505,-0.005631228136505128
HND,ssp245,mri-esm2-0,-0.013298850388881157,-0.1261639094195415,-0.04323741801541499,-0.06288843644670011,-0.052525146992024485,-0.0513459747184956,-0.03024513226225285,-0.023859101992859243,-0.027600896300757804,-0.03258599011731749,-0.026005785337552847,-0.0217234582970238,-0.020367064721553935,-0.010434737434820693,-0.013785516253466022,-0.00858304294700076,-0.0092875349722025
HRV,ssp245,mri-esm2-0,0.006633377302265485,-0.221395815260031,-0.14952662260901933,-0.29499087113790523,-0.19238190670116764,-0.21428150107230506,-0.31365215359348464,-0.3111665606834101,-0.19459223708528925,-0.21155299697842309,-0.13862873170135942,-0.7858168352469864,-0.45517071166187817,-0.31652261882563454,-0.14652938975423693,-0.16383121917345933,-0.1452047630449787
HUN,ssp245,mri-esm2-0,-0.006689974917171881,-0.016790085731656478,-0.01578587609756929,-0.020726326937033877,-0.015864937825450055,-0.022610602288178367,-0.021822677342217274,-0.020400644868714773,-0.021098982187585633,-0.016697598741204106,-0.0066450152645281275,-0.03306736827686285,-0.022146596439420595,-0.031118356222809652,-0.006220505657124055,-0.009993166548653655,-0.008630758781764544
IDN,ssp245,mri-esm2-0,-0.02145428263153624,-0.02678740789666747,-0.014868668963221286,-0.03596996009071631,-0.026411503394713442,-0.027755267124318497,-0.034505291759351686,-0.030568320031128304,-0.018564680846273912,-0.02685205414715658,-0.024232944565207193,-0.016583477291218025,-0.01973599656500648,-0.021121375810251936,-0.020754273062311444,-0.012212855637940265,-0.015468765096427504
IND,ssp245,mri-esm2-0,0.0032727200070515926,0.00029498201469706963,-0.0023377830698964397,0.001715882413900589,-0.0032012250113119503,-0.0039423990532503,-0.000854476877979848,-0.0024346089814163904,-0.0004223417982207512,-0.004384181889098325,-0.003737218241838584,-0.0034440439147189446,-0.0015510988583100173,-0.0015367028996547743,-0.003298511315721853,-0.0007752998567223062,-0.0018652732433595335
IRN,ssp245,mri-esm2-0,-0.0010868829378243411,-0.00032995313776128064,-0.0003611440306837898,-3.0005556946993073e-05,-0.00041945697294928523,-0.0001819199048122238,-0.00011130254619756505,-0.00031325026182451183,-0.00013873681502621647,-6.797107583128066e-05,-0.00018703867295448992,-0.0001279254510172814,-0.0001290826225136974,-0.0001012245784458327,-8.640107879554843e-05,-0.0001398969881936661,-7.383489602688745e-05
IRQ,ssp245,mri-esm2-0,-0.012781521669690758,-0.015543332722183036,-0.013466347948651092,-0.007238092702704033,-0.01196487334104593,-0.006807652431352754,-0.004536778001422416,-0.008672387453901503,-0.006295973438115715,-0.0024736263540854246,-0.0054826050145511404,-0.0033491626463970784,-0.0035251567083586393,-0.002414467506766164,-0.002494748241215678,-0.0029023955674068406,-0.0020499329618346106
ITA,ssp245,mri-esm2-0,0.0007320890554955299,-0.0003885231136691571,0.0001513355910784745,0.00014205395192413685,-0.0010354665372217019,0.0007167588576997778,-0.00026770539392428173,-0.0006071166370019656,0.0006476621330325793,4.399696981700863e-05,-2.579893455016049e-05,-0.001327949948564782,-0.000913404881179158,0.0001695808337229197,-0.00011300562764304528,0.0001404538169509778,-0.0006264008690091333
JAM,ssp245,mri-esm2-0,-0.000882147424737786,-0.001726145982482706,-0.0029030566366704588,-0.0022003782845673846,-0.0020352468650912826,-0.00407007393425955,-0.004059044238300674,-0.003684304129606075,-0.005412152490761273,-0.0023231529105901968,-0.0032914396340968243,-0.004659830498447056,-0.003986124020213038,-0.003402353051723438,-0.004852996143694565,-0.002787434590254571,-0.0026060131618872748
KAZ,ssp245,mri-esm2-0,-0.0031499156907275052,-0.0015215549558837732,-0.004305059554387007,-0.002980766054469267,-0.005043327051448861,-0.002609213186819529,-0.0014383933537749612,-0.00120341966719847,-0.0025907021462799567,-0.002779751403908294,-0.0031615629387192674,-0.002674432008300292,-0.0011301642740427396,-0.002224651288987966,-0.002262149755212138,-0.0033003911756749084,-0.0021635348263367125
KEN,ssp245,mri-esm2-0,-0.01905558533157002,-0.05401421520088317,-0.032602698971515014,-0.02185154963159739,-0.021169921150088453,-0.019666040742474113,-0.022982875595914887,-0.023298399850853285,-0.02285246849423091,-0.01658055331111875,-0.015828161494928536,-0.01764085144397509,-0.013806660747400223,-0.0112532269592046,-0.008384078000261742,-0.005133673989428441,-0.010208554067030464
KGZ,ssp245,mri-esm2-0,0.02434850963509942,0.018869703186938192,0.009660323272438267,0.0058439577353200075,-0.023925256408306193,0.00038200700476657723,-0.003773814325655948,-0.002354849075969063,-0.0016838773846656694,0.003938184370190064,-0.004131320253648013,-0.0009368172191558088,0.003577956022609312,0.0013937576189294377,-0.004247759889725986,-0.007192106117531631,0.00024357726113376257
KHM,ssp245,mri-esm2-0,-0.1695228939349446,-0.11590323260898029,-0.07960622083087482,-0.15531124968075957,-0.0688809448191169,-0.06297058472941792,-0.041342963898651997,-0.054892830890625396,-0.08219736251986175,-0.04859750574856789,-0.025968141054283064,-0.015002355023118231,-0.036978462874369636,-0.029036864361087694,-0.013430955776891991,-0.029061874316913656,-0.02487083099706825
KOR,ssp245,mri-esm2-0,-6.421494999886185e-05,-0.00010475415624726741,-0.00019910990883606678,-0.00016889087983109477,-0.00013490606812181603,-7.607151832474316e-05,-6.780450456024594e-05,-0.00016235754547228831,-0.000137830250502622,-8.34781192407496e-05,-0.0001118420460457693,-0.00013601836402248854,-0.00015547980641310725,-7.969861994005054e-05,-0.0001878749515490565,-0.00013080111991352442,-0.00010050961041958921
LAO,ssp245,mri-esm2-0,-0.11123012358701602,-0.021367718085675204,-0.009179113476893718,-0.030753719217933725,-0.010244772841167123,-0.013079118169615624,-0.01482563601776506,-0.01340202693861162,-0.020661581635839477,-0.009876781731642473,-0.00390165869930968,-0.0051388300662785664,-0.012153761270846192,-0.010106312167971246,-0.004049093448752469,-0.010343349398910325,-0.008691079222716086
LKA,ssp245,mri-esm2-0,0.0008742247633813353,-0.0005781096312720086,-0.0002908504492811538,-0.0007100867380946914,-0.0007208808621390269,-0.0011395485324679623,-0.0008825610002926041,-0.0006717660213836036,-0.0011107854644183369,-0.0006417518593336805,-0.0010678483172258599,-0.00048353301646292555,-0.0007730040651077081,-0.0009850426012385578,-0.0005574309866941412,-0.0005578797217816609,-0.0005995222678656077
MAR,ssp245,mri-esm2-0,-0.00016528045950305742,-0.0004647980891990868,-0.00013410095035011065,-1.5878905385900437e-05,-0.000147699438016629,3.9903741974027067e-05,-8.909211149318286e-05,-0.00019234896985990886,-7.480721344984763e-05,-8.889013540613338e-05,-0.0001940591926450963,-0.00012536202569613945,-0.00018735860633377636,-0.00010122445234173814,-7.707654292945586e-05,-0.0001127751787123937,-5.8221737099639874e-05
MDA,ssp245,mri-esm2-0,0.002196496703394965,-0.1246479533917551,-0.03804235704772568,-0.008821463415885425,-0.07895229740621512,-0.08777053574187464,-0.05668086317275353,-0.04807086440405758,-0.1504472432733501,-0.06561640585224106,-0.02183880068923675,-0.10816037882979358,-0.07827197409568142,-0.15527159553244022,-0.04618329733263181,-0.044179684076810305,-0.02328512628841271
MDG,ssp245,mri-esm2-0,-0.0063992038654794295,-0.0019581894883614077,-0.004907248977614263,0.00024586138535027035,-0.0031814693427178243,-0.0012597856185647613,-0.0016645348946519097,-0.0023938481459352965,-0.001456863024674779,-0.0014909996802413132,-0.0010254185208350987,-0.0010742856585626815,-0.0004407567834643036,-0.0004153927010433655,-0.00032702436158746557,-0.0004725374779005022,-0.0003795430129192218
MEX,ssp245,mri-esm2-0,-0.01765112681476417,-0.026643813334177476,-0.009971515365552248,-0.031230914305845497,-0.014359722589657332,-0.03980670910869922,-0.022613353255183852,-0.022457729188973992,-0.02054678036463313,-0.03233079915028702,-0.01684160825238671,-0.012687210598936969,-0.014170187613022281,-0.012184457449210154,-0.020304076848006298,-0.016426502219341024,-0.01888731912468087
MKD,ssp245,mri-esm2-0,0.002564966462659424,-0.017656885695831143,-0.0038840611413907575,-0.00893067109746049,-0.01105857238101685,-0.008629138607221353,-0.006565450385924287,-0.006761959227057532,-0.005869737856561561,-0.006727481816036119,-0.006834692998369176,-0.015244080266521359,-0.017215164476169678,-0.015308781380185028,-0.018945491577329405,-0.008992563569081057,-0.010611806678545605
MLI,ssp245,mri-esm2-0,-0.39547712074211805,-0.4674773460320827,-0.11815214438523343,-0.29665340163333204,-0.3181615054694103,-0.1293562381783242,-0.16795266247974466,-0.17735677399068564,-0.17744016804076648,-0.13215901927644644,-0.09818994455577704,-0.09671249717236802,-0.07253791860076873,-0.060344082333739515,-0.055267694817013886,-0.05023990715756337,-0.04587961552405318
MOZ,ssp245,mri-esm2-0,-0.08476755768105941,-0.38595904108935086,-0.08856069542911667,-0.10425499967680074,-0.029919110728524545,-0.043714732258109096,-0.045673315596907814,-0.0377052046077677,-0.037312105204368624,-0.04096450212996451,-0.015522933270605162,-0.014587688687251441,-0.01525835031593889,-0.00978787984959575,-0.007167560293484067,-0.006736132229237659,-0.00965459203141619
MWI,ssp245,mri-esm2-0,-0.36233099689707293,-0.359878305743447,-0.12168892278498346,-0.22253664325122363,-0.08751887588555192,-0.05854584326003534,-0.09171901354280332,-0.06972527121616039,-0.0657214062246758,-0.07241248375463266,-0.026501380181595303,-0.018470482013860326,-0.02910800923410796,-0.017160144021241948,-0.013125101848609292,-0.010423203976785457,-0.015575604646877177
MYS,ssp245,mri-esm2-0,-6.623736832568578e-05,1.7483443865166134e-05,-8.867296408509781e-05,-0.00011207862158441954,-4.6053818336511565e-05,-0.0001635618485395969,-0.00016119897787474424,-0.00010692764484275051,-0.00014057137598283618,-0.00016836520356694278,-0.00013089972770252833,-3.782580120125173e-05,-8.975865776445028e-05,-0.00012285411423725652,-0.00011152383273294304,-9.704339072741466e-05,-9.221589007915927e-05
NAM,ssp245,mri-esm2-0,-0.02157127069428019,-0.027279583555797262,-0.01369408656501815,-0.034287312224668944,-0.003768840884727686,-0.031237148196057565,-0.02453366225658965,-0.005031925813600787,-0.0063441346978728155,-0.01715827949895145,-0.0026492724450365712,-0.007212140894737281,-0.016660963690335984,-0.008299082110813405,-0.004661222173009344,-0.00498746037543516,-0.00917265404724456
NER,ssp245,mri-esm2-0,-0.0030712420293491295,-0.0036298789497734743,0.0007087133869063567,0.002888378842115092,-0.0021974063376994065,2.2671569556859277e-05,-0.0008181942596807636,-0.0006599255263046633,-0.00085815410585695,-0.0005981149840757033,-0.0003795544347512052,-0.00033625658530485043,-0.00022506091005191164,-0.00016694728145103918,-0.00012286246568433813,-7.521342633568016e-05,-0.00010545728811897951
NGA,ssp245,mri-esm2-0,-0.037953320226173544,-0.02016289810062961,-0.000897820112696904,-0.00032056674564309983,-0.019191825535624818,-0.011911534335205644,-0.011645268947749645,-0.010537554209366872,-0.00806380371873994,-0.00858661610210885,-0.004664161324804719,-0.005508784415518399,-0.005099117788275632,-0.0035491706730066295,-0.002842328965107929,-0.002129390711456607,-0.002311470184197867
NIC,ssp245,mri-esm2-0,0.002331446496097109,-0.06430467265193611,-0.010275482218408193,-0.01390905620690689,-0.040629829258511316,-0.04992916487648662,-0.022351542144392677,-0.0195396546673609,-0.02080616030687872,-0.0263453035802991,-0.02265070561537861,-0.027187504516639545,-0.017673640814357107,-0.009743396455395006,-0.01046817629822083,-0.007396261725762112,-0.007364675577802696
NLD,ssp245,mri-esm2-0,8.363293328438645e-05,-3.5311561455073576e-05,-0.00016333676221693536,-0.0003159021397864432,-7.509364534122372e-05,-0.0001775827512810695,-0.0002084198017910196,-4.579635202622219e-05,-0.0001492466662275043,-4.399518751259682e-05,-2.37736789866176e-05,3.2764494793331714e-05,-1.7819676331190316e-07,-0.00015795945530630226,-5.530325785294977e-05,5.874501843663996e-06,-6.381920939388119e-05
NPL,ssp245,mri-esm2-0,-0.0033406342751632757,-0.07746308371293541,0.043164305475050825,-0.07342559470659196,-0.11712624358539772,-0.1379008706478149,-0.055769177688648496,-0.11455274858015217,-0.09962572932048885,-0.09044997207197769,-0.03272126711055064,-0.04787982010475648,-0.055811769529548624,-0.048971932750598815,-0.04516909416899075,-0.03308894989837826,-0.03143662100343687
NZL,ssp245,mri-esm2-0,0.0002113693017290975,-7.736021177683521e-05,-4.762536127367019e-05,5.386825980712697e-05,0.00070363032107235,0.0001029324337657152,-7.590410913787532e-05,0.00031594291040863964,2.3336353820908578e-05,0.0003233112552700511,0.0002389562745940658,0.0001167899282239035,0.0001240254610618501,0.00015335190831955518,6.196910695713929e-05,-0.000503433900619365,6.139601996577207e-05
PAK,ssp245,mri-esm2-0,-0.005043498221685299,-0.00491361487358554,-0.008580353371945923,-0.006464752346817209,-0.011185584657823659,-0.0036191395544597645,-0.008463130220827028,-0.006848943976498881,-0.002628302624188442,-0.0056184974058682184,-0.005844966426164644,-0.001503673743085041,-0.0028991269060790943,-0.002224392067670632,-0.0026806381315211633,-0.002652618299831848,-0.0018898727332137468
PAN,ssp245,mri-esm2-0,-0.0027021443373353568,-0.0007712290396203834,0.0006079233738799147,-0.0032289208528416377,-0.002619178567646745,-0.005563654199537546,-0.004336885560163215,-0.003275798359277907,-0.003991542799340553,-0.008911122954524618,-0.004691485862213703,-0.0030859410014220955,-0.0037946795645204335,-0.0037077778948645342,-0.003067787059853382,-0.0013235989434886293,-0.0019087507644984017
PER,ssp245,mri-esm2-0,0.004486835296550871,-0.004499390280759544,-0.0046926518575169645,-0.0059986585252969175,-0.0016640372305477494,-0.003327326420972487,-0.0022134887974202128,-0.0048037592166476975,-0.005620750152839019,-0.002375719200664225,-0.0017489831193882957,-0.0017331070796754882,-0.0030862419403269673,-0.0013470634772269339,-0.001941923044779931,-0.002503192934719657,-0.000404879656711227
PHL,ssp245,mri-esm2-0,-0.020906123636823194,-0.0216244786305806,-0.030030422724964086,-0.019872971041157685,-0.022425806335019838,-0.030438507392246905,-0.01646014623084587,-0.01624229231865838,-0.01969225809013018,-0.01962862863329438,-0.014841087085988757,-0.007382564846997589,-0.008562470909624392,-0.008491910736100245,-0.007048065758167084,-0.009312490339939939,-0.009647063332654679
POL,ssp245,mri-esm2-0,0.006205912766204421,-0.006612214398522946,-0.007656637938679297,-0.01791489199131638,-0.000651111033814805,-0.0033062544667540536,-0.0045712170277131346,-0.00465072551045397,-0.004635562040568621,-0.015574867174523704,0.0015968519893529171,-0.0035838116923102604,-0.00686451626256423,-0.01912029607309473,0.0013460113642452017,-0.004177767385706579,-0.006977246470573326
PRT,ssp245,mri-esm2-0,-0.007081095772610902,-0.004980405052834075,-0.00748928043910986,-0.007685124696230592,-0.005732787168509292,-0.0010184289367858993,-0.002310267851396163,-0.004663664531403305,-0.00758024503773362,-0.0005753566004790198,-0.007205951064824026,-0.006680908677877007,-0.009040738087252477,-0.005481292435485204,-0.004252704437448476,-0.0024724170407310754,-0.005571859320177265
PRY,ssp245,mri-esm2-0,-0.13714309881286335,-0.23343631345746838,-0.14507605384464184,-0.17008664842827648,-0.08459699537574622,-0.021173548371406076,-0.11417515411454382,-0.14294425087190546,-0.08373177281452569,-0.04869911810013312,-0.04664774735882093,-0.06496654100963244,-0.05197898999892211,-0.06302606874002764,-0.07871628271368948,-0.05065277335722641,-0.021292902042943034
ROU,ssp245,mri-esm2-0,-0.004332614179182561,-0.04851857372264009,-0.020081118139969295,-0.031111383933669506,-0.042468668679861994,-0.06882682369792215,-0.045013292069227544,-0.031349655823934224,-0.08250902312137164,-0.0546776967846666,-0.021963859173755006,-0.10915384012825169,-0.06482118698445292,-0.13558969754496839,-0.05672979041453294,-0.04914708589271769,-0.03796496466911279
RUS,ssp245,mri-esm2-0,-0.007736030206269976,-0.005827669368412695,-0.001843050769982266,-0.004151862703046424,-0.005048754666565625,-0.005268497705617512,-0.004794770095055264,-0.0022317602653098793,-0.0035302623110422225,-0.002413167552875582,-0.0016930800209623681,-0.008734617401110633,-0.0034834554479988926,-0.0066817013758902555,-0.001568095199868241,-0.0034319903737825433,-0.003748712938846937
RWA,ssp245,mri-esm2-0,-0.0005639777837326702,-0.021567924355660933,-0.021296490171411556,-0.00844291276227162,-0.005839264197173319,-0.0049734725004580505,-0.005660067635795866,-0.003737067136460907,-0.003940180184921709,-0.004554542777934069,-0.004490644221126287,-0.005306184441844141,-0.004573900155740687,-0.00458017268429681,-0.0017436269380264437,-0.0011995805242044709,-0.0030901239957392126
SEN,ssp245,mri-esm2-0,-0.12695353849660374,-0.10588989111217594,0.005301986351060982,-0.12175640200538668,-0.10815938146698181,-0.041723235601464334,-0.04578283387088579,-0.03771550286054825,-0.042785216834392494,-0.04217715282033829,-0.026912925364774517,-0.03112335730550217,-0.021406759635657278,-0.018364159330107627,-0.016073256684065066,-0.013835029528678515,-0.013989498496091875
SLE,ssp245,mri-esm2-0,-0.016454678206808227,-0.004411520031641496,-0.0010937142639562084,-0.003161446232956204,-0.0025267102904837353,-0.002225091997623618,-0.0019348163340418142,-0.0020602021742969555,-0.0016141304481675537,-0.001691648749652364,-0.0008842939519718852,-0.0010452678005096975,-0.0007110622904053067,-0.0006370515142874348,-0.0005543524307737883,-0.0006087373261516305,-0.0005915210040170296
SLV,ssp245,mri-esm2-0,0.03235529397737184,-0.11703743240296713,-0.05688653982104386,-0.160512430470402,-0.09908759662493598,-0.11195742941487491,-0.0975974900623852,-0.06304236534759702,-0.09515708434632662,-0.12666486140679203,-0.09026679211364803,-0.06537329867525497,-0.07955056714612539,-0.0677646160924171,-0.09933701444926962,-0.05117486648848065,-0.06847360564920207
SRB,ssp245,mri-esm2-0,0.023701869492369722,-0.14910611235043342,-0.09539727651659952,-0.09689606140625373,-0.1207209590770419,-0.1475028118536391,-0.14887080256945823,-0.14254700125607783,-0.16197779592052416,-0.1146089614111203,-0.0651381038346771,-0.2668850715745128,-0.19558651234835386,-0.2611994668720551,-0.11574166581762993,-0.07299951046501243,-0.08818829800418648
SVK,ssp245,mri-esm2-0,0.0008176938021819873,-0.003327460072901902,-0.002992209420986706,-0.00606715309474348,-0.0038421068116382866,-0.0041862889624657085,-0.004477949248744537,-0.00484974485339317,-0.002932607374072064,-0.00342251939338763,-0.0007407797166595895,-0.0044099470705689795,-0.005350636027272113,-0.006590472286083496,-0.0009387002977415601,-0.0018521645407293932,-0.0020296576364812924
SVN,ssp245,mri-esm2-0,0.005152857759459656,0.000973939446351737,0.0010342503752753078,-1.6257039513605472e-05,-0.0007323780298462415,0.00020793988138866396,-0.0023701154842209085,-0.0005302852065765389,0.0007885633638956766,0.0004697048007448615,0.00027354507417427163,-0.004541973997300989,-0.002238997019996373,-0.0007394652703813895,0.00013547045679927723,-8.99245836728652e-05,-0.00039920104770773524
TCD,ssp245,mri-esm2-0,-0.08016698567275156,-0.08654396878410288,-0.006721364040370333,0.10046798571557464,-0.05337574480417291,-0.01604248449867052,-0.03173882674035535,-0.03479056664620109,-0.023680209014127637,-0.024491011223347743,-0.014306276290154988,-0.016407819287123718,-0.010968919201772112,-0.007826709387465481,-0.008043630153502002,-0.0044041792389735,-0.006202730077524555
TGO,ssp245,mri-esm2-0,-0.3075284360824942,-0.2195317854034236,-0.04117286286555613,-0.1253604323731529,-0.2622818935428029,-0.16575707577263743,-0.13546672905780824,-0.11303076768545642,-0.07292409595000872,-0.11227318394081633,-0.07272666766214592,-0.06660663093550206,-0.06406926965699163,-0.051854575108223354,-0.034052495159989545,-0.02829074215441546,-0.027483279656741737
THA,ssp245,mri-esm2-0,-0.05578913097465114,-0.020650872916486752,-0.013416645327851372,-0.04415365218938779,-0.019388853376545976,-0.02292277373915416,-0.01872051284356787,-0.027472803835016546,-0.03188471095682349,-0.02342163617241892,-0.010726875905995612,-0.007609915144159038,-0.023353923281098903,-0.01868011741936205,-0.007950388927160074,-0.020722640447294563,-0.019148329012428817
TJK,ssp245,mri-esm2-0,0.00189500638959329,0.011781941428941007,0.01735587824897341,0.004624655431859453,0.008642702518626507,0.00391716903777997,0.0039201938855766205,0.004174163265433474,0.002565253076609416,0.0030949161564572626,0.002927771407873753,0.0003146973026077758,0.0018067423584089768,0.0007069439682912747,0.0015047959354211893,0.0014606159994317099,0.0008607931104873713
TKM,ssp245,mri-esm2-0,-0.002003895690504158,-0.0022204168443616134,-0.002803288157392894,-0.0010600358579406723,-0.001851648758344577,-0.0007110719791734362,-0.0003612197238418667,-0.0013783283304555777,-0.0008538217777047637,-0.0007937946959951338,-0.0010400569158624529,-0.0007037828081282653,-0.0005664479906974201,-0.0006653300758578193,-0.0007653299748769459,-0.0009301335598664539,-0.0006853849445563262
TUR,ssp245,mri-esm2-0,-5.267254898260075e-07,-0.0011982539550375849,-0.0017906892942562503,-0.0010243899409100859,-0.001757599606934792,-0.001881783600113667,-0.0015410319731162493,-0.0008884742928634579,-0.0012880215493638633,-0.001579668040978961,-0.0016455585108148445,-0.0009413198372770536,-0.0016267156941394466,-0.0018858565853339226,-0.0013578288158025177,-0.001785645373376791,-0.0009146135609057464
TZA,ssp245,mri-esm2-0,-0.023686836242417093,-0.05400563211421591,-0.006054702330655869,-0.09186776917901145,-0.01752376927832782,-0.01888621500123524,-0.026894101848466807,-0.021511687993040648,-0.02575576300090609,-0.027760789952968795,-0.009339187144947986,-0.015208593495655797,-0.017909593803843434,-0.008023321502467881,-0.005538167408767625,-0.00296912225821025,-0.010108321297239448
UKR,ssp245,mri-esm2-0,-0.04012608647476209,-0.145417129525931,-0.06394456581227335,-0.04912966907257957,-0.11326408277913158,-0.1389233803111391,-0.07148904268806519,-0.032408060665475504,-0.1600171650111216,-0.07688516642488295,-0.02086700873864504,-0.13200979622967796,-0.08046508935277204,-0.15723044926198526,-0.023974419558421334,-0.06073983712264711,-0.03132068674393114
URY,ssp245,mri-esm2-0,-0.013366493462183167,-0.000979468123321384,-0.008993897047531382,-0.002362531246174007,-0.0002179101358399398,-0.006092392433002512,0.00019542502606930898,-0.004957307743041755,-0.004120075194321818,-0.0008780085373834266,0.0002705103096338757,-0.003551638421792284,-0.0067162818945551706,-0.0025487996638551094,0.00017237968974611413,-0.004523874127701724,-0.0031740474605087225
USA,ssp245,mri-esm2-0,-0.0330064966616652,-0.02465307913330501,-0.010437321018703516,-0.015519179231848531,-0.01857312091312441,-0.016095372372066392,-0.02598490275963888,-0.024126177581541574,-0.019417030980385736,-0.016522475841764098,-0.018806195601292628,-0.01179197441387218,-0.018325930405039284,-0.01808924720527317,-0.014982899765256078,-0.011480517590952087,-0.02564649336506089
YEM,ssp245,mri-esm2-0,-0.0013299910810285185,-0.00039407835246409466,-0.0002850036306926073,0.00042688635424954145,-0.0009073895302406291,-0.0004886240668687713,-0.0005541399346423933,-0.0005483363016656219,-0.00037402083869652616,-0.0002954281576872956,-0.0003868171503640215,-0.0002714567980212618,-0.0002341639572207086,-0.00026687993500611385,-0.0002326498072489709,-0.00017280683231049316,-0.00021440065520232627
ZAF,ssp245,mri-esm2-0,0.013783192233372179,-0.09397996144312079,-0.008160559577401593,-0.05043312128986202,-0.03688149521342931,-0.04399859562965765,-0.019134001786036404,-0.014755937376450845,-0.017009521847968594,-0.02418104022613918,-0.017119189341910177,-0.024871153673401127,-0.023808383575844378,-0.01550813801417163,-0.012687312402140662,-0.011381522951287876,-0.015038220524095841
ZMB,ssp245,mri-esm2-0,-0.07381920804303156,-0.1644385896095386,-0.021941482805012232,-0.07235827798047519,-0.008791693299801161,-0.03122126135909369,-0.035858614116100515,-0.02218184222661825,-0.01948971848989514,-0.023842081131485282,-0.008809171772532315,-0.006699020440168504,-0.010462666660975825,-0.0075684954797508065,-0.005065818657263554,-0.004814922952577688,-0.005326345532710719
ZWE,ssp245,mri-esm2-0,-0.04447584909290802,-0.975131143000513,-0.31760152516081064,-0.34006406846501086,0.019454068106212516,-0.25339258899921024,-0.16211420849128944,-0.15383802986075035,-0.17685244350662632,-0.1735311454859391,-0.0595541790453972,-0.06445354543425014,-0.0929174421531964,-0.06264459687956721,-0.037706769821386946,-0.055248163948788176,-0.057777386258745615
AGO,ssp245,ukesm1-0-ll,-0.022659066905772903,-0.019468707932132318,-0.015660157398406642,-0.025997472513260886,-0.023438060519166967,-0.02460838864122431,-0.03082998009879334,-0.025252834818755388,-0.019508499968020832,-0.014894533852316929,-0.00893436307679989,-0.00855717157912125,-0.009091448511419969,-0.0073219834657296855,-0.006349304996349128,-0.006459299904325087,-0.004492732679988032
ALB,ssp245,ukesm1-0-ll,0.00895449675063376,-0.07892089446907062,-0.022807236635362226,-0.09411997405515127,-0.0932149301732108,-0.07828102755257199,-0.1297752245841672,-0.06830247817751145,-0.08918783507359003,-0.17435658792977396,-0.19115025148154144,-0.25732503433012865,-0.2676449600493358,-0.1605324349530908,-0.27716719610552626,-0.30390507651711035,-0.33177551013005874
ARG,ssp245,ukesm1-0-ll,-0.00017400342820592845,-0.005462090545652431,-0.006068345580193213,-0.005336960584898257,-0.00668523462185901,-0.003284060157590263,-0.0003158734848631608,-0.003187210484238362,-0.002150429795432088,-0.0033381150613182404,-0.003748045972707859,-0.0037965326678127357,-0.0034617098088839306,-0.002910263376447712,-0.003398569148439618,-0.002580139721618664,-0.0020331067104938216
ARM,ssp245,ukesm1-0-ll,-0.002156610478048426,-0.0006193727254340194,-0.0004279869991766937,-0.0009252240946760132,-0.000823536194481805,-0.0007458778106048568,-0.001705112642401019,-0.0016018249014939953,-0.0026641543038672163,-0.0014728648765867673,-0.0011775288875062301,-0.0004996650433781354,-0.0007146739694762656,-0.0020457633026643306,-0.0017572483813487736,-0.001485687318820501,-0.0017115734332387813
AUS,ssp245,ukesm1-0-ll,-0.00024877167130563316,0.0005935254746165378,-0.000751052133497775,-9.148427851621358e-06,-0.0009213566782486724,-0.0007663345291645448,-0.00039445665689168314,-0.0008228530044891227,-0.0005372560413571384,-0.0008920773720394571,-0.0008551620277557721,-0.0005520366557727499,-0.0008836023081797491,-0.00038111995792819203,-0.000412526564267771,-0.000624044247343404,-0.0005878844952364005
AUT,ssp245,ukesm1-0-ll,-0.004129770470542158,-0.004924207137805076,-0.0033534495920361992,-0.0059194496183326015,-0.007872928149300339,-0.004727678420745197,-0.009794817843760559,-0.006110315087577091,-0.0010120600839164998,-0.0069737437207186646,-0.012541992570758888,-0.013101374291180256,-0.010916043372438636,-0.00452687356171746,-0.010838393822373915,-0.00961292529193237,-0.013414968329384186
AZE,ssp245,ukesm1-0-ll,-0.020685937474793418,-0.009634666129710642,-0.005241809760363233,-0.012909749228541564,-0.01636614824828635,-0.013583696522500929,-0.02166717739612181,-0.01901029194246563,-0.028111836064999004,-0.01618290423164621,-0.016986564900565975,-0.009463669482394438,-0.011550726753916177,-0.015597689611728267,-0.013421641726312812,-0.010565076437718706,-0.01178104486191278
BDI,ssp245,ukesm1-0-ll,-0.11729442793319562,-0.1767640122031326,-0.08697024533507643,-0.10470440946332696,-0.058584123700721996,-0.022991791624854447,-0.03831418491886987,-0.028955738145821877,-0.03153568043112168,-0.015021386078116036,-0.023373694873272923,-0.016581761650770296,-0.012123166331531992,-0.014397980674736745,-0.010746459554718367,-0.010599785189570428,-0.008804755368140169
BEL,ssp245,ukesm1-0-ll,-0.0012904962570781373,-0.0007675092957766128,-0.0015389121996912225,-0.0003952662379300122,-0.001620438889610592,-0.00019356685654398173,-0.0011880455326151009,-0.0006798111669455502,-0.0006810838106671786,-0.0013045206320964897,-0.001203220909685036,-0.0011933659167686016,-0.0014501764422475492,-0.0007175961386004362,-0.0005348739784903475,-0.0013014427794444236,-0.0014715328217427878
BEN,ssp245,ukesm1-0-ll,-0.6188689329692311,-0.5399011669444947,-0.4756861674397349,-0.290572606665826,-0.3820296438355957,-0.3234656651684403,-0.25950420120144163,-0.20016962628683793,-0.17543569065376077,-0.13488656697158158,-0.13325413358854327,-0.09834696786790072,-0.07918753009391626,-0.0644089176533891,-0.056461640138277404,-0.04749347402786393,-0.04101202921365277
BFA,ssp245,ukesm1-0-ll,-0.7550974784692491,-0.581989502428669,-0.523571416429585,-0.3399194781831871,-0.27525470532495605,-0.21432051537592292,-0.14687083204774265,-0.11083995334985003,-0.09994547820362548,-0.07037511506442141,-0.07430763176555076,-0.0471819092921532,-0.042010923747487425,-0.033215283060973017,-0.028408056274601155,-0.023215385572357413,-0.02139299343627523
BGD,ssp245,ukesm1-0-ll,-0.010123089111659987,-0.012798308910942515,-0.008859239384678712,-0.0034510636470157026,-0.006171552886933089,-0.0077208108813764135,-0.004682150733588801,-0.010194477871533237,-0.005465743464060678,-0.006215730788302532,-0.007183936424168693,-0.00465976831967284,-0.005417810493130651,-0.007117644769723331,-0.0045350046369787515,-0.0040218996353955745,-0.004828435183475982
BGR,ssp245,ukesm1-0-ll,-0.03089969246250072,-0.07044292910435299,-0.010501843346109893,-0.046089377227360596,-0.06424671043008234,-0.08721141860122236,-0.08348291555583308,-0.055253874129568566,-0.07374111474118303,-0.09955962669662229,-0.11673970227741393,-0.1258263041352133,-0.12796535350352267,-0.055564263526095614,-0.11547860179025358,-0.09538659277438948,-0.1438571357102553
BIH,ssp245,ukesm1-0-ll,-0.04997107542544188,-0.1057770371977519,-0.02555388706017841,-0.10011345808845454,-0.08296785273110599,-0.08600608667381801,-0.12588805924540591,-0.05544310952702218,-0.08437855958012139,-0.15093424943139205,-0.25755418587106044,-0.30304601147468785,-0.3224171045784212,-0.1618791743549073,-0.43213009040922534,-0.45241681953702517,-0.5865609413308689
BLZ,ssp245,ukesm1-0-ll,-0.05019921343724061,-0.08620823858292484,-0.2286330964936322,-0.17499818694338773,-0.18811810341072657,-0.1355123367912191,-0.14965414887402662,-0.0853762648707415,-0.10216630486003513,-0.09310370426232897,-0.08226216925658673,-0.06821886765408829,-0.06747862874062348,-0.050360599270986676,-0.04063596327551763,-0.0507898493072164,-0.042835222731235426
BOL,ssp245,ukesm1-0-ll,-0.07125459632915804,-0.06145339628691124,-0.11996397523902384,-0.030095651799394024,-0.09059832115534343,-0.06877753033034026,-0.043863894576896115,-0.05497325246785854,-0.03533810320693896,-0.03472183745043194,-0.04209579588051098,-0.027559077700308934,-0.033299712980582326,-0.024998685700238,-0.01992471682888086,-0.0249815764897688,-0.015607864832740867
BRA,ssp245,ukesm1-0-ll,-0.12464081471617541,-0.05176025764731783,-0.10878655346394112,-0.05415373692957399,-0.10456865356862691,-0.08802922027240762,-0.0619472334810136,-0.07982777551582868,-0.07217145517001868,-0.07385276974179812,-0.07707782319163592,-0.06389580561161683,-0.07400296518048408,-0.06589835588089635,-0.0534538589874577,-0.06955137444328864,-0.04947243067231606
BTN,ssp245,ukesm1-0-ll,0.008474793939688563,0.0004419303380631514,-0.00037758295700038156,0.0012519145025848108,0.0006279272757498029,-0.0015307439083107198,0.00023500251669843946,-0.0011180200363868514,0.00023446435304460308,1.6454399824522915e-05,-0.0002836099608093963,-0.00027456336904832664,-0.0008860467020794492,-0.0010708433255362635,-0.0003034131471685442,-0.0015766904477366075,-0.0007287323869880102
BWA,ssp245,ukesm1-0-ll,-0.007442924729416069,0.001010592664031821,-0.008309150505964149,-0.002213232577378656,-0.0069317512875344545,-0.004912905099353887,-0.003760908536376519,-0.006095260088443896,-0.0029873853530485044,-0.0021522934745665002,-0.004217135873359027,-0.003857789857873783,-0.0026583631317138104,-0.00275767092171466,-0.00252661707648738,-0.003603180785860139,-0.0030383745214430944
CAF,ssp245,ukesm1-0-ll,-0.7532093635670505,-0.8724269243795322,-0.6488820813267729,-0.3567923790801812,-0.48166721704990323,-0.23277018684008358,-0.29956378386601734,-0.22008613358390403,-0.18698141455653175,-0.12814639221471724,-0.13765832234201206,-0.09388313815977564,-0.08877540376656491,-0.07108194285182141,-0.05809177273041456,-0.05585694305538118,-0.04787334933232222
CAN,ssp245,ukesm1-0-ll,0.0005496095029648985,-0.025190741324471563,-0.005983238044848163,-0.01266405549052181,-0.01620545486710768,-0.014029217303397602,-0.013444065238784244,-0.010202925884437294,-0.010825363563128994,-0.013303686769972399,-0.016541057028274644,-0.0134412441499001,-0.009921728064003564,-0.015343839216110005,-0.011767912365311583,-0.008476382423871416,-0.010356326210508563
CHE,ssp245,ukesm1-0-ll,-3.26092737004745e-05,-0.00023726017322497735,-0.0004896035090086339,-0.00014391117429181068,-0.0002543279650701487,4.653477576702961e-05,-8.606993618440057e-05,-4.7190144458779026e-05,7.399384400944394e-05,-0.00037638163376774744,-0.00037760661808573673,-0.0005324071479718794,-0.0004086238424821924,-0.00013291376931840276,-0.00026669285146968454,-0.00041249778486393475,-0.0005607317036421684
CHL,ssp245,ukesm1-0-ll,-0.00041000346406622976,-0.00011532158199403024,-0.0007074494227780253,-0.0007278222781117241,-0.001066224372459213,-0.0002902697575798763,-0.0005147447880144179,-0.0006790739470126553,-0.0005522014829796362,-0.0012700740832930052,-0.0006376675255091512,-0.0010891610278637102,-0.0008767349498887379,-0.0009401313858275479,-0.0005650667960159956,-0.0008124582332333654,-0.0007212782551412667
CHN,ssp245,ukesm1-0-ll,-0.016524892340697747,-0.04339016973779821,-0.022969065451399324,-0.014342187615014462,-0.030540096465896272,-0.036751013555869814,-0.026710978538234925,-0.02880095428864825,-0.030805894344108204,-0.03342092830231626,-0.03370068723163126,-0.03406733760394344,-0.032476964746801916,-0.029833829120970094,-0.03761885563242554,-0.0480508471244142,-0.045274572579649904
CIV,ssp245,ukesm1-0-ll,-0.165634651905521,-0.09762979560766749,-0.13403609087601065,-0.045293933714216764,-0.07417402462393545,-0.054686627797075525,-0.033153651526852,-0.029984424133846995,-0.029080076494617083,-0.02216860956272398,-0.02429007233154321,-0.01933349112951511,-0.015797936106277544,-0.013096978963086562,-0.012688563892476943,-0.011069010649127702,-0.010525626484355824
CMR,ssp245,ukesm1-0-ll,-0.09979044411268524,-0.14413474076144475,-0.1027407821294516,-0.07653850253188312,-0.11526722307583187,-0.0688664343374565,-0.06899245531154499,-0.06385707566124268,-0.06414301263902229,-0.04344811856306783,-0.05620643425780858,-0.03954467607180158,-0.03634565742156212,-0.03497502269887704,-0.028785901239761078,-0.027724866465491715,-0.024850555587307695
COL,ssp245,ukesm1-0-ll,-0.0069369794740706614,-0.004045297269821255,-0.011216144874259665,-0.0068814399509439916,-0.01704070882964708,-0.013786011439127631,-0.007049729244755474,-0.012673351185483564,-0.008265755500954182,-0.007860695666716338,-0.010530901942774144,-0.005736751921165743,-0.006391665560064333,-0.006576306837969574,-0.005187107493138076,-0.008216684125741442,-0.006216893416643625
CRI,ssp245,ukesm1-0-ll,-0.0014939001654522578,-0.0007059783970025498,-0.0011191953557025088,-0.0006920532034591774,-0.0017003569260924775,-0.0014613490612161982,-0.0008252888341933684,-0.001054336944816826,-0.0011311241496255522,-0.0010582626382469452,-0.0012478743183078288,-0.0011134430795567002,-0.001138638800397369,-0.001154697085218109,-0.0008081648399600064,-0.0010496802366866899,-0.00112608219627638
CZE,ssp245,ukesm1-0-ll,-0.004194627998398521,-0.0023288033691407604,-0.0030304068824098217,-0.003467385607981921,-0.005514608466869487,-0.004305185548298812,-0.0048346623898627575,-0.0028800086074695394,-0.00023627016813356684,-0.0025346143162539914,-0.007108720857922966,-0.006128662819664551,-0.00566591429822555,-0.0032668429156777674,-0.005607161121614104,-0.005201331110952856,-0.0077657349655775015
DEU,ssp245,ukesm1-0-ll,-0.001955091807830594,-0.0010747677509651949,-0.002143485378629429,-0.001101771103901208,-0.0024755167771512068,-0.0006660344830529342,-0.0020471515715727653,-0.0011986525000420684,-0.0007573705928606572,-0.0018730565190234962,-0.0024430403900944,-0.002557929907046267,-0.0024185189572932865,-0.0011671655400800737,-0.0016662499792164465,-0.0023350116668793735,-0.0030439109084892542
DOM,ssp245,ukesm1-0-ll,-0.0010417122708028439,0.00032905412421541677,-0.00230292308910654,-0.0026130406886479872,-0.0032096423227116365,-0.002537324068877417,-0.003324890955255594,-0.002367840051125504,-0.002474327372006733,-0.0024070415885423246,-0.0016515605182977117,-0.0017028238872620707,-0.002413049538476747,-0.0017608996262939683,-0.0020703878774572435,-0.002135029314187324,-0.0018796555658669404
ECU,ssp245,ukesm1-0-ll,-0.018723675296762502,-0.060257466426490075,-0.07772023722813867,-0.03682457627960063,-0.06387291120300732,-0.055168070213873065,-0.04430438533084441,-0.04724053327175228,-0.024114681419317958,-0.030077991726367364,-0.04059560349419664,-0.022709971794123693,-0.022261067927383277,-0.021123551344774637,-0.019873989427583248,-0.023341328940535516,-0.018358306575835526
EGY,ssp245,ukesm1-0-ll,-0.012264831930013738,0.0028012394404830516,-0.0003499094070161633,0.0013830563386375183,0.002316171033702227,0.0020444995742501973,0.0032832317920103308,0.0009964516370478645,0.0019498937061563895,0.003476545167245015,0.003191582034768414,0.0029337245603790344,0.002609139950158448,0.002006989670293382,0.0023735741679386433,0.002186191120716719,0.003019799545225229
ERI,ssp245,ukesm1-0-ll,-0.23290540203586307,-0.32541319479805186,-0.3104186527893431,-0.3169875929341397,-0.23912081663833704,-0.2555297939629057,-0.2807841355993508,-0.22889766773241116,-0.2748764183478603,-0.22601887892910152,-0.23542084283664266,-0.1491158567670705,-0.14588137652029945,-0.1511104035803244,-0.10427745563282276,-0.11256375943111986,-0.08747443981339341
ESP,ssp245,ukesm1-0-ll,-0.007814303379016663,-0.003412891976350458,-0.0032341247468306703,-0.006029926904448312,-0.005758437166631667,-0.007816977642835997,-0.006449601302314778,-0.007142814707634589,-0.009433421683885355,-0.008263979765117177,-0.011224810858171173,-0.009456979484828428,-0.008264107925181298,-0.008717847373350011,-0.007452925261900114,-0.007180059317747087,-0.006897995508880419
ETH,ssp245,ukesm1-0-ll,-0.08868453669316631,-0.048361418129230574,-0.043563424711617706,-0.033681935057230765,-0.02512894173615462,-0.012927715652003822,-0.02185748749543196,-0.016699517250805106,-0.016485074566314418,-0.010208827049122895,-0.01265036066136806,-0.006961171790018341,-0.007589859425198794,-0.008996882458577393,-0.004701043664397135,-0.006253438094439101,-0.0058232173786265775
FRA,ssp245,ukesm1-0-ll,-0.011689362147176597,-0.005487862626834238,-0.004910501335341615,-0.006310772050742705,-0.0065921919511153166,-0.0017594054073575914,-0.0050623459891616755,-0.004615112637689839,-0.004496734573034148,-0.00683667722949436,-0.008249043501613783,-0.010133137215576458,-0.0076339628500529735,-0.004241900679717313,-0.004934607274705502,-0.0082186643475443,-0.007817773645589233
GEO,ssp245,ukesm1-0-ll,-0.04674112601105531,-0.012766006590669964,-0.004951370877514851,-0.011711222718631873,-0.014142027097592397,-0.018826662124238214,-0.03345885405716785,-0.025467010968296646,-0.04016109181614377,-0.021295337091178746,-0.02488054283433031,-0.010982059230398416,-0.014500395028774177,-0.03254209425236626,-0.03381883524010805,-0.022246810227742112,-0.029138046245881885
GHA,ssp245,ukesm1-0-ll,-0.28283717751793885,-0.13520462919198747,-0.11669593801148392,-0.06877884238990442,-0.07722323209812955,-0.059464508492844445,-0.04733507459175648,-0.038481627006598365,-0.03532338903707961,-0.02838801421004077,-0.03045232373288094,-0.023642248226890768,-0.02025206561124994,-0.01713974774824808,-0.016054160744445833,-0.013928683812326306,-0.013132842736875247
GIN,ssp245,ukesm1-0-ll,-0.1076051516106679,-0.0726813123551085,-0.08373861484797288,-0.016171842884313635,-0.03320052552528086,-0.02640918867802837,-0.012700593660081529,-0.013821201491048474,-0.013366191147188095,-0.008429658879620619,-0.012031567601440207,-0.008538432165544537,-0.0076486792109088635,-0.005164545529723963,-0.005725340044416197,-0.005005919531064544,-0.005449490995895361
GMB,ssp245,ukesm1-0-ll,-0.039988881273142145,-0.07323440196920897,-0.051779553754098845,-0.03426673567536881,-0.024403864679471136,-0.01945971046001873,-0.016265408145399122,-0.011839449621708523,-0.011650818515635096,-0.008243585863684297,-0.007877512705897937,-0.005288198228432152,-0.004902851047064625,-0.004456410491939036,-0.0033598772437907535,-0.003396034259882645,-0.0027764141772067394
GNB,ssp245,ukesm1-0-ll,-0.09755842802084004,-0.22895579517388837,-0.2072969667146729,-0.0957437800117529,-0.09407289173312967,-0.07127594263843634,-0.049075375889970886,-0.043156840952855734,-0.051010555621384165,-0.024311688271477245,-0.03843596229104917,-0.023436257030308046,-0.02203404419920366,-0.017273177548591995,-0.015556865819889926,-0.0158062549880108,-0.014295083521305834
GRC,ssp245,ukesm1-0-ll,-0.001410600547926894,-0.018138793853357996,-0.003942604366021266,-0.012215028280448076,-0.014430790456336303,-0.014675867174638446,-0.015530472108411927,-0.011384960829966727,-0.01151508133427311,-0.01687123394217541,-0.016846166043042534,-0.01946968091989941,-0.016331355636369213,-0.010613299730972256,-0.012925569676431133,-0.013343427061944638,-0.013097929319265372
HND,ssp245,ukesm1-0-ll,-0.01907033878573495,-0.04742797993496254,-0.1004142578061149,-0.09028254663582914,-0.1062385799357442,-0.09267104200394415,-0.06942460862814956,-0.04474300128648056,-0.05307168671201694,-0.05059721690160513,-0.03941282221833377,-0.03915720495308131,-0.03443779296289316,-0.02986044488795119,-0.022136810044368127,-0.025965249773276432,-0.024926538160126646
HRV,ssp245,ukesm1-0-ll,-0.03750243525425801,-0.3281411110986418,-0.12201668758653049,-0.3718024317045864,-0.3516700573237801,-0.3509019341278376,-0.5856680717631046,-0.27303511058113433,-0.29034271765276887,-0.4505346570663417,-0.8111056572591027,-0.8891729259035492,-0.8380580987029475,-0.4014802760517141,-0.8606568776309698,-0.8310602670648108,-0.9876037496683809
HUN,ssp245,ukesm1-0-ll,-0.06751686619086365,-0.02548036514516288,-0.010868491088117677,-0.034477425976596844,-0.035545975811320574,-0.032494561952417574,-0.05311646453834474,-0.03259551663964176,-0.022693955776236348,-0.030401541444787454,-0.05335135261360605,-0.05382434608627923,-0.05096219942464129,-0.024490715273259554,-0.048355640555714334,-0.04234826970697701,-0.0514674460989977
IDN,ssp245,ukesm1-0-ll,-0.029479142717424647,-0.02030895401780584,-0.05132958502956002,-0.020803784233351948,-0.03827763041772749,-0.04370416858627542,-0.03286867031249161,-0.03388437096849131,-0.032244177460865456,-0.02646805477142187,-0.03756618338677447,-0.026416212626874255,-0.030724140398258066,-0.020383064691810455,-0.02341975817946892,-0.026024853300541956,-0.022252310582747247
IND,ssp245,ukesm1-0-ll,-0.00473178571110767,-0.004685065138911086,-0.00556051593178971,-0.002070905279864675,-0.005433869454834126,-0.003167251966256381,-0.005896849937255761,-0.0037804405417973153,-0.004736423373875665,-0.005129773084955878,-0.005072551194955504,-0.0035435606659959635,-0.002500274408330727,-0.0036624334273194508,-0.002668343405171603,-0.0032050781258062644,-0.0024008705680310088
IRN,ssp245,ukesm1-0-ll,-0.0015553990959677694,-0.00046545528494933565,-0.00020749199225766977,-0.00029416022945711977,-0.00028867762250712196,-0.0002065533431942004,-0.0002883059936875037,-0.00024904912527479704,-0.0002859058896935424,-0.00019728008581149778,-0.0001633282562881411,-0.00014606356484100444,-0.00017366792463099115,-0.00018323576056956682,-0.00015942477860122518,-0.0001480421581586514,-0.00013873152241678535
IRQ,ssp245,ukesm1-0-ll,-0.015525739874385002,-0.014920623765798242,-0.008217941641101052,-0.012401280981019005,-0.010589991438515498,-0.010869136166375928,-0.009262374338018294,-0.007618426690534432,-0.008576742768760335,-0.006640985285199924,-0.004378067671136544,-0.004579386323936358,-0.004662755339460398,-0.003833344366616681,-0.002848283166958899,-0.0021295749750138587,-0.0021433080431314303
ITA,ssp245,ukesm1-0-ll,0.0016156473560803534,0.0006571913647050779,-1.6441228617650297e-05,0.0006545651983631037,7.455913699041214e-05,0.0007769066944093937,-0.00017423861979030448,0.00014525771646336854,0.000797714203272211,-0.000553111811216245,0.00014976689279858925,-0.0003643151015837292,-0.0007200092015670802,-9.722181588527447e-05,-0.00018003037422435536,-0.0006143433060868037,0.00010019707142369299
JAM,ssp245,ukesm1-0-ll,-0.0031030734870659406,-0.002495719426361766,-0.00597032060756839,-0.0035213252441945687,-0.00680191989279769,-0.007379839000935981,-0.00760055668815537,-0.003433774946655092,-0.004952533588610647,-0.0052689879818540505,-0.004203783282056565,-0.0034171057347125444,-0.004279778641337251,-0.0037424527829795105,-0.0034980130352788214,-0.0047004186071506705,-0.0038177133872727294
KAZ,ssp245,ukesm1-0-ll,-0.002420407253485149,-0.00840938553780304,-0.00193406698418334,-0.005283764271877225,-0.004149350541016047,-0.0048173308409994115,-0.004787726519569624,-0.004747115354747726,-0.007049612079868227,-0.005620365438672905,-0.006224884207294055,-0.005211361750789687,-0.006826725395134473,-0.00594917976292962,-0.006368641231829394,-0.0066412451889492395,-0.006699445652102201
KEN,ssp245,ukesm1-0-ll,-0.09201274071163633,-0.07292903465417974,-0.05607404297472,-0.04964077646849921,-0.043217591517512796,-0.028457928008490414,-0.037771130526595594,-0.023685748296089104,-0.023614878317123573,-0.020097908169249057,-0.01977115797094751,-0.018527260786195848,-0.015495569225929342,-0.012826665037683913,-0.0106827750765516,-0.010439891600846057,-0.008399540634924896
KGZ,ssp245,ukesm1-0-ll,-0.02622165813481676,-0.1387136059798118,-5.164244661986925e-05,-0.015354697237261065,-0.0008520460925160173,-0.015494867266947404,-0.011678400628162014,-0.0021039609824570586,-0.02001956184751126,-0.00836254976130745,-0.010887174799135833,-0.009054506104577685,-0.008980826801190405,-0.019314973547023176,-0.0044131968375200606,-0.013554670703609354,-0.009266070845952514
KHM,ssp245,ukesm1-0-ll,-0.11566223967699654,-0.1126412725307661,-0.1780274542796993,-0.06881707635329233,-0.08532114864405976,-0.10308345268885788,-0.055495675445526034,-0.08366420420289875,-0.06951857887963793,-0.05372419664656619,-0.05938518695313552,-0.050070832353566484,-0.043877352487884255,-0.03667385504979808,-0.027115087485476138,-0.033513034339067035,-0.02706641054373437
KOR,ssp245,ukesm1-0-ll,-6.510586604948604e-05,-0.00018755210243252157,-0.00014463833683113104,-0.000141041447739834,-0.00019276121941891322,-0.00016870151812225042,-0.00019832961413416655,-0.00030278546314788443,-0.00022839385039229027,-0.0002898043484218573,-0.00023291296791917642,-0.00018990382584203313,-0.0002329702573538294,-0.0002110978251009098,-0.0002996168541985063,-0.00026295976867187073,-0.0003210607477429912
LAO,ssp245,ukesm1-0-ll,-0.0735238382997492,-0.025585784391530125,-0.024058357502722085,-0.014097689081975659,-0.017889807047469994,-0.018665772603178598,-0.009694583606680802,-0.01408064043560467,-0.012051913427427867,-0.014665879405873305,-0.015931275341248375,-0.01334244090692968,-0.015765335412327098,-0.012418998779156564,-0.009383671330890606,-0.012295028482563886,-0.006438669109397163
LKA,ssp245,ukesm1-0-ll,-0.00534383884512018,-0.0003898221509808826,-0.0026287503964280306,-0.0014518389011475554,-0.0012507063397382548,-0.0018898033946472708,-0.0024756960754899514,-0.0012663132951742046,-0.001648160443244667,-0.0010676512769819606,-0.0017963842251929659,-0.0009925549003328765,-0.0019425565187460839,-0.0009716619738659825,-0.000600361055586819,-0.0017079180947766495,-0.0006617069766054894
MAR,ssp245,ukesm1-0-ll,-0.00011085481972219056,-0.0003416231025996194,-0.00020877313657034297,-0.0002584092760169527,-0.00020777083378595995,-0.0003304864292129211,-8.443386540628753e-05,-8.457038126676374e-05,-0.00027456107786673,-0.00013981698904878346,-0.00020105001276131518,-0.00013161502299811558,-0.00016158109494663985,-0.00017860380341580198,-0.00012659076063882216,-0.0001627674579439338,-0.00012177950994722049
MDA,ssp245,ukesm1-0-ll,-0.1656634585702213,-0.09521325978131887,-0.05913021977863627,-0.1229847235483185,-0.15849173932934266,-0.13265529738393209,-0.18383085101742547,-0.13815036994402724,-0.08084851551509632,-0.11518052227049909,-0.17291750929575583,-0.14528711358182228,-0.17702366742650674,-0.10009407534959115,-0.1597365277127646,-0.10918796021902723,-0.17008427676280444
MDG,ssp245,ukesm1-0-ll,-0.004657750119780579,-0.011831542138963385,-0.005965972743476845,-0.0037882120717968493,-0.00894126396508447,-0.002923573195867597,-0.002708335176109757,-0.002027190200257498,-0.0020256555582534204,-0.0023612701846666214,-0.002038254787176495,-0.0017643402999430757,-0.0013699285672090593,-0.0011922987776020236,-0.0013561265960994652,-0.0005992235122506574,-0.0006779640490319075
MEX,ssp245,ukesm1-0-ll,-0.04987421746197216,-0.02942619402529416,-0.046753407005883325,-0.03567583274334242,-0.042886087097528086,-0.04687672090737722,-0.03670044566087014,-0.03040311883380424,-0.030943967849320304,-0.039007441801452034,-0.03642923049560796,-0.026893339680279012,-0.02876905611316232,-0.022637015486436617,-0.0269915690652353,-0.029436475298343284,-0.025737982481163497
MKD,ssp245,ukesm1-0-ll,0.0025487978786888727,-0.02108621075317291,-0.0020526834671797784,-0.013598059702571634,-0.012064067929325989,-0.016234706290635628,-0.018608862666330026,-0.008179180970775551,-0.016809049728434416,-0.025898711488806295,-0.023694718452138483,-0.033473654030564605,-0.031937933327373116,-0.018436663244881284,-0.03246469490994301,-0.029501613923923743,-0.03403926551483996
MLI,ssp245,ukesm1-0-ll,-0.8891325231216921,-0.8155161686795472,-0.8502429258564231,-0.42799862387507515,-0.4668730281750824,-0.3738015771568341,-0.2587207644244787,-0.20757725342233768,-0.2249269520277415,-0.13353639355913405,-0.162386247871595,-0.10012990154060593,-0.09111613269502292,-0.07063815580139389,-0.05913570820635683,-0.04970146627677034,-0.047659186806654694
MOZ,ssp245,ukesm1-0-ll,-0.33073931421265096,-0.23785919392977023,-0.3159620102409291,-0.08085929129259987,-0.15902955698213442,-0.044226376216988765,-0.06380961049167228,-0.06061289705269055,-0.03231964461721289,-0.029913461830034148,-0.03459102040436873,-0.03225535988246095,-0.013486713125237106,-0.01307392387445895,-0.012355403524573613,-0.008862869789064622,-0.009559224397704635
MWI,ssp245,ukesm1-0-ll,-1.5925594926445585,-0.46439775197710437,-0.4399661902687195,-0.13563970483590412,-0.27106538060457774,-0.10138636967850419,-0.11095278375871055,-0.09966001503894759,-0.054287755956945204,-0.060551354739859446,-0.055148751083528395,-0.05133177488676604,-0.02395171985832276,-0.024864364149498913,-0.02076033189416967,-0.015405166677405388,-0.01382598768070578
MYS,ssp245,ukesm1-0-ll,-0.00042505820664242417,-0.00011677981949664122,-0.00037449010695663674,-0.00013859270754396273,-0.00027137525336597726,-0.000235483986453578,-0.00020713927832400334,-0.00029770257744140156,-0.00018134891987800492,-0.00020855818492353432,-0.00025649912087686617,-0.0001870954954048357,-0.00012829203542220516,-0.00010993193065776499,-0.00010206299195157305,-0.00017257782609943513,-7.940857239858296e-05
NAM,ssp245,ukesm1-0-ll,-0.025589938818077123,0.003237415990351365,-0.025209240134698135,-0.009055780352382177,-0.022448219294774436,-0.021895723215261405,-0.025931643503605675,-0.020000932860571207,-0.010286318644078588,-0.010798824803088886,-0.013838464159097714,-0.011750317387956614,-0.0067577988076664795,-0.009044345112651913,-0.010332500086779845,-0.012796737727577981,-0.00894281447335851
NER,ssp245,ukesm1-0-ll,-0.00562544182832464,-0.007002495381456028,-0.004859790069088237,-0.003580652729466388,-0.0022656744835363274,-0.001580184192206824,-0.0014103648008933203,-0.0007817055305810555,-0.000981514472816386,-0.00044369641233720506,-0.0006163814773607872,-0.0002604827167729131,-0.000268043339291171,-0.00022303410113387723,-0.00016218658621573612,-0.0001216824342304655,-0.00010446388097508227
NGA,ssp245,ukesm1-0-ll,-0.06207664787998019,-0.0459105200152894,-0.03625164626312974,-0.023083129501536,-0.026239674937924028,-0.02131099011817608,-0.018965970719582146,-0.01401550510165406,-0.013715802569701837,-0.009805796444888595,-0.010182350674828014,-0.007215283664260803,-0.0054975835532442485,-0.004934924864674977,-0.0041428666055031305,-0.003550462644032077,-0.0029962765535089973
NIC,ssp245,ukesm1-0-ll,-0.009216077270097628,-0.03376190075793851,-0.06562218351459266,-0.05305420103776023,-0.10906562203631903,-0.09004794231669482,-0.04695173001766946,-0.03450704685799531,-0.04972501072155237,-0.043650033834875354,-0.04339406290427853,-0.039210193523381495,-0.034071548222176486,-0.03598943166465615,-0.021573897416393015,-0.029592228240075555,-0.03208153096390091
NLD,ssp245,ukesm1-0-ll,-0.000255325514523043,-0.00014389979688212738,-0.0002611212194913096,-3.6194023603341076e-05,-0.00033414341548866085,-1.6456970455315127e-05,-0.0003189874504032551,-0.00017576392069975483,-0.00012004772810880771,-0.00025977897814009394,-0.0002037160683153488,-0.0002184896025918822,-0.00026306162349366846,-0.00017348417920041135,-0.00012810811514804273,-0.00021237103686183562,-0.00026637239729839917
NPL,ssp245,ukesm1-0-ll,-0.015362563987368155,0.0021286204384283504,-0.04705688111601518,0.019385254283214876,-0.027883930977019043,-0.02641742768425887,-0.011547850186521278,-0.09080450137703938,-0.047417921931075635,-0.06547910058869154,-0.03192626597524201,-0.020968108875166234,-0.03265789343659993,-0.06328650752020101,-0.02810211037182467,-0.025210921639125382,-0.01881706359721982
NZL,ssp245,ukesm1-0-ll,0.0007431065928421958,0.0008443891377676871,0.0006621360059864806,0.0010294758310467412,0.0006394984195047464,0.00021849992201984476,0.0008081729842827044,0.0006201662121130061,0.0006723927135364892,0.00039011813316264563,0.00035237531168553175,-0.0002877630007364034,0.0002533281948197692,0.0003092476433548896,2.6644023347015606e-05,0.00032071144088668984,0.00019176754983473462
PAK,ssp245,ukesm1-0-ll,-0.0037110756063668056,-0.030375132478042476,-0.019766960424779923,-0.01678071153507779,-0.016843154692462864,-0.01105847541208859,-0.012384468633793892,-0.007018883871131138,-0.006646309508039128,-0.0051214473751217005,-0.0025965968101564377,-0.005005951266930794,-0.0030807654548929237,-0.003828725377631544,-0.0025138285486914283,-0.0030086896060461514,-0.00269445909357883
PAN,ssp245,ukesm1-0-ll,-0.024011444657700585,-0.02103718675671557,-0.015708561877374114,-0.00961151100830194,-0.012968542145462314,-0.01158767822858993,-0.009522236203453913,-0.009707865646653782,-0.007655588996131567,-0.008024715041694028,-0.01054350006008865,-0.007520585407691294,-0.008270020018189174,-0.006724645764758587,-0.007207417185819706,-0.009683220203461667,-0.009032934594452818
PER,ssp245,ukesm1-0-ll,-0.0015649147168840477,-0.018083939960803007,-0.012445026226066337,-0.006646297215594222,-0.010668480058198104,-0.007446140156441855,-0.009364483633624947,-0.010115626459167163,-0.0041842967752910845,-0.004734167663628349,-0.009686150548355296,-0.005910729756464868,-0.0051138472746423795,-0.005440351390115295,-0.005643666747397458,-0.005989127078765406,-0.004697750341492266
PHL,ssp245,ukesm1-0-ll,-0.06797970079411231,-0.03700254451599628,-0.03003098051521599,-0.02597078323092231,-0.055538982930515804,-0.035063385790146534,-0.020577820657318863,-0.04846606230677946,-0.020967803042589505,-0.027723440313111813,-0.038554853184826016,-0.024270127550311594,-0.021323986571482653,-0.013315730696250751,-0.02143461104441464,-0.012700871113697162,-0.012175404342788984
POL,ssp245,ukesm1-0-ll,-0.01785012128211707,-0.004997495530513246,-0.0160836015046707,-0.022371667682135908,-0.029665052648942265,-0.024635951336354787,-0.02765643562503582,-0.016114465391443268,-0.00342400275212183,-0.010806170341066318,-0.03692545765289758,-0.038159662483023396,-0.036301319522069685,-0.022846220004336715,-0.03417079722914904,-0.03526927056022568,-0.0513167853853759
PRT,ssp245,ukesm1-0-ll,-0.005979840430226486,-0.003010577573569137,-0.0022885591306796844,-0.004637480653271731,-0.005343266059390156,-0.005432634078244835,-0.005217261157388909,-0.005433740791494031,-0.009116974038167806,-0.00824443493668176,-0.012155812579589156,-0.007586767887970764,-0.008461640331046637,-0.008696184841251592,-0.006403267861323337,-0.00712657888030148,-0.0073918188757312155
PRY,ssp245,ukesm1-0-ll,-0.5475768029048325,-0.13827690380508742,-0.5279255085918382,-0.12649542444513737,-0.32597589918626313,-0.19434366768843553,-0.20280991052944977,-0.17078241169874042,-0.23507685645603288,-0.17968481282060586,-0.14261492465757222,-0.15830504104145887,-0.2163164575883269,-0.12134510790785658,-0.14500690052379397,-0.12858354268939834,-0.09010288914420385
ROU,ssp245,ukesm1-0-ll,-0.058804486728451746,-0.06952594952030561,-0.0320604336822487,-0.07688457665590162,-0.09163261317539438,-0.1175300961399552,-0.13639768989899792,-0.08977010891700264,-0.09419993944260954,-0.11668013621858524,-0.16497591163406602,-0.17606950378660585,-0.19071090687906087,-0.09998925123288097,-0.2043268782075363,-0.15083099972617944,-0.23356813687998862
RUS,ssp245,ukesm1-0-ll,-0.011254314421380085,-0.0061099633594505045,-0.0069032846883291575,-0.01345564865965166,-0.011207297986942241,-0.011702706533237664,-0.013791676613731638,-0.014112628875637578,-0.0148619828368927,-0.011270036966277505,-0.01750621138815932,-0.012095280570837629,-0.01411802896528691,-0.009444715669003068,-0.013115720643387264,-0.006568222795478937,-0.013690100559050847
RWA,ssp245,ukesm1-0-ll,-0.004867994033881762,-0.015078917319960462,-0.014302171123008193,-0.02321395846977658,-0.012852455350978054,-0.006306355433545584,-0.010561908267840163,-0.009164303084581552,-0.01279055731247653,-0.005930046234168521,-0.011045882192438601,-0.006158873994852875,-0.00624866285573556,-0.008021716568082047,-0.0051551538002868715,-0.006702690085627789,-0.005485434352428437
SEN,ssp245,ukesm1-0-ll,-0.12466231712757489,-0.20719409413039527,-0.1737055168935081,-0.11421360954909547,-0.09911709468692018,-0.07866764245518573,-0.06362027956443203,-0.04886282380434528,-0.05181736514653526,-0.0344068041938963,-0.036117336928982585,-0.02342389935838943,-0.021446286123744832,-0.01856273217447586,-0.013886045269309227,-0.014074518795801778,-0.01156711679710864
SLE,ssp245,ukesm1-0-ll,-0.025276944374532172,-0.005164907159526896,-0.009937576176927943,-0.0027952598564112167,-0.006443204715841372,-0.005637288543728998,-0.002224988717662374,-0.002303856097204641,-0.002736895803462913,-0.0015544530823937417,-0.00237202323548784,-0.0015996662933626378,-0.0014178067353958176,-0.0006883586021523012,-0.0008686854631381055,-0.0007236344302430879,-0.0007999487335888631
SLV,ssp245,ukesm1-0-ll,-0.11534005894759865,-0.11580656118126344,-0.25744944162373734,-0.2407975947864724,-0.32003454711232243,-0.2684728608264248,-0.20929240415842082,-0.1765636120742323,-0.2009496597148065,-0.19449791265637548,-0.19379665520027092,-0.19050181457243492,-0.17223784516601395,-0.16910718493732343,-0.14172727696156986,-0.15676993659570002,-0.17074902283924337
SRB,ssp245,ukesm1-0-ll,-0.12285123013914434,-0.16688632575587764,-0.051913674912366196,-0.17280069286631333,-0.14786938318073906,-0.22309628434574463,-0.24369757246643983,-0.11812057252621132,-0.17146313696858237,-0.2840388666030051,-0.35291031642602877,-0.40797405545048865,-0.39593287711872927,-0.17012991261002308,-0.4167747336199642,-0.3695810446501818,-0.44658914087817236
SVK,ssp245,ukesm1-0-ll,-0.014710228170544673,-0.006749053125300135,-0.0028602752950211926,-0.008446558294230563,-0.009198506826343841,-0.008773536609468856,-0.014279449459278507,-0.008897189036255594,-0.004229713805967923,-0.007778102557230052,-0.015020132168094604,-0.015266155081495127,-0.013838777916654145,-0.007604164299369798,-0.013923463570662034,-0.01229415553908601,-0.015995989372079987
SVN,ssp245,ukesm1-0-ll,-5.8853560348128785e-05,-0.002374545582399002,-0.0003335579824798752,-0.0031529237429091684,-0.002544924259350712,-0.0015353422442336857,-0.006351481569860422,-0.0021910466537398044,-0.00010499581813082572,-0.003882502039453725,-0.008684342989068701,-0.011078870571664103,-0.009951580081104689,-0.003013277734020184,-0.008009032126075127,-0.007606661586662166,-0.01137443809097053
TCD,ssp245,ukesm1-0-ll,-0.2182039372716639,-0.2194248460699699,-0.14021179145614335,-0.11213299208836676,-0.07490863813736076,-0.051123387292309204,-0.054475833472466685,-0.028935180583973763,-0.036228944262055085,-0.022809301619599227,-0.024953934399781434,-0.010969127671336381,-0.012910357683463708,-0.012012716304809533,-0.008519525386472307,-0.007728979417783836,-0.006246324715093072
TGO,ssp245,ukesm1-0-ll,-0.719950913281385,-0.6597542889846076,-0.6287523706346857,-0.3720741024443838,-0.4355648549365089,-0.34585965269806984,-0.2649597933828209,-0.19541963810287863,-0.17715509470846497,-0.13402208689010042,-0.13240086825505262,-0.09773535110668057,-0.07637310279147974,-0.06106495755217629,-0.054526041098443244,-0.044324851787642075,-0.03899112905523677
THA,ssp245,ukesm1-0-ll,-0.018790500020378777,-0.02118113396178528,-0.03988452396991497,-0.018253666063474117,-0.02723286117515427,-0.032434501514227845,-0.012881351362091148,-0.030125104514657174,-0.024349073185865246,-0.023315214148357268,-0.02893130369380849,-0.024657894214424513,-0.027166557826256856,-0.023870698302834826,-0.018479737973284092,-0.024495300704026758,-0.019855179378718175
TJK,ssp245,ukesm1-0-ll,0.014584872957617208,0.01708495473963456,0.010999251080972501,0.008930044248921541,0.011064940054807093,0.007190185618846755,0.0051657814749594645,0.006299629946677471,0.005681217281474248,0.004558634115221501,0.002610092090967286,0.003265655043461999,0.0031802155456979657,0.002710459540483324,0.002486682090548021,0.002933548782501099,0.002308161064964621
TKM,ssp245,ukesm1-0-ll,-0.0032525926668367797,-0.004638458876789419,-0.0021684556609424966,-0.0022418396434286648,-0.0018646486201939515,-0.0013438338330867433,-0.0014813243986319942,-0.0014398319170573176,-0.0012305101284047523,-0.001029322604912842,-0.0009775857280835383,-0.001084608894655017,-0.001239738295454285,-0.0011112329501736262,-0.001009121646935095,-0.001160579238539277,-0.0010580469616536196
TUR,ssp245,ukesm1-0-ll,-0.0038444999709372,-0.0037139937853392833,-0.000832270716875228,-0.002152913734108372,-0.0023499710108176673,-0.002074768985736588,-0.003126665433305899,-0.0017647292181983342,-0.002706544437848502,-0.0027320487996263035,-0.0025969200728645538,-0.0021741322174725045,-0.0024945751315118784,-0.002369172053512721,-0.0023916949840185916,-0.002274339826704799,-0.002677446240734033
TZA,ssp245,ukesm1-0-ll,-0.3226000758625887,-0.337311555461036,-0.03634940185322872,-0.019691920363222416,-0.10080757469396401,-0.033693488565841805,-0.05316283506633688,-0.043907462898338634,-0.03376192289549045,-0.01888094437444081,-0.025940157061510222,-0.025450649069803728,-0.019432297124727767,-0.01155290162689658,-0.010222993082333669,-0.00938498478308893,-0.007536502047083749
UKR,ssp245,ukesm1-0-ll,-0.3742341119394684,-0.0768673077338788,-0.0903526089191665,-0.18702478782001655,-0.26460119354599326,-0.21925257681059412,-0.2916906603043485,-0.21026860180684342,-0.14480043104168788,-0.169202741890819,-0.2722413160938685,-0.16927937129791878,-0.21095178977604162,-0.11914105783366409,-0.17357496576416917,-0.09949726557865922,-0.18016977466090717
URY,ssp245,ukesm1-0-ll,0.002479129374173644,-0.0047010805276685,-0.003395307955223144,-0.005310323927461572,-0.009587528884829683,-0.0042391276496048635,-0.0008839936221631118,-0.004153773941915583,-0.0026978997466286024,-0.004862541256729728,-0.006551841212323413,-0.00779835689896222,-0.006754484161777065,-0.0073208317467399475,-0.007209268524043349,-0.0046127523988939555,-0.00485210473105145
USA,ssp245,ukesm1-0-ll,-0.012622606213150526,-0.048281658702931746,-0.027408023870391797,-0.03989428098428918,-0.04143488441997564,-0.046804082773015745,-0.03394020086060397,-0.03872069709904618,-0.03664833069079006,-0.051583457596888475,-0.04290305228971157,-0.039032768106508596,-0.040090500041118006,-0.054340273157592114,-0.043311289814546634,-0.027021208812116095,-0.04078280497119618
YEM,ssp245,ukesm1-0-ll,-0.009813051685192392,-0.002158553035299023,-0.0015930227017328681,-0.0009281935441189647,-0.0010624560839981741,-0.0008240807234781853,-0.0007856988414256703,-0.0006178808110069864,-0.0005545067797412328,-0.0004923675363886238,-0.0004001528219620246,-0.00034978093403562017,-0.0003362704383053519,-0.00026897518745199557,-0.0002610055925210727,-0.00026847468478614434,-0.0002032569487797604
ZAF,ssp245,ukesm1-0-ll,-0.02250477154782961,-0.005839793525642525,-0.10065583965627137,-0.011651194092064008,-0.059405880364532884,-0.07067532946703563,-0.0353527095301561,-0.05564773453647388,-0.0410726680620366,-0.02568972640041446,-0.03435666345872765,-0.04021852271734113,-0.02424498114974566,-0.032003179380071294,-0.028545491303338826,-0.04062970306142042,-0.029969168730427886
ZMB,ssp245,ukesm1-0-ll,-0.1809777972086026,-0.05178843982798288,-0.11683168909571165,-0.04303605520760489,-0.0780469054340327,-0.02747551338239221,-0.038838599880024055,-0.031970829842405686,-0.024765116646232526,-0.021184730337558178,-0.019089346263600676,-0.016529747895641645,-0.008508717755398413,-0.0073585173509386256,-0.008057581860813555,-0.006429523416221452,-0.005417616513341925
ZWE,ssp245,ukesm1-0-ll,-0.05719568912533271,-0.12702696785096615,-0.7431746323577876,-0.22008322996446555,-0.5480043504244388,-0.1398694703958123,-0.23928458249334084,-0.28098614290094903,-0.16755635388315648,-0.12570666606876474,-0.16618223407068297,-0.16500239659363888,-0.09370895844488285,-0.04181461894113364,-0.055986856803997176,-0.05775788684455006,-0.06947076258079816
AGO,ssp370,gfdl-esm4,-0.005385599739855408,-0.036459393703361084,-0.01904468568767862,-0.031127572572340455,-0.03554397578102309,-0.026276827008805397,-0.037179619042132545,-0.026885429392731402,-0.0294179023293409,-0.02203254081499337,-0.024141718176665522,-0.021437517575595307,-0.015102990307221177,-0.013319135493213605,-0.012035740007507924,-0.011047739220919669,-0.012611947000467293
ALB,ssp370,gfdl-esm4,-0.005356908605319755,-0.005261667292888168,-0.0021977318948586135,-0.04881576413329877,-0.1095365761293713,-0.039396752505856426,-0.019845294436415823,-0.11470896672270221,-0.07992952760766171,-0.04428136579098231,-0.08784702192334097,-0.11130187823573362,-0.1333345273961316,-0.21583121781664585,-0.20502850853457338,-0.18994012234263494,-0.21634990824436548
ARG,ssp370,gfdl-esm4,-0.02753597810395065,0.0022266308507179478,-0.0005747325292886778,-0.004388000209174394,-0.0017106077200570312,-0.003827723853085152,-0.001380823545790329,-0.0027357462813488846,-0.002461496633420207,-1.4782367142605812e-05,-0.002907822252708186,-0.0030590678688622876,-0.0024473215066700854,-0.0031209514242795983,-0.0009910065560206648,-0.003912829270166436,-0.0040630789900589345
ARM,ssp370,gfdl-esm4,-0.0007049288841517663,9.752308798288318e-05,-0.0017720794727702127,-0.0005885436639804671,-0.00018661587316268422,-0.0009250520037647817,-0.0022916342511394294,-0.0023442921556095135,-0.0016878909494393432,-0.0025540389626403518,-0.0023948923199510227,-0.0020231337425730255,-0.00113773586587268,-0.0021089409966657865,-0.0019779434088088516,-0.0017182176176684335,-0.002359830552975006
AUS,ssp370,gfdl-esm4,-0.00022553229276416712,-0.0010453772152622782,-0.0011152015681203148,-0.0008086794539791358,-0.00059436647848003,-0.0012731937481200591,-0.0009050159211445282,-8.52389761813476e-05,-0.0008120679142863627,-0.0008315959004340676,-0.0008655274366058066,-0.0007256916013355729,-0.0008855380774524279,-0.0010703882461939368,-0.0008714231230750844,-0.0007245448891434721,-0.0009866409255176514
AUT,ssp370,gfdl-esm4,0.00040753408330827914,0.00214887089825351,0.0009396878618234886,0.0006012679963887567,0.0009779271195021087,-0.0011304899657017132,0.0018408558190184173,-0.0018206628727116716,0.0012416905249365137,0.00034093310862656653,-0.010543740165941944,-0.0007692669578084075,-0.007164318979086136,-0.0038213062235570036,-0.003359569285801167,-0.0033572949630015095,-0.01031536980429239
AZE,ssp370,gfdl-esm4,-0.006678615212566356,-0.0075318244341351015,-0.020633622977309626,-0.005120006986595862,-0.007281302101895306,-0.01774308803018745,-0.027111884194858743,-0.02685725861207588,-0.02281433685871356,-0.02320816469801879,-0.025926394440062023,-0.023942395817274236,-0.014744254279649115,-0.020748924345291665,-0.017978681337320963,-0.021412780808629978,-0.02041682594134582
BDI,ssp370,gfdl-esm4,-0.017180593641892727,-0.05961952877842806,-0.06346699258932084,-0.027506411405958595,-0.06681293514969562,-0.06242270612966819,-0.021808255466603643,-0.06788123792540776,-0.033173025246895894,-0.03699147416580002,-0.026841891701714162,-0.02645915110631239,-0.024401250003936805,-0.01466319925596125,-0.01815374959300984,-0.013837301328213886,-0.013677029143232444
BEL,ssp370,gfdl-esm4,-0.0008808445332615353,0.00024231674238964443,-6.414212590211798e-05,0.00017403172336266415,-0.00019369222454832639,0.0001932648846346344,0.00014019477211410841,-0.0008304643977271567,-0.0001448251336809038,0.0003424369072907748,4.987835071176641e-05,-0.000722292514767792,-0.0001783855819739145,-0.00039151348170339995,-0.0006490663368158428,-0.0004872943025880913,-0.00019614883766450866
BEN,ssp370,gfdl-esm4,-0.2146579433725272,-0.20824046861107698,-0.11573416043783999,-0.41009236446365793,-0.2801220180860092,-0.31503123479117046,-0.27242993760651996,-0.14020032023050105,-0.20865799232633175,-0.1944154444513727,-0.16530875338951462,-0.15527058141418754,-0.16137024731563407,-0.1517866776638037,-0.1395649465353531,-0.11551961426375941,-0.10536566917504753
BFA,ssp370,gfdl-esm4,-0.4915538069693184,-0.36474774832442025,-0.4078362165608361,-0.28719123784849887,-0.22948270723268152,-0.28425978833295173,-0.2042823739912544,-0.15180080312716449,-0.1684708443637808,-0.1468032448861302,-0.10362601407360666,-0.09629243530929286,-0.09676702176378013,-0.0821648741393073,-0.08472276619904028,-0.06006065981098152,-0.05825090117998234
BGD,ssp370,gfdl-esm4,-0.004213744431273961,-0.002211249251484272,-0.0011952144373524828,-0.0006344146731958727,-0.017641068466720942,-0.012630287563075769,-0.006724499829232322,-0.0006710063543051566,-0.007820397418691253,-0.00460790653395957,-0.004783808588178316,-0.004430500510438274,-0.008886901787972865,-0.005199304897339926,-0.0068615481036617375,-0.005694781829189699,-0.0053589076483703145
BGR,ssp370,gfdl-esm4,-0.010362254531287033,-0.0024611932343711284,0.016163830753121933,-0.007953832023374382,-0.05532753318156493,0.001972755692731522,-0.04025149064687786,-0.0621235822429185,-0.036969031825897426,-0.042458996023488946,-0.09996138794744061,-0.05818978722662326,-0.10968043882407942,-0.12626911877690247,-0.12121101291394462,-0.10656702196675404,-0.1223545445583287
BIH,ssp370,gfdl-esm4,0.03665764004579955,0.01931037682454025,0.005287065649075116,-0.011124122959570082,-0.09788956231182427,-0.02427854643647092,-0.0057430643095604745,-0.06176381713795178,-0.02598769074247296,-0.020195535858438043,-0.0891432549158742,-0.0372770272913657,-0.1542325884842235,-0.1529387255994626,-0.1219234823294153,-0.12935860628735465,-0.19803943808977195
BLZ,ssp370,gfdl-esm4,-0.007506214194336499,-0.10337288686178381,-0.22940811467941827,-0.14119582809670592,-0.13602162275646337,-0.10786761947686267,-0.17713052954826186,-0.07191363872695068,-0.11768937572824627,-0.12487805077546063,-0.03664765660236448,-0.1079778181016603,-0.09466988265289852,-0.09935445538897171,-0.09208983279701645,-0.05784871185615672,-0.07296787105941978
BOL,ssp370,gfdl-esm4,0.002908562416248969,-0.05531180168339743,-0.046459553735182825,-0.03244363771777068,-0.008517506474917683,-0.07416005012261981,-0.05204013991448237,-0.009519746484446208,-0.0684515829353641,-0.05241100540607037,-0.021391439014090304,-0.045642300811888574,-0.038410261557464145,-0.03898474298959523,-0.03493102471189524,-0.03513082157584846,-0.03674964094940218
BRA,ssp370,gfdl-esm4,-0.02252514770272616,-0.042394050991061326,-0.06208971763926066,-0.02928613864200679,-0.033312181076575034,-0.0870941364517374,-0.05840413363909343,-0.07747830876721623,-0.09161003619782557,-0.11009581777816585,-0.0677082568220352,-0.09762172373757254,-0.09986045792749647,-0.10993702611171328,-0.1294714625231185,-0.10899643919048484,-0.11207558016092653
BTN,ssp370,gfdl-esm4,0.004758349795574596,-5.185410462677443e-05,-0.0003100219957331579,0.0006764690176842671,-0.007468649430807393,-0.0016082305265153727,-0.00016483564148792545,0.000983019808844996,-0.002065608503503328,-0.0016883918611398318,-0.0019335447755251178,8.383196834123142e-05,-0.0015935020732962164,-0.0003213033182427508,-0.0002126770804859475,-0.00014541304530375806,-0.0017160287328648798
BWA,ssp370,gfdl-esm4,-0.00368110809398926,-0.006315192556390284,-0.007153161089204007,-0.0005633297182888716,-0.001817157568402094,-0.006340342421010789,-0.0025528919513037444,-0.0023637319290390735,-0.005288295517308081,-0.00566299050923727,-0.005353546552503028,-0.0033139661865895387,-0.004298235801869087,-0.0047391812216383365,-0.005716912671016983,-0.004483194545724969,-0.005733111621130612
CAF,ssp370,gfdl-esm4,-0.38473250045907303,-0.5451339896689975,-0.3404995349570992,-0.6981864905302294,-0.47486272904939475,-0.514116448618215,-0.3592396881471976,-0.2774926029939822,-0.32481935764281256,-0.272806837686192,-0.2056468133413946,-0.19686577402177138,-0.19631274304553933,-0.1868293265172609,-0.16497748447509242,-0.12486535920699891,-0.13039070458734156
CAN,ssp370,gfdl-esm4,-0.0012845823716054988,-0.006024534763460418,-0.002899220662237264,-0.003368847567470038,-0.0052387610220898245,-0.00017177391923931814,-0.007007011420765918,-0.0073398297307123205,-0.011710772026120888,-0.0030106951868829625,-0.009329343490561161,-0.007076044596827802,-0.0013727398145424983,-0.00410115950169556,-0.005911264502731218,-0.00223124702844579,-0.0076782695182623295
CHE,ssp370,gfdl-esm4,-0.0001257481622442887,4.572446813097642e-05,-8.89565764360653e-05,4.825347748013123e-05,-5.444697622565871e-05,0.00020184702813394356,0.00031252164547216553,-6.81116136219624e-05,9.908174826975556e-05,0.0002231094799998105,6.112930535682211e-05,-4.604925700128617e-05,-0.00012094210090161278,-0.0003302939889069574,-0.0004406636226344421,-0.00010123911622609767,-0.00025721253971158726
CHL,ssp370,gfdl-esm4,-0.00036881982320548164,0.0001742827955300831,-0.00020922597566555725,0.00015889856109741865,0.0003161232073618553,-0.0010026882228637147,-0.0008440772645601223,-0.0006433111263903394,-0.0005294655155929862,-0.0011869607962109049,-0.0009681042782832771,-0.0003113464073866919,-0.000534922683253146,-0.0010331960215332328,-0.0010556726852907912,-0.0013472969463107873,-0.0013726225006945448
CHN,ssp370,gfdl-esm4,-0.004435530639604142,-0.00935227182788864,-0.015647993336216574,-0.014374816428804922,-0.01591083459145542,-0.029728139645937006,-0.03031395397554162,-0.022427478367192232,-0.017283776833678988,-0.031618354102125684,-0.04308634685602228,-0.028912338207814633,-0.021837576656212256,-0.030338557712910698,-0.044167383403584524,-0.042832532279751895,-0.04489479380216097
CIV,ssp370,gfdl-esm4,-0.06857943109114756,-0.10867009553985965,-0.05951206627867585,-0.055954133183130486,-0.04221147099497469,-0.052667884425110646,-0.05542686272045276,-0.044231365764959854,-0.048489336701066504,-0.04115519151124605,-0.034683966549616654,-0.03381576436382509,-0.03629235337269372,-0.03268720264946692,-0.03454243325735259,-0.02982767280978304,-0.02917347189497657
CMR,ssp370,gfdl-esm4,-0.1680830886496283,-0.12471963142318684,-0.08877623581344245,-0.14505665082306005,-0.11616648144317433,-0.1603674028252758,-0.13213969541018084,-0.07888156569458288,-0.09517297046827145,-0.0818052506842032,-0.07750609747306623,-0.07146969145471077,-0.0612909855066923,-0.0682718050947385,-0.06580252716331396,-0.04480963859993193,-0.05304879119045428
COL,ssp370,gfdl-esm4,-0.0002358751297070911,-0.013064837295566335,-0.005494203983513932,-0.0024052694343612833,-0.0048253269393013715,-0.010819709020574048,-0.0116242836668871,-0.0032117245721078173,-0.016606432262633034,-0.01741725307104617,-0.011754921648735551,-0.011091132552487917,-0.013011246433090647,-0.012131728688493909,-0.015573864669028598,-0.011618254296137054,-0.013401795282362699
CRI,ssp370,gfdl-esm4,-0.00059020803214358,-0.001083620766256865,-0.000650655732300766,-0.00043532077043442426,-0.0009173948628690146,-0.0014566358219482772,-0.00132505241059176,-0.00045004915754904683,-0.0016186232759175948,-0.0016615526537898553,-0.0011318909867827083,-0.0014192650434045816,-0.0017884557155955676,-0.0018738610051042997,-0.0018947341789443354,-0.0014764568929636227,-0.0015965128696095498
CZE,ssp370,gfdl-esm4,-0.0009305880991697837,0.0023143618656275545,0.0012535327270534898,0.0009376741714382373,-5.4485219147062216e-05,-0.0005150140744753377,0.0009537840336623156,-0.000944436769767366,0.0009309190826726018,0.0008785997124362898,-0.003975137147948459,0.00025249498637738117,-0.0016880568409652751,-0.002010301112422477,-0.0009627426372164179,-0.0005784237815846012,-0.004595912830768077
DEU,ssp370,gfdl-esm4,-0.0021284287397029416,8.854176074644466e-05,9.240165351097872e-05,0.00010046691961715815,-0.00026600354431062273,2.0923546627635262e-05,0.00036457225672250883,-0.0020932011642274028,8.93593979157247e-05,0.0006818972955592613,-0.0008231410076415468,-0.0008743771508729515,-0.0007258379195937124,-0.0011033143303033758,-0.0013484191703481262,-0.00089683348565362,-0.0011402570361060361
DOM,ssp370,gfdl-esm4,-0.0012213774547843255,-0.0014179613781700176,-0.002835957229213674,-0.0016447641788022642,-0.002601128430119826,-0.0013833091786788472,-0.0028988298382574937,-0.002000893023820078,-0.0026623175791218694,-0.0035421741776696415,-0.001769667791278699,-0.003079768553307237,-0.0016532067828323254,-0.0028882219388555925,-0.0030653862330189702,-0.00254380691566962,-0.002830453657408826
ECU,ssp370,gfdl-esm4,-0.039463330534247304,-0.08437768008413513,-0.025070378766949883,-0.043369447384905016,-0.05694429674056869,-0.07721156563569692,-0.05965966369573957,-0.04567849131887466,-0.06445556790370253,-0.05306214203890147,-0.05038331376760073,-0.05195572869656117,-0.04190418486759431,-0.04959199403731711,-0.05201894983621843,-0.04678789494121235,-0.0440224972860373
EGY,ssp370,gfdl-esm4,-0.016021291500999558,-0.0017975500427890269,-0.003487526707492509,-0.0010782424338182679,-0.0020840496062099717,-0.0021847504070245257,8.595403345165843e-05,0.0014185943289976967,0.0007674418463970484,0.0004663387906701617,0.0026033185763580623,0.003309354154571303,0.0025038021524458904,0.0040125931803316195,0.0035665117861490613,0.002581259992919041,0.00391480886617038
ERI,ssp370,gfdl-esm4,-0.2837331232196359,-0.20663441068455232,-0.2228022183626552,-0.1534341747554802,-0.13547606401627402,-0.3367538402039838,-0.21070704921094846,-0.018977189737671044,-0.22686820059849483,-0.23080773768969376,-0.06243326507258748,-0.160639551772362,-0.303494187754669,-0.2415244395865783,-0.27204124565166243,-0.18631964945985102,-0.2433041778901419
ESP,ssp370,gfdl-esm4,-0.0009045570153726741,-0.0034465234931973054,-0.006400207813989515,-0.007011856765764352,-0.008280295803659745,-0.006971602898745304,-0.004853481613430054,-0.00968507132806567,-0.006831611607378463,-0.012124653207552719,-0.011260861373206584,-0.015742765172786548,-0.015495250832389784,-0.010339593265283865,-0.012695626713643446,-0.013907583725291396,-0.012583128264088842
ETH,ssp370,gfdl-esm4,-0.053477871281603674,-0.06934001549697243,-0.07150540692246977,0.000665087101697822,-0.007374166251220402,-0.03785013340349527,-0.024242634753859793,-0.004424584674149917,-0.022441954920187242,-0.021553977369669318,-0.014969789787473953,-0.01839488256493542,-0.017761539249003668,-0.011601262259808433,-0.012896478353156696,-0.010806833940294292,-0.015037844380412255
FRA,ssp370,gfdl-esm4,-0.003660083879390311,-0.0041395353509021265,-0.00743015254548358,-0.0028805948198231753,-0.005149316317063193,-0.0034820887152892275,-0.003213394552693672,-0.004477513164490689,-0.002855762142380127,-0.002126912162842187,-0.003234131340668983,-0.007964689356077439,-0.007809170615774397,-0.005861724737747358,-0.004331208063173147,-0.006189167360010063,-0.00627015987504791
GEO,ssp370,gfdl-esm4,-0.01291160747132995,0.003362581148206496,-0.012401844806068275,-0.005449489652532683,-0.009747960899723612,-0.005665689196286712,-0.02208949377596376,-0.031184659180357035,-0.01852826797881362,-0.027742297289176984,-0.024007176269775235,-0.01996640081439784,-0.012427743369867081,-0.020091062309131765,-0.01887135264495076,-0.017169218389187512,-0.024635405614981207
GHA,ssp370,gfdl-esm4,-0.06150085965593038,-0.040941253116230175,-0.0324026956685767,-0.07004992003354603,-0.03884156994962904,-0.06714307769302535,-0.05339272553638458,-0.03252076696927967,-0.046665682525648046,-0.045506712557095576,-0.03620295025400114,-0.03902375288877987,-0.037329178550990244,-0.034619652733246783,-0.034557536315221106,-0.028561805478864628,-0.027130240065337555
GIN,ssp370,gfdl-esm4,-0.0381891721824651,-0.04204424231982845,-0.04545089721904932,-0.020807140319555585,-0.02909528847956331,-0.027464085489296537,-0.029381227591751286,-0.02973236622407523,-0.02904756672862413,-0.020190197463825495,-0.017471962812725565,-0.017518257830620557,-0.01977816297960042,-0.017658286127760287,-0.018257263720220643,-0.016142997047495482,-0.014378689514826064
GMB,ssp370,gfdl-esm4,-0.03955077564283165,-0.05881400062014681,-0.05214067908046087,-0.014968653366020882,-0.025670576725216606,-0.0304596394901695,-0.026140660877450813,-0.0183552266393523,-0.017168877791950213,-0.016128986692637,-0.012127041475310685,-0.011508518014146311,-0.012639482890934544,-0.01113001959973746,-0.011056672038035887,-0.008721504787225833,-0.0077925738189397785
GNB,ssp370,gfdl-esm4,-0.12590709087207747,-0.24973020098072382,-0.1785413387014143,-0.07563257589431066,-0.13896395838083456,-0.14088377711352318,-0.1207736478924423,-0.09481860675989011,-0.08773238379093612,-0.0672046115671453,-0.048911515869590694,-0.049159519580409046,-0.05985506434854744,-0.05559460135258073,-0.05313644308160778,-0.0414994655312633,-0.036558260521146003
GRC,ssp370,gfdl-esm4,-0.002088583817477581,-0.006700266666426587,-0.0008258125389423735,-0.010413958989297135,-0.007893327099166481,-0.007782408273486291,-0.01049414268888973,-0.01683053778749523,-0.0172182742084864,-0.012548414246849743,-0.017842804923929933,-0.014631674321816845,-0.019691581754812004,-0.02670790095203206,-0.02676534379870715,-0.022286150231823437,-0.023873716326083576
HND,ssp370,gfdl-esm4,-0.004816433202402248,-0.08741068059265336,-0.10482542826066803,-0.04504252391170854,-0.07955218414415714,-0.0803570115090766,-0.10367588248083892,-0.03576334647308565,-0.08069162336042357,-0.07398167329618105,-0.02380908063967355,-0.07136946431522607,-0.052355545512596934,-0.0648014027789429,-0.06217570292555042,-0.04053653906597574,-0.047550578892236434
HRV,ssp370,gfdl-esm4,0.008300593193801529,0.003614999489779961,0.006989617442845662,-0.08247271129921312,-0.3873417319413751,-0.13285510151408897,-0.11372254335638404,-0.39693669313526897,-0.21304759292850822,-0.16190383529539115,-0.6121673854334182,-0.24124481473847717,-0.8599708461136254,-0.8287496102355744,-0.6492921428135658,-0.8126786807196476,-1.0558768552702906
HUN,ssp370,gfdl-esm4,-0.014826637234288887,-0.0006024522361495835,0.0012787027182325028,-0.00475461289295728,-0.03185271850953937,-0.00864896459079131,-0.009840177143986292,-0.036332107085295634,-0.005274126421383938,-0.009873017345954273,-0.04418009775363344,-0.011547805297491711,-0.05065951951645214,-0.046421874846509184,-0.03808349196574652,-0.04703904393179895,-0.05874623463398549
IDN,ssp370,gfdl-esm4,0.0033422225629593993,-0.029984287845122137,-0.0007437839457239822,-0.021255452850597288,-0.007715958418247821,-0.04094826672670339,-0.02594846958708826,-0.004067401569064908,-0.028604785365442607,-0.03145618899255242,-0.018076203999722148,-0.023182001003489158,-0.042778664525919705,-0.036802628912100156,-0.042488309996337494,-0.024288561999210475,-0.04496650991954158
IND,ssp370,gfdl-esm4,-0.010312793030057046,-0.00931674201757601,-0.0017212007352902345,-0.01072604484365952,-0.006670515551004266,-0.012312246720196679,-0.0026250711190150583,3.6584835975177524e-05,-0.004231906564681896,-0.006126931279942365,-0.004863372902567539,-0.003232228713704274,-0.0074379705518760044,-0.007873811455063743,-0.006604029114617699,-0.005639956923567009,-0.007283472395751175
IRN,ssp370,gfdl-esm4,-0.0008728878643055884,-0.0002240546992347232,-0.00039382939679797154,-0.0002507294197253784,-0.00013742164194177324,-0.00027590581041305725,-0.00035214014729692956,-0.00027491412434257597,-0.000217745764156556,-0.00024322870594368766,-0.0002851617930975399,-0.0002699848871211984,-0.00020845075194469395,-0.00024081569636485615,-0.00018061226345324817,-0.00020631369801143076,-0.0001958727300995333
IRQ,ssp370,gfdl-esm4,-0.009040522951446564,-0.005332914476490551,-0.013286776168897741,-0.01299728083332502,-0.006807181736701036,-0.009301835096093168,-0.010276170760912775,-0.007891893915368415,-0.008198760247814355,-0.007165036550520765,-0.00734341922019436,-0.0066538381390320945,-0.005740625610915506,-0.004218712975874328,-0.004253789650699776,-0.0032346876990408625,-0.0030226279739972934
ITA,ssp370,gfdl-esm4,0.000412442170486536,0.0004364146975956602,-0.00020482080079041367,0.0006589514258193232,8.757963833826751e-05,0.00039897727992659163,6.785976760120491e-06,0.0003528633617901492,0.000354877418161039,0.00022600315475176504,-0.0012777494696965233,-0.00028663602502454716,-0.0007549286625251959,-0.0009736236181381122,-0.0009326037102814414,-0.0008145911264347355,-0.0008070162610448233
JAM,ssp370,gfdl-esm4,-0.0009219549423368918,-0.002689624345621397,-0.0035024311623634554,-0.004238788877580256,-0.006851282529108126,-0.003556618716182543,-0.005722172894359852,-0.002468147396169044,-0.0029827398058037188,-0.004901596478614092,-0.0024483498577899825,-0.002344318374722317,-0.00376637520260552,-0.003448390525233675,-0.004980938220678953,-0.0032032678357815344,-0.00392470009399604
KAZ,ssp370,gfdl-esm4,-0.0007596803514045807,-0.0020254084713311714,-0.005409729984439764,-0.0012770407651159902,-0.003966630516543226,-0.0035677891399499492,-0.0048990325298942095,-0.0023807751357160143,-0.004059271868949916,-0.0024143691161841157,-0.005021541679677944,-0.003954387935904623,-0.002303357398123376,-0.004500476624793271,-0.0027705082167745897,-0.006260644335889211,-0.0030462433048696375
KEN,ssp370,gfdl-esm4,-0.09980568502833613,-0.06837962364196425,-0.06476043153911337,-0.023521414036650826,-0.04902642365451921,-0.07449927082024091,-0.03526438157145305,-0.03655403723360847,-0.030877312592316786,-0.03445845275364752,-0.02834624983157956,-0.03270045407945306,-0.03186875578307179,-0.023947392359591844,-0.026962676278090174,-0.021231249451805895,-0.021330982047031863
KGZ,ssp370,gfdl-esm4,-0.007710786627511594,-0.014230877873885425,0.009423852200037625,-0.001295680804929449,0.009906763438899971,-0.00031151215616051324,-0.05143637623137421,0.006321113500886169,0.0005724924209183824,0.003622728459770859,-0.014711032381639202,-0.003940889224313138,-0.0021311528978871456,-0.005018284244895036,-0.0006556790888471313,-0.021180403163254015,0.0004977145079855346
KHM,ssp370,gfdl-esm4,-0.06270056049324638,-0.04608966888682504,-0.08075307005534732,-0.05785386225917805,-0.03700248824408659,-0.0845431248978947,-0.057363599769059165,-0.038662612624543916,-0.06896417588547335,-0.07544613407547104,-0.07788971323927425,-0.03869675556570045,-0.06528455468112844,-0.05632480776308199,-0.07022910618493858,-0.045261483240680626,-0.05247254572924622
KOR,ssp370,gfdl-esm4,-7.004823003643095e-05,-6.236794569724245e-05,-6.134769202311003e-05,-0.00015089655352465686,-2.066854215852044e-05,-0.00010992622656539213,-0.00022708887694340642,-9.725397293713358e-05,-0.0001181615036997277,-0.00012486438804504342,-0.00014591021655339215,-0.0002782418849026769,-0.00014932993043835532,-0.00020194886429825354,-0.00029831558032956365,-0.0002160534231141812,-0.00021061380198451042
LAO,ssp370,gfdl-esm4,-0.03968039084006001,-0.013372514505590589,-0.013844664838991407,-0.02072114611811281,-0.015189665863943167,-0.014569570216496852,-0.015078018005320779,-0.006465330505964127,-0.012713367374009197,-0.01693676504866512,-0.015445195765709671,-0.00951286564317583,-0.01625395466380963,-0.013383300519362434,-0.017788951715092666,-0.0126403983191217,-0.015700108709979625
LKA,ssp370,gfdl-esm4,-0.009465218188979241,-0.0033542550584553248,-0.0013710434938895657,-0.0008618792258560139,-0.00254590808434655,-0.0015683756953186068,-0.0011601843370094643,-0.002080519699938855,-0.002386109137778255,-0.0029005268611818156,-0.0028926442679885443,-0.003108253198152002,-0.002280518503321493,-0.002545827910467119,-0.003318125292744387,-0.003423936987351951,-0.003794593737823744
MAR,ssp370,gfdl-esm4,9.631173666145134e-06,-0.00048786648650499465,-0.0004952651437400695,-7.458890938590539e-05,-0.000368879421913098,-0.00039997135847018626,-0.00030364707121755484,-0.00029634832583738105,-0.00016798782998180315,-0.00037450174870158327,-0.00031298687706206486,-0.00018161841476203324,-0.00029637232312401836,-0.0002500676908398825,-0.00025448480668645843,-0.0002403727574432261,-0.0002244193294237055
MDA,ssp370,gfdl-esm4,-0.05871810129242193,0.06541538880026404,0.05221418614669553,0.03576109986961795,-0.06437067153195994,0.0029991258135043594,-0.07073215508332586,-0.209290470366629,-0.031158693443722345,-0.08025444691286097,-0.13408271608589167,-0.013393789354827103,-0.19502117608449385,-0.16863478972620158,-0.1252072981489615,-0.16284383185729986,-0.1529874764213775
MDG,ssp370,gfdl-esm4,-0.010432819702823623,-0.014233074423085539,-0.002392164952920708,-0.006288440375425372,-0.002070588278247955,-0.005607352349555185,-0.0038792539499137345,-0.0017215581540981773,-0.004012868307002131,-0.005105880921422395,-0.0024291317137054296,-0.0017168615187998606,-0.0011261234734226664,-0.0012572601645493128,-0.0014351970624577341,-0.0009854551912322957,-0.0013396841759588506
MEX,ssp370,gfdl-esm4,-0.010713434596374817,-0.03558086981104089,-0.034597491678003356,-0.022160972323735435,-0.020598617290830543,-0.03898223173639896,-0.05438151050139105,-0.021422499220344362,-0.052190514548147215,-0.038327223220361736,-0.031336975305363064,-0.05009662879035101,-0.03929434230723843,-0.04628699212511681,-0.04596268903424923,-0.03535895049357729,-0.04473034195616181
MKD,ssp370,gfdl-esm4,0.007013632018089252,-0.00157555082134527,0.004847185632207198,-0.004007225378963306,-0.014374927409886886,5.765408177071976e-05,-0.0011143713410469084,-0.015358607417336056,-0.006255878247734627,-0.00020832108439361555,-0.011633777325393582,-0.013835896398005698,-0.020947170358544362,-0.032813611603593765,-0.032329764112683665,-0.028371457707737656,-0.031712233272671274
MLI,ssp370,gfdl-esm4,-0.5280168647936554,-0.3591126224869277,-0.7087792076674929,-0.3583266017338696,-0.48006842288245394,-0.4719280837224714,-0.37104550310805173,-0.32080335948599886,-0.35949388333134147,-0.31431378425456596,-0.22177258156495724,-0.21552883123985844,-0.22049521982918513,-0.18572176019095402,-0.19233549728156407,-0.147894491597267,-0.14021511953710664
MOZ,ssp370,gfdl-esm4,-0.09569686436399527,-0.16645749483442113,-0.12744655400736662,-0.10090590639729008,-0.13148197784096247,-0.09197924930899389,-0.07241441275650887,-0.04533663586848401,-0.07225819600402285,-0.08531754039996829,-0.04120435683377154,-0.03896288836024853,-0.03742507224296353,-0.04724333966794127,-0.050071845502737196,-0.02671148947503854,-0.029178944353882994
MWI,ssp370,gfdl-esm4,-0.1043180428554828,-0.23778693412144566,-0.060346542513779126,-0.1511724084994152,-0.1577809757912166,-0.09573548054597804,-0.11335467031223956,-0.0511969740909907,-0.08975915365879088,-0.11448578808669685,-0.056262125961418476,-0.038901716941402785,-0.03411482132957326,-0.04801863177857699,-0.043274980297911415,-0.026723117243555784,-0.021368948356910823
MYS,ssp370,gfdl-esm4,2.7022845733023534e-05,-0.00043022396213582726,-0.00010820744005591326,-5.762667033043263e-05,-8.142358429567369e-05,-0.0002953940736530653,-8.265053384130762e-05,-6.84987546642843e-05,-0.00024546907795820646,-0.00027301456314491576,-0.00017138059224971862,-0.00018548438073688546,-0.00027787640888061636,-0.00023363176652648553,-0.0002353716602816934,-0.00017143112355913145,-0.0003002151188405883
NAM,ssp370,gfdl-esm4,-0.01111796872523832,-0.05996251949042541,-0.04438682099499919,1.8579872126809026e-05,-0.025979044075969116,-0.021844651081975763,-0.013375395124649594,-0.012998904100432364,-0.01790417657152852,-0.024912220812368123,-0.0237790404623324,-0.015925813986581886,-0.01738138868539493,-0.013169213430191333,-0.017479998517968904,-0.013016061047000285,-0.01614642961811701
NER,ssp370,gfdl-esm4,-0.0024988091084577413,-0.004829752370695199,-0.001974203353898752,-0.003564581843745876,-0.0031750614683362936,-0.003297468080253947,-0.001982253833199073,-0.0008443689357183308,-0.0008713483424582013,-0.0015403175478497341,-0.000600329407868334,-0.0008833723331967681,-0.0008927214986773649,-0.0006537697559189503,-0.0005689198379746253,-0.0004159621913579009,-0.00039621662301786344
NGA,ssp370,gfdl-esm4,-0.053134641123432864,-0.03222376088824143,-0.022898384398207766,-0.034650102691146975,-0.02806764296447241,-0.030189223928359647,-0.024325560541977927,-0.012625419259805206,-0.016862999831737675,-0.016224415222872175,-0.011526406619561216,-0.011513117902654415,-0.010934414317374224,-0.009914804124110846,-0.008909545682749213,-0.006600456379848348,-0.006307792044317682
NIC,ssp370,gfdl-esm4,-0.009044576271008452,-0.062013399566202713,-0.06871041679673758,-0.03088520830847848,-0.059777911701077734,-0.09069043890734355,-0.09471827507463745,-0.03506914687121783,-0.07116531075240455,-0.06780756123241433,-0.029743632128970337,-0.06405577041508609,-0.05041252641787915,-0.0581788447486857,-0.05271644795191141,-0.03678567595261194,-0.04029454990518115
NLD,ssp370,gfdl-esm4,-0.0002574616777509803,4.387888902415834e-05,1.1210961492033262e-05,3.5554619879314395e-05,-2.7830202142885566e-05,5.07533137707006e-06,3.184441981937371e-05,-0.00022020010489751248,-1.7598449328195107e-05,5.736366860588486e-05,3.869806784049492e-06,-8.1087951104169e-05,5.010163643721234e-07,-6.933398874602083e-05,-0.0001264903222227652,-0.00010491639761209955,-4.33029309102157e-05
NPL,ssp370,gfdl-esm4,-0.009917989240250356,-0.14957389647309127,-0.01072016351294701,-0.057646582115391774,-0.08485298682120518,-0.10056924081803276,-0.01890005751320095,-0.022004434430329473,-0.1063214211636851,-0.06779474499973565,-0.06317948899821689,-0.04129764099672898,-0.07046935470054203,-0.05265882224894024,-0.05550315859269877,-0.06436694942136276,-0.07162951498843799
NZL,ssp370,gfdl-esm4,0.00045821451763009273,0.0007395818950606132,0.0007382376820425891,0.0006627797729640857,0.0005037933287856916,0.00043785351634516187,0.0005643549585934381,0.00042597617316024407,0.0005064417355999212,0.0005418903164128489,0.0009193137621471287,0.0005104908250296074,0.0003525752785596481,-0.00027740600654452025,0.0005995094533991485,0.00026059341059155326,0.00021293136580143756
PAK,ssp370,gfdl-esm4,-0.051765021439063634,-0.01172268516752234,-0.012676229026361936,-0.01699099383571454,0.0005109204539773055,-0.007283827054194064,-0.008366774722522615,-0.008991501564723918,-0.012609008910238254,-0.009795655573741463,-0.007941901009937677,-0.006823416524442103,-0.006968002122155361,-0.007831807880370854,-0.007480322892309494,-0.00576988549479641,-0.005563171882165455
PAN,ssp370,gfdl-esm4,-0.002743649107170657,-0.021344442752781457,-0.00294292322718856,-0.00443229114966523,-0.006302966583105354,-0.01274888192020292,-0.010018784157761272,-0.004447842025286542,-0.012066316196432617,-0.013854705519690655,-0.010045821485636723,-0.01284905521779345,-0.013558189898349556,-0.013942625275119047,-0.01460941248401265,-0.011994705711809484,-0.01283988680092825
PER,ssp370,gfdl-esm4,-0.015141790774843317,-0.02124989581373157,-0.007410022610555409,-0.01079290615569353,-0.008364796844091048,-0.017941094304315796,-0.010689891530543267,-0.005345411798016455,-0.011384732324424234,-0.017076919501226546,-0.005504872811352474,-0.008191639959722689,-0.009069172723053548,-0.01077476713534942,-0.012040955655071139,-0.010041610985929574,-0.009771430340353635
PHL,ssp370,gfdl-esm4,-0.03289588172587196,-0.05483719560056703,-0.02768634667638357,-0.01933333232343581,-0.023411142808972,-0.026828303369262195,-0.01628518190554509,-0.011882158367199072,-0.029415734766444213,-0.046174596761567946,-0.028991572716717484,-0.024321608119853132,-0.027761456865133163,-0.023461096247644718,-0.03553777484923418,-0.01650364660652476,-0.02607727035485005
POL,ssp370,gfdl-esm4,-0.009106607933309176,0.006906647427681875,0.004990881895868705,0.0031848469726486884,-0.004692422131401557,-0.005464151085928322,0.00420239169011261,-0.011559127444084364,0.004465887939903772,0.0027046374042844074,-0.011287108554458481,-0.0014353008656095244,-0.0075846986601084704,-0.007247060965793878,-0.010829221971989846,-0.007389151267916776,-0.01659944822755353
PRT,ssp370,gfdl-esm4,0.0001681248694268376,-0.0026769223318390506,-0.005280903726358012,-0.008252165714394903,-0.007165623799064103,-0.005866353453235776,-0.0029841079182358135,-0.012882483330615906,-0.006972644104497524,-0.010774197509823448,-0.00956279438355686,-0.01577754989462482,-0.01371776855951656,-0.008692895465693377,-0.010011278340772634,-0.013095487143341513,-0.009080979994008158
PRY,ssp370,gfdl-esm4,-0.1279932128007138,0.021905322301458058,-0.23447391741845686,-0.038527014942522406,-0.031963029486425945,-0.23386601776017207,-0.17802495040521948,-0.15045414373864854,-0.21798887029074232,-0.11789593211106812,-0.09562521269718031,-0.16017213946956552,-0.09729123470318314,-0.15575501432643946,-0.16906877660083477,-0.14927073626821868,-0.1623677287391624
ROU,ssp370,gfdl-esm4,-0.021497777629720577,0.006569293710033445,0.01799897273353472,0.00558180601716058,-0.04948870838873095,-0.002411372061992595,-0.03594651173599099,-0.08477922734251586,-0.03313667685736701,-0.035709874699137036,-0.12986452892948455,-0.040320315198465295,-0.160415231973142,-0.16097638969957903,-0.16287586254869996,-0.1861148500067683,-0.1923864416775112
RUS,ssp370,gfdl-esm4,-0.00020969046966557253,0.0015139324106279387,-0.0037849193839657787,-0.0037968685976313933,-0.011012538972149745,-0.0017854049999266699,-0.0044573119366739175,-0.012140903376028361,-0.00779145035304808,-0.007861950140409375,-0.010995278473848305,-0.009108702222418467,-0.007050580125049811,-0.010651215199873354,-0.009205401096911633,-0.012418328220792618,-0.014194879839085055
RWA,ssp370,gfdl-esm4,-0.005865708613618751,0.002281452182256498,-0.005494435135698676,-0.004418619892387358,-0.010052883885948627,-0.01608500098071287,-0.002649474772367368,-0.020675161507897253,-0.009178692343177176,-0.00795048292917159,-0.004194939683292955,-0.006621676054653855,-0.005757203522101435,-0.0035020994641586636,-0.003406129049839281,-0.0026931704174760164,-0.0027521281749242335
SEN,ssp370,gfdl-esm4,-0.12634688960379634,-0.1913775898049434,-0.16734881543082178,-0.05300346887040715,-0.11129760225867982,-0.12667526182771166,-0.11204309690100943,-0.09240734558952214,-0.09177184547673754,-0.07781679014310494,-0.06198271448218792,-0.05660933779098724,-0.0625631728843912,-0.05483837529378714,-0.057746113386038744,-0.04396375109738205,-0.03900054098308299
SLE,ssp370,gfdl-esm4,-0.007067546506202683,-0.0028282127272182163,-0.0031457656542472935,-0.002002037774904477,-0.003150649424623005,-0.002973809340647209,-0.0037522123251457506,-0.00400307817823971,-0.004491391800992011,-0.003171152324673203,-0.0021373483462914316,-0.0025436470488966463,-0.0030653075924662364,-0.002727636783294967,-0.0026456614672995308,-0.0023278015006925152,-0.002080751364798436
SLV,ssp370,gfdl-esm4,-0.02027136658482268,-0.13409066496344677,-0.06325385381441537,-0.07185952080861722,-0.09615033064073496,-0.1517886504414038,-0.20858869202851718,-0.08841780071471225,-0.2190288108960872,-0.1647426539947408,-0.08623018746029945,-0.18306053381474297,-0.15140685235140305,-0.17761451285063684,-0.17918797815038523,-0.10955909134439987,-0.13667341405397257
SRB,ssp370,gfdl-esm4,0.029195203587668514,0.01208176010136936,0.015229071682359653,-0.028922067142776547,-0.19207731894022936,-0.043824003517447516,-0.05543518904302548,-0.15136311684120066,-0.04091715938288219,-0.016569458719728116,-0.22988328079659556,-0.10160389306955722,-0.3496065075510072,-0.37370001030472744,-0.3413077568401618,-0.33849670064590365,-0.44534928512202376
SVK,ssp370,gfdl-esm4,-0.002338134391012979,0.00328710198674104,0.00214146482217526,0.0012479644115842982,-0.0007378202481737793,0.0003693010911239443,0.001478009578174042,-0.0052889145690378616,0.0007949642932095116,0.000583354265568542,-0.01007678224225796,-0.0009193995127580174,-0.0062064808576040645,-0.006897307836624575,-0.004518021821669097,-0.0035045957545028037,-0.010724140883311611
SVN,ssp370,gfdl-esm4,0.004925170020728386,0.0018915593602558893,0.0016695608071064852,0.001642805763785368,0.0005544801554913019,0.0006914445719929427,0.002344218646155493,-0.0007553741196884874,0.0014888537439720192,0.0011562299713258751,-0.006624207003335312,0.00014354326947683006,-0.004193763213979347,-0.0028326568771747215,-0.0009418272902649471,-0.0032321582825120994,-0.007091381092918098
TCD,ssp370,gfdl-esm4,-0.1743005129383608,-0.1455132046197824,-0.09633280308913099,-0.1277979551894446,-0.11784624271795144,-0.13748793617331156,-0.08653221223979951,-0.040113623774693276,-0.04494970632754117,-0.054143782777933455,-0.026648656669849745,-0.03309443681033178,-0.03666930645363878,-0.030137991326232395,-0.028209694943516397,-0.022376672189815847,-0.021185292145161
TGO,ssp370,gfdl-esm4,-0.15445621940929063,-0.20820203749407734,-0.1110259103653253,-0.4618351396278618,-0.27036166569649567,-0.35356501374398225,-0.2951484173473418,-0.1447807807341073,-0.23032391421322612,-0.2111378352484949,-0.1783439103581416,-0.17221431268671986,-0.1733988384027164,-0.16181820345626,-0.15287034737957092,-0.12761769863847658,-0.11538734708878068
THA,ssp370,gfdl-esm4,-0.010293998485055177,-0.0039027032307733436,-0.016324891060871618,-0.01953531954621244,-0.002239741715478308,-0.01783526889613749,-0.02053961598394944,-0.009085537901256288,-0.02153236815746881,-0.036340179537303806,-0.03161912817978341,-0.019718410717189886,-0.03873248943167986,-0.03478339516426021,-0.04498081490035199,-0.03022630353826944,-0.0399958711356891
TJK,ssp370,gfdl-esm4,0.0018707533745224738,0.007738208355309589,0.014327029608132395,0.0030838920540866934,0.004978047877021779,0.006179186034744055,0.0033267666475091965,0.00446724388694626,0.006558289589505291,0.004850541811132589,0.003929195257647575,0.004136864145393175,0.0026235305089366036,0.0030440227936318503,0.0030824833680031696,0.003466058845283342,0.0018685555694225439
TKM,ssp370,gfdl-esm4,-0.0009831531510455676,-0.0018108192812032213,-0.002098658282337444,-0.0014601780866837146,-0.0007844970939498057,-0.0015959131265664626,-0.0015225420914003886,-0.0010807137693030749,-0.001158356589933699,-0.0009645569293050128,-0.001136072800065856,-0.0011213109858942266,-0.0009332027123144372,-0.00107333547974879,-0.0009040656819799193,-0.00099744642625449,-0.0007385293849981505
TUR,ssp370,gfdl-esm4,-0.0017710334633661967,-0.00029776535894610707,-0.0005823472718348956,-0.002820890085409,-0.0009497342773898657,-0.000794420302786943,-0.0019467583540849097,-0.004172586783899083,-0.002113296978565951,-0.003948230830917037,-0.004060022522457967,-0.0029759031930653482,-0.0033787269711218265,-0.004897689059612673,-0.004459835516978251,-0.0035881670262400286,-0.005476515876492207
TZA,ssp370,gfdl-esm4,-0.054776074667403724,-0.1124049155431977,-0.06122856275000413,-0.019064910235861453,-0.09019804535277996,-0.0762017325611518,-0.062443016799082526,-0.05730552421823234,-0.04609430559794148,-0.06382077787621351,-0.03697664110115058,-0.04202611928449272,-0.032523639596957206,-0.025386784653578832,-0.03094515506869993,-0.024846403961647865,-0.018161016202883202
UKR,ssp370,gfdl-esm4,-0.031888780591198054,0.14968102901655495,0.10353176743747997,0.044950316987800706,-0.09753034015440634,0.03627057519537638,-0.021991644893615325,-0.3123387827706144,-0.06450069626329369,-0.12107959073012028,-0.16053455872743064,-0.005356313216884476,-0.17429810918280414,-0.2070443343037481,-0.08514525957547842,-0.1987933423830865,-0.20893129452874232
URY,ssp370,gfdl-esm4,-0.023294116665312788,0.0031585613118775813,0.0002760492429327679,-0.008603905827758607,-0.0035735677371906147,-0.005917061301900982,-0.0009976128802210616,-0.004962336237196157,-0.002271823428445772,0.00040357536916456256,-0.004787046700059245,-0.006561338954379687,-0.0029268761614822834,-0.006294766394253752,-0.0016743814754750946,-0.004829516765529537,-0.007231153233330972
USA,ssp370,gfdl-esm4,0.0007617664516799251,-0.013955928852751572,0.0004377846885489953,-0.018876678152433213,-0.021658610234699352,-0.01275091200670194,-0.01626787545868385,-0.026424474771023176,-0.03803075280927285,-0.027136147046971898,-0.05055818132870772,-0.027470351675528238,-0.018053762540260164,-0.030769225176763195,-0.027491160025210168,-0.025798809302248787,-0.03459128693022861
YEM,ssp370,gfdl-esm4,-0.005179386210653156,-0.00014285988470935591,-0.0002111804563415297,-2.0827837371875767e-05,-1.9918209766219092e-05,-0.0009044726074124772,-0.0003558212980837772,0.00027998909559771157,-0.0003026162874242876,-0.00045314869484678716,0.00012358045619416464,-0.00012476879565767352,-0.0004549058763655457,-0.0002651537071989798,-0.00039700782995342207,-0.00023003591112837594,-0.00033390100996222733
ZAF,ssp370,gfdl-esm4,-0.012623120744025454,-0.052874363712400854,-0.055116192349410814,-0.01621706811287252,-0.02592555252712441,-0.07015611814230993,-0.027606921053542892,-0.01875158454987881,-0.05714974797410969,-0.0785519714809492,-0.05616906753905046,-0.0374345615535734,-0.042127376655155056,-0.048488113763861515,-0.05976586808157144,-0.047349781731718735,-0.0503684404659551
ZMB,ssp370,gfdl-esm4,-0.04050787801643193,-0.08197434163552439,-0.0659798371954222,-0.033329051515463934,-0.03522341898468749,-0.05600316952222333,-0.03463707525055122,-0.0223278909806474,-0.03154677713095095,-0.03318608647875242,-0.015936316847087396,-0.017795856731641177,-0.015351876839315005,-0.016787565109384905,-0.017825215525171995,-0.009997645361147438,-0.010033843003484245
ZWE,ssp370,gfdl-esm4,-0.246639104395663,-0.39104098541659776,-0.5110704057939122,-0.15718460296095652,-0.30960712444580607,-0.44323186885690335,-0.13342970856836725,-0.15764215725470082,-0.2752728151361515,-0.28360271963514194,-0.10658715154923917,-0.13997957235729414,-0.13347878271552185,-0.15476016503782228,-0.1835672695691103,-0.09803624779606498,-0.12845806505938093
AGO,ssp370,ipsl-cm6a-lr,-0.018859529245406223,-0.006208804545054124,-0.005854890414342954,-0.013089157102179439,-0.02383042046865739,-0.01797679140281098,-0.03712067049635506,-0.025164563395325107,-0.025377296339991078,-0.0172385523295886,-0.017930738099213563,-0.022037648330444734,-0.013740351243851732,-0.015077538315501566,-0.01172060289276647,-0.011892289432165951,-0.0141165634478895
ALB,ssp370,ipsl-cm6a-lr,0.0053882245759385395,-0.03949639449710536,-0.06765584137782721,-0.025194095290929436,-0.03275617722702182,-0.08326822484266022,-0.08359560064182485,-0.13580477302642574,-0.11680844605316967,-0.1444543154006304,-0.08938840396787222,-0.15924112756717976,-0.2549610758754217,-0.12611242385283863,-0.1779721955609481,-0.2466968144712917,-0.16903291711701365
ARG,ssp370,ipsl-cm6a-lr,-0.012577417758443432,-0.006304736284766705,-0.008030326420645408,-0.0023356253836283175,-0.001218687763579575,-0.004319528328579428,-0.004483890051765605,-0.0037266683548107886,-0.005866811889555328,-0.004998807442685119,-0.00706402297317058,-0.004569038241040509,-0.004914500528687047,-0.005521069600506754,-0.004693571257963269,-0.004525980560848217,-0.0042117562682895005
ARM,ssp370,ipsl-cm6a-lr,7.64772057234078e-05,8.90410465315821e-05,-0.0005331060578414176,-0.0006818159602520993,-0.000724027335235864,-0.0006787809476222699,-0.0017299375912516104,-0.0004972790190563532,-0.0014694553144480895,-0.0014032818443571193,-0.0017943297683577807,-0.0016122143144670688,-0.0021226598528168777,-0.0011737463473688934,-0.0021655908234270715,-0.0018851243339602787,-0.0026292340897895285
AUS,ssp370,ipsl-cm6a-lr,0.00013225482096325183,-0.0010681312749358306,-0.0012601778832098264,-0.00016636151837480577,-0.0002610237023669622,-0.0010699539489450113,-0.0008622863071101496,-0.0005701540356681579,-0.0008974340979979356,-0.0008292786362678617,-0.000598644534815892,-0.0009129077684631478,-0.0006898759952769725,-0.0012420902447152513,-0.0013315137610918736,-0.0006380322443700136,-0.001256799080051762
AUT,ssp370,ipsl-cm6a-lr,0.0015196888256627254,-0.0018844914300111106,-0.0006809082517832558,0.0018531596334356434,-0.003822935545926409,0.0007312787548743614,-0.0014298056181366399,-0.004442004402873675,-0.000381635967269434,-0.012761116758247353,-0.005980002427730904,-0.00925962570597358,-0.016701207304320387,-0.005308896881380833,-0.008812796269426628,-0.020211835362496062,-0.008711616500166351
AZE,ssp370,ipsl-cm6a-lr,-0.004186912332896514,-0.003987194599607066,-0.006938675236056706,-0.005856689244679753,-0.011943802384835818,-0.007276116208168966,-0.02440401480084503,-0.012807845023626198,-0.02147295142079401,-0.020087541873361252,-0.026287171673451123,-0.02326126934881458,-0.027739739518480428,-0.01772736545900612,-0.028776099339897963,-0.023943155024122247,-0.026385426806527223
BDI,ssp370,ipsl-cm6a-lr,-0.18425239910219626,-0.021702182938847934,-0.05383255991149074,-0.03326583081020654,-0.10348570943989484,-0.09325095574159219,-0.05446687375660679,-0.04154221435913574,-0.03594885990694243,-0.030936007188363163,-0.02876577472172179,-0.04054797769542445,-0.010161173195527229,-0.03720208341032564,-0.030553703793398602,-0.02487464991514368,-0.023401860046502118
BEL,ssp370,ipsl-cm6a-lr,0.00010820275277823381,-0.0001562761887545055,-2.9565963076274328e-05,-0.0006673878781284177,-0.0004803280694888621,-0.0002762450574201313,9.942906449262143e-05,-0.0007789532847373942,0.0001245406573164019,-0.0006167473948499042,-0.0006531179338091906,-0.0005442741853618161,-8.277205429643073e-05,-0.0012020459599579032,-0.0010977416023700795,-0.002171778930195247,-0.0006822964670412913
BEN,ssp370,ipsl-cm6a-lr,-0.010300708712379807,-0.4289593618520467,-0.5181224636615477,-0.3522657479911779,-0.38626868210113885,-0.26313849128173566,-0.3898525520879474,-0.2959929573423732,-0.24793996966972592,-0.23832634966299443,-0.23486489317214115,-0.21768928643928856,-0.20241562598545312,-0.21243780948252605,-0.18092378138280993,-0.17237643584801787,-0.16914461373031284
BFA,ssp370,ipsl-cm6a-lr,0.1555133549444778,-0.445923462625735,-0.4755285440288467,-0.2684038733314271,-0.3296433717456277,-0.2642396719247578,-0.25736656184328394,-0.17383083174519884,-0.11661519528256847,-0.1407883049426991,-0.13431509656932206,-0.12405849790963246,-0.09768861456352693,-0.10593515255204096,-0.07970839298696233,-0.07756399868802356,-0.08015494540802891
BGD,ssp370,ipsl-cm6a-lr,-0.013573458360296504,-0.009556746894536929,0.00016900054429325894,-0.019785805048589466,-0.0042496368365192785,-0.004045526383734038,-0.007528808434016521,-0.012329067457372321,-0.009953194066682986,-0.010342476875018096,-0.009891978763028232,-0.012484977967899342,-0.013723109092034377,-0.019786637410974552,-0.016869388129229647,-0.015382084990549492,-0.0186411609275126
BGR,ssp370,ipsl-cm6a-lr,-0.012031014718353876,-0.043136149206445706,-0.025796362318712088,-0.022328746142119483,-0.0280875215401687,-0.04484131895426537,-0.030162518152895237,-0.05446222752679716,-0.05857352149507693,-0.09710774393311394,-0.04840598033728076,-0.09484449498716321,-0.15728311536120385,-0.06848918990195499,-0.0998380234449722,-0.12708738371687722,-0.07975961665671576
BIH,ssp370,ipsl-cm6a-lr,0.014465699685516165,-0.034053286505739626,-0.03277043631471154,-0.03425030657266962,-0.07562553745040122,-0.08551526628489614,-0.06515370946300944,-0.09112551749473943,-0.06640993732223381,-0.11458744077279356,-0.122425729306742,-0.14355800722818107,-0.23475419907770176,-0.08130426930759481,-0.14073574707190423,-0.23086316798074744,-0.12020391029062638
BLZ,ssp370,ipsl-cm6a-lr,-0.07498939618936237,-0.09411335872951629,-0.07002404482319938,-0.11272285850047632,-0.09874029468956928,-0.06780521060373322,-0.10601225098505385,-0.1303891454152815,-0.11541629253157151,-0.14355961002173587,-0.1195463053209872,-0.09657416738937383,-0.08933725038744483,-0.10350727649571906,-0.09439764618077537,-0.09117998507721192,-0.09149492247893454
BOL,ssp370,ipsl-cm6a-lr,-0.04546269941404114,-0.05360432596528095,-0.05031012336141317,-0.10380739238463083,-0.03221623047992604,-0.035476253104207905,-0.04926988970222998,-0.046033340740682334,-0.04309301688860059,-0.035595998312245504,-0.03131785348996836,-0.04902191647007832,-0.04140244726250066,-0.06405546153685314,-0.05060019523922333,-0.04392825294362342,-0.04858096035903866
BRA,ssp370,ipsl-cm6a-lr,-0.0373760843965644,-0.060817334845680186,-0.04462008697075766,-0.044510206363907893,-0.044223306718342126,-0.048779796395882674,-0.05547012657794033,-0.08999034681447143,-0.09871661241782723,-0.08654564714029621,-0.08165136435908549,-0.09869194320539787,-0.09188170516582155,-0.152105407592076,-0.13476613922425898,-0.13665097615616553,-0.15201248313635213
BTN,ssp370,ipsl-cm6a-lr,-0.0017984140540695237,0.0028107554120263395,0.0024137251058953843,-0.0010031474068735446,0.0007771059735949564,0.0013305945886061973,0.000536017673410229,0.0005962190541539319,0.0002170280988031953,-0.0013793343409802435,-0.0005607298503622035,-0.0022793245577329385,-0.0010036045022977494,-0.002363666893503725,-0.0021851325970659637,-0.001405324170991846,-0.0025479885306350265
BWA,ssp370,ipsl-cm6a-lr,-0.010853411786887535,-0.008637347317497903,-0.007244536506617685,-0.0018562412242524176,-0.0040221488827722,-0.004961653743645176,-0.005379083919090212,-0.0033413764040427273,-0.002740675868399303,-0.0037504048251629125,-0.005981259985511683,-0.004334358308825331,-0.004174089953640485,-0.0051600569708857465,-0.005373105081615397,-0.004463245597211597,-0.005488907119761513
CAF,ssp370,ipsl-cm6a-lr,-0.1682676997318086,-0.10580971944753809,-0.40511569621013443,-0.2799200397505502,-0.3463275599836441,-0.3104808340877839,-0.3726244763845188,-0.30315282699883717,-0.21862343062943887,-0.13496364387253415,-0.17936826742431375,-0.19405613133379954,-0.13976819725942544,-0.2105212328741399,-0.17921311017365238,-0.14022109166027666,-0.15976863735163235
CAN,ssp370,ipsl-cm6a-lr,-0.00032354321255803495,-0.0032732492416068836,-0.00501906173260873,-0.0013419070886385488,-0.0025199782119032454,-0.008811458270319901,-0.005767264557725089,-0.012820995339112837,-0.004219654840944066,-0.007759698703062533,-0.005949321507714936,-0.009067359132729177,-0.012284016615844577,-0.004854441687401788,-0.011245267066531922,-0.015943268252154214,-0.01385885580724883
CHE,ssp370,ipsl-cm6a-lr,0.000525407128623117,0.00020375017730366905,3.694613573943849e-05,4.4298801736069754e-05,-0.00015725647470778454,0.00018878724659546897,-1.2401539881704264e-05,-3.04294385220432e-05,-0.00014067941944121407,-0.00033692074406325946,-0.0005766640522857779,-0.0005052959265494962,-0.00041425542605317075,-0.00023324530679502984,-0.0003836648242305146,-0.001220906989314931,-0.0003894539821949912
CHL,ssp370,ipsl-cm6a-lr,-0.00027559792146396924,-0.0005725156963401081,-0.00042194699205001974,-0.001142184997610135,-0.0009615878650048807,-0.0014554023753218267,-0.0005054670925165246,-0.001295853938472063,-0.0016478206185929593,-0.0012966281236883358,-0.0019884877791093007,-0.001728423895864269,-0.0019174616204929852,-0.001193918390747581,-0.001068798729147851,-0.0013198095796144315,-0.0016906561903502846
CHN,ssp370,ipsl-cm6a-lr,-0.03256410720006856,-0.021039617765443046,-0.02257724186269664,-0.029584738006849028,-0.023052575111363074,-0.019095471817400993,-0.030417752922689195,-0.023316294465652174,-0.03883142891795795,-0.05273902519543014,-0.04040447861117988,-0.05526172623831127,-0.05300404438367952,-0.06971780274540491,-0.06333990592661604,-0.059283377363427925,-0.08374086557777025
CIV,ssp370,ipsl-cm6a-lr,0.00012549426247639219,-0.11137925846632078,-0.10614815803956833,-0.07931320966704865,-0.06353447506116185,-0.05862355027230466,-0.07168412535195604,-0.048309621535499114,-0.03787677564400678,-0.04455672895430794,-0.04215320133750542,-0.040478648114086316,-0.03862249774626992,-0.04368778764012114,-0.03975448995156997,-0.037299203827630516,-0.038644471914826825
CMR,ssp370,ipsl-cm6a-lr,0.03946141665360908,-0.17252043277629853,-0.18874016267417723,-0.1276519686534809,-0.1458568858523618,-0.05904640998178161,-0.13447459285664468,-0.08008212587381905,-0.07981665502894575,-0.054647036428870775,-0.07930706377294518,-0.07595273197553593,-0.07136714074166778,-0.07977081006655762,-0.07024493850981617,-0.06313222338835892,-0.07319598460391237
COL,ssp370,ipsl-cm6a-lr,-0.004134407170891826,-0.015527277608338077,-0.008192547714324558,-0.010026168420406018,-0.0051977049455176035,-0.010838736097010195,-0.013826267673514627,-0.01244491437846346,-0.010131923722188553,-0.012497066943090784,-0.01123571980917737,-0.015254949418094703,-0.009957973000804919,-0.01730222297979587,-0.016947841562987155,-0.013575152138438023,-0.01832779570925437
CRI,ssp370,ipsl-cm6a-lr,-0.002049076199246256,-0.00239257957517694,-0.0012887475309191372,-0.0022137230704333865,-0.0010230529471999745,-0.002175744049896119,-0.0025115074107505044,-0.002180630666541882,-0.002336895836474171,-0.0027223709459567374,-0.002724683535213414,-0.0028503259535085676,-0.0027833624326347945,-0.002934942704496731,-0.002887410884482848,-0.0027881682832189623,-0.002856255906891487
CZE,ssp370,ipsl-cm6a-lr,8.238323742219359e-05,-0.00010915627531006196,-0.00020473765338063145,0.00037759399118070366,-0.001632549033840791,0.0007398599562719733,-0.00010705505740840126,-0.0023716723672766887,0.0010827868111546568,-0.006743436344085893,-0.0016025925638313593,-0.003375224818424338,-0.004846210117297446,-0.0014420343584531877,-0.002278246482759568,-0.008160372519516415,-0.0032419525096937436
DEU,ssp370,ipsl-cm6a-lr,9.10333505033289e-06,-0.000137028593878982,-6.253625867068959e-05,-0.00046855550797644937,-0.0009559461719750947,0.000303821032301375,-5.555755946573742e-05,-0.0008484856546650878,-9.364602495439568e-06,-0.0024808359389299674,-0.001585042047141637,-0.0020152281712537434,-0.0010837605201409635,-0.0014292891172421173,-0.002304521168854865,-0.004393747228587641,-0.001949101393842135
DOM,ssp370,ipsl-cm6a-lr,-0.0011179747593313427,-0.004032095943627403,-0.0026984171794970317,-0.0032737309242826212,-0.0031291861139703106,-0.0025981586685029515,-0.0021296460565560812,-0.0013043807931897365,-0.0032355503695321716,-0.0035037874160888543,-0.003980400217516883,-0.0029907801114161647,-0.003550364996075361,-0.003669865589255647,-0.003732214875759559,-0.003522627768017149,-0.0035390173971355395
ECU,ssp370,ipsl-cm6a-lr,-0.019986448157435114,-0.045946611815504294,-0.009473483241423983,-0.025359697812522872,-0.027200074192923675,-0.039524662310914456,-0.0378947887438194,-0.039718273662708664,-0.03146516828659925,-0.03863291335621914,-0.028356492358726882,-0.037675843376243995,-0.03519770049373999,-0.03752367007164527,-0.03492110525759606,-0.038999030700974574,-0.036753026924192043
EGY,ssp370,ipsl-cm6a-lr,-0.005981715987093971,-0.0003836014576922768,-0.001502241748971703,0.0016763885797247385,0.001881358789387102,0.0007032964062939588,0.0001318453259628669,0.00422437545155373,0.002961623620513299,0.004165435974077431,0.0022154323856627346,0.007260810916688815,0.005355104691943201,0.006119576208399332,0.005633647232313433,0.006876866001483769,0.007647438879469956
ERI,ssp370,ipsl-cm6a-lr,-0.11453636676923512,-0.22623700521838186,-0.09941251627661585,-0.20174766831243213,-0.29182491404916067,-0.18388768509973427,-0.17947509967213887,-0.26994833500917836,-0.10852055115385122,-0.2222135154168628,-0.21763212717390612,-0.287378127804619,-0.21981775533030762,-0.2951892890211606,-0.3018540948307156,-0.22402625314652688,-0.2846871016426862
ESP,ssp370,ipsl-cm6a-lr,-0.0014100865323381964,-0.0028308161656841616,-0.005450209334774864,-0.005484551630520477,-0.009452552937663315,-0.009866068297109672,-0.009561607384037768,-0.005321362570239631,-0.013294354719287024,-0.011261173852444711,-0.01503323598087888,-0.012619084599003178,-0.016402597532928585,-0.011793153542920206,-0.01572031689486748,-0.016698134872545248,-0.012111287993607585
ETH,ssp370,ipsl-cm6a-lr,-0.06257005759608571,-0.03240570717816102,-0.03149232957037148,-0.040441631137566283,-0.04691058287913443,-0.025003495608605975,-0.02862962363919407,-0.020654480289008022,-0.016523554497237428,-0.022337913951582834,-0.02361123704641778,-0.021095922312306736,-0.017444221081783708,-0.017425783940116346,-0.021577948649304384,-0.016539766090071194,-0.01728385690840037
FRA,ssp370,ipsl-cm6a-lr,0.0013442447884275434,-0.0005160580547389742,-0.0016050798474737545,-0.004123237386101482,-0.007739706406905557,-0.003009796052044158,-0.005034386804441614,-0.005278116916995933,-0.004709045315331828,-0.01033112770650921,-0.010038807254236013,-0.008469836252570839,-0.007977364037248025,-0.007410327663001636,-0.009096425552260824,-0.012248661135194511,-0.0065326592955943395
GEO,ssp370,ipsl-cm6a-lr,-0.004124055260104112,-0.004533743111084745,-0.014799173164786768,-0.01172755722170123,-0.017753539165110355,-0.011726612562612905,-0.02081450697271216,-0.007682533304194168,-0.018908073190750874,-0.018773277294348564,-0.021413013536377735,-0.02285803651387821,-0.026480002463984863,-0.016630484229158048,-0.02353249290704261,-0.02211305432332176,-0.030172248576094088
GHA,ssp370,ipsl-cm6a-lr,-0.03650472661195358,-0.11867581227129755,-0.11408455315333171,-0.08954736738535023,-0.07448398322180687,-0.06415621330548349,-0.08320061925403538,-0.06534002161214446,-0.05574382890592782,-0.0547090295147488,-0.05247374617531284,-0.048573879954391934,-0.04608390025345156,-0.05015231637259125,-0.04192758327639385,-0.04095423974011933,-0.04129836452886058
GIN,ssp370,ipsl-cm6a-lr,-0.01398767868242246,-0.09157444776405614,-0.05116906935989285,-0.04724374293711293,-0.05696318483486068,-0.031013856177249593,-0.04292100708709483,-0.026437448289196763,-0.02118146252454027,-0.025534166562141972,-0.020776650199342963,-0.02178217883415423,-0.02039277288006398,-0.023115084969042975,-0.019139502900410495,-0.018987380836585042,-0.020130019102265678
GMB,ssp370,ipsl-cm6a-lr,-0.037512948017000766,-0.07822699390769035,-0.030446455407069514,-0.05261204560275097,-0.044794354865706286,-0.03248670050655495,-0.026501377514128198,-0.02422678108331894,-0.02108951439013688,-0.01982911566721579,-0.01565274024926213,-0.016212506186188046,-0.012001066379443363,-0.013756777099790942,-0.011186590675767424,-0.009789157116635234,-0.009653642670814982
GNB,ssp370,ipsl-cm6a-lr,-0.07555440139563302,-0.41293705155527416,-0.15301432845523888,-0.2708064132846427,-0.24511873279166435,-0.1793904955803476,-0.14239308373800966,-0.11783305370155776,-0.10117683709694669,-0.09753169674245106,-0.07823801881849002,-0.0787119766791834,-0.06148246997258056,-0.06616806430108675,-0.05642236982885656,-0.04915125190082857,-0.04980613337988147
GRC,ssp370,ipsl-cm6a-lr,-0.0008372756133788851,-0.006711974498084614,-0.011416384082152724,-0.004496186955357825,-0.005395993281720925,-0.010482087864240324,-0.011880068328438093,-0.016956527241778162,-0.016899748410455353,-0.02015052352750283,-0.012571068832415606,-0.021036923636527677,-0.028755757996826236,-0.01759959714533436,-0.02254724174158216,-0.0267564497485816,-0.020834668660742697
HND,ssp370,ipsl-cm6a-lr,-0.04915542924345418,-0.1232733303306544,-0.04887186011688058,-0.09726411946600144,-0.04968718120070673,-0.06899389601857743,-0.08820142345186545,-0.064399948211792,-0.06969473986563203,-0.0863947584612518,-0.08790438650968897,-0.06699558036759835,-0.07090114824601274,-0.07222759534517098,-0.0678622802468509,-0.06335247391506459,-0.0663404526960275
HRV,ssp370,ipsl-cm6a-lr,0.002056871537892335,-0.14312145224083844,-0.09019185436475165,-0.1650855212069276,-0.3752456021735445,-0.28612062343224465,-0.3051275897369475,-0.47733574741439677,-0.29560069164582026,-0.656168942579841,-0.7350293908936658,-0.762128456646671,-1.2580023117253896,-0.5286769502825998,-0.823149100067855,-1.3088615400136767,-0.700460628110901
HUN,ssp370,ipsl-cm6a-lr,-0.011362051665452151,-0.018237001505420115,-0.006298432465657156,-0.011161986703694957,-0.02778201875564266,-0.010848032004125737,-0.01250380826703122,-0.037023182780086455,-0.01517229690211443,-0.047758526135531665,-0.03760771365171367,-0.04761950905190114,-0.06989047949583535,-0.029197966817726552,-0.04128068594880381,-0.06819269990185567,-0.03727098784585918
IDN,ssp370,ipsl-cm6a-lr,-0.01818061834796459,-0.03958512833773714,-0.031333890264204835,-0.0345746650337749,-0.019295108321657733,-0.027305665498055843,-0.039737030284234226,-0.043490506346985425,-0.03465848479171377,-0.039206409434374694,-0.04443720139760421,-0.05062536241660459,-0.05190347462934464,-0.06782193180472304,-0.06529736253424571,-0.058989179964096375,-0.06654647098247808
IND,ssp370,ipsl-cm6a-lr,-0.01249829237007768,-0.007323024349371689,-0.005879780874105057,-0.011231481784883006,-0.004291086717509669,-0.0053890009866927515,-0.009723235349765392,-0.011547888753293172,-0.010649752797318772,-0.009008753057061147,-0.009030552479881597,-0.00839550644188173,-0.007283881802394465,-0.009455688231694497,-0.008673407617327563,-0.008237390469839774,-0.0070323053050120555
IRN,ssp370,ipsl-cm6a-lr,-0.000578036683877244,-0.00012438357519433998,-0.000250038594664457,-0.00011530476006702785,-0.00018836712600348103,-0.00013166435266701406,-0.0002785122713627401,-0.000127297912052248,-0.00024068794864870043,-0.00024055676120871022,-0.00029396621251990553,-0.00024617720771080546,-0.00028087026302556396,-0.00021941354960570446,-0.000295750325354434,-0.00029454528106383747,-0.00028031200464274486
IRQ,ssp370,ipsl-cm6a-lr,-0.010649035211374511,-0.0003169513706660132,-0.010151132332359494,-0.006549794344253107,-0.009384359655697925,-0.006705233122765591,-0.006975055029947698,-0.005925312323555911,-0.006813696622009139,-0.006428153555267577,-0.006250603956926235,-0.0039643411438668,-0.0020874873787753816,-0.0034372241183209663,-0.002778917644114886,-0.0017183556159019433,-0.001265874138904243
ITA,ssp370,ipsl-cm6a-lr,0.00042354192910889343,-0.00018874938846320615,-0.0005726867525154525,0.0004206796190633156,-0.00047390770753740516,-0.001082187179862388,-0.0006898380020214773,-0.0012189657838029095,-0.0012559393476711607,-0.0007328782234891499,-0.0014075107015798737,-0.0006480196322834445,-0.000771119607619683,-0.0011165195536666673,-0.0008072998897703283,0.0002921084418064885,-0.0008081696911078379
JAM,ssp370,ipsl-cm6a-lr,-0.003349245325439771,-0.0034685128824896547,-0.0015782017074775904,-0.004448597664222612,-0.0017835116629762791,-0.0027359304642330775,-0.003827454970317436,-0.0040989689901418614,-0.0034883148699836703,-0.0036227786159781015,-0.003951204770340193,-0.0050095388882022175,-0.003074405421629827,-0.005923373364029283,-0.004852099328434994,-0.0044611986681783984,-0.005129851130324753
KAZ,ssp370,ipsl-cm6a-lr,-0.006016108798242897,-0.0031243213145742783,-0.0025358550228106818,-0.001274781925882493,-0.0023961925322867742,-0.0025414285607289378,-0.005084375699135581,-0.0033670786461078156,-0.006393093999381433,-0.006823137928839266,-0.0062873488716390005,-0.007129641295539474,-0.007139320241450694,-0.00743254746180029,-0.008371451677398114,-0.008272412919338423,-0.00868246787661766
KEN,ssp370,ipsl-cm6a-lr,-0.06429272837885396,-0.04654129675802081,-0.05774524743957263,-0.054123707701877986,-0.04613486857391804,-0.039834471906444756,-0.03869404192841078,-0.042895336079177684,-0.030027404827404302,-0.039913798157089515,-0.028052853358474687,-0.037662734812765324,-0.021883184529980813,-0.033198465836163635,-0.03247470791202224,-0.02779968662868156,-0.02726580366381947
KGZ,ssp370,ipsl-cm6a-lr,-0.19450586552196653,-0.027541485472685506,0.007740937330979588,0.012820742154231944,0.01588535051296062,0.0054499654134811575,-0.03767025916337334,-0.00817599475977584,-0.04136546906059533,-0.013815973095649792,-0.015005665579521285,-0.02044560992038023,-0.008039525986665005,-0.006062681714641209,-0.022948356666306815,-0.012009025088955775,-0.022738999977272457
KHM,ssp370,ipsl-cm6a-lr,-0.0714343590613943,-0.12680133539466565,-0.07253976571454715,-0.10495338411912898,-0.11191353239637461,-0.08258112159706947,-0.06337110523840969,-0.07909603883602492,-0.08393223972458719,-0.07520478843917455,-0.07152857111059595,-0.0812749172732929,-0.07317543722970749,-0.08462398423228289,-0.07057971858189195,-0.06612874747621578,-0.062418495662991166
KOR,ssp370,ipsl-cm6a-lr,1.1794455605602173e-05,-7.745402321467945e-05,-3.468444750032453e-05,-0.00014498876123018737,-0.0001658569739167767,-7.282540870625693e-05,-0.00011723474549488747,-8.528098305700254e-05,-8.433832911617324e-05,-0.00030230699452986294,-0.00014109425573162416,-0.0002152229681470432,-0.00027340888836357925,-0.00030330496742955786,-0.00029055924474947776,-0.00032969824614849456,-0.00037772215365268973
LAO,ssp370,ipsl-cm6a-lr,0.006725747827000119,-0.023715940962966933,-0.009463782015056542,-0.022845019768505184,-0.016688397307065585,-0.016497504142836305,-0.0069402061267727425,-0.015258157478023282,-0.005821588590216961,-0.013277114004226858,-0.00721552032269298,-0.01691952291491019,-0.015226603116516127,-0.020792300230851428,-0.015987399010328914,-0.012049081152465441,-0.01362966887473941
LKA,ssp370,ipsl-cm6a-lr,-0.004450620755631526,-0.003091595084710287,-0.0024418155068955233,-0.002892062554065275,-0.0011901368171650338,-0.0021497781022068274,-0.0026872811138894184,-0.0025715293930523696,-0.0016192595332079397,-0.002237605720876731,-0.0028516794508637866,-0.0029424248650786063,-0.002101524445312289,-0.0035687883433517943,-0.0036959231310880187,-0.003663815689367573,-0.002740753681836006
MAR,ssp370,ipsl-cm6a-lr,-0.0002026355864396974,-0.0003186204718738862,-0.00042401634589716485,-0.00013532884992972866,-0.0004571055413271233,-0.0002239443560317076,-0.00034129024973388565,-0.00029038695581172334,-0.00024701700028984674,-0.0001954666693921507,-0.00020329214273808157,-5.601903354728281e-05,-0.0002903766069315775,-0.00024105393500780425,-0.0002734752080172161,-0.00030867834629285344,-0.00028912575150764197
MDA,ssp370,ipsl-cm6a-lr,-0.04032504028206823,-0.10937704541908934,-0.030194004159119842,-0.05591913400867404,-0.029512644042266833,-0.07214182050485765,-0.03511901230101844,-0.098938923109002,-0.05763132028347738,-0.15853837978273524,-0.12538102979139282,-0.18067836855283195,-0.29559176422282596,-0.15347933606210282,-0.17804471298651264,-0.2392052209093303,-0.14871658365715418
MDG,ssp370,ipsl-cm6a-lr,-0.004470224939821565,-0.005039959020503663,-0.005755385698730537,-0.007144882471312013,-0.0043316162167762766,-0.006431914614666033,-0.004296604642127143,-0.0028206880381828558,-0.0023491747399214946,-0.00350309246342037,-0.0021687690147864933,-0.0026793897177147643,-0.003815712762168415,-0.002286802998190455,-0.0023230588641666885,-0.002506039276915727,-0.0019104373869724396
MEX,ssp370,ipsl-cm6a-lr,-0.018121697938848297,-0.03565262271064004,-0.012318639458153716,-0.02160460293822429,-0.025397826966669722,-0.023231600984808202,-0.0327939250953097,-0.0378840875865167,-0.020776799359436944,-0.034864362322123865,-0.04216241050754663,-0.04683944652689064,-0.0418908507247414,-0.05866296633448794,-0.04806367353439716,-0.05323962838778716,-0.0533147022784931
MKD,ssp370,ipsl-cm6a-lr,0.005499663258165693,-0.006244726838019539,-0.012818340952069233,-0.0011155753480001204,-0.0031306482216780103,-0.013458335523406386,-0.009510537963433303,-0.017829939041064433,-0.02013688908617697,-0.022938764132111225,-0.007856930941789752,-0.02520359303741526,-0.040250553882826695,-0.017379519979584514,-0.026058523352608068,-0.037104838761628,-0.02325484400044735
MLI,ssp370,ipsl-cm6a-lr,-0.12438244637374422,-0.9115658712639976,-0.5739700562058059,-0.5623457392772183,-0.6518391090658314,-0.4857710115334171,-0.44667976170562274,-0.3524640699270751,-0.27119467345205384,-0.30283260637647,-0.2520540639071082,-0.26518589440324175,-0.20300379082915282,-0.2368786340648497,-0.17952682413888096,-0.17531708745538965,-0.18456524813802286
MOZ,ssp370,ipsl-cm6a-lr,-0.1863152140507226,-0.22597039659030552,-0.13913441856060382,-0.14527364867306786,-0.1040924619901774,-0.09930820977334731,-0.08639343354009006,-0.05920640919506462,-0.05873924241719324,-0.05848568417812249,-0.06041385944903634,-0.050879857881402035,-0.0519678982416503,-0.04709140878022666,-0.04079085072258066,-0.041065730154574216,-0.04075928988683627
MWI,ssp370,ipsl-cm6a-lr,-0.48865565583086745,-0.39864790924687726,-0.26831462479022783,-0.23773480749457718,-0.16350730525920268,-0.1712723237288455,-0.17067770190904202,-0.10723760564854234,-0.09843265864154188,-0.0980392193144059,-0.07288842572105726,-0.07817858052246075,-0.06514747897042643,-0.04867798516401841,-0.04538254173515244,-0.04205826787513816,-0.04009915898043452
MYS,ssp370,ipsl-cm6a-lr,-8.902855511560885e-05,-0.0002490526211216463,-0.00018304641261655222,-0.00017960848703666067,-0.00015369063108885113,-0.0002134738260815245,-0.00021729930278502533,-0.0002128693687108763,-0.0001796194589383665,-0.00022247131171336412,-0.0002063169690259402,-0.00021174246276422555,-0.00020721984254900165,-0.0003859805134629424,-0.00029763043469447677,-0.0002498198410302777,-0.00023077854228788518
NAM,ssp370,ipsl-cm6a-lr,0.0014357728646671323,-0.058641740956533205,-0.058786751597215144,-0.0069294554737069575,-0.016009862803780462,-0.02623503829199423,-0.02530463248700991,-0.011152274813360922,-0.008187325666937927,-0.009300573639338162,-0.026148928108147937,-0.011408354123645482,-0.01011695812688484,-0.017826816069058275,-0.01782342026540818,-0.013610904457661893,-0.016470449709496408
NER,ssp370,ipsl-cm6a-lr,8.637842459105954e-05,-0.006020000721126786,-0.002431703721464343,-0.002872207549826017,-0.003586474561891516,-0.0025873893241676895,-0.0023707141600082873,-0.001521122564299326,-0.0006596146155669311,-0.0009628889988616844,-0.0010167071203921534,-0.0009647202067556515,-0.0005147196954738038,-0.0007399201092112965,-0.000418523516848372,-0.0003788806535691357,-0.00042543949491961164
NGA,ssp370,ipsl-cm6a-lr,0.016444505058248123,-0.04482219072718584,-0.05588060161233701,-0.03223363239123077,-0.0352046578338688,-0.019350608983179484,-0.034208401065407235,-0.01914403691771171,-0.01367011457589625,-0.01448023617576042,-0.016483307971644684,-0.0138369691975291,-0.012076001794719808,-0.012647536721537542,-0.009928610213245946,-0.009033523540503392,-0.008763765759203719
NIC,ssp370,ipsl-cm6a-lr,-0.04975133460488685,-0.16475437727623374,-0.0634665204939789,-0.120079412199038,-0.05393079660837351,-0.09140443516941756,-0.11391635355127894,-0.0649381711547263,-0.07851309685104411,-0.08802988663933006,-0.09261476411834435,-0.07278093916464706,-0.07797618780587834,-0.0706635816473594,-0.0688316545480116,-0.06562801061266275,-0.06543493016322487
NLD,ssp370,ipsl-cm6a-lr,-7.051297300427049e-05,-8.213855263575659e-05,4.1987341991394544e-05,-9.64865938385461e-05,-9.077636704866924e-05,-9.339062999311459e-05,1.3584670421903294e-05,-0.00014927304411639866,3.23968175320321e-05,-0.0001112251078830126,-0.00017439035708954287,-9.552231067702284e-05,1.0746570804532779e-05,-0.0002370949707711276,-0.00017905003259275612,-0.0003375898251659387,-0.00010962247446615261
NPL,ssp370,ipsl-cm6a-lr,-0.12121068363758439,-0.059593212810271745,-0.037947830790694526,-0.1660449489283392,-0.06696047170774079,-0.055166188670396334,-0.11093448996142259,-0.11840069970904389,-0.09850365225027873,-0.10946728639275316,-0.10667114317902597,-0.10491334615397886,-0.11934687233736634,-0.14085563689188285,-0.18204662268122437,-0.11484348733262943,-0.1311877565860595
NZL,ssp370,ipsl-cm6a-lr,-5.3173199366122624e-05,-0.000493953235475265,0.0003632666066506647,-0.0008754436325399599,0.00031031240015298495,0.00030941174119433903,0.00020620721420513562,-0.00016805514903550913,0.0007811589201284531,0.00046808837658577696,0.0003904762989795289,0.0006287690580688146,0.00039444887577265144,0.000548421849331313,0.0002341765669750457,0.00019176578272418185,7.149988821630139e-05
PAK,ssp370,ipsl-cm6a-lr,-0.02730091046918679,-0.021844580940732064,-0.015936682208828316,-0.005410215854692123,-0.012839582887371921,-0.01474226295518494,-0.01633759396411781,-0.015836043958729923,-0.01376601570785983,-0.012811611470042047,-0.009603134720082486,-0.008912908609081772,-0.008529387372618697,-0.00412651046318466,-0.005376214157834186,-0.006463637489024588,-0.0013791378002311586
PAN,ssp370,ipsl-cm6a-lr,-0.01320945201325239,-0.02730471221419066,-0.007743405053256771,-0.016764124284446884,-0.007576981661210549,-0.010546439608659282,-0.012961487958643292,-0.013507067975659353,-0.012087556530474783,-0.015104009133148154,-0.013433860298388212,-0.01713101915118267,-0.01151677685952391,-0.01943313620836097,-0.017680321928639334,-0.017586230202202346,-0.019198066976836653
PER,ssp370,ipsl-cm6a-lr,-0.003944104615510938,-0.007354340844501647,-0.004880327855239195,-0.006835357699452225,-0.007724912007467335,-0.007209616905396089,-0.00653213267891791,-0.005376813719473103,-0.002223984265223205,-0.006832086632357227,-0.004919644891497305,-0.0074917282657326134,-0.010971695499315783,-0.006689320515511393,-0.006032777417203008,-0.008721710430929746,-0.00696485899572538
PHL,ssp370,ipsl-cm6a-lr,-0.0022355363362404866,-0.027768581975803567,-0.013479494577386614,-0.037456667821666526,-0.02962592985924938,-0.02899642378914048,-0.030322864165046443,-0.032867359209677705,-0.024720458735884104,-0.03520275114232627,-0.022741620030870834,-0.03366842160767696,-0.028076608120303718,-0.04030505583757833,-0.03710909247542539,-0.0277862264613281,-0.03222552748670705
POL,ssp370,ipsl-cm6a-lr,-0.004956928734227233,7.559073783684133e-06,0.003556077807726965,-0.006856996075153842,-0.004392507604521349,0.0006076287890417576,-0.000866796310195754,-0.012116826621265888,0.006986635890298401,-0.033548493037013495,-0.009657323096220959,-0.016580783599056834,-0.022714177323344204,-0.01072320133752773,-0.014109508828495895,-0.04111852294274688,-0.018656302868308754
PRT,ssp370,ipsl-cm6a-lr,-0.0029422519668275077,-0.0013477464123638223,-0.004109206893454978,-0.008616647322077583,-0.008673484638490126,-0.008221868202676862,-0.00677479568412136,-0.006884738430287607,-0.008354801516187095,-0.006513587320824896,-0.010971402555844728,-0.010671868541245914,-0.01200579498452383,-0.009537403728599366,-0.014472929358188101,-0.014024437800022242,-0.0095038679370292
PRY,ssp370,ipsl-cm6a-lr,-0.07700675701816759,-0.24530642391795374,-0.17294806857623862,-0.34614258092202393,-0.12087351553653045,-0.17367275333088222,-0.15205065954342867,-0.17284391209831715,-0.19464718279788246,-0.19890615140542445,-0.2398858352778711,-0.11794232767181176,-0.18881209874801458,-0.19845114964190452,-0.1729529751290645,-0.18484975797835465,-0.1904305049312703
ROU,ssp370,ipsl-cm6a-lr,-0.00514163783887198,-0.038423353652804644,-0.01573952606276499,-0.018738886801616422,-0.028984976842712343,-0.0479181263716617,-0.022091656504822598,-0.07228924290409731,-0.04243964876255827,-0.13889587295002914,-0.08649447775803035,-0.13069717521889823,-0.23291662498950919,-0.10231397471469335,-0.12612705994046636,-0.21146154566806774,-0.11923713707806183
RUS,ssp370,ipsl-cm6a-lr,-0.00863458932993375,-0.008517354076596434,-0.0023996136994772813,-0.0035919744097976493,-0.011719691019891712,-0.006109780267660697,-0.0072367941084007185,-0.010053813557652431,-0.01327325311919631,-0.01650958986281775,-0.013068639837411297,-0.015920125400154816,-0.0218158373602795,-0.019699053725307836,-0.0262475495291097,-0.02196970413013851,-0.021270351727500112
RWA,ssp370,ipsl-cm6a-lr,-0.04667440793302736,-0.010078391274600505,-0.008839749679875792,-0.007353768912945364,-0.025173903791734436,-0.019210756430423425,-0.01043718375138177,-0.011398097754271549,-0.016355853723850178,-0.00848011225022753,-0.010783598926782193,-0.01611089264713883,-0.0027332716892016977,-0.01625552924329339,-0.009473267127571868,-0.007364117436157296,-0.007641913372643536
SEN,ssp370,ipsl-cm6a-lr,-0.08271693134832972,-0.22998461906491163,-0.09434533656997146,-0.18794384335173142,-0.17429056673589938,-0.1404797917578932,-0.11578830180602345,-0.10894455195766235,-0.09995774955362725,-0.09490192824910547,-0.07865333297394751,-0.08121950519222523,-0.062467373360355016,-0.06896835234288709,-0.056506787696158994,-0.05022339004550513,-0.05022570496388958
SLE,ssp370,ipsl-cm6a-lr,-0.007279730485067403,-0.009132921281824599,-0.004714733863064329,-0.005381831360268378,-0.010235584939872583,-0.004995818624767252,-0.005718589842907799,-0.0033024322391121707,-0.0028462670365524516,-0.003224699336691479,-0.003460735222344717,-0.0030230517201213815,-0.0032222349591144997,-0.0036242823857447815,-0.0026145045966305225,-0.002721709239018435,-0.0028689257719504337
SLV,ssp370,ipsl-cm6a-lr,-0.07910917437327708,-0.29366908148959214,-0.12004388200913622,-0.2530078170381904,-0.10583377375785649,-0.15821010911303313,-0.2222291268110488,-0.1708298570117336,-0.1746256016415045,-0.236120574747128,-0.22300841911408442,-0.21782830561831823,-0.19878562486295542,-0.21061738642277483,-0.19659273698690535,-0.18466598447348917,-0.1926346725021664
SRB,ssp370,ipsl-cm6a-lr,0.015544001721381037,-0.07434429933963302,-0.05665720967533863,-0.05278744491477991,-0.13264878663196056,-0.12495054323467385,-0.10194984124573822,-0.18955626086973615,-0.1374278707082993,-0.2922685814734665,-0.19732609120215983,-0.3488310673313377,-0.49660211268663085,-0.172623014599872,-0.2950531030327582,-0.4839745561342844,-0.2483107482553268
SVK,ssp370,ipsl-cm6a-lr,-0.0015812396580122529,-0.003907644770204434,-0.001507352918574723,-0.003575140355221505,-0.0066852369566517906,-0.00047834348274658543,-0.0023427197628479845,-0.007510131586907918,-0.0005276230181762847,-0.012976043784726315,-0.007254592725336626,-0.009080859296039308,-0.015364363730094744,-0.0059684153961508755,-0.007223518969029168,-0.014999058970626979,-0.006481259157905625
SVN,ssp370,ipsl-cm6a-lr,0.0010085531221275294,-0.00046112558415542005,0.0004771884115119109,0.0008926076027688011,-0.0013135960333942544,0.0004993312036633828,-0.002453454402813109,-0.00361239035164468,-0.0015595958681454461,-0.005507846297479499,-0.0065894977350882695,-0.006866922644222286,-0.01547392195361809,-0.005871289262159024,-0.007408684253103773,-0.013154472684706037,-0.00539453081739346
TCD,ssp370,ipsl-cm6a-lr,-0.04582945575574399,-0.26743316922450766,-0.12228256927214495,-0.1343365166385988,-0.11917277807495774,-0.06796023192225499,-0.0916675380835678,-0.0651541312266715,-0.03089707309785421,-0.04101307082056281,-0.04558253950324258,-0.041615858994489816,-0.025874947811739043,-0.036831495969697335,-0.02495727529371472,-0.021486707835627655,-0.024661204389988006
TGO,ssp370,ipsl-cm6a-lr,-0.08763581231129877,-0.6015570513586881,-0.6295464669811358,-0.40947517671262157,-0.4170877208234903,-0.3408249967748014,-0.43546204215233864,-0.32838596987703605,-0.2752505408949851,-0.2648656052963491,-0.2558126851844951,-0.23263848566082063,-0.22051529803542264,-0.23279912370402586,-0.1983604646269426,-0.1927947764991772,-0.18956721457065237
THA,ssp370,ipsl-cm6a-lr,-0.012263467454469233,-0.01830011616938661,-0.016723926518054693,-0.032913394633439966,-0.031437089138219354,-0.028626907324778718,-0.019132450580633578,-0.032350678030757175,-0.026552057466111237,-0.03300971605049952,-0.023410510397792593,-0.04013484324072062,-0.040450979042993426,-0.05098904938355414,-0.04468017491205894,-0.04033513769851568,-0.04598020420192444
TJK,ssp370,ipsl-cm6a-lr,-0.005666463205390838,0.008528854230699648,0.01018668737581049,0.00700233144710745,0.005142705471137299,0.006245211905402012,0.0037009650930474943,0.003684755014418227,0.0021777577357096614,0.004276415153421397,0.003242999652182447,0.004522976089846138,0.004669944269415416,0.00389432838131366,0.004803996534124867,0.0051032239398726914,0.004623842416663107
TKM,ssp370,ipsl-cm6a-lr,-0.002208631349296003,-0.0013116806046715834,-0.0019896280672300113,-0.0007675953428195403,-0.0015378715367700007,-0.0007421363989905868,-0.0013829888219629672,-0.0009584279757247093,-0.0011686231087027898,-0.0012373888782097576,-0.001092684695588171,-0.0010206692722669367,-0.001087431741772758,-0.0010609966975647657,-0.001155034003834495,-0.0011968854582839205,-0.0011514224277553546
TUR,ssp370,ipsl-cm6a-lr,-0.002028230692547997,-0.0002395773563084021,-0.0018667640036503783,-0.0006767847055283639,-0.0019327133359231616,-0.0013593949895392633,-0.002427634458897412,-0.001791959690196305,-0.0031710284043394137,-0.003021378024272181,-0.002539425937132128,-0.004406337553832745,-0.005550090088058163,-0.003769447804649359,-0.004479871943142414,-0.005537593425504126,-0.00560910345106304
TZA,ssp370,ipsl-cm6a-lr,-0.05310126334501995,-0.10602271730533155,-0.05055860758490564,-0.08990533723695812,-0.07208834889149086,-0.05216199136794538,-0.06082057344788238,-0.04485504366253766,-0.022787079577307894,-0.0492958254059491,-0.025021937660057395,-0.04247959420157982,-0.02723059508978106,-0.03942849326951742,-0.036553571920483356,-0.02485971681945351,-0.02599145583898313
UKR,ssp370,ipsl-cm6a-lr,-0.27362882811385575,-0.1937859575651025,-0.020466882536300333,-0.10031165202473845,-0.08702646461008096,-0.1509091142242589,-0.07788323167942239,-0.15138928056752887,-0.1020170340608149,-0.2747504821224692,-0.19812742121660962,-0.24429337215297361,-0.4197713914247535,-0.2535612431983972,-0.27663450761013975,-0.33714027070029634,-0.1726136763530095
URY,ssp370,ipsl-cm6a-lr,-0.007457689502102523,-0.005383404744785509,-0.008163229396027078,-0.0008301261021420004,-0.002401287283752924,-0.004041096235013681,-0.004472278254292697,-0.0032019172461203553,-0.0061880389308399735,-0.0034770712893218213,-0.010693187371191296,-0.0072317635205755475,-0.007262573707233675,-0.006353213077846384,-0.005771825875291535,-0.005400472124601132,-0.005727539186653641
USA,ssp370,ipsl-cm6a-lr,-0.015172237753231484,-0.034015503032925096,-0.019100679554044677,-0.004194894578024177,-0.009867813835596664,-0.023518829229220987,-0.013895667777763673,-0.023422450501801556,-0.04209108247080631,-0.023857478910332436,-0.035398471476134175,-0.029091989182712816,-0.05903439827919507,-0.021627802115797207,-0.03310665738391274,-0.05187833242244797,-0.03895050401467438
YEM,ssp370,ipsl-cm6a-lr,-0.0030446130580973536,-0.0016062513509494786,-0.0004245427938787405,-0.0014238303387733929,-0.001141681744885803,-0.0008855191045765956,-0.0006642212929551002,-0.0008280891032966867,-0.00047578817980386103,-0.0005242654286945447,-0.0003980670280330511,-0.0005382694498056021,-0.00037892515305125674,-0.0004882816078440017,-0.00047639391777673073,-0.0003452928415086721,-0.000430006825464671
ZAF,ssp370,ipsl-cm6a-lr,-0.12494083099022321,-0.10835631320145658,-0.10045512876393212,-0.020418959806759347,-0.03576788142191728,-0.055436782066822246,-0.07058339338197601,-0.04123859228262603,-0.03540000424231885,-0.04185107505003954,-0.07104407423625599,-0.05975656275871282,-0.051221272661612825,-0.06480727535699383,-0.05929202895770921,-0.05714731844217479,-0.0641136388333554
ZMB,ssp370,ipsl-cm6a-lr,-0.1204740557882983,-0.11763613513625526,-0.06549820281415368,-0.08106260771932673,-0.06115449212642511,-0.0424153511571418,-0.04665568682259844,-0.04008497054404637,-0.02872385020578346,-0.02497923401263462,-0.029997918133009262,-0.023781048849350724,-0.019870710379056616,-0.017838367637332223,-0.015246572822255267,-0.014276081897142471,-0.01368972444952454
ZWE,ssp370,ipsl-cm6a-lr,-0.359072136804731,-0.35942254872696117,-0.4317346064873688,-0.3411074029640084,-0.3244439650871712,-0.26244760589846017,-0.23127895577020044,-0.17436596143982216,-0.19889277108180758,-0.15952254950509176,-0.21549101520504926,-0.14204726733807888,-0.17257575773248107,-0.164497140365952,-0.13770053196308457,-0.13402458560254557,-0.14735761344882486
AGO,ssp370,mpi-esm1-2-hr,0.0006188443001188764,-0.019793434677352062,-0.0005048474029263882,-0.01518012186733303,-0.007276394177663065,-0.01132917434135252,-0.01457497772553875,-0.010384202344797203,-0.008365211434204694,-0.014779249835423017,-0.011138799702707237,-0.010606884230607594,-0.008450069288029285,-0.011888979484765425,-0.010327461913607451,-0.008884431091651015,-0.01035338283015967
ALB,ssp370,mpi-esm1-2-hr,-0.16715952381322274,0.013789748901081622,-0.1403656163839515,-0.04312572821698688,-0.09575226118191203,-0.057407593537518696,-0.13029342520277842,-0.21922996516298565,-0.0466857958007421,-0.2142375054643088,-0.05702519525990303,-0.18736710250120747,-0.04262800282072617,-0.2175461289526619,-0.1770031857791986,-0.1949263332999915,-0.20068115890463115
ARG,ssp370,mpi-esm1-2-hr,-0.029708083506989714,-0.007095619420056331,-0.00031494101534018,-0.002662559195743071,-0.0019757331593009356,-9.105595393071793e-06,-0.005565116726571134,-0.0026688506882306382,-0.0032797712479251564,-0.0031041615933312134,-0.004266325105038437,-0.003089895707654892,-0.004886916094132157,-0.0035188770194112895,-0.003464243457417654,-0.0040146439753589456,-0.005093695787048606
ARM,ssp370,mpi-esm1-2-hr,-0.0002072489702131253,-0.0008200082546761575,-0.0003443394945926417,-0.00024463871019365707,-0.000207032977616975,-0.0002903304689856148,-0.00014705318966956165,-0.0012494901417193249,-0.0006096139661221332,-0.0010326295309949273,-0.0018776027347682338,-0.0011863868058788148,-0.001742796981088447,-0.0008868566082974452,-0.0016305623351444694,-0.0014555849108152494,-0.0016782235731651403
AUS,ssp370,mpi-esm1-2-hr,0.0003635927447368383,-0.00034290781868448933,-0.0005382605089101806,-0.00041891888435147503,-0.0004990673937465588,-0.00011484250758655354,-0.0005192010191265887,-0.0003719881032179389,-0.0005709195419164238,-0.0003271516786856412,-0.0007448424818195175,-0.0008036328165796202,-0.000724124310930233,-0.0006029576119526634,-0.0006334430682012205,-0.0009843756769450178,-0.0007271312121421491
AUT,ssp370,mpi-esm1-2-hr,-0.005668714790718195,-0.0027342492329669446,-0.008248139492101365,0.0023578532869747227,-0.0004677206783609642,0.001873077508529443,-0.010892112341412932,-0.010785778410703498,0.00046561917611256774,-0.001145184925436917,0.0005260767264143891,-0.01412202248533786,-4.158294132435683e-05,-0.01107443892509554,-0.006604956175719133,-0.012969890214812346,-0.010801487917101102
AZE,ssp370,mpi-esm1-2-hr,-0.005623142267528152,-0.010217503936306245,-0.0025669268279838887,-0.005265464331206814,-0.006228406459322347,-0.011586930480723583,-0.006212596117622903,-0.016661555422838824,-0.012085026929290676,-0.0179692603964929,-0.02812048103545002,-0.019000520813057805,-0.021803726482306347,-0.012535294073436676,-0.019200580469928067,-0.016844084570217365,-0.018620376684973742
BDI,ssp370,mpi-esm1-2-hr,-0.039019620163044666,-0.08690578246431797,-0.03860362710746807,0.020840158781172045,-0.05071943752290226,-0.02802664680620832,-0.06658634369283709,-0.04045564693718003,-0.025847638617872478,-0.011808216110252645,-0.013700512097507549,-0.029925235802827767,-0.022992167029695417,-0.0162028854747716,-0.016343838556598794,-0.01495734956984504,-0.013378902207694977
BEL,ssp370,mpi-esm1-2-hr,0.00022293558374374784,-0.0011489295803933286,-0.000682527028115885,0.0004968394509633167,0.00034124678221895114,-0.0009181533617867356,-0.001634571643982158,-0.00035114544139459175,2.6736861704736973e-05,-0.0002147521625130627,-0.0003575681592219589,-0.001290431774507856,-1.4915114671473946e-05,-0.001517307482411739,-0.0005670837355886515,-0.00028890985670293733,-0.0015303505720225086
BEN,ssp370,mpi-esm1-2-hr,-0.05014264661156854,-0.020783149375909356,-0.05492138568891954,0.06312013597004039,-0.23150354295359393,-0.13808964599236617,-0.017373692936362362,-0.22304021990341055,-0.08491221972163583,-0.05558716566325362,-0.06931214694326167,-0.13938070724874826,-0.13829571295254775,-0.10190035772240909,-0.10691990871768116,-0.10329424133208444,-0.0817082998772897
BFA,ssp370,mpi-esm1-2-hr,0.08256384386338185,-0.041734809078553065,-0.08626883702086269,0.01060319210091645,-0.2361557073468571,-0.07925212617319764,-0.01989021481327992,-0.13360958768848477,-0.09904146116975919,0.0012681115899479563,-0.05043062735150793,-0.05832158295752075,-0.07204095601593212,-0.04438358942275265,-0.057228372961522306,-0.05500154057114813,-0.04346834719071825
BGD,ssp370,mpi-esm1-2-hr,-0.011462159441091841,-0.004984709261919094,-0.009419405769724836,-0.00536098135729752,-0.0040270400614428655,-0.00562122885911981,-0.011010181038694613,-0.0018468778691405326,-0.007850959781319885,-0.0016018371476630826,-0.0023200955726737924,-0.005723250341122932,-0.003910455784133164,-0.006376481862767987,-0.0025466583377335844,-0.007536758431211288,-0.005263952660621743
BGR,ssp370,mpi-esm1-2-hr,-0.09088107930836165,0.01402497206600235,-0.05859177119863215,0.0030671085261588147,-0.0359642180068076,-0.005391333622431597,-0.053740766855220105,-0.06370250648032155,-0.03984965819561689,-0.10681935745055615,-0.05436302335474524,-0.08127924684894593,-0.029584872093605226,-0.0865625521773563,-0.08815047118760434,-0.13207723319442388,-0.134905319458118
BIH,ssp370,mpi-esm1-2-hr,-0.23144910189920676,0.013722899896382448,-0.15833438233097533,-0.005396376326362759,-0.0664138202638227,-0.005094861941730443,-0.04909711199297972,-0.1185600323997443,-0.01375439577949417,-0.12172134388821236,-0.01838914963645145,-0.14921869999528375,-0.02120626709511264,-0.15743387554018057,-0.10145667777304432,-0.16315016547993447,-0.14051868652771418
BLZ,ssp370,mpi-esm1-2-hr,-0.07875822153459912,-0.20260341369054422,-0.1550259204599368,-0.13465832760617266,-0.11909051812788898,-0.0473779073275349,-0.07224810776957473,-0.10063412854212046,-0.01496184516097852,-0.06314192351738497,-0.11521713961699237,-0.07733561822795276,-0.02889438656929222,-0.039856704503527816,-0.05633882160294044,-0.052799805112120526,-0.05575381405923894
BOL,ssp370,mpi-esm1-2-hr,-0.05484299854424204,-0.0665509817312584,-0.06557644885615498,-0.033144999851825466,-0.04747043193715461,-0.023798527358961517,-0.025966446771494674,-0.01987526710941477,-0.02478850824826656,-0.02579166727381761,-0.03443258777651665,-0.054432470383613554,-0.03213681467744417,-0.03977312698540982,-0.03644118385459407,-0.040363660200560585,-0.03965387151937279
BRA,ssp370,mpi-esm1-2-hr,-0.024543876279761838,-0.010581084017157127,-0.04339652506114337,-0.038778850373411555,-0.0468075205231642,-0.03983943157089872,-0.04495842582628873,-0.04397006273939112,-0.04769091958733935,-0.06471000058124976,-0.061436814353356343,-0.08091324866701678,-0.07541624699178873,-0.09156620465822711,-0.1154966070509827,-0.08906174240699785,-0.11788113204180806
BTN,ssp370,mpi-esm1-2-hr,-0.014973769974015307,0.00026629658828058913,-0.00384163781256207,-0.0033575012478542217,0.000517788272942502,-0.0007446570774839258,-0.001200183192677719,-0.0003127420068112178,-0.0033643999469258716,0.00021010220044918602,0.0002204877351661711,-0.0010710129039224775,-5.3326486939575397e-05,-0.0027663928319453766,-0.001039179897309928,-0.0014680920158131037,-0.0010005924904513605
BWA,ssp370,mpi-esm1-2-hr,-0.017224352184705315,0.0029685422354588536,-0.0006431792334609202,0.0015814217693266802,-0.00475828036190673,0.0010418597996679601,-0.0023772918596346657,-0.0012005253865744498,-0.0015685345763960998,-0.0007137258134324023,-0.006318263722897829,-0.004843865514671174,-0.004011861860670659,-0.0038451282097906043,-0.0034899201427597893,-0.005090815777346869,-0.003661490275901008
CAF,ssp370,mpi-esm1-2-hr,-0.3087216337610104,-0.17103693640201437,-0.010567468230105464,0.0035822610015943815,-0.1824031632586881,-0.09589230408621051,-0.12304737174268635,-0.2850041053064931,-0.0913818689268378,-0.06821467822630722,-0.14090300279042797,-0.13541422005489248,-0.16078876872881553,-0.0958473805291862,-0.06241694007592727,-0.06633981779076241,-0.06580312763083951
CAN,ssp370,mpi-esm1-2-hr,0.0035784407334739916,0.008098079144789373,0.004762157997624785,-0.003962463095369895,-0.01358982855549763,-0.0037587269202867886,-0.009228738862548243,-0.005265115571965421,-0.002205558809733637,-0.009459028812108508,-0.01054026793812558,-0.00316368108145257,-0.008120363398166543,-0.015144550036542984,-0.01296045857158524,-0.009445466031480679,-0.005376909214120571
CHE,ssp370,mpi-esm1-2-hr,0.00016567381474971024,4.2047408349015544e-05,-0.00016097690430751942,9.786731803561602e-05,0.00015732876201932918,-0.00026819776411728254,-0.0006524745955623023,-9.843713261481008e-05,-8.913872299282267e-05,-0.00017077090472090618,0.00020490056652624678,-0.0003824834611068048,4.093194026320731e-06,-0.00038770523975785773,-0.00012396989111673623,-0.0004004373714336453,-0.000651021162355927
CHL,ssp370,mpi-esm1-2-hr,-0.0003682863119431497,-1.1963738122648698e-05,-4.512616102899609e-05,-0.00032657372805943086,-0.0004276632708458067,-2.2059211299624174e-05,-0.00028639007088938375,-0.001063890406963858,-0.0010853580900737942,-0.001986899399204245,-0.0006185099365009791,-0.0016315369860884106,-0.0013475627025772699,-0.0015609826751626888,-0.001479377116492167,-0.0013360848362838644,-0.0015204425882388377
CHN,ssp370,mpi-esm1-2-hr,0.0035183755200582168,-0.01627539780529669,-0.025778373207007862,-0.01265373026462156,-0.011968665292192631,-0.029406820826305153,-0.011807906457991424,-0.01824319316983558,-0.032753464575884794,-0.020121598328281646,-0.023922811448209153,-0.023375857074297967,-0.022422184345344872,-0.02175639886174524,-0.04418378309429334,-0.034601595101599734,-0.03440133551669738
CIV,ssp370,mpi-esm1-2-hr,-0.07214222017857796,-0.028068469354491383,-0.020421213637717123,0.0033013045782127525,-0.030719472729916215,-0.018135662341998957,-0.010390966845735596,-0.031055758262204802,-0.02406014674199623,-0.014107509071967405,-0.019767448963070446,-0.02143073275757984,-0.024369153030018676,-0.02062897593115824,-0.0236964005717219,-0.023769939575762893,-0.021024873993230497
CMR,ssp370,mpi-esm1-2-hr,-0.013285674543934554,-0.027879759422994456,-0.03254810395294802,-0.003016977326217728,-0.08726940660904946,-0.05344524110162534,-0.025560644764268177,-0.10185366152581868,-0.041543787597967105,-0.04194199013232708,-0.0287666955294512,-0.05849141813755841,-0.06259205503853969,-0.04307298842445502,-0.03144146871738474,-0.04675610488872429,-0.03614250439968844
COL,ssp370,mpi-esm1-2-hr,0.004279473460402384,-0.0022895968307329747,-0.00802510137155035,-0.0033499250600022897,-0.003171637475577086,-0.003968543096407092,-0.00748161936765016,-0.0068081663178706465,-0.005407140271344393,-0.002610011863167851,-0.008743735046477984,-0.009173760083538195,-0.010502074118245634,-0.008429760105753508,-0.012345813477560618,-0.012854705888720796,-0.010824176222065596
CRI,ssp370,mpi-esm1-2-hr,0.0006482393322226282,-0.0001724665290197885,-0.0005782938562276929,-0.0005656433854299012,-0.0002849611113760287,-0.00031663796814431893,-0.0011036410535731978,-0.00034907217879371044,-0.00027201279608720806,1.3208143601987838e-05,-0.00037215172039647645,-0.0007329957520744688,-0.00020404452129558272,-0.0006546310322379584,-0.0014040549315613533,-0.0008969086301553926,-0.0009379006985941114
CZE,ssp370,mpi-esm1-2-hr,-0.0024477399187994835,-0.005715171185157258,-0.004066273592959797,0.0016305368601556914,0.0005999248306555152,0.0005030273653410495,-0.006001125848755346,-0.0070508493326975254,0.0005307614474969668,-0.00010415332368600118,-0.0003215631002185074,-0.005419223056708603,4.132801371660299e-05,-0.005313967527824146,-0.0028561315889940177,-0.006017232765954694,-0.005864927057334305
DEU,ssp370,mpi-esm1-2-hr,-0.000618192845445295,-0.0011555890951770412,-0.001038346622287524,0.0005840824024510208,0.00040434905564176114,-0.000981742997194029,-0.0022138083240528174,-0.0012596733155201525,4.089053646505639e-05,-0.00027860778140809735,-0.00020645899093803252,-0.0025696537674748123,-0.0004184558444686626,-0.002283372966411823,-0.0006710147206516666,-0.0016077769310460055,-0.0032251086353920298
DOM,ssp370,mpi-esm1-2-hr,0.00021704809254917564,-0.0010419888062146053,-0.0013718272718215641,-0.0006684864040784136,-0.0013183289261102715,-0.0007011067222570191,-0.0017844670043069073,-0.0007324670679589181,-0.0014273883835862586,-0.0014463282886453335,-0.002901729399994243,-0.0027603872383273227,-0.0023261869356630744,-0.002437584491486068,-0.0023299395628059243,-0.001974926671170022,-0.0021740394380819787
ECU,ssp370,mpi-esm1-2-hr,0.006912387306465216,-0.05933987580169164,-0.03610306549035964,-0.019067956070345893,-0.03170447204410086,-0.02325981092270092,-0.03497478648202389,-0.026972611711011812,-0.012463481781949963,-0.015532912670272894,-0.01880135991164977,-0.030042491631220206,-0.023427923754850182,-0.019447112012862734,-0.032464907386504774,-0.03453332913651713,-0.0325508268502525
EGY,ssp370,mpi-esm1-2-hr,-0.01107758201369771,-0.0032915765305012784,0.0009404465882611059,-0.002446049869499869,-0.0011426225530678554,-0.0006872283589049075,8.722104545385589e-05,0.002057960538013579,-0.0007041278594226309,0.0010080638979380182,0.0018535476596034718,0.0011039463667556054,0.0017006313139236603,0.0023630636763985087,0.0023394370843044265,0.004173626697415307,0.004400989251111352
ERI,ssp370,mpi-esm1-2-hr,0.02098253399901156,-0.1789047343608105,0.03022152377605775,-0.0990338729211077,-0.22165487094989075,-0.04408070792947903,-0.10107517521294516,-0.15978765577526707,-0.2634217305844706,-0.036037613948024835,-0.22353319622112808,-0.17132530352619116,-0.27398503973133204,-0.23396485973140413,-0.24525045739812878,-0.19853095848606472,-0.19012945738367745
ESP,ssp370,mpi-esm1-2-hr,-0.006935834452789758,-0.000704115827944202,-0.011854328680246887,-0.011091493617678638,-0.00485539680784338,-0.006913309648646119,-0.010918151116035555,-0.006575908098221729,-0.005648287953406008,-0.014157290831052508,-0.008960043040186532,-0.01089038467742265,-0.008776906002025856,-0.015798191432997377,-0.0077286777141868795,-0.008078944151811528,-0.013139108524992997
ETH,ssp370,mpi-esm1-2-hr,-0.01174192517710514,-0.03415765588025765,-0.010779803742857336,-0.01053440786501447,-0.021051617782379656,0.005089235042955407,-0.016559607560039647,-0.01956624117838736,-0.01654770171295611,-0.005636276102148437,-0.0115644401289802,-0.008828419808572139,-0.019151861871110086,-0.01559972431222827,-0.012219893416197006,-0.009639772795783699,-0.007174588444178769
FRA,ssp370,mpi-esm1-2-hr,-0.006047998169055592,-0.0023097408825145677,-0.012744259239183563,-0.004440612329353735,-0.005397517458018723,-0.005946090269243095,-0.012493873965919016,-0.004336877356315548,-0.0010675312827832552,-0.007957162060706322,-0.0030641647856649227,-0.007898836517799514,-0.0022922304489661036,-0.009943699255635813,-0.006134281130591959,-0.004555207529590974,-0.008670710765687957
GEO,ssp370,mpi-esm1-2-hr,-0.012363214258940861,-0.016354954221225647,-0.0029578412432431918,-0.005385451828074194,-0.005190711673859825,-0.007477389190687615,-0.004945565731495516,-0.017945599775332634,-0.009390343555224046,-0.014349060835092778,-0.02530873987121962,-0.01123209041835176,-0.017385384120799777,-0.01471221523556577,-0.021970865661595076,-0.016927623312237943,-0.019277323793860993
GHA,ssp370,mpi-esm1-2-hr,-0.07935464190041003,-0.016344771524489116,-0.030330955756646624,-0.009121129604593815,-0.04328418817032515,-0.04984142895658673,-0.02315359682115508,-0.04725373486821892,-0.022724951430376145,-0.01975435412821545,-0.023499618990381676,-0.029125614235745577,-0.03355633311518685,-0.02227957465169617,-0.027959624885336095,-0.028516596334482554,-0.024175709999761753
GIN,ssp370,mpi-esm1-2-hr,0.0005411864270942039,-0.031174155703536773,0.001202080102125855,-0.0002762434488593561,-0.012816637663593314,-0.0033422074336839267,-0.006224739737264614,-0.020994303000751925,-0.011699220365517507,-0.006354479778263081,-0.01391750823548048,-0.00833898723002135,-0.009795773569397453,-0.011106684094032196,-0.01464434734235646,-0.013630269709885881,-0.01133877503425571
GMB,ssp370,mpi-esm1-2-hr,-0.027508116299279423,-0.01261779500885467,-0.01983503464518918,-0.007233693069484696,-0.028411317641301777,-0.00607800131383714,-0.008128721660039353,-0.01793538784469668,-0.01373540321133623,-0.01068815982706582,-0.013060127369388743,-0.010795520346710595,-0.010716708600580988,-0.008598278062925634,-0.008735490887994234,-0.008379745127641435,-0.007240908376601984
GNB,ssp370,mpi-esm1-2-hr,-0.02435404620857588,-0.09076458060691626,-0.06665695062599468,-0.0498166697769498,-0.09870294877160204,-0.02190524473284295,-0.03991255758625582,-0.08517874691742904,-0.05201498887323746,-0.05123085649884724,-0.05768985257378262,-0.04338570708667272,-0.04659708134563962,-0.037964593611377696,-0.0404697557578285,-0.040108948661013555,-0.03228963628895609
GRC,ssp370,mpi-esm1-2-hr,-0.015725166757601338,0.0016703456668671834,-0.015999018749087712,-0.003820846564511014,-0.011403683070985972,-0.0063312273908076805,-0.01256180788600534,-0.02284776633330525,-0.011092829760676175,-0.023169787853838195,-0.012804484271206111,-0.015133057857321042,-0.009934322666932026,-0.019715306284233514,-0.020250835779911307,-0.024497353663337586,-0.02321055115725519
HND,ssp370,mpi-esm1-2-hr,0.012887068646587542,-0.02741060654399223,-0.11895757649225153,-0.0644803695364437,-0.0288942935955936,-0.03544704455698373,-0.07890584214872132,-0.05093534700157269,-0.021554698833218804,-0.026124620142170426,-0.062483007957636866,-0.037113648678327775,-0.022690955606733662,-0.027832719313776587,-0.05228596828940399,-0.04519295512402351,-0.03389560973801955
HRV,ssp370,mpi-esm1-2-hr,-0.11690282707397028,-0.006599279908403617,-0.5499365642022767,-0.0454184796744598,-0.2951202327418532,0.00880798656470775,-0.39888733614599553,-0.6153892524035154,0.011645071669334326,-0.5526950561539662,-0.17436837679716463,-0.831824909261502,-0.1428189969938876,-0.8602229316256964,-0.5524231358813209,-0.9090667878988659,-0.8137323915478865
HUN,ssp370,mpi-esm1-2-hr,-0.19262044212968274,-0.005556222617736615,-0.030683410290126136,-0.00014059932673711115,-0.018018020088976235,0.0021689250368801885,-0.029611475587940524,-0.04237152745498753,0.008285234625729478,-0.03552833854024853,-0.011652160855874913,-0.05275897089919577,-0.003370846045259938,-0.0457155229895885,-0.028449589710281428,-0.05312034231364525,-0.04945498817972062
IDN,ssp370,mpi-esm1-2-hr,0.012590610882059572,-0.03146948818670527,-0.05040895859466611,-0.02536758373887935,-0.027490260744228463,-0.005301031084713188,-0.03005006002041874,-0.02658481344382039,-0.027340688128954845,-0.013678636273379684,-0.01729933620016396,-0.022919840658307922,-0.03526384789544866,-0.029461118929297564,-0.038207903954157026,-0.0407630773027867,-0.034670430759152486
IND,ssp370,mpi-esm1-2-hr,0.009708867604618235,0.001207920327109906,0.0009800433390409421,0.0013408922277427218,0.0015229747045296261,0.0042853979528629195,-0.0010663553177535973,-0.0031225532081065746,-0.002595314902833403,0.0017059098977687428,-0.0008268452870894488,0.0004583770743213431,-0.002730877123457393,-0.004424897426769105,-0.003546505729092167,-0.0038140717512134582,-0.0035824617058071895
IRN,ssp370,mpi-esm1-2-hr,-0.0004989167741010021,-0.000214743349541508,-2.98104942575175e-05,-0.00012402716691522255,-0.0001256148339297902,-0.00016833909354931775,-9.434006575089756e-05,-0.00019928017686432354,-0.00017288578580519813,-0.00020413341442621923,-0.0002851381018015233,-0.00022273070580101605,-0.00024215348759278873,-0.00016842725414959573,-0.0001802959168074953,-0.000202020337614707,-0.00019559034188278891
IRQ,ssp370,mpi-esm1-2-hr,-0.008704800260410853,-0.009656709255342663,-0.0039423368766880965,-0.005633698894758624,-0.0034160303187989573,-0.006939514412030706,-0.003642885667182653,-0.0072342317111153505,-0.0062927443542998,-0.006345410617833693,-0.007212347761115664,-0.005941704285658588,-0.005589018003042016,-0.003821778748253505,-0.003633973632477297,-0.0038564839829188452,-0.002532405536453834
ITA,ssp370,mpi-esm1-2-hr,-0.001370010250522634,8.058296163723822e-05,-0.001005661264587678,-0.0010505912272867797,-0.0007229616203233054,0.0006159038742701929,0.00036584101487132574,0.0005564953907362997,0.00018085078802919315,-0.00129490419276244,-0.00010081524952879853,-0.00028003289506299436,-0.0006567268682574336,-0.0004997046985171518,3.877362139535946e-05,-2.2105193573160467e-05,0.00019501267425904294
JAM,ssp370,mpi-esm1-2-hr,-0.0007610038693895286,-0.001314682372647929,-0.005530116739943447,-0.003231369129419037,-0.0029803076420334288,-0.0007006911250509584,-0.0034438594967225863,-0.0023938057379681798,-0.001067693358174057,-0.0019918057789301163,-0.004960349339633975,-0.003925452610516629,-0.002325376904302183,-0.0030006442535821286,-0.00419268015813375,-0.0036556395851982536,-0.003592855116378272
KAZ,ssp370,mpi-esm1-2-hr,-0.0023555976174422107,-0.002712542307386649,-0.0034512219453442837,-0.0022082338573834767,-0.0012110588074014084,-0.0032710405100019107,-0.0011034126176592252,-0.001933502846298621,-0.003910698652389752,-0.005101213690270109,-0.0069556112167929295,-0.0041753027889656425,-0.006542863380131028,-0.004966422637031795,-0.007397821339520034,-0.005945140292622651,-0.005338930585460556
KEN,ssp370,mpi-esm1-2-hr,-0.07232529584268656,-0.04916396418913712,-0.02648282395110965,-0.028321796140536887,-0.04425065668845242,-0.04340869501526902,-0.03980471406459929,-0.02662364114875077,-0.03234505985833224,-0.023046887967997965,-0.024729285576417525,-0.02895412874355254,-0.018677480415632823,-0.02534137795440585,-0.021084030313375933,-0.01969254664458751,-0.016045594979804897
KGZ,ssp370,mpi-esm1-2-hr,0.009294804004993726,0.022828185696411853,-0.008554220116330872,0.003620890333066305,0.007367466250095378,0.0008070437948557557,-0.013262515788977016,-0.0034622919857779113,-0.006807799429221125,-0.007732714520824365,-0.02171192581354584,-0.007141110340113341,-0.02448767909511934,-0.006578207288625,-0.01492232709030428,-0.018271143296091683,-0.007511585583257126
KHM,ssp370,mpi-esm1-2-hr,-0.11018402068133151,-0.06193916832952762,-0.1522080217473018,-0.00751976172491419,-0.06795424791156959,0.0001938010791339699,0.0011909635619468555,-0.05317417546936825,-0.03830588088998677,-0.025825194807904656,-0.019952165218903348,-0.05903438463802567,-0.040033638624011963,-0.046685404555096635,-0.06407725934927086,-0.051929870948182306,-0.05982794073319564
KOR,ssp370,mpi-esm1-2-hr,5.953633560388857e-05,-0.0003270105080785153,-2.704195729859996e-05,-7.586961380560187e-05,-5.537658782414222e-05,-2.0824520513332732e-05,-6.270859231147322e-05,-5.6320120890105716e-05,-0.0002806621168268841,-0.00016485256275295442,-0.00012192682560705055,-0.00019283794495864503,-0.0003567844303229885,-6.6990339661483e-05,-0.00011444300347375473,-0.0001712022586144389,-0.00013252921728604885
LAO,ssp370,mpi-esm1-2-hr,-0.015528698319134055,-0.003909895280252572,-0.02177061020255124,-0.015084220880118846,-0.024052933125688892,-0.008218120318928402,-0.007656415295263766,-0.00984755728586193,-0.005145929059544669,-0.005880460875759889,-0.00862227075795112,-0.017332104919584045,-0.012624518980182485,-0.008210776466258556,-0.013570242262646597,-0.009543063351312137,-0.009520002477764886
LKA,ssp370,mpi-esm1-2-hr,-0.0023709515001261133,-0.00041968117150761197,-0.000961662691320407,-0.002680606868882851,-0.0023384925578008257,-0.001832175036014352,-0.002151034022753364,-0.0011974577445493786,-0.0016588775767308955,-0.0014592897685106652,-0.002034779148822,-0.002075636049573798,-0.0015964764282681717,-0.0016278471476182104,-0.0026166597219136746,-0.0017494727968713436,-0.0017699074992075182
MAR,ssp370,mpi-esm1-2-hr,-0.0005032680506902758,-0.0001097457359175395,-0.00032898647384775056,-0.00028969228479345534,-0.0001614908436660186,1.8000722619686305e-05,-0.00010900422238417198,-0.0001468020471272131,-0.0001583673023202189,-0.00022201935084663454,-0.0002090006641070865,-0.00021684837032607854,-0.00016597037546345418,-0.000199188648963625,-4.026802134467055e-05,-0.00011593565688012047,-0.000215095515235141
MDA,ssp370,mpi-esm1-2-hr,-0.25147840976005215,-0.010601824132709445,-0.10095296829009785,0.012472938286280644,0.005373020408539193,0.0061564441592481785,-0.07104224864375928,-0.12578440849033204,-0.0246905845952225,-0.24015481825074755,-0.12774044561593698,-0.13768664650481816,-0.02285869092552422,-0.24169958067167632,-0.11694031105393614,-0.21085007568374545,-0.3074266760077629
MDG,ssp370,mpi-esm1-2-hr,-0.015586344030870319,-0.007931708029475869,-0.011587832026866394,-0.0021807584665500417,-0.00902000007191037,-0.005530614665857716,-0.002920280242135163,-0.00483011428783835,-0.0032845323405183515,-0.0030973456070650745,-0.002101636719116907,-0.0023383861398363816,-0.0012164790201275786,-0.0016806703323647908,-0.0009497289599185666,-0.0015025704936672182,-0.0009699188917991012
MEX,ssp370,mpi-esm1-2-hr,-0.004776907697391934,-0.020023353044512693,-0.022231664375467527,-0.05288687511317458,-0.031616084851283435,-0.020058640614037466,-0.03783086132679976,-0.028108575180696455,-0.02030114202281592,-0.021932175583264227,-0.05099890220755176,-0.03298356024916654,-0.03867107184430355,-0.04373799897656241,-0.04178872476102967,-0.03568129978874234,-0.04353104666080678
MKD,ssp370,mpi-esm1-2-hr,-0.028884090227920184,0.00869336663645353,-0.019722808243323408,-0.003922658553521643,-0.007912613485385092,-0.005163506520235173,-0.010973320217067145,-0.030425205308292475,-0.009429836856019298,-0.027780939596839235,-0.004581075460263655,-0.022174618177465844,-0.003272265119297711,-0.02462141433763141,-0.024759949421209463,-0.030313446248578284,-0.025985515073350746
MLI,ssp370,mpi-esm1-2-hr,0.10940151504090612,-0.25423449881425403,0.03908208531224777,-0.08084830271998854,-0.48874927175099664,-0.036907528514612827,-0.051288310744810314,-0.27969828009121644,-0.2284603204534778,-0.06553220718080431,-0.16977499163223855,-0.11943166187459138,-0.15026411174213794,-0.11408291677944483,-0.13937077541745893,-0.13683084943164722,-0.11012187564237452
MOZ,ssp370,mpi-esm1-2-hr,-0.2421872212037804,-0.0008216920697567019,-0.20794132078294786,0.01602670780603258,-0.05236105689592911,-0.0352371332736733,-0.04738695608129244,-0.06084149987841102,-0.02740012148803312,-0.019945998522759925,-0.041079871848790785,-0.0365420346522358,-0.019995287717188205,-0.0176961752352041,-0.020321248617394466,-0.027891270625016645,-0.03410723544881885
MWI,ssp370,mpi-esm1-2-hr,-0.8470883764365086,-0.05850979670736315,-0.33707625066450403,0.02467770065884905,-0.10102886075349013,-0.06986163328344233,-0.100479418664677,-0.10271008216969048,-0.03693293913016792,-0.026181228033556308,-0.06213157008660478,-0.044447119923163914,-0.02681005349073795,-0.017427712873576615,-0.020556621091786034,-0.020435152210345423,-0.02563090328011284
MYS,ssp370,mpi-esm1-2-hr,0.00011979599937490134,-9.25413766507228e-05,-0.00016914291159714917,-0.00014044210346199853,-0.00013764591634922682,-1.204058363365116e-05,-7.878251567120502e-05,-4.775180146073276e-05,-6.708603150714006e-05,4.8224447298219994e-06,-9.757908296760412e-05,-0.0001718992957657249,-0.00015172265538983897,-7.897135026325506e-05,-0.000224790192606446,-0.00017956559849505494,-0.0001351397564885992
NAM,ssp370,mpi-esm1-2-hr,-0.014048469551812465,0.016392952155810787,-0.0008092471218011008,0.001520418640940173,-0.03471354468163211,0.0013617321883701175,-0.008542420156041878,-0.001597245094022232,-0.005492148118202911,-0.001849938918956478,-0.021965748509754534,-0.014319915730229182,-0.007208022228736752,-0.014379657211504627,-0.013614339942013028,-0.013072143840676481,-0.010508515779175023
NER,ssp370,mpi-esm1-2-hr,0.003845893547585874,-0.0017681370814233918,0.0014220929793397244,-0.00017102666118605899,-0.0029867849080025878,-0.0003846675095390786,-9.189641760792933e-05,-0.0011909599662341965,-0.0011992400971552444,-1.1693048599748625e-05,-0.0007121953805087239,-0.0004953554669805427,-0.0005973761445505995,-0.00015548637819059829,-0.00036450867302471787,-0.0002782123123539909,-0.00018554014133367796
NGA,ssp370,mpi-esm1-2-hr,-0.0002958371530701561,-0.003353102601860839,-0.008037924615892901,0.006022476546201092,-0.01879030110401111,-0.008773508429728651,-0.001144019084906163,-0.018091163012241784,-0.006106508777747592,-0.0035734835432542217,-0.005110824379388646,-0.00848337214680969,-0.008797676024510384,-0.003984009106087709,-0.005206786893964498,-0.005323104685381952,-0.00369535480656381
NIC,ssp370,mpi-esm1-2-hr,0.039682680528263015,-0.022675962934126895,-0.07950271289407103,-0.05480482234280568,-0.011216983186637131,-0.043778033418187395,-0.06757112667350561,-0.036793486282893535,-0.0228211565598019,-0.014608532506096587,-0.040286801542132114,-0.031301327335362214,-0.01732084637340285,-0.021122308755035575,-0.04877726994218744,-0.03360700857072204,-0.020044897580672506
NLD,ssp370,mpi-esm1-2-hr,3.09983847332356e-05,-0.00022386833737964053,-6.353481110713364e-05,8.074619114377765e-05,1.9494416705910812e-05,-0.00019737014518896108,-0.000256880861146111,-5.6232898372851174e-05,3.061947976123891e-05,-2.206582809309464e-05,-5.0615929596533304e-05,-0.0001709207806322356,-1.2276685393315036e-05,-0.00019984700058686293,-2.0604281615327444e-05,-1.7868842806713287e-05,-0.00023702005498641934
NPL,ssp370,mpi-esm1-2-hr,-0.14532648848541813,0.08151965098090427,-0.06911432210540806,0.05009235088698101,-0.07302130209734271,-0.021160136418125603,-0.06742443475711762,-0.023385128969562304,-0.12499646257850526,-0.00225432851734352,-0.054855887436120715,-0.026697908926046295,-0.03184505372888321,-0.055991300534626434,-0.01469852590802916,-0.03818185036895332,-0.05086255351472026
NZL,ssp370,mpi-esm1-2-hr,0.0011998457221907854,2.9915526060812635e-05,0.0001514952906986737,-0.00010086243799392685,-4.680836739118855e-05,4.668143377848973e-05,4.8146840042960644e-05,0.000731022672511277,-3.5130801398246708e-06,-5.851457754631712e-05,0.00018846032310724964,0.00026023096285212764,0.00016657689679728396,-0.00043926155477107417,-2.3406727391027933e-05,0.00018955411390006148,-0.00011048481944284956
PAK,ssp370,mpi-esm1-2-hr,0.018507518577035233,-0.001456823147756067,0.0050907792038577555,0.005514309045630956,-0.0032760797994510456,-0.0003196984093588597,-0.0014583429364104527,-0.0055083423450548435,-0.00464511989839358,0.0024917719687929875,6.633426743832766e-05,-0.004704284455902433,-0.0049330959147358905,-0.005840008146388274,-0.0027597223211218696,-0.005018754378756653,-0.0026788053263128732
PAN,ssp370,mpi-esm1-2-hr,0.0034043695641413343,0.0006420026658745115,-0.02294843924548387,-0.0026930190265883275,-0.003672990291816042,-0.002643438883845808,-0.015669663800039244,-0.0028646938362365116,-0.0022955970512997686,-0.0001651480394429142,-0.002953117727296422,-0.004443865497304581,-0.00466942039920258,-0.0077819865811539985,-0.006337443637875818,-0.007858673115250554,-0.007513359140518836
PER,ssp370,mpi-esm1-2-hr,0.0005984499314367274,-0.012991157996087934,-0.005172992335860543,-0.0038715231864381093,-0.005423951046030391,-0.0012016062730680853,-0.009169827913871295,-0.005124722713080115,-0.0012163320795740254,-0.0013569779694247899,-0.0022141567882351235,-0.006322891468096999,-0.0040913706227828275,-0.0010940865426111858,-0.007003624497094689,-0.00627267206267212,-0.003641274302777613
PHL,ssp370,mpi-esm1-2-hr,-0.0020570273076812957,-0.01785451783252681,-0.011603704029826661,-0.020414503691824314,-0.049886616191232344,-0.0063729386909795824,-0.010087120953674887,-0.010421921481127212,-0.007764892571502057,-0.00698768239698313,-0.011615062479403889,-0.024225089261012144,-0.0155022915837807,-0.01218672049494247,-0.016571579152942995,-0.01990967626190379,-0.020555746646747412
POL,ssp370,mpi-esm1-2-hr,-0.009907499383603361,-0.02487526548802844,-0.006753423974261902,0.0063149331722475366,0.004453021815109931,0.0003867666836551985,-0.027628795835482764,-0.02826010209962295,0.004443431532666585,-0.0009109796615401695,-0.0036847522655927586,-0.019553267209778045,-0.0033576248991022753,-0.030121789358372345,-0.011160048729082288,-0.028242884468607645,-0.02820897646454435
PRT,ssp370,mpi-esm1-2-hr,-0.006572163790860985,-0.0009281008284063837,-0.009743968784468966,-0.01290209565065057,-0.0035200811164069943,-0.004465740296814055,-0.011502851136232313,-0.0029272292943370508,-0.0018732876848415088,-0.01443129519807711,-0.009027799312676162,-0.0077797915660711954,-0.005377486045679866,-0.01459515021028503,-0.005102509332373497,-0.0037712874222946427,-0.011193520410078798
PRY,ssp370,mpi-esm1-2-hr,-0.011729569028494518,-0.2593649864551421,-0.12698931749802223,-0.026472248913868523,-0.13758972815883352,-0.09880173063587246,-0.06427748005347922,-0.09757140523122196,-0.10814904257697663,-0.1384806346887894,-0.1749819397232025,-0.22464083296769086,-0.09360145835639977,-0.09993117666240256,-0.1270726436730131,-0.11196260713616936,-0.1311332452782056
ROU,ssp370,mpi-esm1-2-hr,-0.1300708744002522,0.007857576204217502,-0.058679062099511625,0.009542057721365751,-0.028825897082261555,0.011162299410209069,-0.05366147041298666,-0.08727602458865004,-0.008558496289708077,-0.15524494254806123,-0.033397517428760015,-0.143989735176472,-0.0182731826161303,-0.1597944836778389,-0.1124569643111835,-0.198604471395863,-0.22027874027294564
RUS,ssp370,mpi-esm1-2-hr,-0.008978999785799045,-0.011694708913257282,-0.004169775687132412,-0.002696500976058938,-0.00558536243977254,-0.01295738292001504,-0.006536140514083816,-0.006577704710056579,-0.007458573100286664,-0.01273032660414308,-0.018646079259512442,-0.005992299389506061,-0.00967049730049865,-0.013912972986383592,-0.012022487564245158,-0.010896131748824303,-0.01713813606035196
RWA,ssp370,mpi-esm1-2-hr,0.018758037425470955,-0.010803944234967874,0.0004110788005108412,0.006615036851795791,-0.005647043799808169,-0.002813810521704199,-0.022845843340508844,-0.012148691092838811,-0.005507291429203489,-0.0023178881539545945,-0.0032246557135224996,-0.00871774397928251,-0.009134346803532097,-0.004472926086274906,-0.003996032658145385,-0.00455150014149777,-0.003809905185472616
SEN,ssp370,mpi-esm1-2-hr,-0.01770103079565117,-0.03983947127534362,-0.046048109525293125,-0.02455727776730989,-0.11053510732629765,-0.021035388322053893,-0.029329955131277025,-0.0937783153595752,-0.06077464211784411,-0.051490093674469155,-0.06677043465242188,-0.052329865444951246,-0.05334209117939638,-0.042070828349420955,-0.045891441083633626,-0.04500594186478185,-0.036583794697938474
SLE,ssp370,mpi-esm1-2-hr,0.0003284265519277718,-0.0058733931585450766,-0.0007318621287859401,-0.0019733275851748595,-0.0024023897917248055,-0.001378620714384302,-0.0020939284027739866,-0.004377822932862774,-0.002185111962397283,-0.001179284330275721,-0.0027680005904322192,-0.0015039692527303043,-0.00170946207410211,-0.002204942876616583,-0.0026332915206804014,-0.002119417568668764,-0.0017243554689197074
SLV,ssp370,mpi-esm1-2-hr,0.026438565849477208,-0.12788160516154165,-0.22345560540248957,-0.23259416953954362,-0.13151549626629808,-0.12347756998465129,-0.21888542171106692,-0.12165014837586959,-0.05954781804851075,-0.06846159515732556,-0.13376129474735446,-0.09615355621195772,-0.06982316291386106,-0.10336184812644623,-0.14372472553688925,-0.14061063087717973,-0.11293334909690074
SRB,ssp370,mpi-esm1-2-hr,-0.4585661525353824,0.04601399471514928,-0.19165304186897078,0.010189525189885468,-0.11716372513944277,-0.025335626317313845,-0.13665509171072845,-0.2500954068571221,-0.021041567681033695,-0.30427644078616867,-0.05859623775329673,-0.29403539127767103,-0.027749915714638588,-0.3399441274601452,-0.2417571722490236,-0.37786263932640285,-0.33389377544742055
SVK,ssp370,mpi-esm1-2-hr,-0.04248778786743158,-0.004116254159294395,-0.007506658579201603,0.0011964468830983612,-0.0018136760095746863,0.001124634121442875,-0.01117812429876693,-0.01380385130410801,0.0019919125202222656,-0.00367650727053146,-0.0017826125183940536,-0.012252663083550122,-3.5217470927627235e-05,-0.009542817006552887,-0.005908570002249835,-0.01111567947500747,-0.009991322409878807
SVN,ssp370,mpi-esm1-2-hr,-0.0054086125294238886,-0.0009845393999359207,-0.0096146580535369,0.0011626549671078761,-0.0018670662500594219,0.0023770053917129275,-0.004150323064212901,-0.00445682282823775,0.00022023236190511712,-0.0021551711877054996,0.00016067573138987872,-0.009964038373336296,0.0003374074948078918,-0.009551844163760186,-0.003811050153332734,-0.007920697381546705,-0.004705300703395831
TCD,ssp370,mpi-esm1-2-hr,0.17964190556434698,-0.12767420419961698,0.030227565381033657,-0.0003735434712109908,-0.08964437739394107,-0.03634464366212868,-0.005422783175991517,-0.04203190924152624,-0.039892198037529886,0.009269603054455568,-0.02110520332563548,-0.009315914003211722,-0.02625594603957443,-0.0058028112446534535,-0.01642465178070469,-0.01511231674513133,-0.008071684614739748
TGO,ssp370,mpi-esm1-2-hr,-0.04956240333634246,-0.02419374313233819,-0.07204713517721997,-0.01660627879128882,-0.22896045267347562,-0.14916461344355145,-0.05284127497795688,-0.2653634222756425,-0.14736951366663603,-0.1048700452414077,-0.09282066979602915,-0.1498834570154606,-0.15313169067090723,-0.11203302156870004,-0.11664780864934654,-0.11975909379569004,-0.0972743934818633
THA,ssp370,mpi-esm1-2-hr,-0.004899487129754913,-0.016629448659067445,-0.027816631053314618,-0.00884531825783329,-0.03134196104385896,7.785615390061184e-05,-0.0007935537936330254,-0.015705356413364336,-0.007273110570976301,-0.011079777562967155,-0.004727483168800992,-0.03805401841694433,-0.026051929168102138,-0.018421763296354577,-0.03841205990174074,-0.032686116776949735,-0.039562320324353965
TJK,ssp370,mpi-esm1-2-hr,0.0008421663056275197,0.003772535291943713,0.007662529398381187,0.0074818021752888555,0.0035212789795516564,0.005736209578671325,0.0010221414599400757,0.0024938230742541623,0.0049561725409605776,0.0027291245199101066,0.005167080829883232,0.0041318001826703326,0.0032791070242232405,0.0016438342809614148,0.004476215107187216,0.002863440280174695,0.0022187013852936876
TKM,ssp370,mpi-esm1-2-hr,-0.0014981661495348346,-0.0011784927514904174,-0.0004176704090785146,-0.0009901879686075778,-0.0009174706356475805,-0.0011782730038125504,-0.0007415088811974173,-0.0010219971457304145,-0.0007821389775947655,-0.0009349509296931232,-0.0010765978269266588,-0.0011251126565265856,-0.0009480938845387379,-0.0007408362813693836,-0.000990478775038408,-0.0009600259034438242,-0.0009297548940008338
TUR,ssp370,mpi-esm1-2-hr,-0.005246634196785946,-0.0003011332974061086,-0.0006181510323657931,-0.00039644905225138426,-0.0011719598564056755,-0.0009631268326375106,-0.0015779090750555477,-0.0035017762906070036,-0.002089488784747317,-0.003369267937385946,-0.0034671313268762336,-0.0025994949542004413,-0.0027553465710730782,-0.0028496684869833665,-0.004660969987027024,-0.004857923849215357,-0.005139975657499506
TZA,ssp370,mpi-esm1-2-hr,0.0024754952386295773,-0.04706862219885893,-0.004158232226025897,-0.008034585240787267,-0.0419275416587459,-0.0390232455729458,-0.053097314316045086,-0.04102986479822482,-0.025706159254572016,-0.01993910318879566,-0.04594408197792317,-0.027096842449615074,-0.016013951547605067,-0.023742599371939916,-0.016165972256089775,-0.007342784980632564,-0.008546900980651492
UKR,ssp370,mpi-esm1-2-hr,-0.6218000236344273,-0.10177619502122538,-0.07732990113302124,-0.009129032667538766,-0.0006849325213767762,-0.06942738291888514,-0.1498759883125798,-0.21044831803101832,-0.04779371550698015,-0.3117159771866093,-0.23024358269539036,-0.15609598418022325,-0.06657725798054062,-0.3063750566898309,-0.1547987754736733,-0.27565966220168436,-0.36709337794353697
URY,ssp370,mpi-esm1-2-hr,-0.008650271622146627,-0.006019818896962956,0.0014889285739847454,-0.0016993258152680586,-0.0008722596020337177,9.433453710488968e-05,-0.0058839611670118384,-0.00703744537588364,-0.003234162970928501,-0.003588863211120081,-0.005399017174173823,-0.004030935428785351,-0.0067652099678129326,-0.0029729661541313315,-0.0035683731173941735,-0.004465783314810966,-0.005413242933095564
USA,ssp370,mpi-esm1-2-hr,-0.016156463754781115,0.0014329667604482813,-0.0034233402764575877,-0.019401259016085814,-0.034947029610814265,-0.04796706037815442,-0.027136931313354946,-0.022678823639038413,-0.018405843589233126,-0.022443222341940367,-0.04110484980567734,-0.017164043515144063,-0.016018859849797583,-0.030716750039235043,-0.030711013584106495,-0.03640339467759262,-0.03745785188484291
YEM,ssp370,mpi-esm1-2-hr,0.002792983651490561,-0.0012489870866062647,-0.00024531273741322486,-0.00041825196262810143,-0.0010366997937243847,-0.0003536508521809318,-0.0004412030784657705,-0.00031358609658906257,-0.0007030462194193248,-7.410738996381956e-05,-0.0004959450242579192,-0.00022944619538564488,-0.00048498298959036767,-0.00040301843645453007,-0.0004032656058723473,-0.0003364848713602912,-0.00023101781884800348
ZAF,ssp370,mpi-esm1-2-hr,-0.09656197703955333,0.004414829244879999,-0.015809439693573783,-0.002861593940302317,-0.06722596788053326,0.006845161707020757,-0.02960695627457996,-0.005114851864015867,-0.01397689063265255,-0.012951530192402121,-0.06688342066643785,-0.043323351403053406,-0.03773445572854215,-0.03131930260435702,-0.029310651417377605,-0.05768144127001304,-0.0377507110680841
ZMB,ssp370,mpi-esm1-2-hr,-0.14512590230297595,-0.021001824013392775,-0.0456538235345772,0.00046426123394006816,-0.04535999557490227,-0.028313510829743135,-0.02722916362065164,-0.027642134400823557,-0.013139924123549624,-0.010277562367457067,-0.025679423408972737,-0.016439124805948977,-0.010874015696494023,-0.010118856083137708,-0.011465724301568352,-0.010478251117432051,-0.01135674416629411
ZWE,ssp370,mpi-esm1-2-hr,-0.30960196766252096,0.11214665441432481,-0.2305438552576688,0.06526842448708937,-0.19350329509401645,-0.02610840570790144,-0.07150915019908535,-0.1455838589794762,-0.07494574146177278,-0.06911582465043062,-0.175477330474222,-0.15804616174402727,-0.08185888230710789,-0.06870757288759421,-0.09729106828320079,-0.11232579952519525,-0.13207033136773552
AGO,ssp370,mri-esm2-0,-0.008503216196992635,-0.013085733389818523,-0.014797433020482458,-0.010446225831956346,-0.013548471053673666,-0.026542261526060394,-0.01629978063529463,-0.022472868493312353,-0.021733752789919757,-0.016413253615401312,-0.014781433444739374,-0.01338725561349768,-0.012876024476959815,-0.01582142923289757,-0.011255873137270158,-0.009784814964324297,-0.008649576779268036
ALB,ssp370,mri-esm2-0,-0.013675282117860217,-0.09094142886804382,-0.042930450074408315,-0.06026052908953152,-0.05578167683116764,-0.11736691326847207,-0.11287848002495383,-0.04127149629746258,-0.08918386986883327,-0.14022746625518195,-0.184051640382352,-0.08389440667372232,-0.14604991681209065,-0.16752537155513075,-0.2452431787966291,-0.13129091813841626,-0.20300085378952298
ARG,ssp370,mri-esm2-0,-0.011443144120769242,-0.008319571385984248,-0.0038502898971450286,-0.0011638056709163318,-0.0045514711936985855,-0.0014245942931474585,-0.004540039741805456,-0.0034169843709894944,-0.0035501002597423943,-0.004317959985067231,-0.0010291610855818884,-0.00492390704897495,-0.0042997489403306,-0.0032139328741497505,-0.0020372656837800438,-0.002039861379435563,-0.002810354424293832
ARM,ssp370,mri-esm2-0,-0.00020306356074879916,-0.0003704722328025068,-0.0013231569870041865,2.276851618917998e-05,-0.0001189274772423716,-0.0007865856332047721,-0.0006543202476154006,-0.002093354750709135,-0.0011194072818039242,-0.0005085692292252098,-0.00014977511303443288,-0.0008402247557912279,-0.0011593061207925413,-0.0009085751302849183,-0.001314688762279348,-0.0011782571097876122,-0.0007300355922208596
AUS,ssp370,mri-esm2-0,4.331755700508092e-05,-0.000355600094431825,-0.00034430738406352254,-0.0009802915602977816,-0.0008555254639520727,-0.000502482526242568,-0.0006854637812197032,-0.0007657794734059237,-0.0004347466762751118,-0.00045296409104006696,-0.0007635177962453419,-0.0008501054519763824,-0.00046326799318601635,-0.0008941433926763565,-0.0006969640796638465,-0.0009264761723674794,-0.0006371143753542694
AUT,ssp370,mri-esm2-0,0.0023468682816103993,-0.0030099517000066454,-0.00035791443912082426,-0.001594311252679189,-0.003986927066415747,-0.0008973233241091987,-0.0006687187496442189,0.0020533223253342264,-0.0013746409690003547,-0.0036487394668117323,-0.004139517126972965,-0.0013479201143589258,-0.000442086122253736,-0.0038579123961562786,-0.0031823528784298396,-0.005791242189887636,-0.0047667683162859785
AZE,ssp370,mri-esm2-0,-0.004174822002755064,-0.0050999616642518975,-0.012502931093887542,-0.0016748003134624124,-0.00397020254192588,-0.01026655018597699,-0.009024131503990104,-0.026905458928967767,-0.022494662701385688,-0.01035040385415091,-0.005018288309104893,-0.014376868577872064,-0.021840441274714305,-0.015754897078699995,-0.02288643625937201,-0.019182784824613268,-0.006890376039698359
BDI,ssp370,mri-esm2-0,-0.2081031250184453,-0.17807159928782718,-0.18597038679337138,-0.00694829333739867,-0.023057668148936554,-0.037916920317584396,-0.035364733620205,-0.03389313262540622,-0.045261579011321405,-0.03422992853628275,-0.03604451848658869,-0.032838451604320154,-0.026818383657125203,-0.03563613616357604,-0.02192297204498013,-0.01470008700042234,-0.023857051912965742
BEL,ssp370,mri-esm2-0,0.0003543595244473698,-0.00036883421909001687,0.0002524970804014232,-6.606011246842098e-05,-0.000632606735264706,-0.0002538786102614982,-0.00013775219556745691,5.82022558161746e-05,0.00010208693607443557,-0.00025172237274375124,-0.0009548638002123841,-0.0003816401079547798,-2.924689750056793e-05,-0.0003285877997938517,-0.0004835069892121298,-0.0004973590870970419,-0.000399249905729198
BEN,ssp370,mri-esm2-0,-0.42789855758223966,-0.2866930226901445,-0.15492148653378796,-0.16419826284367875,-0.1564513296283655,-0.20398667731053843,-0.2794173234073843,-0.27000578867921504,-0.15450643471288147,-0.18733280136330352,-0.23206497710960575,-0.2206425891726432,-0.135448504173525,-0.17242938385533343,-0.15658431103701528,-0.1386356970224879,-0.13943346715581342
BFA,ssp370,mri-esm2-0,-0.4907488108016795,-0.5758446737517204,-0.24726083746661742,-0.09952346095917812,-0.1680347389037442,-0.13282510049445953,-0.15837946454695276,-0.19455974183500538,-0.15714216065571887,-0.14905384995236504,-0.12843751282355498,-0.1337813253377075,-0.10901765271889656,-0.09507258578654414,-0.08049668596112888,-0.07412641103300037,-0.07392506299899723
BGD,ssp370,mri-esm2-0,0.004948939844340575,-0.00401772879205127,-0.002485279877842469,-0.0038050887452769308,-0.006515702025883767,-0.004645113824031692,-0.005946595235126864,-0.0011307090430699206,-0.0025381220058954884,-0.002346552140354443,-0.005301984922360758,-0.0027277617198966622,-0.004105645399054484,-0.00815096893590605,-0.008064047052893406,-0.004225492775080777,-0.005441991528682496
BGR,ssp370,mri-esm2-0,-0.01335418632122759,-0.026080786559435635,-0.035551842740625644,-0.021944782803763996,-0.03461124968932935,-0.06546323540417467,-0.07720848453252684,-0.0316215765696351,-0.027252881112245872,-0.1034727744413993,-0.12655551464961134,-0.04229982907819239,-0.08763812165788326,-0.14116251850763292,-0.12752153491927606,-0.08281443024291658,-0.11298389859122326
BIH,ssp370,mri-esm2-0,-0.021441207394151927,-0.06618623258954381,-0.021884324273965156,-0.06346941565157868,-0.03705003541518372,-0.04528064581700088,-0.041873995342932846,-0.024680355336554795,-0.050480010278014,-0.07465300583310566,-0.09231749474578543,-0.060618461766437044,-0.06263727369746043,-0.09139361613832346,-0.1744046179266847,-0.07973882952299376,-0.14813820983082043
BLZ,ssp370,mri-esm2-0,-0.21190402003460543,-0.2165250060743676,-0.3021069551219727,-0.10531806953129338,-0.061507197311799745,-0.06418259886757334,-0.11603173820950796,-0.11632844390569706,-0.0629645543052689,-0.13776235736231993,-0.08280411694231633,-0.13624931819666056,-0.08471985704456214,-0.09939588142607045,-0.08364881128788432,-0.07945175322190917,-0.07120072854687529
BOL,ssp370,mri-esm2-0,0.0004489910050403541,-0.04360990031843745,-0.05430220228670172,-0.06519864464191857,-0.04739451008716006,-0.02332134814307543,-0.04240073147247615,-0.04018917146339747,-0.04283261122245745,-0.01986198988729439,-0.04066223187923829,-0.03257652410491193,-0.042088675172176786,-0.02752202319241855,-0.03759129862203964,-0.03253343232597647,-0.03429907930670904
BRA,ssp370,mri-esm2-0,-0.04661105494992948,-0.07475171995387177,-0.03872800182722284,-0.03947377086971193,-0.05505405565306874,-0.035747087325083575,-0.057206176755636266,-0.039024659980673455,-0.07324172768497295,-0.07092779840708748,-0.08498455733137629,-0.06636567994698378,-0.08825577102330259,-0.07463075819305943,-0.08945050913978946,-0.09464642268996308,-0.0943691924492891
BTN,ssp370,mri-esm2-0,0.006903705078122277,-0.004493045904304837,-0.00014163770185485298,-0.0001061906170849526,-0.00043181071246036965,-0.001248139145342111,-0.0033942029768595514,-0.0009895119712626551,-0.001020114998020509,-0.00020218698179826487,-0.0005897206936513801,-0.0009311628864151919,-0.0005268010736636983,-0.001445222470821071,-0.00044827619322469476,-0.00036745106983839134,-0.00030945376241795614
BWA,ssp370,mri-esm2-0,0.0052834874288997455,-0.005059261110765094,-0.012670082461124806,-0.0028820743283453697,-0.007533283853533911,-0.0005975443477525592,-0.005399958742506761,-0.0017875937311550255,-0.0033815325521971175,-0.003347190579907767,-0.0031379588436318126,-0.005138510595746592,-0.003578801943700625,-0.003489122353000847,-0.004728393580618632,-0.005282675209507745,-0.005628235700464441
CAF,ssp370,mri-esm2-0,-0.8808223378106782,-0.5186928022535584,-0.28715697919978056,-0.1085024647529726,-0.24364115772663222,-0.360383580350492,-0.30876153661265227,-0.2636081867921299,-0.18340428386896648,-0.2495964758992481,-0.2660692923465822,-0.2353224351894351,-0.17987381000352207,-0.19879247015323104,-0.163563321484559,-0.14549670499129877,-0.14380466926930763
CAN,ssp370,mri-esm2-0,-0.005323692765385061,-0.004066085737873732,0.005932150229687678,-0.00302915312572953,-0.0005134695041211366,-0.005787738487185504,0.0013969330974017255,-0.004097295166015354,-0.0031534873638027305,-0.003918204452223588,-0.007012930752089794,-0.005159994364059702,-0.0035483206688564383,-0.004614430364821804,-0.003532244137281066,-0.004706559064126138,-0.0023698354406061647
CHE,ssp370,mri-esm2-0,4.608438498662645e-05,-0.00011848694237606139,7.158644058358219e-05,8.116791641709205e-05,-0.0004009655240236773,-0.000117623326278921,8.113317064786771e-05,0.00020518430802790342,0.00012473425300492497,-7.924114251142567e-05,2.000057763836771e-05,5.908552979790499e-05,6.227672244457205e-05,-8.045389486071427e-05,-4.979098427382981e-05,1.1145856417515856e-05,-0.000292247301101222
CHL,ssp370,mri-esm2-0,-0.0008120596189504994,-0.0006194471435747248,-0.0003211653320117545,8.073848604520465e-05,-5.584282656503582e-05,-0.0006600181476255693,-0.000647164320181515,-0.00014984986653020848,-0.0011479985732183171,-0.0009355983792744109,-0.0003177865307510022,-0.0009050686875357982,-0.0006605897394895679,-0.0008582842212245325,-0.0007466593425296282,-0.0011685076240321285,-0.0009368763316351674
CHN,ssp370,mri-esm2-0,-0.013428553547044758,-0.015071179446933154,-0.01894706932993992,-0.013493627699461339,-0.009900386049120632,-0.025610894283893015,-0.030556784862045838,-0.017914287513391875,-0.02080487472342397,-0.021946510837677215,-0.022222489164088574,-0.0321867847843954,-0.020466989722160246,-0.029362427397200463,-0.04577328086660792,-0.04363303597089266,-0.034120075039748496
CIV,ssp370,mri-esm2-0,-0.11017617499654404,-0.11547900123370977,-0.04031190571657868,-0.037584103632502065,-0.04458219663181095,-0.029489938982352935,-0.0652891173537372,-0.0436775894020866,-0.05269907370283228,-0.04330931382798186,-0.050352015413539196,-0.04943805066230854,-0.03236381755219672,-0.04261002301991124,-0.03693708391044699,-0.03708521203198032,-0.03874918000064773
CMR,ssp370,mri-esm2-0,-0.11219195241357739,-0.10982890162869312,-0.11379705071423497,-0.07119794652963592,-0.055835112417429805,-0.07258566188814153,-0.08647518394351658,-0.11154108615259047,-0.07094820909559428,-0.09752820885097166,-0.09572441848513537,-0.09252699240435351,-0.05243269915178905,-0.07186844623570254,-0.06549808560788907,-0.050941602126393704,-0.0585651231249225
COL,ssp370,mri-esm2-0,-0.0038749014609653293,-0.005980995409157882,-0.007496743470663462,-0.013150513476108131,-0.006520437193467848,-0.006687097152020001,-0.007102570137449844,-0.009467609980905387,-0.0067272905118071855,-0.010231021782508317,-0.016719698186822198,-0.01383438196259523,-0.009668664923812123,-0.01512226470071345,-0.013916108784047459,-0.012999446773121957,-0.013949202433639516
CRI,ssp370,mri-esm2-0,-0.0006358150163303434,-0.0011554444862558193,-0.001083757512721606,-0.0006388245691208546,-0.0007569945916031492,-0.0005285111145903887,-0.0007651255190489171,-0.0009133724247558359,-0.0005425794716593409,-0.0009050416323827253,-0.0016411190777754017,-0.0017061523517095734,-0.0012022364983403238,-0.0017617154127771047,-0.001659400261349654,-0.0013154106070497585,-0.0016010300153962752
CZE,ssp370,mri-esm2-0,0.0022801542999462206,-0.0008067312487407884,0.0004072217393767824,-0.0009346032141119677,-0.004228412051627461,-0.0015384675738796293,-0.0010690445593893208,0.0011478351668070535,-0.0003757071029000523,-0.0021586409072882665,-0.000871128957155218,-5.13722253258946e-05,8.409605376204137e-05,-0.0010072060945160236,-0.0007031475188582906,-0.0029665943046901268,-0.0019290269467875049
DEU,ssp370,mri-esm2-0,0.00037034249429919106,-0.000629537513759769,7.412384522538637e-05,-0.00048227134648300054,-0.0023000560171549792,-0.0009851109154588146,-0.0007201325513966449,0.00022400775854872204,0.00013185756213080445,-0.0007097489984085331,-0.0007402472911848285,-0.0006857598275839306,-0.00025600832729966155,-0.000709615707013483,-0.0009034361081614796,-0.0009661704770960717,-0.0011272372390821958
DOM,ssp370,mri-esm2-0,-0.0034660965561783166,-0.0013811781901671369,-0.003964046428904567,-0.0012634992545552631,-0.0023869344499056915,-0.001669686694739078,-0.0035918032591383373,-0.003989323312605247,-0.0034767632520919314,-0.003637385177082434,-0.002266756271518561,-0.003988854924469286,-0.003715642236881724,-0.003314885431807833,-0.0035644466530997737,-0.002409615194945902,-0.0031989891013138347
ECU,ssp370,mri-esm2-0,-0.0037645502675876016,-0.03682997012150354,-0.020712932195427417,-0.040243555468140416,-0.027832835869384134,-0.02918091031874992,-0.020153796042579428,-0.014403855072197023,-0.03309869628172858,-0.033278628777810786,-0.03547303641419099,-0.018108421624694865,-0.028306024073338983,-0.02777260401573629,-0.023028013030704893,-0.03089443875549382,-0.021943350076910104
EGY,ssp370,mri-esm2-0,0.004075820169359999,-0.0019902719234464496,1.4613050618140288e-05,0.0008376869109308156,0.0006081742660644026,0.0031442199132021673,0.004787819656741637,0.0027773630812087855,0.0023921903863956227,0.002498686171553724,0.00619958233297659,0.0026160541859353336,0.005476957322562609,0.004428724007237042,0.00467829026783137,0.0031097168381542958,0.004025310519638698
ERI,ssp370,mri-esm2-0,-0.3140302768752728,-0.19723175006454807,-0.17684873679686844,-0.11193136091259437,-0.24425026818982115,-0.2785015987782737,-0.15176105996514833,-0.23778483635142228,-0.22927598991389453,-0.15744159860369605,-0.31381143417437773,-0.18777031708025876,-0.30203053679066016,-0.2801329205385219,-0.2601894546164338,-0.22674556356841089,-0.22160845879385735
ESP,ssp370,mri-esm2-0,0.0018885633839845766,-0.008582423462563084,-0.005879227548216915,-0.0007705842397852383,-0.0005736471359728002,-0.005231524627842619,-0.0017740846623419404,-0.011875660497928223,-0.015866912090840613,-0.011013235218016388,-0.011885210897339418,-0.009227458354366296,-0.011858641457185579,-0.005736210484143312,-0.013970017026332422,-0.010079896594448861,-0.008680948895131926
ETH,ssp370,mri-esm2-0,-0.08426125682395114,-0.03473072286841688,-0.05243009351464775,0.0005504307625901521,-0.024743908366504284,-0.023420059143284586,-0.019014922834953908,-0.030986929725860476,-0.02110976873885535,-0.01555116404555009,-0.01881761078946503,-0.015430990855315498,-0.02188727111368669,-0.011789922911824168,-0.01272369759488313,-0.00867934006471263,-0.011241741433353708
FRA,ssp370,mri-esm2-0,-0.00029224605454796236,-0.006802126011424832,0.0003178114635489358,-0.0026996764647897195,-0.0024680463853329945,-0.001668110826686751,-0.0009881281647232184,-0.002098281935336063,-0.00327142805150527,-0.0034620595123254546,-0.003834684052162846,-0.004164139812637801,-0.0028794039627843193,-0.003260162501086722,-0.004871328030168176,-0.0041352366408297725,-0.0044010324910654375
GEO,ssp370,mri-esm2-0,-0.0025530723440436603,-0.007974318710524845,-0.00813658259749598,-0.004450644966852042,-0.004449445113676754,-0.013472352673716442,-0.007678741242912364,-0.0203010345075699,-0.011054361230676869,-0.0097373029263041,-0.005176777828986833,-0.009235559556726591,-0.01501045037060464,-0.012334564627406142,-0.015241653861150119,-0.014973919914538782,-0.009695777558744281
GHA,ssp370,mri-esm2-0,-0.1649687988205004,-0.08788260458018571,-0.041501739713731535,-0.03773503519369566,-0.03397039970101262,-0.04144520699331994,-0.07109531130531141,-0.055645658747253544,-0.05339390533388145,-0.05096263702179245,-0.05475482132163401,-0.05324169963714506,-0.03727285304728344,-0.04315396252500813,-0.039346183032272025,-0.03672508049581449,-0.03647840183634297
GIN,ssp370,mri-esm2-0,-0.035157225729603156,-0.08736886476554939,-0.022268198266173465,-0.014792261434660295,-0.03245055811531757,-0.0323175555688036,-0.02845449347402944,-0.020836181051241295,-0.023502246549708852,-0.02625712521531108,-0.023011607728422815,-0.02423335256887941,-0.019162288435551653,-0.021085918123527905,-0.015851735545981138,-0.018166542446909274,-0.01847537876764582
GMB,ssp370,mri-esm2-0,-0.07441493335874694,-0.03183845834262299,-0.034231924033669724,-0.01269672217239608,-0.03563539662232686,-0.03258560415154976,-0.0276039361980493,-0.022894378561466595,-0.016719487127062706,-0.016709277097636244,-0.017489696196559597,-0.01443967224321949,-0.013956915754244766,-0.012147586504532902,-0.01101686093193417,-0.009576378457156408,-0.009272522669213317
GNB,ssp370,mri-esm2-0,-0.1405503293765172,-0.19624771970088653,-0.08259476075106476,-0.033710438641550176,-0.17735149529716604,-0.14271519994517093,-0.13206525521248577,-0.09104004426390926,-0.0823493086894359,-0.07621652273666471,-0.08019363494161769,-0.06486483825741338,-0.062383314425031096,-0.05769057454079906,-0.04998502569021891,-0.042596197793913194,-0.04425043886511373
GRC,ssp370,mri-esm2-0,-0.007413810909949003,-0.014559305640515099,-0.012783903985413398,-0.007407455986331415,-0.010451068735201269,-0.029208694571294182,-0.031829558335267176,-0.017938959797443605,-0.008325523267168561,-0.026290490424703106,-0.03289916866956969,-0.016595800563761545,-0.024264530717426305,-0.02782348023167757,-0.02892730979053105,-0.021037471867347137,-0.022558845532224096
HND,ssp370,mri-esm2-0,-0.041825607935755356,-0.08913149815026068,-0.11992796934211657,-0.04612316462417147,-0.039650139476163436,-0.020015454423908542,-0.03757782153856791,-0.04196966969305749,-0.02841842488065402,-0.06301782151790213,-0.060590535372363266,-0.07373396792188815,-0.04646979568309495,-0.05277634033067686,-0.05033907219902544,-0.044697481392659735,-0.04065755430309643
HRV,ssp370,mri-esm2-0,-0.009861709099381031,-0.32138327982261417,-0.09196607332996176,-0.2957346634854348,-0.19934674434079333,-0.19198415855476006,-0.22909099908368957,-0.12331075602454024,-0.25778751798362926,-0.34177327021163373,-0.5186275847131446,-0.37968265452879835,-0.31926884128036426,-0.4483182033569014,-0.8816704003414827,-0.4507650783723949,-0.7749651177110632
HUN,ssp370,mri-esm2-0,0.0010310239768139497,-0.026590212848714736,-0.0081151098120846,-0.025337748922087826,-0.022766289906625277,-0.015534794152058636,-0.017042160989895267,-0.00714222032642693,-0.01458519542433651,-0.02722231491773455,-0.03242492389539584,-0.019726892679018886,-0.01762897857409372,-0.020470747423420817,-0.03709108167151361,-0.02359926969107312,-0.03437266350601981
IDN,ssp370,mri-esm2-0,-0.015117246457160921,-0.052627747276961005,-0.027421765453327508,-0.03796712141757515,-0.045539629718060776,-0.02717010466509548,-0.030164016445336665,-0.020817210277590516,-0.029452705764145208,-0.02395739221045614,-0.03303926985837467,-0.0378668054455922,-0.03774321414425182,-0.052868229944022016,-0.04995322799449373,-0.04677691199244421,-0.051713818071852664
IND,ssp370,mri-esm2-0,0.004563152695827036,-0.0028151023974526705,0.0013892223142298414,0.004931883603011523,-0.007717977377984551,0.0038566539135908313,-0.006531216687199129,-0.005729246363873827,-0.0021795796693939214,-0.0059642324969954846,-0.006512565032834992,-0.005162618807133727,-0.005623519914240846,-0.007593208646480058,-0.006853927795693535,-0.00767555914319989,-0.00901065736969786
IRN,ssp370,mri-esm2-0,-0.0012089958456698781,-9.881954955145136e-05,-0.0003868228415611779,-0.00012735621250934497,-0.00016091709095495055,-0.00011323664608067801,-0.0002752848606421967,-0.00036865840220796025,-0.00029785844054796336,-0.00024847020351465607,-0.00016217212749763463,-0.00024080878362194982,-0.00024935047728881526,-0.000209078122605663,-0.00023422526268904696,-0.00012420844133619242,-0.0001002236168577711
IRQ,ssp370,mri-esm2-0,-0.01203770862639752,-0.008712821901392956,-0.013225533865142875,-0.007175718464509297,-0.004860864321929317,-0.006078727630786141,-0.007597229670536936,-0.008631170892165151,-0.006979088389488751,-0.007745783453036105,-0.003377271067211322,-0.005453846253091612,-0.005326690612809495,-0.004446384344588979,-0.003878342116548834,-0.0018457701814584664,-0.0014005356915732558
ITA,ssp370,mri-esm2-0,0.0008102703389053409,-0.0008108506621603677,0.0007876090161387754,0.0011007468733795912,0.0005149815317298156,0.0004818574018206148,0.00016916424461680394,0.00040862509023354115,-0.0009697823742921312,-0.00012991451518401214,7.693504051730482e-05,-0.0005347723970742398,-0.0006183280028559574,-0.0001892246285333438,-0.0016416579845401692,0.0003674297647034912,-0.0010830701398686978
JAM,ssp370,mri-esm2-0,-0.0029648961517270583,-0.0019018016029910695,-0.0036453510451862864,-0.001936042619645314,-0.003531277674501976,-0.0029462573879910667,-0.005406531703045015,-0.004878272722510742,-0.004458807533842854,-0.004784962488188306,-0.0033677423947445456,-0.005656755402420207,-0.004392760576044054,-0.004751571165431198,-0.004670264272397765,-0.003164904320406365,-0.004810568450358637
KAZ,ssp370,mri-esm2-0,-0.007872775783764769,-0.0009175058958801162,-0.0015261155495369183,-0.0014753524880863804,-0.0019879221306717885,-0.0028620334395655198,-0.004022665778025495,-0.005302737638886798,-0.003465653936233683,-0.0036971108749974863,-0.004945291477157956,-0.0020566318801409074,-0.004545093429536232,-0.0015879342702659054,-0.0056729103016207,-0.004077131527056113,-0.005764510143766876
KEN,ssp370,mri-esm2-0,-0.017946817698041545,-0.0763517456334612,-0.07818394750510137,-0.027941506915060667,-0.029363786244510158,-0.04220342015337045,-0.043294148882066875,-0.0495811769960037,-0.03980131033807204,-0.03362462942670285,-0.031293090285941426,-0.03544844723217462,-0.0335522794771857,-0.03033215055334657,-0.02850733190100317,-0.024435031818202994,-0.026580998299492526
KGZ,ssp370,mri-esm2-0,-0.01630290049316104,0.013036056022649617,-0.03648040084190086,0.019541005027792744,0.004412312794687988,0.004485563514686439,-0.019844276726814696,-0.04329186510323776,-0.030722742030646327,0.0019145370420735844,-0.014287682076060716,-0.00040439108365690837,-0.013471384278808776,-0.0036066039883849836,-0.00962257015299604,-0.002535926281406781,0.0013943831455173695
KHM,ssp370,mri-esm2-0,-0.07918369536812762,-0.03242722172318364,-0.07062049154390204,-0.0522322944234691,-0.06386601268104673,-0.04794267783636786,-0.04957044093698127,-0.057727761994492435,-0.045987564124526634,-0.08223596649996325,-0.08569109236802398,-0.0776930153741961,-0.05183989777186128,-0.08153998202919364,-0.07379034038368294,-0.07188524744241759,-0.07763147118209947
KOR,ssp370,mri-esm2-0,-0.00011783644843913453,-0.0001238543824127003,-7.3274970784083e-05,-0.00015308519500838752,-0.00015064704949985876,-0.00020962076113045368,-0.00016342818978402126,-0.00014650331396049522,-0.00019099233522009088,-0.00017518533278504676,-0.00010913298993222458,-0.00021457939212242232,-0.00017026589983668,-0.00017944212951229158,-0.00022460442497891056,-0.00014235001350646094,-0.00026623719046809925
LAO,ssp370,mri-esm2-0,-0.005586820430654669,-0.007727359434993939,-0.009608950257460268,-0.006423642650447552,-0.00898397548504336,-0.004799710200952481,-0.017520803341234927,-0.008164171869653262,-0.006710200758319164,-0.015864326087298746,-0.021096878519874126,-0.012276806316745896,-0.01567002900588446,-0.01655803883232816,-0.021519430520495583,-0.02084812069606619,-0.022978697518336866
LKA,ssp370,mri-esm2-0,-0.0007530045950351843,-0.00047058531129727987,-0.0015113211916063483,-0.0003383867638173901,-0.0009503820083871209,-0.000639844754952265,-0.000552198854103866,-0.001236955855266144,-0.0008849033382344169,-0.0014082892222773646,-0.0017365054797108435,-0.0018023458598884253,-0.0010663523406985009,-0.0016499257626379064,-0.0021974674663531478,-0.0024298681607694303,-0.0024495880519385554
MAR,ssp370,mri-esm2-0,0.00014351898466793676,-0.0003902985483576913,-0.00025987927877383775,-7.932022672059998e-05,9.898820203654217e-05,-0.00022205265485879307,-0.00018880195840366974,-0.0004264029582149841,-0.00031006321167690676,-0.0002964257720061979,-0.00025899524612941804,-0.00022741642786175547,-0.0002758345452123261,-0.00024360878976607868,-0.0002318291668275204,-0.00017128640537327383,-0.00013819351834697233
MDA,ssp370,mri-esm2-0,0.035169281341741174,-0.09496808281349338,-0.07311449902506144,-0.07230966900843365,-0.1652760782259418,-0.11462766526089603,-0.21521713909979567,-0.016651724279547656,-0.05904330842455569,-0.2218568437745998,-0.2464809192690834,-0.0951150882019817,-0.21503786723386392,-0.23235742585542424,-0.18692803789850806,-0.13607505840195055,-0.1885153238279256
MDG,ssp370,mri-esm2-0,-0.002032190372835931,-0.0021328305255806186,-0.0013571602743596384,-0.005060311404977195,-0.003425520077970489,-0.004168909145103511,-0.0015840176769434276,-0.00457560168840546,-0.0019379015721312889,-0.0026712656771356465,-0.0024276153619360685,-0.0024102017246508075,-0.0025508266242737325,-0.0018157678483518374,-0.0015905872840299498,-0.0015098985925342803,-0.002171827973240838
MEX,ssp370,mri-esm2-0,-0.030788839727284176,-0.026066766491217915,-0.024952533181372163,-0.039462872431362504,-0.03319599856491282,-0.017653062654261604,-0.030828968768950228,-0.028490825650386936,-0.034022321953065135,-0.04179583432748046,-0.04802238267644463,-0.04878547566366214,-0.03632089012051119,-0.043795457541459686,-0.03709264799690718,-0.05163163002496651,-0.04816467825073005
MKD,ssp370,mri-esm2-0,-0.004970459849567777,-0.010640639839383605,-0.004510309711000376,-0.0059695050924886495,-0.006697548079641123,-0.01690512095245566,-0.019470000391429532,-0.007667789514113369,-0.008927413342534711,-0.023441421570939976,-0.02962089399785859,-0.010414382869513052,-0.020170825924276395,-0.026776978208887706,-0.03655858794839822,-0.015532420951362048,-0.02505105623341605
MLI,ssp370,mri-esm2-0,-0.6211946074875906,-0.4416785674178734,-0.19943943629374866,-0.14278138540001994,-0.30486654838846494,-0.3418746568400237,-0.2647438624654214,-0.3437238639449323,-0.2906483499531014,-0.2885132072910746,-0.2521108753763142,-0.24828921894183673,-0.2132813046003202,-0.19251043934231088,-0.1725609797622506,-0.1642821126454166,-0.16809066500093645
MOZ,ssp370,mri-esm2-0,-0.05078998309701005,-0.14710156152348194,-0.30251873052651224,-0.09665262829908274,-0.15724606390028167,-0.10229600714480745,-0.04809107769996161,-0.0465151889955913,-0.08063758435370738,-0.0871723721661063,-0.0791535183688481,-0.064209869689381,-0.04316592425818996,-0.05539956142420197,-0.04006270104508225,-0.03644137392159231,-0.0481701223239582
MWI,ssp370,mri-esm2-0,-0.16823795125294713,-0.3060983591433339,-0.343444311112163,-0.2088289521920696,-0.17891742700813298,-0.11468012900550258,-0.089168602254055,-0.05988243988881982,-0.09939059539294097,-0.11405042603369621,-0.10537966781944427,-0.07730152569591278,-0.056265253354602675,-0.05921993488482349,-0.04201870493142695,-0.03662958868879635,-0.04082372766107132
MYS,ssp370,mri-esm2-0,-0.00017111624542917738,-0.00012774435889513388,-8.904940746501226e-05,-0.0001433526087073969,-0.00012847648476461938,-0.00011032656244152059,-0.0001511067361450685,-6.144684306011576e-05,-9.158274063702758e-05,-8.383224638530233e-05,-0.00027417809850222903,-0.00026295808765433365,-0.00012786168990004017,-0.00026825172607550284,-0.0002326416577888963,-0.00027117729793593406,-0.0002568878443724958
NAM,ssp370,mri-esm2-0,-0.007763364657548119,-0.023667151000936443,-0.04223839076822101,-0.020168491001151867,-0.03289116675549516,-0.005647274965939935,-0.02321516458010342,-0.0071778041011839626,-0.013299687425582667,-0.013063567742421041,-0.021137850255459105,-0.019867310239215227,-0.012506324331864197,-0.01733707959561338,-0.020939467565035806,-0.01825389908192605,-0.01563699420879284
NER,ssp370,mri-esm2-0,-0.0030102663453065587,-0.0009429482653494343,-0.0027279208340911325,0.0015032714150993013,-0.0008978137742978406,-0.0013204288966430437,-0.0001114490505055965,-0.001650707430360061,-0.0007197401811793288,-0.0010618582264640365,-0.0008476071159317908,-0.0008925181171811983,-0.0007660014963547892,-0.00044372844871834834,-0.00048248396680877233,-0.00022380668382515734,-0.000271421988932919
NGA,ssp370,mri-esm2-0,-0.05441545308144956,-0.02743784833454235,-0.020296122674754523,-0.009505717957859552,-0.010855590058744362,-0.012835361926202793,-0.01691943534752746,-0.021016884616458602,-0.01296936271974634,-0.01601606160637426,-0.01589057041165676,-0.014900760854776426,-0.008789178676604554,-0.009842661450769483,-0.00880314266006816,-0.006526713299882018,-0.006415279232208616
NIC,ssp370,mri-esm2-0,-0.008317356683382772,-0.07348924224807032,-0.09863974757361314,-0.03133296009085981,-0.025238793446668743,-0.012394502347973041,-0.02870000818442062,-0.04871914639012709,-0.021922667739465156,-0.046020251942455286,-0.04876983815861937,-0.06525478904836102,-0.043494276466990556,-0.04632384088178433,-0.04239384138833231,-0.03382064974504671,-0.03657372321187413
NLD,ssp370,mri-esm2-0,5.8642314100174966e-05,-2.9294839608081645e-05,1.862758701240239e-05,-6.607852082454593e-06,-0.00024357771976545606,-0.00011956325147528914,-4.8162312619450947e-05,1.0526114285823354e-05,-3.0595428097784226e-05,-9.616464109201388e-05,-0.0001952350055442883,-9.153671725545239e-05,-6.070100080653846e-05,-6.892279239640484e-05,-0.00012758102158848925,-8.873277063859374e-05,-9.297641604116351e-05
NPL,ssp370,mri-esm2-0,-0.04710606899336022,0.08414136001124,0.05845194832993228,0.026956122184314875,-0.06907578141051475,-0.05153940893267209,-0.12319646158360462,-0.015990717207791966,-0.0737403992877016,-0.10463506963671726,-0.08760403370754884,-0.07975031241347,-0.10136712158804623,-0.07291252058771248,-0.09792706057937008,-0.06203995646959658,-0.05876609542823185
NZL,ssp370,mri-esm2-0,6.821508964924164e-05,-0.0006105513870630253,0.0006018152163370352,-4.09377491948934e-05,0.00021155569795122382,-0.0008804219431149033,-0.00017581468926415947,0.0005773892940246655,0.0003174016294752868,0.0005758063062410618,-1.7064496397077053e-05,0.00010585330208238618,0.00017434925188737732,0.0005159205281362267,1.1817133267346218e-05,5.610822282625108e-05,0.00040306605806999894
PAK,ssp370,mri-esm2-0,-0.03266471850706463,-0.0034392609302311573,-0.009767468291895783,-0.0006816786421873753,-0.00965453629473327,-0.0009390041032321083,-0.011987445385981907,-0.015678500378754755,-0.013999639341116324,-0.013299527730902476,-0.009887071607431871,-0.008705500246258584,-0.008836865211675914,-0.0014377829774898947,-0.005841147653841638,-0.0008818878453017316,-0.0014539196171058945
PAN,ssp370,mri-esm2-0,0.0007629505405107471,-0.006674322264975045,-0.0012808479631564583,-0.010049176597156663,-0.008554036416290248,-0.006621477368004984,-0.004658393400824653,-0.004106491930618586,-0.00517421466684489,-0.005565068664156961,-0.014014320202691947,-0.009841984919245364,-0.0071157019723579575,-0.011579800437811514,-0.009944079986239935,-0.00888598951062194,-0.010464613851097605
PER,ssp370,mri-esm2-0,-0.00032845968324913367,-0.009697838549842701,-0.003521182741878679,-0.003557875612555247,-0.006815358999831323,-0.004907188195203866,-0.007304752039639868,-0.0015646991179986294,-0.008333719870188171,-0.004712054555364926,-0.004831687684543021,-0.00550766566476605,-0.006606854737718541,-0.003912817760411447,-0.004756824870667184,-0.00594876417832426,-0.004083482463484587
PHL,ssp370,mri-esm2-0,-0.03298803628272786,-0.006858367076438398,-0.0198211781187234,-0.021507106812410248,-0.011263623185753328,-0.02663829316379414,-0.01222712040476488,-0.026947442637329136,-0.009477356723291341,-0.0257786866281729,-0.04694605192052039,-0.04156257384920314,-0.0143888500239136,-0.04182298573991912,-0.02175039083431663,-0.03305956992430586,-0.03668988265663186
POL,ssp370,mri-esm2-0,0.0055908652777521195,-0.005279208950030654,-0.0004379909045570053,-0.00878583910986808,-0.023315057191847524,-0.016057354582536255,-0.005995494947651294,0.004487502374224053,-0.0024739586357274343,-0.01195348776777812,-0.0010576551606443305,0.0015557640883906959,0.0016146708788931411,-0.006623167806514519,-0.009993406330030711,-0.01972748095244872,-0.012784235296344268
PRT,ssp370,mri-esm2-0,0.0028591785862833873,-0.0048910651091859355,-0.0015365097093093375,1.4644136243885095e-05,-0.0013256089933823586,-0.004604974138422225,-0.0010356124416939802,-0.0072879128680611825,-0.015069188988210297,-0.006956367877748036,-0.006802136004495558,-0.006754326494406368,-0.0074938579332209775,-0.003152629332373695,-0.011039765941115467,-0.008538934368597513,-0.0071496066145218294
PRY,ssp370,mri-esm2-0,-0.0858875407353529,-0.24763339037288026,-0.22991350589368176,-0.06744159693282595,-0.18886963034510035,-0.03629281613168488,-0.10656290975845732,-0.09503225668180453,-0.22025221583797583,-0.1463139526123464,-0.059175094868978095,-0.09797981047231644,-0.17865110331593553,-0.0595696428290914,-0.10520741945163359,-0.07280678121332324,-0.06880397196465075
ROU,ssp370,mri-esm2-0,-0.00021133679652888556,-0.03424435461711195,-0.02214601500359604,-0.03813979130949844,-0.04604540268401907,-0.04238025907699312,-0.058724978376653254,-0.019263513059189975,-0.04697928608501826,-0.10873304632650638,-0.1209848022303296,-0.056623196317888966,-0.09343147768367992,-0.1467225940562372,-0.15580753171792477,-0.11066035478793353,-0.13975660668826864
RUS,ssp370,mri-esm2-0,-0.008603505540890349,-0.0016675195796306051,0.0012131394696997296,-0.005248516178395809,-0.0022476714703801755,-0.0054412669013071124,-0.002031169729138473,-0.004388182176604004,-0.006290318558163624,-0.011349435964424646,-0.002393481944606595,-0.00481739967503002,-0.009973868176036602,-0.009437221844034694,-0.0079873572613612,-0.012227925538826494,-0.010882495459723081
RWA,ssp370,mri-esm2-0,-0.04555481234272724,-0.050564821285081045,-0.01848343604569302,0.003398267249167846,-0.01119455994139448,-0.008887005816166457,-0.009045443160829933,-0.012319158874069707,-0.012780993583563384,-0.009120174556535752,-0.010471712241906675,-0.010715811311398362,-0.010934010163906079,-0.015384875878610848,-0.006589167053466158,-0.004815830247123882,-0.009026246664070653
SEN,ssp370,mri-esm2-0,-0.2101733843339993,-0.09898057925624335,-0.08281416602820157,-0.03226393760198163,-0.1325343713432697,-0.13468662836354228,-0.12032118434685936,-0.10419159850189512,-0.08032977424809554,-0.08173567299601403,-0.08554288410994126,-0.07343858907657472,-0.07069132024256827,-0.061838886667095166,-0.05551954732297548,-0.04864557805809343,-0.04771704839944904
SLE,ssp370,mri-esm2-0,-0.0018717004383986809,-0.0062177213415477335,-0.0022702693026889183,-0.001979347067277725,-0.0053509176426573615,-0.005139344340099954,-0.00357994005046885,-0.003508149708078031,-0.0040102338266239535,-0.00421712549224788,-0.0034642340999646534,-0.003808105110480577,-0.0028901744973910894,-0.003252068829193579,-0.0020851604160434167,-0.0026841977806026057,-0.002681142330943598
SLV,ssp370,mri-esm2-0,-0.07071749024618955,-0.18018590861286402,-0.18052080894744085,-0.15212281643430955,-0.1536018934152686,-0.11252202585659682,-0.14244370452625657,-0.1186200056464987,-0.10242340800400229,-0.2006264201291,-0.1815053040589909,-0.1763984193375831,-0.1336040536095815,-0.15230377635343295,-0.14057630230154158,-0.13648557431139746,-0.12624543658334375
SRB,ssp370,mri-esm2-0,-0.00633272785095207,-0.07989706914897127,-0.03476720350643856,-0.17388055184079398,-0.08590327949910771,-0.1134097359244415,-0.09637508408720273,-0.07113327271954609,-0.08803323657660762,-0.2846514200642104,-0.27169965323636647,-0.1776099031554581,-0.20963707946008553,-0.27811508193221074,-0.4310638919898484,-0.23620048282073255,-0.33752037476728003
SVK,ssp370,mri-esm2-0,0.005062223180543755,-0.00619086657536243,-0.0027662628828599247,-0.005095563193787389,-0.007888868505984345,-0.0034369551569346656,-0.0028117949659642013,-0.0004776404735557726,-0.002620627855369426,-0.004638859949229483,-0.006440955909272592,-0.002975271909320423,-0.0012283332881238155,-0.003535297077591998,-0.005285763671279142,-0.005069848378601037,-0.00552493700068335
SVN,ssp370,mri-esm2-0,0.001919054671863669,-0.002729225297118017,0.0015123965961789502,0.00030764916629817636,0.0005219841091131066,0.00011403600569439861,0.0005947386418795487,0.002289958676150767,-0.002234799349021515,-0.0002847380089709957,-0.002338589656494269,-0.00012841272596772244,5.27083500595788e-05,-0.0015409329555616572,-0.0035593994971409365,-0.0012670022639756089,-0.002940222326744329
TCD,ssp370,mri-esm2-0,-0.10579602722515845,-0.09554524741483089,-0.04990350056180018,0.00788465981208512,-0.050805497279659745,-0.05414608563930278,-0.010942632470399838,-0.06683389516438373,-0.03027346957247857,-0.035205400877638765,-0.03793070038611519,-0.03501437264511344,-0.031184611346077883,-0.026181254037774465,-0.022971312530617263,-0.01262194695987303,-0.014050331152143361
TGO,ssp370,mri-esm2-0,-0.5308433524938472,-0.38410736528247125,-0.17348988259384787,-0.18866286051398884,-0.16826679736455624,-0.2012763033525401,-0.32428962098362174,-0.27322041505298833,-0.1923639587643366,-0.22023427829117787,-0.2561272550769846,-0.24319081971772347,-0.15603122448819146,-0.19182657700898628,-0.17514178974658462,-0.15941732958436972,-0.15928298953442896
THA,ssp370,mri-esm2-0,-0.01073073763005333,-0.0004895086580357276,-0.008572575109395322,-0.009393676881231177,-0.01585832879989571,-0.009832647540385098,-0.02392242390191525,-0.014723587108392819,-0.018007693452290408,-0.03364076343559465,-0.04346208127267567,-0.040428619614365606,-0.04054220735538863,-0.056580940401030656,-0.055976936732947534,-0.05604371648621619,-0.06288240852927603
TJK,ssp370,mri-esm2-0,0.01826212212424516,0.011016938467393546,0.010579905775935637,0.00785212648485634,0.010246016907183908,0.007233488847286326,0.00989488272435427,0.009651526637661296,0.005520428341873291,0.005988477235491754,0.005313933522198784,0.005709779322506349,0.003093315155784954,0.0017825701736921189,0.003948465044030482,0.002769432794416115,0.0017464828916463528
TKM,ssp370,mri-esm2-0,-0.0037416171472492146,-0.0014856280936984627,-0.0025867215306423887,-0.001453842186922874,-0.0017037488471986608,-0.0010511084138760238,-0.0017287133212367043,-0.0015507357918888868,-0.001238420175891216,-0.0011273115182350235,-0.00117321985832205,-0.0012043598259111833,-0.0009139052964164847,-0.0008731730986802559,-0.000938783468094125,-0.0006445391842419773,-0.0004311729273085433
TUR,ssp370,mri-esm2-0,-0.003316499777753917,-0.0010148056774630274,-0.002394589024315382,-0.000288177001270699,-0.0012963971419732365,-0.003328974337871636,-0.002583193757263536,-0.0024627414811241957,-0.001792909535968692,-0.0032316949941374167,-0.0038707284202589456,-0.00239048436620155,-0.004707788061984421,-0.004976822249904764,-0.004438654358117109,-0.004032630385078552,-0.003473060903983899
TZA,ssp370,mri-esm2-0,0.0025700272281124377,-0.09079636911609695,-0.14765790479994845,-0.028431095677956,-0.030684722570381406,-0.042841812735703505,-0.03624313568977917,-0.06520768662372657,-0.041720993443141174,-0.04561842545107907,-0.03710421026643367,-0.037748214665304085,-0.03219940699214029,-0.034512556501297635,-0.023475894015902495,-0.026998134601273108,-0.02785899871463294
UKR,ssp370,mri-esm2-0,0.08790361278735019,-0.16248989530268965,-0.06281740339989765,-0.10227580420632387,-0.15230258554746848,-0.19311016611778517,-0.18333821022102453,-0.007342394035206852,-0.08549905550491697,-0.25101111141769245,-0.203066585514611,-0.04999097570378935,-0.21528939386470997,-0.19587607725275458,-0.14630568126606408,-0.22957788715049468,-0.18914585596125053
URY,ssp370,mri-esm2-0,-0.01316032896075509,-0.014069977521618612,-0.0019542919129266175,0.0017797860389076952,-0.004368756565882524,-0.004814611525577518,-0.004872973943010811,-0.0067667218847775965,-0.0070771277965029295,-0.006842274713613417,-0.000382641620601937,-0.011413149037460766,-0.004032435322517138,-0.0023099801897288543,-0.0010313103988958377,-0.0015034722414389765,-0.004206363135671332
USA,ssp370,mri-esm2-0,-0.043198327019186446,-0.008438378532468132,-0.004800019332088652,-0.018981032464628716,-0.023542622104648588,-0.02776465232628595,-0.013160354982598009,-0.021675939364121013,-0.021329747703232392,-0.029548227927124218,-0.01894132182124757,-0.025930453126121678,-0.02356072014478406,-0.027839439201059222,-0.02217301072732714,-0.02791101140576217,-0.01671713766106722
YEM,ssp370,mri-esm2-0,-0.002905914348819474,-0.0012854379081988472,-0.000451689376413933,-0.0008708639541861247,-0.001230678009920679,-0.0007496677756983057,-0.00042128069052993776,-0.0005819141622986955,-0.00048104618171923347,-0.00016224707430894698,-0.0007255075451797206,-0.00015591278415972364,-0.0005242235438452796,-0.0003841035331236208,-0.00046977214763102543,-0.0003221869452943819,-0.000383189119202179
ZAF,ssp370,mri-esm2-0,0.043170180608496804,-0.024397941811219473,-0.13098529519163585,-0.03408845936613955,-0.08681119525350461,0.0020455017901450387,-0.033466263460558116,-0.0047032350074863,-0.018659953402745906,-0.019010673424604673,-0.01963128642677151,-0.038767894489358024,-0.03695352946718455,-0.024324853973583836,-0.02947083529303236,-0.039160367989585276,-0.04335499234687479
ZMB,ssp370,mri-esm2-0,-0.12167138518739429,-0.07252490701012258,-0.12799594354330623,-0.05971317477391543,-0.05547150814723766,-0.02809034730132182,-0.038020779661330543,-0.021925190771851785,-0.034202388854796976,-0.03612435216006536,-0.031819903439520375,-0.023474557999281425,-0.018266497825201133,-0.02008676148939998,-0.015514306563965227,-0.014478261519247713,-0.01438289396767412
ZWE,ssp370,mri-esm2-0,-0.12526960898430237,-0.3745495429487919,-0.8480105644043376,-0.25768780143937753,-0.4281739937051656,-0.2734210455863758,-0.23941318371127038,-0.1904641168965642,-0.302671793411398,-0.35068336998477434,-0.2685865515071954,-0.20800872375932256,-0.14972209010018986,-0.19448817840369914,-0.1565540860285943,-0.13292877900102776,-0.17598228041415734
AGO,ssp370,ukesm1-0-ll,-0.014801005663614034,-0.05121111658590317,-0.032769121491208406,-0.04928616028744578,-0.04935451259736329,-0.04280112395611484,-0.058317067116565174,-0.04623003041846282,-0.04318342504494225,-0.03380211224683373,-0.0315431527916822,-0.03348084112893439,-0.027973951303813843,-0.020981275110472434,-0.02049463671015724,-0.01883967989148542,-0.019831602908418736
ALB,ssp370,ukesm1-0-ll,-0.0436651420247166,-0.05179706694372951,-0.02562158312384006,-0.13813278914030475,-0.14364720541531478,-0.17024991474980372,-0.09730170505241123,-0.19156411126670742,-0.12903698126949179,-0.2031357627509943,-0.2145437572738871,-0.19011189510052312,-0.17213856629150337,-0.2794702161264703,-0.2802608314691026,-0.2901886479955723,-0.3191065029494781
ARG,ssp370,ukesm1-0-ll,-0.029387071893852534,-0.0013382741634339445,-0.0055660366256086325,-0.004453893419445768,-0.0045291012096845005,-0.00361774268019153,-0.004218581414601824,-0.004344158333769091,-0.00402260874641666,-0.0033199124131113476,-0.0055259186371449985,-0.004182472137297208,-0.004827659232705219,-0.005242160815724433,-0.005433726861390631,-0.005205148326663979,-0.005856392726468741
ARM,ssp370,ukesm1-0-ll,-0.0014496757281957722,-0.0008376964635932722,-0.002537987276486698,-0.0015421507277972426,-0.0004702386224095448,-0.001502592964248121,-0.0020988872377803837,-0.00255658666728628,-0.002450419104148731,-0.0026591691355424343,-0.003152922350591114,-0.002775635172338768,-0.002648975143859833,-0.002816503748945981,-0.0029205318422007845,-0.002249803601453751,-0.0033479344592976606
AUS,ssp370,ukesm1-0-ll,0.0002003738052273728,-0.0007849127301671288,-0.000613130101110241,-0.0006683986324458952,-0.0009241623981722791,-0.0010652184310234781,-0.0012502313375396675,-0.0008727853785632804,-0.0008856966125571097,-0.0015684196351430548,-0.0011508711755771107,-0.0011466280086282104,-0.0010963452130148773,-0.0014955652280887704,-0.0014413725396770407,-0.001150503245798936,-0.0012835654861174338
AUT,ssp370,ukesm1-0-ll,-0.001982283581536175,0.0018939334401859847,-0.0007456436147160312,-0.004259700083897571,-0.007490835843224243,-0.012565620642094254,-0.008853924475742188,-0.007812795941679067,-0.004426484178489037,-0.01012503360428345,-0.01917838070806279,-0.006760151611751469,-0.012927339417842418,-0.015921755678484677,-0.018655425598267522,-0.024799314610958488,-0.024621918757016425
AZE,ssp370,ukesm1-0-ll,-0.013860562193160102,-0.013450991491393397,-0.026291043058782326,-0.019165032440251577,-0.011160878459553604,-0.021081390363352884,-0.024805485442159332,-0.030907911499067447,-0.029529957399795914,-0.026481156009104802,-0.03520409163537548,-0.03270690795673976,-0.03168786990488203,-0.02948665057325797,-0.028878362629111632,-0.025101267567807097,-0.030924801166332973
BDI,ssp370,ukesm1-0-ll,-0.1324076982301457,-0.2374044028234156,-0.16813878192755394,-0.12164364416300302,-0.10911423826785283,-0.12118477384944856,-0.08007659690545967,-0.09184870327970364,-0.06911547828098986,-0.059629840502863185,-0.04266460065731455,-0.042617129056026125,-0.04603721595890577,-0.028435891599490722,-0.03652645271393792,-0.032697545419479196,-0.029256641560461264
BEL,ssp370,ukesm1-0-ll,-0.00038431150736360927,0.0004117705803793113,1.6139215986902496e-05,0.0003410722708217967,-0.0008469451960407684,-0.0003376494975515562,-4.435348141480659e-05,-0.0008803158575011009,-0.0005242829925747699,-0.00011782781375250748,-0.0007393646929701152,-0.000530906085692052,-0.0009206729924388803,-0.0011424796489913683,-0.0017671774191732577,-0.0023976835276215036,-0.0013596802219440105
BEN,ssp370,ukesm1-0-ll,-0.4087975317219895,-0.41361821018831413,-0.15356429172017294,-0.40871168973600125,-0.36042270085016853,-0.3873724423901856,-0.3660989197476418,-0.27031220456901456,-0.27061836286764385,-0.2941711872413874,-0.24482016539661253,-0.22147700968883502,-0.22167668149911907,-0.21457895819189085,-0.18739784257690612,-0.17115911425865865,-0.16019046677217905
BFA,ssp370,ukesm1-0-ll,-0.6501839510192784,-0.32644652522589657,-0.30247633749167113,-0.19186681819991983,-0.22565539396287998,-0.3062259028640192,-0.2576228668435813,-0.18459559877963702,-0.17919268492966448,-0.16175738333767162,-0.12817888689485699,-0.13324020905785378,-0.11453791434304156,-0.10326034237408614,-0.09605182480337322,-0.07679128220624223,-0.08102036357025424
BGD,ssp370,ukesm1-0-ll,-0.01079937225649717,-0.01306158623261778,-0.006889172544549942,-0.004316066677743086,-0.018464490811250626,-0.011831686088817022,-0.012073804588024166,-0.008370632590000702,-0.012984937003881827,-0.011790339898979789,-0.015306590124694066,-0.010624259124494656,-0.01151519742447857,-0.014389473356791891,-0.013445997440937978,-0.013349389800233737,-0.01327732700233268
BGR,ssp370,ukesm1-0-ll,-0.04392212006605959,-0.04490306659809627,-0.020102801955945656,-0.09778421991961198,-0.083353605593514,-0.10480443952837107,-0.0901038245892445,-0.09529610402356724,-0.07916918522368958,-0.11497319482080232,-0.14431912506598363,-0.12657815366392763,-0.13174534868474264,-0.16175306538878256,-0.15601981546359853,-0.154955643146057,-0.17396364959651997
BIH,ssp370,ukesm1-0-ll,-0.0687009254207599,-0.02397638528640728,-0.02539775844615413,-0.13404995360426047,-0.15029611659392464,-0.1704614476189167,-0.10700944757829506,-0.13856117209741103,-0.09238439589349542,-0.1678792877124747,-0.18023870616732676,-0.142925358202692,-0.17912106605408293,-0.2281269772191254,-0.22895359209412694,-0.2608868511857823,-0.2861128621091592
BLZ,ssp370,ukesm1-0-ll,-0.06709052729151321,-0.19764109930203588,-0.2272633904818292,-0.17592797036701488,-0.14872746204840054,-0.12567530549814696,-0.17874703785186827,-0.12930782010928882,-0.12345010420784104,-0.1536289504131535,-0.09897124356282393,-0.12161670101069036,-0.1028516408402013,-0.10399352841001712,-0.10257129259705089,-0.08310444010544049,-0.08674155166122537
BOL,ssp370,ukesm1-0-ll,-0.05979609185198069,-0.09686607749029275,-0.09534660687196887,-0.0730153129545514,-0.06785567674662911,-0.08783462550211217,-0.08534936420692396,-0.0501486375072009,-0.07240968613870193,-0.07306682880378843,-0.06296401469409463,-0.057606712842181246,-0.06284836905491495,-0.06145071547269692,-0.058479502496616896,-0.05007941959340724,-0.052692686389494314
BRA,ssp370,ukesm1-0-ll,-0.0446029429033306,-0.11297757532648964,-0.09786385604408056,-0.08917450374095978,-0.10781390087556128,-0.1139169698497457,-0.131289056452494,-0.10858837127459538,-0.10978416782093031,-0.14336196254087602,-0.14500291818307087,-0.1315923327403002,-0.15665127026364198,-0.1772375063900168,-0.18683974483497925,-0.1767163023310738,-0.17554525680683217
BTN,ssp370,ukesm1-0-ll,0.007539221125354749,-0.002660329920721825,-0.0017288498160220635,5.101902570440819e-05,-0.007203224350389049,-0.0023238534768260776,-0.0006915502479569775,-8.923105557926027e-05,-0.003053902684008229,-0.0027504063921727773,-0.0030484477100563736,-0.001371046116593581,-0.002220386510020151,-0.002545605549594849,-0.0016095042492161272,-0.002088968739923134,-0.0032106910681479932
BWA,ssp370,ukesm1-0-ll,-0.012452635285194424,-0.009275612391315843,-0.0032719363987519607,-0.0008511178895377309,-0.006568523051875409,-0.007292025006857204,-0.004201992659422451,-0.00810612908665118,-0.007376656941490158,-0.007050805406436053,-0.007121963130482726,-0.0038939333484854987,-0.0048774208436659,-0.0071664656596928935,-0.006055789339058348,-0.00565723155266439,-0.006371637653872699
CAF,ssp370,ukesm1-0-ll,-0.6532938724723976,-0.7411236437797205,-0.3717747329957387,-0.7711520116802125,-0.5795087247021036,-0.597296405330496,-0.3980507144090353,-0.47361857242019,-0.4024440122951496,-0.3522114326252658,-0.2718188758874466,-0.26571807340364306,-0.2611268203093162,-0.228859153023175,-0.2139356881258641,-0.17691176175221235,-0.18244424691619063
CAN,ssp370,ukesm1-0-ll,0.0010684224389890585,-0.018246845422299367,-0.013252518591348739,-0.00843292033744053,-0.014300228138310164,-0.012415476510570914,-0.012644997885545944,-0.01405505806494955,-0.025569651700100848,-0.014670161459660292,-0.02354038510874702,-0.01711348394299027,-0.01567563422725996,-0.015012549435531826,-0.02357303933636113,-0.02350892171085053,-0.01975408887539439
CHE,ssp370,ukesm1-0-ll,-0.0002735251235801255,0.00011744908728547562,-0.000173084223352747,7.137213731748291e-06,-0.0005416217238354153,-0.00022261673538313763,-0.00016392971587087315,-0.00029511632411000934,-0.00023635197001076246,-0.00021215480968363458,-0.0005640707144400903,-1.5230397228073297e-05,-0.00038733142446432625,-0.000760894938061755,-0.001344410141918337,-0.0013891272364178612,-0.0010026206520766497
CHL,ssp370,ukesm1-0-ll,-0.0003434148286492439,-7.097823631151565e-05,-0.0002682027934920902,0.00012409701055451255,0.0002109228441845628,-0.001105205311188946,-0.0009606995577465897,-0.0007870134531773714,-0.0006696810924904965,-0.0013836604022633692,-0.0011414227070702066,-0.0005110637990619467,-0.000748585343613267,-0.0013773663725403045,-0.001390529011478802,-0.0016486622243683273,-0.0016791892312021685
CHN,ssp370,ukesm1-0-ll,-0.02124105432290987,-0.033531828748520426,-0.03617032142730478,-0.035414977021950345,-0.04204217365319436,-0.0512214456777337,-0.04290429880201286,-0.04102938653927157,-0.05074045660563253,-0.05278855482755096,-0.059463178660386376,-0.05536816004029101,-0.05664813440718964,-0.06711368719041781,-0.07871207890649923,-0.07431711299341215,-0.08747496450445477
CIV,ssp370,ukesm1-0-ll,-0.1547566759617015,-0.12755796216673257,-0.06315877797294399,-0.05380572754732988,-0.06900912322464099,-0.07240522016035221,-0.07838815388721522,-0.05751390647918296,-0.05033806805982286,-0.057221818832278865,-0.04832968502141907,-0.05018866509368762,-0.045956937130309614,-0.0464120476888711,-0.04234214180814138,-0.0409096094590948,-0.039014970590374926
CMR,ssp370,ukesm1-0-ll,-0.14915977712662598,-0.18676690410160574,-0.06705374460509775,-0.12776962172240924,-0.1143433518464219,-0.1779999860900583,-0.14555219016204834,-0.12439346579700247,-0.12370745293621777,-0.10589294056034079,-0.0960330072503503,-0.09186489235775734,-0.08768984661521706,-0.08917935096093199,-0.08132808268931148,-0.06773568952276282,-0.0735826466988581
COL,ssp370,ukesm1-0-ll,-0.0026331659606787824,-0.021314647773715556,-0.009796373688535115,-0.009663789809227195,-0.010742877916426823,-0.01730690801962862,-0.016796715920149998,-0.010667997783254743,-0.01760744895018197,-0.019452029153619772,-0.01734113773128831,-0.01638011836039077,-0.0161293203177324,-0.01646680032836064,-0.01909337972215577,-0.015632858654693722,-0.018997558823090926
CRI,ssp370,ukesm1-0-ll,-0.0013180175380271264,-0.0024914319779606175,-0.001396589435602008,-0.0012651976018901328,-0.0015222050691925397,-0.002362201169492199,-0.002519273626170683,-0.0012350026756117079,-0.0017918602708773162,-0.002188950773251899,-0.0019314943330412029,-0.002610673501465539,-0.0024805573229534964,-0.0024228826701099874,-0.00260981685014683,-0.002612309177962455,-0.002530635090160297
CZE,ssp370,ukesm1-0-ll,-0.000836586132958491,0.0016049539613876241,8.191121000878407e-05,-0.001590478084528145,-0.0035463979534132634,-0.00653268107187884,-0.0035880464824904123,-0.002759629329343486,-0.0009591308461311908,-0.004238073181415083,-0.008351427053043007,-0.002521035069270676,-0.005227665200056937,-0.007165823860909155,-0.007248040968381762,-0.009398096172167785,-0.009583129683644775
DEU,ssp370,ukesm1-0-ll,-0.0012559847420478768,0.0002794254266541065,-0.0001920252977503304,-0.00011477401989365065,-0.001656267587284371,-0.0014277134324632461,-0.0009004206771953582,-0.0023843385040258004,-0.0008864588051040007,-0.0011941813205787433,-0.002838443431915498,-0.001024229071617017,-0.002190045918308297,-0.002882413155681658,-0.0041541342569227,-0.0053177806628700594,-0.004076683346473427
DOM,ssp370,ukesm1-0-ll,-0.001466964732773542,-0.0018995556049938686,-0.003025346829959795,-0.0023827209304845176,-0.002838016633451616,-0.002369849764786656,-0.003535875089510948,-0.0021158575607243993,-0.0025944206241367367,-0.0037971803965877963,-0.002450100831210189,-0.0038562876699178837,-0.003209051340469782,-0.0034124710227027132,-0.0036113857103870902,-0.003660736951183389,-0.0037920076901140367
ECU,ssp370,ukesm1-0-ll,-0.04087331312819645,-0.10208746665261591,-0.0569845884226208,-0.05274523142937232,-0.06794772546414114,-0.09751927802494845,-0.06260878474223838,-0.06888219939554878,-0.06784138586327278,-0.06459448009937291,-0.062493176594120695,-0.06220825346279753,-0.05589442963091023,-0.058676548066575226,-0.061189225993562885,-0.05044757778259317,-0.054218435602095744
EGY,ssp370,ukesm1-0-ll,-0.00694739783460024,-0.0016665831028963244,-0.00015054863510949513,0.003912551793798604,0.004905573103055452,0.004457114306748653,0.0032026456194896966,0.004782445523848035,0.0044416963228217105,0.006238006548402137,0.00784797110176004,0.0064942026714103224,0.006611618330712114,0.0070403147319906744,0.0074366912594670325,0.008172243510195043,0.009688415557510635
ERI,ssp370,ukesm1-0-ll,-0.23137884671175446,-0.3083233334410852,-0.35327681881602885,-0.13528218774163595,-0.20376522276838316,-0.39745468176658905,-0.3603651227340801,-0.2905304384578844,-0.36902620718371043,-0.35026305005899827,-0.2406844064424956,-0.34545017940863953,-0.40140374200250206,-0.364707034494506,-0.36258736144292525,-0.2780051406941854,-0.37137180861664665
ESP,ssp370,ukesm1-0-ll,-0.00471996330774246,-0.003911214100989499,-0.008951243153027795,-0.004448927685163859,-0.009335956317470013,-0.008325710732868245,-0.01003655033931428,-0.012886133247772323,-0.011832828642374766,-0.015525955673165667,-0.013673217354763732,-0.012847335672684212,-0.0161367752109702,-0.015090737799353732,-0.018918558107984835,-0.018843935815245814,-0.016992265536999486
ETH,ssp370,ukesm1-0-ll,-0.08839200163630503,-0.06392121487534598,-0.09747126497626936,-0.03102961786674535,-0.04632577198293464,-0.06455076735660079,-0.03476827746153915,-0.027381728013260876,-0.03764087443484036,-0.03195742932711481,-0.02678408619997634,-0.02746988437462932,-0.029122051671607994,-0.024971885163331167,-0.021708530909621923,-0.0177719242328452,-0.023571613622942043
FRA,ssp370,ukesm1-0-ll,-0.004661222952475124,-0.0035866197493332978,-0.007617990889879807,-0.001089374775984501,-0.00814226087941163,-0.005415519002580121,-0.006368905987158912,-0.009104577675372911,-0.007666621096110713,-0.0073771142325105964,-0.006957775842732545,-0.006529255094195151,-0.009991072477578244,-0.010007685909024054,-0.013046932824118538,-0.01446729204300495,-0.010983546562685575
GEO,ssp370,ukesm1-0-ll,-0.03935853167576432,-0.014235997227270142,-0.034492178735303816,-0.030963856935601247,-0.011762444414837103,-0.024745663270983223,-0.02469370760512865,-0.03145698949868057,-0.03185131709865184,-0.03250578699839193,-0.03934958194466768,-0.03364895900782873,-0.03311388447866885,-0.03339575379808691,-0.034232542623738205,-0.02363110351396524,-0.03533765359114434
GHA,ssp370,ukesm1-0-ll,-0.15825791265071426,-0.0949612064437931,-0.04934060682566124,-0.06441842176735912,-0.05732639996001364,-0.08831009661064973,-0.08135934755435678,-0.059085848687043516,-0.06170499100186535,-0.06772853195224347,-0.05597704314226845,-0.053709601043093254,-0.05209486385180924,-0.0504101550683543,-0.0454230178925618,-0.04153949224149116,-0.04108449490889623
GIN,ssp370,ukesm1-0-ll,-0.11597258000491703,-0.07686792186528865,-0.05031072525706915,-0.02253668995326735,-0.04139169143579726,-0.04634047382314499,-0.044889754608353635,-0.032467578067266405,-0.03262254379964742,-0.031061605434381242,-0.025438681698291374,-0.027680478775922533,-0.025985995775409113,-0.02439238456297476,-0.02541029532326074,-0.02026376149947507,-0.022918687899910535
GMB,ssp370,ukesm1-0-ll,-0.043776386556771484,-0.05594013152627746,-0.044849846063672906,-0.014649613814015847,-0.018049955093683144,-0.03096430582566599,-0.027072034586754074,-0.020396455173520574,-0.017866988958278065,-0.016339864611636744,-0.011606551210339459,-0.0122847377703145,-0.013126615364207029,-0.011167707174566914,-0.010524676470350838,-0.008393566506600888,-0.00896337853524621
GNB,ssp370,ukesm1-0-ll,-0.13155711383657798,-0.2293373009997248,-0.14652444593250977,-0.08476813687368796,-0.08673261884214671,-0.14158154860411018,-0.12863619761996636,-0.09932345269038144,-0.08940162596795925,-0.07870568424017996,-0.053890844774545005,-0.0567804560419752,-0.06077632796817771,-0.05310848997449885,-0.05139756618714797,-0.04052981970107472,-0.044900944424868916
GRC,ssp370,ukesm1-0-ll,-0.007575684863321034,-0.014858032302700398,-0.007183620147879512,-0.02485935252359552,-0.018523500561444806,-0.02549781756958808,-0.019582207005727787,-0.025482894818562064,-0.02436522934462206,-0.027526486933866567,-0.030085618669452547,-0.02450186932879248,-0.024453590933054655,-0.03276807964042642,-0.030990685139773398,-0.031732132703487535,-0.0325618409856961
HND,ssp370,ukesm1-0-ll,-0.055768327082129615,-0.16916118354716012,-0.1164771168117181,-0.09465126750238982,-0.1097743521457916,-0.11890963358389996,-0.12279913234035772,-0.06586845711788596,-0.07717716198218855,-0.09091333560632525,-0.06279035861221818,-0.0895331852026321,-0.07044001045802067,-0.07348300336527157,-0.07205458608121267,-0.06569104381579761,-0.06092026950810668
HRV,ssp370,ukesm1-0-ll,-0.030895668266698224,-0.10684373333605147,-0.11392391920809204,-0.4946083164517254,-0.6199159757914008,-0.7545153611401659,-0.5816580282743888,-0.7290080687723531,-0.5352204919365774,-0.8748531803777907,-1.0073753999786588,-0.7767235667284214,-1.004688715512256,-1.2806790260115042,-1.2501048474126615,-1.5167636558968796,-1.572348362014773
HUN,ssp370,ukesm1-0-ll,-0.04312788360814313,-0.007429377967198549,-0.010058837845276494,-0.03540954749005885,-0.043107101003207075,-0.057019235027265525,-0.04164739520931902,-0.04854847985835776,-0.026652667758443094,-0.05245330668884549,-0.06685727369494518,-0.05032775576481297,-0.06158402204315237,-0.07231164930659473,-0.0672805728336575,-0.08043769546508371,-0.08208568437761536
IDN,ssp370,ukesm1-0-ll,-0.019602485421594006,-0.05061592153950202,-0.02564654337480051,-0.04503628422045306,-0.03598768583810821,-0.05134981733101606,-0.04444142352753424,-0.03491349220301803,-0.04813274875701165,-0.054023398603966113,-0.04541804959093956,-0.05063144209096306,-0.056494844486828046,-0.0623158626834325,-0.06573395329289551,-0.05416995382273913,-0.07067295712001549
IND,ssp370,ukesm1-0-ll,-0.012556797724561593,-0.01260817818595042,-0.0029456957583453704,-0.006704358437276581,-0.006132455373432067,-0.00910781271702002,-0.0058206107766402655,-0.005785063222885244,-0.006260467720710526,-0.009685207064643634,-0.008588948686262095,-0.007122610657750713,-0.010299707573697855,-0.010761145078612547,-0.010889225572045105,-0.009396652251486209,-0.012319131558491245
IRN,ssp370,ukesm1-0-ll,-0.0007938312791610512,-0.0003097236095076232,-0.00042967283407400976,-0.00032622142556381354,-0.0002557615986360092,-0.0003072847593824526,-0.0003261321046906894,-0.000332325357879326,-0.00031548108088558203,-0.0002626928700671569,-0.00036006035790197373,-0.0003093578100741742,-0.0003257337866353627,-0.00030345867024206903,-0.00027637689147358814,-0.00027187168798814126,-0.00031652719998184986
IRQ,ssp370,ukesm1-0-ll,-0.01017365235434654,-0.0091816898279028,-0.013576219945715928,-0.011517116581816497,-0.007432068336645707,-0.009105987430067936,-0.008702024234277017,-0.0063718431087341106,-0.006536796966220451,-0.006058475279622906,-0.004281713311610588,-0.005332355632562044,-0.0027578453002539438,-0.003350538365444506,-0.0025326835441050405,-0.0018241824126443607,0.0015085671205662425
ITA,ssp370,ukesm1-0-ll,-0.00020522696684392768,0.0005969096388877558,-2.646063442966292e-05,0.0008573781947527156,0.00045794594210588204,0.0010140794725620596,0.000285232515911424,0.0007847886668427008,0.0012931014470679756,0.0015702538447159445,-0.0004896060589338727,-2.4448288557071557e-06,-0.0005657330472978817,0.0002778300338741094,0.0017719277646043165,0.003640590289672782,0.0013165158176165297
JAM,ssp370,ukesm1-0-ll,-0.002358763570803938,-0.0051225353625405775,-0.002854196996248311,-0.0031144070272742606,-0.006188545309736946,-0.0032673503804034917,-0.005655021057487329,-0.004298046979310511,-0.0038125246235285394,-0.005328880990790795,-0.004458095436738772,-0.003960746168204189,-0.00429902911387066,-0.004896263827023439,-0.005619652771056721,-0.004392804042294039,-0.004797331916212384
KAZ,ssp370,ukesm1-0-ll,-0.0025804649689054183,-0.00511301190703602,-0.0074541335589305945,-0.004287100942153084,-0.004533034541640265,-0.004337980339723168,-0.00597071336803328,-0.005898809235775553,-0.005507919812069878,-0.005297882161091509,-0.0078612986954791,-0.008209714427272854,-0.00804186878962485,-0.00800461762522325,-0.008123850266135012,-0.009059213398587987,-0.009644821510151082
KEN,ssp370,ukesm1-0-ll,-0.14292794919109725,-0.05425785951491945,-0.06790908589752344,-0.04376345398230403,-0.0704084901749448,-0.08190713100716336,-0.04558244598698562,-0.04710455099573426,-0.04337501255429877,-0.03835215031906824,-0.03379066729405516,-0.039682507193535825,-0.0345118820043377,-0.03210088472701734,-0.03331588281339452,-0.02856240259875424,-0.031137878123547607
KGZ,ssp370,ukesm1-0-ll,-0.012117862766369683,-0.033153025931734,0.0007278452940869541,-0.003483683601540062,0.004012664174159133,0.0003107549323989071,-0.06019200741629932,-0.000963184471813936,0.0007146954487136662,0.001494943430040628,-0.014469391146141472,-0.008264414353797519,-0.007406504108553454,-0.0086598781247649,-0.0052009248850866914,-0.023606489627329582,-0.007414632880574606
KHM,ssp370,ukesm1-0-ll,-0.07846594905711801,-0.23059885321906406,-0.09313459461544901,-0.11999204804424171,-0.15437397886271503,-0.10330467501634572,-0.14628645307855115,-0.08518134547439751,-0.10593507388143582,-0.1283335207264326,-0.11099441479565746,-0.07545784213985426,-0.09220542374765271,-0.08418064568203812,-0.09561731401161293,-0.08135079020356431,-0.08907878650398683
KOR,ssp370,ukesm1-0-ll,-0.00015900202641987003,-0.00023129124898131907,-0.000237970735892622,-0.0002187460201242489,-0.0002267150683453434,-0.0003247298361420219,-0.0002595029170836912,-0.00028392615664925774,-0.0003270697336375151,-0.00032292554593656576,-0.00023911088486156914,-0.0003647310796626314,-0.00039799119426123166,-0.0003922811567976687,-0.0004922331318192814,-0.000505547892624886,-0.0004623320315960592
LAO,ssp370,ukesm1-0-ll,-0.0842361092643508,-0.040698007664616676,-0.02268072993971,-0.02969992935108907,-0.03301754332367475,-0.02744899237348931,-0.03243724607144234,-0.01777465760439705,-0.020876983404837606,-0.027920852454982267,-0.026795255130623932,-0.02143787107680321,-0.02208667704728864,-0.02242370598786615,-0.025917495949165256,-0.02003462820544359,-0.024547603510001452
LKA,ssp370,ukesm1-0-ll,-0.008536042904577127,-0.0030943801922732102,-0.0019398722251671495,-0.001651769678911664,-0.0024361454574137326,-0.0015299167909023931,-0.0023486966701317218,-0.0025354034914520456,-0.0026328585580867084,-0.0032674902449473337,-0.003271195603757293,-0.0028803295039690354,-0.0022775805364940787,-0.002895971329518591,-0.003890763452482441,-0.004083563871507025,-0.003847697298471106
MAR,ssp370,ukesm1-0-ll,0.00014452565965549923,-0.0002803269819060364,-0.00048634568539126453,-0.00016731291844329372,-0.0002799444965798293,-0.00034026159452129587,-0.0002513654092636187,-0.00046427038482231396,-0.0003415372588289771,-0.0004993331801935927,-0.0003804599935465457,-0.00017835312718274745,-0.0003627328967891795,-0.0003306418165167659,-0.00031994764364694114,-0.000339590574794592,-0.00033504297269406084
MDA,ssp370,ukesm1-0-ll,-0.0506541778162794,-0.02803821512357088,-0.060074997474864264,-0.15421143528649145,-0.1441026295229852,-0.19710380110176712,-0.1507037326639884,-0.19592099605855695,-0.10976729116362231,-0.18487020532335666,-0.2581881201859041,-0.2408014671509235,-0.254938335190437,-0.2964041744605195,-0.2561831781196733,-0.2900537548265488,-0.3020980296968943
MDG,ssp370,ukesm1-0-ll,-0.010462119311947944,-0.013942338228447532,-0.0022292136696908703,-0.006168192149995532,-0.0068389333415425245,-0.006516989495767674,-0.005706189493454921,-0.004021274392609242,-0.0050369575541989575,-0.00539254801349166,-0.004067749479904969,-0.004519509519471433,-0.0035102106252890707,-0.0030366050293513347,-0.003184085532039433,-0.002631915630080425,-0.0022903473535044786
MEX,ssp370,ukesm1-0-ll,-0.021926793339883205,-0.06298880127904787,-0.03938830149345355,-0.04060387212636959,-0.039698610958232294,-0.04895836041183588,-0.05726463312147245,-0.033187173658368346,-0.05484507374965454,-0.05056873019578931,-0.05262304802033019,-0.06250402788019396,-0.046374776024680674,-0.0622999234253499,-0.05282358498129376,-0.05815493042970371,-0.05476976121109098
MKD,ssp370,ukesm1-0-ll,-0.012301763670715182,-0.011724841066868292,-0.0016710075333968147,-0.02882044422725012,-0.024257706602023095,-0.032690413180260676,-0.019129939052120192,-0.03127135997938446,-0.01875023934927224,-0.02943138389294436,-0.03438119885808348,-0.03184538355717277,-0.02865307965204031,-0.04243715110101045,-0.04200927195356091,-0.04366240874761552,-0.04600992524605325
MLI,ssp370,ukesm1-0-ll,-0.9543098046132179,-0.5656192991089447,-0.6089535815429583,-0.2939554068514291,-0.5025979953112736,-0.5661269992375915,-0.47334127629293865,-0.3434077268692871,-0.3600021440545911,-0.3189020385317602,-0.2721205447261393,-0.2807515397618747,-0.2661139155997508,-0.22918082008573293,-0.23600651685148008,-0.17626396747310666,-0.20445742794967242
MOZ,ssp370,ukesm1-0-ll,-0.28755817123780547,-0.2655499456679324,-0.14428369516141745,-0.12265372618474575,-0.18530925075319393,-0.1292057812543881,-0.09937086210257658,-0.12167386962059525,-0.10803772853823587,-0.09350030718965957,-0.07002271237093552,-0.060444723586435316,-0.06171170136787527,-0.07079305781306026,-0.06165601169944965,-0.057654394901161775,-0.04371798535251981
MWI,ssp370,ukesm1-0-ll,-0.6417964635000167,-0.399324177569809,-0.16141053596230012,-0.2359304903410605,-0.31319845930090007,-0.20402616232125503,-0.18563349936534002,-0.13219454997977023,-0.13832446164381337,-0.1353798507427809,-0.09225680380230444,-0.06733977763935209,-0.06818230742240886,-0.0779776552826545,-0.06209083130776499,-0.05556901256401901,-0.039880405613927375
MYS,ssp370,ukesm1-0-ll,-0.0001572734181071607,-0.0004944957807522618,-0.0001993494089000424,-0.00018641232318153945,-0.00023290759934564576,-0.00032223468777937254,-0.0002332256592765349,-0.0002446868964117257,-0.00028979523301912274,-0.00032820154859254235,-0.00036641625172020425,-0.000285415805263372,-0.0002868642562838217,-0.00037373876080416005,-0.00037574361824537666,-0.0003313686763203829,-0.00035807085677654955
NAM,ssp370,ukesm1-0-ll,-0.014655952176391825,-0.07418511781961695,-0.02250603200982212,-0.025963823062292973,-0.03741607072891563,-0.025087317772475887,-0.018768001304800233,-0.03402831423938853,-0.025834414351097602,-0.02806307038089648,-0.028846701894604643,-0.016424977737888362,-0.021254368285375552,-0.020361534172833887,-0.019144182013114713,-0.018519446120609375,-0.020609913687403933
NER,ssp370,ukesm1-0-ll,-0.0028860537398965433,-0.00399661761996421,-0.0026470706561814244,-0.0019463191324230536,-0.0020676097994752826,-0.002878410142342496,-0.0020179244583187206,-0.0006789721039971307,-0.001394773044776804,-0.0014382495948510171,-0.00048218494020399813,-0.0008534765191931026,-0.0008822018888687614,-0.0006657494889138787,-0.0006362244478168074,-0.0004013985711568543,-0.00047920025158363304
NGA,ssp370,ukesm1-0-ll,-0.05844540417806526,-0.043809956108609424,-0.01437779768597502,-0.03077507385853916,-0.02533155467725168,-0.03367996697509588,-0.028373959894569856,-0.022612327218677522,-0.020805933063401217,-0.01991833517182607,-0.015549577619209385,-0.013923973236162703,-0.013744711759452018,-0.012697501727217817,-0.010386583244902589,-0.008964138623328982,-0.008137010791031964
NIC,ssp370,ukesm1-0-ll,-0.030620799837333675,-0.1571218436492599,-0.09114233638637775,-0.07152769921381773,-0.09254261376549341,-0.1272368848680669,-0.13125617875815568,-0.05010769245762181,-0.06259094505069987,-0.07877010787451473,-0.05788191752921111,-0.08460982621501968,-0.06723227762623869,-0.06552000799043149,-0.06691210654687467,-0.06147017057417822,-0.05395554603501581
NLD,ssp370,ukesm1-0-ll,-0.0001647757202220898,5.522559506076004e-05,1.3911203543994965e-05,5.587610125245048e-05,-0.00010991054297214691,-7.29347137481358e-05,-6.7211739126277865e-06,-0.0002156472182510129,-7.03238896223247e-05,-1.114434469420711e-05,-9.189946783114638e-05,-7.455826059255883e-05,-0.00011338145701682108,-0.00018523970960243553,-0.0002854311762316168,-0.00039903374447703126,-0.0002308310187078202
NPL,ssp370,ukesm1-0-ll,-0.06011078558471162,-0.039327517644014535,0.0011835966314922433,-0.04874809793665495,-0.08595940067046742,-0.08894569842664381,-0.0778402855046791,-0.01157374832006009,-0.1175351208544598,-0.07356354164437501,-0.08375958279916985,-0.059408575618724355,-0.11490873635987206,-0.1341002691695905,-0.09409720844021027,-0.1154210288962051,-0.11064853777073996
NZL,ssp370,ukesm1-0-ll,0.0004929205153615466,0.0013082476079062523,0.0008345227097457407,0.0005492115548358164,0.0004372359810992398,0.00015131084042176212,0.0006785589536466538,0.00048629144148299114,7.540098555700464e-05,0.0005846217183680338,0.00040845618376084234,0.00030574432763824015,0.00022900037188595897,-0.00019542243986652276,0.0006555315486506316,-9.49792946333493e-05,3.821301701959599e-06
PAK,ssp370,ukesm1-0-ll,-0.04788449036723612,-0.014702492760557509,-0.019016331408847162,-0.02053589471507514,-0.006140459164620784,-0.013817296142215038,-0.012269079399619808,-0.015609192404987114,-0.015344905097383496,-0.010249434663241458,-0.010648450269844721,-0.007909278277165938,-0.007863481073618743,-0.00822107464995038,-0.006208852269369317,-0.005137963617598183,-0.0053191552670227675
PAN,ssp370,ukesm1-0-ll,-0.010853431589736832,-0.03301705843847724,-0.01228970828019095,-0.010781585663926053,-0.01311720022902847,-0.019432983104190477,-0.01589511092525441,-0.010463735864210162,-0.013967936633445265,-0.016129367597926925,-0.016165713504849435,-0.018907912498790598,-0.017583133310156047,-0.018178206692616973,-0.019538463522154634,-0.017586200343699194,-0.019184985032363364
PER,ssp370,ukesm1-0-ll,-0.016002601932386323,-0.022082859187311094,-0.011468867955918342,-0.013103877817864337,-0.01074417013840099,-0.01975893646978678,-0.012089704072193,-0.007998443358335426,-0.012434853312368493,-0.019309271564245303,-0.009477247441121033,-0.010584671421615137,-0.012690973416709005,-0.014189147972977465,-0.01568365562665979,-0.012099573207652732,-0.013584296174683262
PHL,ssp370,ukesm1-0-ll,-0.02178341589954396,-0.08970865323629908,-0.02862285598537689,-0.029699661441846152,-0.03599044368195384,-0.04367325883448313,-0.04725296705746317,-0.049562320733035,-0.050637223520034406,-0.06587003304862663,-0.04428060748982932,-0.03977363513333337,-0.037407297711437755,-0.04778597552157347,-0.04874558170567492,-0.03755622217430385,-0.04890078219956278
POL,ssp370,ukesm1-0-ll,-0.0026183510057004394,0.0036868266488541052,0.0018248900244626101,-0.006192723418211784,-0.018889098432599977,-0.029291244496040026,-0.012702511938916474,-0.016144536807555412,-0.004815756691584364,-0.020722899825629575,-0.03560703328820242,-0.014468287326355637,-0.026215973458730876,-0.03403579858663557,-0.03633684306189194,-0.04739460918722868,-0.041036137108121686
PRT,ssp370,ukesm1-0-ll,-0.002588011495637832,-0.0012873208196830539,-0.008975898819134295,-0.0024665662702778378,-0.006353861050870723,-0.004685205828860588,-0.005682388897034458,-0.012266040081754512,-0.009731511154147422,-0.010882611960832135,-0.010669735853090077,-0.011779901687302766,-0.015619278459106416,-0.012027856564424002,-0.015433306094715386,-0.01565654569149262,-0.012406122819828627
PRY,ssp370,ukesm1-0-ll,-0.18873289719512254,-0.22610639396268184,-0.30581828316555254,-0.29170481753099714,-0.29361173920332334,-0.23640218811151817,-0.35435312362907356,-0.1665554374819247,-0.14034076332578346,-0.21136936382887336,-0.245828329404473,-0.23797556015756685,-0.19479266845370527,-0.24263131246204006,-0.19288389669710712,-0.19878235262125546,-0.18902077382458482
ROU,ssp370,ukesm1-0-ll,-0.033782949931930234,-0.02240344605162887,-0.01511284688395972,-0.10151540429715018,-0.08139728659972326,-0.13816617082873098,-0.10746956879744349,-0.12421229531248514,-0.09603620278106675,-0.1508464984419573,-0.20960480252381541,-0.18397506608059028,-0.2011726293363542,-0.2461361218942079,-0.24819150393541237,-0.27877097054638206,-0.2935644192211369
RUS,ssp370,ukesm1-0-ll,-0.009754858252744924,-0.00888584753335872,-0.012960086790407327,-0.014144062137829079,-0.014730696859039922,-0.01121653056397254,-0.01233297735379589,-0.017925024879384004,-0.012675823290040108,-0.018468186288916267,-0.02515724380845894,-0.02437670702168375,-0.022452000972191775,-0.02435893791594509,-0.02475419754221307,-0.024622979848677076,-0.02785074992795011
RWA,ssp370,ukesm1-0-ll,-0.020748801980501427,-0.0260203735934292,-0.029700808119001002,-0.026270876945349984,-0.022120920462057356,-0.03841581051730213,-0.020872500575216616,-0.03303185793443968,-0.023108470547918515,-0.017939653319319376,-0.012140925014850576,-0.015987736974903407,-0.01756479566416564,-0.010552583833171219,-0.013025678565138386,-0.012205002808808731,-0.011301690883587547
SEN,ssp370,ukesm1-0-ll,-0.15080367959939855,-0.17377348591931063,-0.13551367331328265,-0.04442706582006231,-0.08479966662359614,-0.12797641917117283,-0.11377388082493467,-0.08871969113624271,-0.08626872318172184,-0.07938689779859315,-0.05720463308105636,-0.061701730661448,-0.0645520860007962,-0.056194810095296865,-0.0536849075196122,-0.04181306747411146,-0.046096060504537496
SLE,ssp370,ukesm1-0-ll,-0.03016295727498735,-0.008106446721333718,-0.004962956092431463,-0.002910881552855102,-0.006411974570079769,-0.006276785402340546,-0.007056428348396258,-0.005133080328218813,-0.005845702208142048,-0.005340443172536563,-0.004113670996454308,-0.004447304627548223,-0.0042466871395381986,-0.0038168845673771223,-0.0038877125579953,-0.0031331675544966323,-0.003344643416874987
SLV,ssp370,ukesm1-0-ll,-0.1306203416875891,-0.3302196036858225,-0.22837009985125478,-0.24035998606164885,-0.24685005112162584,-0.30359768196819026,-0.3237159398922188,-0.19065709315335466,-0.22344101830741206,-0.25488274965252905,-0.1925948451225572,-0.27426526781347743,-0.21505303131364759,-0.220347321967791,-0.21421628564322046,-0.20163023340984332,-0.1884806327912275
SRB,ssp370,ukesm1-0-ll,-0.1533659782456006,-0.05677464891268916,-0.03859132097871728,-0.2583291395211813,-0.26725993666096326,-0.36863820204232295,-0.25949605800390463,-0.2794453997513272,-0.1875267257835056,-0.34926407190670916,-0.4282871875813483,-0.36924093280333553,-0.41317998060586697,-0.4908791314177322,-0.5066517624866138,-0.5462754831652854,-0.5874287485074119
SVK,ssp370,ukesm1-0-ll,-0.007440058674618311,0.0004249388909180885,-0.0018804949209445053,-0.007550251729696884,-0.008682560270255508,-0.01351914448614538,-0.00914029170161091,-0.010615741043536412,-0.004991591497803664,-0.01105049979599368,-0.01755011667386085,-0.00990092858398295,-0.012381367928321379,-0.01634547174055184,-0.01456122323516306,-0.016613342188874017,-0.01824461119985666
SVN,ssp370,ukesm1-0-ll,-0.0010365057939180947,0.001514635190543605,0.00011255261352584372,-0.00298584455434514,-0.006107857500481371,-0.008608218197117809,-0.0054902228132773494,-0.006400265317189884,-0.003885763055661375,-0.007080811748912852,-0.014012893106175714,-0.005705156088115394,-0.008321504980330916,-0.012341096872382808,-0.012708947877150597,-0.018715183111761652,-0.01785508910867392
TCD,ssp370,ukesm1-0-ll,-0.17615689347957061,-0.16741986006321108,-0.11810032557919314,-0.05613989351375484,-0.07767666589008565,-0.12317140020330357,-0.08052949562956084,-0.04686058456928394,-0.05956943239640573,-0.05195878538462664,-0.022756588315101425,-0.03308455645341187,-0.038977072392225476,-0.027719514906114434,-0.02859201226176272,-0.019952884459731028,-0.02564827786464051
TGO,ssp370,ukesm1-0-ll,-0.4400589812779689,-0.5100431601940851,-0.18517765791491442,-0.4604521766011805,-0.37971110970477595,-0.4584141618577166,-0.42971758299007473,-0.29577017245431986,-0.301115089207938,-0.3258774329156229,-0.26632346637604093,-0.2476646251868939,-0.2452002783720991,-0.23704717167476932,-0.21003387529661305,-0.1926741198603147,-0.18235492518779642
THA,ssp370,ukesm1-0-ll,-0.03243129523724443,-0.04838660758863261,-0.023574620936890903,-0.0368637865674524,-0.03834386454378614,-0.03315732827636996,-0.052730823669265375,-0.026644937165121008,-0.03923271155862107,-0.05381628591499838,-0.052934241537711285,-0.04391839099575694,-0.05304934725192867,-0.05013231842269432,-0.06600021765095383,-0.051902998238952634,-0.06535738802735398
TJK,ssp370,ukesm1-0-ll,0.000344909859871385,0.022514106409887963,0.020889886492006092,0.010269482032683125,0.010159918184451283,0.008463673176826014,0.0021533999450634453,0.01480337670933028,0.010982593725419508,0.007787483534194488,0.007930141667875841,0.007727008533920567,0.00767445013904202,0.0063482964731604065,0.005807202325060161,0.00597630779415829,0.00856161244676426
TKM,ssp370,ukesm1-0-ll,-0.0015832110887704282,-0.002777050983099269,-0.0019889473879787455,-0.0020056835208044246,-0.0015590461880500984,-0.001705554761014826,-0.0015445898957065513,-0.0016880401663561604,-0.001477485690521131,-0.001126798943588889,-0.001393066833510453,-0.001308026817698235,-0.0013223099990464571,-0.0012850727367685422,-0.00118286443342916,-0.0012687338642011316,-0.0012873745703925142
TUR,ssp370,ukesm1-0-ll,-0.006665283298328681,-0.0017621334656986393,-0.002211689403489971,-0.004722936345326431,-0.0019042894198656245,-0.0032218451803181663,-0.003122201491361309,-0.004380027398478539,-0.0037887110144393076,-0.00483492530809082,-0.005684292924102876,-0.004703696306628318,-0.00519987118714911,-0.005835998244332577,-0.0057042095262139015,-0.00521499948589656,-0.006988078292970268
TZA,ssp370,ukesm1-0-ll,-0.18270237728990538,-0.058359734520824075,-0.10449279881866547,-0.05480364101190312,-0.12461103131618523,-0.08495878660227035,-0.07505242399438784,-0.058433926813139005,-0.05582569589895767,-0.052575944191076175,-0.0459718849654528,-0.0482640291088172,-0.03286228864615774,-0.04168238683613652,-0.03461870178598091,-0.03485974915328645,-0.030028801759929915
UKR,ssp370,ukesm1-0-ll,-0.14105494829799334,-0.08740498050766411,-0.10813288101358524,-0.22138235260024167,-0.2328970164671477,-0.2572009867520882,-0.17527364853019783,-0.29606348790968157,-0.14619678245949727,-0.27705571213252256,-0.3837176852508971,-0.3555200124640612,-0.32923729016691383,-0.39528859149207735,-0.29877890958826936,-0.3483754821541071,-0.38647919529679947
URY,ssp370,ukesm1-0-ll,-0.015579686715609282,0.0006365382810807291,-0.0065979957368935485,-0.00698271283325668,-0.007807740427171293,-0.0032398639870486415,-0.004685074113666421,-0.006767108569112964,-0.0071566073924732914,-0.003601394747950074,-0.006319800604767939,-0.007888842127383163,-0.007300464400193875,-0.008662576993085095,-0.008977337385066196,-0.007092599603187389,-0.008806848663645377
USA,ssp370,ukesm1-0-ll,-0.03076363355489491,-0.050807718989340514,-0.034597360578696945,-0.031206279374210794,-0.04297788837424946,-0.04390977239921154,-0.051331072780652263,-0.05543601924699243,-0.07552584393249588,-0.05371567505567106,-0.059810724436063986,-0.06211298908092794,-0.053282274714672756,-0.05063253242223203,-0.06292833581732832,-0.058173499119165833,-0.0564578379646727
YEM,ssp370,ukesm1-0-ll,-0.005045641947734869,-0.001748194603592038,-0.0009142409268106594,-0.0005970716419879056,-0.0011839098439950675,-0.0011043267598783817,-0.0009380008067387734,-0.0006992786072654309,-0.0007028387550133672,-0.000806604857056981,-0.0004913139502778714,-0.0005623861537542824,-0.0005498909410006812,-0.0005872654761798675,-0.0005595686887801959,-0.0003981476640344423,-0.0005492329478724227
ZAF,ssp370,ukesm1-0-ll,-0.04547202795206805,-0.10697030586901128,-0.03862857181413428,-0.014487318011603426,-0.07320378232209808,-0.0784647815779504,-0.061250309232991455,-0.09320932202071767,-0.0994361929364056,-0.08501647378971862,-0.08532213092404362,-0.05547590432127418,-0.06918657237641297,-0.0807487114737872,-0.07490974746390429,-0.06840551861093822,-0.07585273309698184
ZMB,ssp370,ukesm1-0-ll,-0.1746376974963408,-0.1422854681953259,-0.07811668822462048,-0.07009497462283877,-0.0805960474047907,-0.0629136851790284,-0.05008981299728195,-0.056676181979390124,-0.04539861200014726,-0.0405158428848007,-0.030458656144308358,-0.02414273625742296,-0.024171863480726447,-0.02609618778827637,-0.02183303803475414,-0.021168280096490927,-0.01751224129158694
ZWE,ssp370,ukesm1-0-ll,-0.6223369115114402,-0.5214389815608766,-0.4426358648368699,-0.21535323918504476,-0.44232148414748246,-0.4838274404887106,-0.2163807914117974,-0.5488314415444474,-0.4249749974778624,-0.34605541147835533,-0.2062540048071983,-0.20356987620507977,-0.18478822962679423,-0.2586908411276767,-0.2026121264383893,-0.1997284854187729,-0.17507739277789822
