country,ssp,esm,2020,2025,2030,2035,2040,2045,2050,2055,2060,2065,2070,2075,2080,2085,2090,2095,2100
AGO,ssp126,gfdl-esm4,-0.01584401229467371,-0.004248983046626023,-0.010211006588388138,-0.0055456063313212775,-0.00251018590952576,-0.003288264038515209,-0.006826965229853711,-0.0031259762819987142,-0.003985226568454266,-0.004414097228258207,-0.0034771751837300775,-0.0015881169761066119,-0.002329981822642809,-0.002678869970276313,-0.0007988134121338303,-0.0009758410705470398,-0.0013790200252594058
ALB,ssp126,gfdl-esm4,-0.03816332158327468,-0.1717625615552317,-0.12612726384188153,-0.11209785454704571,-0.025986049205576775,-0.04137228752951381,-0.002798149411719777,-0.03361932469666269,-0.02901665396282838,-0.04409527202297705,-0.08690137332075905,-0.07537497561295209,0.0017378543784921006,-0.12873100059248252,-0.06176210125000424,-0.03816514016308153,0.007493061125696895
ARG,ssp126,gfdl-esm4,-0.012671749390099542,-0.0004217913365416393,-0.0024976920808329407,-0.0016111907830391751,-0.0025999054218510047,-0.0016206716710521075,-0.00018883154476976978,-0.0008349852528662705,-0.0006115776434729272,-0.0005058490004162101,0.00037579672892431513,-0.0005868332589351211,-0.00024342739176171904,-8.190032502089141e-05,-0.00023365766856491783,0.00015171966676118636,-0.0002789627000506075
ARM,ssp126,gfdl-esm4,-9.995653313365685e-05,-0.0007654406431460879,-0.0005058071335684685,-0.0004541540605713957,-0.0004856279126634372,-0.0004071799787382476,-0.0004962396975713397,-0.0007243785423654504,-0.0001552732845108635,-0.0012222038913670126,-0.000752057125018743,-0.001122646663472856,-0.0005137759414495313,-0.0009283281451063281,-0.0005778032526105493,-0.0005882758302507338,-0.0006443494673123247
AUS,ssp126,gfdl-esm4,-0.0002555198653804939,-0.00010561932504822197,-0.0005534413411532591,-0.000295315566803608,-0.00035187293279294606,-0.0005385135642085293,-9.64742348247677e-05,-0.0005353284442718018,-0.00020690781198511095,-0.00026151195048315,-0.0002772237773370039,-0.0002901945487249952,-0.0001985922598713204,4.7263455520496036e-05,-0.00031014654097212763,-1.2772159385148547e-05,-0.0002002265873676005
AUT,ssp126,gfdl-esm4,0.001672829536268116,-0.000904501220715122,-0.003948842980286466,-0.003839436028958308,-0.00230191742471481,0.0009164252651021476,0.0016047651776101522,0.00040026559793245395,0.0009182992484007468,0.0007675513607024517,-0.00463230436755656,0.0006006355384737422,0.0011494884268947296,-0.0015212557596944911,0.0005136696712995986,0.0007123190875899175,0.0018979525124845974
AZE,ssp126,gfdl-esm4,-0.006015504850126377,-0.018401994827803227,-0.008917842618901358,-0.013488118562937674,-0.007977638591732237,-0.006788891261818033,-0.012547592902503454,-0.009002999531490391,-0.0039616262412530715,-0.014003533140537103,-0.007021025335527832,-0.011322927235845666,-0.007678137472355819,-0.00840144972662615,-0.00480016537486703,-0.004324225834411693,-0.00399945223078856
BDI,ssp126,gfdl-esm4,-0.2806257814685492,-0.18102766990525224,-0.02126369377744029,-0.0556999578305997,-0.011624345576345643,-0.007842211129864081,-0.005075850758666037,-0.009196062021298213,-0.006687295658959791,-0.009093149000629339,-0.002427539369499714,-0.0038053914772878047,-0.0029442666052765278,-0.0015821140290643821,-0.0023150206100378073,-0.001969470167741572,-0.0017011906955570388
BEL,ssp126,gfdl-esm4,0.0003147443789547108,0.0005795140554607723,-0.0004517545305863771,-9.825960378096623e-05,-0.001291618653864897,0.000357690904657099,-0.00012029331867377668,-0.0003135334583554416,6.229516788755649e-05,-0.00011686930386900623,-0.00024079132877945575,0.0002753738839315733,6.922415472355024e-05,-7.996670871882718e-05,-0.0001225810074322813,0.00018731523145034898,0.00010932502564475635
BEN,ssp126,gfdl-esm4,-0.31645129789326504,-0.1156017308375643,-0.14614244060657205,-0.13119441394364798,-0.05057536190994687,-0.062384223447685634,-0.07154653589260562,-0.05273895186360193,-0.0680392886865646,-0.038236984982154804,-0.03225486239413388,-0.0275332670681617,-0.01071190935456832,-0.00821172795175511,-0.017176850295451587,-0.01638964742104698,-0.008083082882244613
BFA,ssp126,gfdl-esm4,-0.31306864891855146,-0.3187244512600889,-0.14922563199116584,-0.031624053987721425,-0.09219948739304154,-0.059547422813455736,-0.02593838650711129,-0.04801378714935518,-0.045087210008825575,-0.03344179896705676,-0.016748481401204295,-0.01780343341343054,-0.016001319089045243,-0.01021589920426481,-0.009363745364682544,-0.012288146221760714,-0.0036410625189217533
BGD,ssp126,gfdl-esm4,-0.015707938510354277,-0.013705380256450028,-0.00774854630775719,-0.0030322095931087484,-0.008642943350340817,-0.0036346742052795833,-0.00196156318779183,-0.0013610290993508374,-0.00389638545985072,-0.0015461960247535264,-0.0010124430291033747,-0.0011168229867419817,-0.0023457656013463617,-0.0007587000441699177,-0.0005383882800463112,-0.00021245293118643614,-0.0003638130650830219
BGR,ssp126,gfdl-esm4,-0.1176558808400142,-0.15716358294555746,-0.08945370839423221,-0.049600838945345574,-0.04373255677363637,-0.06336137643616399,-0.0021333651796410992,-0.027079786038668775,-0.051722447458996554,-0.013721714612311304,-0.05429992207881155,-0.07965705030816571,-0.0015153894799405238,-0.10527923422895015,-0.023217376904592916,-0.03174055711289954,0.001530265870098584
BIH,ssp126,gfdl-esm4,-0.04865480841549677,-0.10502107523726335,-0.10157872317062895,-0.059490962632936184,-0.027589148063896417,0.002808457436199583,0.015434825064428464,-0.019250275189160587,0.0076339555918027826,0.005608401206716585,-0.0878389156824135,-0.04963570959037808,0.016794846657294416,-0.08676659772465967,-0.045110996816574864,-0.024967508604941138,0.03903755637344237
BLZ,ssp126,gfdl-esm4,-0.2149635382665358,-0.056698292308966274,-0.1589976913144958,-0.03800020509566689,-0.0578853151909685,-0.030355155406557695,-0.04561104152723241,-0.0356264119346955,-0.035161991960695214,-0.01246321041162306,-0.011102915059039311,-0.008929422129664846,-0.011309690047576705,-0.005077330612792288,-0.01697005908498095,-0.008291202939057626,-0.016903971389581374
BOL,ssp126,gfdl-esm4,-0.011713927330472985,-0.0237827116144481,-0.056454546350415295,-0.023219101582457203,-0.005939070313766536,-0.01440913791956139,-0.02192289135157548,-0.01743377313295768,-0.02112401242818031,0.00024664920161731794,-0.00045505023766034244,-0.009075073697457213,-0.005505719502660423,-0.0019602910006572024,-0.013250601898741544,-0.001134744901958203,-0.008774817405959139
BRA,ssp126,gfdl-esm4,-0.0428059525859749,-0.043984305020300624,-0.040029394050777996,-0.03613254608793764,-0.017273990051440615,-0.021238708673864987,-0.025724341732196152,-0.019164239957042487,-0.028692863968157418,-0.005020550351417265,-0.010835912643541109,-0.006908833743597918,-0.010007686954483364,-0.0017008412788325684,-0.016706229936237518,-0.0027946617068969016,-0.007253456080961382
BTN,ssp126,gfdl-esm4,-0.00695839392922586,0.0006737081038538798,-0.00030025549734802965,-0.0005423139901132579,-0.000957267168240444,-0.0003264058325704289,0.0006919235905767037,-0.000298022989970901,0.00011889268042183837,0.00031704784362823074,-0.00013890685660612382,-1.2789300535390046e-05,-0.001044326978785169,8.60990033547978e-05,-0.000133346533606652,-0.0001750261886006287,-0.00048109512979512567
BWA,ssp126,gfdl-esm4,-0.005311075591052749,-0.004460183081522655,-0.0011612385218869598,-0.0006540830009227496,-0.0015006883346059476,-0.0012412525749476843,-0.0012325032624848887,-0.0011163330838255552,-0.00029464743398530173,-0.000496235336278344,-0.0025206573983742294,-0.0007073261921977667,-0.0017789329329723413,-0.00028011726133615056,-0.0005526804988950084,-0.0008166909256832826,-0.0005928547536018916
CAF,ssp126,gfdl-esm4,-0.5437156907041811,-0.35894118459916646,-0.22428765115129484,-0.12200522410923983,-0.14525447278899492,-0.06154402752132616,-0.07836858752862325,-0.07256602548760605,-0.06503558988274069,-0.038313843719934626,-0.029252729081364816,-0.03138606505674053,-0.01717852767114218,-0.009269362608378448,-0.022388187662948776,-0.02110683252354622,-0.013739914830238228
CAN,ssp126,gfdl-esm4,-0.0014844724167700429,-0.007315605776155786,-0.0059084905005647205,0.0018945758267356553,0.0008168252792383576,-0.001780252422312366,-0.001909941118579393,-0.006606267474780062,-0.003046772143068118,-0.0008753144912425211,-0.0028411966692371924,-0.0006552221088989863,-0.0029728579385350324,-0.001957824055325835,-0.0018829915219229925,-0.0016618586746933092,-0.002086520742139836
CHE,ssp126,gfdl-esm4,0.00033397136438606626,0.00019508262946326015,-0.00012439973596307515,-0.00018642670577139625,4.425172462171653e-05,0.0002052844647706219,0.00013628591528561278,0.0001673429905571836,0.00019921268082816039,6.05859501676029e-05,-3.682096380714647e-06,6.799766041389609e-06,-0.00014313938309957306,-0.00011606047432865017,7.1126797199106285e-06,9.366151829709255e-05,0.0001304268672786634
CHL,ssp126,gfdl-esm4,-0.0007608113465785613,-7.875482782302736e-05,-0.000396402083027925,8.99845443371255e-05,-0.0007267409255579194,-0.00046723328692025324,-0.0005182294293373257,-0.00014430803139500658,-8.14888224612731e-05,-0.0007622268661432242,-4.9302218236749124e-05,-0.00024022826638588692,-0.00037952745772467517,-0.0005149431033224154,-0.00017510761123242148,-0.0004291080329002788,-0.0003331001984514805
CHN,ssp126,gfdl-esm4,-0.0369229400514182,-0.010872188282958353,-0.02443641035324116,-0.030089360964435784,-0.017138301180793552,-0.03294865875526548,-0.02644113956027335,-0.03259822213374653,-0.011834426274766066,-0.015618557050613595,-0.023845852317548585,-0.009050136836246496,-0.01441791530918112,-0.01092046369124682,-0.015201187246942707,-0.008472466678060293,-0.01578400513437159
CIV,ssp126,gfdl-esm4,-0.0923044028043124,-0.059011794343233004,-0.03011660264149489,-0.022420312277353763,-0.008008320154259823,-0.00992165240400491,-0.01100287854692914,-0.008196084957344786,-0.010622664125150276,-0.008674898900858022,-0.00691129948860212,-0.008199103234645592,-0.004130207450151762,-0.003000281770375549,-0.0057800965877901145,-0.005305949044539118,-0.0025415654916256898
CMR,ssp126,gfdl-esm4,-0.15295759961884117,-0.09642782276346851,-0.06587292869096639,-0.04094113980168391,-0.03754413955731723,-0.0281599626558055,-0.025184026235818512,-0.026084036518035543,-0.0247926057961948,-0.015851632807078145,-0.015192588532521168,-0.009061124275205985,-0.007260841552696642,-0.004813109149372043,-0.005082398769979319,-0.008421720779206958,-0.004371869547479348
COL,ssp126,gfdl-esm4,-0.007773443483346155,-0.0022206806743745506,-0.004980234975389933,-0.0008043164402126035,0.00018914089509427056,-0.00255174242721561,-0.0038560052342719513,-0.005448078589872588,-0.0033112713865164635,-0.0021813575819516332,-0.0017225047604351425,-0.0013477602890533864,-0.0023096720809337606,-0.001134698630851005,-0.0017897155868906878,-0.0009204305724014075,-0.0019762488599395513
CRI,ssp126,gfdl-esm4,-0.0026695799043636274,-0.00041858532942841035,-0.0007672982215963142,-7.039816231238528e-05,-5.844259310152692e-05,-0.0002848631500885247,-0.0003374705658984403,-0.0004280200768732455,-0.0003581684807198636,-0.00018499575044294726,-0.00013816374007722125,-0.00010206655532631177,-0.0002806872745475366,-0.00012191232032697748,-0.00017259024091752776,-8.019310456497798e-05,-0.00022826537850001633
CZE,ssp126,gfdl-esm4,0.0013403026925520056,0.0009360021355049224,-0.00047324749737185945,-0.0006105644492832734,-0.0016042172037454717,0.0003528797725157222,0.0008180620415385343,0.0006266869248747707,-0.0002918165173446634,7.89497947280738e-05,-0.0018590684423097884,0.000881563477224145,0.0010240757574290276,-0.0009060823795516818,0.0003653123107078432,-6.0187818520924506e-05,0.0004627170385838322
DEU,ssp126,gfdl-esm4,0.0003722264246994347,0.0006212307414205824,-0.0006857265312633082,-0.0002467972826771265,-0.0010515670524435792,0.000606268570382233,-3.5314755931635614e-05,-0.0001446920096167711,-3.699770815805193e-06,8.069659841740691e-07,-0.0009921560808456862,0.00019615053065073914,0.00016878772689140083,-0.00023457845993774025,-0.00016914709396717266,6.291228333329103e-05,0.0002897579670491348
DOM,ssp126,gfdl-esm4,-0.002402941069934428,-0.0008765802734473161,-0.0016158848741041718,-0.0005487672975287393,-0.0008289329258140373,-0.0006480814156333421,-0.0007536008578445867,-0.0005118108941350062,-0.0005651779212062387,-0.0007333369325203678,-0.0003324563241653584,-0.0009354064065459388,-0.00037662760109977546,-0.0008294803752785786,-0.000782380131514889,-0.000593151446698268,-0.0007336447986542242
ECU,ssp126,gfdl-esm4,-0.04527443342303528,-0.03713146004236978,-0.03435212660975724,-0.011122620056439058,-0.020160527801648058,-0.03108452609956589,-0.009506901654052331,-0.01644924404619135,-0.01679887730736034,-0.01028164670257336,-0.007697816017802986,-0.005934786164301808,-0.009732545585465517,-0.0058402715366727715,-0.005200926197784552,-0.0022753051613502986,-0.004652576234673655
EGY,ssp126,gfdl-esm4,-0.0855226697670828,-0.030822169882261552,-0.015351249603575947,-0.014330403403895998,-0.01099642840362686,-0.012955836438698848,-0.011604607178434537,-0.008670047111162985,-0.006922132118084622,-0.007029447916404438,-0.004598622787416605,-0.004555179057009887,-0.004316466172404805,-0.0037130903962777385,-0.0041009577675874855,-0.002955728340946836,-0.0031650382799985745
ERI,ssp126,gfdl-esm4,-0.26369247189154865,-0.08744262927168658,-0.12023008994190909,-0.04329626962012217,-0.1240966294662884,-0.10518240583674994,-0.054715300977662126,-0.11729017354858316,-0.05275227654091645,-0.06522693029214806,-0.05740615599574831,-0.05154207186741494,-0.04533645400551632,-0.014298661556485615,-0.030036441279757305,-0.02732888213660114,-0.031969075606469534
ESP,ssp126,gfdl-esm4,0.0026299408452132144,-0.00592900794594531,-0.010501876079730844,-0.007445649947339127,-0.005649239115265319,-0.004915902081528327,6.9054495068180405e-06,-0.003762360751659934,-0.0019367147614452658,-0.001868054513082585,-0.003713391405985189,-0.004594233012569444,-0.004859549271331318,-0.004121604227782131,-0.0007928680872316849,-0.0009476636892878536,-0.0018068823208602246
ETH,ssp126,gfdl-esm4,-0.14264216184340556,-0.016685361966800104,-0.017347772681232575,-0.015003197745466431,-0.007493096631737769,-0.0064279912699975045,-0.00762203222480232,-0.007648170720743151,-0.001804103203693173,-0.004703411916895606,-0.0030854404616822624,-0.0023676725265077267,-0.00245924516129033,-7.508195982809092e-05,-0.002212304702744342,-0.0009677929807738874,-0.0020457968798032115
FRA,ssp126,gfdl-esm4,0.0020127684385210184,-0.002462914467054854,-0.008423951703229134,-0.006020600201010103,-0.009601578476353604,0.00038254439798719123,0.00047967635208804563,-0.0018459425601609,-0.0017891182658583244,-0.001134368464587332,-0.004073704472743911,-0.0019286599319937585,-0.0031173199901654313,-0.0026735462703443014,-0.0003490251317270333,-0.00010698778259308285,-0.00014772041720268503
GEO,ssp126,gfdl-esm4,-0.004887417910936152,-0.012420456308121372,-0.009340873472921753,-0.0016213053913937895,-0.009663037136287063,-0.007957104436297616,-0.005067287014524329,-0.010512596233338964,-0.004413809552674408,-0.013213249516649527,-0.0072118477736737,-0.015402233310716211,-0.008465453234012278,-0.010513952814027117,-0.008733155577548097,-0.004934859005322967,-0.006015600819945726
GHA,ssp126,gfdl-esm4,-0.12145075592629637,-0.02860308826929469,-0.025565269121042532,-0.013834378309066957,-0.007730097243067384,-0.012383453965419103,-0.012664089437604723,-0.007676415513230922,-0.01248391405562273,-0.010268471511452113,-0.009728555710402091,-0.006381353394008924,-0.003462233073797663,-0.002117667558248627,-0.006231164066233145,-0.005641527901164665,-0.002582240112083966
GIN,ssp126,gfdl-esm4,-0.0396115918562709,-0.043372562215410866,-0.009385040162459658,-0.009329701494898297,-0.0020868949631465644,-0.003406067156847736,-0.0021172442656581633,-0.002185178016997827,-0.002406935413148987,-0.0016715030064779189,-0.0018014425271219204,-0.002343277068087145,-0.0014186101501605295,-0.0008311206630195796,-0.001466033850260593,-0.001338079095594382,-0.0007216437187148771
GMB,ssp126,gfdl-esm4,-0.04670795499427276,-0.03588648137413663,-0.024869210800159695,0.0011556075639149515,-0.0033594466683228566,-0.0034880644569203973,-0.00388766343439381,-0.004153882141777273,-0.0021221414139588543,-0.0022903538236907174,-0.0027198087640833753,-0.002265201438432092,-0.0013025701131037168,-0.00081761179840256,-0.001367085020233171,-0.0006921176229937118,-0.0006936929529918189
GNB,ssp126,gfdl-esm4,-0.1626163487894418,-0.16751386558182876,-0.07867573279137798,-0.004657810301632502,-0.008978041574941501,-0.02447722910035611,-0.026766572515505817,-0.012613508496465618,-0.007254763521137438,-0.007837003048780145,-0.009687702723123592,-0.0063296288017741205,-0.006247117398121581,-0.0029124578857479995,-0.0037179268499737002,-0.0020048095714582867,-0.002736445428769639
GRC,ssp126,gfdl-esm4,-0.013615500458785993,-0.02614127544472964,-0.015469591459540064,-0.01648288567569273,-0.0017014148771183947,-0.008464238432526845,-0.0011458426524544579,-0.004630756716792491,-0.008080468330842938,-0.006492512847039421,-0.008779753324302142,-0.013740347245860048,-0.0002923809999800544,-0.011485098149725806,-0.0068531923674673215,-0.005290067129693417,-0.0016303564731459854
HND,ssp126,gfdl-esm4,-0.1767274273557934,-0.03215268552706819,-0.05454440752211606,-0.0196934592482632,-0.011566139482651158,-0.012589525762887676,-0.01719185359044057,-0.02003716395552144,-0.011413502731094774,-0.003200825728491834,-0.0017916844089457171,-0.003636757454397383,-0.00325747018674591,-0.003014136012785515,-0.007728934277073766,-0.003292753912457623,-0.01057915098283025
HRV,ssp126,gfdl-esm4,-0.021940221800774967,-0.41074315232313663,-0.361296902365209,-0.28568574036617334,-0.16232407369777038,-0.0035593339437256367,0.04445081672544693,-0.08805183963567872,-0.007545709760463349,0.004041732122465737,-0.31690390555490594,-0.09653032049555545,0.02524973333433202,-0.28207421833361995,-0.08066214602396474,-0.022227295181401117,0.048604725576120424
HUN,ssp126,gfdl-esm4,-0.048344954996142636,-0.04259550958583408,-0.03504476309702888,-0.02086645418816411,-0.02764623447930214,-0.0002791267217202801,0.0017801646126378479,-0.011166570153940602,-0.004824011909963871,0.0008588446396277436,-0.0314848587689772,-0.008323523562643074,0.0009948070871402606,-0.01785716557333153,-0.0058487735111068685,-0.0004100432690791992,0.006270913364176432
IDN,ssp126,gfdl-esm4,-0.021068426779244028,-0.03187948889828522,-0.0352013044774989,0.002690173910180148,-0.004328243084148024,-0.012176394747247668,-0.011054327056163627,-0.017761218155367332,-0.010587436410450759,-0.01057130343223953,-0.006987623059196251,-0.004515765571788978,-0.006888260668814076,-0.0028322134767086223,-0.0034601866653118847,-0.00546252016306646,-0.004798750897116238
IND,ssp126,gfdl-esm4,-0.025567791263089945,-0.01711442768192969,-0.014401323133705684,-0.002705543126513008,-0.004999222133503889,-0.007635349529223743,-0.0011251822529137973,-0.003898912384268958,-0.003972322243330171,-0.0031599523393429476,-0.0003463531250995729,-0.0007056570227610151,-0.0014646353360827607,-0.0011153230434632812,-0.002289184775517234,-0.000789149378683328,-0.0007656890537795051
IRN,ssp126,gfdl-esm4,-0.001045900657521714,-0.00025993310871011253,-5.827800046421659e-05,-0.0002454040591273282,-0.00014356950962446626,-7.710758352326426e-05,-0.00019563069394809392,-0.00013454416439247552,-6.0475400715603074e-05,-0.0001750262658412815,-0.0001303030967015907,-0.00010758799450679056,-6.654195108287916e-05,-6.385758076114925e-05,-6.366128314449861e-05,-5.88881822260462e-05,-7.339241625774693e-05
IRQ,ssp126,gfdl-esm4,-0.030566767256512438,-0.051671388546779676,-0.037374529328061394,-0.02852028918819232,-0.02668858819967896,-0.021946240655521414,-0.017792787598606623,-0.019629432708176898,-0.013766786395135334,-0.016214373924813254,-0.014256515496013334,-0.011081102906643795,-0.00846600447485627,-0.007963171719268358,-0.006568385600869032,-0.00491888432038794,-0.005568097548381732
ITA,ssp126,gfdl-esm4,0.0010262323672145714,-0.007058959320417877,-0.0062473332387000206,-0.005906192138676638,-0.001143050752285932,0.00031564031473171417,0.0002332750888430274,0.0001537268516210493,-1.1210340090890113e-05,-0.0012998901478738624,-0.00423306808988612,-0.0028303894864227836,-0.0024493615310444946,-0.0024025041476478403,-0.0013382387841121255,-0.00034587512152889756,0.00034258833823711394
JAM,ssp126,gfdl-esm4,-0.004228798732229792,-0.0028496639546274037,-0.0034966557940679594,-0.0003143103476515504,-0.0012315623309520336,-0.0013040888545559485,-0.002194237010707726,-0.001530886261234758,-0.001046906032831029,-0.00134648483080618,-0.0005542348818231556,-0.0014031246191237327,-0.0008250619364538277,-0.0012459198391326115,-0.00048336527246382096,-0.0012544328777620891,-0.0005642721240631661
KAZ,ssp126,gfdl-esm4,-0.0015250155870102742,-0.0033577071564246256,-0.002101525133370707,-0.001686075870203302,-0.0009540083431081406,-0.0019443095856584412,-0.0023412594949596315,-0.0005897831737806256,-0.0017127999646383652,-0.0017273289550786487,-0.0002270741589251628,-0.001533532940840522,-0.0010407784255666846,-0.001589566355936073,-0.0008999455000284213,-0.001692376991835297,-0.001075281424524291
KEN,ssp126,gfdl-esm4,-0.19387327613420635,-0.08087626422415625,-0.029285915307805672,-0.036020796527479464,-0.001966991937502956,-0.019830799141431564,-0.009835372172385188,-0.012185263522357485,-0.008605451531651811,-0.009153229267999873,-0.005706971476884998,-0.004898447935158781,-0.004096082589556885,-0.001584501332677816,-0.004844991397079999,-0.002171215716885411,-0.0034362305734058738
KGZ,ssp126,gfdl-esm4,-0.05090814089843149,-0.1140259754110795,-0.03736011464824742,-0.05235551445488607,-0.0009182817650653626,-0.04527449966532738,-0.058168929680382675,-0.002773245864963434,-0.006192022003305464,-0.028252367929021138,-0.014026874350849958,-0.02191715006365748,-0.004601329020037427,-0.010496634377011042,-0.01027165242521943,-0.019400302769345762,-0.013247614372336148
KHM,ssp126,gfdl-esm4,-0.08146876015013117,-0.04627879078659305,-0.07791190797241454,-0.008269185642023674,-0.05026213121399157,-0.031031726607867977,-0.013588839144719183,-0.02097050279601294,-0.01849404746323231,-0.011763334993086615,-0.008343882308428007,-0.010101396440422626,-0.007772789630836503,-0.0009006739590070122,-0.007262243627375714,-0.005474104952356304,-0.005672362250324419
KOR,ssp126,gfdl-esm4,-9.71391484462735e-05,-4.345591371803165e-06,-0.0001525301144017914,-0.0001461312988743263,-5.7602119536233134e-05,-7.450492091730828e-05,-5.3002422250464986e-05,-0.00012105171148105117,-0.00010171793549025113,-0.00010181987472611792,-0.0001036309248546764,-5.049024173299199e-05,-3.793613144830996e-05,-5.414326390494756e-05,-7.3075736918173e-05,-6.109702062028574e-05,-0.00010903443762188124
LAO,ssp126,gfdl-esm4,-0.08739578756654899,-0.007805743197180207,-0.018693067587197937,-0.005891086305829841,-0.008123636660197853,-0.0038867921540968386,-0.0020168929869534224,-0.0035229981774554902,-0.0014559657383996806,-0.003276583761488337,-0.0029421051698448226,-0.003988515068226053,-0.0038320306571285106,-0.002107401232117102,-0.0036638940888596644,-0.0020953384465865347,-0.0028049721812220024
LKA,ssp126,gfdl-esm4,-0.009346066014146169,-0.0012525690227245061,-0.001187531232900769,-0.0008803119532798134,2.771715858689565e-05,-0.0006281841262630825,-0.00022403821851921314,-0.0006453450666246579,-0.00042533138959223297,-0.0007341823868370745,-0.0001905193228093026,-0.0004411907907492289,-0.0006236479191096627,-2.5531648861555902e-05,-0.0006169423014590078,-8.641506834822886e-05,-0.0006331045254051015
MAR,ssp126,gfdl-esm4,-0.0002831703237542752,-0.000887027718540279,-0.0007574583142426228,-0.0001612885006137518,-6.556400605106886e-05,-0.00013835924041073638,2.2721138518530178e-05,-0.00010380590396932179,-2.903334567228212e-05,-5.2672484678223e-05,-0.00011269847281630099,-7.961934431471698e-05,-2.5811879024856065e-05,-7.810948420687049e-05,-5.8687238566570455e-06,-4.776648348336239e-05,-4.818288550568494e-05
MDA,ssp126,gfdl-esm4,-0.17649387628369165,-0.05095706475090466,-0.1503224715824234,-0.025334127807911846,-0.05497497093994225,-0.044026638194307355,0.0032075269644881027,-0.009344486763950026,-0.05796677569658472,0.015652025364351417,-0.06559591177252372,-0.035366988688719354,-0.014234083557326466,-0.08125299586932509,-0.010941252795735736,0.0003439696126056562,0.018741564111393206
MDG,ssp126,gfdl-esm4,-0.0032689454870322605,-0.0022151712685075093,-0.007365743305812727,-0.0016552763956430888,-0.002830766522371325,-0.0020795397016873255,-0.001202338883300654,-0.0003711043424506853,-0.0005451455070721734,-0.0005550850777315649,-0.000699206552947982,-0.0003295607926219211,-0.00022255778240440235,-0.0001206016573885594,-0.00018716474519592282,-4.194810392270786e-05,-6.93059604394803e-05
MEX,ssp126,gfdl-esm4,-0.023819802626295888,-0.0173248747893573,-0.03165308956217856,-0.0034013444300645132,-0.007560124358665968,-0.0029201887371940044,-0.007666821189777949,-0.012325291161072201,-0.0055130187948063,-0.0053737749209969675,-0.006196771720450656,-0.005946220929433739,-0.005575223219913541,-0.005465467820772211,-0.006436752500306545,-0.005523867933803403,-0.011112716687736836
MKD,ssp126,gfdl-esm4,-0.007169052020660973,-0.032897801334402434,-0.018520537897637034,-0.0121850728893798,-0.0008540895598679503,-0.0035071032317591415,0.0032058360132942543,-0.002087739315034682,-0.00186543338692652,-0.0005854273258401512,-0.007965532867087486,-0.011958155940228964,0.0036862182225839697,-0.012161023869563019,-0.00783830512661909,-0.003746321518833192,0.0025556185982922777
MLI,ssp126,gfdl-esm4,-0.44585896876383885,-0.5447995993935867,-0.26435053225390587,-0.1055020023579246,-0.16227414912569607,-0.10776652019279573,-0.029094362752214914,-0.07961941429862247,-0.04864813985866459,-0.04492575989449674,-0.034372005874298554,-0.040916457193966894,-0.027891302384203006,-0.013639160661028138,-0.015198201063131543,-0.019271390366612275,-0.006336286297460365
MOZ,ssp126,gfdl-esm4,-0.018013573670761774,-0.14151052329369418,-0.06671515785502573,-0.03239113646406533,-0.010905383018768606,-0.020560505295366602,-0.022782028369550122,-0.009245294064443273,-0.008208716224075038,-0.0026686681163684287,-0.005648161992317391,-0.003812501545664398,-0.004156118541142078,-0.0017116054146418232,-0.003715513061880398,-0.0019280545754752011,-0.001563253175196064
MWI,ssp126,gfdl-esm4,-0.39754362646296443,-0.28341183186409313,-0.15601734061069444,-0.027030033469428758,-0.048948922615008515,-0.03598328397818831,-0.05306003744802736,-0.02559100140319382,-0.02214461557850154,-0.00948992071189737,-0.008206726698307763,-0.007880259775070179,-0.007094715318726247,-0.0034739719877027245,-0.009169485004021675,-0.0036157771693671407,-0.0034499008705030014
MYS,ssp126,gfdl-esm4,-0.00011022167998957332,-5.251153722015134e-05,-7.417412677351116e-05,-2.9105253887622382e-05,-1.190152529740717e-05,-3.558885810870599e-05,-5.5938845897893085e-05,-6.224817627803048e-05,-5.0994025223388936e-05,-4.33741208632948e-05,-4.3367015563251785e-05,-2.7631180112712824e-05,-5.423491592140053e-05,-5.987006147896216e-07,-4.810712809157267e-05,-3.516865687170724e-05,-5.6309948975824916e-05
NAM,ssp126,gfdl-esm4,-0.006070296406441177,-0.036047541969283836,-0.007581867622970885,-0.009333866704965858,-0.00425534849431285,-0.009555200997710036,-0.007398499039526572,-0.0070852447473679575,-0.0029183409930771138,-0.004798650107427615,-0.006751702564143509,-0.0019013877538747966,-0.005985545773821986,-0.0013613410728241216,-0.0029753308403866734,-0.003644856241265753,-0.003170731508226281
NER,ssp126,gfdl-esm4,-0.00293636889815571,-0.0013186710152096796,-0.0030402386608685637,-0.0011740209045270442,-0.0016252517352542987,-0.0016764473249771836,-0.0004536340720001293,-0.0006906714114433998,-0.0002136336230244028,-0.0003436371978113291,-0.00018688941776759602,-0.00020223139273352635,-0.00016378591132663848,-3.32367417890202e-05,-3.894861072106021e-05,-8.603040683704505e-05,-6.630041221051816e-05
NGA,ssp126,gfdl-esm4,-0.05296025834277303,-0.018521077564714356,-0.017335750781946196,-0.009388236225471412,-0.01003073740222575,-0.008573490648899852,-0.006128463216180548,-0.005819783794232513,-0.0061035304264135575,-0.0033327489876727625,-0.003059262019047231,-0.0025205689341195408,-0.0013130699834172496,-0.0006427971255578392,-0.0010579947654461614,-0.0014757976746704133,-0.0007177071228473811
NIC,ssp126,gfdl-esm4,-0.16128534123066887,-0.038131668025928406,-0.061510854071528356,-0.026491301361086465,-0.00817143881765463,-0.01652621812116075,-0.021047295434805068,-0.019807020863589524,-0.015212521097925459,-0.004637748129012189,-0.001248117537250795,-0.003023978735427672,-0.007558627963885454,-0.004071322599159652,-0.007678521185269133,-0.0026513632687724933,-0.01042324656185971
NLD,ssp126,gfdl-esm4,0.00011958811005438689,0.00015464519577915872,-0.00010424444114936427,4.218268133710798e-05,-0.0003054602729497751,0.00011982347588514883,-9.227245715492981e-06,-0.00010807884946023263,1.0989824598267033e-06,-2.0843710661079223e-05,-6.567347375960794e-05,8.315926525355112e-05,3.542246159710855e-05,6.909074127781324e-06,-5.164065242398345e-05,2.0394687186082928e-05,1.8172126273052464e-05
NPL,ssp126,gfdl-esm4,-0.17160587104601166,-0.08371285465401358,-0.03448014025552519,-0.07014263501314077,-0.03852781090921454,-0.0683895092947478,-0.022083391468008598,-0.019646283932781998,-0.027087643361766823,-0.018709058940978344,-0.0039610492606812105,-0.019047977610077288,-0.013967140508741236,-0.008388804849210207,-0.007220291074792788,0.0010418958237239625,-0.0037252359854575245
NZL,ssp126,gfdl-esm4,0.0006021611691023761,0.0003788379202504164,7.045070172215913e-06,0.00032401117226989407,0.00041082504182763215,0.00027100549260417164,0.00023418267970572778,-4.551936085359768e-05,0.00035732611243175595,0.00016515562689554923,0.0002005388915003389,0.0003816253655196362,0.0002235929646837512,0.00010392051738349777,0.00017098722374070199,3.020101163431263e-05,8.098835458508507e-05
PAK,ssp126,gfdl-esm4,-0.06512735757794783,-0.022762736704407687,-0.004070495411871446,-0.015879443862988396,-0.0062563247063027036,-0.010964702664398272,-0.010507543745200427,-0.011751833841123792,-0.012444550034949504,-0.010818194413207121,-0.006497318736020736,-0.0026570621392804127,-0.0011660897016644066,-0.003598979837390352,-0.0038672937609525067,-0.002511791761529564,-0.0018509847221986812
PAN,ssp126,gfdl-esm4,-0.016472126764417137,-0.00490580776984552,-0.007369325827336571,-0.0015527989661940752,-0.0009054871600821152,-0.0026009830761180436,-0.0032397608876561512,-0.003519851976596399,-0.003513629059166033,-0.0024171200727649655,-0.0015476240851763766,-0.001100470864985925,-0.0032677609270148175,-0.0018839258765267978,-0.0015878277071500616,-0.0010857709907858978,-0.0019129193357887305
PER,ssp126,gfdl-esm4,-0.00662260737495253,-0.007048860058845671,-0.01278434826973459,-0.005357097205613707,-0.0071822311404657205,-0.005925445002930764,-0.001980704316253583,-0.005453780604914742,-0.003220202134336051,-0.00348895009419832,-0.003399131770653345,-0.0022545889891201947,-0.002029646590102341,-0.001834724327937352,-0.0009177727124066267,-0.00020470928952365017,-0.0015658901219805282
PHL,ssp126,gfdl-esm4,-0.018370107219646967,-0.011966329291110337,-0.017247159927917317,-0.0052222424620928885,-0.004322377587067063,-0.011123477447637833,-0.006997995699040099,-0.008388672321729317,-0.011003961095738424,-0.006106207231243801,-0.014474767226447235,-0.004992379284572193,-0.004688066265534816,-0.0006819031392966509,-0.005667089674978581,-0.003067248884085846,-0.006836940873845623
POL,ssp126,gfdl-esm4,0.0006361007134277193,0.001466251845562853,-0.000982780842631776,-0.0033263155001034,-0.0057075545942638205,0.0011372287467879012,0.002882085522637896,0.0025271936252675665,-0.009863676124200232,0.0012935666209813103,-0.010866400176919538,0.005150916739061399,0.00488087211701002,-0.004052451464036903,-0.00019957555286660353,-0.0046436605959173346,0.0026350846136423333
PRT,ssp126,gfdl-esm4,0.0012142199739649515,-0.0050195657158355455,-0.011912301979901046,-0.007256171868012305,-0.005318480737999025,-0.00421624486249452,0.0005125412614071371,-0.006422637866701866,-0.0028969006994344873,-0.0034381294583656265,-0.0016813624605149344,-0.0036493380927970394,-0.007022110608409082,-0.004232509093225537,0.0004795898661520723,-0.0010310140922544933,-0.0009690184522957397
PRY,ssp126,gfdl-esm4,-0.15687654575271295,-0.26616353591476993,-0.1032589595406347,-0.11679193597656311,-0.023707048993086986,-0.09730255245163333,-0.07157822734381253,-0.06815156769727751,-0.0798445495708836,0.013148494022586894,0.01815507080710608,-0.04300671325622786,-0.035699814172796156,0.0029083806173122494,-0.07131142390862247,-0.009592199549283767,-0.02369425334281516
ROU,ssp126,gfdl-esm4,-0.09618215457795454,-0.1024402870104838,-0.08850963576991423,-0.026761022556823874,-0.04109743467660009,-0.03546918981724658,-0.0006599604861105228,-0.02272045527119353,-0.04141501717305533,-0.0048096713022251,-0.06591907469741677,-0.048908942985010584,0.0003282159867362047,-0.0868812602466344,-0.012046830180675722,-0.01280534348463041,0.019116131772242567
RUS,ssp126,gfdl-esm4,-0.0071262415402054856,-0.00803608622852142,-0.005288710457163402,-0.0017085761836757583,-0.002986677400332913,-0.002345867340890344,-0.003192997021289492,-0.003503005248949405,-0.003654955462085007,-0.0007677318853483025,-0.0012450966687531364,-0.0035229457694913517,-0.002426057928518287,-0.0031378806078550224,-0.0027125472153802376,-0.0010221850313477797,-0.0010355874228441093
RWA,ssp126,gfdl-esm4,-0.08272572335265727,-0.03467811932828924,-0.003390954433280711,-0.028568642343819547,-0.003447891205438641,-0.0020384635567377595,-0.0020714978832357183,-0.004746700598964282,-0.0027276308515340616,-0.004991662894511337,-0.0008495465219010907,-0.0022321282275072577,-0.0015588913100343512,-0.000901732649765186,-0.0009743178772407225,-0.0008255051792102824,-0.0004666945225423817
SEN,ssp126,gfdl-esm4,-0.15357251160930627,-0.13903454570968388,-0.08390498065584862,-0.004290379448166562,-0.017228758532100912,-0.017446005661383518,-0.019087537543645252,-0.019700498420291875,-0.008792742220381228,-0.00857294405938977,-0.011986359605325398,-0.009767130451548452,-0.006572942375894721,-0.003704817076500276,-0.005913820392004212,-0.002776791960863016,-0.0029659289008982584
SLE,ssp126,gfdl-esm4,-0.006897191873958525,-0.0020758570030294144,-0.0012503267990963674,-0.002954528525112855,-0.00017958728629957456,-0.0008073982796028876,-0.0002998042516022135,-0.00028258027551318816,-0.0003687934356350059,-0.00015706953696145213,-0.0002100768525532959,-0.0002521746523843066,-0.00023194999906443268,-6.670611769146201e-05,-0.00016865163142974095,-0.0001618902207854123,-0.00010366625732229973
SLV,ssp126,gfdl-esm4,-0.278920078366866,-0.12722524193867787,-0.11636558535323115,-0.05582916175497158,-0.017140637745987366,-0.053814370384476666,-0.07671523047950811,-0.06088525476976409,-0.05553516154892379,-0.02653599459727585,-0.015613693878254415,-0.027849235896538652,-0.0373725135232057,-0.027265065443903207,-0.04273084195093812,-0.02847970441704315,-0.057146503667941564
SRB,ssp126,gfdl-esm4,-0.15754096837366138,-0.18697997539265654,-0.20681286822644057,-0.10031708108863659,-0.09558153161777976,-0.020254782159776875,0.019246185071729316,-0.04186699090139353,-0.021513080150787373,0.0017687275124411562,-0.11527311854772557,-0.09197169340466188,0.014443972294526873,-0.11119772816585177,-0.05691592090739635,-0.041069459124494584,0.029343397616571197
SVK,ssp126,gfdl-esm4,-0.00323881511076373,-0.005558856884324343,-0.00698949216866417,-0.004223531893685854,-0.007262176045559809,0.0016043740739506058,0.0022486183184784523,-0.0007030354757514506,0.00016573471028105233,0.0011355452692925234,-0.00828561820030797,-0.00012282915564053697,0.002362016692530159,-0.001255959342451768,3.27175639700498e-05,0.0011914988521286032,0.002823801680225904
SVN,ssp126,gfdl-esm4,0.004785549709636302,-0.0029034960680086232,-0.003303811586955079,-0.0019823428554835744,0.0009271981658197614,0.0019540958731961277,0.0018140588719369765,0.0012457213976787807,0.0022175100212132475,0.0013889046125241426,-0.002211141696074402,0.0009485470682113532,0.0011449208356311567,-0.0011005887490339204,0.0009701853116709502,0.0016189237121323715,0.0021039390075430113
TCD,ssp126,gfdl-esm4,-0.1773498391028938,-0.09716352479885557,-0.14192491964698192,-0.031885312320880425,-0.042931522151119846,-0.040737919832685154,-0.01842164490496036,-0.02094088836504892,-0.011024669566229255,-0.011799437008357533,-0.008864886356360813,-0.0074134340628171265,-0.00686003201565365,-0.0035696134732046605,-0.0035782570620793014,-0.004003716737455455,-0.0036715722500499856
TGO,ssp126,gfdl-esm4,-0.3678644904818096,-0.10590790418216918,-0.17563941354557808,-0.1133043951448566,-0.04166076697143232,-0.057331525171670665,-0.071053658745002,-0.04007234724315437,-0.05761967529693374,-0.037158070713484634,-0.032512501878023146,-0.022959729044126954,-0.00812644791035388,-0.006491232554793467,-0.016146573604836068,-0.013437029885755248,-0.007578459526279834
THA,ssp126,gfdl-esm4,-0.01384463933568099,-0.013608739415132985,-0.02277749173124507,-0.0040875849392660564,-0.01901498717108217,-0.012693368763500863,-0.004698163740685379,-0.008550478012166471,-0.006707926080794262,-0.008421871969616131,-0.006007623461858835,-0.008952616751268787,-0.007663329983312232,-0.001258215214823457,-0.009815265250965972,-0.008364763471351408,-0.007888321015484229
TJK,ssp126,gfdl-esm4,-0.019270968601527348,-0.035474581920475985,-0.018732135818894862,-0.013736145240423082,-0.0034555076988080093,-0.006293073888093975,-0.009750837266306914,-0.0027720740981269755,-0.0013314046992965879,-0.005705058073569664,-0.0038958252245987757,-0.0037392533681318385,-0.0011406594469657368,-0.002168452956880412,-0.002475474455024911,-0.0030521849690527047,-0.002773806968598012
TKM,ssp126,gfdl-esm4,-0.0027411774980151417,-0.0029382392015598114,-0.000808966020540962,-0.001905069966734236,-0.0005451231721114489,-0.0005823250242224218,-0.0018579358486553255,-0.0006594588743736599,-0.0005163374700349173,-0.0013907444876258797,-0.0008487885263559343,-0.0008186269145040116,-0.00038388597485983683,-0.0006455675554129193,-0.00046189438075232905,-0.0007136072526841631,-0.0008539549914245276
TUR,ssp126,gfdl-esm4,-0.0030509150794383083,-0.0026545239692888313,-0.0020236376100826073,-0.0005074620711501821,-0.0009621281499492044,-0.0013948110855503799,-0.000360676988660806,-0.0013044487622766842,-0.0010717467303348177,-0.00124001236540866,-0.0009029864509032298,-0.0015120357599227375,-0.0007380545550384683,-0.0009878304694631067,-0.0005677179159811799,-0.0006211790347326347,-0.00045184596336084464
TZA,ssp126,gfdl-esm4,-0.18192459447859488,-0.19071023501302276,-0.07202111892030817,-0.06120426270649422,-0.020421275169006454,-0.02280008151167457,-0.01735430249060905,-0.015790161331084074,-0.00904823765109658,-0.012406349181595859,-0.005688669472185228,-0.008598207467465075,-0.007289207435309676,-0.0024954246056143837,-0.0038547392070275538,-0.002804495475974104,-0.002157226265605963
UKR,ssp126,gfdl-esm4,-0.4676543863928431,-0.0640007605185902,-0.17091232255613184,-0.019395661875432138,-0.04961077105499777,-0.05459981504167628,-0.0021356652867154722,-0.018119238584025747,-0.06318277011821101,0.02261814626982838,-0.05463591968992104,-0.03611198228017109,-0.011732885578854336,-0.06158070239458359,-0.015639575274108055,0.002457441280795208,0.01568843331413567
URY,ssp126,gfdl-esm4,-0.006205740732801007,-0.0018869521050649534,-0.0030135129658182885,-0.004518272765370669,-0.0046682937826320915,-0.002202378614553422,-0.0002117248847951872,0.00018357265456746643,-0.0008697881248090528,-0.0012810915576377674,0.0006687187557299827,-0.001150140637076982,0.000377772961620929,-0.0016971202944552903,0.00010514434623008213,2.636103381131323e-05,-0.00010434151651053341
USA,ssp126,gfdl-esm4,0.0027304043006031774,-0.045882508626280606,-0.0029267874680925857,-0.002943011686560996,-0.012121165120544829,-0.0007643430248461421,-0.018188484564945182,-0.005620945941739742,-0.00449102919775423,-0.004229898492022271,-0.008618352024304691,-0.003819749775403457,-0.011814252494968237,-0.013868518740948833,-0.013000865353797743,-0.006126387367983877,-0.0059425589607238925
YEM,ssp126,gfdl-esm4,-0.009062489017190563,-0.00019805837526213339,-0.0005253076750819665,0.00043405752653482904,-0.00029232404967028606,-0.00031794131680329684,0.00018704896162026114,-0.0003814090453145285,-0.00020597973639893357,-0.0002496131080521974,-0.00012675778843806776,-0.00011330838417927775,-0.00014195365012788767,-5.948868000784297e-05,-0.00012425437506507787,-4.394644083010325e-05,-0.00019118973666948526
ZAF,ssp126,gfdl-esm4,-0.03444795280659562,-0.022971527651635713,-0.018556017924920575,-0.03578248815414632,-0.01615689868151485,-0.004794704701226705,-0.01085900740139347,-0.010952039046784547,-0.012851306202619253,-0.005667521373679203,-0.025574841744407825,-0.005451972527837059,-0.014213853131344115,-0.005516366276547086,-0.008675421477381642,-0.007090410785621008,-0.01121474463001792
ZMB,ssp126,gfdl-esm4,-0.07039563463656233,-0.1051838483639846,-0.05160679415066598,-0.012240942488959817,-0.013488529186871,-0.009766724552585154,-0.02103861959321181,-0.01263373234836849,-0.008423411205401231,-0.0031798445498782894,-0.003151077700281171,-0.002239438645640454,-0.0030669870980800113,-0.0017359186575689055,-0.003496952776094217,-0.0021028554302730236,-0.0015786669058525243
ZWE,ssp126,gfdl-esm4,-0.05060478682673232,-0.46325171155900063,-0.16361068065735151,-0.09596986176732011,-0.011645194622283578,-0.07378470748019118,-0.08788413195182418,-0.024153837008497964,-0.038110959305359,-0.004212458164188756,-0.04365609141985737,-0.0118633794112975,-0.026185571383142627,-0.008091837942473831,-0.02025427680844624,-0.017885851424626325,-0.005439233487685133
AGO,ssp126,ipsl-cm6a-lr,-0.010696876154317646,-0.01006429466661247,-0.009086964955162664,-0.008213789740548625,-0.0074293416505976425,-0.004752751219456185,-0.005220684577968565,-0.002085021125777007,-0.0028225009473007725,-0.0019846864579611827,-0.0022318177400071264,-0.002615405227365601,-0.0020433970454688476,-0.002260919826221582,-0.0009624364080950561,-0.0010368610750656304,-0.000996901650668974
ALB,ssp126,ipsl-cm6a-lr,-0.015728478048709887,-0.04760057737492088,-0.03554325042614172,-0.13312009598085484,-0.09508772413074959,-0.10890166175270342,-0.1471686832057425,-0.10143440455125383,-0.09953284740732687,-0.06133782207382628,-0.08286552218093929,-0.06561383937365496,-0.1077910817626691,-0.1077357851486604,-0.09237211108602045,-0.11424549478234758,-0.016810632297938877
ARG,ssp126,ipsl-cm6a-lr,-0.003374108758283401,-0.006002370209106625,-0.004316844163885321,-0.0025971876088298775,-0.0014698433968615267,-0.002527973240467121,-0.0032034045697182847,-0.001349104301802948,-0.0005859307251995008,-0.0010867821422492795,-0.0008551337806323415,-0.00021561280324836364,-0.00016279178364194205,-0.0008276969126234758,-0.0007826162512550641,-0.0011372959086146286,-0.0006057386053324856
ARM,ssp126,ipsl-cm6a-lr,-0.0014622279331686315,-0.00091295888689654,-0.00013357557614743137,-0.001426287308824253,-0.0006549011124737345,-0.0008652803419011581,-0.0005991172643138425,-0.00021247521397832248,-0.000665500303031694,-0.0008155749888311003,-0.00015225604147882474,-0.0004904781314472766,-0.0005307687639899233,-0.00029009808756180316,-0.000577278916628083,-0.0004273222742205241,-0.0003234777698007115
AUS,ssp126,ipsl-cm6a-lr,-0.00027535886754359286,-0.0010231569097818916,5.3779321677748045e-05,-0.00045964089384888964,-0.00010402891236696587,-0.0005422171275680362,-0.0005317690650524738,-0.00015779278236050957,-0.00014164248862827663,-0.000411288929851364,-0.00033407559035181006,-0.000273765453691391,-0.00022243617345513674,-6.515089367987438e-05,1.3275546862315891e-05,-0.00020933367494326748,-0.00030608096338451726
AUT,ssp126,ipsl-cm6a-lr,-0.00399550876172376,0.0009421663663102064,0.0016964069011506987,-0.003318518102895149,-0.003984753702813512,-0.0017845858508548427,-0.004540642915093017,-0.003727955194656199,-0.002305593327553936,0.0010739216434701752,-0.0012914690280795469,-0.0018857346914603692,-0.0015079591683437856,-0.004608644095805939,-0.0019243717664694019,0.00017248294651375036,0.0005238745260624188
AZE,ssp126,ipsl-cm6a-lr,-0.020441598056243383,-0.013917566255638935,-0.004046185219670327,-0.020964134125177083,-0.010324655507880476,-0.01304950933694332,-0.012518151222159867,-0.0039408048142538935,-0.011237118388511805,-0.011496825742974377,-0.002726933939081983,-0.005844229612364087,-0.005826429709791448,-0.003467727015402311,-0.00523930180892462,-0.005584457689003125,-0.0037799739417039547
BDI,ssp126,ipsl-cm6a-lr,-0.22415429556443614,-0.0804055741322307,-0.09863511129367876,-0.0341930377373607,-0.008436735672280194,-0.027374547532737277,-0.012036935531376747,-0.010567397798052235,-0.0029609966867915932,-0.0029722054259614813,-0.002272282052567739,-0.004079983214509348,-0.0009863086711110448,-0.0023646051506720557,-0.001372113577336361,-0.0012362313962954556,-0.0015327193424237355
BEL,ssp126,ipsl-cm6a-lr,-0.00025287452076005925,0.0002170864194370337,8.187895908014173e-05,6.538939089432794e-05,-0.00020335085776251405,-0.0004482518838336221,-9.01774346233274e-05,-0.0001562302474791193,-0.00033653957561270335,4.99651164162568e-05,-0.00013806720430652644,2.1299733871798695e-05,-0.0003794854750591799,-3.365888346023974e-05,6.581848080296942e-05,0.00018569552362166167,0.00014673985649638676
BEN,ssp126,ipsl-cm6a-lr,-0.11624059005897627,-0.3301683145786108,-0.14829755639232958,-0.21886109402631201,-0.10940729134578271,-0.1362800035820904,-0.07281963937978146,-0.01940226470349224,-0.050373390327924567,-0.04049006560486624,-0.0353670918531242,-0.025254132834683557,-0.03319740671403225,-0.019673705809914465,-0.008200707202569768,-0.015316820038671342,-0.018057869064100632
BFA,ssp126,ipsl-cm6a-lr,-0.253747782964339,-0.3705579733123754,-0.1881571596491378,-0.19371665278610042,-0.09831680500675838,-0.07324992974348847,-0.03158736754441103,-0.028197621906716826,-0.025836062664662533,-0.03400632757508639,-0.026055639801272033,-0.005481230953217654,-0.016099507919637553,-0.018316348826204094,-0.007744376982733267,-0.009183224691546114,-0.015163040629070118
BGD,ssp126,ipsl-cm6a-lr,-0.02916222115044137,-0.043458465356013054,-0.008709347007048122,-0.005930716726744226,-0.003670495292332575,-0.0071138519055561535,-0.007729540942560403,-0.0019336493549967123,-0.0018907493136671337,-0.0034683636182128454,-0.005355297100465757,-0.00315560481696088,-0.0030403429341702127,-0.0016830011232457551,-0.0011024533726351634,-0.0010849548829116407,-0.0030451340351341665
BGR,ssp126,ipsl-cm6a-lr,-0.019416076901854814,-0.08293022239017799,-0.04872271453563721,-0.0664493163778662,-0.06448711654713449,-0.09586251224369993,-0.06600765178629908,-0.055352027670485526,-0.06967252742527616,-0.012975383187741298,-0.03761986732942791,-0.044027285137283344,-0.058396506306965655,-0.04221824789439663,-0.06566237922728471,-0.02601972566299754,-0.007751963944051131
BIH,ssp126,ipsl-cm6a-lr,-0.0787901149160852,-0.0020032441289425046,-0.0028828978170152126,-0.08931275871854463,-0.0662381358873587,-0.06690324558447852,-0.12397942453952816,-0.10218559468710983,-0.07532017021926726,-0.00996368457883095,-0.042807093267459975,-0.05935078698832949,-0.10345170860421891,-0.13329082449172988,-0.07871099386028256,-0.0656547833683276,0.014044793941832332
BLZ,ssp126,ipsl-cm6a-lr,-0.15954349393033043,-0.1091019582194631,-0.0708487831160879,-0.08148613952782316,-0.06356242259138933,-0.04052153850510833,-0.06288622432788708,-0.044447247308353754,-0.036247487219925247,-0.02996668333186957,-0.021347703013450427,-0.019430487439619632,-0.03136230655764345,-0.005268098548073794,-0.008861125763764667,-0.005950191292084931,-0.014211336336926355
BOL,ssp126,ipsl-cm6a-lr,-0.018221638414269947,-0.023387208259885398,-0.035665239941208515,-0.012272666637054596,-0.004036139615929277,-0.020824511661963696,-0.01879414278162272,-0.008550803273374383,-0.007605294611939524,-0.00862438434595701,-0.01319281400272647,-0.006206887834144255,-0.00756596110891484,-0.005204130095730433,-0.004720866324611418,-0.007190870465848915,-0.00806938322033457
BRA,ssp126,ipsl-cm6a-lr,-0.024234653585816862,-0.028104458182981667,-0.0489133087887818,-0.01800614187625593,-0.0012832862754725278,-0.025079178682952015,-0.04055864889614555,-0.020366043171103514,-0.018307767139671385,-0.019179477536688982,-0.0205823867749106,-0.013455613642663285,-0.015429503597067238,-0.013542871654524617,-0.00981686472458751,-0.009761762790293952,-0.010041886950930634
BTN,ssp126,ipsl-cm6a-lr,-0.006006051921885125,-0.013270543080797522,-0.0009218843986056825,0.0003978704628378644,-0.0006911659086120814,-0.0009199556751688898,-0.00035586525478053887,0.0005630436054315703,9.022873253303216e-05,-0.00013954351183689768,-0.0004785869848110868,0.00011864089546543907,-1.2879395601076516e-05,-0.0003523120462160521,7.49200491937533e-05,0.00010608910613196999,-0.0003686348793771537
BWA,ssp126,ipsl-cm6a-lr,-0.00895291296281671,-0.0022226035330728316,-0.0020545724890954197,-0.005226206066819878,-0.001264108370304981,-0.004704762238355938,-0.0007161226296501151,-0.0021705726689677093,-0.0017953111438179284,-0.0006560596129971611,-0.001072673119557706,-0.0007575205131946123,-0.00039867533864957336,-0.0007254462623271206,-0.0003334936639845569,-0.000651338608368651,-0.0008041747993847675
CAF,ssp126,ipsl-cm6a-lr,-0.25855395997479547,-0.3032377266629267,-0.16256059403618556,-0.0945080012511362,-0.053441749218297877,-0.11227960422384098,-0.03675307101387512,-0.0034308749925909894,-0.026742396766715026,-0.020758861526801824,-0.014953907451794278,-0.00957757212185749,-0.023108453691272207,-0.009174587757958779,-0.0040453241352813,-0.007642912226749402,-0.01484824674000268
CAN,ssp126,ipsl-cm6a-lr,0.002173850649218993,-0.001087416902762734,-0.005638506732794672,0.0005893741831022656,-0.0026700546549880237,-0.004630537569406462,0.00021820721071107174,-0.0003277295286083058,-0.004682796990780751,-0.0025485800414518415,-0.004631036620031528,-0.005725463760145414,-0.0025290615359528897,-0.002996600042629967,-0.003579748939177448,-0.0038560545763942074,0.0008285418840254644
CHE,ssp126,ipsl-cm6a-lr,-0.0005068751186993183,5.349780535806446e-05,1.4964260857261631e-05,0.00010885958366867902,-6.436073711659157e-05,5.4080754743853655e-05,-1.9878064882796417e-05,-0.0001545104729680861,-0.00012914804471998725,2.2131420004122937e-05,-7.13864716452401e-05,-3.7133473415578256e-05,-0.0002341260864626655,-0.00014347450103572397,9.269851045797514e-05,9.512623928964922e-05,7.738603046013061e-05
CHL,ssp126,ipsl-cm6a-lr,-0.0024981183929448365,-0.002227168976031071,-0.0009323852959077047,-0.0014586370098485966,-0.0009727183005943604,-0.0005617324059102431,-0.0013322796893446482,-0.0011434277488743371,-0.0005884429730193691,-0.000559472455828758,-0.0005363662351364704,-0.0006890244714948219,-0.00023490946801311608,-0.0007460830018389662,-0.00044440987388780565,-0.0006065259247402265,-0.0005861274709793697
CHN,ssp126,ipsl-cm6a-lr,-0.010726447839610744,-0.030898871654158902,-0.014803319225008523,-0.013929134491275173,-0.018012737427902853,-0.008231472788625464,-0.02168923398190604,-0.012568660496599531,-0.02222115730941628,-0.012700518066409833,-0.024439111333748546,-0.024654605636463805,-0.007141175836724276,-0.02154775870761157,-0.015560606221425402,-0.02040912703896905,-0.021340205688615332
CIV,ssp126,ipsl-cm6a-lr,-0.03125368480925696,-0.0657040677391599,-0.05970731767342858,-0.03226637962048507,-0.019374297182564764,-0.020378183243123283,-0.009322846360206536,-0.0063010932363499715,-0.008829086799765181,-0.008764894265762182,-0.008069224971108511,-0.003944645371710824,-0.006687481320500914,-0.006000791058670576,-0.0028052232337462055,-0.00460710327521227,-0.004665145233755463
CMR,ssp126,ipsl-cm6a-lr,-0.05555650429651534,-0.11150424514820316,-0.03853814480898308,-0.06033498316733447,-0.028582086684186225,-0.025640361120004923,-0.012815877373480219,-0.004738370940630028,-0.007687651423850469,-0.019887969742561684,-0.012833836601099078,-0.003505043988638225,-0.012423442388992493,-0.007941855978896958,-0.0035100558105643845,-0.003756722687822354,-0.010496664132903157
COL,ssp126,ipsl-cm6a-lr,-0.0030671935517730758,-0.01138048738526166,-0.004048885108501208,-0.005292979843942462,-0.002159889477037439,-0.008737255081753055,-0.004000429875056665,-0.0015610663731493812,-0.0012188362893352954,-0.002975713450455577,-0.005009405756855478,-0.002381624746281881,-0.004853485294310409,-0.0018204962156978758,-0.0006613604409020859,-0.0007061487234325445,-0.00112699561894054
CRI,ssp126,ipsl-cm6a-lr,-0.002648188150901413,-0.0014697579571923605,-0.0008693364012613522,-0.001129211963032887,-0.0009027660335935182,-0.00093958124265815,-0.000949821109150851,-0.0007727429040756088,-0.0005771261019383437,-0.0005858477919802942,-0.0008765711995453456,-0.0006870229138375087,-0.000794125571403558,-0.0004548794251363913,-0.0004353077025284304,-0.0003036409341193085,-0.0004556401652410235
CZE,ssp126,ipsl-cm6a-lr,-0.0031371223266843558,3.443381900790286e-05,-0.00019927778986670997,-0.0021462993276399485,-0.0018283451623382556,-0.0014881447575187667,-0.002100287824325935,-0.00187311532364444,-0.0023020716958682,0.0005420180153382627,-0.00041755652067047643,-0.0014687802527517217,-0.0007857372896115516,-0.002711962280813417,-0.001661868266880571,0.0006833666448923323,0.0003865850480783877
DEU,ssp126,ipsl-cm6a-lr,-0.0005800689008303641,0.0002653666804344066,-0.00017703083713537069,-0.00032022937547082387,-0.0002775362524143136,-0.0007149494014875104,-0.00041161931234324285,-0.0006220824920012731,-0.0005644182307518709,-3.459695516141951e-05,-0.0004729649812611071,-0.0004627529661841972,-0.0011536891764991034,-0.0004937584031033697,2.855950631674435e-05,0.00019768356902015222,9.441956349538339e-05
DOM,ssp126,ipsl-cm6a-lr,-0.0033688615478420962,-0.0030392353910119524,-0.0007977458239317573,-0.0009920267281503395,-0.002530868011153077,-0.001832606291184429,-0.0008255266096894913,-0.0012587492797577894,-0.0011764699670749309,-0.001279403422439318,-0.0006672896641564722,-0.0008817725183833811,-0.000942931313260042,-0.0006528907706711646,-0.0003962523050006808,-0.00032097531798313693,-0.0007009602386147388
ECU,ssp126,ipsl-cm6a-lr,-0.021918359772412205,-0.015560219694663627,-0.013628550621079144,-0.016395008438826984,-0.019473612181417094,-0.011074309759289837,-0.010841144590293837,-0.008426656477769866,-0.003702597285436195,-0.005910957142039269,-0.007730029445513428,-0.004995554513557159,-0.004154589480658859,-0.004044707612280398,-0.003815602034495129,-0.00316795489366665,-0.002724876007516168
EGY,ssp126,ipsl-cm6a-lr,-0.04496044621372146,-0.03214417886957514,-0.024076867414098667,-0.020426483387167765,-0.011595252287806468,-0.012782743164100994,-0.011952481268149781,-0.008222226211968402,-0.009262649318718903,-0.006211629288141955,-0.006071366531732783,-0.00540348896688239,-0.0053200419308267214,-0.004855074772334437,-0.004503650725164902,-0.003737837217747509,-0.003439215033075038
ERI,ssp126,ipsl-cm6a-lr,-0.07962048277171359,-0.10315690301832374,-0.0735274430265549,0.0004294334850364097,-0.06115422909031916,-0.007167819818098381,-0.044004783248954835,-0.031418095085211234,-0.021900971302518064,-0.026885698590550483,-0.05121067417189352,-0.025305401465826327,-0.034761575460568704,-0.002269816047086497,0.00634032440860509,-0.017141690902986333,-0.029042553762941497
ESP,ssp126,ipsl-cm6a-lr,-0.008277693527048888,-0.003728497770788683,-0.002739546124499533,-0.004556519022145682,-0.00820580050726685,-0.005903557385631518,-0.009904967259290538,-0.009677597033901048,-0.004881570542765147,-0.004479550138724929,-0.002041653022466728,-0.0051184992854975304,-0.005339416397532044,-0.004247928957938292,-0.0033238207739877705,-0.006111254090316336,-0.0027312410286606395
ETH,ssp126,ipsl-cm6a-lr,-0.06277147643602078,-0.03141731212353225,-0.02027129073535006,-0.0030071923026456465,-0.013061371666849167,-0.006319727904301139,-0.005244219106077717,-0.004812512641903017,-0.0021402475228718097,-0.0014979081123001256,-0.0035321506308505363,-0.0016925522133968147,-0.0019264606811294114,-0.0007071639584836846,-0.0007155439885379494,-0.0009037104087154745,-0.003469284561158706
FRA,ssp126,ipsl-cm6a-lr,-0.009296327899079256,0.0012871494822521232,0.001138938434788356,-0.0016430506553061154,-0.0032736670990449503,-0.005046649679599335,-0.007026556882769396,-0.008361168753894904,-0.0030668333085081766,-0.0019260304388532797,-0.0013655233584791244,-0.0021570885025566085,-0.00488152463057329,-0.004156846565307125,-0.0014479482892543513,-0.0019843937863669083,-0.0012678342180329981
GEO,ssp126,ipsl-cm6a-lr,-0.029285217614956484,-0.015047771979097877,-0.0045873896831552545,-0.019047829546266087,-0.011860430876170487,-0.014532662901778829,-0.0072961190495123875,-0.002647815605008588,-0.010844484573423829,-0.009429070303989168,-0.0027266879279471416,-0.007240706142765277,-0.009422237121751819,-0.005517597755424273,-0.008787726530346233,-0.008431602748844224,-0.00653814199441265
GHA,ssp126,ipsl-cm6a-lr,-0.07153312532549914,-0.0522737048744465,-0.04004182267262391,-0.038460070362396945,-0.01687205415638182,-0.024028021599251555,-0.01609084507587552,-0.006656867576216228,-0.010477703122362982,-0.01090418828644785,-0.009632488175605624,-0.0064601048836145265,-0.009709872070554725,-0.006227409855156685,-0.004135182921919898,-0.006505901429551527,-0.006089047203042436
GIN,ssp126,ipsl-cm6a-lr,-0.04586697677845916,-0.03948878268394725,-0.030309916233782177,-0.0145779631205061,-0.006065632215376397,-0.0035192607315128687,-0.003433960970895859,-0.002837859054298345,-0.0029575290002260613,-0.003645649526098309,-0.0038541324736680828,-0.001143691010085439,-0.0016646238179965046,-0.0024462400374652502,-0.0016065485872377619,-0.0009379031947883014,-0.0019374433453683989
GMB,ssp126,ipsl-cm6a-lr,-0.036579534725794935,-0.032185337798085224,-0.04027808656193196,-0.027320552723385357,-0.00929188763008708,-0.011136020806839541,-0.006259042599531259,-0.004938687226855491,-0.004024497878710744,-0.0046438517598375315,-0.0034733535088567083,-0.0014600436722533251,-0.0025561167239205353,-0.0022847066643142296,-0.001296800754257043,-0.0011004328168440437,-0.0014254219626125418
GNB,ssp126,ipsl-cm6a-lr,-0.06190769855183028,-0.25680725185731756,-0.19375691849343854,-0.14144502345362386,-0.05947762599557037,-0.04438649797387007,-0.02442100934955571,-0.02440195998151374,-0.022985830946059663,-0.02109608490847562,-0.016159675279456734,-0.005159184473171204,-0.009543717597838241,-0.011426594619629967,-0.008385689037814299,-0.004961661397018123,-0.007744521443619588
GRC,ssp126,ipsl-cm6a-lr,-0.00023235142813117295,-0.010657297543338383,-0.009407165447839172,-0.018092019356084267,-0.0145030759685187,-0.017777820641317933,-0.0184607582661285,-0.011686419737407755,-0.012974201359441804,-0.007999109748426304,-0.007391205872802011,-0.007506676849654638,-0.011312718115223245,-0.008803666649505257,-0.009228207052758028,-0.008619991363911849,-0.0024181140941422837
HND,ssp126,ipsl-cm6a-lr,-0.10100052884859752,-0.09037304600347211,-0.05564712405493495,-0.060571819268463355,-0.03786991804157568,-0.024057728017070002,-0.03225510973792475,-0.019910135923901708,-0.01876770339763244,-0.014396602880418805,-0.016404262932437505,-0.01310425972363165,-0.017615661159597732,-0.008200651404668937,-0.006043290550630937,-0.0036094205120330543,-0.005954179440335037
HRV,ssp126,ipsl-cm6a-lr,-0.038464663222456605,0.01918007214648622,-0.02334689490575057,-0.33563594792351903,-0.2645955939840024,-0.25742235691307913,-0.4735490418775794,-0.4101356357924376,-0.30808983253989936,-0.008758583099718015,-0.12636488347123498,-0.16712287122075753,-0.20474356760072718,-0.32505689995220627,-0.2318595578761018,-0.12908330112176486,0.011647994102950915
HUN,ssp126,ipsl-cm6a-lr,-0.0348010978063847,0.00011914771560461258,-0.002807616255484997,-0.032738419624291436,-0.024763533520895636,-0.033125311307549,-0.03142165329606126,-0.031352719661143,-0.03131047321353907,-0.001893914610358914,-0.014004798716831393,-0.014847073158102408,-0.014854598042789185,-0.025454183848039304,-0.019835644788242922,-0.0034324794791684757,0.0008405961746989348
IDN,ssp126,ipsl-cm6a-lr,-0.014634745927902457,-0.023973278644864943,-0.020608740897314723,-0.014102024500352198,-0.013325765022459433,-0.01837678010182686,-0.020742749742683465,-0.008068962475496343,-0.008324127057381114,-0.013443108587331672,-0.019213825436749647,-0.011322441811528835,-0.01222713202322195,-0.005531949545733659,-0.0022970530142782516,-0.0036893610457483126,-0.007098693248856712
IND,ssp126,ipsl-cm6a-lr,-0.017915217558216952,-0.026067510729734195,-0.01127514019772758,-0.004694958271452266,-0.0008807300519852708,-0.006325883427123072,-0.004969159651244338,-0.0011876488114069951,-0.001307443379670012,-0.0025380803551897334,-0.003524342871482024,-0.004165714232435282,-0.0028855464915280133,-0.00011885210371585037,-0.0017972010509043305,0.00019837013378611265,-0.002436169626715735
IRN,ssp126,ipsl-cm6a-lr,-0.0010095500211915918,-0.00023314623252714255,-0.00011364232560758185,-0.0003874856282272857,-0.00020132041279234602,-0.00017244538640520787,-0.00017599980946116857,-0.00011657853447603545,-0.00012534203962222444,-0.00016813476697475905,-9.677499165134103e-05,-0.00013680071821409024,-5.709915427134615e-05,-0.00010324329920007014,-8.043818765055009e-05,-6.658506343168144e-05,-6.64584496432954e-05
IRQ,ssp126,ipsl-cm6a-lr,-0.03858458699842242,-0.0331474529372841,-0.01704156840152015,-0.039836460492015634,-0.035181881362146825,-0.029630702132732983,-0.02647432593976873,-0.015200995199951975,-0.02079173763268733,-0.017759939941308447,-0.011229909523857162,-0.014363481329370424,-0.010472143550300723,-0.008908891876390043,-0.008871245283333036,-0.007526419473625378,-0.0044270606085766665
ITA,ssp126,ipsl-cm6a-lr,-0.006693384636614579,0.00042472971611111544,0.0006464770061769261,-0.003725719965868257,-0.003974442665451149,-0.0017066377528868837,-0.00814081283880516,-0.005583406947919472,-0.003771166510687981,-0.0006450013057281032,-0.0020710891639845424,-0.001052775912988721,-0.0020308295380153264,-0.0031680155978564863,-0.0015673577056971916,-0.0034777982442670136,-0.00024206588942748286
JAM,ssp126,ipsl-cm6a-lr,-0.0035764740982928193,-0.0030241786209290874,-0.0012842819697859234,-0.000889788626554024,-0.0023840271636391052,-0.0010231883586240638,-0.001878546707168959,-0.0018461676186558747,-0.0012467228332080612,-0.0019970452440860502,-0.0017827695124405022,-0.0009305751226800633,-0.001469273064610349,-0.0005981165190440261,-0.000947009367677726,-0.0005395220179740766,-0.000750714428649713
KAZ,ssp126,ipsl-cm6a-lr,-0.0036549902142427233,-0.0024408651931928007,-0.000338986462817579,-0.0028994132291302243,-0.0018252672719213303,-0.0025571269399616023,-0.002969627572363009,-0.0020953218636148457,-0.003029930218008559,-0.0015217298241350596,-0.0026246376898271242,-0.0011871130707059568,-0.002697589052475252,-0.002374635323158648,-0.001839240049475523,-0.002592779224977284,-0.0021572748482182485
KEN,ssp126,ipsl-cm6a-lr,-0.08204131648550146,-0.03985118934698475,-0.058350532084877185,-0.012152378644997864,-0.015173680782877196,-0.022167870260127214,-0.008546126107400298,-0.01087821513537876,-0.005024207159121221,-0.008932886452745181,-0.007945250240824443,-0.0047050339577914425,-0.003868547216374635,-0.0022863378075100326,-0.0027928125631858564,-0.0024856486127305616,-0.005739740455106518
KGZ,ssp126,ipsl-cm6a-lr,-0.200133081759724,-0.039989744342735126,-0.01179907530272485,-0.07923873263702794,-0.022342204282101864,-0.037508524440709484,-0.058303485230083274,-0.021774582385812626,-0.02792718728205804,-0.007972597575915553,-0.020315780100319824,-0.010607523304354625,-0.028035835186098115,-0.007420481437270562,-0.01545454735517426,-0.01338012940931595,-0.0056121357578820825
KHM,ssp126,ipsl-cm6a-lr,-0.030183781471244932,-0.05790018248376097,-0.09357722452839301,-0.0709456786923885,-0.005513300265327729,-0.03512748131311329,-0.04007954568287612,-0.021191119626622693,-0.007539246686844763,-0.015172264053241971,-0.005425099954741715,-0.010529501524665124,-0.015238113858863703,-0.010388188537507585,-0.008730086765118876,-0.004793956969297678,-0.003083439703939648
KOR,ssp126,ipsl-cm6a-lr,9.195397368525655e-05,2.2185827441951367e-05,-2.5739606453135765e-05,-6.339206854731736e-05,-2.048262788544169e-05,5.64475146504331e-07,-0.00027119969466197325,-7.392810831097023e-05,-0.00012305680304806703,-5.8406948812046844e-05,-0.00011735909305084569,-0.00011925957384671302,-1.639015197031956e-05,-9.03126065915886e-05,-8.126246511788734e-05,-0.00010343739991227554,-5.703806048982999e-05
LAO,ssp126,ipsl-cm6a-lr,-0.035686752971976,-0.031109849416832983,-0.014233522862675313,-0.0030685623601582855,0.0018202459783050631,-0.004592736779250291,-0.004537172757527145,-0.0021316686211487524,-0.0011381070721409366,-0.005107247710815712,-0.003580795457971358,-0.0017600458536520848,-0.0005632967220960746,-0.0030199022071862366,-0.0029488302798235497,-0.00030366226076712237,-0.00034435423835378024
LKA,ssp126,ipsl-cm6a-lr,-0.000137890568903901,-0.0012651196250469262,-0.002408376331580607,-2.66276628243966e-05,-0.0006473541158628462,-0.0014525945290269236,-0.0007202850150973909,-0.0005425531574380205,-0.0004923409509127106,-0.0005870626751699964,-0.0007828232243538203,-0.0004615031016468059,-0.0007401164541332937,-0.0005229997859401276,-0.0005202825304435719,-7.163475021740262e-05,-0.0004011511178164675
MAR,ssp126,ipsl-cm6a-lr,-0.0004961106286924103,-5.3101437421238505e-05,-0.00035362930190041027,-6.585564422727031e-05,-0.00013678997735428928,-5.3832144558229e-05,-0.00017403336742051668,-0.00010011282835047082,5.784230972358124e-06,-9.930323060230729e-05,-1.6333207109618458e-05,-3.3473779350963176e-05,-5.991479796214871e-05,-6.055664115783808e-05,-3.7797252551751075e-05,-8.787708084449569e-05,-4.313097655140546e-05
MDA,ssp126,ipsl-cm6a-lr,0.00523659771135096,-0.10079416064820527,-0.060830429278888425,-0.07174243031723354,-0.04355645716702537,-0.11862343535496819,-0.08522227865061623,-0.07571656107640855,-0.07835436225071946,-0.007981668678779108,-0.03632496124194602,-0.03078925200657538,-0.04154188537015831,-0.015065544472476293,-0.07375901109064462,-0.026636640683465322,0.00847409536526244
MDG,ssp126,ipsl-cm6a-lr,-0.00774349020745144,-0.0031501230557575096,-0.002973192634243791,-0.005422759206095135,-0.0021204686501703355,-0.0013585765713065546,-0.0013397485291925947,-0.0007960418411485087,-0.0005348030039334401,-0.0010397708322189003,-0.0007024125734990024,-0.0004718260392063579,-0.00031745632718108656,-0.00014060869941860273,-0.0001687757854450469,-0.00024539271363226953,-0.0001994889910810196
MEX,ssp126,ipsl-cm6a-lr,-0.016954136847983255,-0.021988499124648786,-0.015009642051658003,-0.024942273319529064,-0.013002723273970913,-0.012487732353294822,-0.01713010484555546,-0.010998671269861003,-0.006546220337736141,-0.01685200626841647,-0.01016884235735506,-0.01017679134683903,-0.019951110801090726,-0.0039787055686712905,-0.007915201644459436,-0.006619648683454894,-0.00879680793187582
MKD,ssp126,ipsl-cm6a-lr,-0.004730122219982701,-0.005255782163655792,-0.002825735234504441,-0.017977655001499452,-0.013280151464718266,-0.015147923202680585,-0.014265406884603237,-0.012595739374436808,-0.011879635942563176,-0.00510901711986038,-0.007790408874222503,-0.006878034533892432,-0.010639808008405399,-0.010024261894247512,-0.008781968958482305,-0.011132206966443906,-0.00041679984128466235
MLI,ssp126,ipsl-cm6a-lr,-0.38745190489686127,-0.4419649644785897,-0.29462573882715437,-0.3879201143900895,-0.18660229297270167,-0.11976512727718658,-0.08028669948347898,-0.0726618706733324,-0.04681468155132574,-0.057914815146722726,-0.05574812408544921,-0.01923628846969217,-0.03177759095184203,-0.03261658138161648,-0.01790344356489973,-0.010577209917717066,-0.026418724658369773
MOZ,ssp126,ipsl-cm6a-lr,-0.08849890932323688,-0.10771228454331959,-0.04502031027387769,-0.07525515347328715,-0.03770875375411009,-0.03328090315516187,-0.012880390175747783,-0.010871674654136389,-0.008884574381079953,-0.011443979917462401,-0.005516794610850443,-0.004295559122059345,-0.0046603796338758755,-0.0014971667284038545,-0.0019429208177378287,-0.0028234757425443994,-0.0006511934393645515
MWI,ssp126,ipsl-cm6a-lr,-0.2999604183680198,-0.2804691739923552,-0.10907178495053395,-0.1428016044855896,-0.0839122463300207,-0.05408345350018906,-0.024361962717509216,-0.028415268921744112,-0.01870098749345697,-0.027456891200704398,-0.011486384163157589,-0.011440271575924746,-0.009603473007733983,-0.0023202514594888803,-0.004938403374078781,-0.00635580620508221,-0.0019884671420835956
MYS,ssp126,ipsl-cm6a-lr,-9.827884947231365e-05,-0.00010036173682514247,-0.000131514218307311,-2.693373273014923e-05,-8.091414744547647e-05,-9.431654218389728e-05,-5.622953138531182e-05,-6.758548999527883e-05,-5.267080865667884e-05,-5.9124065406920336e-05,-6.465134317413027e-05,-1.6187251644959827e-05,-7.249270848420861e-05,-2.225559663393549e-05,-2.6969497416799985e-05,-8.199439500753613e-06,-1.2796172138961225e-05
NAM,ssp126,ipsl-cm6a-lr,-0.0050637401515110664,-0.024100098351956836,-0.004547192263891212,-0.019828718558197414,-0.013370340067164128,-0.017062921162655294,-0.001542376201074499,-0.006184889902452721,-0.0037047665644574053,0.00021167594203073275,-0.002996342231952537,-0.004408747017406736,-0.0013870717371273875,-0.0023300455189353697,-0.0002979925631514235,-0.002780947836154783,-0.0038943280966988827
NER,ssp126,ipsl-cm6a-lr,-0.0022890524430756102,-0.002609808266432127,-0.002117673896704328,-0.002476997291323516,-0.0005453172096272861,-0.00027544476613162875,-0.0003504037167946889,-0.0003056004865405743,-0.00018442427516617403,-0.00033306786784048864,-0.0001980409388436829,-8.115384563226219e-05,-0.00011800086014043309,-4.385781632808571e-05,-2.794281657652375e-05,-4.0027750183356354e-05,-9.068747761942385e-05
NGA,ssp126,ipsl-cm6a-lr,-0.021765733184959852,-0.03574235910918996,-0.016152602761798356,-0.023771848865170118,-0.010377166575057127,-0.010289508131914643,-0.004123787698289553,-0.0013316152866851344,-0.0035030962262224967,-0.004171359904341901,-0.0032870654141774537,-0.001085406141566153,-0.0026301587204558517,-0.0017590378707082687,-0.0005807393916550693,-0.0009157863182729104,-0.0014949088710888134
NIC,ssp126,ipsl-cm6a-lr,-0.10882589777456114,-0.09553897960960737,-0.053149535620102384,-0.060917085746986066,-0.05580132363000528,-0.036328821359698116,-0.03282401415746153,-0.02764759053569385,-0.02181555485225322,-0.01652837431502637,-0.021303345209164885,-0.016335044934412655,-0.019585397474840185,-0.011723460145771072,-0.008576191988464559,-0.004916628605681161,-0.009389536579199905
NLD,ssp126,ipsl-cm6a-lr,-0.0001039088286099488,5.294265330791857e-05,1.1586035948968273e-05,1.3669058314923549e-05,-2.6477977472521124e-05,-0.00014065593570154356,-7.293005374032841e-06,-4.5778964909814336e-05,-5.555889901338481e-05,2.5063275434135872e-06,-5.2844421956000886e-05,2.9547470317718988e-05,-0.00015842583915357802,-9.03045464667773e-06,1.1082078203267416e-05,5.846748614242467e-05,3.879069062678184e-05
NPL,ssp126,ipsl-cm6a-lr,-0.14385983192320903,-0.20901048885004864,-0.1158065062309093,-0.02571242118045535,-0.057551042601040554,-0.08076449864910065,-0.07126266972299385,-0.00032419902005856186,-0.03381950399953057,-0.027630382398510227,-0.04009918146940909,-0.01903332293017501,-0.010699152257087684,-0.00958974063200757,-0.005789418095548981,-0.004032663807359742,-0.01623123329822881
NZL,ssp126,ipsl-cm6a-lr,0.00016793651372073553,-9.043468710394173e-05,0.00030448442686452565,0.00046952072128036943,0.00034552636647482534,0.0002971162542225218,3.514865813222589e-05,-0.00010446149623718793,-6.863795490172775e-05,0.0001306231601576744,0.00021480432378781576,-0.0007543361152906825,7.3612462818601e-05,-0.00012794601711757207,-4.198639653061395e-06,0.0001976834785652609,0.00021210180536894855
PAK,ssp126,ipsl-cm6a-lr,-0.0538088407691533,0.0018696639046477048,-0.03686495680033108,-0.03689245650525437,-0.01636347988611713,-0.016784378130499402,-0.009605191740825718,-0.010150901600527186,-0.007829318493962737,-0.00882905378126703,-0.0072654181095540135,-0.00995459927042409,-0.006025408035965686,-0.002224850587503245,-0.0052805522825566525,-0.0027385595703656187,-0.005363838765597999
PAN,ssp126,ipsl-cm6a-lr,-0.010297105791424082,-0.014796404840969715,-0.007581832304340854,-0.006695324838729815,-0.00506836163191451,-0.007753625207072989,-0.006505369285735302,-0.004052844930100296,-0.001758491888299134,-0.0036219376701788876,-0.007258125603567865,-0.004124681509873858,-0.007234326303586024,-0.002349813826139859,-0.0021546827652963096,-0.0016848041680273041,-0.0020734848638912715
PER,ssp126,ipsl-cm6a-lr,-0.00521583363619408,-0.005022215264725625,-0.001910875751502242,-0.004555636943548797,-0.002078273496945668,-0.0013019194790298287,-0.0008659914939605135,-0.001471193917303941,-0.00023718087235377006,-0.0013563175670996675,-0.0013694548535264453,-0.0006303776581100983,-0.0006347659626837135,-0.0006954305865640778,-0.0007628731386093838,-0.0005953221612950222,-0.000739600154573863
PHL,ssp126,ipsl-cm6a-lr,-0.00659120261926136,-0.040748249748989634,-0.012799706786011555,-0.018255092771701235,-0.005740575514554108,-0.004663455700685326,-0.007989546859319198,-0.008101204084578303,-0.006808515344452355,-0.009266063938530564,-0.006101761657325407,-0.003367596571363035,-0.008260365686402957,-0.004500272630174755,-0.003535005122963567,-0.0016949645545167899,-0.0026593119527513033
POL,ssp126,ipsl-cm6a-lr,-0.011520713369035847,-0.000949582631209318,-0.0029914176417101083,-0.014143831004046566,-0.00761647417433093,-0.008284964688199172,-0.013613306165061609,-0.014467899262706902,-0.017535908249265212,0.002348179173932081,-0.006261959649585855,-0.011023058744015617,-0.006476000341409902,-0.013799063230996665,-0.019913738575404474,0.005199438431850751,0.00421608519488599
PRT,ssp126,ipsl-cm6a-lr,-0.008660930166021583,-0.001643846022339998,-0.00515103332400355,-0.0021498336106697317,-0.010525496080925206,-0.0034794047419304795,-0.008094056044014296,-0.009208090565380344,-0.004439011003687823,-0.006837186189852233,-0.0019789863062408997,-0.0038590409162553726,-0.006279074546039117,-0.002233683414320279,-0.004231164350326373,-0.006069629952197412,-0.0025883709280425265
PRY,ssp126,ipsl-cm6a-lr,-0.09132982370985003,-0.1625574083803766,-0.21244609847351695,-0.08157692403647442,-0.045338708401271834,-0.06535885042040815,-0.14374720808084948,-0.04391711633535086,-0.06479284089999877,-0.0370820533321512,-0.05451469441685171,-0.026425351421803463,-0.020891719235046728,-0.04902213756608307,-0.022769390621617383,-0.010348042027349551,-0.05628158556581783
ROU,ssp126,ipsl-cm6a-lr,-0.006449229312894175,-0.04931798768344336,-0.03282374545434703,-0.07025403477352903,-0.048062711377184535,-0.09058444968292959,-0.06548924609411728,-0.06243197081164893,-0.07041559229928748,-0.006729713883432788,-0.03525995830232058,-0.03719126326852961,-0.044786523780976514,-0.03587628282025788,-0.07518966757664815,-0.02103302148560285,-0.0048159092651631485
RUS,ssp126,ipsl-cm6a-lr,-0.006710402731247209,-0.00937327309322977,-0.0010108840391575289,-0.006927685383670284,-0.0038258617705872635,-0.007335878378433067,-0.005777514897932001,-0.0028391583185414506,-0.006172069744570499,-0.0030379700084097586,-0.0022812432980931887,-0.0031105163218303694,-0.003861572269684901,-0.0013242244786268891,-0.0037709981685211964,-0.004054528208879387,-0.004549367760838034
RWA,ssp126,ipsl-cm6a-lr,-0.06193683666969856,-0.005450905075497664,-0.025340857410897928,-0.0033630220076220365,-0.001745264749203655,-0.008949636914776616,-0.005973547919113749,-0.0033771995184828318,-0.00031665061307505245,-0.001386727522368126,-0.00047104091813059205,-0.0032014021586471227,-0.0003286788561110088,-0.0009365738614410354,-0.0004742616923857603,-0.0008153900757249229,-0.00033309669988664236
SEN,ssp126,ipsl-cm6a-lr,-0.08933993995474677,-0.10980103633942914,-0.12289810077890057,-0.10641899945972746,-0.04633448744252718,-0.0448089551605276,-0.023059938939096233,-0.022021811474642057,-0.018578106633042726,-0.01883092721568517,-0.015297840043879121,-0.005396026922045223,-0.010777481715342738,-0.009079625156502217,-0.005505789785482247,-0.00407357503342997,-0.0058095504839222375
SLE,ssp126,ipsl-cm6a-lr,-0.020487147404631596,-0.0030975087741952735,-0.004781768976451952,-0.0021772614417801257,-0.001221870546550759,-0.0005653784153236185,-0.0009233034909748774,-0.0005278482346371454,-0.0006999955460771843,-0.0007872637544682091,-0.0006654365530641212,-0.00021585838620604388,-0.00026535276042141665,-0.0003781057066954887,-0.0002820921477246394,-0.00010473097347251264,-0.0002237608891763186
SLV,ssp126,ipsl-cm6a-lr,-0.11943269977033615,-0.1599926672827276,-0.14119994024038768,-0.13194945790562887,-0.11722293793610823,-0.07192554892276086,-0.10918252951581768,-0.07581960501151833,-0.0509422477486466,-0.06510392071954792,-0.08617779658030787,-0.0630749171836,-0.08719866982527007,-0.04369097100216674,-0.035651683335842864,-0.02551123576146693,-0.04717212416409319
SRB,ssp126,ipsl-cm6a-lr,-0.061245645324300234,-0.016483397179541993,-0.02394511062496517,-0.18045921595033657,-0.14761507096318852,-0.17839417708127128,-0.18491386850595287,-0.1555719758372642,-0.14992502927688375,-0.02324181484483432,-0.07924300978124872,-0.109184750149175,-0.12909393992400742,-0.13561163467811066,-0.08697849296370727,-0.05557245084482691,0.005172052343953007
SVK,ssp126,ipsl-cm6a-lr,-0.009615537646348399,0.0010297254517045553,0.0010132667355995876,-0.008451800923272926,-0.007097744411967694,-0.007699973145263942,-0.007738998676674896,-0.01050116509842721,-0.008388859381316257,0.0009055747610737685,-0.0034496985469937252,-0.004672124550044497,-0.003093820954707878,-0.00965361875236431,-0.007048298765573359,0.00020371904991972676,0.000886326371165178
SVN,ssp126,ipsl-cm6a-lr,-0.004464468225874748,0.0014214537043124576,0.0020209346562143995,-0.0022924200150879525,-0.0018634764071821196,-0.0003165506886502848,-0.006490978409125713,-0.004147980594759785,-0.0016513571665882853,0.0008191084556179659,-0.0006296137922352056,-0.00015943771202607955,-0.00042130364172759526,-0.0020418676870064077,-0.002298122900486524,-0.0006096269430359264,0.0007116538377716204
TCD,ssp126,ipsl-cm6a-lr,-0.12510930134924098,-0.11683362261239735,-0.05270557227071347,-0.05676640862304346,-0.01829767232484924,-0.012557173343749993,-0.010858854377933711,-0.008089305086356758,-0.007713668621033964,-0.010661136497542509,-0.007266895612740486,-0.003849170136448582,-0.005876461803320458,-0.002957277818318311,-0.0017102750408026076,-0.002270618564662886,-0.004393637093612846
TGO,ssp126,ipsl-cm6a-lr,-0.13499773735919746,-0.3859042347774613,-0.19684466177975396,-0.22615005345446768,-0.1131425730198497,-0.12411968633353851,-0.0735130316361898,-0.019047290373946545,-0.04346476308600558,-0.033921802796502504,-0.03183335698244508,-0.021545965331250715,-0.02971422732533819,-0.016938913035762115,-0.00848132799856885,-0.015323444378077776,-0.016442736921037645
THA,ssp126,ipsl-cm6a-lr,-0.0107337471141186,-0.030865755726947715,-0.02826634583892077,-0.016498168474691776,-0.004467222220814256,-0.012138067076516533,-0.017617502380109874,-0.010572025140877466,-0.0065134568647793704,-0.008497689263720581,-0.006919520500638051,-0.009085787730441408,-0.01195652160153754,-0.00939042214034818,-0.008038711196652176,-0.0023891330110532246,-0.0023849422663913006
TJK,ssp126,ipsl-cm6a-lr,-0.02652633699117794,-0.020644733942009524,-0.008070448320140585,-0.02307831142099459,-0.006926871182077043,-0.004540173369034786,-0.007039807842050613,-0.003966976659256899,-0.0033258003595678007,-0.003057306815562567,-0.0035364716229411446,-0.003050470005059399,-0.0028626377334870917,-0.0025968949416335383,-0.0023194191681433648,-0.0030201205244791353,-0.0021729052452821307
TKM,ssp126,ipsl-cm6a-lr,-0.0018214511298717787,-0.001496982730439751,-0.0009722214693096408,-0.002278153732899711,-0.0008607266005826177,-0.000563596773822524,-0.000899167027089738,-0.001070845278266257,-0.0005968694695375979,-0.0010369476906528247,-0.0010996740448794098,-0.0010567918860987045,-0.00041157462835758135,-0.0009266384380718287,-0.0006714708784609627,-0.0007932776544426113,-0.0007045630755828945
TUR,ssp126,ipsl-cm6a-lr,-0.002184516207810702,-0.0022910284830283106,-0.001214459006037902,-0.002055464654499872,-0.0014353631300070445,-0.001737420258777873,-0.0010613831645580934,-0.000873889443133382,-0.0013686720197238272,-0.0013200040372972136,-0.0007057717506948691,-0.0008318395555866276,-0.0009305716940283385,-0.0009166623445062299,-0.0011542359314929236,-0.0009114732966631233,-0.0005675509171794783
TZA,ssp126,ipsl-cm6a-lr,-0.09413032568094017,-0.08522531657553463,-0.0989150238503948,-0.048080795054858204,-0.014694357896175502,-0.031342194900866,-0.004989755856665027,-0.008826240680261253,-0.008845502842035299,-0.008010646396476917,-0.008991410525179155,-0.005860677025696668,-0.004804947331960287,-0.00275223538938226,-0.0024737615286196347,-0.002290769244959577,-0.0019369270882761609
UKR,ssp126,ipsl-cm6a-lr,-0.08963356536878654,-0.18518789395890817,-0.08497855819971682,-0.1402401569782277,-0.03863424723786374,-0.1594400715658017,-0.10992663635377682,-0.07855491846615639,-0.10348657652589094,-0.007398121878317391,-0.044558085069420314,-0.03125709497164529,-0.04090401949039882,-0.01584993540626278,-0.07394159633084023,-0.034660707409265204,0.005089799461754445
URY,ssp126,ipsl-cm6a-lr,0.000624675292495182,-0.00632424004356744,-0.004547620052280906,-0.0028911528917306196,-0.002225551541982527,-0.001955779390355257,-0.0029375431660312334,-0.002518171458326734,-0.0008901033430503691,-0.0018204839922790186,-0.000578151872375315,4.5379670358423286e-05,6.656584066703212e-06,-0.0012032134420340876,-0.001898996382922165,-0.0009642303581533449,-0.0010856431432958841
USA,ssp126,ipsl-cm6a-lr,0.004498320756101863,-0.001562405168139376,-0.019659413055940583,-0.017799162074170424,-0.012428231251720783,-0.01770846104102582,0.0005446584293984491,-0.004261786828960033,-0.03076201159429759,-0.008177689762772371,-0.010706847805750042,-0.013767246949011542,-0.005854206954042962,-0.015100137548137372,-0.009838739477423688,-0.008141186006158225,0.00011052603821959771
YEM,ssp126,ipsl-cm6a-lr,-0.004909455214510534,-0.0009931611720560031,-0.0008965297426419896,-0.0003582389954706706,9.369407476839468e-05,-0.0005131801332997363,-0.0003528158697241034,-0.00023501827885921386,-0.00017501848303376163,-0.00026555285114040713,-0.00019974226907021033,-0.00020304611690704206,-0.00022990932491617937,-2.752926266396606e-05,-4.386249893356143e-05,-0.0001497487260893684,-0.00021706688974006157
ZAF,ssp126,ipsl-cm6a-lr,-0.06298367295201704,-0.05311683840112289,-0.039915200897781736,-0.05236094239202854,-0.008457276420983054,-0.04285375403162279,-0.007624907229184571,-0.015958352323131832,-0.026673818474804063,-0.009416886350103076,-0.010900460982452445,-0.007545701160723613,-0.005233210440101308,-0.011160557788539513,-0.00498674631554587,-0.006759164213667708,-0.009010445713858414
ZMB,ssp126,ipsl-cm6a-lr,-0.05397884823618871,-0.04981905271842122,-0.03182893410480329,-0.06179560508465477,-0.025157872815379737,-0.018913082065631193,-0.007722795617568387,-0.0076891522760460795,-0.007587162559554102,-0.008954956766447711,-0.003897498108417848,-0.0049461036880311575,-0.003215654037712453,-0.0012156558216810801,-0.0017436617374289684,-0.002348726848221738,-0.0006995383830684931
ZWE,ssp126,ipsl-cm6a-lr,-0.24877491111868483,-0.08394661416054754,-0.15543970974980836,-0.2436761634337023,-0.12797144827998944,-0.17619397992593458,-0.0689540758419264,-0.04944980700846152,-0.04642256780021058,-0.05073492104516928,-0.030317094715042965,-0.02047492307650786,-0.02164909344998554,-0.009409176029006452,-0.016006520230632,-0.0232584705204004,-0.0040839764732645495
AGO,ssp126,mpi-esm1-2-hr,-0.004975577109757337,-0.02154976240553983,-0.0038870788357287757,-0.0068338753394102105,-0.009694840808553077,-0.005279067117412003,-0.0013603917574752061,-0.0016422781263636737,-0.0029500673620375746,-0.0016189779285153,-0.002013995427755186,-0.0005156932002554174,-0.00017511729433081205,-8.473525940461534e-05,-0.0005919749952634531,-0.00041354715064449845,-9.08992351137329e-05
ALB,ssp126,mpi-esm1-2-hr,-0.12060557625920149,-0.297989269287983,-0.062046753434952716,-0.046987131685955655,-0.022833397308401764,-0.033352433089625044,-0.10836610930975564,-0.14687635414202538,-0.16143497486844552,-0.03637183350663635,-0.051134832188642586,-0.04560161577988741,-0.044027670896070736,-0.0216329831252974,-0.013754518504282312,-0.05569986311822339,-0.06332325233762678
ARG,ssp126,mpi-esm1-2-hr,0.008412764599038983,-0.0012413820213261826,-0.00043572431977750083,-0.0012579146913111864,-0.0007991607333732864,-0.0021523923087652065,0.00015908899729325304,-0.0011112281981799537,0.0003206713477591813,-0.0006793386904846903,-0.0005303695745744072,-0.00018780269657766232,-0.0005351474425756149,-2.0216507021132338e-05,-0.00016161416945853762,0.00026211177798611415,-0.00030723523685004733
ARM,ssp126,mpi-esm1-2-hr,-0.0008513653154378614,-0.0006610317693527543,-0.0017231955845916954,9.045901344892781e-05,-0.00039528623409611555,-0.0004279033115550198,-0.0004572289429616494,-0.0001567294883672857,-5.3457245679873384e-05,-0.0005069592120185575,-0.00018862258887972723,-0.0006076855818703178,-0.0004625417839981842,-0.00034156324181264935,-0.0004516086743333433,-0.0002346925058022696,-0.0001610694397398527
AUS,ssp126,mpi-esm1-2-hr,0.00025611484728626236,0.00019487210465084627,-2.3041195245287337e-05,-0.0007736934331689032,5.579388907672992e-05,-0.00015571946695812602,-0.00030673223065996,-7.323575884907234e-05,-0.00010124090127391539,-0.0002349612209620007,-0.00015592039914390422,-0.00022412886720405212,-0.0001114302053257047,7.860604147356087e-05,-0.00026721796503801314,-6.258290208883964e-05,-0.00011555610501046834
AUT,ssp126,mpi-esm1-2-hr,-0.003186290562350136,-0.005800883175013289,0.002311434024369671,-0.0007405924568335846,-0.0006318401112148098,-0.0016417940395740973,-0.004003169532185092,-0.007262288850813119,-0.0012992361564753206,-0.0011449100830789021,-0.00014144458290347295,0.0008882007048137812,-0.0011996074233633486,0.001049342705035395,0.0004760374302139236,-0.0002624810407097098,0.00013795842073365306
AZE,ssp126,mpi-esm1-2-hr,-0.01401509211001234,-0.010010871478095582,-0.02066820299373803,0.00409301250422211,-0.00784166855918787,-0.005478061874352362,-0.007661445830268901,-0.002860276877235991,-0.00043814909671383327,-0.005408266856417586,-0.0038871541658136413,-0.005113173082328082,-0.006345034085890283,-0.003448826055318767,-0.0032134488309498443,-0.002599267311041732,-0.001020070196551141
BDI,ssp126,mpi-esm1-2-hr,-0.048102421564402746,-0.028870544056621955,-0.0144842926156882,-0.04465071778011442,-0.014612470823139743,-0.013266878747187814,-0.0015523401518096462,-0.010204436442414002,-0.0008258366302218329,-0.0024431922140598725,-0.003895297316540025,-0.0006501998676610271,-0.00029764535589727034,-0.0004527738505988412,-0.00041377368460144144,-0.0012734232338005194,-0.0014028560780236083
BEL,ssp126,mpi-esm1-2-hr,-0.00020391261483330194,0.0006350784009525,0.00036957288829972157,0.00028860828838737164,0.0003016788393893198,-0.0011291200638343492,0.0001300213081054435,-0.0007020888591817505,0.00011452249054203941,0.00027066384350593977,8.023933647298043e-05,0.0001889611870022591,0.00017824352469689468,0.0003072667383112516,3.441306304591071e-05,0.00016549225223374536,6.28150529095893e-05
BEN,ssp126,mpi-esm1-2-hr,-0.22427050404098822,-0.33628999672201193,-0.10691004686308307,-0.039918499339918284,-0.04604493903415206,-0.06820415505991292,-0.010474429033364261,-0.06345832168184924,-0.045225176462135454,-0.01710459242589588,-0.01624786908500895,-0.025426820533418593,-0.027211780225621165,-0.014263478238556903,-0.012730850816194966,-0.012606807354176942,-0.002900164335509675
BFA,ssp126,mpi-esm1-2-hr,0.1389730610789815,-0.27666322098153684,-0.12558321183566667,-0.15577906850777534,-0.060915399097460375,-0.07838814486909984,-0.022359818202416875,-0.04379205993399459,-0.038759266124585835,-0.02322096742931683,-0.013508756345612065,-0.01759662780990058,-0.019780378812762556,-0.008190147842185138,-0.010361961881903787,-0.011880751616183148,-0.0033154061455094373
BGD,ssp126,mpi-esm1-2-hr,0.009776136719197151,-0.0018770786603616888,-0.000815475833171804,-0.012949947682806186,-0.004669790251375874,-0.0042601619037018965,-0.003181508383562605,-0.004533021980967883,-0.00821191829327195,-0.0021090489847837594,-0.0021417779981722446,-5.86115626303965e-05,-0.002592233580746379,-0.0007736396278463496,-0.0009107288612116681,-0.0007770413084701837,-0.00044246726239352037
BGR,ssp126,mpi-esm1-2-hr,-0.11341136734298823,-0.1475235787046396,-0.049642601771392104,-0.012566508753794338,-0.0327176531241669,-0.018815987881483556,-0.04422264411496502,-0.07535253289943081,-0.07375143541224939,-0.025458460733649834,-0.01522178829070413,-0.0376424263627751,-0.03109831276197916,-0.031878282092183026,-0.022880557944685166,-0.041998147949165045,-0.021198149615494887
BIH,ssp126,mpi-esm1-2-hr,-0.10236228457805067,-0.18553712090328586,0.0023530860125127455,0.0020562998840378266,-0.033321727082700536,-0.012817393144411946,-0.04058308643868133,-0.09904046847034532,-0.10561131485803708,-0.023649740653158086,-0.00045957508018642807,-0.003582584044567192,-0.01961392049948591,-0.009613766495289734,-0.036052780528213105,-0.03098912460598104,-0.039282464818989345
BLZ,ssp126,mpi-esm1-2-hr,-0.07005341610048493,-0.16305747949545724,-0.025770448589281267,-0.026375534778581768,-0.015783906038101342,-0.0007830841647896814,-0.03879227828862697,-0.029391190542407117,-0.003510088027870351,-0.03812929724265748,-0.012108602777488636,-0.016847988975528787,-0.025253981598531802,-0.004221452335161804,-0.01770504687469398,-0.0025588234297028046,-0.012756324784291175
BOL,ssp126,mpi-esm1-2-hr,-0.04058533907945132,-0.11612177452863706,-0.055991178501122785,-0.034961894748672576,-0.027253440944282004,-0.01987806642185579,-0.00991125352258771,-0.013332606602488173,-0.02141558608775925,-0.009498409101026492,-0.008281885492956857,-0.006618806832530133,-0.004046567143469375,-0.0018490847259977265,-0.0013346192626665213,-0.00698446528662185,-0.004279435686328133
BRA,ssp126,mpi-esm1-2-hr,-0.02925409530669983,-0.06807303030382347,-0.030697203483226534,-0.03068610251824231,-0.01596671368950758,-0.02129772763757195,-0.017770648992550243,-0.005912949844007171,-0.021575397861573992,-0.013236368027097755,-0.010244768053418687,-0.008589631985932183,-0.003869562364073585,-0.006780645802531969,-0.004938706474514594,-0.011584006185324817,-0.004638371156051948
BTN,ssp126,mpi-esm1-2-hr,0.006300125693384348,-0.002543642486853225,-0.0008391562934251832,-0.0037394627140717573,-0.0016587587156552351,0.000296205184156279,0.0003738541845381144,-7.306487267114045e-05,-0.002659655124683248,-0.001878035447860267,-0.00015298582216617836,-0.0001080905079586759,-0.000547771513987251,-0.00024568633771466917,0.0001864157767158709,-7.86370046394879e-05,0.00017004785887249956
BWA,ssp126,mpi-esm1-2-hr,-0.0017069286330251086,-0.005307045714113852,-0.00029202684775154146,-0.0012688994991234977,-9.247596173058286e-05,-0.0009630504851189262,-0.0011674346018312562,0.00039639477697394937,-0.0006701945145478234,-0.0017913179705836963,-0.0008465104337928499,-0.0017734057616733644,-0.0010673121447587921,-0.0007648340536199244,-0.00021904478482218635,-0.001987701849076988,-0.0006485352940353403
CAF,ssp126,mpi-esm1-2-hr,-0.011904638021407902,-0.414079304311598,-0.013302588257256984,-0.10073998800151139,-0.06079635065950483,-0.06224609863994608,0.010890299461248223,-0.04309970343397262,-0.021671934239289883,-0.015084273914296393,-0.0072139971079336705,-0.011391871608186622,-0.009235148271017382,-0.013276539425576668,-0.003802971821090177,-0.004004951051963592,-0.003288796213610069
CAN,ssp126,mpi-esm1-2-hr,0.00362364319000948,0.0005480948488990081,-0.0003094259685467155,0.0009195850226719198,-0.001472859303932284,-0.009923476903675364,-0.0005111188450183062,-0.0036256967835070226,-0.0037665139583257772,-0.001212511568670847,0.0005816411296415379,-0.0016935400605776801,-0.0004873876137963504,0.0016194171383524985,-0.0002985582289812737,-0.002032716818124251,-0.000587755282297765
CHE,ssp126,mpi-esm1-2-hr,-0.0001269861751435172,6.796089722942644e-05,0.00011970886751646275,1.6250903222406243e-05,0.00021208765031048015,-0.0003232067742713986,-5.799885831080214e-05,-7.08804641238661e-05,0.00012487433807711597,3.939735035485416e-05,7.922669632822325e-05,6.01561363701545e-05,-2.647309142506957e-05,0.0001285658286487316,-5.26414323190103e-05,1.5775678192371054e-05,6.078616012971186e-05
CHL,ssp126,mpi-esm1-2-hr,0.0005966839418040115,-0.0005360907641319113,-0.0015478548961974097,-0.00024716249650491345,3.911006820030465e-05,-0.00047825553227763415,-5.9574926560529754e-05,-0.00018401489766365516,1.3822687595992919e-05,-0.0002943985158859592,-4.655426312623877e-06,-0.0003188046942272239,-0.00033402068163508993,-0.00024568447558464895,-1.8544070053337037e-05,0.00013233683312967713,-0.0002172878992341857
CHN,ssp126,mpi-esm1-2-hr,-0.021819093822922776,-0.037442470376008424,-0.026595557037961466,-0.0009597728958381883,-0.015539892168031325,-0.0015228506251959845,-0.003771994755492572,-0.025151192718921786,-0.013631443865919213,-0.015925854886368353,-0.017221950386155562,-0.00488585373894714,-0.006651508766053105,-0.00615508335988298,-0.009115694660625999,-0.019156192421066535,0.0020210336262458735
CIV,ssp126,mpi-esm1-2-hr,-0.0034590073812939288,-0.0685332309572057,-0.01435102348569139,-0.03603406790855976,-0.008308196287189394,-0.011547693407075657,-0.008230414785745337,-0.008923555748916743,-0.010681308457434984,-0.0048202425430983525,-0.003927599768385559,-0.004773775118094594,-0.005297913747542785,-0.0034127897405939463,-0.002975567881541093,-0.005406277026928937,-0.0014204763989512093
CMR,ssp126,mpi-esm1-2-hr,-0.046993931036877594,-0.24165713114438508,-0.0124400117905549,-0.01753958941045921,-0.017601982326494917,-0.03198736118413822,0.0018501733956221183,-0.0177206880476996,-0.02095179341677547,-0.011121070280670196,-0.004175964682426021,-0.015694988061506505,-0.010841550533676277,-0.011573888123193966,-0.005519991736161285,-0.006430204305269198,-0.0008048855408371004
COL,ssp126,mpi-esm1-2-hr,0.0008795662601807137,-0.0012622269166547423,0.0007330806125372392,-0.002372266988066393,-0.00240279112689639,-0.004372575941934569,-0.00012672543992082452,-0.0021941792255298046,-0.003072553064886836,-0.0021222079999953405,-0.0019648512977710796,-0.0017917314866315358,-0.001005954235941795,-0.0011603038940534143,8.932689537996542e-05,-0.0017772353930831145,-9.554986049427379e-05
CRI,ssp126,mpi-esm1-2-hr,-0.00013404472005481644,-0.001279162285093126,-2.164393132906861e-05,-0.000589055818217101,-0.000385522356669779,-1.9822116808414704e-05,-2.3250064473283608e-05,-0.00033642502421940015,-0.00023219647672908432,-0.0005175764164900025,-3.6150754203345316e-05,-0.00016443611358462238,-0.0003993749888718956,-1.161123236805e-05,-0.00021729450762825444,-7.379775180920395e-05,-0.0002473843634656493
CZE,ssp126,mpi-esm1-2-hr,-0.000635960900526686,-0.0005804391153453525,0.000913327066759127,-0.0006758463537701838,-0.0010867743062298104,-0.0007363915433150247,-0.0012808166049346533,-0.0036245840650544602,0.00023605886751250395,-0.00044189888951928904,-0.00015503918197176607,-0.00013076555540608405,-0.00032115588754826437,0.00040371428356797374,0.0006334107498395968,0.00029583491895446203,-0.00010845314428901726
DEU,ssp126,mpi-esm1-2-hr,-0.00020250999198561352,0.00038641070931587276,0.0005110067579096378,0.0004229053532833867,0.00026618867133156667,-0.00122504197581442,-9.262262039751096e-05,-0.0004720693581614252,0.0001489638312813753,6.241649280727254e-05,9.830736187034126e-05,-3.606837825911113e-05,6.114556804831598e-05,0.0004887013360710218,0.00017285921103357943,0.0001239294293849251,0.00020565983200081638
DOM,ssp126,mpi-esm1-2-hr,-0.0004817400611863426,-0.0010194555470539196,-3.400553842117929e-05,-0.0012854058529317106,-0.0005414981563251596,-0.0010318511657619845,0.00012524617727900604,-0.0008422526166251507,-0.0012193109133925221,-0.0005898041258265186,-0.0007795753532326439,-0.0004979785471717862,-0.0008406396985250861,1.2696013923591685e-05,-0.0006230831990596973,-0.0001653728461767703,-0.0004777819585577411
ECU,ssp126,mpi-esm1-2-hr,-0.007268736837443571,-0.004224163756729649,-0.0021145904466804617,-0.0035444066623829293,-0.011405895570268946,-0.015323597460738624,-0.007217129455132115,-0.005122901213620019,-0.006628125569185467,-0.004496103178111337,-0.005400790060310787,-0.0033949373681305167,-0.0004077006220927181,-0.0031202644486773693,-0.0005875891016282966,-0.004085678616707942,-0.001715313227325354
EGY,ssp126,mpi-esm1-2-hr,-0.047543020888718174,-0.031985483582161585,-0.021510970687815146,-0.014824334166454104,-0.011878454949271195,-0.006891335789266867,-0.008853894844603243,-0.008383513405234182,-0.008264297386728157,-0.005206655837449373,-0.004002175979956936,-0.004290988076474384,-0.0020366182260970716,-0.003960407598216851,-0.0007121242183845582,-0.0019011369093994194,-0.002576643714812727
ERI,ssp126,mpi-esm1-2-hr,0.09962004293209438,-0.041631316400107546,-0.019251897653906957,-0.044567501110006236,-0.08398925488355183,-0.14996771658739588,-0.044076180437677144,-0.06544043863845637,-0.05022998977537098,-0.02975644363629235,-0.04636512384538468,-0.02643389769610667,-0.036424476218615526,-0.01597347887345103,-0.029460547484970158,-0.025820175510192705,-0.018556118957154585
ESP,ssp126,mpi-esm1-2-hr,-0.008186715962111481,-0.0026956738019734846,-0.004583115868482791,-0.0018436205811588737,-0.0039344631815405595,-0.006323387967368403,-0.0024974184897307277,-0.0019146372121719454,-0.00357467894948955,-0.000748564547862908,-0.00296918431720729,-0.0009406999401802328,-0.00041543665646792455,0.0001997133953500678,-0.002013303018471982,-0.003050440135800813,-7.340750690575192e-05
ETH,ssp126,mpi-esm1-2-hr,0.03879392647486181,-0.0009022848312267069,-0.0002916979225108788,-0.009495067264648646,-0.003531336742183572,-0.011965207407894616,-0.00012938280937259443,-0.0010581983095412648,-0.0044047423706872185,-0.001860726847627222,-0.002082288410279253,-0.002146236685447175,-0.0026432365678737326,-0.0011424927083998283,-0.001435473104799995,-0.0010700404099862088,-0.0008256741551536015
FRA,ssp126,mpi-esm1-2-hr,-0.009270391942642925,-0.0019500733949972273,0.000956612728750136,-0.0011949340138869276,-0.00023180900069485517,-0.007017349616863278,-0.003450641083399425,-0.004534326203916503,-0.002457594148255301,0.0008249955374874129,-0.0006689587362309234,0.000360258782684771,0.0009823450572985827,0.0011390354497979964,-0.0005656956372444488,-0.0020265246897217277,0.00022358376472454719
GEO,ssp126,mpi-esm1-2-hr,-0.0220970545145791,-0.009325304078290879,-0.02140160616832749,0.0009947496887469209,-0.006595911904652975,-0.0055636345488517085,-0.008549861605889976,-0.0026307375472657433,-0.0027532692997694536,-0.006449119317134329,-0.004549170201899708,-0.008429143509948027,-0.006417783490717156,-0.006410037166814969,-0.007906527600987336,-0.0028616484895454854,-0.004396967194989684
GHA,ssp126,mpi-esm1-2-hr,-0.07286905448349015,-0.07396344326503966,-0.03172330136317387,-0.01359493012839802,-0.010343464811923707,-0.012794129845052722,-0.006498662630515583,-0.01531690688437013,-0.0136888435348121,-0.007313567478688106,-0.002230657075613779,-0.008176518227398222,-0.008041771501572587,-0.005606299259590313,-0.00484737222456919,-0.0057654177091587275,-0.002873566651386865
GIN,ssp126,mpi-esm1-2-hr,0.0157893140521441,-0.0275866996698297,-0.01233481999086726,-0.01653576023165947,-0.0020102428592837012,-0.0029208120605384445,-0.0010206046557953825,-0.0020397368515088833,-0.001991969459325318,-0.0020654329724674727,-0.0018373732609978648,-0.0007457793713620265,-0.001646736023167851,-0.0019080793631194536,-0.0011149095940918613,-0.0016298863304546013,-0.0002987809175486867
GMB,ssp126,mpi-esm1-2-hr,-0.002381638803937917,-0.007699418621338534,-0.020038951713401053,-0.023549668325119667,-0.007961502741058295,-0.005242925032383116,-0.004212125200593958,-0.002719284034644618,-0.004900383033361183,-0.003489915005615684,-0.001583061827382273,-0.0007172004309668376,-0.0029501010065027915,-0.0020931233168649446,-0.0012317015084520615,-0.001437391744172814,-0.00027504334990669345
GNB,ssp126,mpi-esm1-2-hr,0.05176251050880711,-0.022383188148458008,-0.07516688178345236,-0.106004347291663,-0.01679185383554399,-0.01816277885912266,-0.010640214197231948,-0.009449723164747053,-0.019069121354743722,-0.009234054209615579,-0.005432731398451416,-0.002472048035070291,-0.013488724286215448,-0.008071122081822176,-0.0046547939425735435,-0.006057957860361795,-0.002586585312967638
GRC,ssp126,mpi-esm1-2-hr,-0.015222993304124537,-0.040713679410939965,-0.014857088300960542,-0.006503527342974254,-0.00802598762063515,-0.006090701268076764,-0.015045083460019025,-0.012698778511924821,-0.014591071431726011,-0.007759878950095643,-0.0004104081959261414,-0.009921728927003557,-0.007766799534984031,-0.004959693920648359,-0.0013697660894213886,-0.005162422359071127,-0.0028103067061100535
HND,ssp126,mpi-esm1-2-hr,-0.048537100390346935,-0.08657691654048272,0.007129441977992345,-0.013786314289796485,-0.01117772136634382,-0.008474228498497154,-0.006576083789369436,-0.017803297283292285,-0.007147233809819272,-0.01779845895749733,-0.00573295516602715,-0.007241740733337699,-0.015016816211504656,-0.002436984359035454,-0.008707631765119775,-0.0021383880509592075,-0.006203099999296624
HRV,ssp126,mpi-esm1-2-hr,-0.054665656704411876,-0.5825987039435976,0.045670178212589105,-0.04052353334239018,-0.19236626459873013,-0.07845176025078385,-0.17548338915068018,-0.3774976633051296,-0.3695669290118942,-0.09748198581063366,-0.030659313607930547,0.002890373520705418,-0.0633319979120456,-0.023900473871725905,-0.08533657885250101,-0.07731645136446125,-0.039159775568422706
HUN,ssp126,mpi-esm1-2-hr,-0.08762632637178296,-0.049420019960023064,0.008660642222977678,-0.01000989129714878,-0.015354554432833397,-0.005550034065813997,-0.012756542966172972,-0.032316254523575845,-0.027306707106003303,-0.0033896043762731923,-0.004237370082125425,-0.00033612525961906713,-0.005779979864948394,0.00021494530422687527,-0.006665899673084501,-0.004763852121191616,-0.004377639707344177
IDN,ssp126,mpi-esm1-2-hr,-0.017716403867136053,-0.004221045089816153,0.009407834834367223,-0.01321379240856318,-0.02092777230475638,-0.016548200816604283,-0.018035143713133063,-0.011981422884010967,-0.016402929559352415,-0.008898575146311387,-0.007030360065630638,-0.007456885108008303,-0.005032998702575658,-0.004701510589691066,-0.0012354782447194011,-0.005828857275759453,-0.005674288977147367
IND,ssp126,mpi-esm1-2-hr,0.003780613923145373,-0.004810914288801051,0.0019744274804353572,-0.006283281158563315,-0.0015177585876595175,-0.0006994102582745184,-0.000569315740697475,-0.0044937983785313836,-0.0035599740641669387,2.225180177877105e-05,-0.0017710952659441878,-0.0019464374579518386,0.0013080023156344703,-0.0021610910255153975,-0.0005753062138789373,-5.0431866745750766e-05,-0.00031543824897511746
IRN,ssp126,mpi-esm1-2-hr,-0.0008948974986180533,-0.00019642998914285587,-0.0002981943051915285,5.986171324862646e-05,-0.00017806455194569457,-0.00011173785534994185,-0.00011713074019990126,-5.0106025423839165e-05,-3.2638176568647685e-05,-5.150155534440009e-05,-7.718067973557016e-05,-5.834337978185145e-05,-7.475924393385061e-05,-3.316729116211567e-05,-1.2732500356585183e-05,-5.881321943500995e-05,-1.4893198048776404e-05
IRQ,ssp126,mpi-esm1-2-hr,-0.036924469088575405,-0.045747396718634446,-0.033811971947729634,-0.014934150310557759,-0.021316450611854627,-0.012548699398155295,-0.01782039191195045,-0.014392819795052029,-0.012963910671408705,-0.009080672528771875,-0.010704528454666982,-0.006241255344471161,-0.006380452398395233,-0.00577210106624849,-0.00453592867994677,-0.00477247057587844,-0.0032691190796518854
ITA,ssp126,mpi-esm1-2-hr,-0.004615726109126933,-0.008858155764729293,-0.001413589943717938,7.380533638006668e-05,-0.0018161699686689084,-0.0025270335553472666,-0.0016979602233088953,-0.0018280796715775959,-0.004253595625104226,-9.399988579255239e-05,-0.0012003925035857586,-0.0002660156937319247,-0.00042034317822707107,3.844550067737881e-05,-2.9549976779046445e-05,-0.0013599424699708598,0.0004990783015612775
JAM,ssp126,mpi-esm1-2-hr,-0.0004176874426460265,-0.0025057156619585365,-0.000153534687311145,-0.003016573439116038,-0.002527475326080046,-0.0017390575356083368,-0.00030194448289285234,-0.0017730155050294874,-0.0009692379083363466,-0.0003171490085086271,-0.0005171253094077373,-0.0011298211764080427,-0.0006997870899496551,-0.0004215145370675239,-0.00010450186099442541,-0.001119968400375237,-0.000920443276054945
KAZ,ssp126,mpi-esm1-2-hr,-0.0003638624288597069,-0.001996260289906787,-0.004017529444681187,8.225034000810034e-06,-0.001791018991719673,-0.0006576741852836091,-0.0010860054846625056,0.00036423434609720765,-0.0014787387632042392,-0.0008376556728643905,-0.0006304869929800823,-0.0006697208491179568,-0.0005418156883888611,-0.002109494636457458,-0.0010523796584868835,-0.0028991067576767267,-0.0009980593583168358
KEN,ssp126,mpi-esm1-2-hr,-0.0022947309463866934,-0.019087949176577322,-0.023318419694279058,-0.03728240844776332,-0.010932242459373296,-0.018019705995208392,-0.007451429825012342,-0.006763673317061669,-0.004631036804342406,3.057819088543225e-05,-0.005774426817212501,-0.0011914911804347637,-0.0032870868875953087,-0.0005064548809480396,-0.002905222939804216,-0.0006999179874991187,-0.0021840713360591164
KGZ,ssp126,mpi-esm1-2-hr,-0.08163891166572433,-0.05301958510450143,-0.1278719372562285,0.03349304649557639,-0.024763786270841588,-0.02345318489158573,-0.010477556758116582,-0.005246169681816936,-0.023904852792970745,-0.01106888394757861,-0.009911683436674663,-0.011377619130355678,-0.01106984926895171,-0.009522795376148231,-0.002219452307995669,-0.01516898113032558,-0.005228064107207738
KHM,ssp126,mpi-esm1-2-hr,-0.006215926094682533,-0.07533848663214031,0.020170977780029162,-0.06660679740302787,-0.036163972096712085,-0.0009632964102575892,-0.005635605143878016,-0.0050388621541182345,-0.00820373337475824,0.0020355225950317362,-0.006963113798365384,-0.004189604278541713,-0.0020251832338586016,-0.008889924892832976,-0.0008287115298866196,-0.004792361977016744,0.003103179229634395
KOR,ssp126,mpi-esm1-2-hr,-6.584610156926127e-05,-0.000187572316897441,-2.801148669974526e-05,7.761549520252317e-05,-1.609750519709348e-05,-5.2198623466184994e-05,-7.426312776953508e-05,-3.460880110772548e-05,-2.932324082959748e-05,-9.940549394887372e-05,-4.599524885402847e-05,-1.5242898742423496e-05,-5.321225081995586e-06,-1.0426003136355289e-05,-4.627009768345078e-05,-2.1237912786289956e-05,-0.00013410897894048474
LAO,ssp126,mpi-esm1-2-hr,-0.019188053974764707,-0.019435030156477375,0.00046288431889659023,-0.016817427830034683,-0.009090623325924347,-0.005475598118600762,-0.002070733790748415,-0.004328276274837873,-0.003262475895414917,-0.0019616257909773546,-0.004042776938622544,-0.002591671196332121,-0.001106225228247452,-0.0013724947175282976,-0.0011913639448607515,-0.003257757485116628,1.3691613162977608e-05
LKA,ssp126,mpi-esm1-2-hr,-0.0024156324531053055,-0.0010064810948242839,-0.0004351242378387652,-0.0007831255128192901,-0.0013373429240542494,-0.0005224732553396524,-0.0007502839708692551,-0.0010580955740204072,-0.00031950286197630434,-0.0004834098686841515,-0.000581790902265934,-0.0004369643654375103,-0.0001577762538743573,-0.00039984506555897206,-0.0002360487758430936,-0.00033945909268708817,-0.0006384510267578945
MAR,ssp126,mpi-esm1-2-hr,-6.838320167995346e-05,-0.00029570186347591625,-0.000482005976795279,-5.9369330248962014e-05,-8.33470248620946e-05,-0.0001104404000833381,-3.059257451180152e-05,-3.7143589537217844e-05,-4.780531049077444e-05,-6.026607309340161e-05,-3.2390373134319856e-05,-4.294798273481101e-06,-4.3652350864078203e-05,-5.1574114721856926e-06,-2.0047601823098554e-05,-3.583481595173536e-05,-1.8264021475746037e-05
MDA,ssp126,mpi-esm1-2-hr,-0.1296374773724392,-0.20316434330467956,-0.016948070316379734,-0.07154397816971778,-0.052581532311244315,-0.051059544166125084,-0.022981802361137234,-0.0943060015010448,-0.04999758711943417,-0.008753038187809262,-0.02031379876186903,-0.03314143719483947,-0.00721979999939509,-0.0177654833772594,-0.0006452549881397472,-0.020863929347484378,-0.01205490243689939
MDG,ssp126,mpi-esm1-2-hr,-0.0005503325782421186,-0.01901791564691283,-0.0025821099705095594,-0.002041077607398972,-0.0029941409299087864,-0.0012501507333524736,-0.0006414126289991449,-0.0007634730927317234,-0.0008804947901051594,-0.0001684049204028852,-0.0008285030611966435,-8.442148369773425e-05,-0.000156302047043019,-0.00047516769184913156,-0.00018473993730229487,-0.00010855902023133088,-0.00030616700999005765
MEX,ssp126,mpi-esm1-2-hr,-0.014158627655843156,-0.017296723859057145,-0.013080708496457821,-0.02744434889440854,-0.02066569207816999,-0.011760865026631895,-0.01061385210108634,-0.016554946543445567,-0.01233323273295344,-0.008958914693089173,-0.01536788925906778,-0.009083299517821625,-0.007589775215756916,-0.003234969408768411,-0.004382880141406952,-0.0038056728510834094,-0.0020607559711938775
MKD,ssp126,mpi-esm1-2-hr,-0.016595147024421296,-0.049860839902154584,-0.00999439779913024,-0.002843729492884135,-0.0009897500935747872,-9.701359994715344e-05,-0.010531364974951796,-0.01245749887170846,-0.0168968814225671,-0.003231575226667915,0.0020415135164088064,-0.003870728669014288,-0.0073323398231700115,-0.0022547474883780803,-0.00010659169790879675,-0.004027160089085501,-0.0032294656259268992
MLI,ssp126,mpi-esm1-2-hr,0.1049492664215883,-0.3991996621552332,-0.2495047119986568,-0.33581144704286225,-0.12442695770923937,-0.1350499277553448,-0.03482673705411845,-0.0680682852694946,-0.07411734069157798,-0.05232999075076274,-0.036552393956438056,-0.023767101388628028,-0.04064310417696759,-0.023841151701630894,-0.024607888774959025,-0.021187671380024253,-0.00198207642856452
MOZ,ssp126,mpi-esm1-2-hr,-0.062316644422365404,-0.03024441962143296,-0.016056927271194114,-0.03739095344324116,-0.010116194275200685,-0.02352410622992438,-0.013965304638255535,-0.0017641605133035785,-0.006315471228690747,-0.00815312626902764,-0.0032293611276273926,-0.004479065290520945,-0.0012421358011922396,-0.003506975195759917,-0.0026411629534709427,-0.002473661249804835,-0.0005243059260365225
MWI,ssp126,mpi-esm1-2-hr,-0.19878266324288557,-0.07797295675617655,0.0062973297623809535,-0.05682134129656399,-0.026843276821208427,-0.04617583298235266,-0.022858252883199023,-0.010560457204361417,-0.012065206729437176,-0.015055734600824834,-0.005870118798218917,-0.007472554909926454,-0.002771168754258257,-0.0032523703130394625,-0.00441788061400779,-0.004260531307553038,-0.0015080545756162818
MYS,ssp126,mpi-esm1-2-hr,-6.988214136065378e-05,-7.662835175414851e-05,1.53595616309793e-05,-7.135316512612238e-05,-7.103968133050114e-05,-6.859358068281495e-05,-2.2222084196632222e-05,-3.8942800831317744e-05,-6.582652830331043e-05,-6.764023187774213e-06,-1.843080112914924e-05,-3.37683980230675e-05,-2.5584925575205937e-05,-3.274067437076177e-05,-1.6475232043939155e-05,-1.2618885329701096e-05,-2.5024188183957427e-05
NAM,ssp126,mpi-esm1-2-hr,-0.013919324221307722,-0.034045191643863056,-0.009906449554440245,-0.0069812883474366936,-0.009407835569311584,-0.0024192010428082007,-0.0031122176642256897,-0.0028260405503853425,-0.003195813578696598,-0.003850581563328175,-0.00323624876162895,-0.005292849228043791,-0.001771358498667582,-0.0013988377764052717,-0.000656025700250339,-0.004931494533155429,-0.0002718012429187144
NER,ssp126,mpi-esm1-2-hr,0.002026327628615607,-0.0031909894801447607,-0.0016324887938290622,-0.0008208173913216348,-0.0016153458399322924,-0.0009992559067585481,-6.472631960680159e-06,-0.0004982164222101546,-0.00022558015488242881,-0.00029221590600936846,-0.00015131595730927743,-0.0001341658134187734,-0.00012667383551494157,-3.645194143997826e-05,-8.945620459810924e-05,-5.88526707735772e-05,-1.2256293498722204e-05
NGA,ssp126,mpi-esm1-2-hr,-0.005672695864398051,-0.03329756956009467,-0.00837376271032456,-0.004903850538255514,-0.006475018430181799,-0.007972466412687906,0.0007905504485015526,-0.004744178840484072,-0.004194720728515339,-0.002658753545041011,-0.0008754709740296478,-0.0027581204243180535,-0.0020182065531845765,-0.001442378922968127,-0.0011595884524719167,-0.0008511821741475044,-0.0002269192063537213
NIC,ssp126,mpi-esm1-2-hr,-0.012557886960018819,-0.10537157578470127,0.014770926870338267,-0.010542593684795112,-0.018773314619070454,-0.004266904834342054,-0.0016310397957051649,-0.026948389272482023,-0.00733962144296897,-0.013977072431019168,-0.0013927835938945135,-0.0052249344948662605,-0.014218808225919905,-0.00037412379870456974,-0.010681114557421887,-0.0022774994379580037,-0.003737608592926708
NLD,ssp126,mpi-esm1-2-hr,4.0115102052802296e-05,0.00017196521929432169,8.181828545255413e-05,9.264368309898158e-05,9.882815533276245e-05,-0.00022130237687545878,3.611357589451391e-05,-0.00011563179716561897,6.879703083131855e-05,7.135931488319026e-05,2.6553364757561874e-05,5.489576055071372e-05,4.5554751611803996e-05,8.863371040280713e-05,3.651561459562504e-05,4.8463474617210164e-05,1.1376902956528752e-05
NPL,ssp126,mpi-esm1-2-hr,0.049893764514909095,-0.20099519110974812,-0.047349080777994886,-0.15299393233065037,-0.03584311159545945,0.0031176509886722986,-0.04528592964235175,-0.02605849314551885,-0.04744283900682833,-0.023646640922466412,-0.008418997294698987,-0.015927186577541063,-0.013832660460830117,-0.006808114880667091,0.0022911926604036893,0.0009986043682785628,-0.0021502048257332406
NZL,ssp126,mpi-esm1-2-hr,1.9053412706254505e-05,0.00043928370958379564,0.0003674942731628475,0.00015285318163452282,0.000595632036289604,0.0002010914957768281,0.0004620707090541894,-3.835233053922677e-05,4.611569907799434e-05,5.2520925658697444e-05,0.00023369656182211122,0.00013781054159720335,7.291322472430702e-05,0.0001285127393982081,0.00018416714185475364,0.00019658483147254633,9.159493202203071e-05
PAK,ssp126,mpi-esm1-2-hr,-0.009802406832887136,-0.016698498056590606,0.015221035613859716,-0.009103833467172594,-0.008387710893140035,-0.010482097030414778,-0.0017305987541399825,-0.008495290140079546,-0.004581788947692049,-0.0014826258847491826,-0.002551728955591142,-0.004507166614183487,-0.0013762514566249082,-0.0032596904756345313,0.0008492784418432019,-0.001455842278363569,0.0002849921944355885
PAN,ssp126,mpi-esm1-2-hr,-0.011394926354025552,-0.0007678826037373084,0.0029933794978534694,-0.0003794857977961716,-0.0009955435830825308,-0.0009217085286407738,0.00044138650644530333,-0.0013356145333756227,-0.002333206219848784,-0.0005347368743853067,-0.001159523586760219,-0.0014014072104307175,-0.0008682981770211317,-0.0003022345754754998,-0.0005453874588850665,-0.004210166452014744,-4.182489025494929e-05
PER,ssp126,mpi-esm1-2-hr,0.0005227093511379121,0.002191516596525031,-0.0028013796057353947,0.002527718225549463,-0.0028386031640499276,-0.004343155287369792,-0.0026912291722523533,-0.000495618871217468,-0.0011622408488518128,-0.0005284988614732678,-0.00040362715068525306,-0.0005263141680750414,0.00029886636846545645,-0.0009617988296740955,-0.0008125444709515199,-0.0007029159535086557,-0.0003250991516591057
PHL,ssp126,mpi-esm1-2-hr,-0.009501310701274104,-0.039250776044206154,0.0057239914275728256,-0.019234345620989003,-0.019950548413253277,-0.005431768467980169,-0.009197419803688475,-0.007940456603614279,-0.009389572158968277,-0.003390897513590303,-0.011256944007469707,-0.004196965487147212,-0.005130959002911729,-0.004164392940171536,-0.003245246884454601,-0.005583202757785542,-0.001223164250600602
POL,ssp126,mpi-esm1-2-hr,0.0006213593282073694,0.0009887482545615904,0.00487126310783153,-0.0025412984932940206,-0.008216414637401553,-0.0007559009411749149,-0.003158614980924798,-0.013620390589373293,0.002524616156317674,-0.00397717446060261,-0.0008302162781890314,-0.004288178403799827,-0.0015429219614187808,0.0015571630426978085,0.0043531860801095485,0.0016225581172672535,-0.0013526693771022684
PRT,ssp126,mpi-esm1-2-hr,-0.0028389944128437974,-0.0007215420861664563,-0.0024691971240854444,-0.0010021297443212904,-0.0018675471499790806,-0.005254969568446267,-0.0008330680128065588,-0.0008488051263559948,-0.002298408442926423,0.00042451870965845443,-0.002683042904857267,0.0002270654430923859,0.0006224554184228169,0.000984969019246151,-0.0028242400281931713,-0.004089524057274548,0.0006103074704525758
PRY,ssp126,mpi-esm1-2-hr,-0.16024784718828913,-0.17939706604358382,-0.1765031978453331,-0.07075065639312567,-0.07295837115974473,-0.038344434627410995,-0.00884174493319611,-0.050820540505900375,-0.06471712065240036,-0.04642354990150386,-0.008757011321036658,-0.008525416323537168,-0.024068053978220674,-0.0025015381039399385,-0.010029358996291909,-0.01181832481649532,-0.0010040986999099973
ROU,ssp126,mpi-esm1-2-hr,-0.06829529419497517,-0.12139602473257324,-0.007316601186358231,-0.00460173831289122,-0.02292390250478665,-0.01867546690877658,-0.02689250632089615,-0.07853947657475822,-0.0643732329022354,-0.008442283657367586,-0.008349549511839006,-0.016380283926772682,-0.01065435286044526,-0.009653204424185326,-0.010158077879483661,-0.025630540128849615,-0.011959211226135295
RUS,ssp126,mpi-esm1-2-hr,-0.003087026205870223,-0.0023771705815253423,-0.0053262380702548935,-0.003326781672579571,-0.0034204595245788507,-0.0005721097336567815,-0.0035088289133803807,-0.0015062090883668426,-0.0019940754125947276,-0.002632447205857579,-0.002262655650340095,-0.0013537827983407943,-0.0004899591597335598,-0.001911651954629844,-0.0036080050326104036,-0.003042752948465101,-0.0013851053487586539
RWA,ssp126,mpi-esm1-2-hr,0.006978272870598553,0.005104386928728524,0.0006186966706175057,-0.008149643900164512,-0.005160416799708697,-0.0032732519820417414,0.0005521601677631713,-0.006998335175073788,0.0002647885360200523,-0.0011168051332579474,-0.0022244078687145698,-0.00036516054497735324,0.0004658897008071019,-0.00039121140188420276,-0.00010398040022698653,-0.0003231612466329632,-0.00014348137093680508
SEN,ssp126,mpi-esm1-2-hr,0.017397760624397116,-0.029179008661293672,-0.06064797032186587,-0.09019259490336044,-0.028372096782379792,-0.02435528265488526,-0.016287246098415326,-0.011425761339186949,-0.020403439295409484,-0.014545517596355303,-0.007769535893942831,-0.002919377341150683,-0.01326254713366556,-0.008857532643630477,-0.005081664688355864,-0.0058666213751613645,-0.0008624070866341104
SLE,ssp126,mpi-esm1-2-hr,0.003413495073903365,-0.0022790903119373034,-0.002183770380651816,-0.005262697762404303,-0.0004475845223105295,-0.0006521032299882266,-0.0002528340944380372,-0.0005878096256964351,-0.00033244212656816595,-0.0005250475412904876,-0.0003373410170954197,-8.52306834100133e-05,-0.00016595929133997984,-0.0003598259357282354,-0.0002068842599122223,-0.0002739361065547287,-0.00010826189211395454
SLV,ssp126,mpi-esm1-2-hr,-0.1337284235625441,-0.18511226113405607,0.013918760817288258,-0.08124376345608869,-0.052550911557865954,-0.057083104825933,-0.017274837209717297,-0.06771141106736081,-0.022412531073668494,-0.06168343970825553,-0.034783047699686376,-0.03203258601959896,-0.057827875018354215,-0.022555540468522765,-0.03488283023033675,-0.013076894975797804,-0.04210659077996265
SRB,ssp126,mpi-esm1-2-hr,-0.18464896255567206,-0.2640040134720389,-0.004060091825976336,0.008285539004075991,-0.074407304150012,-0.01773134071214579,-0.07564380572663061,-0.17755074614891547,-0.17331710391474117,-0.031122950894613657,-0.0018753214931458567,-0.03346666221482988,-0.05018899320466555,-0.01463048147248247,-0.038271973598833484,-0.04616294917206161,-0.044130838972185484
SVK,ssp126,mpi-esm1-2-hr,-0.0206648155112043,-0.01520599993056502,0.0038822161046801595,-0.007498618062693183,-0.0048549073124774175,-0.0026255690533982675,-0.004469456095629536,-0.012894611164545905,-0.005662098660910433,-0.00134609953161723,-0.0009031097216599532,0.0012163810644202672,-0.0018429554410303419,0.0006103439884242033,0.00028939949536042415,-0.0002731225677072366,-0.0010059481075167373
SVN,ssp126,mpi-esm1-2-hr,-0.0038560071175005894,-0.010250889668615341,0.0017619645452066424,-2.7956756186728e-05,0.0005886400343697881,-9.519583831005962e-05,-0.002743502664650418,-0.0036177150569687276,-0.00144918716045237,0.0006984515468030033,0.00017384502347073574,0.0015646039919137663,-0.0005244274701895714,0.0008450111922984824,0.0001807993253193889,-8.480692055388331e-05,0.0005214877263759228
TCD,ssp126,mpi-esm1-2-hr,0.14471090487414223,-0.023885547594634605,-0.003428684922374938,-0.03343442711438355,-0.03531688928030736,-0.0308016191306424,-0.0029165107961613814,-0.010020811617897852,-0.008418054408851471,-0.01051390056991703,-0.006873812763097288,-0.0056206092827104795,-0.003747625191464602,-0.0022262502365237046,-0.003428260644244496,-0.003513280592174732,-0.0008199177490526867
TGO,ssp126,mpi-esm1-2-hr,-0.27921338880629987,-0.4417817359496554,-0.16517065412473958,-0.05422534482350402,-0.06108175373795251,-0.0843322406051676,-0.007738762911749287,-0.054319425626731935,-0.05035536286837381,-0.01974594981840253,-0.016680712109906726,-0.025733575379741844,-0.025434888835515597,-0.013535863081389177,-0.01264172135772876,-0.010299298756540794,-0.005131031277581988
THA,ssp126,mpi-esm1-2-hr,-0.008544750358953565,-0.021965459353804607,0.012819629537434393,-0.018685974308374143,-0.014986816571930121,-0.0036033066820950906,0.0005979130363914755,-0.007507367564048346,-0.00802171313622306,-0.00019673818909678525,-0.010052983233524306,-0.0013691412104444075,0.0021746460212022077,-0.00338573528614205,-0.00039134477087883176,-0.009308406553783857,0.0050082809767402784
TJK,ssp126,mpi-esm1-2-hr,-0.012152768994588713,-0.010609456804793853,-0.032554203889184966,0.010141927967548807,-0.003401370768463998,-0.0007292815642069877,-0.0007820840863881518,-0.00029536819164787954,-0.0035252817042235682,-0.0023979913380206296,-0.0029075027328220914,-0.003209749362590474,-0.0011802911402800681,-0.002414152568789344,-0.00047728939862587004,-0.0023879719843844117,-0.00085360363837801
TKM,ssp126,mpi-esm1-2-hr,-0.0020494970341342024,-0.001513811988601325,-0.001265119980877391,0.0005272366348838449,-0.0010108636595933928,-0.0004967987086292266,-0.0007549329030261668,-0.00031340142845251944,-0.0006418305431620492,-0.0005487093753821748,-0.00047263848520075365,-0.0006511961548712934,-0.0002703556127009236,-0.0004420153643490575,5.001885729997364e-05,-0.0008076236157663857,-5.690976718490787e-05
TUR,ssp126,mpi-esm1-2-hr,-0.005347593732715745,-0.002118254150894137,-0.0021356119055672227,-0.0006800600803094861,-0.000865203762942672,-0.0006386547582856014,-0.001456775468608662,-0.0011260705525488815,-0.0016058359421343828,-0.0009208714541631433,-0.000491239367088256,-0.0015049545523984735,-0.0012640238385823292,-0.0008390295292411134,-0.00044883818939475906,-0.000359453959668656,-0.0004381978886888495
TZA,ssp126,mpi-esm1-2-hr,-0.09223768511445098,-0.03839018379606039,-0.05439693138015301,-0.09434744942396511,-0.022741250148933925,-0.028746661930039115,-0.0016891694167398136,-0.008367151778073227,0.00024219351402166185,0.0012729887324429345,-0.00325696095769274,-0.0004620823041695817,-0.00164722743211638,0.0014863981909903163,-0.0030685286784819773,-6.795365015802332e-05,-0.0028671613548513645
UKR,ssp126,mpi-esm1-2-hr,-0.29072315428051104,-0.2228205586167883,-0.028156712387225526,-0.11578728800300761,-0.0928853140175867,-0.03873379314603896,-0.05199964151740346,-0.10859336151557276,-0.056734534079076956,-0.022906930843938005,-0.03601741654479016,-0.03695539837987871,-0.006236816123694686,-0.021396833876066078,-0.01320127829883595,-0.01921233774554913,-0.02397476488738349
URY,ssp126,mpi-esm1-2-hr,0.005921699585752229,-0.0012514457653367776,-0.00019853393157425256,-0.0013186990971805687,-0.002580878713768611,0.00021443424536254254,7.869006821544784e-05,-0.00015551612841546177,0.00012546369120485057,-0.0012322904164330012,-0.0003126832624676133,0.0002184856612482201,-0.0016488119093927118,0.00015817947151541766,-0.0010667887875575649,0.0002262815256353537,-0.0004240621602101637
USA,ssp126,mpi-esm1-2-hr,-0.010973525490740791,-0.02681141537659036,-0.01910010233644475,-0.028206970316183726,-0.00914222251445574,-0.01771632447088142,-0.011963602446428514,-0.010978861443451969,-0.014772436376265326,-0.007606929342445153,-0.009785203554368944,-0.006378663684871489,-0.0037278408054781716,0.000682741619126587,-0.007865950376619435,-0.010957645055614001,-0.01355628016963272
YEM,ssp126,mpi-esm1-2-hr,0.0016252929415415506,-0.0004281682134486288,-0.000274799109040481,-0.0003931405395682249,-0.00038477206639872736,-0.0006410783300857398,-0.0002483827628608948,-0.0002761782073521039,-0.00012231525994716631,-0.0001957189148032506,-0.00020974708390666827,-0.00019711385310520042,-0.00014485193677455928,-0.00012642409617570925,-0.00010715963885131198,-0.00013235680102631326,-0.00015791402228368655
ZAF,ssp126,mpi-esm1-2-hr,-0.016338894168070228,-0.04780039219399126,-0.015604017470120565,-0.007581384432036717,-0.005819947208279457,-0.007909981516056767,-0.00622186512147833,-0.0002806768182200886,-0.004931060888911354,-0.0100445968937916,-0.010090395259187826,-0.015766553614886932,-0.009030907892370535,-0.006586688221507855,0.0006416937376052288,-0.018663058087371093,-0.006061661425454909
ZMB,ssp126,mpi-esm1-2-hr,-0.0552925606943068,-0.0659761821076313,-0.020290495811818753,-0.03470434112560229,-0.02127110673269904,-0.018926261357487626,-0.005567266780453919,-0.005643682328276705,-0.00806745846103861,-0.00761281175376666,-0.003391149503739577,-0.003913662847398452,-0.002678218895111515,-0.0017179482360001874,-0.0019205764310379109,-0.0031198319888158946,-0.001022062556309009
ZWE,ssp126,mpi-esm1-2-hr,-0.1629816566855582,-0.18584217948623144,-0.011647043641613543,-0.13567828385617445,-0.0897110385390623,-0.11225656353033459,-0.05291685155257164,-0.02508224284351982,-0.0460271228608301,-0.05395814316170311,-0.01909997349811008,-0.03238489023666972,-0.017142525674633074,-0.024442429467849296,-0.015554729506944998,-0.02950228017056058,-0.0056865481614012045
AGO,ssp126,mri-esm2-0,-0.014095959239993083,-0.009271463848087318,-0.006352378872417864,-0.006397982599689029,-0.006612531506196465,-0.008545023687672074,-0.005347211459809846,-0.002880180136429512,-0.005593235522734475,-0.0022343303271174586,-0.0012480787056401506,-0.0011343937303817607,-0.0010165977808251913,-0.0009128745127612384,-0.0008938225474528986,-0.0012279686483134989,-0.001656116159083424
ALB,ssp126,mri-esm2-0,-0.07414145613499856,-0.075106308990122,-0.2522029155022266,-0.11177093498005608,-0.13702921728500325,-0.03706149171483631,-0.07594151496189576,-0.12312649042520163,-0.08781654655379237,-0.09239553053920227,-0.07606514913329089,-0.09156034634726053,-0.06757678124278865,-0.09827289358259952,-0.006069004706840841,-0.02849982430331595,-0.07098656217663422
ARG,ssp126,mri-esm2-0,0.0004946626156630481,-0.00694206113231284,-0.0015437786976014057,-0.003350572954934092,-0.0004991522597911435,-0.0012256074546314526,-0.0006120014895868018,5.262331854837562e-05,-0.0013986561285075144,-0.0001230788674070562,-0.001400067569052808,-0.00030629507689777937,-0.0001848061239668405,-0.00037348167407730764,-0.0006400327508871663,-0.0011229500947857903,-0.00022354102767768036
ARM,ssp126,mri-esm2-0,-0.0008261725732780067,-0.0013977391225814956,-0.0002527367950594692,-0.00086697603553048,9.71724837753405e-05,-0.00023180282443281875,-0.0006051774377745087,1.2837566275895164e-05,-0.0006211780514781962,-0.00010224448475851358,-0.000990041502941625,-8.425295520998555e-05,-0.0001437254599348118,7.180880601642385e-05,-0.00012126628207401074,-0.00031043050213319575,-0.0001158987338441302
AUS,ssp126,mri-esm2-0,-0.000532440548497882,0.00013197749755686856,-0.00018295117266639666,-0.0006542769025705521,-3.384604199111792e-05,-0.00028092037665678767,-0.00043165858539559915,-0.0005451679038684279,-0.0001549886100072587,-0.0005634843877505417,-0.0003673142470585193,-0.00017138258923930433,-0.0002779813882640019,-0.0002749562257368364,-0.00015934488788137293,-0.00019631618427044014,-0.000203784906937614
AUT,ssp126,mri-esm2-0,-0.002041108021158441,0.00010600163620298536,-0.00619035382395383,-0.001332717524734126,-0.0005510984583907566,-0.00040965449638101856,-0.0002124720693817664,-0.004744747524923529,-0.0002073381837429785,-0.0023900607697503254,-0.0015345770502872618,-0.001099268408860266,0.0005335765760113348,0.0003122570052527463,0.000902394120354125,0.0013801494498930141,0.0005491530775910666
AZE,ssp126,mri-esm2-0,-0.010344555957171563,-0.019245936418367013,-0.00947121411450202,-0.017692953553383066,-0.0013417221596214834,-0.0046588387517527835,-0.009881117096536125,0.0006061292440902124,-0.011151263543431206,-0.0045709112268477224,-0.012621948593227445,-0.002165857532233955,-0.00535860907492869,-0.0012123314160764293,-0.0021573246077743464,-0.004806692753409395,-0.003586690949321871
BDI,ssp126,mri-esm2-0,-0.0869509794383903,-0.10926806973507745,-0.10520305071476369,-0.02778848279858561,-0.014735737277353205,-0.016791555878831962,-0.011752065792570904,-0.003753335835354488,-0.005441778048830266,-0.0035644717698296727,-0.0031454587301318004,-0.004822792806332815,-0.0037545800851057852,-0.0016472788667016873,-0.0024058431904426135,-0.0005774990689839176,-0.0013515176788798807
BEL,ssp126,mri-esm2-0,-0.00022875655477645835,0.0002803566632143364,-5.1178655729497135e-06,-0.00017432449379365826,2.7746965920569734e-05,-0.0009935091552623417,-0.0006789949566644585,-0.0004221842796362682,-0.00012721326901806563,-0.00015806533974543804,-0.0007164029915873514,-0.0004292774967008862,6.638662726948129e-06,-7.759466974412339e-05,1.945078560586024e-05,8.78559523869992e-05,0.00011170757946760565
BEN,ssp126,mri-esm2-0,-0.3861579565757632,-0.21556965144208612,-0.16453933632842366,-0.17676129052946551,-0.18111452090973879,-0.07709115318455538,-0.07988594505986535,-0.0562808478785005,-0.03036882749030615,-0.047795376432101216,-0.0491961841882758,-0.024321426771936463,-0.025286444993696974,-0.021347683641148047,-0.0230221730974122,-0.017541338992581056,-0.01831175959092439
BFA,ssp126,mri-esm2-0,-0.6061583341071806,-0.4450954102375595,-0.21904213029402456,-0.2734356110303183,-0.17332370740786246,-0.08880624028162992,-0.06311196217763425,-0.05104078626837694,-0.03148444302084276,-0.03266862799145625,-0.03525852900534189,-0.032028085966154515,-0.024553141158277773,-0.018611285390638384,-0.020452343422440553,-0.017424431119080232,-0.0197448473774337
BGD,ssp126,mri-esm2-0,-0.01775646610176227,-0.01569360447538586,-0.00781736472230174,0.000207150366547263,-0.0024973226160808805,-0.005653178444486438,-0.0029289495854139228,-0.0016215353445784694,-0.002012241375752041,-0.0039908009008378246,-0.001387158273322414,-0.002754653922445693,-0.002904225967439434,-0.001600242996203555,-0.0022836147564440096,-0.0020294770638738598,-0.0020516958582119022
BGR,ssp126,mri-esm2-0,-0.0781339603590355,-0.048624731895323806,-0.2082112488060543,-0.07484593192655638,-0.14116077910726366,-0.011872185147736122,-0.045422506191539355,-0.06318892113765621,-0.02243946084659921,-0.06747951371067606,-0.05227919269705295,-0.06893771314781899,-0.07626910610989704,-0.049257098920191277,-0.013439039330344687,-0.021080473071620445,-0.058237791653344834
BIH,ssp126,mri-esm2-0,-0.07779239873491507,-0.015907522000644443,-0.11805970222159189,-0.05333294119896025,-0.03041676043665473,-0.014676388299324635,-0.0684531247677378,-0.06533558303958817,-0.026537082438318645,-0.04818118475013508,-0.05846686983341168,-0.026098366993633475,-0.038660504850712825,-0.021683665445291246,0.002938726036144339,-0.0026847900859767334,-0.002634103199274385
BLZ,ssp126,mri-esm2-0,-0.0953271560758784,-0.08106831645182584,-0.0792193484786161,-0.12006388202773076,-0.01979864019320362,-0.04162121369063727,-0.08283180929870618,-0.060372844632674706,-0.05162110112281543,-0.03300653132712308,-0.023538825567458614,-0.043214212936757375,-0.006957032449000866,-0.019191197159426795,-0.022260628360965564,-0.026138935995024582,-0.018466579996570774
BOL,ssp126,mri-esm2-0,-0.020072448602841384,-0.10829440974675,-0.011276688839061915,-0.01794871882225252,-0.02411297591347899,-0.023142354130311963,-0.019985811420885086,-0.012050084603735288,-0.013044698113544674,-0.007221098115133585,-0.005858717692805974,-0.0073977124983756175,-0.008990662905463395,-0.004141720891041855,-0.010285026478059697,-0.004325780105576286,-0.002785474476534061
BRA,ssp126,mri-esm2-0,-0.020562098111286328,-0.02699956757328001,-0.01304054227700054,-0.03142974457920144,-0.028839305512138,-0.022067355020359666,-0.02831352003786838,-0.018237931350681486,-0.01721209617810862,-0.017011083255189043,-0.01608016992961691,-0.01282044215184879,-0.010995280358869805,-0.0070158698411983715,-0.011420898238420605,-0.010668576863576862,-0.007993990546689483
BTN,ssp126,mri-esm2-0,0.004321930408901722,-0.008056205937704614,-0.006445355489205059,0.0017142858223295442,0.0009001327910450913,-0.00023666786841622156,-0.00018935648529868837,0.0004929397954404608,-6.884154967598951e-05,0.0002922172334629638,0.00046686216346226105,-0.0005147883864651265,-0.00019222701198451494,-0.0008238110393458224,-5.3196341611541155e-05,0.00010493762170259923,-0.0004665057974375496
BWA,ssp126,mri-esm2-0,-0.006268005838711596,-0.002586671417092327,0.0005601972533682397,-0.006551944173010744,-0.0019462802597086859,-0.004273294394019951,-0.0019397471311523075,-0.0007886149037308752,0.0004344953536448104,-0.0002190042305543881,-0.00019750362691489044,-0.0018833987069586228,-0.0010444246763466375,-0.0005790949920420987,-0.0010285194368105646,-0.000585739136772774,-0.001749491853958966
CAF,ssp126,mri-esm2-0,-0.24677799343742185,-0.3062179437321988,-0.20109823811507543,-0.1663727540693996,-0.20758918883334126,-0.051231070578057265,-0.04355389732415132,-0.0387387909288614,-0.017645272020883743,-0.030079454601687636,-0.03538981586032897,-0.020546882025387223,-0.024280771512200986,-0.014670797924104358,-0.020496827361160215,-0.01513908456589655,-0.010972199716695762
CAN,ssp126,mri-esm2-0,-0.008073548185581146,0.00257009555416939,-0.001426075462622981,-0.0012469607666660723,0.0009675084605345424,-0.0036143228350626415,-0.0027585253898189358,-0.0026668414192062375,-0.0019884428728178744,-0.00126727755838626,-0.003017015140202195,-0.0009628239457495288,0.0006116853854370579,-0.0013912070066596331,-0.0005187072991827368,-0.0005102439191156089,8.542529773523947e-05
CHE,ssp126,mri-esm2-0,2.8571312403813384e-05,2.4583413829341168e-05,-0.0002424700330859533,0.0001414447294754308,5.9305349761862257e-05,-0.00032519997094734393,-3.63545696037261e-05,-0.0002411864687600122,0.00016551119907473878,-0.000111242081835625,-4.370383060080224e-05,5.911605808359417e-05,6.689119850393461e-05,8.249934056210313e-05,0.00010421969594257267,0.0001348791765356998,9.891856720863757e-05
CHL,ssp126,mri-esm2-0,3.2415739449090908e-06,-0.0009271971815362051,-0.00022363560135999928,-0.0006103934058787033,-0.00040036394398988,-0.0004481519277346687,-0.0009128299889602353,-0.00040452911129370194,-0.0006239744809940426,-0.00015746521413700215,-0.000539216756873748,-0.00031895155047164834,-0.00043647127119034125,-0.0003087569074242084,-0.00026122601022965695,-0.0005350728757631523,-0.00027736647706857526
CHN,ssp126,mri-esm2-0,0.007505793192243599,-0.07171659929446449,-0.02135913459950305,-0.0352506873635625,-0.039709572635200974,-0.021490937712773567,-0.013211405326742531,-0.013181907601740253,-0.02595676134099963,-0.02866542338495026,-0.018916769084846945,-0.0370218472281536,-0.02500211297282736,-0.01573482508581584,-0.007969375549308726,-0.007951302007934485,-0.008313271835386965
CIV,ssp126,mri-esm2-0,-0.05681754124230332,-0.08401568719533617,-0.03345456789078999,-0.05836822044731769,-0.036114055836541654,-0.016489320093782713,-0.010867812941451194,-0.011467450987223432,-0.00495171274838038,-0.00916492371768682,-0.012139005588205489,-0.009766794169165984,-0.009088893664938438,-0.006617569265899879,-0.009036851435784973,-0.006701280259363451,-0.006726270036807199
CMR,ssp126,mri-esm2-0,-0.1182916086026573,-0.13691778399043786,-0.07567781959181372,-0.06829361610527686,-0.06746605578115858,-0.024532723584905762,-0.040503068901167075,-0.012492491217499947,-0.010366461504139467,-0.013671410571342487,-0.015837169107734462,-0.01260548730353179,-0.013936106329942017,-0.008973086675831358,-0.009635228555272641,-0.006292998731250565,-0.008824569862637062
COL,ssp126,mri-esm2-0,-0.009263552352127889,-0.003943917368093884,7.850822208617482e-05,0.0002861727620164506,-0.004391856929061642,-0.001329279480264486,-0.002915847502802395,-0.004293308818118308,-0.0013700977963054448,-0.002856690535869957,-0.00204204853838877,-0.0029579946510936337,-0.0013537500555447588,-0.0016957427130848046,-0.0013126043593313862,-0.001391544161736325,-0.0020162504518759215
CRI,ssp126,mri-esm2-0,-0.0019221056467298861,-0.0004307354418165521,-0.00020677818589847185,-0.00013226689429723758,-0.00041328297667485243,-0.00035064451761445824,-0.0003451368372963342,-0.0005458366737132681,-0.00020114778189152436,-0.00033940516044752694,-0.00017198036303462327,-0.0004294880052592823,-0.00022989698239558317,-0.0001848900251529674,-0.0002665052942768483,-0.00013563470708609007,-0.00015907647905223884
CZE,ssp126,mri-esm2-0,0.0001146287134145663,0.0005334776298425464,-0.00338034695685471,-0.002124729271579494,0.00043897623169931435,-0.0008299829890773566,0.0001226994910161567,-0.001134163027215981,-0.0003238780028838893,-0.00115924447154892,-0.0008259452570909087,-0.00044502764155003485,0.00015677948786172775,0.0001496837774216524,0.0006490335996269384,0.0006495935025516183,0.0004593125533223904
DEU,ssp126,mri-esm2-0,-0.00015183440656549215,0.00010363976471356873,-0.00046429733944966636,-0.00020972170503630135,-0.00010843603413753198,-0.0012754426702968342,-0.0007230814555393655,-0.0009450911451225029,-0.00012707887754517542,-0.00047175469944970026,-0.0007496268853789105,-0.00040210464067047953,-5.890142527702178e-05,-0.00010413046860247522,9.896133895222464e-05,2.387483580788193e-05,0.00013121599283275618
DOM,ssp126,mri-esm2-0,-0.0047285163079514095,-0.0036057961715568357,-0.0009123208524877528,-0.002401600345267542,-0.0012795967119641751,6.147739044328544e-06,-0.0019128067396126255,-0.0020492002594084797,-0.000584329759833201,-0.00014332869920252416,-0.0012684992631409925,-0.001100293754570073,-0.00040466946217388735,-0.0009299781896195366,-0.0012152693385764587,-0.0006154819338247833,-0.0007219565317782167
ECU,ssp126,mri-esm2-0,-0.010384974506396112,-0.018227000007130637,-0.02173636988150269,-0.01442815137836019,-0.011118296135438355,-0.007168786681055656,-0.007389758887205458,-0.007657343965178986,-0.007894453046669267,-0.00839927119799363,-0.001967200076132782,-0.0038411572170231898,-0.0029736406839829047,-0.0035861082496394347,-0.003057944505154498,-0.0019588506022047976,-0.001112566147459935
EGY,ssp126,mri-esm2-0,-0.08719240464284854,-0.04052618259605253,-0.02844201770461158,-0.022158683864526327,-0.017238366786341917,-0.012973552260244336,-0.011630241897629246,-0.008215843136033876,-0.007958511736117961,-0.007265223541085906,-0.005896172704822814,-0.00528314743428949,-0.005240459110598677,-0.005008441780589706,-0.0035011338848137665,-0.0034153413456524426,-0.003691664059683686
ERI,ssp126,mri-esm2-0,-0.18584517611526524,-0.14441845468853948,-0.2051041340856462,-0.1250997742672768,-0.1799397621151485,-0.12315293042204781,-0.14250849295236231,-0.12901332534658866,-0.07733597877419345,-0.08203261391246858,-0.05632231696935771,-0.06165741908408112,-0.05057421772418223,-0.03942046713282741,-0.03665413946264663,-0.027635137357831772,-0.03314608556441402
ESP,ssp126,mri-esm2-0,-0.0018137495177610846,-0.0024866889213403316,-0.010850102497127371,-0.004772732174775307,-0.0027879366443682154,-0.0027408536253929533,-0.0058034329845234375,-0.007551418056502862,-0.003426340925234816,-0.0041516099176654156,-0.004280375723619674,-0.00714070172829724,-0.001628659598096469,-0.003912288560928481,-0.00278448018693519,-0.002079121351741961,-0.0008663178124421725
ETH,ssp126,mri-esm2-0,-0.031892765376456786,0.0008813721200859009,-0.021528987331916265,-0.009731023787782895,-0.013014733323265812,-0.0064156771560557975,-0.009971819873456939,-0.004175046770208674,-0.00354105460358727,-0.0025186741649206998,-0.0033330230433560675,-0.005823404300635653,-0.002150460302474001,-0.002209721769642273,-0.0034917818592849217,-0.002787071985002937,-0.001751331465208234
FRA,ssp126,mri-esm2-0,-0.0032702317486307804,0.0003533099937552521,-0.006376371707366289,-0.003970462488112079,-0.0018128721551030997,-0.0032323838065497286,-0.00416447354990918,-0.005800776159770077,-0.001379889675329873,-0.0026152829036214975,-0.003264107242399719,-0.00311984808921397,-0.0005531061208838946,-0.0015318384246290648,-0.0011747866795464505,-0.00039631597267838223,0.00010491092681447495
GEO,ssp126,mri-esm2-0,-0.013577647638229415,-0.012694321636358153,-0.006131432411456929,-0.010338751520070423,-0.0007865945830294038,-0.006662600595290934,-0.0032191750158658923,-0.0018948450341305736,-0.006570062973263536,-0.0029637898923044518,-0.009130350934669252,-0.0017074669302495353,-0.0036018010305672514,0.0010351504751344744,-0.004636582861089208,-0.005658212040158916,-0.003535535393658531
GHA,ssp126,mri-esm2-0,-0.15727477663461342,-0.05127905083080885,-0.03342415636115526,-0.04432791042761331,-0.037233245321251156,-0.015305952078378945,-0.01750301206347757,-0.014082790715040311,-0.007642378686807754,-0.01348233261817423,-0.013039666669810126,-0.008937670872988373,-0.00862156844830025,-0.008418992646574395,-0.008666261204885855,-0.006588769357318473,-0.007486721848984696
GIN,ssp126,mri-esm2-0,-0.04321180721715319,-0.08055179391533572,-0.010591435604608023,-0.01707152153622581,-0.009608596680485549,-0.0030738748020349583,-0.004115935382795325,-0.003463658771141457,-0.0017793925143753842,-0.0029917085138743155,-0.003638296476139788,-0.003736332643381785,-0.003044123036482932,-0.002345873573742969,-0.00327755693343623,-0.002303026157387321,-0.0030194750627224984
GMB,ssp126,mri-esm2-0,-0.05033261202341988,-0.059892973389951795,0.0001088668575622386,-0.020501186139245613,-0.016327437862300575,-0.0026698657243246584,-0.006629703010601161,-0.0020955470697060032,-0.0050495956887559555,-0.0032379142734631143,-0.003480255221327048,-0.003392589107439439,-0.002182285716786323,-0.0019170993189137554,-0.002383454807626676,-0.002049576232080608,-0.002072466387970477
GNB,ssp126,mri-esm2-0,-0.1299597526851644,-0.2882568824125795,-0.02830062399609108,-0.0670414822238765,-0.047175240419129565,-0.013306337577019699,-0.01217330029080521,-0.008701911764789688,-0.013411635250521966,-0.007477106098394009,-0.011964670821392565,-0.013153631683511581,-0.008047052606919926,-0.007414737432827096,-0.010941022237161936,-0.008503614458871505,-0.011188805932498607
GRC,ssp126,mri-esm2-0,-0.017067572165789274,-0.014614157619413051,-0.04668639074246494,-0.02442796256763752,-0.03198891941793895,-0.0021080478379146925,-0.015760481205757813,-0.016048930978269985,-0.012677474577477659,-0.012439271580394021,-0.010382046671985414,-0.01077535236234803,-0.01018298666453903,-0.01289095711777841,-2.195926597162698e-05,-0.0054178430429108505,-0.008102432866542027
HND,ssp126,mri-esm2-0,-0.09285442630712698,-0.03788413937141277,-0.01813474682584702,-0.02896475284968312,-0.009655446819356957,-0.011013848931761218,-0.019402789834222497,-0.020258529396059023,-0.009962387408998744,-0.01116009980109625,-0.005935624596622008,-0.007827663110599148,-0.0038716615223649774,-0.004488815294060857,-0.005706323705493518,-0.004490170214590127,-0.004963642824556385
HRV,ssp126,mri-esm2-0,-0.03326142868122259,-0.11471302504125414,-0.3896912925856372,-0.22714349727384664,-0.09983532407107992,-0.06968908998244285,-0.2751701653700005,-0.3173305580888108,-0.09815074747202186,-0.1667333826071591,-0.17485182837156657,-0.09824942330631826,-0.07779150654713839,-0.07618599893231012,-0.01799659171606836,-0.004800756450995701,-0.0039884426100553925
HUN,ssp126,mri-esm2-0,-0.05066764278386168,-0.011203502174617885,-0.03325000575214019,-0.01696925644766073,-0.010018455243969219,-0.008118132528858159,-0.01765429250496396,-0.017347321175721363,-0.008521910578872315,-0.01744099819341747,-0.016020697649656836,-0.013901794215728657,-0.005814998629255526,-0.008971607301804747,-0.0017540923086515924,-0.002213147875591308,-0.0015729541783179922
IDN,ssp126,mri-esm2-0,-0.04483187843167983,-0.04884855374603649,-0.03806566108802272,-0.021395943768060834,-0.01844858518569599,-0.02631069535784054,-0.024601844925667617,-0.0225397412669157,-0.01763900335301308,-0.020334897445496207,-0.012860620779786263,-0.010826993179549665,-0.011808163818962497,-0.013007248826135749,-0.012253853226543423,-0.006397365089609094,-0.005932705039454525
IND,ssp126,mri-esm2-0,-0.03987587631057856,-0.018755952616106762,-0.009248391520739332,-0.0006450555333065507,-0.010370757127922795,-0.005278228414512938,-0.005888356253445498,-0.005382041327167458,-0.00308081460777842,-0.005350001559127175,-0.0029786794457199316,-0.0023375912580907254,-0.006187332105667419,-0.003987818450478132,-0.0042203899154523074,-0.003321130169146964,-0.0044599842011427025
IRN,ssp126,mri-esm2-0,-0.0013279523879301495,-0.00028758779573596324,-0.0002595759572213106,-0.000418354761176325,-0.0002029733465826041,-3.310263821380012e-05,-0.00025669418419307775,-4.6033952016701344e-05,-0.00019372383393650349,-0.00014223401778666703,-0.00014711600184250304,-0.00011042980725737451,-0.00010034760020883777,-8.712923501842667e-05,-3.526761798578728e-05,-9.840806917345636e-05,-4.763379064877588e-05
IRQ,ssp126,mri-esm2-0,-0.04482905246903581,-0.03649659029124464,-0.04634798925414641,-0.04224387739113991,-0.02703906547453078,-0.020697842120687607,-0.023464209611298005,-0.018421040153282456,-0.02021530224181573,-0.015606402136532443,-0.015706951718659344,-0.012149631155214927,-0.01075871978448825,-0.00886068522042329,-0.006096978854646885,-0.007041398328981146,-0.0034118430623237693
ITA,ssp126,mri-esm2-0,-0.0008431630661423034,0.00023952408426854436,-0.006198514593350164,-0.004186253269529067,-0.001360256840216899,-0.0015635932434442208,-0.003275528014765294,-0.006176233013237729,-0.0015738968576463836,-0.0028438400499493977,-0.0020350806720673457,-0.0012367766918863685,-0.0008236625548435429,-0.0015936480409966458,-0.0008833380940463215,-0.0002032821422030816,6.041811162686434e-05
JAM,ssp126,mri-esm2-0,-0.0027428310636180148,-0.003573785394936902,-0.0025614617517933412,-0.0026046959502051474,-0.0017841058062012243,-0.0024886130792431188,-0.00283111154213903,-0.0014441475893886887,-0.0020136288396352306,-0.00048472395220025387,-0.0012019740537816033,-0.0014453793511708718,-0.0006986545844863098,-0.0017411928367514493,-0.0016984507075709797,-0.0009996299508130155,-0.0018817755308958716
KAZ,ssp126,mri-esm2-0,-0.0026168885087844785,-0.0028749113564442937,-0.002443607172195045,-0.0030733585619051548,-0.0007026882902256219,-0.0006314014285998301,-0.003571702635911879,-0.001292771634270943,-0.003029701465695316,-0.0023006673648199743,-0.0014025935802694572,-0.0014462840155798444,-0.0014758280800107933,-0.001472987748552794,-0.0006003776415431175,-0.001155867811712904,-0.0020775794762026003
KEN,ssp126,mri-esm2-0,-0.043445848390582985,-0.016874685795741168,-0.02069080546200612,-0.012385255015293277,-0.014026738870797056,-0.01009913822806657,-0.012653857873406307,-0.007930311879662399,-0.0025083463467610438,0.0005525722953217054,-0.006763845040136674,-0.006346942490546946,-0.0037787462014084194,-0.002358892796571088,-0.004849786931015314,-0.004049363808108235,-0.00308610827280265
KGZ,ssp126,mri-esm2-0,-0.04094255888836543,-0.1062519877429012,-0.06317779254014688,-0.06004600539439743,-0.024281593606906855,-0.0026262268593367083,-0.055092312219192946,0.0025181818619902296,-0.024473191686412932,-0.03546880728245503,-0.019249218812842157,-0.015731131602575023,0.0014156677138150062,-0.008771837385773112,0.0036485206287474995,-0.009229578210038681,-0.01128490349226602
KHM,ssp126,mri-esm2-0,-0.06889742287234082,-0.19279910022974578,-0.08380370940521109,-0.06264516774614304,-0.054835122367617596,-0.06965363965661546,-0.013346187605660417,-0.045752390274663615,-0.011856289231680322,-0.009961514711380766,-0.006469849416165466,-0.009779671724162843,-0.012810503361070587,-0.01350859897386062,-0.005830367892591156,-0.010812444143417295,-0.015850154156135707
KOR,ssp126,mri-esm2-0,-5.967162036900374e-05,-0.0002422947001425548,-9.554702724650082e-05,-0.00012424473788053803,-0.00011712137258750054,-0.0002804006891299914,-9.429324535698243e-05,-7.12377571463585e-05,-0.00010873191167910187,-0.00011874968033069029,-9.963443553817755e-05,-0.00014056617001545038,-9.133363293511646e-05,-8.186962400751471e-05,-3.51058380701024e-05,-4.1029121821894264e-05,-7.379914871378416e-05
LAO,ssp126,mri-esm2-0,-0.030424707837936275,-0.03880635601516915,-0.011219882481122156,0.0005089966069025604,-0.0044072662938453005,-0.010338929460310462,-0.005274100377082538,-0.007477386884042756,-0.0016525853596072412,-0.0015725293829529673,-0.0014517437865248792,-0.001584489946958601,-0.006349098379036351,-0.0038666401138880142,-0.0035534865087043445,-0.005551005677083218,-0.007353534014972487
LKA,ssp126,mri-esm2-0,-0.005751843654740338,-0.0006943980549839273,7.325273605527417e-05,0.00027356687391164947,-0.00019302162203903316,-0.0001660108987558489,-0.0003753650396659505,-0.0006303952159280702,-0.0003608757745034813,-0.0003649885977463382,-0.00034533289368174797,-0.00041669633357205836,-0.0002989090275341322,-0.0006527933703618897,-0.00019288230000073274,-0.0002716934004076869,-0.00048722669873774047
MAR,ssp126,mri-esm2-0,-0.00023048282047053977,-0.0003996186008813155,-0.00041174908797430904,-0.00031252009801938584,-2.3343139750627774e-05,1.9255240824706064e-05,-0.00012926982591600345,-0.00012976719921451251,-4.827448581614295e-05,-6.035908966741761e-05,-3.984954517789335e-05,-7.403138711778504e-05,-3.439667985745185e-05,-5.593059815819477e-05,-2.8339208626859516e-05,-6.539410301042393e-05,-7.891303948135828e-06
MDA,ssp126,mri-esm2-0,-0.11145680776437446,-0.15796510146401074,-0.25443673361357255,-0.09295337069560558,-0.14603090440640934,-0.013980249796547438,-0.043340270884238044,-0.09786997411428192,-0.026489403216407213,-0.08475385512032149,-0.0865649367036323,-0.0472901978543565,-0.0184386126789646,-0.036051419055120396,-0.006661069220350664,-0.004672544157200043,-0.02884722456341535
MDG,ssp126,mri-esm2-0,-0.01746067536340693,-0.005348000168317183,-0.0036960902684650713,-0.004713298107496816,-0.004557215954448157,-0.0018115357232205516,-0.0011647227447688826,-0.0012318810983102603,-0.0008867338650817741,-0.0005041176550947446,-0.000742231419538388,-0.0003435816941490769,-0.00037147915420094463,-0.00038048213233619573,-0.0002377549970604807,-0.00015442007478468477,-0.0002202181861051896
MEX,ssp126,mri-esm2-0,-0.02088978422336104,-0.02392788828767887,-0.023155732451363393,-0.018598850634180264,-0.019638349342941314,-0.016920731892072317,-0.020818229484597613,-0.01671427895478475,-0.011537547891593704,-0.016396086891193134,-0.014101926981349147,-0.012449964847519097,-0.010302393380177797,-0.006671692343394212,-0.009187632295193442,-0.005249604609953504,-0.012900769271228588
MKD,ssp126,mri-esm2-0,-0.015517344901943656,-0.005103740986274491,-0.036911547912953716,-0.010385972920916942,-0.01981347026595862,-0.002886383826752652,-0.012930164387842353,-0.007225007903043681,-0.003323443315205711,-0.008958799608940977,-0.005463590469407957,-0.006636168455571887,-0.0077124503222027714,-0.0057388708881694755,0.001374299465889945,-0.0007134507174939746,-0.007099284509501247
MLI,ssp126,mri-esm2-0,-0.6602839910483372,-0.6047886920030755,-0.14236093363073885,-0.38439166032972344,-0.24495889396401577,-0.11382920413422616,-0.09049854650222316,-0.06790562916981058,-0.045569955523032946,-0.05233336109932443,-0.054575242517231885,-0.04870492751863442,-0.039113846822741015,-0.028592199394738477,-0.03162532705329271,-0.025456071613282696,-0.03169278432276115
MOZ,ssp126,mri-esm2-0,-0.19348447641263364,-0.2678109173759022,-0.12001148743772518,-0.07404264199510018,-0.07548235840342875,-0.0187110079572332,-0.02481832876446908,-0.009316378636117319,-0.008645429274371008,-0.01241279153748982,-0.007044963082346842,-0.0082978364193298,-0.004944595152928166,-0.008831795465425235,-0.004442086635736679,-0.0002878354960792605,-0.005142410655431825
MWI,ssp126,mri-esm2-0,-0.3892681404496843,-0.24492349022613558,-0.212463063399825,-0.09900902404627629,-0.14569043499098616,-0.04097586803142602,-0.034743708523389816,-0.022755432693077712,-0.02101240376776465,-0.02596057348276329,-0.010744607547874277,-0.015099964526842237,-0.00899560018861514,-0.01589387876408042,-0.007935143842206975,-0.001272999799592427,-0.009821654415616608
MYS,ssp126,mri-esm2-0,-0.0001375568095952162,-2.2502900741178404e-05,-5.324717410067432e-05,-8.190236684775274e-05,-0.00018545142593652376,-0.0001972430199243361,-3.864082837081679e-05,-8.534746950300715e-05,-3.9137594562165216e-05,-8.640513346961864e-05,-5.7030323757190546e-05,-5.3249086488247057e-05,-5.307257410109277e-05,-6.4465786274803e-05,-3.2367583627218335e-05,-3.3187900951917765e-05,-7.135513863291454e-05
NAM,ssp126,mri-esm2-0,-0.0029297628097701193,-0.01870383071725692,-0.01601679162369099,-0.041825912238302676,-0.0030491519066042374,-0.023090061055279387,-0.008741888857825625,-0.0046475233620828565,-0.0026020863427428627,-0.004082748222413741,-0.00032990525321016764,-0.008270171005730001,-0.004972124097297132,-0.006698707935092698,-0.0031442406012819335,-0.002267905560183409,-0.004676304353445416
NER,ssp126,mri-esm2-0,-0.006310848323911247,-0.0035488365688172803,-0.0024161635749587046,-0.0027621670897075134,-0.001457422339283004,-0.0007874102847192488,-0.0006079826928652299,-8.605905338834211e-05,-0.00033068517681909224,-0.00021670831858848266,-0.00024174800349691255,-0.00019148266355921545,-0.00016157840530614878,-0.00013441795741367827,-9.818165236109388e-05,-0.00011006063432729439,-0.00010651326204859523
NGA,ssp126,mri-esm2-0,-0.0719584018327114,-0.030675390147424254,-0.020729304139747644,-0.023674226343477604,-0.017585350441774346,-0.007523049809810338,-0.006740712425088141,-0.0039015857985725683,-0.0028184267549743415,-0.002992107826415482,-0.003689462930827128,-0.0021344268768546766,-0.0023224167992817787,-0.0017398853456649435,-0.0016952234736627146,-0.0014511629392589438,-0.0015421449976596377
NIC,ssp126,mri-esm2-0,-0.08754246066351885,-0.02314736291967756,-0.007750825193245995,-0.003734302080304293,-0.004168777413495331,-0.002618696675828619,-0.00995720287589732,-0.015018460652154971,-0.007064056327886366,-0.007524827869383901,-0.002030247492950769,-0.01067186542685763,-0.0018320132759414266,-0.0050371486623613,-0.008732957003478696,-0.00435821702806048,-0.004269230053685303
NLD,ssp126,mri-esm2-0,-3.705832720787293e-05,6.973768577018871e-05,5.1977873876824155e-05,-3.30085710796631e-05,-3.438592287961466e-05,-0.0003094447302310026,-0.0001736911442721748,-8.038063389259235e-05,-2.2329144418584705e-05,-1.1388701474319903e-05,-0.00020796836315595116,-0.00012579168865729706,-7.541339398536302e-06,-1.8490404031613624e-06,1.680302362498708e-05,1.7530144116427342e-05,2.3957469038928e-05
NPL,ssp126,mri-esm2-0,-0.28720052460487405,-0.0489846496488329,-0.03255982427390372,-0.04394691621851812,-0.0851192011897468,-0.10006423361924263,-0.03197691906136076,-0.010469510413455103,-0.011998224261002145,-0.036963386974675654,-0.02135333960423996,-0.012780150449246287,-0.02639168492497369,-0.02333469203603816,-0.014710718571199244,-0.02238476046205591,-0.024449770683754875
NZL,ssp126,mri-esm2-0,0.0005146335893115374,0.00011608316693905762,-0.00044119018814181473,0.00036965621976403417,0.00011094936421883585,8.281251015639286e-05,8.485071165205292e-05,-8.407872648016432e-05,-0.0002830249435744204,-6.564709249100761e-05,0.00017124753455824193,8.411824768927467e-05,-6.60536815290566e-05,0.00015286578596003452,0.00011478928994672672,0.0002135414207489625,-1.6510413429225868e-05
PAK,ssp126,mri-esm2-0,-0.0899184427031278,-0.04428821978212693,-0.02698305013188017,-0.026599042598319123,-0.036184416320223615,-0.006777016012350255,-0.01734517081686654,-0.010576276620222837,-0.009854329996627845,-0.01079342211891133,-0.00835098381470678,-0.008498315590921216,-0.004981336483917264,-0.004903148246914227,-0.004509190219579019,-0.003144375426589341,-0.005328220194278722
PAN,ssp126,mri-esm2-0,-0.004544848731830357,-0.0035691351575800434,-0.0008211641146401268,0.000526990885324131,-0.002009784075717531,-0.004190455808864348,-0.0023195236383736547,-0.002752328463462616,-0.0011356248716277552,-0.0021506577230199085,-0.0016830587601204651,-0.003002450188585887,-0.0018852424050423019,-0.001110271185154071,-0.0011931049238880992,-0.0012416477018606007,-0.0003732468609437304
PER,ssp126,mri-esm2-0,-0.0004796851576782553,-0.003869580866687589,-0.007121910005777447,-0.0005376981254689164,-0.0008255681745613855,-0.0031429175778132684,-0.0016092415050162202,-0.0008632566265383935,-0.0013139992175159021,-0.001303464408121775,-0.0002767126381852079,-0.0008171305489731094,-0.001251372415194947,-0.0013319226072904112,-0.0009533014693212374,-2.25499968119656e-05,-3.634536173262844e-05
PHL,ssp126,mri-esm2-0,-0.01901084703629889,-0.016529186316456133,-0.02011021296256696,-0.02060231742606569,-0.037265052048204184,-0.02838265492156193,-0.009967195599516625,-0.011814159691728846,-0.0037239651686907346,-0.011100882156929242,-0.003647854596078913,-0.004694223758192722,-0.006083132783534219,-0.004564893270038451,-0.0051254736872732775,-0.002000740888762325,-0.009844888826090584
POL,ssp126,mri-esm2-0,-0.0013850864759312566,-0.004223963816948269,-0.013522520573152681,-0.009555361946363533,0.0021863594867822587,-0.008361579642374356,-0.0018631745170899542,-0.0057692529542435235,-0.004000712286622689,-0.003954219178834634,-0.008980438199610455,-0.0036940747189975116,-0.0007569371002017102,-0.0005190056016519801,0.0026381163018136125,0.0008231293145178949,0.003100257338905541
PRT,ssp126,mri-esm2-0,-0.00025486957305275907,-0.004089737584273008,-0.0043764062219297925,-0.004079576214273773,-0.00114186073013803,-0.001338141853527369,-0.005150662068183197,-0.007387242620733488,-0.0032481019909271305,-0.004649154095233764,-0.005137126581142702,-0.011415698041756362,-0.0017176478562847973,-0.0037121032923507847,-0.003692278992397587,-0.0026087844344749884,-0.0011573147494945658
PRY,ssp126,mri-esm2-0,0.0026230398639777146,-0.18855471913771768,-0.021666903839339238,-0.09467124951929333,-0.027537265087778144,-0.055111487408154476,-0.08911890887087726,-0.04011526196083372,-0.07492187934189842,-0.02640561817074573,-0.020890201965894608,-0.023493344623592195,-0.03320612084083736,-0.013294964848540352,-0.03009891611155568,-0.03270863537587025,-0.006906580519617002
ROU,ssp126,mri-esm2-0,-0.0562317396710194,-0.04261847423517797,-0.14033407007298515,-0.051740975587443915,-0.09497872744913322,-0.013655521158829969,-0.04150136026769493,-0.05424483738563638,-0.028477022468713663,-0.06580776024566728,-0.05977993613729177,-0.05075675885658028,-0.046151855087036044,-0.03494658674535605,-0.015197563663311995,-0.017509915005758322,-0.03376790461010476
RUS,ssp126,mri-esm2-0,-0.002839533765103402,-0.00910439794700133,-0.002443198078639931,-0.004033209026779471,-0.0005211013787741677,-0.0013428055843660088,-0.002238979991567985,-0.001195274346818191,-0.003294168783954777,-0.0018465358118247147,-0.002837800199985619,-0.001250940860773204,-0.002119154775132187,-0.00048320993456421065,-0.0028071101848413447,-0.002138817291933943,-0.0030793059950593054
RWA,ssp126,mri-esm2-0,-0.017200497105528827,-0.01471450949334829,-0.03510556696274153,-0.003677171515042681,-0.0038258361309519004,-0.006153445059205913,-0.006655217612359872,-0.0030265686450330776,-0.002181125781541104,-0.0018042918440906695,-0.0010572706003633787,-0.0020354729467291447,-0.001066027877015364,-0.0004027185224947242,-0.002051862061957379,-5.600738295808502e-05,-0.0003220234966012517
SEN,ssp126,mri-esm2-0,-0.17050842988535417,-0.18196730644945835,1.2093530457674135e-05,-0.07631046486681556,-0.0636504379734003,-0.013325506960838744,-0.02600830118874203,-0.010045953286622052,-0.020672960145060964,-0.013533752411543754,-0.014576571405476921,-0.014521753701822267,-0.008639206823444217,-0.007865939777157733,-0.009502540407127886,-0.008237276709869575,-0.008493460310002355
SLE,ssp126,mri-esm2-0,-0.006425416308996354,-0.010162358756576678,-0.001339682313586784,-0.0032714344556021274,-0.0028230393459121967,-0.0009107075233186709,-0.0009716012708408324,-0.0007148552704073672,-0.0002840170098396124,-0.0005908779208350737,-0.0006738988358372693,-0.0005811868317989364,-0.0004550352606693844,-0.00038658756738602795,-0.0004713714814713327,-0.00029842632807851544,-0.00043970578142965176
SLV,ssp126,mri-esm2-0,-0.11435731083041589,-0.11629358743235788,-0.04551581596492518,-0.06798817292049741,-0.03225586037336502,-0.026195997920709143,-0.0715823343773269,-0.09318120229841116,-0.05032190795691932,-0.049148588231647354,-0.033491314864758405,-0.05704538787711491,-0.024186243417305967,-0.028488148938887584,-0.026428953158344103,-0.01849377193653632,-0.018646111812968404
SRB,ssp126,mri-esm2-0,-0.17333670964477804,-0.0342877996181445,-0.2378906744424424,-0.09899114257883856,-0.14617509868790757,-0.03491461266739788,-0.1396323131924677,-0.10001532045651972,-0.07821528674143895,-0.12391161974696763,-0.12630492970658555,-0.05989243550803932,-0.10032162040543498,-0.03670278311242378,-0.0006101258895228434,-0.017974371128875732,-0.03311645064038648
SVK,ssp126,mri-esm2-0,-0.009288747694591266,-0.001285223948883203,-0.011956290471502606,-0.0050887582106682525,-0.0011579792113008576,-0.002602261755460967,-0.003728830313178184,-0.005535302711630562,-0.0019223567017353869,-0.006621740766165072,-0.0038941226427648867,-0.004018802997123935,-0.0010020846928027612,-0.0020244787343941966,0.0003945669419826743,0.00029751275084509584,0.0005218153520825807
SVN,ssp126,mri-esm2-0,-0.0005071331152644201,0.0011290660990572353,-0.002104744840078699,-0.0009638407136778242,0.0006481301066317338,0.00019256006571831454,-0.00028335645121091327,-0.0029581781710727594,0.0006952833717730638,-4.705473485529099e-05,0.00018440322804400043,0.0007214824862382362,0.0010264464791225128,0.0007811715131912315,0.001198916466803176,0.001291205431230541,0.0010636550623805486
TCD,ssp126,mri-esm2-0,-0.2606027002788987,-0.15318807205281748,-0.09230609215901664,-0.047126709019641284,-0.0552964319958442,-0.021490691866593886,-0.020178245143047707,-0.011302683471542502,-0.011451853348364857,-0.008958220010184611,-0.009239934835843068,-0.006442639901513929,-0.006319202459117913,-0.0044509658264382254,-0.004560574967287852,-0.004352406482591495,-0.005158898232466666
TGO,ssp126,mri-esm2-0,-0.4598303370810126,-0.2528703270147664,-0.19397391329302507,-0.21392546375263735,-0.19527880375111314,-0.06701121382123292,-0.07522233299298482,-0.05453738939629103,-0.026217595919900073,-0.04242108920957425,-0.043639613675668376,-0.02265499681244718,-0.024256468800402033,-0.02016637060842939,-0.020618909517803975,-0.017462439128055944,-0.014623772146379882
THA,ssp126,mri-esm2-0,-0.0328926514920961,-0.05607900927537301,-0.023504238420715813,-0.016470200477783317,-0.021664533990489895,-0.03408502823760649,-0.014572408059765604,-0.02552699817766487,-0.008732504338855477,-0.010024958038512399,-0.006203989602546989,-0.007158371540404904,-0.01800906352760632,-0.01361384136593659,-0.010383502684590151,-0.015338774616253667,-0.021675850429908813
TJK,ssp126,mri-esm2-0,-0.026572007244626314,-0.029651451941765723,-0.01285997415328021,-0.020649968302029514,-0.0054860514483399524,0.000252442700575816,-0.008759507647687148,-0.0013673710910411024,-0.0032102591735191674,-0.00510137655502402,-0.003420175734181643,-0.002838641318288366,-0.0006694020533491346,-0.0016920873756838713,-0.00013094176262507388,-0.0029767807330748986,-0.002932966714561812
TKM,ssp126,mri-esm2-0,-0.0022010057688250833,-0.0026993232267484026,-0.0014768726315033225,-0.002173037609700646,-0.0015819293745453866,-0.00019512658921497713,-0.0014710886029471774,-0.0003407443932667371,-0.0007890074919772948,-0.0011864120547124463,-0.0008905667009927963,-0.0006226772132570321,-0.0004833217748282191,-0.0007010884875100955,-0.00034738649326503264,-0.0006479716862457403,-0.0006378758849966053
TUR,ssp126,mri-esm2-0,-0.005626036945901381,-0.0042013041166479425,-0.0034694338382547235,-0.002166359115070906,-0.002184121813367336,-0.0009358818800270013,-0.0009173907953806769,-0.0008803205730448997,-0.0010362915202749019,-0.0008067395033870846,-0.0007176784049568105,-0.0007319736639467391,-0.0009765751114989528,-0.0003770445481886447,-0.0005087463450459239,-0.0009691576542683943,-0.0007121020061489874
TZA,ssp126,mri-esm2-0,-0.056313015456171456,-0.046783007404351665,-0.02640650989942649,-0.0019093184351326293,-0.03921795151395579,-0.016272877019981452,-0.017446659797600607,-0.00745369890768296,-0.007579060667290984,-0.0024516583405103727,-0.007549516207114145,-0.007489010028745789,-0.006107284490304824,-0.0030301431626914405,-0.003719614137417782,-0.0014837663395838787,-0.005212952364400595
UKR,ssp126,mri-esm2-0,-0.16459470928502973,-0.22274842058230657,-0.2663083237118666,-0.07456001467185396,-0.07768547720313974,-0.017018838994395942,-0.04933564423355226,-0.07082346502358727,-0.01353120666381459,-0.05131115672398781,-0.0771560911870654,-0.03491953893240236,-0.022963853572114314,-0.012947187786342419,-0.021377026052686116,-0.013725648638597779,-0.03391029088459085
URY,ssp126,mri-esm2-0,-0.0015339432851176225,-0.007928174050579119,-0.0011923629514204968,-0.0032708070592621916,-0.000997415975121862,-0.001185718117139526,-7.658822959581196e-05,0.000757294194371826,-0.001386029555526375,0.0008319810193633866,-0.0020831598775596736,5.538202419067265e-05,0.0003116000949455456,0.0002797835095670538,-3.672682388146417e-05,-0.0024788820431763422,-0.0008121280308896455
USA,ssp126,mri-esm2-0,-0.0062397779415162774,-0.00038966322715566597,-0.014382278411191274,-0.029207541884039616,-0.011300508334885634,-0.014018628211275603,-0.013337002049267101,-0.013222343684489232,-0.02009059322900378,-0.00827547150659518,-0.017984041376859636,-0.007633636802311004,-0.009588670756075232,-0.009160487793146625,-0.006441014044774585,-0.004803101264314588,-0.006798114942173787
YEM,ssp126,mri-esm2-0,-0.0033014378704667485,-0.0007767277853270054,-0.0015406239690623446,-9.005352427687442e-05,-0.0006340815330397755,1.3749942184672966e-05,-0.0005881572004852023,-0.00043825514150841287,-0.0002354918820464279,-0.0003937300387603171,-0.0002644425703451217,-0.0003285659548755196,-0.000255585739764675,-0.00027025194119765177,-0.00022571008771954488,-0.0001940789444584608,-0.00020922128419641013
ZAF,ssp126,mri-esm2-0,-0.050015106422715734,-0.020308852209227568,-0.015896044142635835,-0.05568087254697571,-0.0058461295891706,-0.026513597766569363,-0.013877366807692016,-0.015416794928277498,0.0033876478430473513,-0.005737936483911033,0.0009257206518413133,-0.00873409445536745,-0.012938534489459601,-0.004672567275106245,-0.008235109515547614,-0.00707035890334035,-0.009363949241111447
ZMB,ssp126,mri-esm2-0,-0.10203261823869178,-0.12325212785476362,-0.056643843204251414,-0.0548781141370234,-0.04371841810107718,-0.02745151955788929,-0.021264506158137127,-0.009416821725618451,-0.008423351103756442,-0.009529479158707707,-0.006036059734540266,-0.006726945485779168,-0.003483201743983087,-0.005321307285382789,-0.0036725203139495307,-0.00039292766062760693,-0.004223479354041803
ZWE,ssp126,mri-esm2-0,-0.4154273863419077,-0.7056150989503456,-0.15703454961607538,-0.37761354700995553,-0.19906402573835702,-0.15884685943838306,-0.14242923322050488,-0.02226634405190617,-0.023200146189224016,-0.07055226456846055,-0.039165731901792664,-0.05564883659088528,-0.024488089074784315,-0.05014571805721556,-0.029515928820361078,0.002297883282654625,-0.04071834561850828
AGO,ssp126,ukesm1-0-ll,-0.025549263026257013,-0.029503280251113533,-0.030739625428178322,-0.025292287833604033,-0.0161027015862229,-0.017509457321767962,-0.011698577759678945,-0.01130458024749275,-0.0038552277494866855,-0.00605368779373471,-0.008096530065555649,-0.0036148502735442256,-0.0032398122875991905,-0.002618709767272005,-0.003133682308972559,-0.0015483489790966913,-0.0018329921557569426
ALB,ssp126,ukesm1-0-ll,-0.09506520982189214,-0.20030250119838539,-0.026085281926866072,-0.14711979321168966,-0.1158337431138601,-0.10961317598887951,-0.0898037539367943,-0.10518351960230299,-0.11564994440792745,-0.13561730340346456,-0.07813161675335484,-0.1799236922631667,-0.1569966250543358,-0.18702847662806488,-0.1184782363399458,-0.16696983040971022,-0.1283981078949483
ARG,ssp126,ukesm1-0-ll,0.00358767745407251,-0.0031208114446370544,-0.004282705313167375,-0.0010510814368753932,-0.0015521945861901253,-0.0015438391569581268,-0.0005650986066711546,-0.0012997115063744492,-0.001484744214432583,-0.002093837424301399,-0.000973483862021614,-0.0018539247222725953,-0.0016187106604282336,-0.0011575243080079356,-0.0013022925771890273,-0.0011029850017093663,-0.00046637904220084064
ARM,ssp126,ukesm1-0-ll,-0.0011139311200109143,-0.0007523192416660722,-0.0015111065067077176,-0.0004528772925438107,-0.0004725258975268859,-0.0008783157965361154,-0.0010274130780628904,-0.0004285043523482119,-0.000831719975503691,-0.0013148513718239012,-0.0002957530685220036,-0.0005840141036015673,-0.0004782497150321805,-0.0010185243012536323,-0.00023874534440069268,-0.00032372654873422503,-0.0016023101291900129
AUS,ssp126,ukesm1-0-ll,-0.000229774133337898,-0.00037729705484537625,-3.5635102470716835e-05,-0.0004795079473788154,-0.00031761056725503316,-0.000554913627922851,-0.0002382728312064838,-0.0006697533250830173,-0.000626770612295684,-0.0002865129367701077,-0.0006712104665410349,-0.00025995046946757907,-0.00048092169239915384,-0.00022771748546855712,-0.00041912229211196994,-0.0003380415525224667,-0.00018923492303392619
AUT,ssp126,ukesm1-0-ll,-0.0015486196343732017,-0.004396735524832491,0.0011220900552799994,-0.01155663688024797,-0.005936349227114372,-0.002621519919488874,-0.007424552736441317,-0.007648217743938869,-0.006571694824685532,-0.007011801326353889,-8.645654667973526e-06,-0.00975093899097888,-0.0006304750991019917,-0.009276080119515237,-0.002403427306085451,-0.00316353864335863,-0.0025883048911492044
AZE,ssp126,ukesm1-0-ll,-0.016908462037403187,-0.010873750438265911,-0.019395408499116938,-0.004362700868302324,-0.009901312192177594,-0.013934831689008763,-0.01889352599250329,-0.0080684697766989,-0.013924807111865074,-0.01460264079981299,-0.007122959427704907,-0.009347165015463895,-0.007729828205303829,-0.008503808642786556,-0.005045562146291877,-0.0045010800156426835,-0.01114465346448501
BDI,ssp126,ukesm1-0-ll,-0.04862756678950866,-0.1216310368843996,-0.17283921523559306,-0.06972769601229009,-0.012217215125419316,-0.02470216697126704,-0.013269417361123938,-0.014701399340996164,-0.005837672610577791,-0.006336996706520927,-0.00736304671558953,-0.007228266693233676,-0.0036505073703701862,-0.003429806332329903,-0.0022847115430730176,-0.002060086559128228,-0.003220389124162102
BEL,ssp126,ukesm1-0-ll,0.0005478027011377829,8.710546937870156e-05,-0.0005394307156520413,-0.0016714335073918802,-0.0005512556746859937,-3.181103328963762e-05,-0.0006809290260849756,-0.0009387397851029197,-0.0010806404326481798,3.224353837345044e-05,0.00015633698226676744,-0.0012060431723063055,-0.00019895010440639622,-0.0009406440657467911,-0.0002245312916409866,-0.0008862856939783966,-0.00021018633981469993
BEN,ssp126,ukesm1-0-ll,-0.33477098178695214,-0.1530195130579681,-0.24134615251192285,-0.29891243332685286,-0.18507804692102472,-0.14883074902032398,-0.09868893925858685,-0.11279398179705669,-0.07071075271018387,-0.04897047030799356,-0.04959809589769831,-0.042137391852923374,-0.03486269758589718,-0.03117576953726845,-0.024517648481055025,-0.018457141806531952,-0.020560059163582573
BFA,ssp126,ukesm1-0-ll,-0.21598657141436325,-0.2057613755327997,-0.21379204401997384,-0.29142469252835196,-0.126874510102519,-0.07773013008770653,-0.08323246199189192,-0.07906155447406157,-0.04194313087425834,-0.02391157097892146,-0.029792580023002724,-0.024882637991265277,-0.022192890241411137,-0.01771649972909739,-0.013301696252973682,-0.0095859511284918,-0.007853775953424489
BGD,ssp126,ukesm1-0-ll,-0.006579472733972739,-0.0053788962700862565,-0.003205169209466971,-0.008488688736066301,-0.00793014638704276,-0.007317152121849658,-0.005549250606973732,-0.004289299935236548,-0.0031077158925831845,-0.0009983583133350024,-0.004533683132754375,-0.002535235538983958,-0.0015896533088021157,-0.005404823426831507,-0.0030435061944697928,-0.0026456433432581975,-0.0021813205640337317
BGR,ssp126,ukesm1-0-ll,-0.2293377429941595,-0.14767509437766316,-0.028711102269241087,-0.098211776088875,-0.07591395598461101,-0.05987514295536264,-0.06227785466695167,-0.08616283789041451,-0.08350431659599421,-0.11300113682294445,-0.04052598405669755,-0.11889140324025549,-0.10418785201976433,-0.13946415928863526,-0.05181604022380476,-0.08816740952172514,-0.07760732577331446
BIH,ssp126,ukesm1-0-ll,-0.1311448132130538,-0.16148187896471608,-0.009868322590568607,-0.07377297526508357,-0.049008851470338025,-0.051386258237472074,-0.08692825381143987,-0.10352603113081028,-0.05301399057051658,-0.11034950770442424,-0.03706682924813608,-0.18059685779122528,-0.10428689607308081,-0.1895233498127851,-0.12903270456974936,-0.16903359731386725,-0.14947244200859952
BLZ,ssp126,ukesm1-0-ll,-0.115288768115152,-0.15964895037638502,-0.08183477881815027,-0.0561859952119137,-0.08145834430843281,-0.05965180014744963,-0.08416014313848602,-0.0604132863730584,-0.039008729096803946,-0.03977358275011887,-0.012034056612386634,-0.042963098836074166,-0.017289903792383186,-0.03784241763155723,-0.022848993535695198,-0.020902471886512543,-0.011110477094838566
BOL,ssp126,ukesm1-0-ll,-0.02913127068764052,-0.05668836780561541,-0.024045787068699528,-0.038444427262247644,-0.03725064356522284,-0.045372972464418695,-0.018658286440054912,-0.023004336529424105,-0.019866489328127044,-0.009988516594202393,-0.016811554323143265,-0.011379583835203547,-0.018278300593754154,-0.01655303145294897,-0.012504988095659163,-0.008226890640506211,-0.01166172068753414
BRA,ssp126,ukesm1-0-ll,-0.03381663050234898,-0.03122432591251498,-0.04406312472428201,-0.03261418524900717,-0.035478832148683165,-0.04957788400978271,-0.032623165069849046,-0.03303975864786185,-0.02473786154289726,-0.027356636527570432,-0.025349653529115126,-0.025185104131693455,-0.027122957069209714,-0.024637899521420273,-0.025046624722934212,-0.019169680088863637,-0.0167350054074853
BTN,ssp126,ukesm1-0-ll,0.00765648847122936,-0.002725162577111181,0.0019222175066750857,0.00020596027803240104,0.0004651288497762914,-0.0010783569774186828,4.450882157501505e-05,0.00043185179534496266,0.00029925704504757557,0.0001339327917531135,-8.205209064594042e-06,0.0002208949102369304,-0.00029659582904640767,-0.0018475352072421067,-0.0003567968265647899,9.154516205727772e-05,-0.001046644206219076
BWA,ssp126,ukesm1-0-ll,0.0030413559093097663,0.0006574837592947929,-0.0009861152056583758,-0.005811316937305244,-0.0033292791093701363,-0.004726749516326223,-0.0008110442119280656,-0.0025223258341295907,-0.002934238696406988,-0.0001746577306925033,-0.0022460334645621736,-0.0018475677662609968,-0.0014438652082708239,-0.0011381517400760185,-0.0004214847287860489,-0.0016459352587754068,-0.001223095699486552
CAF,ssp126,ukesm1-0-ll,-0.8465414628844372,-0.6406285201324915,-0.6690129417285164,-0.4107842499404153,-0.14094485811389612,-0.1986394632386708,-0.11286866185050742,-0.11594626968922897,-0.06911399175975734,-0.04138852935857855,-0.05319512548982383,-0.038942294849547705,-0.03964640698213771,-0.03388088479453985,-0.01899044269746902,-0.02510188790418807,-0.022535874166456187
CAN,ssp126,ukesm1-0-ll,-0.015082939426882231,-0.005136625736132654,-0.0059927419823330675,-0.008867100196113767,-0.01981995470285528,-0.012496637994937427,-0.014568981966508831,-0.01601112431688478,-0.00793513874529516,-0.013019300052573892,-0.00909149526924332,-0.007307470213189469,-0.008670996778160746,-0.0030494260544147423,-0.009866967554347418,-0.004875387980789881,-0.00837103256597198
CHE,ssp126,ukesm1-0-ll,0.0003866197775416889,-0.0002667569100335032,-3.0106477953101707e-05,-0.000661086003915383,-0.00035011993901259796,8.520470693372677e-05,-0.00015975269709901503,-0.00028180304345820943,-0.00042660231620363,-0.00018326575385759386,5.3258237996453814e-05,-0.0002119572439143016,0.0001531164732535099,-0.00017853444269640584,-1.768402278221521e-05,-1.0975472198055553e-05,-3.663116671253056e-05
CHL,ssp126,ukesm1-0-ll,-0.0009739180057655375,-0.0013095353282349224,-0.0013555314681705502,-0.0010164777228332074,-0.0013409748405711504,-0.0009047854287533702,-0.0010507698274249085,-0.0012558461864810412,-0.0012739453409009282,-0.0009656993538288838,-0.0007955752260403936,-0.0011515666271667583,-0.0006193088669175734,-0.0006631796766818525,-0.0009139725454126616,-0.0008062276422159752,-0.0006598404879387231
CHN,ssp126,ukesm1-0-ll,-0.03181251763165279,-0.05187753664503981,-0.03476870394078651,-0.056900275492350175,-0.03014875560801165,-0.04028904867380148,-0.034187528959172646,-0.039100349022949385,-0.03078994324266683,-0.021820945118299982,-0.051518097427208975,-0.03788291909279429,-0.03431040011750318,-0.04080760845541542,-0.033501305803447776,-0.03261435922450074,-0.03673332786594266
CIV,ssp126,ukesm1-0-ll,-0.09230683520863257,-0.009852993329151868,-0.045586783444337226,-0.05795961389103261,-0.028507620500730142,-0.01838674277422917,-0.02071995228491225,-0.014984617910662865,-0.008846775889105716,-0.006629891909475845,-0.011575548169955274,-0.00949213517893522,-0.008404703530577264,-0.0070620067634212585,-0.005872377434409821,-0.005144742056285834,-0.005695897161709641
CMR,ssp126,ukesm1-0-ll,-0.09368386065884024,-0.10995079802681201,-0.12702575346976713,-0.11292726621839584,-0.03899464890718955,-0.0512330328206097,-0.05699136747553392,-0.04119650654044867,-0.024136474244983417,-0.012044377282571125,-0.02017310887659211,-0.02211111263223376,-0.01793544583370986,-0.01700281130616903,-0.009792165786476044,-0.010946723621904837,-0.008957021117872837
COL,ssp126,ukesm1-0-ll,-0.00891473823681648,-0.008580973808791647,-0.0017713676732341397,-0.007874288180619408,-0.005236640411139362,-0.00944973254656359,-0.0053067174151339444,-0.004684003732614039,-0.0047755696290647165,0.0002128903713398812,-0.00425519292498921,-0.0031215750839348466,-0.004035897348651731,-0.0033780025726842626,-0.003241762752217418,-0.0027867405631198843,-0.003094252001915457
CRI,ssp126,ukesm1-0-ll,-0.00307178468386957,-0.000746446648066871,-1.6807025164115803e-05,-0.0004955448100247108,-0.0005780723210898199,-0.0005664162226994033,-0.0006259384087382754,-0.0007445870481651716,-0.00040455713399006877,-0.00023901064549422505,-0.000673439344939594,-0.0006725208210419228,-0.00025946346924194937,-0.0004559807714214747,-0.00015168723467783734,-0.0002973472658924417,-0.00029376945378012436
CZE,ssp126,ukesm1-0-ll,0.0001026845006572679,-0.0011126605296774483,0.000776309072551249,-0.004946102078858004,-0.0034529455422252727,-0.0007941337010777488,-0.0028890790916398894,-0.002445946701639196,-0.003591717658984341,-0.002263276198394344,0.0003524777150303381,-0.00424737806153727,1.8797876349058255e-05,-0.004982429797427186,-0.0010936455917562697,-0.0023852365829962665,-0.0013024755660178253
DEU,ssp126,ukesm1-0-ll,0.0006323524364319425,-0.00044681973662823556,-4.90696499355648e-05,-0.0025671519345663476,-0.001167471677955085,3.659523359055579e-06,-0.0013373923663557972,-0.0016293626268503384,-0.0018176330113609189,-0.0005578684717869114,6.771059885135676e-05,-0.0019069169475939385,-0.0001494322910478218,-0.0018225062039176096,-0.0004489947312849605,-0.0010504741914917743,-0.0006348392931975247
DOM,ssp126,ukesm1-0-ll,-0.0023279112381277543,-0.0025396547021604068,-0.0028357120868157015,-0.0019171181085316136,-0.0016499816518318051,-0.001826949868929257,-0.0015372801356917725,-0.001403131203615044,-0.0012012692009266352,-0.0007043175862268383,-0.0006752552499340248,-0.0011921989532019963,-0.0009515242092768076,-0.0009765577929616327,-0.0015177818696302363,-0.0003440960040308157,-0.0007353404161950065
ECU,ssp126,ukesm1-0-ll,-0.015713406212515307,-0.028063045218567496,-0.027080824567937048,-0.044573150082103156,-0.021891896174862906,-0.03643575187725669,-0.019219209947551014,-0.02426610585092283,-0.011598961290644909,-0.010248726603320798,-0.011850880830457187,-0.010966916748764554,-0.01148169303905785,-0.01105898108078335,-0.005484233648155336,-0.005262642604324072,-0.007707841010990871
EGY,ssp126,ukesm1-0-ll,-0.0810477404594502,-0.03500685115887804,-0.016608946728358914,-0.022055646535141908,-0.016212691417245562,-0.01541555391336638,-0.010728456949258279,-0.010732522415027902,-0.008130439402774938,-0.00826013066199601,-0.007142568527233553,-0.006181580464785833,-0.006780172385515333,-0.005407548390849697,-0.004438081808778324,-0.004065836289063493,-0.004142822584434921
ERI,ssp126,ukesm1-0-ll,-0.11889403276894564,-0.15238302830140044,-0.23871762445293693,-0.20740663665306333,-0.006707213670779938,-0.14966033944463947,-0.15924511793216406,-0.14857387883111692,-0.09411947522295622,-0.059127360282599496,-0.08708512740149932,-0.03942608410030529,-0.041957524707964884,-0.05455882963378067,-0.03358695440322747,-0.037243911819136555,-0.032479094209869885
ESP,ssp126,ukesm1-0-ll,-0.005282628771764408,-0.006730725871029692,-0.010219233242956352,-0.006708952273006621,-0.007620161856724913,-0.004045457871203689,-0.004173024274579733,-0.004566486365590739,-0.00868156558393811,-0.004653198675796552,-0.0038747043953188272,-0.0034918978216921847,-0.004194452744912335,-0.0070084576528310375,-0.006660588024452186,-0.004474777890216126,-0.005699350818751351
ETH,ssp126,ukesm1-0-ll,-0.05663163714443605,-0.050024706464826735,-0.05335997768638655,-0.03382769092409197,-0.003940719776222244,-0.01623422428438574,-0.009668584089953027,-0.01003353375026063,-0.004935035216040861,-0.0017199304052739485,-0.005195704860458184,-0.002365594703586415,-0.0017291477801265665,-0.0024508949169490444,-0.0019108141999683308,-0.0030023511879423864,-0.0016667040514064411
FRA,ssp126,ukesm1-0-ll,0.0005717344843088956,-0.0036712280560206303,-0.005648587296954011,-0.011507396501473885,-0.009338477099722542,-0.0018275986459919498,-0.007049249236603011,-0.008185628824398728,-0.009212443342284498,-0.00213242612085285,-0.0020286354968952532,-0.006056746092754303,-0.002050903782987124,-0.006167180226635118,-0.003353585186401782,-0.00395816963165797,-0.0028804993744160692
GEO,ssp126,ukesm1-0-ll,-0.036177969532689515,-0.01320927343727753,-0.018655704295769484,-0.0072152523581670526,-0.010743956810596127,-0.013615831309454277,-0.01606761848611681,-0.011470430192425857,-0.012862742325231893,-0.021450888051403206,-0.004379233521207844,-0.010312009493686436,-0.008396271892404704,-0.019602762414627165,-0.003859780208256602,-0.006093604379720066,-0.025432062844045335
GHA,ssp126,ukesm1-0-ll,-0.11177430190691041,-0.04533951722102165,-0.056252688135348006,-0.058238739392304215,-0.036290405008267045,-0.026486686559425696,-0.024549923244569675,-0.021913832817722342,-0.015718913945489812,-0.012505289950461605,-0.012941290846038,-0.01182208736781768,-0.010552175146011162,-0.010392726357050694,-0.008073740848505017,-0.0068800631189235,-0.007477883926664037
GIN,ssp126,ukesm1-0-ll,-0.060102544459662954,-0.007809465399441257,-0.007449989497307165,-0.028484651039676106,-0.013078216227322718,-0.0037902046847720153,-0.00904907971532604,-0.005442358152363272,-0.0018785349797810788,-0.0021980612867501348,-0.003812704837821211,-0.004067663963837125,-0.00170628241070739,-0.002925501208610608,-0.001592662571092556,-0.0008854466568299258,-0.001943029930849811
GMB,ssp126,ukesm1-0-ll,-0.03697743635085843,-0.031035482789608188,-0.02031025827999357,-0.02562370607404237,-0.009002124402585927,-0.011179657531187258,-0.00975896178918279,-0.00742982096005769,-0.00512555241193416,-0.0027677634177615267,-0.0036985303179526115,-0.0025437484647826275,-0.002612476931522434,-0.002573526314615628,-0.0008874530734018974,-0.001764379779941275,-0.0017493941749032172
GNB,ssp126,ukesm1-0-ll,-0.08005199640840387,-0.0733420918310913,-0.021945387386065714,-0.10887004108374111,-0.025799219329175154,-0.021559680458405266,-0.038811827471673714,-0.02978132225245022,-0.009266337293543724,-0.006904786776633575,-0.011214189119537383,-0.009680146000964552,-0.008184277305334066,-0.009557553936852373,-0.002325357402191066,-0.003880103994896308,-0.005138140522465526
GRC,ssp126,ukesm1-0-ll,-0.025403401503286432,-0.02908019840331374,-0.007221970101311468,-0.024542547085948253,-0.022075438542235058,-0.01764659504597305,-0.012622504218459386,-0.017663508493124477,-0.012538342855369686,-0.020080872774903547,-0.008106147126603166,-0.018055338471734624,-0.019635192530256987,-0.019637803371993025,-0.009598936703312865,-0.01265337970770034,-0.009117575840248507
HND,ssp126,ukesm1-0-ll,-0.1511512332064329,-0.06545928406975045,-0.0289266483484964,-0.03975324641903084,-0.04715123541601321,-0.02423372244958318,-0.03527215534125716,-0.032654645338983206,-0.013310249139199332,-0.01803236494083103,-0.007876768903000634,-0.02060900076683289,-0.003987601843861578,-0.013731516653623516,-0.006244768454923782,-0.0066066374848611845,-0.00837697229181037
HRV,ssp126,ukesm1-0-ll,-0.05648297369915015,-0.45900018885425226,-0.013612390122776354,-0.2878744815921398,-0.22371465938739254,-0.21702264430258594,-0.38622321534593723,-0.4500786769172559,-0.20144980094995907,-0.40570277589111364,-0.11691980220080735,-0.506241152721953,-0.23364100604115462,-0.4448059351033329,-0.2913170922243725,-0.3108714921200875,-0.268830375934915
HUN,ssp126,ukesm1-0-ll,-0.10776738364657135,-0.040445929415742286,-0.00105841473374574,-0.03200434994729999,-0.025267470383232852,-0.02246437648490602,-0.034224409687801986,-0.0442758278892889,-0.022081483630736795,-0.03330445369131938,-0.007750637043355212,-0.044514258125274486,-0.018891795479175626,-0.04101881361288752,-0.019398506807987628,-0.02984592609210385,-0.022334861700731134
IDN,ssp126,ukesm1-0-ll,-0.02577315167227604,-0.03361208743687395,-0.022335545215267136,-0.045387216479795454,-0.03787222887289652,-0.03883647356489902,-0.026289085036143453,-0.01916210792619139,-0.027772319145566854,-0.006968323261316304,-0.017560657697661387,-0.013584757387717809,-0.014670826236616842,-0.017206208079332094,-0.011504597332517843,-0.0129001020279133,-0.010213499139273066
IND,ssp126,ukesm1-0-ll,-0.014771482661379245,-0.0009632746706517627,-0.001287440191399786,-0.0031780776775722484,-0.0070782037289604215,-0.0038717260529833727,-0.004048409665762704,-0.008151017034047733,-0.003106209701275507,-0.0012224625577736564,-0.005050289827849593,-0.0017818038903261888,-0.0024050725573046693,-0.003350170677365004,-0.0016328988623020959,-0.0008254389145639521,-0.0019237262737208756
IRN,ssp126,ukesm1-0-ll,-0.0012868570363788908,-0.00036135984658706115,-0.00044471735785416955,-0.00021164083691031094,-0.00015393775520582947,-0.0002754182805321508,-0.0002673557284959447,-0.00014789584659912822,-0.0002136349423133038,-0.0001716328102615562,-0.00013416872748858843,-0.00015221807162421147,-0.00015171765516520217,-9.372810653797534e-05,-0.00010535031351282098,-9.031759175942406e-05,-0.00012244263839371284
IRQ,ssp126,ukesm1-0-ll,-0.04893955818339417,-0.04657082994519235,-0.046570752235940684,-0.03336424198571002,-0.027316095703234382,-0.03277064029982502,-0.028516199754022413,-0.0202996104744143,-0.02071049545985884,-0.021611779271318,-0.014487416820909092,-0.013148794587688889,-0.012980317190388195,-0.010365390038822947,-0.0062142941909733235,-0.006954310298690371,-0.00731501303166248
ITA,ssp126,ukesm1-0-ll,-0.0016619319644116698,-0.005879908187055264,-0.0018197532795086718,-0.005309121604408613,-0.006760821425472455,-0.004099256329787374,-0.0039953402268855815,-0.005498889111915339,-0.005827462322606345,-0.004100052425768037,-0.002458434417935148,-0.0053282888846981815,-0.002976708637885581,-0.005975479728129377,-0.0036285905077212445,-0.0026959965043579933,-0.002803160918612483
JAM,ssp126,ukesm1-0-ll,-0.0014512309105393164,-0.002396599400753047,-0.0034061362998083706,-0.004143766241052734,-0.0030994524038418436,-0.002864313426704483,-0.0016837950264452773,-0.002411295708404388,-0.00100025144421581,-0.0008156302401727655,-0.0018477639169261785,-0.0015440395472044721,-0.0013936049005687729,-0.002084573348303463,-0.0013657656769079894,-0.0026581398265782766,-0.0014697131938660477
KAZ,ssp126,ukesm1-0-ll,-0.006048737820696648,-0.004325605961755192,-0.003001814339816436,-0.0008393585302111866,-0.00228749489497586,-0.0030433637118959995,-0.0032589245880995715,-0.0012776315364411849,-0.0033017182508194272,-0.002411426953223712,-0.0035378844126050402,-0.0034492087948480524,-0.0033992752387723654,-0.003159372370813771,-0.0026721758776420143,-0.0035762716169036464,-0.004543553509205985
KEN,ssp126,ukesm1-0-ll,-0.10789908129382338,-0.06676117430390519,-0.036982107820288705,-0.034358927755318895,-0.02231310119580441,-0.014721839531806459,-0.015798074339294466,-0.016319847780312886,-0.007512338081873816,-0.006705705965805468,-0.004877145414537612,-0.006864851153676535,-0.00426028575441655,-0.003104163811494114,-0.003170207209392295,-0.004505823380847033,-0.005876451817409245
KGZ,ssp126,ukesm1-0-ll,-0.2771904750925509,-0.2636534718087388,-0.13025469296196418,-0.028219096486857272,-0.04035447450798177,-0.07239698464429889,-0.08254410793550603,-0.03967310487994862,-0.03659842315014177,-0.031140548863697264,-0.03802143215949009,-0.05434893303852763,-0.03293838025808254,-0.020603613748622258,-0.027101615851799248,-0.03425125466920403,-0.02661701675762263
KHM,ssp126,ukesm1-0-ll,-0.12672590682934728,-0.1303089900507375,-0.07403803664561165,-0.058085683134301756,-0.08169980912826834,-0.05760893540151472,-0.03034314501605256,-0.03238288072074481,-0.03643627055789426,-0.019702527812955426,-0.03217772831413322,-0.015141999326493934,-0.016157118174767723,-0.0145183968541519,-0.013235611701060555,-0.011888300134657468,-0.011753238402124451
KOR,ssp126,ukesm1-0-ll,4.752848265397443e-05,-0.00018260807889048492,-0.00014642498086181972,-0.00027981294943897394,-0.00016737201873235879,-0.0001388331466144959,-0.00011372253132139645,-0.0001480448523747789,-0.00012903586529038454,-0.00012000306422218842,-0.0002794661490787508,-0.00024206916990435282,-0.0001699507279980323,-0.00019311403538080487,-0.00013511885283427354,-0.00015792451074929495,-0.00011336374893381654
LAO,ssp126,ukesm1-0-ll,-0.06824168316318735,-0.007490399067980732,-0.014874743578508666,-0.00844161548395486,-0.012653528046501026,-0.00960131984765629,-0.005884415300816331,-0.003898770777593901,-0.007868246391028445,-0.0012341563815468615,-0.010975395639125144,-0.007309479422818143,-0.0025209323875657326,-0.00477508976880772,-0.005463488398379551,-0.004336309103384417,-0.0059566664510603134
LKA,ssp126,ukesm1-0-ll,-0.001200089858036882,-2.6284308304686703e-05,-0.00040189124692162977,-0.0010344286843575118,-0.0004468972900658504,-0.001096001700575548,-0.0010252745559816497,-0.0012179302873567266,-0.0007695855755650469,-0.00018385425244400665,-0.0008019439533511243,-0.0006963155279409199,-0.0003001202447732008,-0.0005957859025253914,-0.0004011813811572435,-0.00032298462253959996,-0.0010133045889417233
MAR,ssp126,ukesm1-0-ll,-0.00022879079265249663,-0.00072378198752129,-0.0004944470769482844,-0.000240067892624719,-0.00014777918296583027,-0.00021568415624939093,-0.0001971909932222843,-4.684537382785211e-05,-0.0001826490616464141,-8.248803015359932e-05,-0.00010891894402197255,-2.7134420488000587e-05,-0.00013328586625521564,-0.000135940790398031,-0.00011943652705574281,-9.399145333310203e-05,-0.00010522880707738001
MDA,ssp126,ukesm1-0-ll,-0.3533784268559389,-0.16131046881550842,-0.004867697720833681,-0.1536969409893831,-0.10247060312583592,-0.07339162031170271,-0.035577981779465605,-0.11978362927809003,-0.040705060592380014,-0.10427846819686779,-0.031978853860884206,-0.11048670033148057,-0.0558410605676983,-0.08678162609860038,-0.029450927796019915,-0.07539557292918167,-0.08257528645050397
MDG,ssp126,ukesm1-0-ll,-0.016427028485106635,-0.007455229433738796,-0.003210745797529293,-0.0036109856303423557,-0.0014000254905197664,-0.0018967160482166092,-0.0019754073038841698,-0.0026113988030724298,-0.0011016863472741642,-0.0017693406270874782,-0.0013333884332669358,-0.0007912977266508505,-0.0008191840752897134,-0.00032803739789423665,-0.0003386002907870827,-0.0002847701159912962,-0.000220775233525111
MEX,ssp126,ukesm1-0-ll,-0.013260140618578055,-0.030208757108209392,-0.038612011655083364,-0.026361770067422595,-0.018911134564575237,-0.024702826935244487,-0.030146091108431066,-0.02421859264010661,-0.0183188338058638,-0.014635637133735354,-0.020179864623182005,-0.014721158174224707,-0.010817422061554033,-0.017531614650185053,-0.015697997422664565,-0.007663326327556434,-0.010279946146226203
MKD,ssp126,ukesm1-0-ll,-0.023718156658443804,-0.03771931432945046,-0.005796117360926882,-0.022894587444993616,-0.01557818703103557,-0.014564835631447809,-0.010605562444522123,-0.013403419596156752,-0.01817208138320936,-0.019228019963567856,-0.007012803839864302,-0.020345226405989198,-0.022235175924604562,-0.02291439075126628,-0.01067953890258809,-0.017406377898279313,-0.009610190195574183
MLI,ssp126,ukesm1-0-ll,-0.20834020055536503,-0.3861379123326103,-0.20270827714097803,-0.4941331760518933,-0.18580067262435082,-0.13951077781302137,-0.16487917448994538,-0.1365688383944519,-0.06313009256981789,-0.046383626406755106,-0.05774656394315351,-0.0409301123543314,-0.03464928723453076,-0.030040610768442916,-0.014379312081390623,-0.013996382704316775,-0.012450289065240946
MOZ,ssp126,ukesm1-0-ll,-0.11579174380696472,-0.05090793130037075,-0.14598041318747912,-0.09835022986935038,-0.10121490836257047,-0.028706393797029262,-0.024279277432548697,-0.010287493580076666,-0.011696112126744412,-0.00933979626530894,-0.008296453394066277,-0.010275576867513634,-0.008397982117176581,-0.0046824212859090525,-0.0021923396427565513,-0.004068092837987871,-0.003765515011482772
MWI,ssp126,ukesm1-0-ll,-0.2403260985623063,-0.07158533930434781,-0.20643757259843687,-0.1504384754109875,-0.18110742177003042,-0.03792031514748748,-0.05530558402099998,-0.02368389804789424,-0.0263043836827967,-0.023253615696880257,-0.01464647950100866,-0.019724156307827406,-0.011715117579002262,-0.009044537902560176,-0.0037033821515257788,-0.005922054350539893,-0.006648672848280051
MYS,ssp126,ukesm1-0-ll,2.3004657992415188e-05,-5.381227011086282e-05,-4.604742649880134e-05,-0.0001090151763230314,-0.000135191967315397,-0.00017855895419493438,-6.260510213824251e-05,-8.763615799630228e-05,-0.00013303414566796795,-7.434727061838969e-05,-0.00013262431413420036,-6.661639305059186e-05,-8.05889214034806e-05,-5.197656299126482e-05,-7.977833006139755e-05,-6.985054223623935e-05,-7.591004266727905e-05
NAM,ssp126,ukesm1-0-ll,-0.00014249608804551287,0.00020689493521203775,-0.025047966964744758,-0.0343855389687625,-0.01584297721883908,-0.023758805865172518,-0.009186061776253925,-0.004885588954803899,-0.014013820798135403,-0.004498142117421056,-0.009798514559978162,-0.0026114696739975426,-0.0035795254546437216,-0.00418203192236311,0.00019991986904731158,-0.0013325097735574162,-0.0055177810802018714
NER,ssp126,ukesm1-0-ll,-0.0016750685797240128,-0.002322818124366847,-0.0036302489320831004,-0.0033508725226858694,-0.000769640307941763,-0.0006925682131551145,-0.0006544181405848027,-0.0008286365021432146,-0.0003664112030314929,-0.0002497425637372352,-0.00024461082524989704,-0.00013147972149686298,-0.00014049630922762185,-9.927069047786137e-05,-7.794423879438184e-05,-8.031868122132871e-05,-3.51963088849455e-05
NGA,ssp126,ukesm1-0-ll,-0.03587537911784586,-0.016637197003691446,-0.034872076848426796,-0.03194016121807486,-0.01329021919793111,-0.01313001626136187,-0.009065798606985604,-0.01178349321355209,-0.005889385647337485,-0.0034402147139844914,-0.00464053140113033,-0.0031095890028585336,-0.002908821853533604,-0.0024591851634417003,-0.0018233870920803035,-0.0015583563945828348,-0.0012502605775219066
NIC,ssp126,ukesm1-0-ll,-0.16929843407489825,-0.05180841546644305,-0.002758199049016155,-0.03091022162514602,-0.02846665017745473,-0.021617716542514914,-0.030142535798591708,-0.026951776316446987,-0.010176712053788894,-0.011598119249712933,-0.011629465980133272,-0.01877986430521189,-0.004328137781659857,-0.01099812314316306,-0.0033787818937310267,-0.0058236835778161695,-0.007358994129688724
NLD,ssp126,ukesm1-0-ll,0.0001767375728479354,1.1918623514649915e-05,-7.141291416320171e-05,-0.0004388524601091064,-2.6930288674182487e-05,-1.4626123249251407e-05,-0.00019198486679161404,-0.0002592223668811546,-0.00022557404495248973,3.832869887504474e-05,3.383937824866611e-05,-0.00033598116705673824,-9.466367483148954e-05,-0.00023699663366707606,-8.252594531777682e-05,-0.00026333416577099605,-8.265164889350171e-05
NPL,ssp126,ukesm1-0-ll,0.001190631525883972,-0.08190714237484463,-0.026420405226024804,-0.0606841897895599,-0.09450123854863349,-0.01844908145432297,-0.04059717139588129,-0.03882746248539001,-0.019214127669474272,-0.026812569694020662,-0.03470733963722365,-0.009057385430977333,-0.015313148333699579,-0.019013599320396327,-0.021948900823883673,-0.006122428592250444,-0.027109071230052094
NZL,ssp126,ukesm1-0-ll,0.00038831381553998737,0.00022325850472037546,0.00029742440630074025,0.0004812661813091265,-0.00027613985951512596,0.00035919109055482966,-2.941407254790877e-05,9.105218782515904e-05,0.00020200892907658137,0.0001985634037033967,0.00035235903064082197,0.0002900909276429511,0.00019137010121856774,-0.00013653105945019727,0.00021884109267871084,0.00022221777930930524,5.260459537291381e-05
PAK,ssp126,ukesm1-0-ll,-0.09496199667987654,-0.05720446135313484,-0.03107875724024152,-0.02545051256441226,-0.03602426833140158,-0.025263448540814748,-0.022048207619098478,-0.014602202756576924,-0.012258992085717861,-0.009001019136208406,-0.00947105829454658,-0.008723889340987367,-0.008531564913664438,-0.0058963039526470345,-0.0063955617359884795,-0.004736168660826945,-0.004965315219608386
PAN,ssp126,ukesm1-0-ll,-0.009433921298425223,-0.01527809832188718,-0.00549290445102318,-0.0061987331818714065,-0.0062507858609089795,-0.00939849237028604,-0.006216245404840074,-0.004641351900049542,-0.0029204144690466944,-0.0024322003974509886,-0.005408687832558332,-0.004424629909496949,-0.004245284960707286,-0.004616051589200868,-0.003776660470462265,-0.004473786959870364,-0.0038241308851406854
PER,ssp126,ukesm1-0-ll,-0.004965266037265261,-0.004161915924343787,-0.0041417911963798895,-0.007821340673194831,-0.007300647309525537,-0.007011050782313873,-0.0036662681224284167,-0.004763721275922112,-0.0008329001943986304,-0.002469538221084697,-0.004028064856413622,-0.0018812122969580195,-0.0027503331950683467,-0.001972928598182397,-0.0015711945271749488,-0.0007554671354500478,-0.0015990065155177108
PHL,ssp126,ukesm1-0-ll,-0.0041319582840164204,-0.029154476567608827,-0.021148631576547793,-0.03620454464334444,-0.03093721624937656,-0.040380703232200464,-0.022452806745632145,-0.011386474835301036,-0.012297281944423488,-0.0119802434995642,-0.026785384694658305,-0.010109540378255023,-0.009650178827638554,-0.012565275669318894,-0.00788672407641125,-0.010851637905457704,-0.00539019482552492
POL,ssp126,ukesm1-0-ll,-0.00034660682629256406,-0.005262553371065129,0.0041080134234928395,-0.01687690496607476,-0.013304614821534687,-0.004565430510634407,-0.012202019299845464,-0.012045285977321827,-0.019146084871618105,-0.010924668242336908,0.0013052746142130738,-0.027261192879597867,-0.0020228995872642376,-0.03007972685681682,-0.01178984420831335,-0.019751813614995683,-0.012866800692346797
PRT,ssp126,ukesm1-0-ll,-0.0019659876745930487,-0.004470908819225481,-0.011208033865832499,-0.00662229514593634,-0.006758855409877876,-0.004295661496662145,-0.004043494115774724,-0.0025707520149986737,-0.006996836417701104,-0.0025936003904385857,-0.0030680142279755204,-0.0019897168153111067,-0.0026906992405770647,-0.006714742691281582,-0.006465567522739423,-0.004359661445210789,-0.007118661733625702
PRY,ssp126,ukesm1-0-ll,-0.08761145582898489,-0.20526428454515286,-0.13504104571007905,-0.07381602796397875,-0.13696248783058843,-0.16985682393968873,-0.0586885480161022,-0.1006276983938571,-0.025859071538558716,-0.06947897509454314,-0.02673573849164909,-0.11865997087100041,-0.09055925677599687,-0.0695877300400381,-0.07530252826032918,-0.05165111089990276,-0.04395247079851006
ROU,ssp126,ukesm1-0-ll,-0.22263826438446663,-0.13153836138869252,-0.02219415215814608,-0.09416325353435284,-0.07060600235058566,-0.05952012584688348,-0.06273077370132278,-0.10744870718295046,-0.0763230636805843,-0.11385385462283415,-0.035196355029791446,-0.1377749702061858,-0.10017232998378586,-0.1374332428216347,-0.04939890257347481,-0.11285165403363813,-0.09742536937429686
RUS,ssp126,ukesm1-0-ll,-0.01490521128706771,-0.006188764084343007,-0.009544169966704503,-0.006138962819276439,-0.006993726489693071,-0.007508681086653584,-0.005840259829190628,-0.004189130573733024,-0.008248333689426974,-0.00640201622874276,-0.0080728013314342,-0.006927111217292917,-0.005127466649027915,-0.007218712330612525,-0.004950720731679879,-0.005436959925730278,-0.006498679683229555
RWA,ssp126,ukesm1-0-ll,-0.02280522115460496,-0.027794500127150533,-0.0533967592137171,-0.02932479325254349,-0.001171015233507136,-0.00980407410524337,-0.007475293196519028,-0.008666104676180262,-0.0024505302666658437,-0.003842658220389381,-0.004810604971927669,-0.0036789975857645482,-0.0027790040412261083,-0.0016078048003572041,-0.0012196612626302942,-0.000763553017754241,-0.0019056738963965593
SEN,ssp126,ukesm1-0-ll,-0.10229854761535527,-0.07127399084895376,-0.044465972692525696,-0.09257876982588546,-0.037466811319231415,-0.03841743645377976,-0.04063742894178467,-0.03155753412977302,-0.017394197161165425,-0.010790739353154812,-0.013643622143387683,-0.00994265268981253,-0.009535039849006539,-0.009927801733585342,-0.0027929402341174137,-0.00571591176977892,-0.0061597740080904274
SLE,ssp126,ukesm1-0-ll,-0.01735667994766975,-0.00026421556126006294,-0.00026343916173656573,-0.005168806132989115,-0.0018081302949841122,-0.0005181702708829557,-0.0022218274787235664,-0.0011285878284902028,-0.0001945218698101341,-0.0005714776014459826,-0.0006795300658405278,-0.0007543655612710848,-0.0003640343587931412,-0.000402522782102442,-0.00026551932881767613,-0.00013621958286665333,-0.0002825005895946598
SLV,ssp126,ukesm1-0-ll,-0.326924974238087,-0.22934563171773545,-0.09244487846143225,-0.13870364103871258,-0.1609268428416389,-0.09575409432275363,-0.11616544515647799,-0.13798947514774448,-0.061629877338594596,-0.07954806765976334,-0.057943063641439904,-0.10252380828399846,-0.03445494610471122,-0.07301894491246794,-0.05745647950676676,-0.03909142894602131,-0.060700442747159224
SRB,ssp126,ukesm1-0-ll,-0.30638116397481574,-0.2452748155724387,-0.03795098003689514,-0.16194683496632084,-0.11375606867837203,-0.10959244800834347,-0.15259021589746885,-0.20794645198889994,-0.1347601304235732,-0.18205234530503075,-0.052448016398626444,-0.26281717076873634,-0.14456135003518533,-0.24630173930588758,-0.10018937595112488,-0.15968079018615577,-0.12576599096912214
SVK,ssp126,ukesm1-0-ll,-0.029941266634930654,-0.00996876891165639,0.0008634842017302318,-0.013396147470957943,-0.009396951120663865,-0.0072094278452946685,-0.011306886895433214,-0.013961309639726825,-0.009503192731055057,-0.010039736478857968,-0.0013097088945344104,-0.014570492381796838,-0.005741449521001499,-0.01531783361585934,-0.005924796330242377,-0.009026425276517303,-0.006352941790755514
SVN,ssp126,ukesm1-0-ll,0.00022000868576712337,-0.0036925837384086256,0.0016441048720182273,-0.0044866034126090845,-0.003022810239369499,-0.0027610697593462396,-0.00408667880707627,-0.005485474510931123,-0.002185501352558568,-0.005278134352853841,-0.00027634693067899726,-0.005794059282836553,-0.00030612221783723277,-0.003910604537780698,-0.0018927318948007159,-0.0018118637177643956,-0.0016322029921415477
TCD,ssp126,ukesm1-0-ll,-0.06291029093539365,-0.04599031911189946,-0.15619106087783718,-0.12429497763806693,0.01546429280019137,-0.024743076518273767,-0.02990234345518063,-0.027935717549338077,-0.012270298187138054,-0.008955875396314556,-0.009783694801886584,-0.005562071765723479,-0.006163620367020995,-0.006127813572701305,-0.0032744770229155714,-0.004028915865897854,-0.0024200578405499332
TGO,ssp126,ukesm1-0-ll,-0.4003438719515678,-0.13697758218809228,-0.28700617771387327,-0.3138864182920319,-0.1923157348481464,-0.14215395374304185,-0.10270929905040777,-0.10052272685568157,-0.06394801347323689,-0.044860143298937526,-0.04405265445820038,-0.037437677752353064,-0.03128661452623209,-0.028872309906287023,-0.021860269502806735,-0.016798733200635255,-0.018322262813489948
THA,ssp126,ukesm1-0-ll,-0.07039587525975352,-0.026620024630959114,-0.02583003601180941,-0.022512024490990483,-0.03353378052786195,-0.025065404940822357,-0.021425595069899554,-0.016964849804290427,-0.026064228458787503,-0.006341406738469526,-0.030259336007389684,-0.019360411587441,-0.015946390825789768,-0.01835380035065779,-0.018528875839663957,-0.013964358940271536,-0.015278187010574347
TJK,ssp126,ukesm1-0-ll,-0.05290966759815137,-0.05044451475233995,-0.026521330207736938,-0.007046211690183439,-0.009328689981071756,-0.012846983659396568,-0.01134429073007289,-0.007593263079508947,-0.00641264946300758,-0.004548865676502653,-0.005201827869315003,-0.006771013186398383,-0.0053613668334063025,-0.0031155881143271774,-0.004351416203310632,-0.004177040530761031,-0.0038684204144264316
TKM,ssp126,ukesm1-0-ll,-0.004729362155901871,-0.003237106818962125,-0.003199406781226775,-0.0014842577934996814,-0.0018979815290431127,-0.0017286071608681793,-0.0020594496155883083,-0.0013905117458222025,-0.0014722417950567015,-0.0009430943036349126,-0.0011274058613312927,-0.0013748884978800537,-0.001407493538134733,-0.0008824960512968162,-0.0011518943199085203,-0.0011932707870567875,-0.0011541007859005008
TUR,ssp126,ukesm1-0-ll,-0.012268326821068175,-0.0029733563189276594,-0.00159102468316755,-0.001642345451660258,-0.0019064303233317433,-0.0019686681766793667,-0.001322646211823797,-0.0012498449825909842,-0.0013939352167004096,-0.002427047994395052,-0.0007950193901059431,-0.0012302726439621437,-0.0016532914773757707,-0.0015886332335604033,-0.0005982376094416272,-0.0008375104439743697,-0.0016511051148287877
TZA,ssp126,ukesm1-0-ll,-0.05686549028976858,-0.05916123958517848,-0.06645745937667707,-0.06649064485457852,-0.03510425106552305,-0.011028521526214592,-0.027089917640039214,-0.028676266902851178,-0.012003380640506375,-0.010927520927635586,-0.0044839730607338455,-0.00641915873415848,-0.003188486982726017,-0.0033427106476097575,-0.0011379242257777728,-0.0016781150925079882,-0.005329636737032619
UKR,ssp126,ukesm1-0-ll,-0.6442738535495146,-0.23592654567282625,-0.006928122184405343,-0.15451539974243184,-0.1371739365375816,-0.08355469238734943,-0.061181634580386,-0.12388158032192693,-0.04954708262167929,-0.10864246767157014,-0.04691750455227158,-0.10524920267598338,-0.06328169465616192,-0.10132350586176618,-0.03245050788924968,-0.08425269293531899,-0.07869255564668404
URY,ssp126,ukesm1-0-ll,0.006493498503153404,-0.003024529851418054,-0.01193833419563843,-0.0011611686945241495,-0.0023721337517470186,0.00012994392318092855,-0.0008043754673078243,-0.0018446539769454058,-0.0016505810160040968,-0.0031199360889665262,-0.0009299401131485702,-0.00280977420052256,-0.00250952971852343,-0.0013914727466328555,-0.001960616416597082,-0.0011731438241950342,-4.702962861819102e-05
USA,ssp126,ukesm1-0-ll,-0.03421650003031572,-0.02595569826493561,-0.0401197494993812,-0.03725128497168741,-0.06136493481583644,-0.036230081201475695,-0.03848710046772618,-0.03240279998080791,-0.024083236375811414,-0.04426950514013684,-0.025671906604706755,-0.017950784154048337,-0.029971964859273885,-0.03154665272612592,-0.03554618563307709,-0.025667011514054334,-0.02792001368067676
YEM,ssp126,ukesm1-0-ll,-0.008547770533686667,-0.0020702136501688445,-0.0014306185855105357,-0.0012429228139129178,-0.0005719068831732351,-0.000804821403601155,-0.0005254137983877537,-0.0004897322090379299,-0.0005061701217091293,-0.0003183549988057942,-0.00037033369382438535,-0.00025867955253374586,-0.0002493433380094036,-0.00019937574080761163,-0.0002719301468516112,-0.00026579641432570715,-0.00022930337364742584
ZAF,ssp126,ukesm1-0-ll,-0.02234648229147715,0.006198041859348661,-0.021632002994370264,-0.0711013348431815,-0.035459495630362395,-0.060350997498361536,-0.012107799664808567,-0.037976321425553634,-0.028252974539913607,-0.01007944124684215,-0.03007969724257191,-0.018897504834637886,-0.01313774218734404,-0.016822516310275162,-0.007422613748052961,-0.01693221924074064,-0.02081049743792678
ZMB,ssp126,ukesm1-0-ll,-0.015239175447339878,0.001012530444763707,-0.0406547137469809,-0.050097765415846776,-0.05268014194687412,-0.015367924964891677,-0.019117026876649793,-0.008966749929901171,-0.00779945356277909,-0.006191153577991862,-0.007325140030820419,-0.007631555233511199,-0.004235759059533742,-0.004045689987320428,-0.0016612978913127638,-0.0028653196143744943,-0.0029642942523212374
ZWE,ssp126,ukesm1-0-ll,-0.021725030586976918,-0.07511253161579032,-0.29239918837131884,-0.40778065264805075,-0.3532795506702131,-0.19251692719554053,-0.04917811026493003,-0.043752785613724414,-0.05161103934978703,-0.012269909364630158,-0.0328979550342405,-0.07935336974872889,-0.04550742300521015,-0.039239925847886825,-0.01745968237635755,-0.036968748149621956,-0.033409033698656845
AGO,ssp245,gfdl-esm4,-0.02677701278472259,-0.024863957204495243,-0.009470002943830687,-0.009079644431391679,-0.01345583303249996,-0.017305400151454025,-0.014039933871002205,-0.01250814967888528,-0.008214567998473766,-0.008847105951472747,-0.006164307734223948,-0.004537723304626869,-0.0036706162837983683,-0.0044527606177034084,-0.002883155964570775,-0.0033713794751918467,-0.0021899342834060488
ALB,ssp245,gfdl-esm4,-0.1074416782235981,-0.06974202032111096,-0.11711465668242618,-0.0419993556023912,-0.020479445782937086,-0.13170572056534685,-0.023127817699835396,-0.09667054943338962,-0.04353383592336902,-0.14540382791958809,-0.1319571545610386,-0.10545665871398116,-0.08242919366285917,-0.11821853736725828,-0.13240560996936707,-0.19522782434673233,-0.18585533081667538
ARG,ssp245,gfdl-esm4,-0.02949407767453358,-0.0016661545190501796,-0.0024849920964062837,-0.001079197505026154,0.0005389172125010223,-0.004065214188176465,-0.0018169729677911157,-0.0010738655651732663,-0.0010149561302956688,-0.0013873511053075795,-0.0024580063107111265,-0.0014609401137255253,-0.001090068405990284,0.000124624455452436,-0.000507115393596043,-0.00047163587586170996,-0.00036753444283400155
ARM,ssp245,gfdl-esm4,-0.0009153554821407568,-0.0007222151578733369,-0.001001658563717533,-0.0007519076750814896,-0.0010146413378986422,-0.0003499253641463476,-0.0011644803347469557,-0.0004929511011296008,-0.000734065510492705,-0.0007818333828166262,-0.00032134817484473114,-0.0013748521959840159,-0.0006690360305918578,-0.0008577762732606497,-0.0015972382436443158,-0.0003680817280836799,-0.0004769048668207704
AUS,ssp245,gfdl-esm4,0.00039016497950477533,-0.0006828226068869867,-0.0006034663462500093,-0.0009887010128367736,-0.000411986388260731,-0.0005731167236269414,-0.0004633663644834522,-0.0004857173550964126,-0.0006053015479410114,-0.0002431939467520813,-0.0002045875443184976,-0.00039054860736572645,-0.00024375126020459952,-0.00012141500667441584,-0.00035933816401477096,-0.0002909595812310182,-0.00034029528894047214
AUT,ssp245,gfdl-esm4,-0.004294442874994575,0.0004770202500659913,-0.0038096835313811504,-0.0009544820635924751,0.002244937611227713,-0.003864143468641103,-0.0007649320161212136,1.9968827008898753e-05,0.0016436363215727833,-0.0001419909825678212,-0.004890481704978661,-2.929276445930954e-05,0.00019796239311141637,0.0008472336804135125,0.0008462273939137379,-0.001201658687920998,0.00032269328277013926
AZE,ssp245,gfdl-esm4,-0.0156067112434563,-0.012038339559092111,-0.010929804473035364,-0.013325050231725085,-0.01378423086716466,-0.002768920947415766,-0.01868593840869118,-0.006622064044981221,-0.009705867719954277,-0.01004140743039765,-0.007674669234972264,-0.013180260078787896,-0.010311299900886452,-0.007388738359119082,-0.011669889694957915,-0.0054231326259226095,-0.004336998819128008
BDI,ssp245,gfdl-esm4,-0.31450519810437216,-0.115846080435648,-0.11907383275537398,-0.025057742684419116,-0.021730330516943078,-0.055650974260568704,-0.020185669146961887,-0.01406617988440264,-0.008504963582953428,-0.003849030258090573,-0.009290220304430956,-0.0031337489396528894,-0.002535590626067064,-0.006747012203250353,-0.002951299882612984,-0.0033497462346114555,-0.004264897008953948
BEL,ssp245,gfdl-esm4,-0.00016928837165202033,0.00020921316270353115,-0.00032912151151030496,7.003293021174977e-05,-0.0004486030153671567,8.343463310980502e-05,-0.0008977762232196323,0.00017673374877559924,-0.0002658370459018066,0.00013079740070937273,-0.0006371439634627084,-0.000908564143901121,-2.2019379912744764e-05,0.00014649804987985188,0.00010899540225510989,-8.299959982379123e-05,-0.00020227931966367184
BEN,ssp245,gfdl-esm4,-0.025797721655043068,-0.10763686929290339,-0.29750050715156207,-0.0915970436157121,-0.13278320598888324,-0.1285288066275306,-0.13448741931345862,-0.10435408162028721,-0.11137055030806514,-0.06865712569402331,-0.06755797959284715,-0.05270167602414573,-0.045088103562113735,-0.04888214951892574,-0.03685754327207224,-0.03319563339801892,-0.020783291061025815
BFA,ssp245,gfdl-esm4,-0.0736227568409382,-0.1689597252506424,-0.2556100868465574,-0.03727618365270123,-0.10567027144428515,-0.1481465559897806,-0.08159855902184866,-0.06703673587585578,-0.06143535751480808,-0.03337468732681682,-0.03316003352723055,-0.035074583924338994,-0.027597442158727743,-0.02837826176748826,-0.0206784607980148,-0.016618463946532446,-0.012568146488870129
BGD,ssp245,gfdl-esm4,-0.001525237731671761,-0.00285254891274878,-0.01249747956336962,-0.0005537323887322695,-0.00217129043137049,-0.003358635099961864,-0.008271768167777046,-0.007202048405980125,-0.006079267589774694,-0.006840588391694224,-0.00468379195175261,-0.003907045480020966,-0.0021314473128026218,-0.00252918226613271,-0.0007587017557412538,-0.0037347207212598114,-0.0028781188290141445
BGR,ssp245,gfdl-esm4,-0.13725396307275234,-0.059755734391998674,-0.08304907537801304,-0.0256841006856388,0.001104060954548312,-0.029537052710475485,-0.014351276696486717,-0.027189676438048604,-0.019622986707501885,-0.07106654357467727,-0.0397038420737572,-0.02922287563601027,-0.06498602934855435,-0.07984368305246227,-0.07822643156092086,-0.05270728734272812,-0.08649078771504735
BIH,ssp245,gfdl-esm4,-0.10560520643693913,-0.02555850422329844,-0.025813111278975696,-0.04512807489304402,0.002124873349648996,-0.06668727717096869,-0.009068077892180703,-0.019390392892078067,-0.0015794526766514474,-0.07320496635455055,-0.12157830977943924,-0.03818607106811966,-0.02927776918850652,-0.04387976601313517,-0.06083925059580836,-0.1321700622780077,-0.14230201120895142
BLZ,ssp245,gfdl-esm4,-0.13852019430840376,-0.19354612095477225,-0.1516024015026379,-0.02281604637665141,-0.10397028150861208,-0.041473879105128814,-0.028407111009389256,-0.09332698116361063,-0.037468336660091216,-0.04826833086369482,-0.03388193922143842,-0.020093708104203176,-0.03535496749790447,-0.04007164441930018,-0.01536008731925841,-0.02742689989016737,-0.015241674384111363
BOL,ssp245,gfdl-esm4,-0.008496243580920772,-0.019931293921542366,-0.03595989649808966,-0.023313774007301998,-0.029966249099042108,-0.03068466425621329,-0.006880189024712463,-0.024246601538669914,-0.014388346522408975,-0.007350529394770782,-0.01896821407212713,-0.017841383642763865,-0.014415826890556321,-0.010994360836010159,-0.012601309288894962,-0.011199300904066331,-0.008852845300418485
BRA,ssp245,gfdl-esm4,-0.02863396547478615,-0.025797992938151333,-0.06808260640920831,-0.02058567626902806,-0.027314125592741045,-0.03825853122315243,-0.011068223356032891,-0.029836738598012197,-0.02886424075242905,-0.02200486278442429,-0.022983447554708013,-0.03007080278539679,-0.023191887129750344,-0.027686811955033235,-0.03117218203113528,-0.03654501065085318,-0.015419213071773722
BTN,ssp245,gfdl-esm4,0.0045133496235083,-0.005165925615337332,-0.0022856215480891048,-0.002554636728453853,-0.0002956501011543466,-0.0021475812996491453,-0.0021579473518107783,-0.00011186782953686005,-0.001397666463312212,-0.0014240464209183856,-0.0007101488598459808,-0.00025215469121937263,0.00036547880391853355,-0.0004747956219548076,-9.261203653497225e-05,-0.0005943884942215292,2.8793323140576207e-05
BWA,ssp245,gfdl-esm4,-0.0009716133377010638,-0.003031021609385411,-0.004992658992334047,-0.001383354248210817,-0.001153344140145965,-0.0020309992108903676,-0.002553427520160577,-0.0016750189062093046,-0.0021536995345808113,-0.0017933992298182133,-0.0020512020725982627,-0.0016916762536831826,-0.002057809544267071,-0.0022092552659592883,-0.0028676688631843407,-0.0017667811555434957,-0.0020690846464618998
CAF,ssp245,gfdl-esm4,-0.5099734360338463,-0.40584001549530835,-0.33014733005525554,-0.15402754593397797,-0.22755164577480028,-0.11913262868080629,-0.119217410933699,-0.11206124874035825,-0.11930028378136198,-0.06769513056037156,-0.06365116836462265,-0.03667115623192005,-0.05274204367961142,-0.04379191096627519,-0.0365287450925708,-0.03618924530719236,-0.027707165141332327
CAN,ssp245,gfdl-esm4,-0.001096467609338131,-0.004134319972883909,0.0034129476120955187,0.00016240013593386404,0.0005652766937370442,-0.00023499426475851338,-0.0001954794804989083,-1.7038053733153908e-05,-0.0035289579348646355,-0.0005052398349946102,0.00028928234804030336,-0.005600266859598935,-0.005189257112222766,-0.0015221166777866775,-0.005220296904449464,-0.0019928832498655883,-0.0017714715149928072
CHE,ssp245,gfdl-esm4,0.000266674993183989,0.0001894979200121149,-0.0002657185219299872,0.0002347052477559299,0.00015898465468230062,0.0001536636296894768,-7.412773361632061e-05,0.00014278310481642752,0.0001751521996048197,6.384528877025032e-05,-0.00011207275892927532,-4.15869753732521e-05,-1.992362156807887e-05,0.0001307985620841436,5.617839368820095e-05,4.999662171856451e-06,5.1521865850837165e-05
CHL,ssp245,gfdl-esm4,-0.0022304108591602308,-0.0008912560868896313,-0.00021185955423219015,-0.0008497148311067085,0.00018602037084824608,-0.0008702601095020048,-0.0013489990067958107,-0.00014717811444190274,-0.0009491644765765668,-0.0011074896219116016,-0.0012058300753017505,-0.001230463480116402,-0.0007478385735799827,-0.0003082249649299391,-0.0008554515373488855,-0.0003934402115981715,-0.0006990342928049932
CHN,ssp245,gfdl-esm4,-0.05117670016477789,-0.03108338791719675,-0.041430587638196494,-0.023339072342789195,-0.031319972718422094,-0.0506874824254119,-0.022544513267762935,-0.028589561559898547,-0.03945091996148957,-0.023274599102279078,-0.03465489573035627,-0.012738427787138169,-0.03219454509453019,-0.044898830622139445,-0.03727830839695498,-0.03047970782685371,-0.027415479924510086
CIV,ssp245,gfdl-esm4,-0.016205057085887185,-0.04296144722969212,-0.06112087280767066,-0.03373441371826457,-0.027634156615556273,-0.030132391332054087,-0.019057218081823722,-0.016062897397561515,-0.016807738450890994,-0.009233014925063596,-0.010786784140918422,-0.01067035412398848,-0.009382024287202974,-0.009324037853358733,-0.007418227002214109,-0.006816172548831215,-0.005579745042161773
CMR,ssp245,gfdl-esm4,-0.027678031730813398,-0.10457770902781469,-0.15016066664926145,-0.02978256617930417,-0.05171437226825483,-0.04155365803878121,-0.026951121716287985,-0.02672615681695217,-0.04608347153058779,-0.02303233936300105,-0.02215354004312868,-0.016859043268746692,-0.021060163648782736,-0.02448727996484403,-0.016068260052943623,-0.017864264804382395,-0.011734936675662068
COL,ssp245,gfdl-esm4,0.002845660960321536,-0.004452067696630268,-0.004059885679055091,-0.004646567603336818,-0.004602015325439777,-0.006333786426301681,-0.004281530053564721,-0.004614041039805209,-0.007377858927647836,-0.004065347459540499,-0.0022916183470686703,-0.0048474879888085725,-0.005555735345253447,-0.004465132618032574,-0.0019782256064497907,-0.0034307754305155395,-0.0034451611378151746
CRI,ssp245,gfdl-esm4,0.00012861909749487118,-0.0013842626053394303,-0.0004655293519672747,-0.000380732642748382,-0.0004476287909589174,-0.00032356770888641146,-0.0003198727644254651,-0.0004858018435783368,-0.0007066477803672802,-0.0005004944085664645,-0.00025020633544161843,-0.0004615421796645805,-0.00047679013302234,-0.000790910641191119,-0.0002835010925406657,-0.0004236594822898023,-0.0005349243448514583
CZE,ssp245,gfdl-esm4,0.0005290908889722727,0.0008648096744725291,-0.0001635266190607556,4.74149143363641e-05,0.0008416769090428208,-0.0008956534699262715,-0.001350063595599629,0.00016545110874422226,0.0005931465559632014,0.0002799645128586173,-0.0020038739729864915,-0.00020467182896479052,0.0002122865935469096,-7.050982183755826e-05,0.0006789586977730223,-1.647169860096911e-05,1.7202998407505578e-05
DEU,ssp245,gfdl-esm4,0.00019419786919272882,0.00035214869273560666,-0.00042362454216088785,0.0005778750250728833,-0.00015133202214847805,0.00018543384401256094,-0.0017229489806361133,0.0002675144733439595,-9.66804346482304e-05,-4.1000205631723204e-05,-0.00108945229539404,-0.000983503902248221,-0.00014745173267033369,0.0003015504721093986,6.819531423964875e-05,-0.00010382417338796454,-0.00022050885970242428
DOM,ssp245,gfdl-esm4,-0.0013371017704117297,-0.001614466824313883,-0.0008512099346839087,-0.00018099452082132844,-0.0006775663430384734,-0.0008780208158078368,-0.0006192733702395998,-0.0017104222900513437,-0.0015288049666005619,-0.0016957507601695078,-0.0008928129389682665,-0.00037237101237625673,-0.0014712644255066942,-0.0012825149995538546,-0.00045297063449014746,-0.0008936808235571738,-0.0008100894393746717
ECU,ssp245,gfdl-esm4,-0.008088285736106251,-0.05045413318160957,-0.036671333770964265,-0.028748693383855963,-0.03895264906778678,-0.019178363763513777,-0.021364976524165538,-0.031763103118249376,-0.02834631971466913,-0.013293804548873443,-0.017933763839144592,-0.022047011972463358,-0.019531488414628477,-0.012155045631119132,-0.01210596176977345,-0.00986377091609425,-0.01050627388766867
EGY,ssp245,gfdl-esm4,-0.06803495638937349,-0.03205847411151846,-0.023972567028091314,-0.015533768948288493,-0.0158901655808815,-0.016788937179663,-0.011296098947078127,-0.01129508298109617,-0.00989391505634058,-0.009082394684050003,-0.008517706093255514,-0.006787364995120949,-0.0073104305706030125,-0.00597290217304689,-0.005353900065014938,-0.00480848572409785,-0.005549178484435875
ERI,ssp245,gfdl-esm4,-0.06648565892439427,-0.2144220859675203,-0.14960199266872895,-0.1731233853256256,-0.14264317341430147,-0.1100627591172174,-0.06698520358447478,-0.18349438376533242,-0.14698872776760624,-0.11009730270390157,-0.09255937671298012,-0.09098256875608271,-0.057841440913290416,-0.0757837833513901,-0.06053014937541226,-0.05925780921476596,-0.048982282125897315
ESP,ssp245,gfdl-esm4,-0.0023498459705624153,0.004004038563634961,-0.004160648675076395,-0.0033066077816774173,-0.004515993150952675,-0.005084009233982263,-0.00126588370690278,-0.007226244450200778,-0.0005979414925667571,-0.0029806659187838827,-0.006911806620803836,-0.006024314372718346,-0.004763857431505621,-0.006468167992459895,-0.005759519823293525,-0.0053615161412689785,-0.0006575040653818361
ETH,ssp245,gfdl-esm4,-0.016909173919240593,-0.045158456449103775,-0.006499450883223388,-1.3311557915130729e-05,-0.01920136529955933,-0.013378354171147114,-0.005062698621195972,-0.01079793337572055,-0.00487734296038289,-0.004344878500845972,-0.004654536970473843,-0.0020636916052168847,-0.0033904724708139237,-0.004133924237787739,-0.0029602115065300253,-0.003176603294269693,-0.0025811819238381805
FRA,ssp245,gfdl-esm4,-0.0040836348548025335,0.002166450113061299,-0.00496024673641094,-0.002202033895232332,-0.0026522945722391934,-0.00382846652246403,-0.004726587541162385,-0.0020861524060208584,-0.0012574833743751218,-0.0015711613404225503,-0.002885541022429899,-0.004152957786428343,-0.0026105448191259097,-0.0008924805247956546,-0.0028706511903874173,-0.002655793922479968,-0.00035657463740586227
GEO,ssp245,gfdl-esm4,-0.015635343176248845,-0.013710381267716589,-0.01378986134056459,-0.007904666912939638,-0.01923922699394936,-0.006066635031503972,-0.015081046258128025,-0.006407064737424655,-0.007715606855109934,-0.009895281703622577,-0.0022016674748520475,-0.018529522128303052,-0.008290746460380203,-0.009030819911216532,-0.020439778327862434,-0.004567710233977731,-0.009197512523400541
GHA,ssp245,gfdl-esm4,0.006873311915154148,-0.03093951973777523,-0.05634862580935581,-0.01979693359367151,-0.023692643112242655,-0.027008136532260012,-0.021562717477078507,-0.017582239043170907,-0.02094126502163859,-0.009241807416277862,-0.013398983130365364,-0.010980393408087657,-0.010957429352580388,-0.011942669231125842,-0.008917929617288522,-0.008975521713535365,-0.0061925510787773815
GIN,ssp245,gfdl-esm4,-0.016863163758484512,-0.04553485149831943,-0.02807030177281815,-0.02193421278186079,-0.00652550485293755,-0.014841874268941305,-0.007968414754407705,-0.006561113928972166,-0.007683828863989746,-0.005399979203022418,-0.0037807947705447366,-0.004594977382631483,-0.003515414448069808,-0.00310558287732097,-0.0030090389896680215,-0.0031434001162349693,-0.002123530724073402
GMB,ssp245,gfdl-esm4,-0.002931662447306156,-0.026280656813222537,-0.023925149687905902,-0.017789672142480114,-0.013399835067998486,-0.011969736035411965,-0.007962719073138244,-0.00976905818394869,-0.008904897455648307,-0.004849117361126532,-0.002710529829401407,-0.0028823134868051453,-0.0031179864677928076,-0.003238928202309291,-0.001221039290061865,-0.002499074619951814,-0.0016501500621034296
GNB,ssp245,gfdl-esm4,0.0006948352061260443,-0.10568732646359001,-0.10822508617497094,-0.05415916858359249,-0.05048753626384025,-0.05300946286984807,-0.03662592148591787,-0.033986777728074055,-0.04452280934671939,-0.025456278884223152,-0.009214984983299136,-0.01287691486992895,-0.01064493040661157,-0.015035208343078015,-0.007910209080991099,-0.011387413567128983,-0.008531230449453753
GRC,ssp245,gfdl-esm4,-0.027579998331535682,-0.013272076919997289,-0.017988530638303017,-0.0020452044753984404,-0.00565318134949123,-0.013946814567469178,-0.0007076183456632041,-0.010728532015499651,-0.004998592006802071,-0.01804286471235378,-0.009504882093882165,-0.006936217298738899,-0.006270137139488428,-0.009763578922012753,-0.009232833693403258,-0.010262379500129936,-0.00825830876241906
HND,ssp245,gfdl-esm4,-0.07894960731169648,-0.13174494867776507,-0.05931265147313532,-0.00961645218892833,-0.03538973394303638,-0.014405469467525675,-0.011256968254336263,-0.035144425012914135,-0.022422911147138413,-0.022679201456579517,-0.012360941772286933,-0.00990167168468027,-0.016971179744807018,-0.018095198426835612,-0.005657695254535948,-0.01144541626234206,-0.007094841379114246
HRV,ssp245,gfdl-esm4,-0.04630216576384383,-0.08834017044294315,-0.13624721422389605,-0.15887843309301092,-0.007416485766785773,-0.2609352128811764,-0.08707661756464308,-0.08903006458085191,-0.03910212715769204,-0.2332503553664099,-0.42116434949942005,-0.13384851100237488,-0.10615758100424248,-0.08942238539664535,-0.1180967774300036,-0.2650060618120574,-0.1804891556620467
HUN,ssp245,gfdl-esm4,-0.0775458792319076,-0.01230900576502425,-0.02211140105988763,-0.011942433704459613,-0.0006193556622024174,-0.017735090738026583,-0.012810150107207829,-0.0033305590013815367,-0.0036358353996168023,-0.019591690790341492,-0.029007766230145643,-0.013173814626468272,-0.009363859349635092,-0.008846061469096816,-0.008113512078488577,-0.011522432835602415,-0.011086737511577608
IDN,ssp245,gfdl-esm4,0.00921051924890485,-0.025962962082145033,-0.03623724368679,-0.026670932321204044,-0.020587467414074502,-0.012527953869171004,-0.004100174924499727,-0.022963682615832395,-0.019813903940857237,-0.008749811806154457,-0.002714885165871097,-0.01928468950700715,-0.007111071365455949,-0.015128680112379033,-0.010288720569840974,-0.009017882302996102,-0.01612610822876399
IND,ssp245,gfdl-esm4,0.016513515549104383,-0.0036475917143057313,-0.015606644035027832,-0.00028296981140095255,-0.011158342316511468,-0.002902271951427691,-0.002233807545087803,-0.009911805114465938,-0.006624281770092317,-0.002908597501798222,-0.0027278626762151236,-0.002467434575496541,-0.005532515498657182,-0.002785397964286405,-0.0033513259139693733,-0.0038199416462906715,-0.00396793925884867
IRN,ssp245,gfdl-esm4,-0.0019829065229116094,-0.0002759496728740194,-0.00023955569344580747,-0.00017249691908041183,-0.00017265177214417478,-0.00016880000644198796,-0.00022356388645770016,-0.00016618626053900118,-0.00017753707929540468,-0.00011770564560977229,-0.0001396883029011216,-0.00013913336075692845,-0.00016946471988037637,-0.00013412873891525078,-0.00011489124726643303,-9.187491216763772e-05,-9.524935760675779e-05
IRQ,ssp245,gfdl-esm4,-0.05053356987470936,-0.028396486448728886,-0.03838846195362489,-0.024467367727572194,-0.02801237183469065,-0.028488565415185536,-0.02135383370685321,-0.024105589597716935,-0.018935436807409386,-0.024547946974264084,-0.01717006408572339,-0.01820635284328012,-0.015350413837167726,-0.013119173392983702,-0.012580128346980935,-0.009471313903732553,-0.007923968999512598
ITA,ssp245,gfdl-esm4,-0.005171606942780513,0.0012492244317682767,-0.001095514804083266,-0.0017856924440512035,-0.0006576748120599443,-0.0030364984597330016,-0.0012673329190553292,-0.0019951667564481338,0.00011025853699553623,-0.0021361152208464592,-0.004409607148810719,-0.0014578107565148617,-0.0018288012377523303,-0.002028715484460009,-0.0019507690143920123,-0.0036304534843029923,-0.0010605638678180499
JAM,ssp245,gfdl-esm4,-0.000364589825991611,-0.0009741218818490107,-0.0029177152867164834,-0.001148709389893987,-0.003310567607977189,-0.001074604509274455,-0.0010974988411095346,-0.003744607916790461,-0.002213248689091476,-0.002271216685478824,-0.0022577127610636442,-0.0013384313969510052,-0.0021156920396840488,-0.002595677923291058,-0.001064848184572588,-0.002122230521951443,-0.001294246779228041
KAZ,ssp245,gfdl-esm4,-0.0026012998221389733,-0.003392775825054825,-0.0038025088715893406,-0.0019726060075423,-0.0018260952761219632,-0.0024590624738077427,-0.00272556884592637,-0.0007070569880241202,-0.003202393121977287,-0.0013994134210667556,-0.0017501909604044582,-0.00253920065462209,-0.001673789280207202,-0.0012746833785760789,-0.0028557935315217642,-0.00085458068467014,-0.002352054478311376
KEN,ssp245,gfdl-esm4,-0.04134623883087606,-0.02448293178093599,-0.026665628941511692,-0.03246064228077723,-0.0350857021955932,-0.03567451120599248,-0.020273623774032055,-0.020058160701040852,-0.013779533636004796,-0.015067167805973228,-0.01345201701030083,-0.009421570070765111,-0.008845086594412,-0.011198293414918155,-0.0042934049644105104,-0.007092997850965333,-0.006906291986234601
KGZ,ssp245,gfdl-esm4,-0.21291440753939372,-0.1380504233748026,-0.10565527533157427,-0.03383830362915723,-0.02451561780854496,-0.07307174746156854,-0.042640027134989426,-0.013336306093113256,-0.07620307698028392,-0.04031622916150497,-0.03298873760820802,-0.0281485203473649,-0.014147062888783129,-0.023927917379649017,-0.016310030494302918,-0.00605026038433547,-0.02372676672511296
KHM,ssp245,gfdl-esm4,-0.04873705928598568,0.008454107758295106,-0.05633165139039308,-0.04534744267809455,-0.00161365823333621,-0.015400981977539986,-0.03666290145023199,-0.03727389639805983,-0.0396855102515699,-0.02201846736971898,-0.02350637140731462,-0.020489209909456307,-0.01902968330651587,-0.012817448587115473,-0.02202393584727153,-0.020990034439696447,-0.01682080096033171
KOR,ssp245,gfdl-esm4,-0.00014643688534719934,-0.00015704040096171774,-7.899179603376738e-05,-0.00013368095814510181,-0.0001818584194604321,-0.00010871464500594673,-0.0001525461673120225,-0.00023814921404089517,-7.242018756259797e-05,-9.639431125097543e-05,-0.00012608682763884084,-0.00010879015033749138,-0.0001146943813555755,-0.00016331333513133807,-7.389408556728823e-05,-0.00014003478301372827,-0.00026628237721254723
LAO,ssp245,gfdl-esm4,0.008626605360544937,-0.005835681292872387,-0.01637390726256811,-0.011115436352855466,-0.0031685268899272756,-0.006572834211062744,-0.009281539939457718,-0.009328794169166056,-0.0077174406589516666,-0.009004190545986383,-0.004615811955931604,-0.00602956393237443,-0.004423055438851962,-0.004188861507820383,-0.0060796016675779725,-0.006121134121158027,-0.0053886714340916205
LKA,ssp245,gfdl-esm4,-0.0016938661066084712,-0.0028546015905203874,-0.0018356113360167483,-0.0009108477464297221,-0.0005167242010772813,-0.001681214969002761,-0.0007926725307884897,-0.00044320833872632607,-0.0017482563223578907,-0.0015934181451174386,-0.00040067301383968384,-0.00103001053286643,-0.001596342322428721,-0.000733919231861173,-0.0006729938599378777,-0.000782157645174388,-0.0007357859665174748
MAR,ssp245,gfdl-esm4,-0.000605526592737815,0.0001642380771361873,2.398849354965179e-06,1.661369786877485e-05,-1.940725688038803e-05,-7.601240500281886e-05,-2.152025441700988e-05,-0.00015820099288954876,-0.00011705386339840634,-5.887759848520409e-05,-0.000158759285841442,-0.00010800724972611796,-0.00014424068477363202,-0.00013286676006211062,-0.00012541591699244533,-0.00011447645843800286,-3.398454564175919e-06
MDA,ssp245,gfdl-esm4,-0.11198137277974915,-0.06891772737763295,-0.0201656974403453,-0.00986058457311874,0.00024351151168205086,-0.061793352460084015,-0.03466636880186831,-0.01959220163494839,-0.023333809627320637,-0.055788452281068,-0.03215499287497692,-0.010581866870229543,-0.018606782720121156,-0.03752458389188748,-0.019579492794718257,-0.020137522851099293,-0.06197108093952599
MDG,ssp245,gfdl-esm4,-0.005858865928474569,-0.006437135424691936,-0.008296979628195497,-0.003859293056204635,-0.0024400871439005894,-0.0012214154487782682,-0.002763166629420018,-0.0014941356134825106,-0.0015029522330429063,-0.0011197686200322121,-0.00045798871167281377,-0.0005086651553904601,-0.000500601497116577,-0.0005557668595279853,-0.0005504308830488525,-0.00046815426571950914,-0.00043259473136192085
MEX,ssp245,gfdl-esm4,-0.018204992736700926,-0.03838164808712688,-0.02999862905968196,-0.009694401014918247,-0.021574853509721364,-0.010585719235763354,-0.012415560157083888,-0.024993780380396968,-0.018561826835629933,-0.013329226483018463,-0.012767383740087054,-0.010166403531294103,-0.014934175686530708,-0.015492486969944055,-0.012427019773394549,-0.022222049869165515,-0.011502006435069453
MKD,ssp245,gfdl-esm4,-0.021806045099181586,-0.007152667863912447,-0.01403895144708479,-0.0021961984134656956,-0.0014437336022684612,-0.011332464949485468,0.001961726847232204,-0.00827067342283218,-0.0014813828111496512,-0.015876036031794424,-0.009296595177294557,-0.0031508127881408653,-0.004297512583771395,-0.008545956321255791,-0.010377960045433838,-0.01114630498386131,-0.012634472270476135
MLI,ssp245,gfdl-esm4,-0.07331007748042744,-0.22139480203451173,-0.27698149801676486,-0.18138401883572744,-0.10102912396700908,-0.26460575385338964,-0.1475276037935217,-0.13716974207710259,-0.11794652835664804,-0.05630021292311647,-0.05990660019024852,-0.06747807952520384,-0.053529231093595885,-0.054276848408971894,-0.04036851756722994,-0.03543727442832946,-0.022301918642054993
MOZ,ssp245,gfdl-esm4,-0.09411643050775624,-0.10145077224929548,-0.11304278848913735,-0.04079308096688321,-0.03832102305125421,-0.022636592925254394,-0.03125259119980305,-0.018683690076315262,-0.021778814759362254,-0.013663722064520554,-0.012382791212311168,-0.006974316530752648,-0.006834357999308084,-0.0077827533344996406,-0.005358768161937644,-0.004721104582812048,-0.003747731294829647
MWI,ssp245,gfdl-esm4,-0.38395940159059966,-0.15392431210107194,-0.21072735802892129,-0.07410267823507291,-0.04563983101748601,-0.0491566051522762,-0.06903542867772022,-0.026930743132880058,-0.042659249816135246,-0.02140795843895309,-0.0213572076991484,-0.010203483384346991,-0.009068034938088094,-0.009305324581776108,-0.007259579202206206,-0.007234622368529514,-0.006055381757911802
MYS,ssp245,gfdl-esm4,1.1276907633744555e-05,-6.278880692702339e-05,-0.0001436015523024547,-0.00016224639320052154,-4.044480646215961e-05,-0.00011431282653858756,-6.146035125536127e-05,-6.513404725154941e-05,-0.0001303350993510664,-6.737480296929875e-05,-5.5151844133654064e-05,-0.00010190826511226682,-0.0001054863312946166,-7.166918239458294e-05,-8.515446574312282e-05,-0.00010043072648403104,-6.86717599134985e-05
NAM,ssp245,gfdl-esm4,0.007633337562768014,-0.014700020770492688,-0.03048650759795197,-0.003998801622757765,-0.0056417296392526975,-0.016797241824212536,-0.014645598291120566,-0.00814852224488625,-0.006576480390118778,-0.008025165822328388,-0.005620693475286397,-0.0019769955322428523,-0.004886379231511385,-0.006678324622575648,-0.008191959273310906,-0.008155060262177521,-0.005522006650807746
NER,ssp245,gfdl-esm4,-0.00112997642480494,-0.002380556255417275,-0.003409808802228202,-0.0006684628662654142,-0.0015684846240347995,-0.0014999504595795015,-0.00047924474997814646,-0.0006521760380545546,-0.0006608495535643816,-0.00019454396673124642,-0.0002620523161833386,-0.00025574639155506235,-0.00016929917362482676,-0.00017836763742319988,-0.00010436982359313858,-9.611642164498374e-05,-6.84089094070382e-05
NGA,ssp245,gfdl-esm4,-0.01826044768054728,-0.0161599104795355,-0.03238486671226209,-0.008720298532170169,-0.0123907969257206,-0.013707164304729933,-0.009945174114592514,-0.007264811725706705,-0.009052036427580542,-0.005151397328783452,-0.005093465654509204,-0.004145736301305817,-0.003268520602887313,-0.003746869669415092,-0.002753465966222312,-0.0023934641865794256,-0.0017188254339959943
NIC,ssp245,gfdl-esm4,-0.04118436278622042,-0.13103710888514927,-0.06147712380557734,-0.015802031811269587,-0.03621666675360217,-0.021660934619448687,-0.013889037772277207,-0.03200933013653272,-0.028761478096686305,-0.02420201531819213,-0.01441784025270117,-0.015726770447411928,-0.02009181210285195,-0.024283794135032708,-0.006880150045735368,-0.014245594443907739,-0.013593470105324315
NLD,ssp245,gfdl-esm4,2.4373836345775165e-05,8.16635761816655e-05,-6.198309157948848e-05,5.078621408631006e-05,-0.00013804943527208184,6.367035413084034e-05,-0.00027234189678685935,6.408061063773539e-05,-7.982351558425279e-05,3.132803106375617e-05,-0.00015198565444645722,-0.000267962137867492,8.795961094719998e-06,2.7491977091162488e-05,1.7301125436794238e-05,-1.2261409896729628e-05,-7.918530334212238e-05
NPL,ssp245,gfdl-esm4,0.008157940198058997,-0.06026815636074728,-0.014797353227491778,0.013345456282332009,-0.026447490697515542,-0.04915023612703144,-0.04911157668732193,-0.0721369355892237,-0.04367307707747378,-0.02544535897327955,-0.05699098633805787,-0.01872602886378167,-0.03149827069542667,-0.013708455898370924,-0.01898039148940485,-0.032028204224861,-0.010122501644674894
NZL,ssp245,gfdl-esm4,0.0006422486950222236,-9.8032530736709e-05,0.000735374735794688,0.0005463720292449158,0.00041327231616198424,0.0006035489369231735,0.00029324409221011255,0.00015650483872438155,0.00030840205944193254,0.0004274659029970075,0.0002631804960656709,0.00014935997778749383,0.00025675704472808645,0.0002680421019983317,6.0775201046983023e-05,0.0003905740567836529,0.00029775828527606364
PAK,ssp245,gfdl-esm4,-0.036592027297847024,-0.01355823283761908,-0.008488180546120869,-0.004086367607580411,-0.01986251719989213,-0.013598705660962582,-0.008282037666365894,-0.01441207183691855,-0.012568337490236359,-0.010295404270875734,-0.0073759012033779445,-0.004367362524325181,-0.007429692150891382,-0.006738100156116634,-0.005483118039413634,-0.0044031356181886755,-0.00468012126097338
PAN,ssp245,gfdl-esm4,0.003061836550608522,-0.004553737948461625,-0.006234882127774467,-0.004240569472349109,-0.004506041620581239,-0.0032781060824950354,-0.004218391072472395,-0.0037609260332824965,-0.007986221847256657,-0.0040930130395515334,-0.0013736498314976836,-0.00555682809456642,-0.004958558758786503,-0.006689686896515729,-0.0021143758561511026,-0.005496250947134485,-0.0045195860058615586
PER,ssp245,gfdl-esm4,-0.006180648090909481,-0.015948468497804805,-0.02552634154047248,-0.005397560246760238,-0.01070348229251345,-0.004283879358026306,-0.007989189145219937,-0.006820376846271864,-0.004570022735193666,-0.0028819202275693345,-0.005472597599763201,-0.006525328612991483,-0.0032083511460848126,-0.0032772448064499835,-0.0056083236221181046,-0.0018210551502672245,-0.0036638192897939137
PHL,ssp245,gfdl-esm4,-0.007044874370729664,-0.014597505150629509,-0.030582537582529826,-0.01040399871007701,-0.01568626933997537,-0.018564550936136303,-0.014983455225465753,-0.01165547590496501,-0.016148060295082433,-0.004669199841336344,-0.006297916628450419,-0.011575086592102173,-0.015381416317731267,-0.006272875106294572,-0.013484674475113765,-0.01609840351094554,-0.007035349154536887
POL,ssp245,gfdl-esm4,0.003201089548055548,0.0016085706476801148,-0.0004046452881408019,0.0007652305494513532,0.0011905996567322793,-0.0016460066546166953,-0.013713266846173067,-0.00011479357731189146,-0.0029817684967011577,0.0019603546457211407,-0.01425015032804141,-0.007046810658756099,-0.0014588626012116408,-0.002865955291621039,0.004210705127122397,-0.0004468467190334314,0.0001731912459774136
PRT,ssp245,gfdl-esm4,-0.0024758431430361226,0.0031716460460695702,-0.006141230345605209,-0.003327928327573708,-0.002419439934078222,-0.0053398895589866335,-0.00166592452026986,-0.006871746448087117,-0.0010211273676783213,-0.001387842509818393,-0.006688221396169517,-0.006564505124458178,-0.005606930799214855,-0.005533706243327278,-0.004505933589139988,-0.003774417293965529,-0.0004610949765701296
PRY,ssp245,gfdl-esm4,-0.1953847820721345,-0.06999752065954876,-0.14785156894351675,-0.04939095628352381,-0.06352963736159982,-0.15697081988399625,-0.0036173181009877876,-0.07329564062737717,-0.03678027568720083,-0.025972105962574096,-0.0928564252929036,-0.06940744947366392,-0.036142304861538424,-0.03218503283831381,-0.05320152533101017,-0.0600224395672794,-0.032705229092992935
ROU,ssp245,gfdl-esm4,-0.0827801476252891,-0.04464020681973152,-0.0448648942763987,-0.015551252962544889,0.003717012156406916,-0.03188477726414823,-0.029508826302112934,-0.015753214322245745,-0.022182520047901506,-0.0805520678373944,-0.05538169425960593,-0.025021796677629042,-0.040829884028123035,-0.08711280093291245,-0.05002925834636963,-0.03782605422030418,-0.10276948525053112
RUS,ssp245,gfdl-esm4,-0.0013254478242720124,-0.009246060468833162,-0.006585177679132888,-0.006572835851825009,-0.004332204447541475,-0.0044097006356965205,-0.006581732233162588,-0.003325923102644176,-0.004734842026168063,-0.002154308310347152,-0.001278455846452286,-0.00486951613947797,-0.0034815467510183585,-0.0037105185775562367,-0.005696573811141224,-0.0024139776017219924,-0.0035499960060270622
RWA,ssp245,gfdl-esm4,-0.08314543144645263,-0.026100137383756654,-0.023029899376108536,-0.0005807495475302487,-0.007281374198913243,-0.020206041577505315,-0.0066246415338262485,-0.004854931923191606,-0.002235848947603855,-0.0005613187449713139,-0.0034922356485156745,-0.00014106663969584956,-0.00014181898689743258,-0.0035901174106777512,-0.0009219153267623666,-0.00038280195383233673,-0.002042219871592869
SEN,ssp245,gfdl-esm4,-0.018066258008986535,-0.09370799248473402,-0.0765456949019759,-0.060103135387593654,-0.05459723381426669,-0.059569855570464285,-0.03572663801349674,-0.04408827673608122,-0.040109924410741904,-0.023310991006797992,-0.014302706690829392,-0.01572711737209166,-0.01389773458425658,-0.01439767897173592,-0.006839008489805987,-0.010927363045180806,-0.007182537664119722
SLE,ssp245,gfdl-esm4,-0.0028952082018748686,-0.0038808772486260417,-0.004215728596421314,-0.003409940703684903,-0.0008770453375144722,-0.002577071494211978,-0.0019003120683141735,-0.001228766757472037,-0.0013821090264715522,-0.0010718822989705923,-0.0006794426827775967,-0.0009273946692418898,-0.0005098003386272266,-0.0003836014794597484,-0.0004044409227493887,-0.00045879855718087084,-0.000281108809021086
SLV,ssp245,gfdl-esm4,-0.03409900571909942,-0.24335700146928008,-0.0719333016951876,-0.03749484538409074,-0.09425798877980253,-0.0707009617825512,-0.027688998970467553,-0.11091923745980452,-0.0829397695094165,-0.06385110151659996,-0.03904202669070444,-0.04613991576464409,-0.07453680159407407,-0.10844435335813306,-0.041318364203097466,-0.06088301459385938,-0.054639919667201595
SRB,ssp245,gfdl-esm4,-0.25857986815517686,-0.06313240772638119,-0.07715459424522067,-0.057499284764512874,-0.013163120304068044,-0.08117140027649528,-0.039917620187640036,-0.034950835764317414,-0.0195949297567874,-0.14674864966112286,-0.14634555305586344,-0.07342940554974238,-0.04680421024960744,-0.10085575075025888,-0.08124603791779617,-0.11953801957930231,-0.15113854021659448
SVK,ssp245,gfdl-esm4,-0.027044065531443503,-0.0023468323319269443,-0.009160428281309727,-0.004478817750206306,0.0018961035468117006,-0.005044342125312117,-0.001679386668370857,0.0005607858839881184,0.0006492553775563694,-0.001722975610137431,-0.007611735939291179,-0.00199621573197444,-0.00044027781414219874,-0.0014717918169090017,0.0006692847453382267,-0.0012666800435903762,-0.0006068569072055551
SVN,ssp245,gfdl-esm4,-0.008901752396164843,0.0024816496149006966,-3.8419237257900825e-05,0.00019580399433612175,0.002317376299502092,-0.0008985562247002914,0.0011618350306575535,-0.00033844216513768147,0.0015019731692327606,0.00040582251013695754,-0.003382216478804946,0.00034457709785746973,0.0003078394705986263,0.0010816632395825331,0.0009395386403068179,-0.001055724149440329,0.0002995814439650203
TCD,ssp245,gfdl-esm4,-0.11601968198238224,-0.16472991034398235,-0.1344950294629806,-0.04403130955353855,-0.04626180681011588,-0.040390423077689606,-0.023710141113243172,-0.02429499963496795,-0.022146062151606923,-0.010496231480830181,-0.009610689076969907,-0.010866437278073923,-0.007407974502413483,-0.00844056505606569,-0.006083211966713074,-0.005634422923503249,-0.004104018029423152
TGO,ssp245,gfdl-esm4,0.014536362456708663,-0.11599494972117526,-0.38075288693755416,-0.09206206988374865,-0.10580875140231358,-0.13495388806406655,-0.1446092731503718,-0.09336858805969546,-0.11103476972357817,-0.06101984068879154,-0.0644403325338707,-0.0498556373631173,-0.04154658135105578,-0.04526717952399008,-0.033050063494362916,-0.03032551141647672,-0.01982196426408083
THA,ssp245,gfdl-esm4,0.0022135481517928015,-0.0019811851043479082,-0.022971723377225254,-0.019908565545233126,-0.002151123556153081,-0.005961265329792843,-0.018269137175294006,-0.01810521142672663,-0.021970346640844136,-0.01913512339581733,-0.01545675850927187,-0.013089960764691953,-0.013682486455427086,-0.014277951294879576,-0.018757814089546406,-0.0207744898217554,-0.015240313666555183
TJK,ssp245,gfdl-esm4,-0.02663681635851455,-0.04651005758795166,-0.031176588386109642,-0.013496626952700113,-0.010617593468882478,-0.009663321743061271,-0.010587531173382092,-0.0041709161344542596,-0.011067355277491222,-0.004056738330133029,-0.0054484908865014975,-0.0036451311173148196,-0.00484690330411385,-0.004361800239276936,-0.0028852535855189224,-0.001793163655404886,-0.0035410835078896388
TKM,ssp245,gfdl-esm4,-0.005151029693781037,-0.00380030375554052,-0.001204457978163763,-0.0012288547389052095,-0.001030507173679641,-0.0006038486732487402,-0.0014539457177424467,-0.0010239534106162554,-0.0013646098455276047,-0.0007511257440567303,-0.0011214442899798258,-0.0009875126642946764,-0.0012141449017585078,-0.001004718062867437,-0.0009405915239763649,-0.0007802469030629083,-0.0010105721707937944
TUR,ssp245,gfdl-esm4,-0.007837068492198881,-0.001496301049023769,-0.0018878695858008593,-0.0003175554796358049,-0.0013822367685477539,-0.0011360586347292504,-0.000729969988239798,-0.0007097616220359488,-0.0010715754858173234,-0.0017129837747092006,-0.0012357315875719328,-0.0012316545785302226,-0.0011798544287844198,-0.0009645991863318229,-0.0014090097954416927,-0.0008587849557093046,-0.0015035803304392003
TZA,ssp245,gfdl-esm4,-0.0888871248055631,-0.040162790269932434,-0.046644410252922375,-0.053207096627129934,-0.042257314086603825,-0.06246758150109295,-0.02611450343862997,-0.012961539138322747,-0.02409749841862274,-0.014468224859740374,-0.014094251569817504,-0.00936736959597405,-0.010399894047406325,-0.009530441803421927,-0.0035801926311537354,-0.007513393742873959,-0.006506078529442322
UKR,ssp245,gfdl-esm4,-0.11076814589201057,-0.18380460409496757,-0.09239073581592738,-0.09230354777591253,0.004871429836420983,-0.07400363434246887,-0.05812314758913726,-0.01513422469764715,-0.043461083644695774,-0.04682999128182626,-0.017286947699798796,-0.024665975669895878,-0.022601443763804466,-0.019206268795085808,-0.026675393415621695,-0.018507129842186887,-0.05192184152706879
URY,ssp245,gfdl-esm4,-0.027239828099483235,-0.004579292383569671,-0.0015301773029329107,0.000703895871385029,0.00034343510735304074,-0.00604593110476401,-0.00195633600380874,-0.0006595121317932262,-0.0023719230083399574,-0.0019173514543212465,-0.005248214993445484,-0.00177478767534607,-0.001216190626949058,-0.00038641804990201457,-0.0021281414421366286,-0.0005018751789893649,-0.001255135625263776
USA,ssp245,gfdl-esm4,-0.012898440716939994,-0.018698986138403748,-0.004084787291469993,-0.00973081193274363,-0.006868764992603728,-0.01004302731841894,-0.017914180001112112,0.002347791570147712,-0.015038800918873354,-0.012214709188615674,-0.0056362343793783486,-0.014488037319015988,-0.024811472049415362,-0.00652829703043258,-0.018947239247855293,-0.010400144086949033,-0.017254233744346262
YEM,ssp245,gfdl-esm4,0.0032565798578756966,-0.0010511802971575062,-0.0008485564139208388,-0.0003139885192105743,-0.0002580046251850719,-0.00017216479499941196,-9.924058226020566e-05,-0.0003582080738475031,-0.00017850757586733627,-7.421332561169595e-05,-7.826759462783662e-05,-0.0001567125427723236,2.9207977777446296e-05,-0.00017716683973291114,-7.484352888474535e-05,-0.00014150775070743344,-9.936744053115608e-05
ZAF,ssp245,gfdl-esm4,0.027987832413330735,-0.03401700049496777,-0.03947902524343545,-0.046372630982043625,-0.012808019596519823,-0.021166963889835796,-0.015801836512331562,-0.02029678298971128,-0.0308669326926032,-0.01216703297197731,-0.020161098593818767,-0.024390438471214904,-0.022486508509012113,-0.025750845508274788,-0.03015175457902947,-0.01871126649856129,-0.02203331395449715
ZMB,ssp245,gfdl-esm4,-0.04006429666624589,-0.03828693065250578,-0.053445676019737945,-0.014357347685345728,-0.019786395346228725,-0.014986075529863441,-0.01990367366326856,-0.012239244595058584,-0.013850686406807783,-0.005768153929068458,-0.005953639590371713,-0.004752389379299396,-0.0038372015873069246,-0.005524580942412404,-0.004402034426621682,-0.0029939390539200725,-0.0033657667900878624
ZWE,ssp245,gfdl-esm4,-0.1137957626439233,-0.14678156605141873,-0.32127220522572986,-0.08090957575324123,-0.08555094788268795,-0.03842907978692656,-0.17024622833631906,-0.0992673093588498,-0.0850068593326722,-0.05153222186410192,-0.05607866841182033,-0.04676318219718997,-0.02953035535415642,-0.061382080037920186,-0.043158025344204105,-0.02944776250953575,-0.031848202323955535
AGO,ssp245,ipsl-cm6a-lr,-0.02110327700875067,-0.006479934404911964,-0.004824395737833864,-0.011033732072566825,-0.014722474359130712,-0.008074134354958977,-0.007599849755295508,-0.010292335671061113,-0.0068187612700111935,-0.0064076120628261315,-0.005046639771680074,-0.005115789779086931,-0.004174133893327196,-0.0031962202413435468,-0.0026327658267763883,-0.002557723041825466,-0.0028957560830148495
ALB,ssp245,ipsl-cm6a-lr,-0.04866688619931574,0.04670811332065204,-0.11559621008977274,-0.046608574308666904,-0.15875367584488626,-0.06357556611905188,-0.18995066560542953,-0.1583099551782319,-0.16940654483158943,-0.19248502513892302,-0.17419952616709974,-0.16946871733775884,-0.12705267886595056,-0.16127141675536752,-0.19545070147982888,-0.23773047988664603,-0.23245330107879045
ARG,ssp245,ipsl-cm6a-lr,-0.023817600717188234,-0.005475252538935571,-0.006169804373193399,-0.0011349114126387471,-0.0013981341147998884,-0.0024346511291666695,-0.002043849927597946,-0.00296778611497168,-0.002919248326821402,-0.0009431195177071414,-0.0017732245619824425,-0.002008364334778634,-0.0018183247856132668,-0.001905557975776864,-0.0015505017891927284,-0.0011716492850292644,-0.0019276151462832378
ARM,ssp245,ipsl-cm6a-lr,-0.0005010357376101626,-0.0010220076684373765,-4.188349752469292e-05,-0.0009525089064217078,-0.0014000453516491965,-0.0003956888420366659,-0.0009458852948428936,-0.0016164292860802085,-0.0010180704646871488,-0.0018842783963724688,-0.001257907202796836,-0.0008356377767676704,-0.002282848944107673,-0.0014656229987302333,-0.0010683101748395509,-0.0021598965032724386,-0.0015035773320589878
AUS,ssp245,ipsl-cm6a-lr,0.00010063024477096023,-0.0008465723990579494,0.00012201360978284348,-0.00014521550716438424,-0.0009151400079917772,-0.00030658246343663506,-0.0004828369134468497,-0.0007430102341173827,-0.0002976034448433683,-4.142881170885836e-05,-0.00018999412947179263,-0.00026706287002956726,-0.00025360506363086637,-0.0005777309683825763,-0.0005956937423480785,-0.0002847170574466368,-0.00032508138042266273
AUT,ssp245,ipsl-cm6a-lr,0.00030479016123820626,0.0005646808028636456,-0.0028073498539447255,-0.000930400764202541,-0.0058785536537426545,-0.0003931087458621648,-0.01121206947459241,-0.004268265222840853,-0.0029883826049722216,-0.006884479079916559,-0.006740717114722003,-0.00799624220250459,-0.0022802697818927998,-0.0010089329418128037,-0.0033545636171879722,-0.0034789725033206285,-0.004007437811318695
AZE,ssp245,ipsl-cm6a-lr,-0.011400562897108826,-0.013569007765532425,-0.002903216914793829,-0.013721582702947138,-0.020743273357078262,-0.007133108151034718,-0.015359336147605167,-0.023022097502121128,-0.013767084718466552,-0.021099228321884378,-0.013710048067988562,-0.011583230044637008,-0.02088798207000267,-0.01710474925822012,-0.012602024096789738,-0.01599899738443033,-0.011800067848299763
BDI,ssp245,ipsl-cm6a-lr,-0.2910559492360976,-0.09044038491074845,-0.02935478924633139,-0.027686291257991807,-0.02474176769472912,-0.03531885581048001,-0.008348747399632263,-0.013684391528291318,-0.016560714225681884,-0.010451315014031837,-0.007000251831978152,-0.00204220877538886,-0.0036160139972480974,-0.0045578081882195805,-0.004716283835495248,-0.004719415544000976,-0.004442778570914809
BEL,ssp245,ipsl-cm6a-lr,-2.1531597568415948e-05,-0.000527301886927141,-0.0005439950065902332,-0.00011803122234076603,-2.6694996465270268e-05,-0.0004683042272354943,-0.00034900965627760047,-0.00015919549549335034,1.0895767282598622e-05,-0.0005388610203109521,-0.0003341103921135346,-0.0006948212444629241,4.442704960497023e-06,-1.724988531667192e-05,-0.00015474652787372833,-6.630246844830081e-05,-0.0004039871072937887
BEN,ssp245,ipsl-cm6a-lr,-0.42569659455300785,-0.2934908965768561,-0.08444793936830676,-0.09412958505937255,-0.28000168606871323,-0.17077524420578322,-0.13831714143188747,-0.16060906041286038,-0.1220346651038475,-0.08899628929426476,-0.06442050275768806,-0.07103833196073932,-0.058792167975058526,-0.05661267738217346,-0.0463824103686738,-0.038188476435615834,-0.03297677320534011
BFA,ssp245,ipsl-cm6a-lr,-0.39779429679937744,-0.10377255774158661,-0.1269081115301909,-0.10764276067862534,-0.1880347037109739,-0.05185229158463882,-0.0858265176001718,-0.08476608762287596,-0.07755719856072159,-0.047039704883879,-0.029897660636697607,-0.03536110833118228,-0.028948062018525168,-0.02706995331419787,-0.021993389364234797,-0.01917644115729613,-0.015636185874414302
BGD,ssp245,ipsl-cm6a-lr,-0.025296276337133806,-0.008448902545258739,-0.012801490820513373,-0.0010113069862252536,-0.011544308360624948,-0.010061000532760551,-0.007214253958698455,-0.012884704826199214,-0.007710806935743275,-0.009714366045512218,-0.002057064872491297,-0.00775372285958294,-0.003740287105438116,-0.008893675399105438,-0.006787370006625901,-0.005017577416939178,-0.005936416550493925
BGR,ssp245,ipsl-cm6a-lr,0.013843388908412864,0.009876212106797566,-0.09067069383724281,-0.03249807080161204,-0.08741515049921328,-0.03459137880479581,-0.1267441026525063,-0.08194654574265552,-0.06022660034786428,-0.1149839494921204,-0.09121834900299136,-0.10227705503305212,-0.08844541032798191,-0.051852917134774044,-0.11148969839221137,-0.12419590909401979,-0.11418298274708207
BIH,ssp245,ipsl-cm6a-lr,-0.053829727748105266,0.0161636223832804,-0.10414651434658127,0.0004984774960619468,-0.14652958100110178,-0.02985853826277323,-0.1621705726956262,-0.08438307632092022,-0.07298713212480082,-0.18690421110309086,-0.13564869287549244,-0.1879405038962805,-0.10218995639530827,-0.1037839861235077,-0.225520963226831,-0.2210996516027242,-0.25338809057992007
BLZ,ssp245,ipsl-cm6a-lr,-0.06765696305876225,-0.13239379486173056,-0.028292962880318667,-0.034540889902388495,-0.15526080773615206,-0.034998701587355116,-0.05744844674664339,-0.09357664196530162,-0.06208655697457438,-0.020595269314113023,-0.02524943553262456,-0.05546858344697602,-0.037380136155827456,-0.04970080720761732,-0.03951357414579927,-0.034977737012795246,-0.025574437932461894
BOL,ssp245,ipsl-cm6a-lr,0.007724510857703124,-0.05958008689350124,-0.014106533850769749,-0.02021679253592632,-0.040533272528950996,-0.02515737421617806,-0.04269232098745839,-0.029003071291541678,-0.0262474574032962,-0.009406178006268816,-0.01343591078450579,-0.014508117262395065,-0.014645110663740213,-0.018194260025244966,-0.016699600405967747,-0.011046000869063223,-0.017432462843262844
BRA,ssp245,ipsl-cm6a-lr,-0.015605540297607579,-0.04736208057997765,-0.028641084649974894,-0.0184535760951729,-0.032569098627895685,-0.024553621852042493,-0.035784684071513466,-0.03661638193942459,-0.03217649646684502,-0.03609525073476097,-0.02839310195746145,-0.034151106717918295,-0.030293678186488454,-0.03517691581610755,-0.03654034615710345,-0.026610405768654036,-0.03598414269335194
BTN,ssp245,ipsl-cm6a-lr,-0.004451709444655984,0.0006782630775171889,-0.0031922335497730574,0.0005203812559543107,-0.0021414493573701523,3.6706085715911254e-05,-0.0002743701723043668,-0.0025523826511806113,-0.0006492519451971418,-0.00037319607797057467,0.0004965342451507838,-0.00013816992856785417,0.0001308325416608743,-0.00024931086588323716,-0.00011192926051368679,-0.0004325824675699144,-0.0005908090013016544
BWA,ssp245,ipsl-cm6a-lr,-0.013603217675266194,-0.0030651026464423555,-0.004434345086868913,-0.0018715219604260656,-0.003462014119500777,-0.0026993535094053545,-0.0022432135527080625,-0.003173705734852257,-0.002041990005314939,-0.0008154462445068292,-0.0011556176154166032,-0.001965122165260597,-0.0020861535197072172,-0.002185733717160009,-0.0022717303546616603,-0.0026445520716628776,-0.002112043961678563
CAF,ssp245,ipsl-cm6a-lr,-0.4122698168331971,-0.26058723358460284,-0.08941623923096849,-0.008313480593046749,-0.23551824721302975,-0.14784442966933,-0.111332485106419,-0.10797069132631372,-0.0888898152423463,-0.027200355055444936,-0.031886053863703086,-0.03670109923315588,-0.05002806777356468,-0.050619706821912705,-0.040350434565019334,-0.028381783993706673,-0.02688647628268031
CAN,ssp245,ipsl-cm6a-lr,0.001693759132491259,-0.0007217570754778723,-0.0027061601880547562,-0.0013365846453634274,-0.009594968654837006,-0.006774080459415916,-0.005147277576801219,-0.006466084058901946,-0.0063462649304301365,0.0008270783697445628,-0.01062101535021879,-0.00331433496749905,-0.0004566708124094694,-0.001333819095538376,-0.00572686042259208,-0.00653698769181344,-0.005406236752049568
CHE,ssp245,ipsl-cm6a-lr,-0.00043351706076188865,0.0002424736136070737,-8.320558625119815e-05,7.0820303884928985e-06,5.784489490588524e-05,-9.967416024077346e-05,-0.000493404413416214,-0.0002794823366199393,5.3901047970932176e-05,-0.0003052995683248565,-0.0003376771703762402,-0.0003714941671319317,-2.584199975458056e-05,-5.4261611406559846e-06,-8.562975081528617e-05,-3.7844452452853726e-05,-0.00019139314252102302
CHL,ssp245,ipsl-cm6a-lr,-0.0022569148798108813,-0.0007000591312557195,-0.001266485164466271,-0.00149811644322426,-0.0006181948661741509,-0.0010079458348552421,-0.0009689321443044586,-0.0016184854158857224,-0.0015899296487198048,-0.00177582205869254,-0.001297327195668005,-0.0009681934923484448,-0.0014525767560478657,-0.0009523942306033902,-0.0010436738789862884,-0.0016111788542848456,-0.0013556176814407033
CHN,ssp245,ipsl-cm6a-lr,-0.024161715047539847,-0.04492745013865659,-0.03209516058033814,-0.02027699411017793,-0.03928344603424669,-0.02398256004425625,-0.036171616117369555,-0.03336208207221063,-0.04610840929445254,-0.046014711321289495,-0.03878878506425136,-0.049117908976885026,-0.03468918415176726,-0.04242257456383801,-0.044775626195816653,-0.05085181465022963,-0.04612249164557023
CIV,ssp245,ipsl-cm6a-lr,-0.07422684184937212,-0.04788671276690433,-0.03842752214572063,-0.0212797352742364,-0.04239357445542527,-0.014203550964799475,-0.02297283135272624,-0.024880822801899398,-0.016888142724330285,-0.011481051889172549,-0.007830728618129652,-0.011216188419799721,-0.00926443847627789,-0.011315014984827138,-0.00957952605796859,-0.007818061858226118,-0.00782513547307801
CMR,ssp245,ipsl-cm6a-lr,-0.10799657818260178,-0.1113633218288326,-0.05105391741730104,-0.025272437326042525,-0.1283087484051979,-0.03687679107694903,-0.03558987950404062,-0.054606401727693876,-0.036148073576947444,-0.01657228257804767,-0.011574351401963398,-0.02084334200655805,-0.020094473801307487,-0.02481011866565761,-0.020097697338054787,-0.016465303454701208,-0.013488460168696967
COL,ssp245,ipsl-cm6a-lr,-0.005929134283364132,-0.010792926823948206,-0.0012824689913059158,-0.004971069052299664,-0.011284778520424504,-0.0031622772476663286,-0.009803230022994732,-0.008867130231209035,-0.006346610954382789,-0.002372309428655777,-0.0030729442219881013,-0.005247881547066464,-0.004213055723213765,-0.008168343961322677,-0.00694008305488638,-0.005744384896147421,-0.005269105535709403
CRI,ssp245,ipsl-cm6a-lr,-0.0025040435757815054,-0.0016451265196736034,-0.0007573936965094098,-0.000862236410715872,-0.0018119095668271848,-0.000802290567592027,-0.0012615721400723106,-0.0014489137087050886,-0.0012260874863239343,-0.0009870977509409196,-0.0009318654950160134,-0.0012820309389819891,-0.001013210442338697,-0.001228183831500504,-0.0011610040753969998,-0.00110097344410674,-0.0009341124886042424
CZE,ssp245,ipsl-cm6a-lr,-0.0006069142208009438,8.097914363032496e-05,-0.0022029719941028605,0.00010647411130131097,-0.0028379434458687246,-0.0004265811697016652,-0.0045319833041882265,-0.001867045735507221,-0.0018673961481147205,-0.0035197177992904245,-0.00338353905200839,-0.004817695339883804,-0.00107219818979948,-5.731724069857752e-05,-0.0014566951754310569,-0.0017997311391274094,-0.001973747661342658
DEU,ssp245,ipsl-cm6a-lr,-0.00023992091757036373,-0.00012054732496774722,-0.001078408718439138,-0.0003626477831344634,-0.00033588811999341864,-0.0004148479274111984,-0.0014645687353534022,-0.0008277131683958926,-0.00043799554076066926,-0.0013265357028169038,-0.0010692584801700955,-0.002096883677636722,-0.00017672498448803304,-0.00016449719630435308,-0.0006294947455559256,-0.00040158238188869617,-0.0009139703222429751
DOM,ssp245,ipsl-cm6a-lr,-0.0013477402119580462,-0.0019897190836108596,-0.0010298976764577907,-0.0020218231165589915,-0.0023786116087554997,-0.0005531628732398596,-0.0016704170922982942,-0.0027340408691083184,-0.0013289504620696418,-0.0010627108336562457,-0.0016544031981141258,-0.0018208008339733596,-0.002212999556990549,-0.0021429744636385847,-0.0017097559227766182,-0.0018885658487860755,-0.0009379338036956011
ECU,ssp245,ipsl-cm6a-lr,-0.022537260939124153,-0.016145074504041065,-0.017789190807049618,-0.021405647810993692,-0.01919715520117107,-0.016279376774803483,-0.01643441604712491,-0.011201386322750952,-0.022480212414572563,-0.018174042810133798,-0.014691512945743092,-0.010402081669222801,-0.009891556191935304,-0.012398324737728486,-0.012251151740933674,-0.010345314461675002,-0.008549061249538368
EGY,ssp245,ipsl-cm6a-lr,-0.03104132687063297,-0.015021821789180698,-0.02349918987619607,-0.01913027869167007,-0.020345546627923143,-0.01567565051940687,-0.012664708077211035,-0.01323279175711759,-0.012640448166346982,-0.01071243574400349,-0.010083341955843924,-0.008633800074656686,-0.008524332427167106,-0.007669054862876008,-0.007055941965317118,-0.007203843067941438,-0.006167228686171518
ERI,ssp245,ipsl-cm6a-lr,-0.11876047179074718,-0.11433847959034496,0.05401158844096456,-0.07340939838781596,-0.0484257530115695,-0.2009549161375667,-0.14687173446790436,-0.16312169003364202,-0.11806843706423344,-0.06198114106418689,-0.030409313989226756,-0.05197671883555022,-0.07345681250352715,-0.09409490673448216,-0.0760762175237601,-0.05735573305821022,-0.054086974570384895
ESP,ssp245,ipsl-cm6a-lr,-0.007741974386495135,-0.0011307246368976198,-0.007365588982756097,-0.004352900067340539,-0.009651843432943287,-0.00872553512267177,-0.012205412343451277,-0.006569040945575116,-0.005865015232162581,-0.009505956971809053,-0.008139904474388674,-0.006828637611158816,-0.007436530850850572,-0.006885479221761466,-0.007540578730923368,-0.005968607238146576,-0.006353930674938925
ETH,ssp245,ipsl-cm6a-lr,-0.05298989033175992,-0.017603929126228542,-0.011654124669396752,-0.015598128482619841,-0.008097482554665806,-0.023443577501587265,-0.014318473116799735,-0.013411436128614456,-0.005872676105030495,-0.003377995753916255,-0.002873957056461779,-0.003844789063688182,-0.003946444578076054,-0.0053069886638434744,-0.004002077316061389,-0.0032285058140933643,-0.003571114386191158
FRA,ssp245,ipsl-cm6a-lr,-0.007618104864296537,0.00029659660875548167,-0.0050082645347475805,-0.0022345622025459967,-0.0036268470054886142,-0.006484048757730074,-0.010972595619749257,-0.004175907430620617,-0.0034983421548661613,-0.00900959302907285,-0.006873540321681062,-0.005145491112589934,-0.003675452630610693,-0.002913761412622265,-0.005543764888403273,-0.002726620631722833,-0.005153464895208658
GEO,ssp245,ipsl-cm6a-lr,-0.008230019085526397,-0.01817989579551619,-0.003177879650779644,-0.013579335221053547,-0.01920159864535542,-0.005805264985385104,-0.01314574379894395,-0.020980666646462438,-0.012245136407151478,-0.02419479739798363,-0.015586570333973657,-0.013555290537136715,-0.03169351649049743,-0.020722491014040372,-0.014714566690819539,-0.03367156780569569,-0.019734290893617158
GHA,ssp245,ipsl-cm6a-lr,-0.12420667163365515,-0.04470088150381521,-0.025914116192705547,-0.023707587979484083,-0.05838428855866967,-0.025315307098092703,-0.029514162834236513,-0.031109947518506546,-0.022427051678810716,-0.016485648903338136,-0.013651395608539098,-0.015915533697914378,-0.013753186066713528,-0.014403778035356217,-0.012192758780466955,-0.010694849279444855,-0.009761547216231313
GIN,ssp245,ipsl-cm6a-lr,-0.04541818818831501,-0.052321872319683924,-0.0048646731348761275,-0.013534506627980078,-0.015133846428090812,-0.009956703848499723,-0.01130173322574524,-0.009090814532655447,-0.0057859627979751525,-0.004418864361174673,-0.002355781894007137,-0.005477198420824062,-0.004864275552752464,-0.005205335795102376,-0.0041494981647875765,-0.003456629806334063,-0.0034550498500807107
GMB,ssp245,ipsl-cm6a-lr,-0.029194654641806442,-0.03477603545552007,-0.0060003600701802155,-0.01895658452390324,-0.022407734592548113,-0.016782784628829556,-0.012054245285574609,-0.011902291234634989,-0.008315238636971018,-0.006954064923052001,-0.004594491506643635,-0.005035349131892033,-0.0038490033552339414,-0.004065151324103231,-0.003389783230457094,-0.0027297921823312074,-0.0023855825035064924
GNB,ssp245,ipsl-cm6a-lr,-0.07984135824917257,-0.211853649103872,-0.06151756601769812,-0.11224888151538845,-0.10014786406886503,-0.08277841116971398,-0.05530363051627799,-0.060154966799313,-0.04057531858961955,-0.03487092886474853,-0.024138171774031623,-0.02589952944637619,-0.020234709805372994,-0.020144952307009138,-0.017103769213164106,-0.013944936386055401,-0.012727247530262921
GRC,ssp245,ipsl-cm6a-lr,-0.001781442707222897,0.004909041927940457,-0.01754721872289703,-0.010945688802571863,-0.022044516960623838,-0.007147116751311072,-0.02185445483342717,-0.01703286246544697,-0.017471038934335863,-0.019293959657015764,-0.015873980784911892,-0.014005484229935864,-0.013525121280275382,-0.010790320658540896,-0.012759318600620101,-0.013474263291869383,-0.011513356242962253
HND,ssp245,ipsl-cm6a-lr,-0.07008907305801741,-0.0893812513375659,-0.039271809148251284,-0.03829030367915634,-0.09123955698647805,-0.02689844050075093,-0.048575827067017394,-0.048608215199658904,-0.03140416863960097,-0.0219202517867459,-0.022783327644196553,-0.03016687071520627,-0.019546065896771624,-0.027217972888784563,-0.020327226890032014,-0.020987691137265594,-0.015525793059182016
HRV,ssp245,ipsl-cm6a-lr,-0.03115869193501091,0.02813016707028482,-0.35077129838396914,-0.018713654467398377,-0.5465124635520777,-0.12827466039515534,-0.5746292187021831,-0.2897556147213637,-0.21413874084094467,-0.5696132997859313,-0.4302570403130849,-0.572886342470325,-0.28636763283095973,-0.27042845822000483,-0.4884783473144954,-0.3988752349794457,-0.4145006507186873
HUN,ssp245,ipsl-cm6a-lr,-0.01942934842266477,0.0027750226757261086,-0.03558534032407187,-0.00405623248720052,-0.042936050619800124,-0.011068034001866098,-0.04445224757667379,-0.017780176764860406,-0.012984684117093174,-0.04073369185534841,-0.02904109219561381,-0.04117522399913234,-0.014040338747231667,-0.017480579141482974,-0.030593254556136276,-0.024376053173287584,-0.02781172832410366
IDN,ssp245,ipsl-cm6a-lr,-0.018603011595860964,-0.04062681908092304,-0.01234884848774429,-0.015286251378553219,-0.048947723522541835,-0.03121083089860195,-0.037005431032026206,-0.02872745084721592,-0.024917024368332825,-0.020402974370716517,-0.012274781403589797,-0.02330865781903715,-0.021801298778732874,-0.032838670413393785,-0.02181609636665205,-0.020731902183241557,-0.024474347129343436
IND,ssp245,ipsl-cm6a-lr,-0.01083193072409995,-0.00030930587196871366,0.005944480860548821,0.003360128125896896,-0.0122651806802579,-0.01010917463458948,-0.008435431362043798,-0.010752859705327923,-0.008892420471763873,-0.00870117765576277,-0.0023051545598811157,-0.0049934806532454315,-0.004434026339112349,-0.007945807228169753,-0.006549993611345548,-0.005022266707597328,-0.005960634780050185
IRN,ssp245,ipsl-cm6a-lr,-0.000844760712629951,-0.0001559748363330544,-0.00016090570727994005,-0.0002950874823009773,-0.0003006094925339418,-0.00018621229729378006,-0.00021625535961662925,-0.00026175478925343594,-0.00020144928327756845,-0.00022124818195563205,-0.0001692211283830885,-0.00019731056706626685,-0.00019933886927784146,-0.00018148519661400793,-0.00016650309404684556,-0.00016255773778041504,-0.00012613385234574943
IRQ,ssp245,ipsl-cm6a-lr,-0.028433351385718494,-0.01375969673486467,-0.02178409369917523,-0.035913365323026906,-0.038056204651457426,-0.02626576807608695,-0.03229573261203892,-0.02859467194869911,-0.027664925234688685,-0.02577892033285408,-0.024288079851724386,-0.01809276422262259,-0.019155023090937466,-0.016046416772004173,-0.012563663400284758,-0.012467731313168029,-0.008569210063652672
ITA,ssp245,ipsl-cm6a-lr,-0.005457723633858377,0.0003112480039863752,-0.003349763926826942,-0.0005246534938465351,-0.004782302825709583,-0.003167306267782653,-0.008172845100040313,-0.005057160120759325,-0.004343910810455465,-0.006086693629231761,-0.005486619950049958,-0.005168454213448285,-0.004360910469195444,-0.004129859381738913,-0.005204820883764105,-0.0033739892967763877,-0.00439602728447975
JAM,ssp245,ipsl-cm6a-lr,-0.0023886819701584698,-0.001351119413298497,-0.0018918736185403943,-0.0015143267856634935,-0.004146192214741877,-0.002281082726458186,-0.0027837903937830504,-0.0037615357810695162,-0.0032784493715380995,-0.0008225421275113766,-0.0015013623496291561,-0.0015107103863917458,-0.002560881584539886,-0.003907337160028502,-0.0038461939507761517,-0.0026080762022631164,-0.003337126341462837
KAZ,ssp245,ipsl-cm6a-lr,-0.0009590790501251194,-0.0028571651943286045,-0.0017268474177523755,-0.002659611598927381,-0.002185117451960398,-0.0031518172443563415,-0.0035259839649035393,-0.003934069295024678,-0.003735150417423111,-0.0037574844926857526,-0.005107033517757287,-0.005024385817723253,-0.005076548172838918,-0.0042495246807932475,-0.004224157313885308,-0.005671728578773469,-0.004902905810592539
KEN,ssp245,ipsl-cm6a-lr,-0.06226398144975096,-0.016504637916413652,-0.01680714565277781,-0.009805679439052598,-0.03098869434307038,-0.026744845864114714,-0.022658831398279237,-0.016860335462013945,-0.010931175004684048,-0.009470326335038089,-0.006442237708152925,-0.006315704225182909,-0.007511164397870483,-0.00805834281322031,-0.009427545570179876,-0.007879439003926743,-0.007517523129066619
KGZ,ssp245,ipsl-cm6a-lr,0.0036948736282912675,-0.013135132851663478,-0.14253836322807956,-0.0540248403443283,-0.01636116767879598,-0.03678006386413256,-0.027741338173546508,-0.06551782668958349,-0.04645718949177265,-0.02307411477801065,-0.058107911767067165,-0.04907293120200085,-0.052763119198460995,-0.0536216516178503,-0.030489000958951917,-0.05410660454005552,-0.022684754126035832
KHM,ssp245,ipsl-cm6a-lr,-0.11193443849690943,-0.09441874467637819,0.022965841310787084,-0.030111673056169734,-0.11063043616818889,-0.0599737968574862,-0.0570189885908308,-0.05678301259173166,-0.04978822590925492,-0.0369807022757417,-0.024557839403616673,-0.021493570702899582,-0.027270934254763658,-0.030136584620827165,-0.02191026706493511,-0.020009693688213585,-0.022838403453409564
KOR,ssp245,ipsl-cm6a-lr,-1.9546550079118868e-05,-8.628059890371099e-05,-6.157398844287497e-05,-5.49352699530137e-05,-6.68851040912285e-05,-3.316749673274716e-05,-0.0001375757008904202,-0.00014939247607603624,-0.00012395999174725253,-0.0002700284993607918,-0.00011433489827967278,-0.00015378100870048453,-9.871434849160289e-05,-0.00013042256839112612,-0.00010275765275297249,-0.00017028983008160914,-0.00011087836927548477
LAO,ssp245,ipsl-cm6a-lr,-0.0360555188041698,-0.016765151096496997,-0.005739064400333003,-0.0016139327915927352,-0.019077461600106215,-0.00827184146646583,-0.005193920004071396,-0.011766529879356828,-0.008021108541083517,-0.006591811493539043,-0.00315733556560274,-0.001366305069277984,-0.003901958565977807,-0.00594720847794848,-0.0037688082394911533,-0.0038879603641478826,-0.007799444413041476
LKA,ssp245,ipsl-cm6a-lr,-0.0034055859552386265,-0.003030567513534434,-0.00047508839707155064,-0.0008227855409305266,-0.002982847872317567,-0.0012046696500405676,-0.0013970774561060106,-0.0017638878360742348,-0.001402948281899323,-0.000782657221676014,-0.0007158790925245241,-0.0008561351961469041,-0.0012182862860507376,-0.001628222536988684,-0.0016688479807229501,-0.001607436400334528,-0.0007803891885422653
MAR,ssp245,ipsl-cm6a-lr,-0.00019250927231398782,-0.00010913060480186211,-0.00018685902575903512,-2.8232423175112516e-05,-0.00031516618513577777,-0.00013862956245096013,-0.00021123192424085893,-0.00012367670023975816,-0.00019440487738247583,-0.00018907506956104865,-0.00019577968289340695,-0.00011771750221901241,-5.9525394881858396e-05,-8.785668392323584e-05,-0.00010889110239334974,-7.045147723771202e-05,-7.532701604204633e-05
MDA,ssp245,ipsl-cm6a-lr,0.006002035387533695,0.004158798754328509,-0.11124969958529292,-0.02963517095676307,-0.15921299434742606,-0.04800423219998686,-0.1624000267755474,-0.0982522152002616,-0.07609236445691173,-0.138773727569775,-0.10396206364049687,-0.12121690832058293,-0.07082854075312178,-0.041884915307905925,-0.11281024521217989,-0.10121432145044362,-0.09234150895313584
MDG,ssp245,ipsl-cm6a-lr,-0.013037299300176625,-0.004169345276282153,-0.0015001090823110578,-0.006761624395577096,-0.0067606963395371745,-0.0012079928429774664,-0.004820071270946974,-0.0032828563099747132,-0.001806211882930228,-0.0009464949023705278,-0.001063841858987134,-0.00126392891188443,-0.000592833641613741,-0.0010794519140909361,-0.0003758791881074215,-0.0003667315780212658,-0.00042248002861558644
MEX,ssp245,ipsl-cm6a-lr,-0.025098902403026764,-0.03440981758808394,-0.006897006650351497,-0.014599089056693947,-0.029691920795792484,-0.017644871633744084,-0.023550703592989032,-0.02564085808099721,-0.021291465929705572,-0.010698150808498865,-0.013019512907590047,-0.018132196363464515,-0.013937681001943293,-0.025304511962097175,-0.023832710662491065,-0.017214469269010654,-0.020743142274375865
MKD,ssp245,ipsl-cm6a-lr,-0.004361371491117654,0.010286414476577516,-0.016894596671819934,-0.006279671419452989,-0.018337156746853153,-0.004542724476696483,-0.024855235422487857,-0.018226807996138777,-0.017562434660556774,-0.020441641860912796,-0.015986411825660695,-0.01621788143998504,-0.01190430235099353,-0.011287906804231668,-0.014459065039215934,-0.023867452426273687,-0.01701518630343776
MLI,ssp245,ipsl-cm6a-lr,-0.3962843828583245,-0.30282121453309174,-0.050468561573223034,-0.2528809819808465,-0.31390410904041394,-0.18606421651896468,-0.2047222099760674,-0.18856648527896153,-0.14052218633981853,-0.10165970991263672,-0.06425843786955959,-0.0824909088990049,-0.06386629262740628,-0.06244239645526845,-0.051072783922635374,-0.03970406832084209,-0.03478362489854251
MOZ,ssp245,ipsl-cm6a-lr,-0.21366745537350615,-0.11938441409197387,-0.03753530336313684,-0.06253273187982766,-0.08781343743070098,-0.016264480854749387,-0.03821022654587516,-0.040046796813373184,-0.02920778949037209,-0.009255540325267046,-0.008962486031809295,-0.011276805512561985,-0.007777585639007545,-0.01375642793794503,-0.008870000450846634,-0.005953373502393123,-0.005336009285694487
MWI,ssp245,ipsl-cm6a-lr,-0.5375281184089751,-0.25769574271596346,-0.10135746739187942,-0.08734719597701227,-0.1580809883029849,-0.055874384125361665,-0.07215710057497463,-0.08330127138316505,-0.04823493843886826,-0.01553005142178691,-0.019398114617449825,-0.021388898388780993,-0.011169939227259404,-0.023076182008494917,-0.012474025315586276,-0.010178801858092947,-0.008378336479232607
MYS,ssp245,ipsl-cm6a-lr,-0.00012746880084501646,-0.00012301873535135188,-4.37294470706021e-05,-6.506886909459544e-05,-0.00020841480849956238,-4.3154739958160724e-05,-0.0001299920673538248,-0.0001067006328919892,-0.0001260748042763269,-9.561087099826105e-05,-0.00010158049021893954,-0.0001072231096397722,-6.9217383842143e-05,-0.00010238209565901883,-0.00010774964250894098,-9.829728458990802e-05,-6.593899575852843e-05
NAM,ssp245,ipsl-cm6a-lr,-0.01129248170228323,-0.011464509751001202,-0.0036965876317507553,-0.0103501505537541,-0.01832659065123548,-0.004041757582233585,-0.008558329314026968,-0.01270237636216218,-0.0051116982127883456,-0.004413099996787249,-0.002273640543801185,-0.003956623448076017,-0.004395387808676624,-0.008474115524013476,-0.009435754826286455,-0.006505739029337695,-0.006217855662019833
NER,ssp245,ipsl-cm6a-lr,-0.003176828286282981,-0.002175371698620065,-0.00024458937997385585,-0.0013079716805044596,-0.0011172598697940103,-0.0003322274498288768,-0.0010022945150548852,-0.0006950399078350744,-0.0006383363645946909,-0.00033146054555646383,-0.0001574209382739616,-0.00015624832819377654,-0.00016442304333487865,-0.00015745052514260906,-9.67222235761103e-05,-8.459161380052293e-05,-6.600030751035159e-05
NGA,ssp245,ipsl-cm6a-lr,-0.055581192499126415,-0.022350390193562053,-0.01769498407456677,-0.008988465134703192,-0.026927430273940896,-0.010229599131062443,-0.011171914483725428,-0.012197563211465472,-0.00963068893082984,-0.005293017033653637,-0.0036621257293057647,-0.004623339929163294,-0.0041880160540385646,-0.0042194484007129765,-0.00333311976004892,-0.0026097460355904265,-0.0022762975146158595
NIC,ssp245,ipsl-cm6a-lr,-0.05747182741840031,-0.09607399211956234,-0.04111911219203881,-0.040888358820932086,-0.10336798692980621,-0.030414570187271384,-0.06050569164463028,-0.06494151407667378,-0.04114744744797385,-0.03035732232368846,-0.025575379353227706,-0.04040919555823022,-0.027251871475430872,-0.03558349073194807,-0.028341655946577345,-0.029800578030369423,-0.019637518586966468
NLD,ssp245,ipsl-cm6a-lr,-2.522337755681769e-05,-0.00019084214025168232,-0.00021014179668559792,-4.355995883438192e-05,-1.596120922329242e-05,-0.0001101000835846046,-5.542722995208874e-05,-3.375503165855414e-05,-1.1350464604133886e-06,-0.00011213349731804852,-0.00012353794682705015,-0.00022448453984579635,2.7785699988128722e-05,1.5252972167593727e-05,-5.198606393512255e-05,-6.988262170541104e-06,-0.00011064041358810118
NPL,ssp245,ipsl-cm6a-lr,-0.1518488960198523,-0.0016464175180654465,-0.02295202086236344,0.00532988922078795,-0.1258010236365999,-0.057111823181375795,-0.04440516837645326,-0.1074659834994869,-0.053288449394689276,-0.07010551864404117,-0.023562230893292933,-0.04319848588983478,-0.023489262428093145,-0.05033540181145678,-0.029099088867835972,-0.026792028381269643,-0.02655166034092777
NZL,ssp245,ipsl-cm6a-lr,-0.0002712956767567218,-0.00014330146905250357,0.00013097916030050926,0.0007692730819667948,0.0004395974374858354,0.00018470887993230829,0.0002522448847340607,9.00217637216042e-05,0.00039083466214098284,0.00021290939153078376,2.5995121000046955e-05,0.00023952244799462018,3.4500275515519936e-05,0.00013584396234732693,2.5480273092658626e-07,0.00017977011464473475,-4.206141782686311e-05
PAK,ssp245,ipsl-cm6a-lr,-0.05112520549133804,-0.03805063950499639,-0.009201773452432503,-0.02368598467353968,-0.026856913065524544,-0.01701921860274454,-0.011438332096730416,-0.015168052522633351,-0.020788190325840027,-0.014572530510380877,-0.010679623735900833,-0.012104176146960702,-0.00690318373624477,-0.01137244448763551,-0.008000749773335309,-0.005484221953055968,-0.005047689860938653
PAN,ssp245,ipsl-cm6a-lr,-0.019139089069230744,-0.014555794462111749,-0.0027991259312279484,-0.004661269433068164,-0.011668303087827812,-0.004869215983430567,-0.006243014486237689,-0.008685581354748676,-0.00733798734459633,-0.004838352802553065,-0.005538094251093646,-0.007756494114393322,-0.0054336482861388515,-0.009133819286173243,-0.009592125119007453,-0.008130449010132882,-0.007318865611788499
PER,ssp245,ipsl-cm6a-lr,-0.002803341878815143,0.000718552124867514,-0.004138926597925122,-0.0062837153904867675,-0.005765739376933679,-0.0013359446050859483,-0.0024842284296712753,-0.002611109656729955,-0.004874765556441429,-0.0037213794871831084,-0.0033693403048855445,-0.0009229926306052647,-0.0032077607155620727,-0.0028079657103520115,-0.002920371211874209,-0.0027080806974709424,-0.002040474552240985
PHL,ssp245,ipsl-cm6a-lr,-0.004962220342945947,-0.021411515282524538,-0.012401206615145809,-0.021566790052706585,-0.037317519882102995,-0.013225826429389957,-0.018378484799024836,-0.01904469850159485,-0.024384718408754263,-0.014065388963704881,-0.01287476077221284,-0.008356107329537494,-0.01232228805434492,-0.015749711151011966,-0.01572816431656741,-0.009293748064054126,-0.013354639064744087
POL,ssp245,ipsl-cm6a-lr,-0.003274412677800798,-0.0029262805195873006,-0.014675942190504849,0.00038451956089693415,-0.015332910492702427,-0.0026368619741567456,-0.015347525780704172,-0.007929353929334413,-0.008301203088281035,-0.01899945946880928,-0.020590268883424294,-0.029690677432670745,-0.006625425880992654,-0.0018966070695262197,-0.01016656005468892,-0.010455101484733048,-0.01590762737469751
PRT,ssp245,ipsl-cm6a-lr,-0.005045578106692197,2.0319757666713585e-06,-0.005189022903992094,-0.004309428527954656,-0.006952851078957877,-0.009486965661950583,-0.012384276968084284,-0.004700854246714109,-0.0038257104500537993,-0.008452517274292942,-0.009989468216347665,-0.006213362553997391,-0.006339636055981664,-0.0076069274040237705,-0.008992637782118281,-0.0034610157212003434,-0.0071000261086327735
PRY,ssp245,ipsl-cm6a-lr,0.04605618895434259,-0.06909442704870526,-0.09711604582431853,-0.10319625403844147,-0.1612939272837223,-0.12266663504880827,-0.11805148936820382,-0.09921744413072431,-0.08017624540831983,-0.10118737076053604,-0.0709258833487851,-0.05958156679059032,-0.08031188395824564,-0.049649799543742434,-0.07710579885565946,-0.04262927691819455,-0.07442450070292564
ROU,ssp245,ipsl-cm6a-lr,0.01019280806276978,0.008301815582083835,-0.06988389542544364,-0.00520258942881544,-0.09851029191172811,-0.03838232489131391,-0.133196725047488,-0.06757035438724479,-0.062010275532016185,-0.1500906198615603,-0.10198340304476258,-0.12006171791486957,-0.08652464526924722,-0.05913742613135432,-0.1413740114228165,-0.13864046883181033,-0.1468729499528052
RUS,ssp245,ipsl-cm6a-lr,-0.005178110365272027,-0.009591260308864636,-0.002679070980999788,-0.005282687898396236,-0.006539175954917507,-0.005867201932135329,-0.009865308096394288,-0.007906923089380546,-0.006679191176596561,-0.009219334204349953,-0.00678643983708027,-0.006792527610170206,-0.007812258202121055,-0.007477105185802314,-0.007039342992713784,-0.007695218234914066,-0.00820273122539992
RWA,ssp245,ipsl-cm6a-lr,-0.0673807176064307,-0.019673147107647244,-0.006922085820049521,-0.006974055540189494,-0.012110683499380553,-0.01846590368544248,-0.005911830123721677,-0.0030745912303458247,-0.005026834632930178,-0.003016768681333347,-0.0027514401854505702,-0.00013746615038994387,-0.0008796861949310556,-0.0019546344305635295,-0.0023434592132491085,-0.0027772871653481764,-0.0021074047325793815
SEN,ssp245,ipsl-cm6a-lr,-0.08103178980439213,-0.10514370985663635,-0.02282862592256564,-0.0672817065499349,-0.08305843365971728,-0.06982774966363234,-0.05255966619359845,-0.054098834573346424,-0.03632282558056984,-0.03200647057883784,-0.02156211376986497,-0.022908177169153783,-0.017781923382607697,-0.01766079395254154,-0.014422111603956284,-0.011621258057403319,-0.010160414252898342
SLE,ssp245,ipsl-cm6a-lr,-0.007738000962955585,-0.0052295326686226,-0.0007063979668948243,-0.0033980383991337746,-0.0017057992600372864,-0.0016502579518989314,-0.002368142937475574,-0.0014052118188640106,-0.001244171149965279,-0.0006084626136957029,-0.00038944483760001785,-0.0008593371098138116,-0.0008986039073826438,-0.0008636354658083924,-0.0006386841608096492,-0.00046171192943164104,-0.00047730339160279874
SLV,ssp245,ipsl-cm6a-lr,-0.14628237501848196,-0.23157433525595778,-0.11241177553054534,-0.11120190879790477,-0.23611199670491137,-0.08936248544325927,-0.14789766156444512,-0.15897345457833018,-0.12096518890120228,-0.10810910095373108,-0.0991614313170262,-0.12970174837217013,-0.10113622922142199,-0.1387051852779435,-0.12515434759359445,-0.12442017146028553,-0.1081943834304172
SRB,ssp245,ipsl-cm6a-lr,-0.048490548042115035,0.035841192039274904,-0.18560988580961674,-0.023147916655712933,-0.20519530781656978,-0.06875632347024285,-0.2905228180919944,-0.16299226828438712,-0.10687637735202517,-0.2821078120772098,-0.20122766701079395,-0.2579221788594678,-0.12666675371521652,-0.12262442105937425,-0.21616753731136867,-0.23946857186000017,-0.22698539377091473
SVK,ssp245,ipsl-cm6a-lr,-0.006366048209273539,0.0005563959429749599,-0.01095987443267909,-0.0022178692917235857,-0.014061940683240043,-0.003142630868120986,-0.013895414811168193,-0.004363697052127653,-0.0038240888534555317,-0.013403602737211275,-0.009905816711375935,-0.014955105122793431,-0.004750914343969314,-0.0032057236417750708,-0.009217051503471775,-0.00678658874376236,-0.009157666591268293
SVN,ssp245,ipsl-cm6a-lr,-0.006958355222551736,0.0011685153026231507,-0.0011316058184477101,0.0004696534733825925,-0.004196766491541107,-0.00040407611249881556,-0.007608261665880775,-0.002676873179591074,-0.0003966922626684984,-0.0038239738665754165,-0.005499712513426877,-0.005031947827634689,-0.0021575366383000346,-0.0017020178880598467,-0.0022787136296186657,-0.001938939969180318,-0.0027355288934436967
TCD,ssp245,ipsl-cm6a-lr,-0.14135630620146403,-0.1343408010871643,-0.024516971069829224,-0.049356285131268496,-0.07197558949081713,-0.025843849708421185,-0.03981393085719114,-0.026305555341936203,-0.02623129720701834,-0.010309648780028055,-0.007211919553646833,-0.008001100452229161,-0.008659004961520417,-0.00948937627654536,-0.006169650551253553,-0.0049081549686083425,-0.004836226867398733
TGO,ssp245,ipsl-cm6a-lr,-0.44596759045177825,-0.3413759255068476,-0.12562102726995722,-0.10745185416788425,-0.3184628483992433,-0.18306360187592616,-0.14719129716700957,-0.16455711295900255,-0.11720742659975855,-0.0876009842221832,-0.06375501155033751,-0.06865350500473581,-0.055492386838854914,-0.052916031572850374,-0.04264989300454315,-0.03530308056948433,-0.03036127952602414
THA,ssp245,ipsl-cm6a-lr,-0.03880481763366174,-0.023629006020423206,0.004729064669320991,-0.0073865140926727794,-0.0355931434756727,-0.021780299740887077,-0.023145329121172335,-0.027110079575027944,-0.02577894616339289,-0.019505337489620616,-0.013657174964874988,-0.014541411554002997,-0.018046829950790523,-0.024547842038743002,-0.017544900917813754,-0.016317837477711573,-0.021356173202508946
TJK,ssp245,ipsl-cm6a-lr,-0.005627928384174111,-0.014371936148490963,-0.03137544927127021,-0.02759674979010389,-0.005762561348413412,-0.008642832050758734,-0.010193310619512622,-0.012435263543489599,-0.006917402500608256,-0.005250091601973388,-0.008227578264973149,-0.007548828145462389,-0.00736135633496105,-0.006655628427528717,-0.005259303276281051,-0.005956010882151739,-0.003987734805412516
TKM,ssp245,ipsl-cm6a-lr,-0.0024794875813167225,-0.002387224627446835,-0.0013536403305770195,-0.0025795271139197945,-0.0011002559270411666,-0.0012580657788250548,-0.0010833725206440365,-0.0013883246736689898,-0.001117919474594326,-0.0009410421675661683,-0.0011840879488148341,-0.0013978041977607669,-0.0012874061065332849,-0.0012379179263320062,-0.0012465967324234311,-0.0011795007897788927,-0.0010163222666007814
TUR,ssp245,ipsl-cm6a-lr,-0.0006272452170347474,-0.00042860942029338217,-0.0017817508575504334,-0.0017687580413658292,-0.0018170498361218354,-0.0006992820681668849,-0.001929332632051693,-0.0021376122805482917,-0.0019923467516244726,-0.002516596255552004,-0.0020117613340570857,-0.0018686304402765104,-0.0024179559425337818,-0.0013995691615670816,-0.001875458362844658,-0.0025147900649025987,-0.0014198174916361266
TZA,ssp245,ipsl-cm6a-lr,-0.0761586652004665,-0.11342059103725181,0.013691552793192816,-0.027661992288864498,-0.057959425817526326,-0.02144741987563586,-0.01950634880258033,-0.029607909209926037,-0.02240924697709362,-0.009164790141469807,-0.004621397404412667,-0.008730330742990436,-0.006879343817481866,-0.008951447696325932,-0.006781009347819705,-0.006388386085529162,-0.007541931020503425
UKR,ssp245,ipsl-cm6a-lr,-0.10242978485454256,-0.04899157093566887,-0.10211178458081668,-0.025560833109035445,-0.20324646433023058,-0.0853266405781013,-0.2060742764260417,-0.11804605401107425,-0.07090804725051773,-0.18846303916245538,-0.11183936840961087,-0.14667372402937412,-0.0911506462337518,-0.06457605836111713,-0.11543295286617809,-0.10133503649824992,-0.09820900159188391
URY,ssp245,ipsl-cm6a-lr,-0.008966028423573032,-0.0021720635610499145,-0.005778986569177345,-0.00116078582230775,-0.0015150493888785508,-0.002642192090603304,-0.0028277371012095324,-0.00464635506935265,-0.004071100996225621,-0.0006625724489604558,-0.0025858242839367383,-0.003593331468887951,-0.0029161920280746834,-0.003337420157903872,-0.0030373354944736117,-0.0019322687472883354,-0.004436544938990784
USA,ssp245,ipsl-cm6a-lr,-0.012050164924875224,-0.0034956434825725905,-0.022883510886238752,-0.01570946920074106,-0.014673427583652112,-0.02073938189888029,-0.013705047716971048,-0.007945660201475475,-0.012965718369171325,-0.015697728404532832,-0.04010440278323605,-0.01812103421409539,-0.019107723083236695,-0.007971276068264631,-0.026907231796630945,-0.03264859439821159,-0.0247588747028872
YEM,ssp245,ipsl-cm6a-lr,-0.005364189975523955,-0.0013940701276439421,0.000575281147921504,-0.000622604205415817,-0.0007351757740171788,-0.0006780446510846976,-0.0005980002424638227,-0.0004639596770563806,-0.0003128443111096916,-0.00017742422273797314,-0.0001998091191569647,-0.00011348635968881858,-0.00016966935771714242,-0.00025595040540957675,-0.0002226986688033044,-0.00016997363119430146,-0.00018482626045406068
ZAF,ssp245,ipsl-cm6a-lr,-0.08228006444475106,-0.049078231923479536,-0.04751558145748043,-0.022664235088216505,-0.06349536085024197,-0.03797415355169298,-0.017805944295791156,-0.028676941889939866,-0.01903810204293883,-0.010275092282201978,-0.020159899460778574,-0.021188376725859354,-0.02145443797304236,-0.02361986661059334,-0.01940237843950034,-0.021387458741398142,-0.01931503122739936
ZMB,ssp245,ipsl-cm6a-lr,-0.06981311476525554,-0.06634905754170517,-0.021987663099851052,-0.02986147831331189,-0.042273904177314074,-0.01140981924532724,-0.018978232065124858,-0.026233179377287766,-0.014455502099867613,-0.004694434687828341,-0.004122812277210602,-0.005049604868951965,-0.004289597993878314,-0.008557237640086677,-0.0056324983241890884,-0.003287717893236333,-0.0035863547186386893
ZWE,ssp245,ipsl-cm6a-lr,-0.34423404299100285,-0.10930567934218091,-0.13071732301644282,-0.15005405246374462,-0.2240147890093422,-0.09339903900866836,-0.142503943388042,-0.14714971231948765,-0.13570004996580562,-0.03881068342779169,-0.030004766507269912,-0.04931887027986179,-0.05613892457879642,-0.07171649819125032,-0.05574497055366447,-0.03964912664250612,-0.0375912057825318
AGO,ssp245,mpi-esm1-2-hr,-0.008852093233313745,-0.010006729289507221,-0.0003193678778394732,-0.002281395088892844,-0.003828073188505646,-0.002891864050027,-0.002082457302814305,-0.005396498407479454,-0.003755829918746149,-0.0021531583195391747,-0.0017219485710783865,-0.0040867017018047635,-0.0031041587655536614,-0.0028871579926886375,-0.0024124739894970265,-0.0018512854515737851,-0.0014707933977648948
ALB,ssp245,mpi-esm1-2-hr,-0.20860242018432348,-0.1863968982997419,-0.09956832329125861,-0.08121006017382633,-0.12914200830699768,-0.22565244071882087,-0.2153539530848844,-0.056361581404841585,-0.19685262350426064,-0.18307859735689128,-0.07597119718937975,-0.047358012257440366,-0.24260409403077066,-0.36436440463517705,-0.16031910005753808,-0.23884977021429413,-0.20687106729240387
ARG,ssp245,mpi-esm1-2-hr,0.00484130310330511,-0.005024430710412365,-0.000883049878157898,-0.004487495922046749,-9.078174166922667e-05,-0.0029708600027241517,-0.001029289741994808,-0.0015568561384068614,-0.0008228489622820214,-0.00117203592492418,-0.0019995191887649025,-0.0015848492093434303,-0.002755348562384959,-0.0008085664595693736,-0.0018433081452322983,-0.0005137878585258688,0.0001782046997515475
ARM,ssp245,mpi-esm1-2-hr,-0.0011700203279571856,-0.00043994364869432697,-0.0002572761602392283,-0.0006449465924089939,2.2557150078628582e-05,-0.0009888855500237842,-0.0012540296692008155,-0.0007040736783290586,-0.001047028245057526,-0.0010052367721523168,-0.0014526964053007665,-0.001072681142249693,-0.0007439571887300021,-0.0007714597173285899,-0.000975565344137417,-0.0007487106168367471,-0.00035638735309843027
AUS,ssp245,mpi-esm1-2-hr,-0.00016308273673979343,-0.0008376640970362049,-0.00021296106160251105,-0.00015560826109752905,-0.00036024456142725594,-0.0003986669191299943,-0.00036036820158861707,-4.775603412274776e-05,-0.0006262089958824528,-0.00031080156242682954,-0.00022917479203600683,-0.0003680961229702449,-0.0003667116527112913,-0.00012391399891800744,-0.00023833062031294698,-8.611230692294336e-05,-4.123076297137464e-05
AUT,ssp245,mpi-esm1-2-hr,-0.005078030939494899,-0.007540100472601613,0.0014418240970651656,-0.00024286101332049415,-0.008566034901781188,-0.0037214892637248216,-0.004650310543857047,0.00045268197090302277,-0.007546392652409742,-0.007848730104591752,-0.002729129362492094,0.0012437547843571033,-0.004362440392961533,-0.009164844721570687,-0.0028431926393954698,-0.0034029758212176125,-0.004085405076304098
AZE,ssp245,mpi-esm1-2-hr,-0.01305808383315378,-0.00645832001642322,-0.003867758663600955,-0.00983546396594967,-0.000491646542861892,-0.011832772157560184,-0.019695708879536082,-0.011063912544684749,-0.011958175103562224,-0.01293085603550986,-0.013836719388489268,-0.011786410257124147,-0.009108598977534313,-0.007165377094553968,-0.01116112963949885,-0.005759082330666093,-0.003844335888120127
BDI,ssp245,mpi-esm1-2-hr,-0.053791319468963365,-0.022421055229280194,-0.1231878242600415,0.004712985693415754,-0.020233379389375066,-0.01034777502357809,-0.019567958602378584,-0.007037622305033297,-0.0029718867270590752,-0.009092932053389305,-0.006977193900821853,-0.006120030879384425,-0.004008784079234716,-0.004399475038246022,-0.006110430961181097,-0.006252790857434738,-0.002957866100582184
BEL,ssp245,mpi-esm1-2-hr,0.00018227707985040431,-0.0015595233081688517,0.0004301658345745013,0.00033009778277794837,-0.0011784838964515336,-0.000534887078740057,0.0001546574347312778,-0.0005647870137343599,-0.0005872440311219617,-0.0003538334385579754,-0.0005778487706683107,5.501634037834005e-05,-0.0008194728071775735,-0.0007074208869525015,7.787483400800784e-05,-0.0005122962101725873,-0.000788181561279973
BEN,ssp245,mpi-esm1-2-hr,0.004673605573563163,-0.16536664037239038,-0.04411690860984097,0.00297636724323382,-0.006211803885805402,-0.13371427638426733,-0.08025067736937909,-0.11527467508086976,-0.08629821115104151,-0.08720389658108785,-0.061747050512581766,-0.06081839612137681,-0.04129489939753831,-0.03521533127734333,-0.02729183413542051,-0.029489480469498792,-0.021170328629508815
BFA,ssp245,mpi-esm1-2-hr,-0.02188072696812031,-0.2749365734335116,-0.07705055671644825,-0.013063388654850502,-0.08159866387283436,-0.06158085026097803,-0.029678344278250127,-0.052416800929543976,-0.05876941801353289,-0.03985933397290113,-0.026506367879072068,-0.036517002092271246,-0.015090263624312948,-0.020082513026509673,-0.016374192239396092,-0.010637215782753326,-0.012141186799023053
BGD,ssp245,mpi-esm1-2-hr,-0.0022945900055843004,0.005897937938758371,-0.005589810579850908,-0.004091278200567513,-0.004764486091316076,0.0007138416924046958,-0.0028292927254358535,-0.0003084784419556863,-0.0033132447627514192,-0.006032686536762568,-0.0007857131900523742,-0.005642618496092172,-0.0038409511274704955,-0.002591126628560695,-0.003182505996863179,-0.0019275507163037241,5.8055385026779494e-05
BGR,ssp245,mpi-esm1-2-hr,-0.16549060525599674,-0.13451582918288604,-0.0361921440375201,-0.07568939554629456,-0.08533610854154397,-0.10347681955903286,-0.10712004634602197,-0.013619435689341194,-0.06105016214395551,-0.08968991854981323,-0.07121902739562018,-0.02134216488524512,-0.11872186310261217,-0.17902233940029616,-0.11127522195977235,-0.09217483102284707,-0.05333118575009631
BIH,ssp245,mpi-esm1-2-hr,-0.20483700820731307,-0.15544301818594206,-0.049964968083806,-0.03078636903288726,-0.10829958341777178,-0.10238544916554554,-0.10302154365231823,-0.007749082302022309,-0.10277182023383567,-0.0939465308804334,-0.0419579580144801,0.0038442314255851366,-0.12950627566660544,-0.33948082403473834,-0.12898140236041875,-0.22394588817313188,-0.19316518827013762
BLZ,ssp245,mpi-esm1-2-hr,0.006623688823507769,-0.09757966789529189,-0.0357016564728729,-0.10114810081995729,-0.08821958592606044,0.006329155031787677,-0.03826725820916251,-0.025286381514864866,-0.032616860652443194,-0.02003996521805313,-0.021629439352810507,-0.02418661232340194,-0.03741118302593278,-0.028435075578515333,-0.02670761327848866,-0.005800753934363794,-0.016598729769586967
BOL,ssp245,mpi-esm1-2-hr,-0.028890696431384956,-0.0839356395043619,-0.028926049084281518,-0.010047629668906906,-0.04168893580826189,-0.018994605457445666,-0.026485808331008494,-0.004850118116032648,-0.009062554079222592,-0.02482348218721406,-0.010058921921546901,-0.022263381747340338,-0.007491807136638409,-0.009866753132391638,-0.007962762906649977,-0.006803021572136894,-0.007593994144992009
BRA,ssp245,mpi-esm1-2-hr,-0.02260748894250994,-0.053210732102284226,-0.04660132043199582,-0.008543928614278674,-0.024732368330270794,-0.019030985561448232,-0.02512681751536334,-0.0213397475077036,-0.01940716108144319,-0.023981099247563097,-0.0258164080396904,-0.029216602438841496,-0.01568369421834387,-0.02682277393385426,-0.020575156650098993,-0.015629034020615773,-0.014482638450927192
BTN,ssp245,mpi-esm1-2-hr,0.001021157323590494,0.0023324064358686684,-0.000782143807890352,-0.0005208462654437009,-0.0030495079526543104,9.306168711782588e-05,3.301965971468429e-05,-0.00013645749926033382,0.0006758155311383492,-0.0009939025667423521,0.0002086218812712985,-0.001559219411528819,-0.0003214692950190688,0.00022059022863833938,-0.0008889337545054677,-3.820409229380349e-05,0.00014981233487311023
BWA,ssp245,mpi-esm1-2-hr,-0.005004773922698625,0.0002168367213874654,-0.0028782433707331256,-0.0023025235271788716,0.0002422244865900145,-4.080568186138837e-05,-0.003125239206613409,-0.0015883466248278995,-0.0004845850354482274,-0.0004326431782576831,-0.0025456689659077328,-0.0005458178802603313,-0.0017156183842961623,-0.0009462271175881975,-0.0016995986644962329,-0.0010305299216863296,-0.0009624274207031536
CAF,ssp245,mpi-esm1-2-hr,-0.3408500637901445,-0.5688182334965793,-0.18339755912751307,-0.002208734082942668,-0.0313087816021,-0.05730211216627008,-0.05375982668361986,-0.07722552751200001,-0.07034514243598909,-0.08116058652564322,-0.0474507090747527,-0.0565555002058163,-0.03027375521429509,-0.02311384467778703,-0.03313968605897745,-0.029640102977797275,-0.022412392685955917
CAN,ssp245,mpi-esm1-2-hr,0.0029172244382221937,0.0020620536962472928,-0.0014312038964288982,-0.0058352429478298554,-0.008185164434723356,-0.0018915053334964264,-0.0028421497889007472,-0.0022911159584648316,-0.004170664788607855,-0.0023182487607792354,-0.0015465891218227786,-0.0017708753829949015,-0.0013794711035662647,-0.0011534762542286397,0.0009368559575146518,-0.0018084920257280968,-0.0005886040090642472
CHE,ssp245,mpi-esm1-2-hr,-1.843489523927402e-05,-0.00021694631622942492,7.440012337931431e-05,0.00018686269805514506,-0.0005063748709949105,-0.00010310772608829606,-0.00022824694942007095,-0.00012631493606876315,-0.00029040971730329406,-0.0004170450653892219,-0.000321177092887523,7.053266175277314e-05,-0.00024778843214095316,-0.0003429779334536549,-2.817586187914835e-05,-0.00012301222727532338,-0.0002296002410272822
CHL,ssp245,mpi-esm1-2-hr,-0.00023993715899368122,-0.0003243438297368237,0.00014975942719401783,-0.0013667290129857847,-0.0002885733184097959,-0.0024650593034032217,-0.0006790903462042068,-0.000778632772851147,-0.0006460157477381407,-0.00045829079106194385,-0.0012123301924952031,-0.0010240909547870217,-0.0013213439372333012,-0.0005831198065746402,-0.0013195918137049627,-0.0006849548172351696,-0.00041131875467682936
CHN,ssp245,mpi-esm1-2-hr,-0.012057983606701904,-0.0007180113683054241,-0.029172619561250328,-0.021680058408610682,-0.010260536340214638,-0.04389122217055086,-0.03512586659162574,-0.018940305108263007,-0.023093391636308892,-0.015300510422894167,-0.014436092752496323,-0.03612965534000107,-0.01872573740208619,-0.04288359308796259,-0.022188414536094478,-0.03564417118915651,-0.03856639257298354
CIV,ssp245,mpi-esm1-2-hr,-0.02925772920510714,-0.060884249893754,-0.028036534235556305,-0.005621442517851101,-0.006394586434172142,-0.012514852524229278,-0.010419299420949085,-0.018238746603907296,-0.012250580838011399,-0.014539671735395944,-0.008884676445290745,-0.010610710027387447,-0.0052454904331596455,-0.007868886746321583,-0.005684115138292554,-0.006653282671824945,-0.005920349330337438
CMR,ssp245,mpi-esm1-2-hr,-0.0756824025342684,-0.1726985606932543,-0.0328657467386551,-0.012050843661226947,-0.011372220405802453,-0.05824607166269383,-0.03588105183524336,-0.05231157154683024,-0.03844960815301841,-0.03777293283355446,-0.029761169480029735,-0.026352592711392796,-0.017185629974768163,-0.018020715865087453,-0.016553465084049594,-0.017789567993576234,-0.0145210017787906
COL,ssp245,mpi-esm1-2-hr,-0.010881130308418497,-0.0016576548564545437,-0.0035690499054595653,-0.008417324698133433,-0.0055516565544713485,-0.007133056825187712,-0.0033829408808137926,-0.0041527863408409105,-0.005784185202984085,-0.006140227186467834,-0.004132135320031411,-0.0053285171078090885,-0.0042991110077610336,-0.0036079506135084614,-0.0038923745979694987,-0.0028921935451230217,-0.0028099307593313218
CRI,ssp245,mpi-esm1-2-hr,-0.0007806656010775349,-0.0005075170021179047,4.036789988856018e-05,-0.0002947240222806152,-0.00025130025799796136,-0.0005852959977586284,-0.0007627650030021827,-0.0001855880815469245,-0.00032962912795867286,-0.00019534363082235136,-0.00018597080632552044,-0.0002564167096733567,-0.00010819486229208675,-0.00030781541477429273,-0.0003051253175452186,-0.00029310450327812884,-2.3715879413189863e-06
CZE,ssp245,mpi-esm1-2-hr,-0.001811328076959614,-0.004987386052904931,0.0012359565345296795,-0.0001479017611327244,-0.005589588045928792,-0.0014140846996259528,-0.0012355791264902116,-2.8961525608547564e-06,-0.002166703852727412,-0.0034447722849727967,-0.0017627770010949602,0.0004595151412850304,-0.0024559661434169094,-0.004847008008135617,-0.00026103464687794953,-0.001900020272343865,-0.0029820667669946317
DEU,ssp245,mpi-esm1-2-hr,6.21199538581078e-05,-0.0014321608876769526,0.00042847840681190565,0.0004228903344249317,-0.0020238475630634635,-0.0007193217663226648,-0.00039701525432945975,-0.0006440102061371293,-0.0009348954892794543,-0.001074408210163994,-0.0010162234276100098,2.544935433995145e-05,-0.001627505533605636,-0.001267927972689677,-0.000271057631669706,-0.0009072128764035561,-0.0012871581739166316
DOM,ssp245,mpi-esm1-2-hr,-8.555602330242671e-05,-0.0002140472400424322,-0.00044845130213261184,-0.0009687591999139498,-0.00135472489416213,-0.0015643194792421813,-0.0013087336496214218,-0.0012196801674519068,-0.0010675467726008862,-0.0013076119878744426,-0.0017956241121180913,-0.0005920040976985516,-0.0014942049580651349,-0.0015655192486802652,-0.0011786723546082399,-0.0008290990181865492,-0.0012781743909112081
ECU,ssp245,mpi-esm1-2-hr,-0.0449799204517999,-0.0008767001513660909,-0.011323818665596168,-0.021176514660476608,-0.016610234139819612,-0.022548083179431976,-0.011298844227326073,-0.006735917129703086,-0.011855674276929908,-0.01703787817983339,-0.00981109244335747,-0.012938314894940694,-0.010248164018629035,-0.007571671423684711,-0.00586963326382022,-0.006700514469746194,-0.004628024843992659
EGY,ssp245,mpi-esm1-2-hr,-0.060335808183361615,-0.020226312401927283,-0.024335006896994093,-0.025190102176845943,-0.016541728180385046,-0.014422673470467903,-0.01418601636916632,-0.006824182636053405,-0.008824170750218307,-0.008092321644689851,-0.007348445085203063,-0.007250545009554501,-0.007825772170847624,-0.0065115264781317305,-0.005542527217361015,-0.005097255801044304,-0.004590980901621475
ERI,ssp245,mpi-esm1-2-hr,0.03579865240231328,-0.03183685886463554,-0.044295759860917036,-0.05746240811417294,-0.0820365672074099,-0.05145330629539646,-0.01630724259790016,-0.15401323994961158,-0.10888648362448643,-0.14538697121368904,-0.10296393791388846,-0.13130670497646627,-0.055190870811521124,-0.07705627002018708,-0.07311159862821623,-0.04632714393122787,-0.03194373477472076
ESP,ssp245,mpi-esm1-2-hr,-0.010124843957325689,-0.010917372436106913,-0.0008347514606300169,-0.003448849631034705,-0.001364188770721356,-0.007462022781660411,-0.008614684446156264,-0.006335059634513429,-0.010829768798373864,-0.007127724379499204,-0.008357613553466118,-0.0021787109827175557,-0.0050825702483002005,-0.00710879450445388,-0.005141843735907169,-0.007714373511650187,-0.00639599483339413
ETH,ssp245,mpi-esm1-2-hr,-0.010419896672513616,-0.020083393474974825,-0.012285813223767759,-0.007166536666132813,-0.002638311879274084,-0.008419691698523652,-0.007552993512223182,-0.008171453468187805,-0.0026004641128715223,-0.008160016889023375,-0.0035159652312797413,-0.006211714646525821,-0.0010203761218728704,-0.0030857550672461417,-0.0034861858748508195,-0.003673276369876698,-0.002225342372765284
FRA,ssp245,mpi-esm1-2-hr,-0.010588931829429373,-0.017671342159326673,0.00041111408223190116,0.0003192673220969356,-0.0070115162606476725,-0.005719843922699959,-0.005752724507289526,-0.006983303140483916,-0.009106979486968758,-0.006419009198017931,-0.007101905665716394,-0.0013378025992761935,-0.0046462948530874475,-0.0059038150414711015,-0.0018403630706788597,-0.0060954557491699896,-0.006625520134655005
GEO,ssp245,mpi-esm1-2-hr,-0.03217807267695975,-0.004716313421897381,-0.005382482459173819,-0.007828776029199591,-8.092461232304071e-05,-0.011243013122164925,-0.018920121310119945,-0.010064412228191159,-0.01348212836653388,-0.013468079660540554,-0.016593589073540686,-0.012767928958322978,-0.011396266007313877,-0.015129330798283923,-0.014592949021694139,-0.009796974819659672,-0.007843103387900688
GHA,ssp245,mpi-esm1-2-hr,-0.08329081099156145,-0.06490239558681017,-0.0317288688938902,-0.0035016093528166,-0.0057094200506539695,-0.03110881816660167,-0.015527243383448497,-0.022806983163144747,-0.018963543930693,-0.01846807452510563,-0.015159816078080928,-0.013562210723769142,-0.010319328517369724,-0.009972717161109972,-0.005619514352726544,-0.008343961226808009,-0.007290352330187907
GIN,ssp245,mpi-esm1-2-hr,0.01363856447666362,0.01557202332353597,-0.009391870417106494,-0.000712139937992705,-0.011331211676241465,-0.0044376952253854405,-0.002777907764527159,-0.007218776942943482,-0.0034333353936693545,-0.004988111900174014,-0.0016013796333233642,-0.004310282259440149,-0.0022165432812081814,-0.0034743657074529357,-0.0018192423010189001,-0.001835678786040172,-0.0019468713099526482
GMB,ssp245,mpi-esm1-2-hr,-0.030581819903987565,-0.01097722545121063,-0.01931914280542028,-0.025481327754362584,-0.020422487518194175,-0.01025333695159738,-0.006759835752398726,-0.004833708476106374,-0.005417530252912478,-0.006010135696535012,-0.003558049425758238,-0.004607279512808487,-0.0023111271904357623,-0.003367011226367308,-0.0023046618529172736,-0.0016419214381619143,-0.0017601515142226679
GNB,ssp245,mpi-esm1-2-hr,-0.05740543025451666,-0.009926924905081597,-0.118070746284906,-0.065298133570896,-0.09296526260398622,-0.024598500856862205,-0.028458361936059804,-0.021081073578121896,-0.01522171765973965,-0.025106362101834794,-0.011218774374818047,-0.01862701495540399,-0.01039138149880101,-0.015040967472307095,-0.009624394626059095,-0.007657552698625607,-0.007762685224516471
GRC,ssp245,mpi-esm1-2-hr,-0.022930557410048593,-0.028004849200308032,-0.011847754594298905,-0.018397548095203706,-0.017000024564359298,-0.026642198108968663,-0.01726494037890404,-0.005615811137170139,-0.01696969936133258,-0.014552436457365706,-0.009326633768543618,-0.005800897771750595,-0.014322767795335402,-0.01936483050761881,-0.011732580826484255,-0.01180565645972925,-0.006749566889907167
HND,ssp245,mpi-esm1-2-hr,0.012290413675953413,-0.019952995598219985,0.003406190512367455,-0.023533506788068478,-0.03070060302969357,-0.021079424751334,-0.02958151604171649,-0.005762179405554964,-0.013257217275625607,-0.008791805375755636,-0.01288065754979859,-0.009892139448745162,-0.015223596791091783,-0.019112327281715993,-0.01547739827218887,-0.004888598519399086,-0.008103472747453681
HRV,ssp245,mpi-esm1-2-hr,-0.0988528512961248,-0.5508826643794035,-0.11392565329895615,-0.1643186902909976,-0.43638790275409756,-0.3641359271747461,-0.34364780009870843,-0.03192031908450257,-0.4018962393488851,-0.35912691954595427,-0.1364671166284514,0.017104247205406303,-0.29072588347666695,-0.7097781241476474,-0.2914315412750887,-0.44749563437803486,-0.3526492664404095
HUN,ssp245,mpi-esm1-2-hr,-0.14109537116761944,-0.04579648525375931,-0.002825219512399199,-0.015651872037812042,-0.03818079263315562,-0.021815014833914355,-0.028219030799425476,-0.001499836007242942,-0.025329337873053193,-0.029105735668242826,-0.012395299971699626,0.004026392979239695,-0.02097950586759037,-0.04435046545648966,-0.01277007919116793,-0.026922773435851553,-0.021720713858376074
IDN,ssp245,mpi-esm1-2-hr,-0.046041257311051006,-0.022088955220159096,-0.024936372388126737,-0.031026152297113144,-0.01962308034807889,-0.02237412811919571,-0.018734493004628473,-0.016734787648629772,-0.019549193838986727,-0.019183039261753847,-0.010097307748255641,-0.019661735227162226,-0.01581928057215036,-0.012169771343393372,-0.008590176131110416,-0.007906238041925234,-0.010807934442747597
IND,ssp245,mpi-esm1-2-hr,-0.004938570638875793,0.005990414248323182,-0.0020107587113988063,0.0023570029330491956,0.004219006506312845,-0.00012811428253051648,-0.0042157735891192065,-0.0008220094192443416,-0.0017511346115909245,-0.006848257651192639,-0.0006954734894635937,-0.0028790261548945545,-0.0010893582840457946,0.0006849805765781239,-0.0037935900009828465,-0.0002985045119125088,-0.00037185963454691907
IRN,ssp245,mpi-esm1-2-hr,-0.00063265603618712,-0.0002062292290708805,-0.0001359254408950067,-0.00014022442087572651,-7.529835885162453e-05,-0.0001486898730332538,-0.00020074119191240748,-0.00013163591614090734,-0.00012225955821991704,-0.00011038400023777098,-0.00017162697585521307,-0.000139078857219375,-0.00011245189541191134,-8.676885910378752e-05,-0.00012045317195667157,-8.545423966218938e-05,-7.64807228121628e-05
IRQ,ssp245,mpi-esm1-2-hr,-0.03989104203532433,-0.03478375840392556,-0.022858469637743014,-0.02575223618575366,-0.016840984603578205,-0.025586926241013847,-0.024434657581441872,-0.02106954434447173,-0.019966669911957516,-0.02047050356302856,-0.020024207175895085,-0.013974862259500193,-0.011598320722667258,-0.013421718688702441,-0.010706331632270506,-0.008882965808594987,-0.007128338725327352
ITA,ssp245,mpi-esm1-2-hr,-0.008014504309074513,-0.009371880630271634,-6.119478961732863e-05,0.0003471417777837334,-0.002792384944103446,-0.006691183996549601,-0.006218002356517227,-0.0024805669907866025,-0.00674759917376758,-0.006498703568278387,-0.0026374126551682313,-0.0004523872764883232,-0.0026808871817480895,-0.005915400868047929,-0.0028856684783861823,-0.005429929443371917,-0.004495492101810567
JAM,ssp245,mpi-esm1-2-hr,-0.0010594388683364503,-0.0008614769867182062,-0.0012561817111195125,-0.0013205292806432924,-0.001012472976503995,-0.0028457412983330945,-0.0022987789531729312,-0.0009877175992926731,-0.0009880257144263419,-0.002191930452915675,-0.003274402603823343,-0.0012518891387823681,-0.001702902025603537,-0.003061831815102676,-0.001474932410313413,-0.001760998216030988,-0.0021281209258434673
KAZ,ssp245,mpi-esm1-2-hr,-0.0006316569962983922,-0.0004696450169801028,-0.0005418642818450016,-0.0006019454603192799,-0.0017897805445225667,-0.0017689978493762564,-0.002956414962146493,-0.003746251680653928,-0.0024576457071748717,-0.0030025348642849234,-0.002964682881464025,-0.0024864211571108776,-0.003368722187155357,-0.0026036897122436817,-0.0032300532093794366,-0.002700596928334431,-0.0015718183341332818
KEN,ssp245,mpi-esm1-2-hr,-0.044856133573161164,-0.0455806394987639,-0.020667514813083182,-0.03617996400898888,-0.013535122976201438,-0.018078225745315896,-0.01778717831318683,-0.01223328219126602,-0.00477528471244647,-0.00881241473630384,-0.009878020773218176,-0.008419729400381158,-0.00814809845351359,-0.009185881074487133,-0.008128851220088993,-0.007703206863021241,-0.004735945099696061
KGZ,ssp245,mpi-esm1-2-hr,-0.023573387834464388,-0.04198676048180399,-0.02576994269785998,0.008713280383162459,-0.023765514525537983,-0.042746106698556545,-0.05587076263548288,-0.008525121357394597,-0.044831978947258364,-0.03423992083584536,-0.03829075774290449,-0.022803230521116304,-0.03779695100831012,-0.02185684511513399,-0.026326474381159697,-0.02232363912675248,-0.015420574391630379
KHM,ssp245,mpi-esm1-2-hr,-0.14188931192222806,-0.10889516304703631,-0.02806966173490595,-0.030673698876721698,-0.04897618183742831,0.005097481831392957,-0.007888537798236962,-0.014949223622887163,-0.0156544840879838,-0.026096997177066913,-0.003942587250055144,-0.022609344974276465,-0.010161423804011756,-0.012109676825640387,-0.010636719622045106,-0.003676514388307616,-0.003659387486091278
KOR,ssp245,mpi-esm1-2-hr,-3.425857858906838e-05,7.09078353535599e-05,2.441081239280657e-05,-0.00010067593303713584,2.142203406984176e-05,-1.0348259012827589e-05,-7.25118334525856e-05,-4.5271153327683484e-05,-0.0001803451372503041,-1.1413248698692499e-06,-5.0281802855784286e-06,-4.522931792584443e-05,-6.417162993579755e-05,-0.00019433540894561914,-1.1557646958215137e-05,-3.179523408104719e-05,-0.00019593397008602087
LAO,ssp245,mpi-esm1-2-hr,-0.06405254908543008,-0.02801143721680306,-0.014629006353132985,-0.015634223382509225,-0.006670715108968431,-0.0003465766149001219,-0.0028500523818533216,-0.0025142366603351967,-0.008755116184271567,-0.009390113173280262,0.0001739107068816743,-0.009561519423632927,-0.00381432235644917,-0.0024062841106134623,-0.0017790367314922805,-0.0015512626271084523,-0.0006960462357584908
LKA,ssp245,mpi-esm1-2-hr,-0.008234312455961486,-0.0017598678377424872,-0.0009221482422958063,-0.0016477932370677407,-0.0005893626648940676,-0.0018150646205408218,-0.0011202304329612537,-0.0008067635088144963,-0.0014682024014823487,-0.0008294828084674124,-0.0007862622175649025,-0.0009180601895732301,-0.0008926992806615116,-0.0011021407389228764,-0.0005999175368282548,-0.0006790311733758664,-0.0007874434966977829
MAR,ssp245,mpi-esm1-2-hr,-6.74459742069233e-05,-0.0004766590892412298,-0.0003088801687598008,3.271415334774841e-05,8.587843123217976e-05,-0.0003140938520493723,-0.0001406349202413174,-7.846118139608058e-05,-0.00017445154487904567,-7.293314223938372e-05,-0.00011849748794132715,-8.137322386964225e-06,-9.537604592612196e-05,-9.680256314237877e-05,-0.00012542462615592709,-0.00014092813612921257,-6.370278788509836e-05
MDA,ssp245,mpi-esm1-2-hr,-0.2673003076246817,-0.05145050265720189,0.0119666016752834,-0.11265369932586468,-0.1328340707682982,-0.14376705191122494,-0.17357213138946326,0.0032972179239764985,-0.041994558960284874,-0.08350895267708892,-0.08934550767659033,-0.0022326762411484834,-0.10805867886866671,-0.18915971287112204,-0.05426624365744935,-0.07640011761262565,-0.029273378219213626
MDG,ssp245,mpi-esm1-2-hr,-0.00863007657579605,-0.007171456931295119,-0.006339806139385627,-0.008269800851920242,-0.004248230026904411,-0.0012084199941653187,-0.0013573765203002519,-0.003085219658333985,-0.001503801016310096,-0.0018965246225474076,-0.0001927219262803679,-0.0010615587862790776,-0.0005476018274697663,-0.00042265048328366287,-0.00019792155774987611,-0.0004084827728894993,-0.0003104959055927271
MEX,ssp245,mpi-esm1-2-hr,-0.020209238324459186,-0.033134561434614414,-0.03518194204187896,-0.00833923576203212,-0.040173160026879415,-0.011122327551976178,-0.02152859815448433,-0.01873736919501392,-0.011826635498397128,-0.019023617712418412,-0.017326464481977704,-0.02353965247472268,-0.02280289382885813,-0.018479566082154522,-0.020581841619439,-0.015039619652257596,-0.013092177417978466
MKD,ssp245,mpi-esm1-2-hr,-0.026549148006978548,-0.027330603615238768,-0.007501898306930377,-0.01209848585526305,-0.01854998957098239,-0.029539145118484576,-0.022105299799442184,-0.0029833206745465053,-0.016668712753505056,-0.014973367138430683,-0.0062151374482574614,-0.0011830968268221578,-0.019652852443845563,-0.033001854279597995,-0.01786282231029805,-0.018386606105802446,-0.013942079344962647
MLI,ssp245,mpi-esm1-2-hr,-0.06126052011628378,-0.22663296321361565,-0.15913772838368637,-0.11665711890289619,-0.25149748518717563,-0.10466650997202935,-0.10690598366823718,-0.13476716567011054,-0.12651650082053023,-0.08904658846642377,-0.050372955096955954,-0.08100521570148532,-0.04379931362599048,-0.046797223320298946,-0.03974715902046548,-0.021875277526465724,-0.027810672506461038
MOZ,ssp245,mpi-esm1-2-hr,-0.2507063376334063,0.008359781240131136,-0.07789947913544126,-0.032310400366597804,-0.025929846203849957,-0.006861072244567194,-0.007635459584731805,-0.014553109315215194,-0.010169593089889949,-0.01131312583599669,-0.004214295338770716,-0.007492109521039725,-0.006934234072787725,-0.007075819001999463,-0.004216517358838659,-0.005291195715461281,-0.0031885772429436627
MWI,ssp245,mpi-esm1-2-hr,-0.8446718818890956,-0.07519678463576925,-0.10635634064683637,-0.051330341183440556,-0.053296389477029575,-0.04165011605013397,-0.011632652737659104,-0.03135334447708076,-0.026583016579338294,-0.02362042916053384,-0.010705623146240855,-0.010293013111654242,-0.013580992377746558,-0.012258694706902707,-0.00655751498227479,-0.009181036515206355,-0.003296238005198848
MYS,ssp245,mpi-esm1-2-hr,-0.0002022807405022503,-0.000184866002446252,-6.605650996496614e-05,-8.202597223667511e-05,-9.639649761355666e-05,-1.9777895994241746e-05,-9.772990179863505e-06,-7.030323942700427e-05,-3.755839730821379e-05,-3.752626386334338e-05,-3.501748944237034e-05,-7.050787809222513e-05,-2.9268178938022634e-05,-4.5089005142857346e-05,-2.9237252420903774e-05,-3.140547351021184e-05,-3.2090906419488714e-05
NAM,ssp245,mpi-esm1-2-hr,-0.0013644685721025205,-0.006852721859924785,-0.0007829352562860587,-0.01905866273215732,0.0006036647254798529,-0.0002676684925908904,-0.009163269503917474,-0.006363740614859472,-0.0051865013072122015,-0.002025827510503724,-0.00871039726406588,-0.0033962995049246015,-0.006690425535084864,-0.004484728491736791,-0.006940193188980596,-0.005548409622962782,-0.004074106322060665
NER,ssp245,mpi-esm1-2-hr,-0.00013612395321531843,0.00012669553128841316,0.0009984228569821856,0.00037797485770303023,-0.000751323494510153,-0.0002443852816850918,-0.00016682787783049428,-0.0005335357509635845,-0.0006606038707405587,-0.00032365257630137653,-0.00024464155484047145,-0.00026894061702964175,-0.00012273890387392425,-0.00011232705848029915,-0.00010275005112005443,-2.315831660146755e-05,-5.4693104176411156e-05
NGA,ssp245,mpi-esm1-2-hr,-0.004693893144319134,-0.0165571300499507,-0.0017487641665239815,-0.0029899885152961307,-0.0017892640320721312,-0.010318194354699592,-0.004787733042480003,-0.009539550737835708,-0.007299463476529914,-0.005335419062564537,-0.0046505630449201075,-0.004617629144113338,-0.0024840854146383927,-0.0025055505053761585,-0.0020996071085348763,-0.0018027264810280387,-0.0015997609389557731
NIC,ssp245,mpi-esm1-2-hr,-0.006230251794192064,-0.00908150783063383,-4.263714564323775e-05,-0.019350303236319293,-0.022766140451059114,-0.025715575988252193,-0.031187232709118256,-0.005100791451709101,-0.011465224389600267,-0.005601322644140895,-0.016368823407544697,-0.005998156615572565,-0.013232514123009348,-0.018205294440897385,-0.01628908751515434,-0.008547128937988865,-0.00825819620655465
NLD,ssp245,mpi-esm1-2-hr,8.954683395297365e-05,-0.00024023326888187436,0.00011105798614302456,8.416229004458741e-05,-0.00024583595542808633,-6.0235417422600834e-05,8.41095595658324e-05,-0.00011924556012933305,-9.878611899314044e-05,-4.0370892565399366e-05,-0.00011625251009275338,1.0105847711437048e-05,-0.00025099700132213287,-0.00011808591129457632,3.83571681564554e-05,-0.00010211934773122674,-0.00019016881671717406
NPL,ssp245,mpi-esm1-2-hr,-0.023181181094455904,0.0689678663540353,-0.021304927002782897,-0.02028666604024495,-0.0448622121494165,-0.035140143237552164,-0.05790625833424954,-0.00019217265183360066,-0.04485430789280969,-0.04784434927812691,-0.019104501256940215,-0.05662837625394072,-0.013527359274325338,-0.004039046191583942,-0.03329102384738431,-0.012439946030028279,-0.003938826196195265
NZL,ssp245,mpi-esm1-2-hr,0.0002654448793549563,-2.0335268707598457e-05,9.052917630222885e-05,0.000718405070749799,-0.00012911533323694524,-0.0008868316919224586,6.637148421476764e-06,0.000224612339703673,0.00023417259168852442,0.00022248802471016093,-0.00016874969826307602,0.00027950506651191933,-3.253098995362055e-06,-2.7100201776168383e-05,0.00017503685998931557,-0.0005248178748134216,-4.813718484956001e-05
PAK,ssp245,mpi-esm1-2-hr,-0.037391142821122915,0.0011840472375410705,-0.01548519999425829,-0.012867382872690326,-0.0009978650755554448,-0.008369701054399237,-0.006355324246248369,-0.0064062629992702345,-0.006242517128741711,-0.003255422905826419,-0.006654561702790133,-0.005611342295994847,-0.0002655333652678374,-0.001835817756090861,-0.0036220861586919615,-0.002670031563672218,-0.0016881736351528251
PAN,ssp245,mpi-esm1-2-hr,-0.02186112507945007,-0.00040631621814748206,0.0005759139838224897,-0.0006611885245479112,-0.003037731646327214,-0.005024640602647217,-0.0019946037742174048,-0.00021218783189846452,-0.0033808581808571353,-0.0012808644603159037,-0.0015134243137580545,-0.0026420995422389965,-0.0015807511919613984,-0.0013793020917065176,-0.001047424978975761,-0.0015461854827994712,-0.0004827715527436562
PER,ssp245,mpi-esm1-2-hr,-0.0076858290852885305,0.0009646242959283858,-0.0006747595648526395,-0.006456056683748383,-0.0029048152803004498,-0.0034312806429805795,-0.00020295158445038462,-0.0026851981932323626,-0.0003074249288191228,-0.00237149763395204,-0.0027155889360785425,-0.0020563597855920686,-0.0036295999036893302,-0.0010672047168651512,-0.001285427210679053,-0.002218220162773288,-0.0010961019503295097
PHL,ssp245,mpi-esm1-2-hr,-0.021213689668980778,-0.031261241195544937,-0.032540348174523316,-0.04163360271398825,-0.011623862158491068,0.0009485301897426462,-0.0014876666294113667,-0.008818274283035587,-0.014717651396251839,-0.005117638382373347,-0.003769254831160942,-0.007696530864196025,-0.0036973422590024763,-0.003995429016703061,-0.006108950260718397,-0.0015619976618371993,-0.0052556177773041635
POL,ssp245,mpi-esm1-2-hr,-0.006276945872445654,-0.011899225721906806,0.004552407428785149,-0.0008646360247358422,-0.021672473209883622,-0.006064481653979334,-0.003689712321127402,0.00013240091791362076,-0.005409637755939263,-0.014088495586747267,-0.008613552010992504,0.002600374699264115,-0.015991374602663044,-0.02641982107754357,0.002103763366797233,-0.013082204543158319,-0.020393671724903382
PRT,ssp245,mpi-esm1-2-hr,-0.006284625432689424,-0.01107049405866393,0.0004349105581804594,-0.0031380446984840423,7.245050702828611e-05,-0.004503139123817482,-0.008319681097572548,-0.005757491757934917,-0.012470477167311419,-0.006613965011238325,-0.005338322635954228,-0.0010932787224681693,-0.00782987894232863,-0.007409145927974894,-0.004905932176257866,-0.007142225165007077,-0.007916362328063156
PRY,ssp245,mpi-esm1-2-hr,-0.07792883223090886,-0.06869059983980383,-0.09474789537477571,-0.02370193600081465,-0.0703780039806576,-0.07077005114237876,-0.0807483297177055,0.002559732707146457,-0.03717768995852808,-0.08046822066534631,-0.04821853968198439,-0.03511464385388505,-0.05825496454304476,-0.054334974974242445,-0.04132698224052562,-0.020225672836479188,-0.024537951592129514
ROU,ssp245,mpi-esm1-2-hr,-0.1433994225024349,-0.084226547953364,-0.014130138825979573,-0.05975344049349728,-0.10098997140937441,-0.09564750513655632,-0.12533448091710567,-0.008233078060167015,-0.06666429833998484,-0.09486508301358582,-0.080990893920086,-0.0017465594975699455,-0.1394177403958915,-0.2472009195533898,-0.10599777889898196,-0.11829362397779893,-0.050028848815253726
RUS,ssp245,mpi-esm1-2-hr,-0.004438178113852461,0.00023316262336420084,0.0005498518179264355,-0.002698988061948485,-0.00414509853715995,-0.0043883254515069865,-0.005193164305970098,-0.004063158424562313,-0.0025572494561639262,-0.006162800216297795,-0.001857696703249867,-0.004191877111784394,-0.0035741602832150316,-0.0065829058786673195,-0.003382202128795478,-0.0031821944345966657,-0.003655667320392073
RWA,ssp245,mpi-esm1-2-hr,-0.0027829364602893984,0.006728061954598167,-0.03243535837122949,0.004224992750219415,-0.0009865959888161395,0.0003939506612689382,-0.008969310632685683,-0.0011500260949803864,0.0003304378634671213,-0.0038682713292467383,-0.0016761378099566353,-0.00200267538545528,-0.0019720752016699817,-0.0012676826510902924,-0.004076897409796236,-0.004059744875295172,-0.0013699204350947417
SEN,ssp245,mpi-esm1-2-hr,-0.08564768977868437,-0.030973490158581706,-0.06801094820973962,-0.07850728908293934,-0.08568496484726473,-0.04165505238243917,-0.030686673488740802,-0.02546085596387955,-0.025123779562291594,-0.025444253729742766,-0.015226325737142409,-0.020589497941542485,-0.01117330581564157,-0.015492301505985594,-0.009599376701858746,-0.006850989848314742,-0.007326025904117951
SLE,ssp245,mpi-esm1-2-hr,0.002370343898200855,0.0019505358193067919,-0.0017386205975052393,7.32092384132868e-05,-0.0026998695274860897,-0.0012971777779483763,-0.0008329938609627899,-0.001405176539990164,-0.0005813065194411802,-0.001191919308556747,-0.00023541748996231004,-0.0008321401690584214,-0.00031425115131684955,-0.0006011865695802786,-0.0002898743523718615,-0.0002567254533152893,-0.00027601421154606955
SLV,ssp245,mpi-esm1-2-hr,-0.05069510980775456,-0.06088931880261543,-0.05340643494177066,-0.0956923572993169,-0.13287518404832965,-0.09660831588174273,-0.137568643566072,-0.034131534473740566,-0.09779318917907619,-0.06135796332361991,-0.0543728278969573,-0.05021091152076974,-0.08769926125364516,-0.09208077905376791,-0.06489351004855358,-0.045072269169116636,-0.054289854035559165
SRB,ssp245,mpi-esm1-2-hr,-0.3265221174943123,-0.18017222018268542,-0.08879170582124041,-0.07729635830405401,-0.21054463728650447,-0.20406340810777518,-0.20090293880282709,-0.024247573045871856,-0.1510125211530589,-0.15515172139945796,-0.09638352027340608,-0.006972064720299144,-0.18032794499813465,-0.34783688604129487,-0.14600865573790622,-0.22469095095138802,-0.1515394884688366
SVK,ssp245,mpi-esm1-2-hr,-0.035258745498736206,-0.016770507764082617,0.0015792188461307873,-0.004088387711072415,-0.014552879104862885,-0.004299093270161722,-0.007743143684898398,5.2377966136583025e-05,-0.008770526691408683,-0.0122288647265255,-0.0029874101625930144,0.0021460287368281323,-0.006778638418327904,-0.01601591494259829,-0.0017880349363067435,-0.007719455295723609,-0.009908041829501536
SVN,ssp245,mpi-esm1-2-hr,-0.009923421708619212,-0.008691115998060902,0.0008617335976244657,0.0002855410506545125,-0.0027550250616249607,-0.004913582628099756,-0.004593345672509906,0.00021338667225292456,-0.007100937540304093,-0.006212287911959759,-0.0008119226362563506,0.0012832767124904428,-0.0017258676696586298,-0.007015525802707847,-0.002446477695190026,-0.002839839941551827,-0.0031163036058632085
TCD,ssp245,mpi-esm1-2-hr,-0.01912065933876747,-0.03881545456735043,0.0534865423015162,0.021282167212626168,-0.0183711782657526,-0.01825725632564302,-0.003154590479791088,-0.02371180203462707,-0.024335869256759513,-0.014874133825938326,-0.007085261705840188,-0.013795314506089649,-0.00199211037708318,-0.005386063543641379,-0.005657915751175815,-0.0021142555505705486,-0.0031506183033566323
TGO,ssp245,mpi-esm1-2-hr,0.050707887702495236,-0.19467139331499284,-0.09562457308352908,-0.007041534833991142,0.010616843849118405,-0.16842665818359293,-0.1214095811063656,-0.13406423252960006,-0.09958338492648332,-0.08894935538112769,-0.06842778996545149,-0.05834858276538961,-0.0420456624715445,-0.037350234448895174,-0.01739161011534102,-0.02751091714762164,-0.02413955904747943
THA,ssp245,mpi-esm1-2-hr,-0.030221265843833153,-0.03823540586680357,-0.0031356057123434317,-0.01443523990099347,-0.009375104003952799,0.0025769919292488947,0.0017699119809687013,-0.0064552971734258705,-0.012708589017814884,-0.019446070330059004,-0.0024973013625258266,-0.02339928703674715,-0.013788937372822226,-0.010353481206428034,-0.008134258845961993,-0.004616665205619292,-0.001291961864070308
TJK,ssp245,mpi-esm1-2-hr,-0.004387241060145272,-0.00965725201864057,-0.007821889725184827,0.007367742442821068,-0.0039013401853830194,-0.006788448127678485,-0.013713744050488245,-0.0010435723859010641,-0.007098847423877884,-0.005646653871981672,-0.006004492603024502,-0.004188260415506789,-0.005823299248451305,-0.002173064700396869,-0.0041946981759046825,-0.003033673308671953,-0.00221443320291701
TKM,ssp245,mpi-esm1-2-hr,-0.000989731343699842,-0.002038368498820772,-0.001101193395514012,-0.0010627823152097766,-0.0008269527841947126,-0.0005345585193128878,-0.0011036132266573394,-0.0005790709332953563,-0.0006181856133474252,-0.0005426734333391226,-0.000903009947114059,-0.0007764980355756346,-0.0007951709970769209,-0.0006171379591775236,-0.0009029807069094727,-0.0006193683650360999,-0.0006455791843432119
TUR,ssp245,mpi-esm1-2-hr,-0.004940868614441852,-0.0019550240824534213,-0.001029195642647211,-0.0018036261833264799,-0.0015193391872024052,-0.0020997404008231027,-0.0022225707702423184,-0.0009145954988942231,-0.0016953771158245568,-0.0016491081000087442,-0.0015868749074607709,-0.0014300102170412621,-0.0017040995432072486,-0.0021813419684372924,-0.0020424481927678114,-0.0010976482666594743,-0.0012448937886629797
TZA,ssp245,mpi-esm1-2-hr,-0.14053645278610175,-0.07333359735794868,-0.050263470122782206,-0.014707586171687739,-0.011921041344364705,-0.04389651695242081,-0.01608461473642929,-0.010596502193609483,-0.008387910753332487,-0.01626935565259012,-0.008780501535814939,-0.008462871730477084,-0.007725437019132718,-0.009304022832796521,-0.00943322601569163,-0.008421603655872047,-0.0023717246281284173
UKR,ssp245,mpi-esm1-2-hr,-0.3797378956984445,-0.03736371822281873,0.03489784318635275,-0.1059239670630324,-0.1822327410189335,-0.1401111532545477,-0.20410658545012297,-0.021155916328545955,-0.04749781078470771,-0.14702749732512907,-0.09224981588954179,-0.03328832814951434,-0.11047292865606229,-0.17535833188441252,-0.038009961368173834,-0.061230548546706925,-0.051935834210106065
URY,ssp245,mpi-esm1-2-hr,0.006758075066120134,-0.0013734608333715848,0.0006274747114165694,-0.0017552262874654693,-0.0004365992551681266,-0.007642310361553473,-0.0014688994638146031,-0.0002056436697887211,-0.00039407024354664374,-0.0009453580120901596,-0.003598406884411629,-0.0007478340653729446,-0.003223731055888613,-0.000833285136703692,-0.0026432656521277113,-0.0005146380560639979,-0.00033131556713589635
USA,ssp245,mpi-esm1-2-hr,-0.018094229774424663,-0.004320486244643807,0.0035504935117562056,-0.012606337777754481,-0.024716374731196877,-0.014394304157417943,-0.03477714058060535,-0.017893294810450103,-0.033807694540193736,-0.013872321516330156,-0.015946087387251246,-0.009151884801071835,-0.008722664521352634,-0.013630503042075016,-0.013072027728076103,-0.01675809642018855,-0.011828146291213657
YEM,ssp245,mpi-esm1-2-hr,0.002106120435531089,0.0004403373989764397,-0.0007609886667897896,-0.0008006517545074902,-0.0003331175394851895,-4.125259210239988e-05,-0.0002516166577363483,-0.000281560892480033,-0.00028516694546496635,-0.00027887945268707906,-0.00022678803288808541,-0.00029866687140718415,-0.00011105271006510396,-0.00017742523928619846,-0.00017370222805255717,-8.912435669627765e-05,-0.00013503919206219863
ZAF,ssp245,mpi-esm1-2-hr,-0.03306953259665831,-0.03483908742405003,-0.027555723213580786,-0.024970636873561613,0.010219155831330597,0.0005290318868917236,-0.03110092678552027,-0.009365637739156283,-0.006863404773988304,-0.0024813175349276293,-0.020042085710001628,-0.0068007550744842585,-0.013499388791707128,-0.002934967316678823,-0.008843137326817444,-0.00846553897145021,-0.005529779846318274
ZMB,ssp245,mpi-esm1-2-hr,-0.12373414712743655,-0.031408540992824314,-0.04473145703663067,-0.03044837774332818,-0.014805817048126235,-0.01137495797009045,-0.0037115751908740977,-0.01280729779783667,-0.007900439753408242,-0.0071105313796150215,-0.00706164161894967,-0.004664062590176153,-0.005903348062376332,-0.003587689729831201,-0.004212775764103746,-0.0032752969883090215,-0.001642138267038285
ZWE,ssp245,mpi-esm1-2-hr,-0.30086315044344314,0.030536008012949072,-0.27419576952177654,-0.06916208326521127,-0.07554541634100838,-0.022973332065802415,-0.06496271244485763,-0.08051374927558201,-0.04979666883376112,-0.05208771259668824,-0.04397708064311553,-0.04115094562360876,-0.03891245821873369,-0.04845636230710997,-0.036332361164505014,-0.02819660332329622,-0.02320052609826309
AGO,ssp245,mri-esm2-0,-0.0028350223773530516,-0.017645155840427754,-0.01250586699002113,-0.014723569260523685,-0.019796478406450546,-0.0006909956346477105,-0.010466749837943634,-0.006739040808260959,-0.006839161896893067,-0.006674335972437398,-0.006006275766593975,-0.0040001787405623485,-0.003069608758326162,-0.0023806845069428363,-0.0015393699390352717,-0.0020645552933561237,-0.0017766387884992313
ALB,ssp245,mri-esm2-0,-0.005379023560957714,-0.1336759414345967,-0.07891639884964488,-0.15313011989435643,-0.10751155756962746,-0.09937273661063611,-0.0828838654722131,-0.09166732786184502,-0.058622131096469444,-0.09538190768616402,-0.08179431636884366,-0.1915403322903255,-0.2165208578167283,-0.17041525210756137,-0.17289416453882409,-0.11597336467774792,-0.1324342434503764
ARG,ssp245,mri-esm2-0,-0.016651204004353038,-0.0012232769761504607,-0.00610384560538897,-0.0017630262670553724,-0.0010617346033830793,-0.002596963691481504,-0.001540172420266167,-0.002790720403043489,-0.0027953900595596363,-0.000410288729608,-0.00024213881745328985,-0.0010947672196483223,-0.0019482555843331874,-0.0013104771687748422,0.00015989341963174088,-0.00168232912594502,-0.0013427789382930288
ARM,ssp245,mri-esm2-0,0.0001708656366697562,-0.001138101054773036,-0.0005249890802353098,9.541463719954502e-05,-0.002001917044902962,-0.0004306035662057345,-0.00033007879534000315,-0.0011910560019113493,-0.0001448754192845043,-0.0004218386723387757,-0.0003529386450681224,-0.0004718448551989774,-0.0003744170620799741,-0.0005965528862375538,-0.0003938851660825596,-0.0008632714448339907,-0.00020929965020517117
AUS,ssp245,mri-esm2-0,-0.0002703028834873595,2.301918681509176e-05,3.486849041591267e-05,-0.0005394069163598587,-0.00011546837378191434,-0.00033804085159225663,-0.0008859913345168848,-0.0004939381359213531,-0.0004502303514458964,-0.0003766931238671072,-0.0006761149403621884,-0.0002304086714719107,-0.0003485562122129757,-0.0004351642559653705,-0.00036607216817483273,-2.5356593351492498e-05,-0.0003182096818379424
AUT,ssp245,mri-esm2-0,0.0030377828276147876,-0.0009772139318099272,-0.0011638982482384088,-0.0016057257117189432,-0.002724549673172764,-0.0019592666580186494,-0.003288689102552512,-0.0014348018608162207,-0.000936898442223769,-0.0008324616952808887,0.0004045672400605636,-0.0034781290055560473,-0.0030625534748779937,-0.0024782890558356957,-0.0005983440359897156,-0.0007465532385431703,-0.0009370228523052709
AZE,ssp245,mri-esm2-0,-0.003724623705750556,-0.018486079073811282,-0.009226686101659715,-0.001033457207997159,-0.02719788448671133,-0.012277226434141282,-0.007359912993840693,-0.019389702059030275,-0.003848264453744062,-0.007293753619025452,-0.009835404413297565,-0.010971239184118284,-0.007980932431063835,-0.009664112813077764,-0.004093178782620025,-0.010288672197525653,-0.0036526962931297947
BDI,ssp245,mri-esm2-0,-0.02548228863008416,-0.055108014276091716,-0.06360196511854857,-0.03242219191953021,-0.011873265610631442,-0.006931496472014892,-0.010369325957922587,-0.009300620215954502,-0.009882637697020713,-0.01160279276068198,-0.006918327795051989,-0.00709818126556952,-0.008719093514204624,-0.005706682137222319,-0.0032974514107387636,-0.0024301998423644374,-0.005578714793493769
BEL,ssp245,mri-esm2-0,0.0005007756402416821,-0.00025769929710311437,-0.0007566946069041688,-0.0014634791817160773,-0.00042304556682393776,-0.0006843517414312154,-0.0008225245361574076,-0.0002312490351603922,-0.0006664771049141213,3.3795514257442346e-05,-0.00018464080630435883,0.00012455440490653875,-8.476140462851637e-05,-0.0004524039793221092,-0.00015048452104176701,-1.008892010314981e-05,-0.0003468931137717473
BEN,ssp245,mri-esm2-0,-0.1710981806786357,-0.12113623334301019,-0.017187651788665142,-0.08264070697164526,-0.17166080682130672,-0.12607401809068658,-0.11289155739092527,-0.08701654679600099,-0.05321456274148786,-0.09570528781490767,-0.055189030250271234,-0.04881896959838352,-0.05067554863283191,-0.04207218553710396,-0.02723162119580965,-0.021725456651977938,-0.02328394686604963
BFA,ssp245,mri-esm2-0,-0.287488360972246,-0.36517126410303147,-0.025183053776871262,-0.09503317077446644,-0.18132523217243265,-0.08701231732624302,-0.11257464425180169,-0.08770333767485332,-0.0731977782068721,-0.05025400262114989,-0.0416434084398605,-0.04060665410020211,-0.031583201899270906,-0.02513578801197297,-0.02274609568887595,-0.017245564295511693,-0.01582249670770883
BGD,ssp245,mri-esm2-0,0.00039196570083702847,0.0014563244789549967,0.0006734991800955766,-0.00772605501367628,-0.002552960166509603,-0.010398623247844093,-0.006791592897347178,-0.009640136901346555,-0.005080793459101787,-0.006439959820915493,-0.002424249658241723,-0.006351255190008673,-0.007414031431169194,-0.007721266868446367,-0.0034780181736187897,-0.0019456368663505056,-0.002334606700172838
BGR,ssp245,mri-esm2-0,-0.0011990956678346904,-0.07630003277778125,-0.0243773276005711,-0.03736541700765703,-0.046085129780944485,-0.10343045597052151,-0.07633365959946929,-0.023950080158838656,-0.1057185595252348,-0.06690761291599263,-0.027347872649558746,-0.10264736140058106,-0.0639733440035424,-0.11821557787123901,-0.1037332146109465,-0.04424918591783726,-0.03909704369652306
BIH,ssp245,mri-esm2-0,0.02247983602184055,-0.05309763381940398,-0.03024073929788393,-0.06941116732789081,-0.04162832261308596,-0.04104993998484054,-0.05984838646823276,-0.061915830492943,-0.038216740317062126,-0.04823852397742268,-0.03157008071907211,-0.2140490131599971,-0.13933420928748405,-0.09020854995019345,-0.06555068185232983,-0.058869354837286635,-0.05944758172763717
BLZ,ssp245,mri-esm2-0,-0.006076549985235554,-0.28060011988619427,-0.14684731051276642,-0.17380839572555318,-0.02782201717420297,-0.05859622630194763,-0.045718850596849346,-0.03742280365536409,-0.0605528338959275,-0.0453596911526262,-0.040209314104194954,-0.04890057562294413,-0.02997289434161544,-0.029148643704706476,-0.021945592903753114,-0.020569929304732688,-0.01903603252414528
BOL,ssp245,mri-esm2-0,0.0032575961229189213,-0.04628270253926373,-0.002740991630569271,-0.03876895824588088,-0.01758922983505258,-0.011772388784002968,-0.01774393811443563,-0.021779060726174325,-0.010518832725011818,-0.02212849891640439,-0.011833151838935917,-0.01143626029545931,-0.01584251132424328,-0.013262251812966351,-0.008128842212174395,-0.005408605631067483,-0.007794550944751483
BRA,ssp245,mri-esm2-0,-0.047950360930438474,-0.03333377952441673,-0.014268160807789934,-0.034191800205088385,-0.026826521462625673,-0.030490081169469066,-0.03297283471272668,-0.032831858776579036,-0.02469631769920157,-0.03186149762586673,-0.031291126339627766,-0.034298062058243456,-0.020678288124060234,-0.023553085724190185,-0.027732235757950533,-0.019994617417886478,-0.015333727795517161
BTN,ssp245,mri-esm2-0,0.0023597907017282723,0.00026691855573084946,-0.0059059999711299225,0.0009839512514751832,0.0006873220684944294,0.0001276414847244881,-0.00015655748605942604,-0.0009946449619308065,0.00021006846956753887,9.032393501741123e-05,4.498632811042955e-05,-0.00033784311640003306,-0.0019697673052419128,-0.001536646380975127,-4.32634887573591e-06,-0.0004994343613830317,-0.00044833058101636863
BWA,ssp245,mri-esm2-0,0.002607252765212643,-0.009069689273752308,-0.002334649692314918,-0.005346378957539342,-0.002504036551253485,-0.004500731186343322,-0.0021302460170532175,-0.0011062958246968971,-0.0017065817644204954,-0.0016640653911868793,-0.0008152200052216507,-0.0018970345901490166,-0.0028999653311978586,-0.002103798554452606,-0.0011480360225443915,-0.0021754360739695386,-0.0009882613165606198
CAF,ssp245,mri-esm2-0,0.05402012942598123,-0.16871453175835396,-0.040231590037248584,-0.10374487316653692,-0.15727549361364815,-0.08773934052957298,-0.12102817534330464,-0.09282164256871452,-0.06875193257852577,-0.10518440761397174,-0.04691899875757039,-0.03732111615784893,-0.04416249084218047,-0.03709029732007389,-0.0216128380235715,-0.02455520027545927,-0.023584007387565466
CAN,ssp245,mri-esm2-0,-0.0006376604943226133,-0.0037025620060514375,-0.0007518398685640018,-0.004481345371799823,-0.006289022548672992,-0.003953901103161009,-0.003657923695203647,-0.0030847854840921505,-0.0034033306718469405,-0.003849301686537138,-0.0009869346365519614,-0.0002885840568314749,-0.0031809368911806125,-0.0028785439175511326,-0.0009575922101097312,-0.0007234691573131107,-0.0021218897398247584
CHE,ssp245,mri-esm2-0,0.0002777553743409074,2.2512339494127743e-05,-0.00037655170890381665,-4.305826730211558e-05,-0.00022896685438970513,-2.841755207982632e-06,-0.00032949713995773425,-8.4681161001248e-05,-0.0002063617290431286,0.00014679486811897696,3.4373448145553596e-05,-4.7041603717105095e-05,-4.019019784403307e-05,-3.239391307185573e-05,-1.7456126379498268e-06,5.505762491758706e-05,-0.00017491165533492758
CHL,ssp245,mri-esm2-0,-0.002457589208075571,-0.0013591830310080804,-0.0014838482581894308,-0.0009189173258349766,-0.0011872492628960108,-0.001395306751366545,-0.0009201691541801626,-0.0013754424158621973,-0.0008672488608628913,-0.0007975154709622427,-0.0006445550572665619,-0.00124408117368142,-0.0011224021021105151,-0.0007612382018889908,-0.0008655109892909265,-0.0012890549844684109,-0.0008120621514409051
CHN,ssp245,mri-esm2-0,-0.027534737266014304,-0.01913813136687344,-0.03603605397127395,-0.04378605935033185,-0.03500567031948672,-0.012136434666953178,-0.017019339287483844,-0.029968155334029946,-0.034098348354100014,-0.030314907879089997,-0.02072939845584729,-0.008746853573014739,-0.04157043656459459,-0.01850253875273218,-0.033574418584734096,-0.022938665944195476,-0.023138165989509515
CIV,ssp245,mri-esm2-0,-0.0778040793639099,-0.035882871506476365,-0.0030329529898603064,-0.021423055668286076,-0.031178781982376395,-0.026338820482804882,-0.019528387206029976,-0.01843372275232928,-0.01074260957202103,-0.013428331012592179,-0.009043766336622192,-0.012489196562122896,-0.010977994557981346,-0.011506214134998988,-0.007894004931599509,-0.00730876088988611,-0.006754833211826354
CMR,ssp245,mri-esm2-0,-0.03260113308634559,-0.06061867020881787,-0.0016081090498836657,-0.009551928198823254,-0.04968297193880389,-0.04487393685638505,-0.044540907127777675,-0.039580866576342154,-0.03022941309646772,-0.04286186999561209,-0.020774251985238884,-0.022230761994114535,-0.02639458480778443,-0.018877915070520595,-0.013639105348029477,-0.01134059817143891,-0.010443826507833506
COL,ssp245,mri-esm2-0,-0.0008898696596372072,-0.0007609973863115758,0.0009384609393112199,-0.0030053393344511526,-0.0037868132079904044,-0.007032011014405549,-0.004569882803173017,-0.005687571127528178,-0.005503346834065124,-0.006829520817631803,-0.004649563382703692,-0.0034583797002749723,-0.0037205553137261696,-0.0035287096863459537,-0.0028928743752735437,-0.0014364456000704098,-0.002767277211080086
CRI,ssp245,mri-esm2-0,8.816028771065433e-05,-0.00036422090882033383,3.282544967116421e-05,-0.00016894714575532252,-0.0004071280564534064,-0.000705693434574839,-0.00032733382766377396,-0.0003501542501880756,-0.0003409268983651165,-0.0007076106350353781,-0.00044260132391438196,-0.0004900918513809005,-0.0002910298918400244,-0.00025797084241457625,-0.00024165746611597564,-0.0001712392833456308,-0.0002155994573219573
CZE,ssp245,mri-esm2-0,0.002183631587931541,-0.0011804152097960054,-0.0019564462660543102,-0.002268093212669168,-0.0006608197493950107,-0.0007962773600983343,-0.0008684387952880793,-0.00043928866076437597,-5.58339591756438e-05,-0.0009585635700933959,0.00033206464350806327,-0.0009266567704312334,-0.000877078003883822,-0.0016247848901444542,-5.5554211497444744e-05,-0.0002701644995453455,-0.000820248075631813
DEU,ssp245,mri-esm2-0,0.0005714414288997236,-0.0006304236933713516,-0.0013914798271737483,-0.0010126842098570855,-0.0006437031446802596,-0.0007841169455063339,-0.0012693553724297953,-0.0002191020522577222,-0.000929359612696161,-0.00019609373802249676,-0.0001442701366689293,-9.46389964952817e-05,-0.00033732844630649054,-0.0007663403346467682,-0.00020314959087812604,-4.1627741772941966e-05,-0.0006107013643714304
DOM,ssp245,mri-esm2-0,-0.0012037206413329624,-0.0014972714299002097,-0.002271267085086608,-0.001427695385176499,-0.002934481099488701,-0.0021646814540067483,-0.002671111190883048,-0.0022044533563349345,-0.0020954785793936125,-0.0014080701514288575,-0.0020759688046469906,-0.002143277953737142,-0.00207744538226699,-0.0016290998929233333,-0.0018597662095556629,-0.0018729529748557493,-0.0015605019118878245
ECU,ssp245,mri-esm2-0,0.0029194806019359368,-0.018992607066343023,-0.014626950817035413,-0.012313584388560743,-0.00785830769131672,-0.012921875179597983,-0.01306812135390253,-0.016631354861624613,-0.011883952890120609,-0.009920572828510317,-0.010213793294247242,-0.009376677477438597,-0.01127604145276659,-0.007940716340900458,-0.006875455571891237,-0.008583000269925454,-0.004924556192130284
EGY,ssp245,mri-esm2-0,-0.06737360510726753,-0.030543484096752022,-0.02437988361376068,-0.02493629961587554,-0.021367160454486816,-0.0180511642267208,-0.016240127333596543,-0.013178817976350121,-0.010868722515180668,-0.010969161521584619,-0.009430748482680823,-0.007231585455657703,-0.0075741921400075615,-0.007815351009399821,-0.006385958434458894,-0.006496892126604497,-0.005358484373352614
ERI,ssp245,mri-esm2-0,-0.06748332521794854,-0.17637115184505697,-0.15053687452373798,0.05351533120122459,-0.21080901206737318,-0.12151729091618478,-0.1565921253583602,-0.1914306720007273,-0.1550643866475699,-0.1525963657262265,-0.1609248335178,-0.12115538092131789,-0.10730996822501213,-0.10430735287687048,-0.07320981785212585,-0.03765824480696488,-0.06742736411981837
ESP,ssp245,mri-esm2-0,-0.00525327479681308,-0.00759471029465001,-0.00588161158908142,-0.0028527853775486183,-0.008678268276743287,-0.0010099099641439795,-0.0020246261982403233,-0.004880827647525008,-0.006927874872848466,-0.0012575868788164105,-0.0077093335327170585,-0.00854031976025059,-0.0092239487255724,-0.005604759968076062,-0.0034814615420181477,-0.0026446976407302216,-0.0038122949668922684
ETH,ssp245,mri-esm2-0,-0.010159275664406726,-0.037664593864357075,-0.02369600643992657,0.0007069801365983694,-0.027970345860968204,-0.0036157840757251505,-0.010016987280739263,-0.013671415792391986,-0.011641429604654321,-0.005642962769342261,-0.006830469773358177,-0.007417712730288411,-0.004589668307346225,-0.004641933291539503,-0.0022517049832057774,-0.002066668156346231,-0.0035955520109934554
FRA,ssp245,mri-esm2-0,-0.0009493301817564209,-0.0045207965374064124,-0.006672703206079721,-0.005158811464865411,-0.00697699806597268,-0.0018511788785874127,-0.004914405380623782,-0.00375712532303626,-0.004962365856226489,-0.001175825125145625,-0.003318473002455238,-0.004652943985890567,-0.003224913074524452,-0.0034392499626145026,-0.0014409737113823705,-0.0010627149071155326,-0.0026213247778304363
GEO,ssp245,mri-esm2-0,-0.000843316494780032,-0.009028296458655756,-0.0037638233510316815,-0.002045181534832464,-0.02076604459620104,-0.008450070421312659,-0.008742731759050338,-0.008750094715802686,-0.004391820485300661,-0.007549947616447882,-0.005112715420691767,-0.011113422201012977,-0.00888690636528441,-0.013331690345463172,-0.0061958348782187546,-0.010805824228742987,-0.005437320171526139
GHA,ssp245,mri-esm2-0,-0.0974039334991176,-0.04217846392247652,-0.005697539559754928,-0.017675096944455074,-0.03777815797828524,-0.02708142138562533,-0.021998326274161338,-0.02142576170691301,-0.015407113694804412,-0.02041786347502775,-0.013991295701513945,-0.015165676815571903,-0.01349935312237117,-0.01248529255336809,-0.010553306926649348,-0.008178540794281375,-0.008196874924574953
GIN,ssp245,mri-esm2-0,-0.047889665445856586,-0.03706745052925779,-0.005907508530317706,-0.01998557131782438,-0.012418661151683412,-0.008378680007606509,-0.007465361775532135,-0.00949917413288132,-0.006571291414945944,-0.006756776993618107,-0.003944813892239405,-0.005206859078953905,-0.0038627845551460075,-0.003658394474112531,-0.003427326383434792,-0.0035139852462291662,-0.003214112849721422
GMB,ssp245,mri-esm2-0,-0.03468636216973825,-0.03057068581719135,0.0033735638237251454,-0.024727636325180023,-0.021883615742101025,-0.008975001090281081,-0.009323790749695101,-0.0068674246212996415,-0.007403895347010201,-0.007372479621007777,-0.0048954503462879375,-0.0055567779836858495,-0.0040099489457135675,-0.0034145855562636566,-0.0030314623161219593,-0.0026059723071360755,-0.0026871874728821676
GNB,ssp245,mri-esm2-0,-0.10822876397566424,-0.14154675933237562,-0.016396639264146987,-0.09945513382041508,-0.08046043500850772,-0.04049391389060179,-0.02517525120495948,-0.03518365694434344,-0.029923187860352127,-0.034395862689735254,-0.016744265187496145,-0.02586931084506161,-0.016515301526749984,-0.014478798423412683,-0.01365889342247253,-0.01258077050235627,-0.012881782679062124
GRC,ssp245,mri-esm2-0,-0.004503321387183448,-0.02441005285937144,-0.010821675997769703,-0.009094724653670094,-0.015666706096308245,-0.016540912063452283,-0.014851388026540163,-0.010764918396772185,-0.008775486621162046,-0.010594841099256323,-0.011156710151138902,-0.009456800296246536,-0.012654147578394975,-0.011814268763534263,-0.016371610088432784,-0.012198811341906006,-0.006940014267170565
HND,ssp245,mri-esm2-0,-0.009855849653238368,-0.10529766080717756,-0.03488497475639378,-0.05154681683489273,-0.04384974070848029,-0.04211731727593416,-0.023590790291957976,-0.01949431076854847,-0.0226701717690556,-0.0265210249219305,-0.021221079089773404,-0.017689913210580534,-0.016541894377330748,-0.00854659370861587,-0.011246363711525082,-0.007038169669648178,-0.0076459051551159155
HRV,ssp245,mri-esm2-0,0.006039652752635641,-0.17468347272715637,-0.12027043032560167,-0.25462671255802766,-0.15903650568064112,-0.17635996868370205,-0.2631822512525225,-0.259705635805243,-0.152318501266624,-0.16224162290914618,-0.09398310411776291,-0.6429821675881253,-0.3724641650093867,-0.2593146001803355,-0.10573577906179858,-0.12343189927879708,-0.11158039258569842
HUN,ssp245,mri-esm2-0,-0.00754983552223496,-0.01408525437877503,-0.013901825166362826,-0.018661077773989943,-0.014161663657009086,-0.020043841731635013,-0.01917351528974729,-0.01807327599965737,-0.01853961158833988,-0.013972537629684773,-0.004625650073339712,-0.028496617248659522,-0.018997056800728836,-0.026989744088657168,-0.004812520044953876,-0.008131523348652832,-0.007187025400309779
IDN,ssp245,mri-esm2-0,-0.02673480221759772,-0.031593606959851944,-0.016147170414226107,-0.04270671817146682,-0.03186545060190597,-0.03197644359604164,-0.03977127802135315,-0.03616611407249672,-0.022035724021592915,-0.03119918794787023,-0.028527049785510038,-0.01971716974058238,-0.02316341841219264,-0.02465656041118278,-0.02376961738333988,-0.014718172394994624,-0.018378107288478787
IND,ssp245,mri-esm2-0,0.0016199224827759598,0.003085525988049696,0.0010748555950427486,0.0009142419455736727,-0.003850531672774202,-0.010723026568179361,-0.0039526093418418866,-0.007976247919253653,-0.00322029199312434,-0.011200149941804877,-0.006862936474620913,-0.009350525556815571,-0.004837189663410968,-0.006563423578982982,-0.007414649000096026,-0.003067547338104061,-0.004544497449497292
IRN,ssp245,mri-esm2-0,-0.0012200117481245463,-0.000370127154515243,-0.00040195266018459467,-4.3247058441189674e-05,-0.00045000845228883974,-0.00021043195095372776,-0.00013101118227628225,-0.00033497475935003574,-0.00015886848087953004,-7.563133748944235e-05,-0.00020221784326762403,-0.0001419479404580609,-0.00014324647439090802,-0.00011279178104387267,-9.793881778731939e-05,-0.00014944254393482997,-8.347625686402893e-05
IRQ,ssp245,mri-esm2-0,-0.029443672896049627,-0.0406263614112811,-0.04278630121962224,-0.02838435803205982,-0.03665050169356885,-0.030920692849307874,-0.03161615001708011,-0.028252858570946643,-0.02335126902557143,-0.02248691812362278,-0.02017356343009615,-0.017906244224314246,-0.01653160332421973,-0.014629618506686913,-0.011384292471913584,-0.009802452616848655,-0.007855857748343248
ITA,ssp245,mri-esm2-0,-0.0005378672721062605,-0.004213591742463232,-0.0029281449885206873,-0.0019542656964145777,-0.0059552655054980605,-0.0012969449082660127,-0.003675141188383522,-0.004269027149208381,-0.002064843835957241,-0.000712777020233481,-0.003688846348176541,-0.006512807645729687,-0.00465098757489277,-0.002608023180104326,-0.0022430547116570557,-0.0016381850109718529,-0.0028774784289760063
JAM,ssp245,mri-esm2-0,-0.00039224173461289996,-0.0010886184848159567,-0.0021562435246393983,-0.0014262600469531063,-0.0013894476586881039,-0.0030935887501608154,-0.002949351622817503,-0.0029454556742595788,-0.004338738164617506,-0.0016885273752090255,-0.0025291234504847136,-0.0037377915681410874,-0.0031443689561058193,-0.0027198698927399295,-0.0038880506633864353,-0.0020820489626809575,-0.002074321788606953
KAZ,ssp245,mri-esm2-0,-0.0026329413379807625,-0.0012962627986666303,-0.0036105720573175646,-0.002472115319990486,-0.004256336209450151,-0.0022133826838771553,-0.001250582691646197,-0.0009103196882546574,-0.002188571468765007,-0.0023206048700671364,-0.0026577743229874843,-0.0022243118600499567,-0.0008388170405320403,-0.001801644000568216,-0.0018682909133096535,-0.002736863453408433,-0.0018060997446264914
KEN,ssp245,mri-esm2-0,-0.00899159627847709,-0.04376405281676398,-0.023908362706051223,-0.015944967543460774,-0.01611031656133162,-0.014873737872123548,-0.017779913035087094,-0.0182616313395498,-0.018106289026415555,-0.0130075214707631,-0.012302677976371058,-0.013944853063524134,-0.011024296476515729,-0.00893824991395837,-0.0065115586950810845,-0.003878707563922921,-0.00815101982093499
KGZ,ssp245,mri-esm2-0,-0.010915389655637622,-0.004486831307980939,-0.06786092044170239,-0.021827176983943746,-0.10588421972812696,-0.024640716978542185,-0.04628801200293165,-0.04372391244168738,-0.02915880747438332,-0.0161995657586878,-0.035591572392398546,-0.009087807265450951,-0.009578659049542118,-0.006418250735634057,-0.024140772545284288,-0.029388187723000284,-0.007814451811540415
KHM,ssp245,mri-esm2-0,-0.154024561811184,-0.10465003328268871,-0.06827631153355429,-0.1392193234388661,-0.062287756473811316,-0.057021789145175694,-0.03708185951615159,-0.0493303163764206,-0.07369638312041786,-0.04348242490610516,-0.023502064406631093,-0.01362914968984633,-0.03306809233421136,-0.025851366389783616,-0.012164603581107436,-0.026073361457099493,-0.02227029771753387
KOR,ssp245,mri-esm2-0,-4.24858433916423e-05,-8.488185281716486e-05,-0.0001835589305403407,-0.00016258828857391977,-0.00011419932570315478,-7.088230959874935e-05,-5.7503858054570865e-05,-0.00015527005620653912,-0.0001228047362852124,-7.916417560316152e-05,-0.00010207501045000706,-0.00012040981721463482,-0.00014821264235993553,-7.048514303185845e-05,-0.00018206535108164206,-0.00011187295984939142,-8.712977748948459e-05
LAO,ssp245,mri-esm2-0,-0.09559136228381483,-0.01825923197931273,-0.007675952730079866,-0.02650490781242218,-0.00901001554369841,-0.011201109394287872,-0.012511017335052109,-0.011504401597848529,-0.01777513581740969,-0.008340706651078543,-0.0033352011022495915,-0.004305830755320138,-0.0105396859110387,-0.008698655629708094,-0.003418231254757466,-0.0089611855119657,-0.007507588892603903
LKA,ssp245,mri-esm2-0,0.0012613696429974225,-0.0004959594633014905,-0.00024997463431307556,-0.0005926757344971691,-0.0006207804920959941,-0.0010518902102338488,-0.0008206097478058278,-0.0005566029505788824,-0.000991230794386799,-0.0005505289679677952,-0.0009334672352140421,-0.00041766088389589656,-0.0006770690665076803,-0.0008857986589919323,-0.00048054658548545996,-0.0004814028240140943,-0.0005396715550230346
MAR,ssp245,mri-esm2-0,-0.0001782488130928309,-0.00046951880228710246,-0.00015445349038131952,-3.3472548208453826e-05,-0.0001535492690581322,3.011835886807049e-05,-9.169043720850026e-05,-0.0001900413203473783,-7.842540709302782e-05,-8.884438935479193e-05,-0.00018437420447408304,-0.00012163882398469641,-0.00017688289665519349,-9.742070121672292e-05,-7.662296386264526e-05,-0.00010576731987001435,-5.7446194117706784e-05
MDA,ssp245,mri-esm2-0,0.007675444670098353,-0.11554873217465803,-0.03452015870322301,-0.009917752468992312,-0.07152085368277647,-0.08020676395123415,-0.05005911341038101,-0.04417875758472319,-0.13573154691468378,-0.05944891781485761,-0.017791061868217554,-0.09854090463884416,-0.07181535281375852,-0.1396640893314937,-0.0427866847376122,-0.041268385596036454,-0.021154356879570884
MDG,ssp245,mri-esm2-0,-0.006270521879549295,-0.001246898140818936,-0.004566008737362138,0.0007332462144161773,-0.002639133407687902,-0.0007722276036266535,-0.001327764937519883,-0.0020870347797136398,-0.0012111256059080444,-0.0012965494517314807,-0.0008738942568397904,-0.0009294300725110398,-0.00036214580437000856,-0.00033553735634731034,-0.0002620968910123886,-0.00041877473741686706,-0.00033155394266051535
MEX,ssp245,mri-esm2-0,-0.016230905113893287,-0.022874824181615926,-0.00713281384293727,-0.027434175444257098,-0.012138225780017293,-0.034815638523287167,-0.019395527239144398,-0.019631241280176005,-0.017872620555733878,-0.028464305941323275,-0.014551576822352183,-0.010363312299677803,-0.012235258038513537,-0.010317832333219038,-0.017848006341883688,-0.014400507031612044,-0.016626185653022284
MKD,ssp245,mri-esm2-0,0.0036267860252927587,-0.016491583713675706,-0.003295358355639534,-0.00874990980996115,-0.010348478477168622,-0.008062018840890266,-0.005576638905464532,-0.0063061779336735365,-0.005394145137939162,-0.005476213391261733,-0.005396683779880426,-0.013406494292121342,-0.01536422348692503,-0.01363892841559991,-0.016776520285720336,-0.008267243072243217,-0.009736815965635021
MLI,ssp245,mri-esm2-0,-0.3261051836939871,-0.37868650472717896,-0.07466073408228178,-0.23433592565723174,-0.2566550886355656,-0.1040083892585458,-0.1354672539040116,-0.14158182814634607,-0.14097872040593934,-0.1052508243833272,-0.07830272178659829,-0.07701307212427727,-0.0576512307375732,-0.04800428783351222,-0.04401837911237116,-0.040114021183012,-0.036755024722930345
MOZ,ssp245,mri-esm2-0,-0.07169810837726848,-0.31368956432917805,-0.07129796964157036,-0.08623432482651766,-0.023050204393064804,-0.03471359124265347,-0.036495063405782104,-0.03049702193073829,-0.03006485267852448,-0.0330905790641467,-0.012391822682062566,-0.011684105023238188,-0.012286532864165221,-0.007783486773551688,-0.0056489277769069994,-0.005457968047277512,-0.007811825538812888
MWI,ssp245,mri-esm2-0,-0.30225719854776806,-0.2927066220984333,-0.08590547094635209,-0.18214083666140074,-0.062993499244906,-0.043961282299575064,-0.07325748422990375,-0.05610669617194147,-0.0526066782364254,-0.05803599794700874,-0.02097750584857868,-0.014827145906737166,-0.023273991980879705,-0.013713231811516622,-0.010175112127204842,-0.008267903898579267,-0.012489868120710845
MYS,ssp245,mri-esm2-0,-3.665880323820587e-05,2.6788662241234027e-05,-6.720402249518435e-05,-8.71813559512539e-05,-2.3897620872096464e-05,-0.0001322981908978927,-0.00013069765454955566,-8.179083474659083e-05,-0.00011082891196137171,-0.00013349748828526059,-0.00010519236968494407,-2.6316382554745172e-05,-7.065847927756571e-05,-9.810373510197425e-05,-8.886934309700615e-05,-7.571578283035146e-05,-7.230502893252306e-05
NAM,ssp245,mri-esm2-0,-0.016658042175198593,-0.021007365812280975,-0.011193743785005232,-0.027537064011848293,-0.003464769792922247,-0.025317129185841218,-0.019615651149368175,-0.004135375326965406,-0.005261821515999129,-0.013873979704233182,-0.0020918534121600165,-0.005761389490273032,-0.013651445094180299,-0.0066543138080142495,-0.0038014610517185764,-0.0040031019372451255,-0.0073641680072869435
NER,ssp245,mri-esm2-0,-0.00253185589659753,-0.0029524000350181143,0.0005541205739440928,0.0020499571268138886,-0.0017595696537506878,-3.5010793597467586e-05,-0.0006661945673435395,-0.0005309869294704298,-0.0006817005020957346,-0.0004748327693613724,-0.0003013476562216899,-0.0002675158980116177,-0.00017862016599406292,-0.000132422755323899,-9.754321819200672e-05,-5.989949913170814e-05,-8.472749599087372e-05
NGA,ssp245,mri-esm2-0,-0.02710917918417648,-0.014787335689753515,0.0003691643790075466,-0.00024403929612503857,-0.015561085460346423,-0.008931976557786487,-0.009268263287418378,-0.008365089394404881,-0.006085738239629657,-0.006798129752144856,-0.003652530588090133,-0.004400609590275316,-0.004075024319184616,-0.002809424517910825,-0.002246773006201814,-0.0016761103570047606,-0.001843337933323558
NIC,ssp245,mri-esm2-0,0.006141351326167107,-0.053409381391825377,-0.00715693593408132,-0.008264902554294571,-0.03399121017345597,-0.04104621339658446,-0.017226998196998623,-0.016121346617855473,-0.016977546827309405,-0.021363597718612518,-0.01855657740883659,-0.02209512621682628,-0.013950694853018229,-0.008059602796141119,-0.00861482174584455,-0.00571852147318676,-0.00592429268719132
NLD,ssp245,mri-esm2-0,0.0001176436057485704,-3.86433928340355e-05,-0.00018582906437376685,-0.00037968138649187115,-7.313090320660365e-05,-0.00020920931108417437,-0.00023741707273650453,-5.34047941459829e-05,-0.00016448968258378166,-4.594845798620026e-05,-2.084568409424558e-05,5.354620372432983e-05,3.501625526457136e-06,-0.00018788148671981968,-6.172582361117505e-05,1.5287313377560797e-05,-8.189348208245032e-05
NPL,ssp245,mri-esm2-0,-0.009059675956956873,-0.08383465192782164,0.04535669762319865,-0.08041879130533518,-0.12509925290609736,-0.14917785126700242,-0.060699813854296236,-0.12189479779038609,-0.1063019031381155,-0.09650520102350509,-0.034258983213319945,-0.05213212584462555,-0.06122061202187255,-0.05304091078420257,-0.04802995531460878,-0.03576753070171921,-0.03386091526742188
NZL,ssp245,mri-esm2-0,0.00010096306265444412,-0.000129684740787084,-7.206725446172254e-05,-8.180662197056901e-05,0.0004728290111279707,0.00011473732478788056,-0.00023000765326902151,0.00011228051000546992,-8.204479800163074e-06,0.00029221751386669263,0.0001114945839002427,2.449737079500833e-05,6.080027494031151e-05,0.0001368311442804682,-2.7095778109881612e-05,-0.00048317932289675976,-2.6939070752742072e-05
PAK,ssp245,mri-esm2-0,-0.006464388241898991,-0.013414801981314482,-0.014620178956877098,-0.010219342735812082,-0.022065738663166756,-0.01852266553670314,-0.018049852362978444,-0.021403731264833206,-0.011673478508567033,-0.017669116946692806,-0.014112243186456526,-0.0068239424556892254,-0.008175430691529356,-0.0073002237329305286,-0.008140471186609924,-0.006189060667125113,-0.0056711522516372645
PAN,ssp245,mri-esm2-0,-0.002108104353875956,0.000425984331997149,0.000797988910988933,-0.0017872882346289987,-0.0015456199606109463,-0.0042745714936132054,-0.002859992105902322,-0.002373222991709334,-0.0032373757869640684,-0.007119249879910326,-0.0036767703412683857,-0.0020736361780293038,-0.0028906624342689507,-0.002885627026200661,-0.0021990006684741298,-0.0008515906827863795,-0.001365495431281132
PER,ssp245,mri-esm2-0,0.004556328596770174,-0.00430944050045041,-0.005001353365093888,-0.005880067649408855,-0.001962946770489936,-0.0031067970206378093,-0.0017494917384413276,-0.004438576383606438,-0.005218918381232517,-0.002142299763000575,-0.0016791164632635849,-0.001612079565268059,-0.0029063024047656376,-0.0012168614644302521,-0.001729377217898783,-0.0022541049560806737,-0.000267340439853535
PHL,ssp245,mri-esm2-0,-0.01734964014611018,-0.01831164236226735,-0.02464819592034411,-0.018443085693649143,-0.01836563418493513,-0.028675954904420636,-0.015300196658836867,-0.014259384043401553,-0.01768603028945946,-0.018398580272181508,-0.013992276801877836,-0.006718384342782992,-0.007860785093678721,-0.007723311249920702,-0.006561325554939355,-0.008522637091530857,-0.008879340558371052
POL,ssp245,mri-esm2-0,0.004184842180213489,-0.007058259997351252,-0.007723892741903065,-0.01543977229934891,-0.0015128325890993938,-0.0032129225809328257,-0.004176588913041573,-0.004877992954079533,-0.004528078919475422,-0.013534255339377469,0.0013708381543251517,-0.0034312729641792486,-0.006199398226460958,-0.016065163976281327,0.00043347748146915294,-0.0037130825207172865,-0.006191054710898082
PRT,ssp245,mri-esm2-0,-0.007358041339624266,-0.0051552488179426,-0.00763813765126488,-0.00771566247477951,-0.005817828972321523,-0.0011795093028479137,-0.0024180623174692227,-0.0046357235904068315,-0.00760751756096007,-0.0005176294893901728,-0.007277070828293207,-0.006651052584080956,-0.009080404395928157,-0.00557748909560066,-0.004218044784958094,-0.002435187080552064,-0.005533642191174356
PRY,ssp245,mri-esm2-0,-0.10739443926209268,-0.1889336869993423,-0.11585715113821421,-0.13797634747159596,-0.06968183220949292,-0.010300525841061415,-0.08896272254480111,-0.11588198659331685,-0.0653981016490355,-0.03700118142612182,-0.03547716950276826,-0.0521973046893849,-0.03938920641154461,-0.04932459132290691,-0.062465348636417804,-0.04026678121415555,-0.016681893929766288
ROU,ssp245,mri-esm2-0,-0.00255507106291686,-0.05625217851192263,-0.021333480923446998,-0.0323803099179499,-0.05020149178386271,-0.0805713695465346,-0.050614399698619694,-0.03285609353934157,-0.09757859003174021,-0.06104415497605245,-0.02362167203202318,-0.12286793074839546,-0.07183644660184388,-0.14851724282510406,-0.0692667180336778,-0.0548900166482176,-0.04153785283338136
RUS,ssp245,mri-esm2-0,-0.006488391411893237,-0.005215395227197668,-0.0020018149074024745,-0.003720301826360416,-0.00460703300330862,-0.004527859139507152,-0.004013330778878903,-0.0020110859482123287,-0.0032705484384480165,-0.0019952719668557915,-0.0016047989215131687,-0.007603627398598791,-0.0030759333651149624,-0.005679027692890513,-0.0013171085110854036,-0.0030021208780643517,-0.003177510656688554
RWA,ssp245,mri-esm2-0,0.006187173345372594,-0.018560345447708185,-0.0176137657688889,-0.0047698747875501565,-0.0034953935308043096,-0.0032097940302931527,-0.004479631620868807,-0.002672277860691035,-0.0027000193784021895,-0.003748294704894624,-0.003660139245434981,-0.004449462627417519,-0.0038268053283642064,-0.0037036828493047804,-0.001170943849386655,-0.000796716098667875,-0.002551936986557878
SEN,ssp245,mri-esm2-0,-0.10474539847748857,-0.08699291934895788,0.005800853768835601,-0.0967054126055404,-0.08572941681724258,-0.033986910060998986,-0.03661183856897822,-0.03004990103607706,-0.033537847321365305,-0.033623941499924204,-0.0213425211181664,-0.025029645154002023,-0.017046431265284802,-0.014645187191736955,-0.012843418673802568,-0.01106308543928328,-0.01132597969637163
SLE,ssp245,mri-esm2-0,-0.014216323772773041,-0.0031959381029532845,-0.00039637918247791703,-0.002508415461835971,-0.0020255157876568467,-0.0017075838622163779,-0.0015801059093320175,-0.0016679024094941423,-0.001236006916292627,-0.0013675250165307118,-0.0006910483587859503,-0.0008440377735089332,-0.0005742305765245779,-0.0005090446041761809,-0.00044012782131256126,-0.00048644892912839526,-0.00047665723320914905
SLV,ssp245,mri-esm2-0,0.031547162720953974,-0.10056184295406848,-0.042947980676115965,-0.13367873817043935,-0.0833875644023555,-0.092665936501624,-0.07982690218889658,-0.05120817622599443,-0.07969981545480956,-0.10462391790753092,-0.07482832039874261,-0.05417632213035427,-0.06608578503346314,-0.05629849000592255,-0.08201652643075458,-0.04133411683417125,-0.05683091066601056
SRB,ssp245,mri-esm2-0,0.025000398715718623,-0.12396793876007961,-0.07764710770939623,-0.08405182598400905,-0.10185789473433954,-0.12197877327804446,-0.12261844511315188,-0.11846228147454649,-0.13472295238442422,-0.09028503188660594,-0.04574327400267748,-0.21788451691778457,-0.16043262106841852,-0.21439497988240291,-0.09333743006102348,-0.05939116120775168,-0.0714658642327129
SVK,ssp245,mri-esm2-0,0.00022726690341960936,-0.004188072803065608,-0.0036290440500407525,-0.006864092179686362,-0.0045591637684599135,-0.004877363865968614,-0.005333473144853535,-0.005623759546301634,-0.0035225256483155747,-0.00405656770443196,-0.0005087726106383506,-0.005219591393306212,-0.006151986872344572,-0.007429926890342459,-0.001213610417743638,-0.0022110886366093953,-0.0023662971125530665
SVN,ssp245,mri-esm2-0,0.00422973777062989,0.00039907457953127466,0.0002825508213707468,-0.00041162759786606684,-0.0011911630669942377,7.054901819896187e-05,-0.002591931322360422,-0.0008541899241320594,0.00043470126265724427,0.00042257295822354686,0.00018908873426927956,-0.004050386641459614,-0.0021784818894178192,-0.0007859835257014883,9.299598999134145e-05,3.580060561907698e-05,-0.0004835649995931791
TCD,ssp245,mri-esm2-0,-0.06948725819363145,-0.06948261847665585,-0.004039049520906475,0.07223606636463284,-0.04365844091169649,-0.012735507370815533,-0.025509640346586697,-0.027781712925389696,-0.01874519456957452,-0.019579327827509405,-0.011315795567516388,-0.013177008138066262,-0.008758650350885223,-0.006243811137837244,-0.0064630746666127755,-0.0034919701566140764,-0.004994960133043976
TGO,ssp245,mri-esm2-0,-0.2185342232470336,-0.15186069925638315,-0.01282636552032998,-0.09369818082674906,-0.2115634634199377,-0.12789169774384043,-0.10727787253604822,-0.09044271079491176,-0.052543827394448725,-0.08912995122939847,-0.05825277640827673,-0.053130873942565326,-0.050948013292721556,-0.04125078311624747,-0.026997018933771003,-0.022481138420944066,-0.021894174515174527
THA,ssp245,mri-esm2-0,-0.07278342692241324,-0.02737038527417954,-0.01787764151909546,-0.05672915002716556,-0.024276661398285097,-0.030124355316757542,-0.02435341203766442,-0.036130059339376214,-0.04066630473040827,-0.03027554523333876,-0.014228298769855218,-0.009714259380025582,-0.029484456038540427,-0.022945334348003416,-0.010173675077932197,-0.02649072264381616,-0.024617375745177392
TJK,ssp245,mri-esm2-0,0.006481543142602154,-0.011061125324071825,-0.02998446314593819,-0.0011112287845373961,-0.02352751661793358,-0.005159057978589438,-0.006512477831719869,-0.011085610194103243,-0.0061150786821334464,-0.00408580663961041,-0.00688185694675902,-0.002058250109271433,-0.002301535040408694,-0.0018359616989592873,-0.003824106038896966,-0.004548777184859773,-0.0018279855749063017
TKM,ssp245,mri-esm2-0,-0.0027669445168736445,-0.0027533669772357916,-0.0031920987676470826,-0.0014075341123982136,-0.0022392860946546037,-0.000940315877270293,-0.0005651088955372784,-0.0016628100400922134,-0.0010182830204877198,-0.0010018589007952544,-0.0011758261268106681,-0.0008119039445589212,-0.0007000476918794088,-0.0007723524337706055,-0.0009043062298807002,-0.0010825989141513962,-0.0008225908561868137
TUR,ssp245,mri-esm2-0,0.00015290637924819057,-0.001208580400974384,-0.0018347606872258398,-0.000991737202282781,-0.00176405917318797,-0.001801154958154258,-0.0014429355871106938,-0.0009093445132768905,-0.0012858340058290953,-0.001520704714389142,-0.0016227581930014483,-0.0008996889865232753,-0.0016202772038394163,-0.0017888803084133223,-0.0012942012436294526,-0.0017030959888030541,-0.0009021487243794908
TZA,ssp245,mri-esm2-0,-0.013276437389358726,-0.043198281257735914,-0.0006515666850139524,-0.0747028239765694,-0.011577355316567377,-0.013861418549986288,-0.02087275476726097,-0.016382885616978177,-0.020818170875003376,-0.022211583176632375,-0.006982720463046585,-0.012096807967246858,-0.014381559410694758,-0.006420328840825197,-0.004170839694908406,-0.0021895039835500285,-0.008085681007368055
UKR,ssp245,mri-esm2-0,-0.02720890318400286,-0.13427452557561473,-0.06464503025905631,-0.049922140316020866,-0.10384891703964234,-0.1259871425548007,-0.058987873582567484,-0.030630706716966778,-0.14127358740814489,-0.06875436957590532,-0.015430927810074348,-0.1167753019033952,-0.0723813915155292,-0.13794790327726458,-0.022361602941264516,-0.05442370825504997,-0.02739437050019215
URY,ssp245,mri-esm2-0,-0.010684884643546326,-0.0006203346382063899,-0.007173852414753898,-0.001818921738452656,-2.780953811252533e-05,-0.004723595387412107,0.00039204261297811396,-0.003830666357608629,-0.0031474124581726544,-0.0005534751656922437,0.0002920109519286966,-0.0027351084172971803,-0.005318371091613965,-0.0019288417207679672,0.00015001408203875387,-0.0036537403876151374,-0.0024734461908415225
USA,ssp245,mri-esm2-0,-0.03244010302695516,-0.02437601969739191,-0.00998123248009916,-0.014286655023208158,-0.017872255783055343,-0.014008688106238848,-0.024486083196327703,-0.022957140404656736,-0.0185652200525176,-0.014504275716538395,-0.017548119940958784,-0.01108283315555799,-0.016840353413751116,-0.01666142178351947,-0.013611306284525776,-0.010500175086605537,-0.02359344250471694
YEM,ssp245,mri-esm2-0,-0.0014392590278387268,-0.00042341554139886027,-0.0002672143786129402,0.0004959351876187104,-0.0008858872704672941,-0.00047397928911713537,-0.0005462721507649688,-0.0005294623417286031,-0.0003678497675118055,-0.00028920934650567085,-0.00037376868724629613,-0.000262857801292529,-0.00023036822160665843,-0.00025935673104633173,-0.00022598972013851125,-0.00016912520767551112,-0.00020752876387104583
ZAF,ssp245,mri-esm2-0,0.012109538183133612,-0.07646656958085818,-0.006928433802798508,-0.04085277112946657,-0.03066683086640385,-0.03442611351703619,-0.013914688465795452,-0.011637848281466205,-0.012953852800559747,-0.017809052398601446,-0.012989022630106482,-0.020041957845610664,-0.01901272784357839,-0.01162860770203403,-0.009786226749535547,-0.008774015331315534,-0.012044604409969663
ZMB,ssp245,mri-esm2-0,-0.06275596446173766,-0.1328789428792713,-0.01705031049385343,-0.05893614438144031,-0.006528001531984144,-0.0250545507328929,-0.028600392866359927,-0.01797396158202512,-0.015676394094750017,-0.019238229697756,-0.007083981262187041,-0.005385443897660952,-0.008425277513115746,-0.0060902948287459464,-0.004032821392397868,-0.003868939723674754,-0.004284553174192717
ZWE,ssp245,mri-esm2-0,-0.043529224816570324,-0.7901087025647702,-0.2602329015655124,-0.2786373674259122,0.018315580427235578,-0.20471614481448047,-0.13034605078388167,-0.12509545287764728,-0.14265594985517477,-0.14047801513801164,-0.048186615557244336,-0.05223719949632741,-0.07511250847942318,-0.050242845947427575,-0.030671737385580138,-0.04475670131608037,-0.046651894247749695
AGO,ssp245,ukesm1-0-ll,-0.018629656485478527,-0.015112875342995484,-0.01108249254072554,-0.020221438402280918,-0.01809408201218472,-0.019574571161834357,-0.024618917017620274,-0.020185998997158196,-0.015615548948720515,-0.01192856331688458,-0.006897730578068744,-0.006741317177548676,-0.007267343588670096,-0.005871684244982572,-0.0050827998585858255,-0.00519539983429601,-0.0035984189280720965
ALB,ssp245,ukesm1-0-ll,0.015233909171623511,-0.08834754335674608,-0.02453218159399089,-0.11077710128897415,-0.10959624192188919,-0.09318049169159837,-0.14845729763275167,-0.08182606869932445,-0.10165079455991509,-0.19396791349117715,-0.21383539802661203,-0.27843092256557,-0.2872504178620577,-0.17887163332723544,-0.29902044860753196,-0.32575785725277795,-0.35854744841470293
ARG,ssp245,ukesm1-0-ll,0.0006859578623229588,-0.004262387407651205,-0.004693469902798208,-0.0041494383370854595,-0.005224324739528749,-0.0024600396444934758,-0.00014104068467841975,-0.002447384616975779,-0.0017081908568789578,-0.0026396696262452873,-0.0029686212204837227,-0.002998806630059868,-0.0027550295144733073,-0.002302047099460454,-0.0027308591765313013,-0.0019815966422244823,-0.0016203697921075841
ARM,ssp245,ukesm1-0-ll,-0.002243863724863747,-0.0007191644642348826,-0.000509740133309542,-0.0010293257692315517,-0.00095193976891108,-0.0008579637056501869,-0.0017896390901530532,-0.0016756362084200853,-0.002669502610197287,-0.00154283904679189,-0.0012645162865031246,-0.0005799197188302805,-0.0007951126613186721,-0.0020443247312671347,-0.0017952692546001677,-0.0015224776003147653,-0.0017211613339819872
AUS,ssp245,ukesm1-0-ll,-0.0001984354244279101,0.00046694480307334074,-0.0006127538657714016,9.519180499232792e-06,-0.0007816140568301707,-0.0006458091139906163,-0.00031379450800395384,-0.0007021326612260426,-0.00044465767458324,-0.000762498967065296,-0.000732451646502664,-0.00045947758542245267,-0.0007617306598075102,-0.0003217151133962476,-0.0003359370482927783,-0.0005294368581119691,-0.000503153719502636
AUT,ssp245,ukesm1-0-ll,-0.004000261716701256,-0.004322606912633635,-0.003355707187961917,-0.005515144172162435,-0.007253524283647449,-0.0044774914928356205,-0.008742076196318073,-0.005751069954367428,-0.0010443308827414314,-0.006260770918504337,-0.010975865038291913,-0.011376130245377942,-0.009521923109772613,-0.004090559823843657,-0.009438920996648713,-0.008372147202702252,-0.011661609906561829
AZE,ssp245,ukesm1-0-ll,-0.02358972515441895,-0.01122832492339474,-0.006297980214484671,-0.014891963856576313,-0.018622794399595445,-0.01543688604672169,-0.024367483731920398,-0.02159090909865011,-0.03079030967474091,-0.01823846312097056,-0.018994956944461537,-0.010740205859572076,-0.012960411286327134,-0.017141062925567385,-0.014890388479525417,-0.011911187921824764,-0.012957742418158641
BDI,ssp245,ukesm1-0-ll,-0.08976628872659785,-0.14699194447161829,-0.06340515733922229,-0.080742101851923,-0.047998723891070086,-0.01609288372588439,-0.031458374933866426,-0.023144510440396563,-0.025778536310945142,-0.011897433453568135,-0.0189021344725991,-0.013523857624605841,-0.009872837032053682,-0.011642217397390632,-0.00870708710090656,-0.008594415063547809,-0.0071288792623505435
BEL,ssp245,ukesm1-0-ll,-0.0011047573842905755,-0.0007077087562484066,-0.0013315026410424867,-0.0003978509230973241,-0.0013776048866458927,-0.000192250155696948,-0.0010234636540266094,-0.0006343553648159883,-0.0006301813089495913,-0.0010909586116282536,-0.0010032364662456257,-0.001005614898802178,-0.0011928453606476403,-0.000619830885014787,-0.00048015610139923686,-0.0010767766416325479,-0.0012051131000365184
BEN,ssp245,ukesm1-0-ll,-0.49267411734847993,-0.4315880637457658,-0.37883800076326646,-0.23309070373307375,-0.3036499367134749,-0.256925633235954,-0.20623398953554137,-0.15898558590416173,-0.1397256280691754,-0.107283456918967,-0.1070131545077433,-0.07854865540098697,-0.06321863660902947,-0.05139678611973029,-0.0451515172945996,-0.03795697274949017,-0.03280065953986126
BFA,ssp245,ukesm1-0-ll,-0.6028144138447903,-0.4649924208527228,-0.4167354340569287,-0.2710296265047837,-0.21901332957065672,-0.1706612752246147,-0.11685010117290877,-0.08817770875167912,-0.0798728139339422,-0.05607257956614957,-0.060132549043810046,-0.03768207208447551,-0.03372393137127653,-0.026620274257763893,-0.02279638477590584,-0.01859775475274318,-0.017212558556829644
BGD,ssp245,ukesm1-0-ll,-0.013149932788602086,-0.016027154239876964,-0.011187377840085163,-0.0036611441143726284,-0.007089074628712701,-0.009423507614651638,-0.005415160517073667,-0.012146858030310154,-0.006673554060974984,-0.007603843555474968,-0.008615171608525981,-0.004409800944950547,-0.006582571572741722,-0.008393230081890196,-0.005484428251267883,-0.004890688418589645,-0.005802067733644466
BGR,ssp245,ukesm1-0-ll,-0.03538327443041773,-0.09102876633308168,-0.015249579982741374,-0.06377699611123941,-0.08215398233238509,-0.10982197523746103,-0.10799714942085616,-0.07231210504336123,-0.09208744267967565,-0.12269993702393414,-0.1465429134904916,-0.15395718254576804,-0.15811679770318376,-0.07411284194962077,-0.14821339300827407,-0.11705524379571294,-0.17854214854419603
BIH,ssp245,ukesm1-0-ll,-0.032731432653244595,-0.08174756646980551,-0.01812738487313292,-0.07890869941792737,-0.0687180959456888,-0.06769174419451693,-0.10109801841458096,-0.043594171646540246,-0.06814309328311903,-0.1237084368122242,-0.2084062407363389,-0.24727042873934194,-0.26179181965708864,-0.1253770417913127,-0.3513785452999434,-0.36788933950529595,-0.4815973525500507
BLZ,ssp245,ukesm1-0-ll,-0.03965709061252935,-0.06317643505064534,-0.20032348577684453,-0.15236632010097884,-0.1609972051990037,-0.1173113207042374,-0.12868078442643055,-0.07384509593249841,-0.08812616887115045,-0.08002284812781475,-0.07114838818811671,-0.05868440571104525,-0.05851528255291226,-0.04338945839644015,-0.03500706326373794,-0.044231956283899906,-0.03715172356218473
BOL,ssp245,ukesm1-0-ll,-0.05755651243543724,-0.05220790913729423,-0.09618692869931726,-0.02426888733155511,-0.07291497082134062,-0.05530515437553318,-0.0351111067153297,-0.044280457167942114,-0.028389554325606324,-0.027976211772668524,-0.03429555644307712,-0.022212657742776497,-0.027117856549279416,-0.02020862903347525,-0.0160109305694507,-0.020328463135927764,-0.012425727334603193
BRA,ssp245,ukesm1-0-ll,-0.09970489024252265,-0.04009290828672158,-0.08738881962717912,-0.04209724992409319,-0.0841313353209484,-0.07058379588830437,-0.04863741126103462,-0.06296537466707876,-0.05788066851132194,-0.05939024718177902,-0.061991903855746544,-0.05126018098580088,-0.06012239476743636,-0.05337019291584993,-0.04279914372539802,-0.05668091194735866,-0.03972700545109462
BTN,ssp245,ukesm1-0-ll,0.008239577764470275,0.0005956066159473161,-0.0005901278321787288,0.0013918004512575115,0.0007710038316940682,-0.0013512792701566505,0.00034096279535959995,-0.0011109023990389204,0.0003260976848243838,-2.263314158272287e-05,-0.00018608062402990336,-0.00019669937647920615,-0.0007896418009057652,-0.0009595675726340173,-0.00022837494780457773,-0.0014015267952052753,-0.0005858478737795903
BWA,ssp245,ukesm1-0-ll,-0.005749784209481898,0.0006911914758606476,-0.006575976666629809,-0.0017036718120852833,-0.005463167547087518,-0.0038650469956283927,-0.0029680431909158474,-0.004921508451149962,-0.0023764217607773184,-0.0017037970459562537,-0.003390220282425766,-0.003095773112811616,-0.0021227485236943724,-0.002206656608341081,-0.0020071994677542835,-0.0029332130054029893,-0.0024419408683175594
CAF,ssp245,ukesm1-0-ll,-0.613336741390763,-0.6990855881595852,-0.5219101290941568,-0.2820786796089639,-0.3816599338514291,-0.18645109577212135,-0.23813703366792077,-0.17509701629024227,-0.1488710264093365,-0.10180404245649848,-0.11041565496988891,-0.07479214305233385,-0.07114288643078436,-0.05683820063738633,-0.046386142175464815,-0.04482030560915975,-0.038390751390362673
CAN,ssp245,ukesm1-0-ll,0.00018753998424285518,-0.02067880793072418,-0.005648117419484792,-0.010818355249281954,-0.013440181199125215,-0.011907744113162567,-0.011172620919117067,-0.008288186087509615,-0.008551874669169788,-0.011173350850804295,-0.013710099210079003,-0.011008075817988482,-0.008130595825166747,-0.012695097798410583,-0.009704678359750828,-0.007005209626418877,-0.008575403262504347
CHE,ssp245,ukesm1-0-ll,-9.606634787353693e-05,-0.0002363941225432522,-0.00047315413056330246,-0.00015867097686282798,-0.00027446396202090393,1.9553349150179933e-05,-0.00010435336489313156,-8.854519675292186e-05,2.5377557981335247e-05,-0.00034895416070312703,-0.00033823476445106015,-0.0004820215648619241,-0.0003744535651997578,-0.00010670524630410965,-0.0002520538337747976,-0.0003757100633062847,-0.0004955637732616938
CHL,ssp245,ukesm1-0-ll,-0.0013737480483455979,-0.0007499360821686842,-0.00153726786891382,-0.0016913207679046314,-0.0021078192197961487,-0.0010073788076261163,-0.0010927474509761447,-0.0016625021914736058,-0.0013049864271198475,-0.0020700701409680188,-0.0015516368116427677,-0.001915699474555952,-0.0018438309192344415,-0.0017632004374540232,-0.0014245656800826473,-0.0016499601640953172,-0.001258264560514395
CHN,ssp245,ukesm1-0-ll,-0.038018388336456335,-0.07096938842220282,-0.02902618861882998,-0.026317385560221934,-0.044758827330332505,-0.05465132444263648,-0.051793171405535465,-0.05296614364455722,-0.05956711427745245,-0.05874596044093323,-0.05600432155004952,-0.05763960618771552,-0.055945147911724356,-0.05870453323790274,-0.06580705894111553,-0.08657266113195856,-0.0731542665295225
CIV,ssp245,ukesm1-0-ll,-0.13117010167491083,-0.07666237631565218,-0.10679354144107168,-0.035399589574454104,-0.059231041298476506,-0.04363622082981459,-0.026334308475712664,-0.023896570046338824,-0.023277843408054163,-0.017691755065124208,-0.019641625637131233,-0.015551257975603052,-0.012668209356868914,-0.010475563562284483,-0.010186360136001143,-0.008870383316840197,-0.008451721950058328
CMR,ssp245,ukesm1-0-ll,-0.07437090771824449,-0.11046479703563958,-0.07853487758776735,-0.055527416475597245,-0.09345290951856675,-0.05328232028121789,-0.05368053298037605,-0.05100211243589546,-0.05118888284310828,-0.034696332514625304,-0.04492227571257364,-0.031551140180477937,-0.029068764166527053,-0.027986725300319586,-0.02302719756062288,-0.02212866948531635,-0.019856530428602994
COL,ssp245,ukesm1-0-ll,-0.005483578105997836,-0.002709718959110325,-0.009175775876678711,-0.005556768320844902,-0.014431014667113228,-0.011670408795989094,-0.0057450145404598025,-0.010789824125008422,-0.0068048384323844404,-0.006591840568909073,-0.00893419172601392,-0.004648003359024564,-0.005266899504106426,-0.00546221366903614,-0.004226733775109091,-0.006996954526332407,-0.005149606207788448
CRI,ssp245,ukesm1-0-ll,-0.0011999885872755283,-0.0004935820350274232,-0.0008887571690198592,-0.0005143396931903983,-0.001362837025595072,-0.0011736585321733568,-0.0006181673325101325,-0.0008458023199997305,-0.0009090342182719594,-0.0008420769773750407,-0.0010103015248359116,-0.0009000551789317126,-0.0009249214722316698,-0.0009440237429413298,-0.0006468737223587969,-0.0008593623020562226,-0.0009355893672505644
CZE,ssp245,ukesm1-0-ll,-0.003596912236592241,-0.0019726191445832856,-0.002796013357260823,-0.0028977319363524784,-0.004664495543250939,-0.0036672997566861544,-0.004012479809820419,-0.0025459168666346573,-0.00022917774951747205,-0.0021664757778055775,-0.005777126746375687,-0.005028278499452848,-0.00463611658000348,-0.0027242915662773724,-0.004565415947794651,-0.004253438341275083,-0.006357036929134852
DEU,ssp245,ukesm1-0-ll,-0.0017161876445257794,-0.0009722361889831754,-0.0019363418380610477,-0.0010267064342233112,-0.002164640805384212,-0.0006129565505820253,-0.0017871725948693648,-0.0011292927008691727,-0.0007309076307145695,-0.0016388738370603493,-0.00209571493773967,-0.0022102655762259046,-0.00206829231908184,-0.0010169517846027641,-0.001456376452077082,-0.0019994226930255665,-0.002577319025889584
DOM,ssp245,ukesm1-0-ll,-0.0008361628015265068,0.00039050246579431635,-0.001979790601088168,-0.002232582788089827,-0.0026975785908268566,-0.0021482143636465723,-0.002784058082589229,-0.0019841311809377133,-0.002079855972534896,-0.0020209887873091897,-0.0013936559413738094,-0.0014009538000592356,-0.00201608077648921,-0.0014799396752593992,-0.0017311353842880367,-0.0017846670725666426,-0.0015764888917750494
ECU,ssp245,ukesm1-0-ll,-0.015008299585293988,-0.04925236888783034,-0.06258541300169136,-0.029294773329308348,-0.053479487949339176,-0.04588603821756543,-0.03662327155256945,-0.039515285763804656,-0.019285633868040514,-0.02474155824614156,-0.03397897185536521,-0.018815866642384268,-0.01812412537017322,-0.01734373508257004,-0.01640186759552834,-0.019507362874896614,-0.015249412687206313
EGY,ssp245,ukesm1-0-ll,-0.05808402467046119,-0.03970466005343499,-0.027233039710090206,-0.02322535829926407,-0.021114458685515015,-0.017136497177703568,-0.017444467357768147,-0.012305182054944422,-0.012138968723491437,-0.012225962518045547,-0.011278764232257491,-0.009520683465211897,-0.00894893781243477,-0.007755755527676563,-0.007624904261079427,-0.006798766110422623,-0.006889334247082827
ERI,ssp245,ukesm1-0-ll,-0.1868816244970165,-0.25793372965620553,-0.24591415447148468,-0.2507962650637469,-0.1895666073360715,-0.20240459981851075,-0.22278740517284906,-0.18113776972381615,-0.22045384484961564,-0.18050754495619406,-0.19088004001434092,-0.11844111196847001,-0.1166705285089237,-0.12303295412108295,-0.0833801369669794,-0.09195846120985651,-0.07067425053506343
ESP,ssp245,ukesm1-0-ll,-0.0077504315275088356,-0.0033705758938378785,-0.00332098618354852,-0.005852906180955637,-0.005668647554337759,-0.007659906192226986,-0.006353955015720006,-0.0070364763809757334,-0.009157373592151472,-0.007981831527651138,-0.010940883047974989,-0.00934431254176117,-0.008071832353575618,-0.008457711724636295,-0.007282707239437357,-0.007050674580895509,-0.006748719264461575
ETH,ssp245,ukesm1-0-ll,-0.07115606478028186,-0.034674000732592934,-0.03134401454878488,-0.02516880469483378,-0.017568506545832342,-0.008440434026728137,-0.01659510686907232,-0.012681509307147393,-0.013110072493232022,-0.0076469480359456395,-0.00977455021899658,-0.005268158771406614,-0.005933551963802077,-0.00716286398939268,-0.0035440485575649098,-0.0049052434440400305,-0.004629073675004795
FRA,ssp245,ukesm1-0-ll,-0.011952851723622438,-0.005737650174139003,-0.005121538091515514,-0.006638112306658774,-0.006891269472747545,-0.0019270394612172898,-0.005332783843390728,-0.004917999765322275,-0.0047943704582766354,-0.006807294658626916,-0.008339343746798187,-0.010117058689513316,-0.007663431326319733,-0.0044402703624748475,-0.005043312845271822,-0.008163400958361577,-0.007761508093240074
GEO,ssp245,ukesm1-0-ll,-0.04401107339241894,-0.011706814240288537,-0.004830710068519727,-0.011183901469945008,-0.013285353150103927,-0.017892287177750446,-0.031249051109315827,-0.023487910097470595,-0.03743724161896738,-0.01979177448037793,-0.023286757290615846,-0.009951685821807384,-0.01337449087542731,-0.030222180997187275,-0.03140355132530337,-0.02066669434095004,-0.027127935029126433
GHA,ssp245,ukesm1-0-ll,-0.2264419226846943,-0.10822299773611957,-0.09298111674271961,-0.05513801902386713,-0.061592174960913446,-0.04739236661391812,-0.03773590715948819,-0.030684889453134974,-0.028206033162284393,-0.022653213428131595,-0.024540450842767902,-0.018958810910346374,-0.016228752573958498,-0.01371626648372274,-0.012875874354501294,-0.011154357276824971,-0.01053498142885152
GIN,ssp245,ukesm1-0-ll,-0.08696028637334854,-0.05415750705611061,-0.06711807257994404,-0.01185319605707845,-0.026497651278450825,-0.0210256454708649,-0.010008850306827266,-0.011023859915963542,-0.010653125630402483,-0.0067058815761494115,-0.009667511522243585,-0.006806920820061252,-0.006109155214174003,-0.004087497061266974,-0.004565082951658661,-0.003983039486459034,-0.004364115437137696
GMB,ssp245,ukesm1-0-ll,-0.0319096521212016,-0.05766593883610897,-0.04110239463040766,-0.027242105904833648,-0.019354973309898618,-0.015417897901186892,-0.012885473492431595,-0.009372719992726179,-0.009279679844751606,-0.006540793416941573,-0.00629947329939904,-0.004194142593260844,-0.0039041781337341088,-0.0035642227221047013,-0.002671485389688943,-0.0027230568598433846,-0.002217660179686286
GNB,ssp245,ukesm1-0-ll,-0.07637995981880008,-0.17613091090214478,-0.16845198813754234,-0.0742518248967109,-0.07634137369369043,-0.05769285317560929,-0.038600825437952034,-0.03478836276235366,-0.0410477355186782,-0.01903168825037346,-0.031040261084725417,-0.01887084623782111,-0.01775657286795462,-0.013747179014919276,-0.012510625245948452,-0.012740528798919041,-0.011528425347974314
GRC,ssp245,ukesm1-0-ll,-0.0016526804775067404,-0.02233910323263318,-0.0051747931008813836,-0.01558150478854808,-0.018105025409417948,-0.018251643700197485,-0.019271075689801378,-0.014153382773135473,-0.014304682849353566,-0.02067208669741219,-0.02056908257187528,-0.023000755494565817,-0.019669273149103158,-0.012991611649857224,-0.015775398277554656,-0.01590245442056946,-0.015987273230797763
HND,ssp245,ukesm1-0-ll,-0.011942102766879414,-0.033925751031322914,-0.08277386781411462,-0.07359072940855038,-0.08619508069944964,-0.07506795434367386,-0.056238671413066696,-0.03638375397063962,-0.04305967123425503,-0.04119389188736325,-0.032028304931316504,-0.03197647096683442,-0.028118471575248292,-0.024378742666096655,-0.017998945931903213,-0.021290194899082064,-0.020537837358048143
HRV,ssp245,ukesm1-0-ll,-0.027856295752966803,-0.25899270685599657,-0.09042055839283586,-0.2936771532365097,-0.2907814580952563,-0.2789882751771127,-0.47671309800262696,-0.2223324976299588,-0.23490846186788103,-0.37273713609247405,-0.6635976410546373,-0.730831775000259,-0.6865760981903467,-0.31826979676506867,-0.706842293152287,-0.6812184166390898,-0.8196113749594724
HUN,ssp245,ukesm1-0-ll,-0.055355552368431,-0.022038934518720986,-0.009136540591487321,-0.02966767205491381,-0.030892087470324653,-0.028115813239002505,-0.04571458717592677,-0.028319847571213138,-0.019646449763165767,-0.026316141673922412,-0.04617447524867838,-0.04659161903394227,-0.044088398252737034,-0.020885989806462796,-0.04192589966584366,-0.03658650719560161,-0.04512452368160062
IDN,ssp245,ukesm1-0-ll,-0.024292960582414584,-0.0208114096707898,-0.0587137385085327,-0.02213346111331017,-0.04467235863766731,-0.0509037343589415,-0.0374977049762873,-0.038632887495809655,-0.037055167628660665,-0.03082752315109042,-0.042997305821517014,-0.03037166067121507,-0.03502615932793975,-0.023366364086359864,-0.02688429059387653,-0.029550837332766863,-0.025466434217141287
IND,ssp245,ukesm1-0-ll,-0.011419903370724986,-0.0047844722066428145,-0.010956028508764955,-0.0034166825544531152,-0.009186674199035221,-0.004550051889970073,-0.01073776333729215,-0.009008775990469934,-0.009148473899615837,-0.009578091900956903,-0.010304553656446525,-0.005690205182919888,-0.0049205290713512165,-0.008310563203116546,-0.0056183255471571585,-0.005302673878691881,-0.005009115824547887
IRN,ssp245,ukesm1-0-ll,-0.001748410174755324,-0.0005087462142880778,-0.00023843878633889783,-0.0003274629190065351,-0.00031941468445910475,-0.00023091851695907395,-0.00031315490542213674,-0.0002726012305165192,-0.00030644140862234783,-0.0002153142656736542,-0.00017816777866278683,-0.0001604645962264893,-0.00018694047194728236,-0.00019522385021368554,-0.00017143600492493358,-0.00015882634361346766,-0.00014818371339659356
IRQ,ssp245,ukesm1-0-ll,-0.050256893592015996,-0.052033146924782406,-0.031688275844048305,-0.030441513296407742,-0.031007750994474746,-0.02870837438967916,-0.037461626597325,-0.02976433355953214,-0.02873012455601368,-0.025475442236016155,-0.020998940751551225,-0.014751904502835464,-0.01688140210806403,-0.014959088416670801,-0.012999748238581079,-0.011587114272666007,-0.009417063635843
ITA,ssp245,ukesm1-0-ll,-0.0014474902415746917,-0.002844481172797529,-0.0023741889565962924,-0.004100020214065678,-0.003723150976740773,-0.0023500036784859413,-0.00467993882300763,-0.002635260045588541,-0.0020263143445322426,-0.004582185759022651,-0.0070072809126961845,-0.009651998154788507,-0.008176881489841942,-0.004586338819006147,-0.0065072809155776986,-0.007132677434321407,-0.008538419628528453
JAM,ssp245,ukesm1-0-ll,-0.002030942442752247,-0.002089834104988835,-0.004857347774772156,-0.0027988378173113768,-0.005470310996959787,-0.005896761001869295,-0.006091587821798,-0.0025180083256784508,-0.003955001297617533,-0.004229418737784524,-0.003345702979632734,-0.0025460735865906977,-0.0034413910615933682,-0.0029817608865293005,-0.002807321939953201,-0.0037292598939520803,-0.0030619663623332066
KAZ,ssp245,ukesm1-0-ll,-0.0019325733422577685,-0.007051016645158932,-0.0015569884478408083,-0.004381277196383985,-0.0032606994984567205,-0.004007657770434816,-0.0039401511772770344,-0.00390834294657631,-0.005862381824410825,-0.004682126705844591,-0.00517238294706222,-0.004276176055132259,-0.00569558174015449,-0.004923262538102701,-0.005288617830481342,-0.005520915417751525,-0.005588113116357709
KEN,ssp245,ukesm1-0-ll,-0.07234571814057669,-0.059763761222749456,-0.043828544589548206,-0.03858342950359364,-0.033351020197540736,-0.02157615883148066,-0.030034219807529763,-0.01812367065300747,-0.018305529847651675,-0.01551312406215669,-0.015263995870445444,-0.014700613594533798,-0.012150773386755867,-0.01002329007193393,-0.008276591985668378,-0.008116067292437362,-0.006505819689266851
KGZ,ssp245,ukesm1-0-ll,-0.2168351650258863,-0.39946558885434497,-0.07678645861095858,-0.10358395769473921,-0.09814154348690572,-0.10278599239846695,-0.08098334187513949,-0.05699798171419571,-0.08870333068922312,-0.05118773134000923,-0.04359710245022199,-0.05291590947034445,-0.0505809872252361,-0.06377982819736054,-0.03395133449331372,-0.060962837334630156,-0.04382518783401793
KHM,ssp245,ukesm1-0-ll,-0.10699417681374311,-0.10327818010539842,-0.15878737724516612,-0.06282339438961722,-0.07628194673853636,-0.09187443406265393,-0.04993302281102867,-0.07473114213891738,-0.062104443839074513,-0.0479190398852418,-0.053225331365942895,-0.044831484179414474,-0.039291286332476597,-0.03283172450573152,-0.024221261833502275,-0.03013255170104295,-0.02424466497480071
KOR,ssp245,ukesm1-0-ll,-2.6253039416464326e-05,-0.00017200700952583382,-0.00013857627585786144,-0.00013564687517978705,-0.00017762246315402406,-0.00016022434050518285,-0.0001822208019344432,-0.0002845116044726523,-0.0002194397120962885,-0.0002719865191141158,-0.00021668771628164326,-0.00018213068608212614,-0.00021653689571789222,-0.0001933526184864029,-0.00027336057109752945,-0.0002453654666947301,-0.00030031950981221746
LAO,ssp245,ukesm1-0-ll,-0.06263941069459762,-0.022113739094229683,-0.020424236638073974,-0.011858901955986819,-0.015085742314209515,-0.015719241359982455,-0.008141926066089808,-0.011880726682939838,-0.010076553219199756,-0.012504269221369574,-0.013618913221046233,-0.011436431587048625,-0.013601505651716009,-0.01061945411670955,-0.007983126909080901,-0.01063723129835255,-0.005498268918761035
LKA,ssp245,ukesm1-0-ll,-0.004810371705569229,-0.0001615851218484941,-0.002391324725248427,-0.0013191767771379805,-0.0011013683361692408,-0.0016766955067937098,-0.002202752396099396,-0.0011242977284276338,-0.0014075986764837186,-0.0009200663958508761,-0.0016317697330001054,-0.0008810378959937728,-0.001739364879245107,-0.0008372839245146259,-0.00046637652174589536,-0.001537083587840194,-0.0005644540279928019
MAR,ssp245,ukesm1-0-ll,-0.00010766906662550287,-0.0003548100910784721,-0.00022720383640667045,-0.000261997539082337,-0.00021213116064582223,-0.0003157679082160719,-8.933283897321999e-05,-8.19795030289084e-05,-0.00025700012581694563,-0.00013609822021626327,-0.0001877012364497538,-0.0001273881543994996,-0.0001530555471631831,-0.00016602638854258282,-0.00011847062708987499,-0.00015128945526606452,-0.00011253233090271566
MDA,ssp245,ukesm1-0-ll,-0.14939716991410418,-0.08693899894466467,-0.055742859529192224,-0.11144303633315825,-0.14281264955763834,-0.12000618566938523,-0.1649501824769044,-0.12518254298015646,-0.07328708160650767,-0.10441310328817481,-0.15596884176642206,-0.13072601940964493,-0.15921612126261553,-0.09036551530946889,-0.14358280676294366,-0.09844713791043701,-0.15345849642657478
MDG,ssp245,ukesm1-0-ll,-0.003625137210836926,-0.010460920108234215,-0.004995948420046944,-0.0031345795548873576,-0.007659589219118277,-0.0023431940437150076,-0.002144668976387184,-0.0016773628570940133,-0.0017502861362313276,-0.002044653481411739,-0.0017619017068900658,-0.0015259160361242594,-0.0011890737341898007,-0.001030765872499474,-0.0011675435648379898,-0.0005154529452676889,-0.00058071615269426
MEX,ssp245,ukesm1-0-ll,-0.04411948677714698,-0.024533677452569014,-0.04070770345103503,-0.031246112175455212,-0.03647504856088742,-0.040705883462456016,-0.03166276686158641,-0.02634396770176277,-0.026834391713405417,-0.03410748000217057,-0.031815056043371676,-0.023321853729349765,-0.025050743258394504,-0.019492884944302707,-0.02363771827807584,-0.02582389089587456,-0.02246876913134821
MKD,ssp245,ukesm1-0-ll,0.003885797560331988,-0.018299773611362372,-0.0010500411361631398,-0.011866674381256078,-0.010739153303445808,-0.014567791183306008,-0.016651412455672875,-0.007358975774238252,-0.014944014613796453,-0.02287966865624351,-0.0210245117050532,-0.029463127289339777,-0.02812542450976069,-0.01643085385721483,-0.028646544451372092,-0.02592867196600337,-0.03010200817405507
MLI,ssp245,ukesm1-0-ll,-0.7134431767565601,-0.6459533357950676,-0.6747858147328758,-0.3428163323836329,-0.3708450913283599,-0.2965574572005214,-0.20578095827619136,-0.16471405239089348,-0.17955994721940532,-0.1060952086555894,-0.13102760758515103,-0.0796586573937328,-0.07281014076998985,-0.0563324615037499,-0.04713864008997173,-0.03963541074125521,-0.03819470390211428
MOZ,ssp245,ukesm1-0-ll,-0.26394492208912734,-0.19037670739219484,-0.2553761640082234,-0.06129985667515951,-0.12805827365384717,-0.03346199385540565,-0.05120072516960156,-0.048804012551085116,-0.025739102303276515,-0.023915815617710095,-0.028027457922271525,-0.02638962817888636,-0.010537763907660048,-0.01038637678240533,-0.009814874180307727,-0.007039573669861256,-0.007734069444598573
MWI,ssp245,ukesm1-0-ll,-1.2758478865213847,-0.37254361861999064,-0.3497660556074783,-0.09431456930605604,-0.21636870548787163,-0.07698676532241619,-0.08761132857173907,-0.07932230398310931,-0.042572824927126045,-0.04838241687899129,-0.04417296058740523,-0.04138657673462248,-0.01866035634439148,-0.01990697099210321,-0.01655854347341346,-0.012290370694780672,-0.01104352454750925
MYS,ssp245,ukesm1-0-ll,-0.00034269232735618406,-8.226523009948157e-05,-0.0002988095983918158,-9.362520265248419e-05,-0.0002126275013712651,-0.00018470690933645865,-0.00016031690509373613,-0.00023512939588903693,-0.00014192173996062854,-0.00016491052703977051,-0.00020371225484009617,-0.00014709470722739886,-9.912810700185328e-05,-8.20047331633719e-05,-7.625148553698551e-05,-0.0001376082027632627,-5.765568290928169e-05
NAM,ssp245,ukesm1-0-ll,-0.020766959371241768,0.003677523911546905,-0.019944477268942943,-0.006753283545229048,-0.017857270297844435,-0.017397383902671103,-0.021026370824938318,-0.01608695454630567,-0.008320240436353234,-0.008679228834364216,-0.011179497773938892,-0.0094859461665901,-0.005451285475223192,-0.007238213149899266,-0.008268519044844411,-0.010413924371720002,-0.0071728188961900355
NER,ssp245,ukesm1-0-ll,-0.004489143423403032,-0.005551731646351638,-0.0038601561935501807,-0.0028344465733462347,-0.0018094467248028982,-0.001260074249909318,-0.0011199546875487036,-0.0006241000446099607,-0.0007829544913277115,-0.000352280084962144,-0.0004992131828464333,-0.00020648997177597506,-0.00021392112264567985,-0.00017913848751171507,-0.00012982948539536475,-9.721922535911644e-05,-8.387397209229993e-05
NGA,ssp245,ukesm1-0-ll,-0.05000756134966729,-0.036531363611624096,-0.02933034632532374,-0.017976194067862262,-0.020884946299610616,-0.016905198100928654,-0.015117899339574296,-0.011055555115339233,-0.01094449840328261,-0.00781705847156131,-0.008180194099940079,-0.0057655447221101495,-0.004387687543039506,-0.003956186513178759,-0.0033214596983411455,-0.0028480944768910425,-0.002404383225399937
NIC,ssp245,ukesm1-0-ll,-0.0027822325935468076,-0.023015473698264455,-0.053570574007403074,-0.04192639196021412,-0.08895183056043986,-0.07328542675161942,-0.036883438682284456,-0.027978787532859893,-0.04052560226521242,-0.03555068276592164,-0.0355260648795158,-0.032114654069793205,-0.027923976163501993,-0.029635152148666803,-0.017537754576694268,-0.024333674813186056,-0.02671748593996245
NLD,ssp245,ukesm1-0-ll,-0.0003334907538283472,-0.00018178071071980637,-0.00030581540991810426,-4.368323519158312e-05,-0.0003898615578538881,-3.3185093632668406e-06,-0.000371317465768798,-0.00019766666030423218,-0.00013057984487949408,-0.00029963911017516953,-0.000258030545680851,-0.0002659746694299057,-0.0003173603793758933,-0.00020160696605133038,-0.00015511718519722133,-0.000268761035875901,-0.0003385041308602115
NPL,ssp245,ukesm1-0-ll,-0.022383143983441826,0.009729876201879963,-0.05331769583175607,0.025632593743614644,-0.02494459489481352,-0.027079710169413736,-0.00552663671071922,-0.1019701971628779,-0.05147501864108257,-0.07086363804193972,-0.03543885441057738,-0.019610852291704072,-0.03521941111899145,-0.06828695373690322,-0.029781227135211297,-0.02841485303536546,-0.020273945492082106
NZL,ssp245,ukesm1-0-ll,0.00039489377411670856,0.000537575206548256,0.0005599235884861955,0.000764238082700002,0.00044883572479874595,0.0002254409964815689,0.00048033683310847044,0.0004039461229595409,0.00042522028046205714,0.00019890728286775628,0.00023527669238726363,-0.00036558285484063414,0.0001012213671729547,0.00019205520419629792,-5.665900809974828e-05,0.00019500031015480605,0.00012697777247269683
PAK,ssp245,ukesm1-0-ll,-0.03548709194667949,-0.057035996056112,-0.0466593410873184,-0.03406155643446549,-0.03854885987224105,-0.02610693537798688,-0.029617037419059723,-0.02027402540822111,-0.018203897407618883,-0.014957572942991153,-0.01236399451441436,-0.013950755389259367,-0.009194385058654313,-0.009786944752158149,-0.007462306453036991,-0.008071561087685602,-0.006556987082731172
PAN,ssp245,ukesm1-0-ll,-0.019384919207817375,-0.016321217195957288,-0.012129530353287954,-0.007739505468497805,-0.010232255730845859,-0.00869385144495007,-0.007496660441673934,-0.007522744427233328,-0.005724972344914365,-0.005800080259693739,-0.008296779520919763,-0.005798534282686249,-0.006364191361612463,-0.005003697057377623,-0.005567576783689042,-0.007756334151579339,-0.007204285694311287
PER,ssp245,ukesm1-0-ll,-0.002251234525807564,-0.016970438374741045,-0.011188969221685647,-0.0061473380676965415,-0.009501944738368061,-0.00668663354158083,-0.008309855703811916,-0.008940040018500744,-0.0037728048472272665,-0.004345355293153939,-0.008543062558007615,-0.005264515461501885,-0.004519314658202395,-0.004858938812226191,-0.005024408202425266,-0.0052491460323143505,-0.004187948658311523
PHL,ssp245,ukesm1-0-ll,-0.06384257136295168,-0.03324319441548443,-0.027400096895900016,-0.01967557187212912,-0.050872859950503314,-0.0322751929421866,-0.017661201128190192,-0.0439232437021256,-0.01864421308410065,-0.025284626455386934,-0.034739317579867104,-0.022163755316383336,-0.01936007799285235,-0.011731936286013565,-0.01947432803575958,-0.011336527425495041,-0.010917113800713524
POL,ssp245,ukesm1-0-ll,-0.015226829855000056,-0.004031225502277183,-0.014175955548477207,-0.018794148832355476,-0.024497312333356835,-0.02042236968623908,-0.02271551549301828,-0.013699672256233492,-0.0032429440220567117,-0.00915816082523267,-0.029980755702794397,-0.031047790320930226,-0.029449755895822695,-0.0187460356358927,-0.027781403731211202,-0.028658441739526808,-0.04202801767862262
PRT,ssp245,ukesm1-0-ll,-0.006007851269201841,-0.0029009253233280687,-0.00217199614317051,-0.004388759186318415,-0.0049942717291401656,-0.005469842617493473,-0.005049866843674432,-0.005382173420047907,-0.008961225579578748,-0.007984971748439072,-0.011752675148388517,-0.007509008725850844,-0.008329241030025252,-0.008568708349778744,-0.006295130458632054,-0.007036224804205757,-0.007252082507046395
PRY,ssp245,ukesm1-0-ll,-0.4329098406357334,-0.09741542072635405,-0.42463438029867767,-0.09717795411649416,-0.2609660823468467,-0.15619844669803631,-0.1566298436928662,-0.13202217638264954,-0.18980024677760562,-0.14354097445212702,-0.11071638424065705,-0.1280805154691642,-0.1824504134890543,-0.09741431171870137,-0.1186994780088334,-0.10533913429091359,-0.07183697192733242
ROU,ssp245,ukesm1-0-ll,-0.061653925107921476,-0.07515523594985778,-0.03494729145773244,-0.08144254227516742,-0.09760594449453204,-0.12412301911974288,-0.14409555320235268,-0.09739558527716928,-0.10282725813721104,-0.12464734665393307,-0.17882618492836733,-0.18616558994678886,-0.20226476879231853,-0.1070980594067922,-0.21529196988574095,-0.1567381243332503,-0.2502925622422469
RUS,ssp245,ukesm1-0-ll,-0.009598419021890028,-0.006084932824983965,-0.006278786118636769,-0.011481848523678404,-0.009679846501080423,-0.010511781284825095,-0.011836729513236277,-0.0121318579532414,-0.012834076408390007,-0.00989382001242525,-0.014955240491292276,-0.010672628618349323,-0.01221038401842461,-0.008009329358663792,-0.011482382319322115,-0.005721276442642653,-0.011984842875668948
RWA,ssp245,ukesm1-0-ll,0.0014454646137073573,-0.010301526822155713,-0.008802379576363387,-0.016449020642372345,-0.00959172750335101,-0.003665511405512261,-0.008523827520540884,-0.006900479624012073,-0.010524989149023741,-0.004439053604518389,-0.00883484590707223,-0.00508927381402971,-0.0050931781790544625,-0.006427162766296877,-0.004146861233153481,-0.005385734761853478,-0.004399332011783921
SEN,ssp245,ukesm1-0-ll,-0.10132740933112479,-0.16364766875802603,-0.13784481376844834,-0.09068286071189437,-0.078655810723485,-0.062352151210863134,-0.05039639484933275,-0.03869761407146939,-0.04125728946606356,-0.027263362827066265,-0.028921418369103887,-0.018582342999023345,-0.017074604939120386,-0.014810772812989188,-0.011029264567838645,-0.011265794018362297,-0.009234410799838581
SLE,ssp245,ukesm1-0-ll,-0.020744852524639555,-0.003438200249028508,-0.008083992431508608,-0.001930566403893177,-0.005216048440329346,-0.004529274085502015,-0.0016938856204219439,-0.001834735745755505,-0.0022005332049804113,-0.0012335160217628422,-0.001916028030140953,-0.0012852884574028776,-0.0011422001882191416,-0.0005270861717195902,-0.0006966712210360539,-0.0005748761826760904,-0.0006450874720841214
SLV,ssp245,ukesm1-0-ll,-0.09320358128453561,-0.08602593546450775,-0.21353939783945347,-0.19834634608870438,-0.26509086127873854,-0.2218807615782567,-0.17307433148637663,-0.1458966508939324,-0.16647271247296966,-0.16155765438254213,-0.16158510906332588,-0.15963801178940337,-0.14389229570159914,-0.14167336678733658,-0.11794255171090724,-0.131484883995459,-0.14471960596592304
SRB,ssp245,ukesm1-0-ll,-0.08902516230949754,-0.13528255697497316,-0.04202907108975179,-0.13913701810101883,-0.12231594144269263,-0.18478469849728799,-0.19913698108755679,-0.09372330923337316,-0.14042091390010733,-0.23312750715307118,-0.29049509069764606,-0.33738800754813064,-0.32692033505578827,-0.134543131381053,-0.3449983613597396,-0.30498138125337887,-0.37308119681452934
SVK,ssp245,ukesm1-0-ll,-0.017736854257270392,-0.007911726072670742,-0.0034782920509970746,-0.009726971131282418,-0.010282644097206308,-0.009965386850694626,-0.01591136481308277,-0.0098294420935439,-0.004862370259839979,-0.008475087148024788,-0.016913898693843632,-0.01687591358945742,-0.015411586611330096,-0.008472766665540669,-0.015566791941759864,-0.013650897492925465,-0.018044058416680987
SVN,ssp245,ukesm1-0-ll,-0.00021546467165413092,-0.001962315854011805,-0.0005747473714223934,-0.002903944733832221,-0.0025187738171351315,-0.0014108938223813222,-0.00553560257410752,-0.002302113928303321,-7.77528825237381e-05,-0.0036660300762403073,-0.00746364289825006,-0.009449218141959934,-0.008466150227315568,-0.002606120836896198,-0.006810346177360157,-0.006521136917800957,-0.009631517432357716
TCD,ssp245,ukesm1-0-ll,-0.17912291151594814,-0.1755226036016003,-0.11148885055820364,-0.08785361789434155,-0.06000790912284471,-0.040971479197006215,-0.04337957357101184,-0.02315806119311799,-0.02898113916555648,-0.018173370365524563,-0.020215463447956,-0.008755846599015791,-0.010339541439089179,-0.009714107168626657,-0.006833535188936287,-0.006233773897590852,-0.005023387721237922
TGO,ssp245,ukesm1-0-ll,-0.5737472676363548,-0.5287547781770888,-0.5001579200898806,-0.29746564107709705,-0.34614133896071314,-0.27462991917019736,-0.21053603445141184,-0.15538533283932435,-0.14100960231481846,-0.10655421625566754,-0.10620172539895646,-0.07805811579425842,-0.06092449967850318,-0.04867074305763688,-0.043584534100811104,-0.03536677706027573,-0.03115556216462402
THA,ssp245,ukesm1-0-ll,-0.023437676140183376,-0.027922249217007974,-0.05065200324630135,-0.023144499386652643,-0.034970099829697586,-0.03965348155750228,-0.01769432254099175,-0.037834659267960605,-0.03105932307024953,-0.02871576253011183,-0.03727972913793388,-0.031104246493505506,-0.034174285657831746,-0.03050196745873673,-0.022627455399410704,-0.03184353392409727,-0.025173231525089754
TJK,ssp245,ukesm1-0-ll,-0.038447235556616555,-0.07639425120923266,-0.01954692043085679,-0.030181848052365116,-0.020036594156196953,-0.017181965611035178,-0.015281238081451596,-0.010439749335257256,-0.012664077867522841,-0.00661530846063584,-0.006632033008557044,-0.006862799737078613,-0.008108766507848081,-0.007940852072020296,-0.004631082134920878,-0.006971791339898548,-0.005448606773321438
TKM,ssp245,ukesm1-0-ll,-0.00402497704699197,-0.005413358307245252,-0.00257455438588511,-0.0026149132731059146,-0.00221877594352081,-0.0016346145153026679,-0.0017855178427296794,-0.0017346307826659928,-0.0015321421290030559,-0.0012462663883731381,-0.0012270751804325315,-0.0012756221857205463,-0.0015089210803327087,-0.0013604518756030173,-0.0012487235595356834,-0.0014159911570264165,-0.0012850165098733973
TUR,ssp245,ukesm1-0-ll,-0.0035452340304044892,-0.00355396544155048,-0.0007251516305219235,-0.002061402580810289,-0.0022569517970039907,-0.00196734335028854,-0.002892359810181896,-0.0016078697870942225,-0.002520562796497957,-0.0025363304457916443,-0.0023585127826508917,-0.0020158925746013396,-0.0023195881463285066,-0.0021759376290097815,-0.002209740638515907,-0.002108821818864176,-0.0024489692317502514
TZA,ssp245,ukesm1-0-ll,-0.26024164334041733,-0.27117497495369364,-0.024064319984720427,-0.013650707835942077,-0.08045481946747182,-0.024449670611045714,-0.042401648444039715,-0.03432476290698133,-0.026995854114169805,-0.014717349259453321,-0.020583627137341305,-0.020410399860770496,-0.015533866514655712,-0.009173460846679988,-0.008072935481923954,-0.007430950030286043,-0.005947776980073018
UKR,ssp245,ukesm1-0-ll,-0.3197915454814734,-0.06849474308783048,-0.0840774514250903,-0.16211486708937306,-0.22973526203334366,-0.1910085790924824,-0.2503184628251581,-0.18292670147190293,-0.1262593551107129,-0.14708633652228903,-0.23547931885020829,-0.1462831032447071,-0.18216224302594158,-0.10373701620659263,-0.1494021987225141,-0.0858182972684276,-0.15560096384824118
URY,ssp245,ukesm1-0-ll,0.00268622691403868,-0.0036857976711791697,-0.002330520099213724,-0.0041547314577931,-0.007490350392024692,-0.003014344839016138,-0.00048111263633615056,-0.0031428716416000042,-0.0019995500414733917,-0.0037961489719950735,-0.0052212539215829015,-0.006258758902116579,-0.005418837414354825,-0.005894663192060688,-0.005802515659859731,-0.003452737540982836,-0.003910130872594923
USA,ssp245,ukesm1-0-ll,-0.011754688533159618,-0.04423284406283633,-0.026777025006141403,-0.03700138261337203,-0.0379300191020762,-0.04218680879394033,-0.03132806063939916,-0.035886072820654605,-0.03330506689310029,-0.048205686721837664,-0.038789101212995586,-0.03569680625762201,-0.038051285142489746,-0.05107297685482457,-0.04053721946462953,-0.024818495309868925,-0.03819071047191198
YEM,ssp245,ukesm1-0-ll,-0.009607761539430073,-0.002121627251341998,-0.0015808793209912471,-0.0009208851392044759,-0.0010413230915703097,-0.0008071350555912257,-0.0007661669472197023,-0.0005978572985160467,-0.0005366425010191374,-0.00047891866175092494,-0.00039144840919874593,-0.00033818521606572045,-0.00032544217244584613,-0.0002603485499343867,-0.0002535952576718021,-0.0002602592202763018,-0.0001959976367348623
ZAF,ssp245,ukesm1-0-ll,-0.01552142379729007,-0.003552704793768449,-0.08113538167335349,-0.008737230915065316,-0.04734074112112983,-0.0566111665850666,-0.02743845238663743,-0.04482454897281782,-0.03282603350163086,-0.020509508460041768,-0.027086677432478733,-0.032448682682858075,-0.019438026782039035,-0.02574659453214789,-0.022720851744159824,-0.033087906018155276,-0.024218643741006726
ZMB,ssp245,ukesm1-0-ll,-0.14489685598747198,-0.03991846688460344,-0.09435977811537499,-0.03104498027867435,-0.06259690423944236,-0.021548424872405107,-0.030761997977716015,-0.025362769630484748,-0.01996320068705603,-0.017057242076328992,-0.015449184685419485,-0.013413660737618063,-0.00676228874799918,-0.005882362130640658,-0.006454457655254663,-0.005186617905547225,-0.0043644218565049835
ZWE,ssp245,ukesm1-0-ll,-0.041073395594768664,-0.094990391609377,-0.6019225693160167,-0.17512457978708898,-0.44340095631519705,-0.10848638421047997,-0.1912967371398114,-0.2281727957447041,-0.135374620908633,-0.10094864556012392,-0.13516068997241723,-0.1355583766978331,-0.07569724197800538,-0.031893033326218484,-0.04323767909491669,-0.046101778046212495,-0.056585147031922696
AGO,ssp370,gfdl-esm4,-0.004117990708666363,-0.029638497885925336,-0.015925626212600862,-0.025231451335322164,-0.028680682460727056,-0.020932294743135526,-0.029925938702793777,-0.021790958901343933,-0.023472609916158124,-0.01770950376910597,-0.019245749021670575,-0.017088656323470813,-0.012086073347226087,-0.010630556908915925,-0.009614797627501658,-0.008796925174056162,-0.010098173978799016
ALB,ssp370,gfdl-esm4,-0.009186663988170406,-0.012886262658225733,-0.002059273745070382,-0.06413092344799656,-0.13000011503310524,-0.05217875320508141,-0.03170195469495567,-0.13038579428285074,-0.09472694168048257,-0.05574724962812127,-0.10522883415245618,-0.13024089389095894,-0.15037508718176892,-0.23152770120057845,-0.22086345764906037,-0.2075077917414484,-0.22920836058870586
ARG,ssp370,gfdl-esm4,-0.022292370159613106,0.0018224472474412145,-0.00028706472751220127,-0.0035103021097680123,-0.001341133424851632,-0.002983193723298456,-0.0011015908773035945,-0.002015914957444602,-0.0018696006363510716,5.01993696806012e-05,-0.0022391847718017163,-0.0022391615998019433,-0.0018632394204187702,-0.0024749383428248977,-0.0006912087622627143,-0.0030898231927340186,-0.003236167961449866
ARM,ssp370,gfdl-esm4,-0.0008253104940492217,2.2465510339398137e-05,-0.0018722955860226336,-0.0006243530213259331,-0.00027548786303270334,-0.0010413593380808003,-0.002294355150036468,-0.0023594846228505023,-0.0017713894089141165,-0.0025367576043609555,-0.0023930937693470173,-0.002029971342378125,-0.0012267489671359644,-0.002099325510144495,-0.002020686081362295,-0.0017592231227559845,-0.0023354707509610677
AUS,ssp370,gfdl-esm4,-0.00017887783437137505,-0.000875901638342394,-0.0009383963546892945,-0.0006887046911704988,-0.0004768348064617843,-0.001076027666870098,-0.0007506605552378699,-4.7593620647610233e-05,-0.0006979095964497468,-0.0007140031770344919,-0.0007394683242610386,-0.0006217984424759994,-0.000748989318050077,-0.000905399912825909,-0.0007409374650789812,-0.0006078582153542109,-0.00083899176816174
AUT,ssp370,gfdl-esm4,-9.34530570875422e-05,0.002105701863096375,0.0009700460868853832,5.030736056315991e-05,0.0006165790492989069,-0.0015345402116998313,0.0009102466138531848,-0.0021923091523560613,0.0009318136269726912,-0.0002233073474317124,-0.00959823044977042,-0.000837613711690233,-0.006576117727758422,-0.0040161440983229385,-0.0034392687823194775,-0.0032529355641937813,-0.009331278919658197
AZE,ssp370,gfdl-esm4,-0.00809377738922798,-0.008744539302576609,-0.02291912824380723,-0.006114738207803982,-0.00855153977421062,-0.01982729438488789,-0.029662694108196205,-0.02944254657451844,-0.025531354409659455,-0.025984288644261774,-0.028549219263554613,-0.026276092403397615,-0.0165569496936065,-0.022845127039028454,-0.020286366687435425,-0.023430939371343676,-0.022369663355578145
BDI,ssp370,gfdl-esm4,-0.020197985368155178,-0.055819179853452104,-0.054494685121085226,-0.020522469722179425,-0.05610211925501231,-0.0531834584895278,-0.018444930594015616,-0.05460634033270729,-0.027846599915575865,-0.030519885942605577,-0.022342902015277128,-0.02184193501070396,-0.020142999860910196,-0.011551920668595964,-0.014776581484366976,-0.011339517465504247,-0.011186895636285525
BEL,ssp370,gfdl-esm4,-0.0008225515069319854,0.0002706501955105749,-0.00010289306945624031,8.619898157556378e-05,-0.0002700293403417415,0.00010077862416064647,0.00014132506500212272,-0.0007501659697408582,-0.00021049604106289214,0.0002651049099432162,1.946177914875209e-05,-0.0006398563705933973,-0.00019827702151168863,-0.00037639158326008255,-0.000590134477952859,-0.00045363434561699353,-0.0002168386547472662
BEN,ssp370,gfdl-esm4,-0.17252928416391397,-0.1721972830693406,-0.09023047801027866,-0.3257577437087827,-0.22481861455991076,-0.2506375850875192,-0.21663287213347943,-0.11408538833925948,-0.16584056893214572,-0.15432557415814238,-0.13123207191036865,-0.12324523997835728,-0.1282892685726092,-0.12087729428732154,-0.11133692279728612,-0.09187389133184519,-0.0838447441527423
BFA,ssp370,gfdl-esm4,-0.40103858159748373,-0.2969368099367569,-0.32661533257843567,-0.22891356262464743,-0.183711143468611,-0.22660167037243645,-0.16260362256254643,-0.12110612704731682,-0.13437993394359923,-0.11732579146751801,-0.08246635050235443,-0.07682529253896511,-0.07772769124012933,-0.06591112156847224,-0.06885106378076888,-0.0480749192244678,-0.04688386499661162
BGD,ssp370,gfdl-esm4,-0.0034623678178600722,-0.003028178972946597,-0.001928683239557523,-0.0008804854982677207,-0.020636653498927557,-0.01539916362682713,-0.008198858573375071,-0.0006737749255477142,-0.009571052414489184,-0.005753123924594761,-0.0060050569507036095,-0.005463350361638793,-0.01070344228128484,-0.006442671800060609,-0.008342454152382942,-0.00699251287945213,-0.006487382724974998
BGR,ssp370,gfdl-esm4,-0.017598488855841497,-0.004908223895268752,0.027746077926789157,-0.01036165369940699,-0.0750029564930353,0.002332175042326756,-0.05160677493380926,-0.08135635592665867,-0.046623618254260174,-0.05454919394194455,-0.1287815094880812,-0.07591185261827356,-0.13525714584626775,-0.15551246139960018,-0.1506542165550146,-0.1371660757954461,-0.1506877301334402
BIH,ssp370,gfdl-esm4,0.03565294250692453,0.012088874770022132,0.00879970638801316,-0.009293611988790721,-0.0798673202342317,-0.017983883853618807,-0.006142067600235584,-0.052996179950978696,-0.021794914996600044,-0.02055651384406055,-0.07053588362709844,-0.026700533615269553,-0.12413267628110845,-0.12415628764164503,-0.09956794413454884,-0.10482885971864522,-0.16116381348158337
BLZ,ssp370,gfdl-esm4,0.0015376408776841969,-0.08941767095138006,-0.19643328866299123,-0.12126001424713084,-0.11720030938300828,-0.09087658792834,-0.1525736576655065,-0.05975880710424125,-0.10156744362543782,-0.10762934399299072,-0.02974642271681636,-0.09315247820835518,-0.08255449909340284,-0.08616669755101071,-0.08000740537243026,-0.05021361694026862,-0.06348915848542175
BOL,ssp370,gfdl-esm4,-0.0018042925947321928,-0.04746421267797202,-0.040173242764274864,-0.029491893938854045,-0.008425050817696513,-0.06005337448698614,-0.042556131946828245,-0.007371457290743771,-0.05512937039255266,-0.04244935643585387,-0.01729368661662175,-0.036714657579302194,-0.030888028234914794,-0.03135844775500832,-0.02812101718108789,-0.028320972201565965,-0.02964152876498886
BRA,ssp370,gfdl-esm4,-0.019777761428425633,-0.03625001202437507,-0.050817959370650194,-0.023472810910686044,-0.027806831907836765,-0.07047406503027188,-0.04742935617888877,-0.0626018015519351,-0.07381006639970332,-0.08693664902276813,-0.054368024618654885,-0.07810177839954291,-0.08025262787301064,-0.08889890855767969,-0.10505946125034218,-0.0883040139418207,-0.09013763363544403
BTN,ssp370,gfdl-esm4,0.005282557918514711,-0.000852569372064744,-0.0008570406919469931,0.0003923287776909866,-0.006729291017518201,-0.0017010841219668653,-0.0002592791193985949,0.0008723435714121158,-0.0020969056113566854,-0.0017802157293421072,-0.0019339397435985048,9.229762105972408e-05,-0.0015524050228483423,-0.00039170438120485614,-0.00021765839297139937,-3.412034476897758e-05,-0.001592603801385233
BWA,ssp370,gfdl-esm4,-0.0023873117834777944,-0.004994300323565576,-0.005711507837886998,-0.0004843102212372611,-0.0014607919560502523,-0.005037534704951506,-0.0020699831365892487,-0.0018963163822598693,-0.0042035689791100166,-0.004518338144114531,-0.004279948339039009,-0.002630595865842377,-0.00342686364139089,-0.003787917002168123,-0.0046419449772318565,-0.00358510790213222,-0.004691972816663857
CAF,ssp370,gfdl-esm4,-0.3082071034580669,-0.4304406221749029,-0.2651486323160639,-0.5589746995805926,-0.3819564148828494,-0.40946013518377306,-0.28811058630648295,-0.22269002183418546,-0.25819256967942344,-0.2169277682158768,-0.16367061266254465,-0.15636904171071192,-0.1563257233179447,-0.14933902670902652,-0.1319336844390392,-0.09930567141764077,-0.10430075642682288
CAN,ssp370,gfdl-esm4,-0.000494804329881741,-0.005480808421972223,-0.002927444542345139,-0.002777249196371239,-0.0044947782279571415,6.235363228791372e-05,-0.005941775654925257,-0.00644769597138056,-0.00971829428784096,-0.0027348544531390164,-0.008023143811513075,-0.006046610097613407,-0.0012552415243778294,-0.0031082486519530762,-0.004813047071981322,-0.0017376417748983823,-0.006354707483988101
CHE,ssp370,gfdl-esm4,-0.00023067020193611172,6.783465179131213e-05,-9.504516233497053e-05,-2.117850038012083e-05,-0.00010785255253446135,0.00013127262156135646,0.0002660921130012112,-0.0001091334952481616,5.062591895385541e-05,0.00019736754777168182,3.95853792889954e-05,-4.9294165792728815e-05,-0.00012431174865799418,-0.00033224326214769117,-0.0004160542576184446,-0.00013147129576521985,-0.00026412963616946047
CHL,ssp370,gfdl-esm4,-0.001293752882390681,-0.0002524559972595448,-0.0006789714804512396,-8.052732050488587e-05,3.2636239581257276e-05,-0.0019399741049786394,-0.0014663446389259164,-0.0016510841408693062,-0.0011353459112374484,-0.0019598745060198557,-0.001827223599701239,-0.0010671658486491491,-0.0013052223671262664,-0.0021919076352971173,-0.0019130508221626033,-0.0027219064361900147,-0.002555407319448644
CHN,ssp370,gfdl-esm4,-0.02217396025794682,-0.007481228099260881,-0.02403094845243024,-0.02215790493090667,-0.032323161372960305,-0.05270167348612047,-0.061644264492733684,-0.032533867302277905,-0.0297254784191457,-0.05081557515753592,-0.06709677903917155,-0.04194024617146845,-0.049246438032634746,-0.059861093829851775,-0.07815363906833284,-0.06906340086107592,-0.07282575395820011
CIV,ssp370,gfdl-esm4,-0.053809407776642997,-0.08822070308750118,-0.04864811180125834,-0.044753769011832804,-0.03396140068250731,-0.04224936620519976,-0.04425490767109415,-0.03527412529165001,-0.038648744918463714,-0.03281051647405196,-0.027624964653583297,-0.026967137899925404,-0.02907118468717395,-0.02614550121649187,-0.027826004269795663,-0.023925665110037287,-0.02345237445171015
CMR,ssp370,gfdl-esm4,-0.1379977546349676,-0.10580455052609003,-0.06967078132651038,-0.11842247874482956,-0.09471212814919279,-0.12947741313790728,-0.10617386854141109,-0.06451601668350165,-0.07639868195316897,-0.06587155117199708,-0.061901211021366226,-0.05713358976351577,-0.049139769541186804,-0.054476629256187147,-0.05264162864954803,-0.03583577066407695,-0.04234025454039146
COL,ssp370,gfdl-esm4,-5.040017860202709e-05,-0.011614521445417386,-0.004906062133926138,-0.0016647547617736223,-0.003611502919558099,-0.009358182271376393,-0.00995653381825543,-0.0025001859941707724,-0.014251002746494329,-0.014966209822987362,-0.01014195044727778,-0.009490660879019123,-0.011226558254265499,-0.010403337332977143,-0.013412614648848666,-0.009982056315548361,-0.011487876141969023
CRI,ssp370,gfdl-esm4,-0.0004014307482099107,-0.0008967135243922649,-0.0005231325121520833,-0.00029029235563814674,-0.0007120995111051488,-0.0011605927071903894,-0.0010673948702339773,-0.0003023610023871444,-0.0012976929156367938,-0.0013327869553099603,-0.0009123802597337641,-0.001136848905092112,-0.0014442984256405058,-0.0015216043011716655,-0.0015447568102585601,-0.0011874590760205027,-0.0012883253535593549
CZE,ssp370,gfdl-esm4,-0.0010441761315189437,0.002014199809171891,0.0011066656766358812,0.00048048960008690347,-0.00039100796982038146,-0.0007598295997200541,0.0003986494374095705,-0.0008494861937184521,0.0006889392616965137,0.00047041693109095133,-0.0034274384141392542,0.00015852965145299116,-0.0014449329866753893,-0.0018968124392226193,-0.0009717542623260374,-0.0004701848748150244,-0.0037965084986167417
DEU,ssp370,gfdl-esm4,-0.001925106275079194,0.00013875759415947624,3.090688263487792e-05,4.397807185998684e-07,-0.00034926174990890593,-0.00010667068026479388,0.00032681458582285857,-0.0018352961955001325,-2.6149540835052226e-05,0.0005255302445038122,-0.0007586049861303913,-0.000818403373473002,-0.0006824617845501414,-0.0010488872658023585,-0.0012542318747226595,-0.0008410234647490795,-0.0010496328824061312
DOM,ssp370,gfdl-esm4,-0.001155105680329321,-0.0012328256051674844,-0.002414068894617437,-0.001371482941932035,-0.0022258580960398946,-0.0010418771944398484,-0.0024600588442521636,-0.0017066936134288312,-0.002254633270903991,-0.002970852871094469,-0.0014681886466856833,-0.002573999125656859,-0.0013951613578845222,-0.00242989876608337,-0.002575308392409704,-0.002133908517154605,-0.0023700149230918405
ECU,ssp370,gfdl-esm4,-0.033470956235945835,-0.071436479986374,-0.019976872530247377,-0.03472335128836718,-0.04701813055358151,-0.06476681676678188,-0.04979659883352729,-0.03857537237682466,-0.053743832853511676,-0.043916380687194397,-0.042051815243977976,-0.04343427415999821,-0.034543701010259276,-0.04152469922465563,-0.043549415675846796,-0.03922142925671954,-0.03686975053903519
EGY,ssp370,gfdl-esm4,-0.046346434135576264,-0.02951550401547114,-0.022714918677667048,-0.02072424949006438,-0.015955353061522615,-0.015058009047602296,-0.016095162136713904,-0.015982466659081644,-0.013886029710463595,-0.013577174756332903,-0.014159777022187375,-0.014254599890548803,-0.01192209161965816,-0.01314341526184273,-0.011633486549798209,-0.010170260637742115,-0.010777178055085516
ERI,ssp370,gfdl-esm4,-0.22613453900234343,-0.1663617943169007,-0.17713337097460174,-0.12282300438355119,-0.1108393888703665,-0.26754264930248683,-0.16697572074608458,-0.02113240237118119,-0.17927077833841543,-0.18243147852746747,-0.05393789867677025,-0.12737260840378248,-0.24301982250048332,-0.1914992748280592,-0.21760979902049174,-0.14730536429389407,-0.19475805591314227
ESP,ssp370,gfdl-esm4,-0.0010692877162499549,-0.003491996279460419,-0.006527185716198736,-0.006971561361737523,-0.008238415328523915,-0.007080555428511932,-0.005167339129517765,-0.0093152725906291,-0.006820879125238645,-0.011817263699054314,-0.011110235534520856,-0.015267633743271062,-0.015110820136602452,-0.010140347123325927,-0.01243740724041639,-0.013589811374698689,-0.012374084927705772
ETH,ssp370,gfdl-esm4,-0.04657094109403019,-0.05738375919654503,-0.058828275168343686,0.0006886475922564328,-0.00635004343924696,-0.031179155665782072,-0.02044542422987806,-0.0028152676913359397,-0.01830915495877904,-0.017163382819105316,-0.011801679763586146,-0.014782067721181959,-0.014300579932356814,-0.009191108952148306,-0.010082092092596069,-0.008586068833739007,-0.01211272036136819
FRA,ssp370,gfdl-esm4,-0.003953531219131973,-0.004320977772754647,-0.0076468811738367795,-0.003195397004907886,-0.00547227737960927,-0.003837537595423896,-0.003426802903937664,-0.004509546788169578,-0.0031360279743172423,-0.0022728079762106062,-0.0034201289532250056,-0.007979525317004868,-0.007856020659424876,-0.005987889479849509,-0.0045283420791744616,-0.006362976375532909,-0.006361803238135434
GEO,ssp370,gfdl-esm4,-0.013567362050418967,0.003475176173777017,-0.01211456048932593,-0.004929054104128277,-0.009375784309554403,-0.005306477212716235,-0.02118231897087909,-0.029132958896898726,-0.017685144853549235,-0.026006276434677778,-0.022606467797804224,-0.018810874621958355,-0.011890774169801327,-0.018806545422049167,-0.017833431815844184,-0.01616985348326369,-0.022969122012129688
GHA,ssp370,gfdl-esm4,-0.0508861684021927,-0.035700261465583145,-0.028021100605957312,-0.056549669154013424,-0.03188757151903785,-0.05366520681057656,-0.0428353129713428,-0.02648687167346936,-0.03728195261568155,-0.03625536980126408,-0.02887850131931394,-0.031087495308336346,-0.029757575178716276,-0.027613874336396997,-0.027653951161540034,-0.02281335784946473,-0.021660602435658413
GIN,ssp370,gfdl-esm4,-0.029796454331684395,-0.0369308221513284,-0.037597257442522056,-0.016165682929582308,-0.023732513932392944,-0.021954673160814484,-0.023717850101782657,-0.02375349060023169,-0.023134604005424973,-0.016238743072158036,-0.01399994683414707,-0.013996446578019059,-0.01576560316948951,-0.014075259884421517,-0.014623057581762668,-0.01290421790991641,-0.011475232135505466
GMB,ssp370,gfdl-esm4,-0.03265946404712937,-0.04695585699810087,-0.04152713225196962,-0.011611528166681873,-0.020469526395034143,-0.024160104721551556,-0.02073323092306304,-0.014582354267791055,-0.013636434781360066,-0.012813783800286221,-0.009622469783919065,-0.009145952538242661,-0.010165957962269009,-0.008958415451901557,-0.00900489100917492,-0.007021407084024386,-0.006274723501099615
GNB,ssp370,gfdl-esm4,-0.10141250109949126,-0.20487128627730578,-0.1457642563716121,-0.05988364856064684,-0.11259660555441621,-0.11322524548294081,-0.09701300890465175,-0.07620824514692826,-0.07042056829964462,-0.05404706536724066,-0.039459451375416614,-0.03950240166204883,-0.04852342954264184,-0.0452556138251104,-0.04352462160526996,-0.03365619181084467,-0.02960468803693305
GRC,ssp370,gfdl-esm4,-0.0014292962831708353,-0.008094660907369119,-0.0016355871313576376,-0.013446278315774022,-0.01035076846730508,-0.009855263663945337,-0.013042631878275698,-0.020845042348809014,-0.020251644719916077,-0.014841065793470701,-0.021860190212330155,-0.01823119627281947,-0.02383714572912715,-0.03123057297201213,-0.03172432650686627,-0.026433904879306767,-0.028328394757240152
HND,ssp370,gfdl-esm4,9.612041779357905e-05,-0.07447357657348624,-0.08641949055641969,-0.032033774926691815,-0.06429596008200233,-0.06479927613810993,-0.08413786526431102,-0.026275030543022476,-0.06561609020467915,-0.06001114609355155,-0.018783648425930957,-0.05818470977959383,-0.04255519237950293,-0.05312058948339439,-0.05117703464453514,-0.032924994861830446,-0.03888084933699238
HRV,ssp370,gfdl-esm4,0.00946707574409919,-0.007656821047844312,0.01916100171539199,-0.07521439932253213,-0.31275195241189047,-0.09581184058567808,-0.10023086446117817,-0.337328140979588,-0.18260969099823243,-0.14943281586992305,-0.49561291544327246,-0.1793006962977268,-0.7006459314732754,-0.6803389742766268,-0.5334298732572124,-0.6670590162226353,-0.8680226944743402
HUN,ssp370,gfdl-esm4,-0.010361315234829643,-0.0011366294209580266,0.0019116508608886561,-0.004370134522229538,-0.027285649696874137,-0.006831076029844044,-0.008552589100814642,-0.03149824028370995,-0.004015924225946866,-0.00928181197785277,-0.03816689864137357,-0.009307546257646725,-0.04368342517758856,-0.040047320740984174,-0.03292913510670175,-0.04061661507147343,-0.050868655146715736
IDN,ssp370,gfdl-esm4,0.004661104337338497,-0.03518220635684645,0.00013798326088893976,-0.02473466230259021,-0.00813480325580567,-0.0478009687915172,-0.03127009120368389,-0.003277750948904031,-0.03183389988179531,-0.03469849428004871,-0.02057546888503089,-0.026016198708348464,-0.048817283433543815,-0.042832905597838734,-0.04838188321532962,-0.02714866787641214,-0.051683144515009084
IND,ssp370,gfdl-esm4,-0.014605836153388377,-0.01644155861719161,-0.003906928948351845,-0.016978218234178027,-0.013896236398777264,-0.020554354890788704,-0.0022071086377251402,0.0016336220363646304,-0.0071659720797507265,-0.008701142656675528,-0.006905299171392019,-0.007584736311353088,-0.015291651915694076,-0.012979896337358816,-0.012531066581774374,-0.012173008400323681,-0.01337108729113412
IRN,ssp370,gfdl-esm4,-0.0009945737506527894,-0.0002575896642396173,-0.00042989948132216124,-0.0002768546275117645,-0.0001629624926525507,-0.00030245908105929625,-0.00037435204558443504,-0.00029961672108346204,-0.00023616357732757513,-0.0002650629614926384,-0.0003043071319941478,-0.00028813006363718926,-0.00022712736514658122,-0.00025958813307886704,-0.0001973574444872675,-0.00022300239625438627,-0.0002106671245939726
IRQ,ssp370,gfdl-esm4,-0.01703646886892375,-0.017797027187249577,-0.03706445551063616,-0.03450048829578085,-0.026940726141472825,-0.026259019999034804,-0.026072732960299407,-0.02743272865226146,-0.023109534960877472,-0.028399368124490485,-0.026246683174053133,-0.02500354513972728,-0.02192211860606381,-0.022488744945206644,-0.018991170411908415,-0.017479467532855827,-0.016409378669658164
ITA,ssp370,gfdl-esm4,-8.05126649570036e-05,-0.00021684720612281027,-0.0026142234958232554,-0.0015492596348945062,-0.004780449010045199,-0.0025784612645084275,-0.002078069177995392,-0.0015757314852012994,-0.0012842874142624276,-0.0015185521904443281,-0.008930342046417595,-0.006028104637733903,-0.009050916985954003,-0.00562305621816723,-0.006609838475583169,-0.007624571798780658,-0.009501821399762637
JAM,ssp370,gfdl-esm4,-0.0004404976531497018,-0.0020479971100151695,-0.0028919312285979604,-0.0033505490878845802,-0.005519639525712219,-0.002656534954364687,-0.004616825834459092,-0.0017999319033633044,-0.002209282704960037,-0.003928930161178764,-0.0017726094994099635,-0.0016852706462993953,-0.0029522353591501125,-0.0027082571363957276,-0.003988431673025622,-0.0025612060495815545,-0.0031433637724860197
KAZ,ssp370,gfdl-esm4,-0.0006486270524281857,-0.0017525952699633208,-0.004576517918145689,-0.001049626740136641,-0.003316031279866341,-0.003003934375431015,-0.004044363089010331,-0.0019522540658429542,-0.003251779100383995,-0.001822458226715183,-0.0041278538766016774,-0.00326520794360764,-0.001846756529886309,-0.00373751108866682,-0.002175026180754947,-0.005203843389803483,-0.0024616053929586894
KEN,ssp370,gfdl-esm4,-0.08398710057143235,-0.056040334724314474,-0.0524844659836098,-0.019185337467407564,-0.039890613079454976,-0.059744036623128355,-0.028273008565153884,-0.029129347769006206,-0.024642874954285708,-0.027520059944787803,-0.022732281057561254,-0.02618429502042442,-0.025468326486816326,-0.0189372727777973,-0.021557497661750802,-0.016936580058013375,-0.01701506013043588
KGZ,ssp370,gfdl-esm4,-0.061273043393645914,-0.10014852723201123,-0.0644834119811015,-0.03304175929541123,-0.003394794676785184,-0.048021137478017686,-0.13849012487927606,-0.02022218587700596,-0.057643146446194254,-0.019176917430349362,-0.06634297376746238,-0.042421697731999795,-0.02224065782807941,-0.03602562498174158,-0.027760475733698484,-0.05972498786714648,-0.01067984371596734
KHM,ssp370,gfdl-esm4,-0.059133859585303546,-0.04418844314213617,-0.0751791162300155,-0.05279160106525055,-0.03323843791061934,-0.07576448662370627,-0.05254453736110826,-0.031132518220925675,-0.06166652601833038,-0.06703015639297936,-0.06945894814667217,-0.03374860106477784,-0.058386303269614005,-0.05026164475111534,-0.06293980057400596,-0.04052051102041551,-0.046830966244017606
KOR,ssp370,gfdl-esm4,-7.098809258657895e-05,-6.24785090046197e-05,-5.782456902825658e-05,-0.00015235406604434921,-1.2041131026062688e-05,-0.00010917225211507744,-0.0002212765809293005,-8.992108845431054e-05,-0.00010092522629764512,-0.00012132397997220712,-0.00013660034040966038,-0.0002628595188655249,-0.00013869353168628211,-0.00018601854468703344,-0.00028174826292981005,-0.0002014202573904603,-0.0001964418803344644
LAO,ssp370,gfdl-esm4,-0.033503924672659884,-0.011593571929181723,-0.01229746115604122,-0.017998283407259293,-0.013052957848828296,-0.012527551549913352,-0.013046631251112948,-0.005524194179767817,-0.0108907047159659,-0.014470947980202136,-0.013204357233266545,-0.00797876066500371,-0.01393426838787085,-0.011442375842917208,-0.015240490475677562,-0.01083643350153769,-0.013410542049322195
LKA,ssp370,gfdl-esm4,-0.008734487352630719,-0.00300377058140253,-0.00124232204468559,-0.0007585480506553009,-0.002301348491231094,-0.001367328683183749,-0.0009895585526009261,-0.001780368715097107,-0.0020147976974958233,-0.002601545482341887,-0.00255541670313275,-0.0027577507828891105,-0.002015227568186889,-0.00225613774481614,-0.002956422544296523,-0.0030551080763324794,-0.0033963058599131377
MAR,ssp370,gfdl-esm4,1.556212868907529e-05,-0.0004912294023076326,-0.0004948392948982189,-6.004758303232303e-05,-0.0003596419084010216,-0.00039266551410972164,-0.0003010290862445168,-0.0002886252852124999,-0.00017125653909221892,-0.00034769950546279654,-0.00029055450513722897,-0.00017715954588054015,-0.0002812616597144885,-0.00023284873305996404,-0.00024177572654306305,-0.00022440899486434962,-0.00020979871388569082
MDA,ssp370,gfdl-esm4,-0.04691325932718061,0.06011631883097355,0.05168524985781224,0.0379145780318771,-0.058659220613773225,0.0009826964983733403,-0.06783061771417231,-0.18776914223348748,-0.02911513523227457,-0.07572963428697133,-0.11730097884122967,-0.01035404805542243,-0.17567270853597636,-0.15246166852327248,-0.11422720529682244,-0.1475495307615203,-0.13755677846567554
MDG,ssp370,gfdl-esm4,-0.009235485490920401,-0.012581138460465192,-0.0016798676407694085,-0.0053589648780393104,-0.0018173363368709857,-0.004891270145776249,-0.0034131772865267935,-0.0013769445320672418,-0.0034734409586879233,-0.004412702352429045,-0.002099584708782412,-0.001462810159192874,-0.0009406363123004124,-0.0010524280419893786,-0.0012137574266415934,-0.0008308933993747266,-0.0011517805881391665
MEX,ssp370,gfdl-esm4,-0.009343811475915358,-0.03188233665518339,-0.030815530558877143,-0.019513104597146433,-0.017034765417233876,-0.03372716135764505,-0.04755307263053444,-0.018032732192112193,-0.045726673673923426,-0.033583244416296266,-0.027680100906925503,-0.04387764400943666,-0.03433604963210683,-0.04045518526035191,-0.040129705763461164,-0.030828308422496335,-0.03928504605030763
MKD,ssp370,gfdl-esm4,0.007407424519592638,-0.002893283401903713,0.0053822734195203325,-0.003595260227082481,-0.013038542461821186,0.0002420276467116088,-0.0016301995043165474,-0.014073324717189434,-0.005966315548561927,-0.0003374897784193052,-0.010124107748106077,-0.012509597462337456,-0.018607852308806003,-0.028857550436894728,-0.02848091466635605,-0.02491847697827233,-0.027953727231486012
MLI,ssp370,gfdl-esm4,-0.43799086911779006,-0.3092258961613996,-0.5663226470008981,-0.2845907315594665,-0.38378901143077404,-0.37586253684318494,-0.29471465584446016,-0.2545808242587317,-0.2863242303259638,-0.25096365308215857,-0.17603252652393012,-0.1716092568934937,-0.17665363113722737,-0.14841968812540354,-0.155761729046953,-0.11820614840300091,-0.11245200864324759
MOZ,ssp370,gfdl-esm4,-0.0804851085572886,-0.13282664357474658,-0.1026134311090756,-0.08221517381646845,-0.10704729067724243,-0.07430492669132696,-0.058511874740044996,-0.036349161670518555,-0.05844954335784878,-0.06888289481272625,-0.03270563090959745,-0.03126563757448237,-0.030083041262020247,-0.03809867352095889,-0.04075468667135386,-0.021337872528747394,-0.02353005589245998
MWI,ssp370,gfdl-esm4,-0.09039990562433914,-0.19700190666426923,-0.04179971923711545,-0.12400778033361436,-0.13116254312211337,-0.07998016210442299,-0.09237198222105984,-0.04085618687582305,-0.0720284245084979,-0.09158341412274532,-0.04558433451265217,-0.031139569853592442,-0.02754869472820361,-0.03842771957018697,-0.03471088931598417,-0.021387406558495598,-0.016970835752677528
MYS,ssp370,gfdl-esm4,3.091559148100324e-05,-0.0003454187388410996,-8.859028478505835e-05,-4.155080532660784e-05,-6.453785866008978e-05,-0.00023516226999204635,-6.205670397215051e-05,-4.636083258539799e-05,-0.00019344834295049386,-0.00021512588727004377,-0.00013677236379500756,-0.00014728296295546514,-0.00022083558380637413,-0.00018624353540639055,-0.00018718182604711254,-0.0001353421358960164,-0.0002404956422132624
NAM,ssp370,gfdl-esm4,-0.008014126083317115,-0.04781508603869302,-0.03574404184152268,0.0004648875822305602,-0.020879275121361094,-0.01746333035536216,-0.010832887701027165,-0.010575873546902996,-0.01425153952741392,-0.019964022607723505,-0.019150238162915095,-0.012740187272995368,-0.013945958876799544,-0.010659086524866742,-0.014150081605090552,-0.010445360865072998,-0.013082408090401397
NER,ssp370,gfdl-esm4,-0.0019735724068118392,-0.0038875900224155675,-0.0015410093082053936,-0.0028071043424220173,-0.002514173740798247,-0.0026189724627266493,-0.0015823102701454685,-0.0006804411911963761,-0.0006960573122654046,-0.0012333029053600314,-0.0004809913520062872,-0.0007041729183386305,-0.0007228207052825112,-0.0005251165381267843,-0.0004589807564870005,-0.0003327629421164461,-0.0003198759677569138
NGA,ssp370,gfdl-esm4,-0.04359483772496089,-0.026378591647223414,-0.0179292945888111,-0.02747973619225158,-0.022543125205153832,-0.02417338274461937,-0.01938422164771942,-0.010248768962349537,-0.013448435269325694,-0.012957701666181263,-0.009173305441573637,-0.00917734273015119,-0.008747331856582595,-0.007946327695071058,-0.007167844020913519,-0.005276718795933376,-0.005058772064634397
NIC,ssp370,gfdl-esm4,-0.003656395707473943,-0.05403831499221979,-0.05601191101173826,-0.021445226723482612,-0.047648209640296015,-0.07346671169081499,-0.07732584423531963,-0.02654132760260319,-0.05824071936224892,-0.05520969607995872,-0.02433232978692072,-0.05246191705557897,-0.04122449209950728,-0.04797359981602471,-0.043521273985182796,-0.030104913000199872,-0.03304747116113559
NLD,ssp370,gfdl-esm4,-0.000301898340857075,7.433330817084496e-05,2.0441450833302063e-05,6.887414379307316e-05,-2.1758325401950452e-05,2.3811918376260862e-05,7.093461928517717e-05,-0.0002682296952758448,-1.946291027555207e-06,0.0001026807077362637,4.3024772330132135e-06,-0.00010313469486118996,7.033683150205304e-06,-8.879952203986946e-05,-0.00014275459537795991,-0.00012196832061323169,-4.2164916489005284e-05
NPL,ssp370,gfdl-esm4,-0.010904971909008559,-0.15850699631284185,-0.013941552861965849,-0.06424750045893861,-0.09863270165532077,-0.10930457021523293,-0.023338450677707488,-0.02575216081508594,-0.11534163093517842,-0.07261872426616783,-0.06717556462815165,-0.0440294194314225,-0.07568432949069667,-0.0583979280118034,-0.06193355907108648,-0.06947194532405583,-0.07745798761379187
NZL,ssp370,gfdl-esm4,0.0002252081831945832,0.0006406953674993246,0.0006245239878540082,0.0005008568063553847,0.000300525356022133,0.00025596610475719944,0.0003945047571203339,0.0003583047771888883,0.00022416478852926944,0.000382837196443978,0.000720222036936223,0.00028258600901077957,9.618736611433711e-05,-0.00034729152556872575,0.0004021327453646755,8.225676150056602e-05,7.938870070573141e-05
PAK,ssp370,gfdl-esm4,-0.08522804197226803,-0.022343087273125707,-0.021479086491135033,-0.03084844725632075,-0.00437096928313444,-0.019088018874004024,-0.013667093647942193,-0.01374335553342173,-0.022653617588634836,-0.019116522961410705,-0.012258464023766876,-0.01613563906744258,-0.017140787266796933,-0.01852672652654113,-0.016080570617841995,-0.014396048940016606,-0.013552712164788806
PAN,ssp370,gfdl-esm4,-0.0012646289385103017,-0.017288745933631357,-0.002001984623551205,-0.0026921236447028218,-0.004417919578494883,-0.010176802662618351,-0.00788746187960996,-0.0030532553653897596,-0.009627344250476944,-0.011041389861724708,-0.008062055137717933,-0.010240440199577011,-0.01082638771770698,-0.011133724373703777,-0.011705206067792866,-0.0095812717664504,-0.010273021277060262
PER,ssp370,gfdl-esm4,-0.014594761477017758,-0.019594373888594308,-0.007581161231018899,-0.010212366396366511,-0.007978867255219796,-0.015926441640357177,-0.009646091364532153,-0.004861586892041474,-0.010156725771996304,-0.014622860214694175,-0.004902971411297019,-0.007188452556499914,-0.008035286367887114,-0.009401336260016484,-0.010421048234926622,-0.008756835358627701,-0.008477371412675579
PHL,ssp370,gfdl-esm4,-0.03022195542154539,-0.04985849037734412,-0.025797648050034535,-0.017211270352238458,-0.02068867477905815,-0.025364565014462,-0.013400568717366999,-0.0086691180081109,-0.02697300583026155,-0.04132606047924331,-0.02677903811508842,-0.022352498479244757,-0.02566262568041461,-0.021641962726757363,-0.03210513222381628,-0.014450383052043773,-0.023547910920153504
POL,ssp370,gfdl-esm4,-0.007818683194244369,0.005786298034905191,0.004247373721216456,0.001569332302787097,-0.005348596502951807,-0.0057057662118729655,0.00269657358702623,-0.009717344220884114,0.003344355794486483,0.0009866032663821962,-0.009898968628280727,-0.0014282499056642015,-0.006390911799409185,-0.00688087240231838,-0.00940491649640986,-0.006115097595900752,-0.013903561587944854
PRT,ssp370,gfdl-esm4,0.00017402693713145924,-0.002315736547692469,-0.005330319966838333,-0.008277655686543369,-0.007162655923976239,-0.005883463925956449,-0.003054823577758216,-0.012616182873485447,-0.0069160160742586674,-0.010681622927648097,-0.009445308213727336,-0.015384047527478278,-0.013322784125237163,-0.008668491378644916,-0.009923289751795744,-0.0127808769740416,-0.008936995184556958
PRY,ssp370,gfdl-esm4,-0.10193223231121311,0.020944610430980337,-0.19077388755871105,-0.03167699548486671,-0.023068168947342708,-0.18480909986842284,-0.14201018237052374,-0.12084097262853619,-0.17165616447472704,-0.08635609896380682,-0.0752255341371444,-0.12608268247790202,-0.07281213836951776,-0.12477350260889657,-0.1360918715793883,-0.11854709616362566,-0.13059633604889925
ROU,ssp370,gfdl-esm4,-0.027106483603086283,0.004097780196497755,0.023513523650745476,0.0070957168956121966,-0.054943360640317455,-0.0024516065405402756,-0.04365684259304808,-0.09336138339617528,-0.038105929649134306,-0.04569192769475992,-0.14252683150653858,-0.04911860669425872,-0.1712603956207894,-0.1754204134548942,-0.17782640607246444,-0.2031537878856019,-0.20723163135081837
RUS,ssp370,gfdl-esm4,0.00010416933618778585,0.0009766461035306201,-0.0033300043362332527,-0.0032576725479486856,-0.009654666578121623,-0.0015579415162894558,-0.003805469151037427,-0.010614765620198915,-0.0065275061692335245,-0.006582093421218034,-0.00960609658661234,-0.008272846251050065,-0.005967683026622668,-0.009158856753895049,-0.008245115392615342,-0.01084374526851722,-0.01228134431857784
RWA,ssp370,gfdl-esm4,-0.004421543216483352,0.004518465349908473,-0.0040005531563011105,-0.002719966294282275,-0.008856219151574495,-0.014401284096853413,-0.0016100595697233968,-0.017027675001128725,-0.007905937091251163,-0.006626402625657645,-0.0037200271816076086,-0.0052354070788774645,-0.0048908735948206905,-0.0024727750260649865,-0.0026049702481547917,-0.0019757806641780467,-0.0020101874974828462
SEN,ssp370,gfdl-esm4,-0.10418783145349197,-0.15267426160639744,-0.13331524540980633,-0.0417662255669438,-0.08878221080939837,-0.10042538016070023,-0.08880954423026459,-0.07331654683644453,-0.07300316159518612,-0.061836036372849554,-0.04916857870063083,-0.04495732138542041,-0.05026284447733118,-0.04406334496541468,-0.047222409283655606,-0.035391597922570205,-0.031385177188532606
SLE,ssp370,gfdl-esm4,-0.005347615410832829,-0.0027898605557497153,-0.002625032717417048,-0.0014926876467134607,-0.002658463466685968,-0.002299661724528435,-0.0031260007346360047,-0.0032684045882368914,-0.003605421849349564,-0.0025756818833442947,-0.001762088218038448,-0.002059166612049093,-0.002458349241752869,-0.0021885386766339306,-0.0021252724387971185,-0.0018695787421570361,-0.0016706572907217833
SLV,ssp370,gfdl-esm4,-0.014688516365090958,-0.11494294609132921,-0.05116020911836752,-0.053883800528203546,-0.07663778007969047,-0.12324198221746725,-0.17265943240480952,-0.0687718658442952,-0.18217951821152412,-0.1362348924034108,-0.0696451745118427,-0.15185879985283596,-0.12599892359505296,-0.1483678328288893,-0.15080600000227823,-0.09066798181060613,-0.1140897207279411
SRB,ssp370,gfdl-esm4,0.03492522582013377,0.0032785221364585414,0.016650173018199946,-0.025994613116015555,-0.1579088995153741,-0.034861719040168375,-0.04995994566567734,-0.12738415688367916,-0.03008331501838919,-0.01794251934362678,-0.18702070614675348,-0.08040002568289523,-0.2873773358747567,-0.30707825201048344,-0.28035319021384286,-0.2785090669270164,-0.37000486046161574
SVK,ssp370,gfdl-esm4,-0.0033793437974033087,0.00356407638087917,0.0021977259835010508,0.0010309706443655175,-0.0010698706221987672,3.2965354450095855e-05,0.0014297514419677761,-0.00617973229283057,0.0011746242581758917,0.00040474870003451735,-0.011269387786840552,-0.0012746036699865693,-0.007213034926263523,-0.007519536164924571,-0.00518857083632535,-0.0042156212457278575,-0.011872625888614671
SVN,ssp370,gfdl-esm4,0.0038218743251635582,0.001609217719216298,0.0014529344012720526,0.001060785813930795,0.0001938675072523935,0.00036818345176961836,0.0014570449885081172,-0.0011608983477678536,0.0009619453592713149,0.0007847272034426355,-0.006043913896600922,1.257365585408181e-05,-0.0037180567674020624,-0.002953820665492852,-0.0012008961391418624,-0.0031651817086501464,-0.006275439590960774
TCD,ssp370,gfdl-esm4,-0.14082155787049577,-0.11650637643290666,-0.0777840726958646,-0.10219264599170313,-0.0942549918770382,-0.11038263269337752,-0.06911301151848674,-0.032193604245067814,-0.03595670199313649,-0.04340455781765605,-0.02133221061295764,-0.026465710649789427,-0.029689018085539226,-0.024339430161312646,-0.022904697697405253,-0.01808201343490086,-0.01719898865984089
TGO,ssp370,gfdl-esm4,-0.11741822338819362,-0.17811582148698274,-0.0940327447301227,-0.3681844434555729,-0.21939783140043864,-0.2813574864709667,-0.23511256857628712,-0.11866695711152826,-0.1831056418449884,-0.16764071328448024,-0.14167745459941666,-0.1366709286260733,-0.13775341915535666,-0.1286570026343029,-0.12174997895312363,-0.10139414794728353,-0.09169138270700199
THA,ssp370,gfdl-esm4,-0.015152280538656502,-0.005228012204854391,-0.0196642198794644,-0.02448153156253715,-0.003464034595043462,-0.021909770434921087,-0.024259712979320634,-0.011991553237360817,-0.027535921339998198,-0.04324043939601432,-0.039795230292928106,-0.025250254456208286,-0.048284166776959285,-0.043117347664920105,-0.057415202782040826,-0.038555756580977506,-0.04965893276960971
TJK,ssp370,gfdl-esm4,-0.02660957742990844,-0.011548874091088056,-0.021787888954920172,-0.012421923010730524,-0.0059289864725115176,-0.016115346061506008,-0.02271289948646578,-0.00672435529443285,-0.012965711782873122,-0.006316818635733626,-0.011209151397239154,-0.008961645480355497,-0.006966282822260811,-0.007756601173825391,-0.007117493514881599,-0.0082446498775657,-0.0033848558434201224
TKM,ssp370,gfdl-esm4,-0.0012950622592154092,-0.002153525831011372,-0.0024725475324215863,-0.0015742124186884584,-0.0009823827763841488,-0.0018714582738404864,-0.0017988610803005502,-0.0012415536465953184,-0.0014321052827724447,-0.001175594575523276,-0.0013466636754382152,-0.0013370608492290555,-0.0010867277783128029,-0.0012931339087839024,-0.0010804261018908686,-0.0012180040493612824,-0.000887342238033969
TUR,ssp370,gfdl-esm4,-0.0018957266408625713,-0.0004084727394513612,-0.0006717144662410951,-0.002676544740804407,-0.0009398046749863105,-0.000812777778972816,-0.0019551132955424417,-0.003863114315674765,-0.0020620624797120664,-0.00365915111877882,-0.003795040748992999,-0.002895329748157488,-0.003199913066298359,-0.0045154128425814516,-0.004159924899874569,-0.0033801482126290766,-0.005013024267970529
TZA,ssp370,gfdl-esm4,-0.04456500638393779,-0.0902930406856262,-0.050276851797501555,-0.015451369132587057,-0.07380995908631717,-0.06195838148299492,-0.05074884564671091,-0.04572297541568323,-0.03681538411223707,-0.051119639905071394,-0.029864332803819428,-0.03363818427779257,-0.026116812164766905,-0.020363608599562783,-0.024880665414854373,-0.019891705269481544,-0.01446702438167626
UKR,ssp370,gfdl-esm4,-0.013914677185492594,0.1301678055102022,0.09138866458324656,0.03868684865005166,-0.09061505558450508,0.033003548737496995,-0.024361016776400943,-0.2701043781056826,-0.057379779220411084,-0.11008074745265742,-0.13348400397574048,-0.006262623223337561,-0.15321965571455015,-0.1815066638169825,-0.07720379782785432,-0.17398535666625325,-0.181235085084472
URY,ssp370,gfdl-esm4,-0.019004781414781964,0.0026618259757620125,0.0003051113147002425,-0.006999951622171802,-0.0028501506980274285,-0.004863812901258714,-0.0007676067445996725,-0.0039530001105438466,-0.0016851836870823388,0.00027099893312827685,-0.003767671017335835,-0.005160570155514996,-0.002168724906824726,-0.005084943043551045,-0.001241556221013633,-0.0037900396414161227,-0.005841031369241829
USA,ssp370,gfdl-esm4,5.151123998374379e-05,-0.013360722631964908,0.0009588350679265347,-0.01595284673163654,-0.02014658235071285,-0.011995251463742244,-0.015109593234039386,-0.02587019524841661,-0.035195406407061286,-0.024093584708107973,-0.04838306916972858,-0.02553653771781066,-0.01686694570034033,-0.028535646977451038,-0.024584797913075405,-0.023721459180169175,-0.03197365902242344
YEM,ssp370,gfdl-esm4,-0.005328369506720321,-0.00016515602518090352,-0.0002445768190563225,-7.840714438120234e-06,-2.8665474504636664e-05,-0.0009009136473353837,-0.0003587952848734712,0.00028233525832337185,-0.0003010240270803368,-0.0004496717296856796,0.00012140764555504503,-0.00011991195616700626,-0.0004454186473029381,-0.00026257330394181995,-0.00038830023820539395,-0.0002270843462193756,-0.00032498575546582333
ZAF,ssp370,gfdl-esm4,-0.006907474853268513,-0.0405676517597407,-0.04667375974795685,-0.011203383746615541,-0.020051132603720268,-0.05667700508799459,-0.021908481226770252,-0.014869257704480332,-0.045302230939688784,-0.0632635423124484,-0.04528239625184185,-0.03030981461250204,-0.03404075824709372,-0.03910135881221153,-0.04832255651271239,-0.038109017075973056,-0.04074739123041402
ZMB,ssp370,gfdl-esm4,-0.033054285887512413,-0.06556870151562384,-0.053633131341326794,-0.02703400124751519,-0.029736465054686793,-0.045467858157121,-0.02803694742196894,-0.018008488305341207,-0.02529420510705024,-0.026698443020498383,-0.012830845772731565,-0.014333065763970226,-0.012385135755548036,-0.013530780478212328,-0.014511219688248698,-0.008035262591166086,-0.00808578581254578
ZWE,ssp370,gfdl-esm4,-0.20756240565141157,-0.31320365291405877,-0.41673664621914497,-0.130237785839215,-0.25474313599671466,-0.3581200290251645,-0.1099503054126635,-0.12499408211106708,-0.2226498570277012,-0.2294414008916494,-0.0821628319344734,-0.11322884146541903,-0.10715349400772438,-0.12482096123877313,-0.14993707202371656,-0.0785773539820302,-0.10422086274808624
AGO,ssp370,ipsl-cm6a-lr,-0.014806454211859665,-0.003973502217445599,-0.003947322173307941,-0.009838444375135763,-0.017932448207529726,-0.013291165305641138,-0.029293732910442936,-0.019842260876469075,-0.02008397857910965,-0.013438930210303394,-0.014137124560989266,-0.0176415757766073,-0.010785682811179536,-0.01192471267846402,-0.009100301103954453,-0.009304965515053096,-0.011395111347147378
ALB,ssp370,ipsl-cm6a-lr,0.00766643696599766,-0.0500111362197983,-0.0790816782092876,-0.035241860793870164,-0.04199891350793076,-0.0984775931739392,-0.09639458005475342,-0.1524084612423681,-0.1363887562884694,-0.16011084870660422,-0.10596073847014673,-0.17896587129383582,-0.2701043738751266,-0.14394651308391862,-0.19780395231624465,-0.26583300805696597,-0.18977348764631657
ARG,ssp370,ipsl-cm6a-lr,-0.0094957534657537,-0.00499518498602617,-0.006311874316062848,-0.0018197438767721366,-0.0010497309710948977,-0.00322192354429371,-0.0033813767905697826,-0.0028932384259304435,-0.0045235765640178295,-0.003988293316707788,-0.005639917794021537,-0.0036655955731242393,-0.0038839612637844973,-0.004338070370726496,-0.0036710091639328814,-0.003580635528819324,-0.0032923081015192855
ARM,ssp370,ipsl-cm6a-lr,8.36579960332779e-06,1.7482099965940764e-05,-0.0006161985968922476,-0.0007149132446085253,-0.0008362709866625557,-0.0007059698627411127,-0.0018055554238395565,-0.0005789915740678232,-0.001547784744763898,-0.0014490978935804437,-0.0018556096764248621,-0.001685366040008641,-0.0021733280748426793,-0.0012540634562166896,-0.002210478837241928,-0.00192944617429414,-0.0026050361173357234
AUS,ssp370,ipsl-cm6a-lr,0.00011023967644509427,-0.0008970066168084117,-0.0010865778466885591,-0.00012778087427907007,-0.00021386689181206566,-0.0009179778734661839,-0.000726418379654823,-0.00046911782878565026,-0.0007669533391436634,-0.0007131015398901476,-0.0005194050771452328,-0.0007592678929359601,-0.0005934931998505184,-0.001066410901150891,-0.0011501179152601296,-0.000541492750541099,-0.0010863048861870404
AUT,ssp370,ipsl-cm6a-lr,0.0014584131659684536,-0.0020752300343587307,-0.000759695476038185,0.0011684431893851952,-0.003912655445923767,9.840708352992777e-05,-0.0011680740593681953,-0.004121868168693185,-0.00010370212594670297,-0.011293057857247176,-0.005538213553205666,-0.008066689215821037,-0.01454328729399405,-0.004933860641204574,-0.007880367784104671,-0.017488829186875315,-0.007714672936930623
AZE,ssp370,ipsl-cm6a-lr,-0.00519085546706485,-0.004578465069677357,-0.008221914830246861,-0.006892465253359526,-0.013920504474065098,-0.008584386129716223,-0.02692286316785092,-0.014385494998022367,-0.02401702062991543,-0.022298443946763342,-0.028880761464187492,-0.02593495804972891,-0.030403518514691075,-0.020100134848766726,-0.03138639402965516,-0.026356990535724854,-0.02872214226649953
BDI,ssp370,ipsl-cm6a-lr,-0.16024995616868998,-0.016729262622487768,-0.04142939244234392,-0.025756486145089515,-0.0853817355925607,-0.07698911724373624,-0.045503057143197016,-0.03246915302631401,-0.02886883553659588,-0.02515574536328744,-0.022780239739972487,-0.03271626229562357,-0.006988771640929719,-0.030128812954498756,-0.024816145690453303,-0.020136733536639924,-0.018778094700455418
BEL,ssp370,ipsl-cm6a-lr,1.486976261855039e-05,-0.0002625915302319935,-2.325853086647878e-05,-0.0006148024148603829,-0.0004579367435660193,-0.0003403753699589304,6.394989308328515e-05,-0.0007001846910547698,6.764715725740305e-05,-0.0005290944182010831,-0.0006031154480784887,-0.00044665071925513905,-0.00014654391052734898,-0.0010288017113727545,-0.0008976774027739937,-0.0017810348171704471,-0.0005847766459548382
BEN,ssp370,ipsl-cm6a-lr,-0.007432703207092031,-0.3426487218622651,-0.4111553767655024,-0.28095921185738654,-0.3069196168635375,-0.2099052921949281,-0.3106358838479381,-0.23458407788925165,-0.19567405425615828,-0.18954763036405547,-0.18751527623100409,-0.1742801821931614,-0.16248913956338154,-0.172963361999079,-0.14664934202436936,-0.14063721934919451,-0.13964285696723783
BFA,ssp370,ipsl-cm6a-lr,0.12969928442334613,-0.3588441295057364,-0.3792653938696535,-0.21638636383884735,-0.2632374354909925,-0.21085672215602663,-0.20537304630706063,-0.13860954523667562,-0.09196615579924061,-0.11237882520037441,-0.10774830789314369,-0.1001194288582017,-0.07843240821848584,-0.08672684186288666,-0.06438967989495964,-0.06324409059947454,-0.06670282469714255
BGD,ssp370,ipsl-cm6a-lr,-0.016920658095551232,-0.012088636421764169,-0.00014176938325889094,-0.023443541682885996,-0.0053171627708580894,-0.0052092085854279265,-0.009411299031090671,-0.014950636118036894,-0.012214359111922611,-0.012650303040338798,-0.012062985119686806,-0.014462914443939543,-0.016011957308945324,-0.023091467553992707,-0.019967620532099755,-0.017570380238613667,-0.021091201800260764
BGR,ssp370,ipsl-cm6a-lr,-0.014330440604120366,-0.057081998806315884,-0.035405356882987155,-0.029071243367451486,-0.03703622289902112,-0.06231402318048207,-0.03960575436273888,-0.07074574328920653,-0.07332108950364041,-0.1208973819132193,-0.06420716945121546,-0.12278140139840646,-0.19445477957021437,-0.08725011915989635,-0.12431923183864863,-0.15671003025474428,-0.09918786516240441
BIH,ssp370,ipsl-cm6a-lr,0.021680874629166052,-0.025747162915053013,-0.023471315710399666,-0.03379264285681234,-0.061758116737214756,-0.07160712700360594,-0.053175281156635654,-0.07515939647268456,-0.05448297497314984,-0.09348980639499409,-0.0993946146426298,-0.11376881019579943,-0.19116608156699325,-0.06412883364509535,-0.1143385585769281,-0.1886346489500034,-0.09574338670548509
BLZ,ssp370,ipsl-cm6a-lr,-0.05720188397209137,-0.07825620646484138,-0.06182886977757707,-0.09739379710307876,-0.08450760971484786,-0.056429157285169854,-0.09220222272553134,-0.11284402471082543,-0.10082521038402913,-0.12472107667309097,-0.10307909599406642,-0.08335749741368248,-0.07700081780609364,-0.09015225423199563,-0.08234637753194098,-0.07976357979107386,-0.08072490021275841
BOL,ssp370,ipsl-cm6a-lr,-0.038194507565818436,-0.04082018649150595,-0.041866230373521045,-0.08365866077777084,-0.0268166830307289,-0.02793900591342063,-0.03975416990687138,-0.035977477688935826,-0.03475825142899076,-0.028448830154870364,-0.024730945268758846,-0.03928870455941883,-0.033132318341229185,-0.05273156456442765,-0.04101582256208981,-0.035645376975911074,-0.039875408021931076
BRA,ssp370,ipsl-cm6a-lr,-0.03201881593713184,-0.04929052537037508,-0.03477064514716736,-0.03356154159649984,-0.034947147303516585,-0.039046749689821345,-0.0436015889942978,-0.07240924058680395,-0.07974441968632014,-0.07006598878076818,-0.06578165452444033,-0.07854331187545249,-0.07338513247772643,-0.12334244258262542,-0.1078049006049275,-0.11100953237446853,-0.12413089853442127
BTN,ssp370,ipsl-cm6a-lr,-0.0030077756449440533,0.0025969883682519872,0.0022600850519311354,-0.001172767258499634,0.0007295607886222523,0.0010796667642643607,0.00048492667349232126,0.0005794009872541534,0.00027981973607726115,-0.0011305098042657664,-0.00023066732927368603,-0.0021048529088536017,-0.001001767864470924,-0.0020340390220812336,-0.0017719574650652667,-0.0011085020247892795,-0.0019499211078054697
BWA,ssp370,ipsl-cm6a-lr,-0.008706067433729873,-0.006874337331484633,-0.005674787459605388,-0.0013250078875926977,-0.003253284006073585,-0.00395269832288902,-0.004271176256666592,-0.0026797048591528177,-0.0022108211997948234,-0.0029914057407822267,-0.00480581829857809,-0.0034473045313880898,-0.0033161544705223793,-0.0041389291181963194,-0.00433886515021958,-0.003568472529363426,-0.0044708328565142815
CAF,ssp370,ipsl-cm6a-lr,-0.15310190209940489,-0.06316641498396303,-0.33103774000711755,-0.21403481391782395,-0.2764826080562618,-0.2495833336616597,-0.2979792609023979,-0.24196607870914222,-0.1746989034959934,-0.09652002790442353,-0.14205905152381754,-0.15372401723728163,-0.11109601032350315,-0.16958850496117842,-0.14410660266627928,-0.11136073251094046,-0.12964752636751745
CAN,ssp370,ipsl-cm6a-lr,-0.0005570360423034048,-0.0018737035495187651,-0.004352995376930559,-0.0014537057711880613,-0.002433059573291427,-0.007669252805727205,-0.005341390165685635,-0.010637461913708115,-0.003543761853860517,-0.006345471561565417,-0.0050244444614320925,-0.007410573881199892,-0.010227923112489858,-0.004074973211607396,-0.009287536698158795,-0.013268685429386473,-0.011494058328289041
CHE,ssp370,ipsl-cm6a-lr,0.00040710027990484765,0.00014574947704691293,-2.5262012943857513e-09,1.0541261467089979e-06,-0.000170230632421426,0.00014121501009474604,9.83023212650867e-06,-2.1619706103291086e-05,-0.00013434957003736914,-0.00033198198237352494,-0.0005272741767497224,-0.0004583612547626749,-0.0003952839893987517,-0.0002530682163329744,-0.0003537934430088124,-0.0010662178627279533,-0.00035040236817106664
CHL,ssp370,ipsl-cm6a-lr,-0.0011006862063028188,-0.001160770323720305,-0.0009674559154919365,-0.0017772117802489795,-0.0016010051890554895,-0.002596238810967934,-0.0013099895734414056,-0.002386252026975309,-0.0030244630200942143,-0.002716905106325025,-0.0039361358594227685,-0.0029780006022044328,-0.003348218768355716,-0.002780383992882687,-0.00263474009804213,-0.0025904547462185373,-0.003287350434591147
CHN,ssp370,ipsl-cm6a-lr,-0.0588595476588908,-0.03235124703098308,-0.03447549021858366,-0.047742856392799064,-0.04186073503628558,-0.024317815551370976,-0.05498166797746388,-0.03433586527448669,-0.06115517004505008,-0.09302899188503087,-0.06569089823684801,-0.09407471569906378,-0.08677988054920407,-0.12266705464800105,-0.1045669755643267,-0.10875545773610547,-0.12768110247241948
CIV,ssp370,ipsl-cm6a-lr,0.0030148716665259812,-0.08831955434783101,-0.0849029338766953,-0.06331817245604444,-0.05063007134046304,-0.04682854169674044,-0.057292342113035286,-0.03833465934225453,-0.03010413567474339,-0.0355851450197448,-0.0334944030855053,-0.0324714070386141,-0.031031703674983827,-0.03566626215846226,-0.032420459156925534,-0.030432221613522874,-0.03189057138867727
CMR,ssp370,ipsl-cm6a-lr,0.036936540352205595,-0.13718086899989945,-0.15369065413198324,-0.10211054378996709,-0.11813592510193668,-0.04389606425466797,-0.10849507651798064,-0.06258209874216891,-0.06433578896611557,-0.04078449429300436,-0.06375347410293276,-0.06067139259223163,-0.05699303589063907,-0.06386092080480837,-0.05628332327374685,-0.05050551295505989,-0.05930688703411672
COL,ssp370,ipsl-cm6a-lr,-0.003604185689379102,-0.013546866637859216,-0.007091116898580439,-0.008201747424532991,-0.004058639726469217,-0.009357544728921096,-0.011867675250734311,-0.010357368344705083,-0.00845700155455203,-0.010428639712298602,-0.009291948837123205,-0.013021567732474117,-0.008226003487016431,-0.014890025382973123,-0.01459601098225259,-0.011527510141559493,-0.015972134993706224
CRI,ssp370,ipsl-cm6a-lr,-0.001559683118518063,-0.001919109083470948,-0.0010376746496971914,-0.0017827024994227917,-0.0007338982887136473,-0.0017530431626785379,-0.0020520065164245133,-0.0017566994249047657,-0.0019083231163080894,-0.0022664037122635443,-0.002279959364430618,-0.00241992166406794,-0.002365031898950168,-0.00254186915199888,-0.0025079363490996126,-0.002417188542842007,-0.0025191172830120114
CZE,ssp370,ipsl-cm6a-lr,0.000114491789513829,-0.000299440357018509,-0.00025345733174455556,-1.2067735214490142e-05,-0.0015689393510341606,0.0002186623959004109,-2.2903271765089752e-05,-0.0020240335650371292,0.0007632630093304356,-0.005530721358364235,-0.001544896258879679,-0.0027120268903332288,-0.003975107531846995,-0.0012825878340922824,-0.0018932862030173504,-0.006627223396849344,-0.0025972291296090886
DEU,ssp370,ipsl-cm6a-lr,-5.237175490053993e-05,-0.000211485718494382,-3.7315431962104965e-05,-0.00041799861044615423,-0.000927113737276998,0.00014320203447457482,-3.428111267712069e-05,-0.0006938745667091016,1.3464940697952592e-05,-0.002164526794573209,-0.0014544085721663984,-0.0017435834111103454,-0.0009853538102727324,-0.0013248594055708628,-0.0019707563388573993,-0.0037332501950733733,-0.0016676496535963639
DOM,ssp370,ipsl-cm6a-lr,-0.0009492484095777143,-0.0034407227405457365,-0.0023306263565707193,-0.0027898057983087735,-0.002610986992817519,-0.0021958018634334825,-0.001776032894378013,-0.0010916015304015788,-0.0027236938834456913,-0.002933749595699417,-0.003330054616111756,-0.002506310652267954,-0.002975140614206599,-0.0030824254051160333,-0.0031441228105459937,-0.002965929372443847,-0.002986937650947923
ECU,ssp370,ipsl-cm6a-lr,-0.014158664907746785,-0.03468568754540977,-0.004561487214578229,-0.016194851097380145,-0.021069821275878208,-0.032196481285355495,-0.030444529438455045,-0.030098615394334494,-0.023157050503484326,-0.029861527579926144,-0.022522664419375088,-0.02973454077594324,-0.02885728148641758,-0.029713140113618693,-0.027575865790768508,-0.03227637870152674,-0.029947981982043053
EGY,ssp370,ipsl-cm6a-lr,-0.07602556869539642,-0.032993769420643165,-0.01941144603602348,-0.025968966069394674,-0.0256511091958441,-0.019492905480895998,-0.017718921632806996,-0.020422231862561546,-0.018482154226011682,-0.01781166796777163,-0.014193457787565051,-0.01809690424421719,-0.015486397018327314,-0.015108793732987054,-0.01408154426902784,-0.013897083810765992,-0.013737622797917376
ERI,ssp370,ipsl-cm6a-lr,-0.08535763909222073,-0.17803110586024903,-0.07633796655479451,-0.15879888929551397,-0.23137994228647446,-0.14716255476472823,-0.14307363429929196,-0.21425306459650542,-0.08534457125271959,-0.1758705419235034,-0.17216605495029016,-0.2289885160756657,-0.1738767352417279,-0.23666601934572157,-0.24344339822757682,-0.1779856370940931,-0.2309945312469368
ESP,ssp370,ipsl-cm6a-lr,-0.0011023404987993302,-0.0029337895478041545,-0.005485712179948398,-0.005416554199107056,-0.009341982053526467,-0.009595790900736414,-0.009472449785485684,-0.005201738944636414,-0.012905838867582092,-0.011150222994687419,-0.01470783938444432,-0.01226725267103159,-0.01602959541257714,-0.011508775305398768,-0.01528936338806473,-0.016414225268100695,-0.011861285118188632
ETH,ssp370,ipsl-cm6a-lr,-0.04825721139608096,-0.025258502014511512,-0.022224530772526275,-0.031392686334635836,-0.03799086784202757,-0.018967423615240623,-0.022345886380148536,-0.015582118129176703,-0.012338386976112968,-0.01734398088166356,-0.018787108289340007,-0.016224492420848335,-0.01336910462576957,-0.013495443128103496,-0.01727183681580143,-0.012880867885511836,-0.01366456110216528
FRA,ssp370,ipsl-cm6a-lr,0.0013539755995966808,-0.0007627425397661068,-0.00180534779246695,-0.004351062110178497,-0.008069119373149143,-0.0033495171633240984,-0.0052212029196478695,-0.005450643936371394,-0.004995295366295232,-0.01036164133385922,-0.01009200174769387,-0.00856298504460233,-0.008116533084010417,-0.0073591518665163955,-0.009169629585496867,-0.012173157482175097,-0.006565478907321674
GEO,ssp370,ipsl-cm6a-lr,-0.0026957191713436516,-0.00472677031017407,-0.0141777061371815,-0.010907661249668354,-0.016502638093835436,-0.010164885281261929,-0.019432884283797847,-0.007358391058522765,-0.017631516864856697,-0.017658271145921094,-0.019723111979010794,-0.0211246245723562,-0.024578786923795497,-0.015215488241863907,-0.021903078517069942,-0.020621199277703086,-0.028140668214119084
GHA,ssp370,ipsl-cm6a-lr,-0.031396362704708,-0.09532153725115128,-0.09096672886516619,-0.07161628910387463,-0.059429795522578,-0.05122096068506171,-0.06642831993932062,-0.05209194093420222,-0.044414376977989174,-0.04366042326716259,-0.041959097306601155,-0.038905095878351094,-0.036998740544367185,-0.04081771497988455,-0.03390656935499178,-0.033314748454444355,-0.03394820064596358
GIN,ssp370,ipsl-cm6a-lr,-0.005789422672315898,-0.07311078002157588,-0.04206294177691644,-0.03801612502692584,-0.04552804231104121,-0.024912580143970995,-0.034162548942399236,-0.020799970721592707,-0.016722097912716213,-0.020373001310940605,-0.0164222255953271,-0.017241107728354053,-0.016279325187246448,-0.018625533658299324,-0.015349170230171554,-0.015300228389185865,-0.01637467247329879
GMB,ssp370,ipsl-cm6a-lr,-0.028840013992426278,-0.0619220199499447,-0.024450622830705974,-0.04187399325176205,-0.03565337118508147,-0.02588478237003241,-0.021078942145320006,-0.01930112303417082,-0.01687309378010275,-0.0159649227613709,-0.012554776019580407,-0.013211565372648894,-0.009662229855915526,-0.011373439411048653,-0.009156542589647272,-0.008009692243523263,-0.008011802595979427
GNB,ssp370,ipsl-cm6a-lr,-0.05195299311161488,-0.33212176260449044,-0.12449105850164367,-0.21746102487631394,-0.19745461414041474,-0.14416716743446067,-0.11460187622615962,-0.09493557271558942,-0.0815046974449741,-0.07917881656592764,-0.06332066407817707,-0.0644964614971104,-0.050039608384272405,-0.05478306216919313,-0.046519952509704844,-0.04045795605919278,-0.04154718156133227
GRC,ssp370,ipsl-cm6a-lr,-0.0006004699398955763,-0.008614285454359952,-0.014688420416589723,-0.005723828921458293,-0.006956579635603066,-0.013884122270210113,-0.01486678175691556,-0.020507545031890288,-0.021383905604221824,-0.02413455579855035,-0.015662173114489156,-0.0263893559650732,-0.03466047583264592,-0.022041615851972823,-0.027207424043382555,-0.032300971116798895,-0.025508216275855245
HND,ssp370,ipsl-cm6a-lr,-0.03849086833117998,-0.09958669470910984,-0.03994647222056769,-0.0794048135761096,-0.03801484950270708,-0.054950410307983054,-0.07170880060477426,-0.049990976205674595,-0.05653384662374409,-0.07046763301673124,-0.07206148105269608,-0.05410913197002436,-0.05818321757053711,-0.05981808124318654,-0.05633337527209189,-0.052838795601729265,-0.056253903927045705
HRV,ssp370,ipsl-cm6a-lr,0.006079254941762839,-0.11149578772463055,-0.06521947037414154,-0.1503427529673096,-0.3115145386857278,-0.24208339546684357,-0.24957268711437394,-0.39208081409693885,-0.24499731399558689,-0.5378872312978441,-0.5991797778139444,-0.614781278596329,-1.0328717252426693,-0.4289947013363051,-0.6724077640491105,-1.079889981017166,-0.562895041877583
HUN,ssp370,ipsl-cm6a-lr,-0.008382741042100713,-0.01575488944239037,-0.005001340522075154,-0.010292615481236615,-0.0244099637545255,-0.00951729554090566,-0.01029012104758741,-0.03205938014218236,-0.013493695262063062,-0.04106364491301505,-0.032402025869905024,-0.040769349182703495,-0.060571172182383656,-0.02496757301783643,-0.03564978269994528,-0.0593520015826644,-0.03210247964661895
IDN,ssp370,ipsl-cm6a-lr,-0.023142813416238115,-0.04795784124657945,-0.03660289899217465,-0.04007349698109463,-0.021859806498402298,-0.031214099044506536,-0.045647732068741405,-0.05030347182289233,-0.04007308960797586,-0.04552473262501541,-0.05112753629305611,-0.05848516705130722,-0.058557756974545155,-0.07729508640788364,-0.07513229144348066,-0.06687206193207736,-0.0752221701860394
IND,ssp370,ipsl-cm6a-lr,-0.0241460274357578,-0.018525707195074487,-0.008925891396990801,-0.024641485213548437,-0.006681060552211283,-0.010839219759021699,-0.01895415620695227,-0.023667694034141457,-0.022699547481772202,-0.01811489670811894,-0.01612992337928088,-0.01622109602314191,-0.01873364182518942,-0.028980710831432416,-0.02571182163383358,-0.0226652856390773,-0.025132939852616207
IRN,ssp370,ipsl-cm6a-lr,-0.0006961043972113037,-0.0001494973080302957,-0.00028233741480693567,-0.0001251837949001615,-0.00021195507778949988,-0.00015647282968990248,-0.00030143297589329144,-0.0001447668492615352,-0.000263081872409777,-0.0002632969599091831,-0.00031526406650294437,-0.0002668059769563564,-0.00030078966826194105,-0.00023949612491881204,-0.00031384202657298355,-0.0003121353577195522,-0.00029640544642738537
IRQ,ssp370,ipsl-cm6a-lr,-0.027426588197640964,-0.0023102127295995794,-0.039913164697665475,-0.013517913170788971,-0.03427048174621311,-0.02459464736636267,-0.03285849489229038,-0.020364194031299437,-0.028704245712857842,-0.02513891490769187,-0.026734890651625196,-0.02770087225823649,-0.027750896749458187,-0.023313711735878137,-0.022263895871860985,-0.02044159954300643,-0.018106898304815756
ITA,ssp370,ipsl-cm6a-lr,-0.0012995612786494337,-0.0005858670060767435,-0.002390584506364017,-0.00027325717798932207,-0.004917754981169781,-0.004586785245476169,-0.00489021151326833,-0.0064494146160287945,-0.006934562120923398,-0.00609133069260913,-0.008552536401662978,-0.008232979704502146,-0.012321586034446308,-0.0071977845912479296,-0.008341377741138557,-0.012133335643689165,-0.008442165712819546
JAM,ssp370,ipsl-cm6a-lr,-0.002530323147655986,-0.0024734892003973547,-0.0011017466539478208,-0.0037154349705348084,-0.0010601366158842138,-0.0020756352761819984,-0.0029149462000154936,-0.003027078402605457,-0.0027249811683157975,-0.0028756302233521793,-0.0031459446116422042,-0.0039753997742784505,-0.002395474201425562,-0.004754648644297848,-0.003882658874506712,-0.003526909515628763,-0.004141540216323371
KAZ,ssp370,ipsl-cm6a-lr,-0.005092208224182596,-0.0026181046364665964,-0.002191731267030898,-0.0011232001103664072,-0.0018457830930568777,-0.0021002090690518224,-0.00421661773792634,-0.0028006183617373887,-0.005297762316186466,-0.005655768040517092,-0.005193922901903397,-0.005903039162528461,-0.005934601690451426,-0.006161764846771414,-0.007000735756018048,-0.006911765063448613,-0.007287954158732702
KEN,ssp370,ipsl-cm6a-lr,-0.05154226241044724,-0.03889755134397281,-0.04676849693875615,-0.04372015778986211,-0.03669033803729591,-0.03091847302131661,-0.03001051960895864,-0.03381529830960945,-0.023334828210936034,-0.031859299283761716,-0.02169187145909821,-0.030128750393964003,-0.01677697652901786,-0.026458448979456498,-0.02607684768730301,-0.022262618061363194,-0.02174910401613619
KGZ,ssp370,ipsl-cm6a-lr,-0.3328432061517142,-0.12973315294579255,-0.05100069212690367,-0.010288678528375889,-0.026571479363672025,-0.011001899000704427,-0.10744583784980098,-0.06307720577372475,-0.10906166104380426,-0.07133115203110288,-0.054101720385253224,-0.07403635545907479,-0.05657241828941385,-0.04560824099804812,-0.07249013807858362,-0.06232838946546982,-0.0775910001462729
KHM,ssp370,ipsl-cm6a-lr,-0.06820588537506882,-0.11671267684059244,-0.06730312375185556,-0.09204096307585058,-0.10075451025667466,-0.07481064956983008,-0.05651087827147777,-0.0709497153348789,-0.07464514812015242,-0.06722970662940694,-0.06364415807361454,-0.07260750419558704,-0.06530121333578637,-0.07615072905728472,-0.06331845948725093,-0.05935071706875215,-0.05618699748688187
KOR,ssp370,ipsl-cm6a-lr,6.799189699704281e-06,-6.749997336070681e-05,-2.7943488978504592e-05,-0.0001413008136434266,-0.00015304685622216367,-6.944905827062713e-05,-0.00011124125326903898,-7.755258478000273e-05,-7.884894885340222e-05,-0.00028846382939812216,-0.00013060550643880737,-0.0002069557617037637,-0.0002623589661185987,-0.00028124723945150337,-0.000277058210608508,-0.0003162000048691208,-0.00036038323145770644
LAO,ssp370,ipsl-cm6a-lr,0.005855602128021356,-0.020786057970989553,-0.00811459529669634,-0.019720958169020118,-0.014529666227048994,-0.014269145947384373,-0.00570755635596365,-0.013184428395331436,-0.004579374676257593,-0.011404127019294224,-0.005736371762518084,-0.014466733010389431,-0.013045402835659792,-0.01800746092768706,-0.013601416971480856,-0.01023188042580657,-0.011606906922024554
LKA,ssp370,ipsl-cm6a-lr,-0.004120985831860268,-0.0028694996199043333,-0.002256077811478983,-0.002607691482359494,-0.0010289017253983534,-0.0018691978313394825,-0.00242457943889355,-0.0023038241342877483,-0.0014199537602602448,-0.001934360177018228,-0.002543685500624955,-0.0025972835906673667,-0.0018583633565605491,-0.003210776392826158,-0.0032989352007466847,-0.003280295881321239,-0.002408015196120926
MAR,ssp370,ipsl-cm6a-lr,-0.00020302446160778138,-0.0003334259892668842,-0.00042649691895750146,-0.00014981795289080712,-0.0004361099558094854,-0.00022241291772813037,-0.0003193985466044489,-0.0002744022249599421,-0.00023765296035525632,-0.0001898871982539387,-0.00019560366591686866,-5.5319007909849706e-05,-0.0002682002870008065,-0.00022597361181915702,-0.00025258399471016506,-0.0002870548282644743,-0.0002686737963624065
MDA,ssp370,ipsl-cm6a-lr,-0.024364673461249802,-0.09854252159622702,-0.03146437512858675,-0.05264557175932934,-0.02489569185814592,-0.0646064643330112,-0.03332571860228594,-0.09088413126982212,-0.051695223505544126,-0.14359618782405398,-0.11408055099559498,-0.16284380481099472,-0.26625163212311337,-0.13880913251891183,-0.16146305049567913,-0.2155752012787857,-0.13430959393568004
MDG,ssp370,ipsl-cm6a-lr,-0.0039373869291731735,-0.004110582742512456,-0.004912698051668209,-0.006100679847033622,-0.0037091148007945135,-0.0056537326548287735,-0.0034228337254434615,-0.002353774149497335,-0.0019219947064196556,-0.003060047460730066,-0.0017358566889757372,-0.0023036644337841037,-0.0032723597056505843,-0.001950256317749866,-0.00199104096499251,-0.0021558542222450214,-0.001635374714271751
MEX,ssp370,ipsl-cm6a-lr,-0.015203447031653458,-0.030828299592194745,-0.009872144656579587,-0.017633803753381635,-0.021924248875206984,-0.019817221958564318,-0.028475134704432675,-0.03224391124748807,-0.017571542720880674,-0.03020632591520262,-0.03662473252827864,-0.04092456798665098,-0.036543817643457994,-0.05183647283843986,-0.04215830293220951,-0.04692054867189168,-0.047170878627065635
MKD,ssp370,ipsl-cm6a-lr,0.0060372073825556245,-0.0057631141705585245,-0.011072323219171874,-0.0014620560830553013,-0.002542482268448202,-0.012071335055695265,-0.008755086666740462,-0.016154700180062296,-0.01803486281527529,-0.02035391691636245,-0.006983369814921947,-0.022094043995375377,-0.035573024347402615,-0.015384679375686066,-0.023071434774804323,-0.032846467808870114,-0.0206396511398332
MLI,ssp370,ipsl-cm6a-lr,-0.08197160068122489,-0.7273733439695915,-0.4621631922553919,-0.44977156477894953,-0.5176630062039345,-0.3863935662933972,-0.3545784914415564,-0.27992949523412153,-0.21477358056405546,-0.2413637227979458,-0.20091971776466025,-0.21327354039175883,-0.16204854983422837,-0.1929557552641253,-0.1443212329156906,-0.1418503082018176,-0.1521148765605704
MOZ,ssp370,ipsl-cm6a-lr,-0.1519910538365948,-0.1864087508263892,-0.11107393720103721,-0.11772449644440758,-0.08233866682979954,-0.08012178866208086,-0.06924125373752413,-0.04684877853114754,-0.047667555409769025,-0.04639981958122267,-0.04825984595155765,-0.040660127393660664,-0.04186715967272093,-0.037852088428668086,-0.03268761957482081,-0.0332661892063821,-0.033235706708738
MWI,ssp370,ipsl-cm6a-lr,-0.38618880212648954,-0.33081021100646546,-0.2193241123740182,-0.1973895299812069,-0.13085369676121764,-0.13863247880423668,-0.13686268842426602,-0.08384300300763357,-0.07921846522202025,-0.07856809465191956,-0.05787860030138061,-0.06260322921248919,-0.05216753043049509,-0.03854764594742126,-0.03640965126993382,-0.03389287372244405,-0.032519026343529496
MYS,ssp370,ipsl-cm6a-lr,-5.434321776732792e-05,-0.00018621087502928752,-0.00013857322959427818,-0.0001394499083578877,-0.00011745707200300654,-0.0001650125968019841,-0.0001684393748314332,-0.00017000807523976632,-0.0001403425648150225,-0.00017155706616730948,-0.00015850920498088753,-0.0001670447387115124,-0.00015750281260645433,-0.00031009225764187256,-0.00023380716141492975,-0.00019545644405064846,-0.00017855489029469906
NAM,ssp370,ipsl-cm6a-lr,0.002483553944456583,-0.04723294665662258,-0.04704238344879048,-0.005862954670857424,-0.012934993723552689,-0.021174300567511538,-0.020349225064741343,-0.00907740124515232,-0.006622873842844318,-0.00753758389595605,-0.021167802070164374,-0.009236749528296192,-0.008005142482947137,-0.014305836459938869,-0.01438067225606391,-0.010962781045548398,-0.01337773558619293
NER,ssp370,ipsl-cm6a-lr,0.00014732886071216282,-0.004800751013264989,-0.0019968778605140448,-0.002323979179978999,-0.002844999729779039,-0.002055554723523134,-0.0018803089081225008,-0.001209875889086233,-0.0005385130372723356,-0.0007641566541654866,-0.0008083021504495337,-0.0007727922396477809,-0.00040816021679377306,-0.0006005904878693437,-0.0003325356493589571,-0.00030184888630329363,-0.00034586123138821267
NGA,ssp370,ipsl-cm6a-lr,0.013464046050899665,-0.034743261846078635,-0.04451109696768496,-0.0255207901638529,-0.02811035515388402,-0.015131388876295105,-0.02732503248470043,-0.015100814920555304,-0.010590355334687412,-0.01142602452586031,-0.013181470549262306,-0.011062427126415515,-0.009683359438343708,-0.010287085992328533,-0.008029773719358393,-0.007345840463653872,-0.007214489526741378
NIC,ssp370,ipsl-cm6a-lr,-0.03878787183951199,-0.13438231922361715,-0.05257503969345465,-0.09798750008569303,-0.04145268271848285,-0.0737493126388761,-0.09327165889710384,-0.05051495746493868,-0.0639451320612721,-0.07264155688930235,-0.07728815256214185,-0.060185205023039076,-0.06541992598480269,-0.059510275439089926,-0.05840356789250241,-0.05606605013128231,-0.05681341176859696
NLD,ssp370,ipsl-cm6a-lr,-8.298695152335168e-05,-8.128937484383257e-05,3.81784237116622e-05,-0.00012560710819747243,-0.00010463793905988247,-9.096527461012016e-05,2.9447176511052012e-05,-0.00019330402148592842,5.7982502405269115e-05,-0.00015393579244124412,-0.00019793129138392,-0.00013429402034336,2.0467540828654294e-05,-0.0002707022929222091,-0.0002400266052505979,-0.0004429187374519864,-0.0001558359269475765
NPL,ssp370,ipsl-cm6a-lr,-0.12842134728579183,-0.06735745597311185,-0.04606269703004723,-0.18134859234106254,-0.0760013832694726,-0.05869092694984863,-0.11596254212718107,-0.12419360353040716,-0.10625908891466666,-0.11915427651674432,-0.11586684880730927,-0.1119436801634235,-0.125792352377274,-0.152108345164488,-0.1919554367838275,-0.12189378415576148,-0.1393628440590977
NZL,ssp370,ipsl-cm6a-lr,2.1789832985370434e-06,-0.00025783708467178403,0.00021234808695899324,-0.0007501175018057124,2.3180539378720075e-05,0.00013872925503356925,9.489192779788473e-05,-0.0002950356320351048,0.0005438895845432787,0.00026042492676666546,0.00015128764682621927,0.0003904815228821247,0.0002036124625127347,0.0003706988913525916,9.781786516623435e-05,4.6609773614869085e-05,-5.544309149395597e-05
PAK,ssp370,ipsl-cm6a-lr,-0.07832135306867115,-0.05403355041345025,-0.02638710881849838,-0.017834982660108314,-0.02856550984479276,-0.03380248646378049,-0.03553628658530379,-0.03753086883707908,-0.03531231060838636,-0.033688629743759926,-0.018248599789308834,-0.023261173008387204,-0.020740921252697407,-0.026238186674345083,-0.025735603062299117,-0.02184713462413912,-0.02481126044106467
PAN,ssp370,ipsl-cm6a-lr,-0.010631204506981323,-0.021863888628246075,-0.006167520753074451,-0.013401049085299772,-0.005331776352515287,-0.008404908256072693,-0.010360008575422864,-0.01057201007357195,-0.009390817645531718,-0.011907708550450887,-0.010652623380641166,-0.013760213652123198,-0.0089819739515382,-0.01583845579159836,-0.014347218144224376,-0.014314311033268787,-0.01588746581055414
PER,ssp370,ipsl-cm6a-lr,-0.0034784516095090986,-0.0068788402045494995,-0.004886254535863571,-0.00647054493571315,-0.007382355655831525,-0.006622151430724584,-0.005915423431396811,-0.004710079309572729,-0.0019000245857616134,-0.006075616897729079,-0.004581614061133142,-0.006728778719996226,-0.009574749153041691,-0.005747051571249136,-0.005079826546997342,-0.007643118344904343,-0.005967312536972017
PHL,ssp370,ipsl-cm6a-lr,0.00017295341166774714,-0.02489023723211927,-0.0111610336192654,-0.03426127369926731,-0.02716071426703955,-0.02570478808091075,-0.027695701201530074,-0.029456822161474275,-0.02216874778174042,-0.032047077454750224,-0.020384689837997363,-0.030434776068632784,-0.02530246699928389,-0.03717729530787269,-0.033886633509465816,-0.024861924525829974,-0.029301442843206398
POL,ssp370,ipsl-cm6a-lr,-0.004369534071863191,-0.00036844466203399945,0.0027775873896179505,-0.007082565794959474,-0.004622042071817445,-0.0011765582522891966,-0.0004803033862277774,-0.010599586538365732,0.004718635177184078,-0.027278766227690626,-0.008943133974071997,-0.013271893366176946,-0.018723950118853673,-0.009102719802046822,-0.0117710795262049,-0.033335841657468425,-0.015004269183366406
PRT,ssp370,ipsl-cm6a-lr,-0.003066360310309193,-0.0014315525631498972,-0.004157469699822923,-0.008405873461526828,-0.008664997573979849,-0.00801384166785619,-0.006650457008346721,-0.006839245259724717,-0.008008000162995679,-0.006473576642327492,-0.010563727817215048,-0.010276583069241424,-0.011443119648396054,-0.009312948266218398,-0.01406652581283072,-0.01358570017804898,-0.009132222269130009
PRY,ssp370,ipsl-cm6a-lr,-0.06140844026283495,-0.1918340056313572,-0.1363131002386457,-0.273408044542923,-0.09629576571973521,-0.1361086608640272,-0.11572182768234394,-0.13644016999273648,-0.15574799208198928,-0.15928683415975853,-0.19378275755299396,-0.08960161887490739,-0.15092477647931224,-0.15967698450410084,-0.1366347551965459,-0.15009026457519836,-0.1555649420116736
ROU,ssp370,ipsl-cm6a-lr,-0.006816786207898025,-0.04386411439320656,-0.02051113252255322,-0.022414993905521232,-0.032879086096461334,-0.055299788796618274,-0.026521653655135806,-0.07846971830583994,-0.0521229916217893,-0.1480567883781717,-0.0950078446821871,-0.14239834653958405,-0.2516801674911101,-0.11343687330044726,-0.14297552362917018,-0.2235464681109402,-0.13220357034112284
RUS,ssp370,ipsl-cm6a-lr,-0.007139144766682713,-0.007466933887526153,-0.0023679927411144144,-0.003379552254169661,-0.009988792430936217,-0.005301266192369682,-0.006345742747690108,-0.008836692411600434,-0.011571114135056078,-0.014057506088883029,-0.011174275438862798,-0.013681591268669677,-0.018890336712317417,-0.01717811438540004,-0.02281846256872309,-0.019019274593335224,-0.01858163115089482
RWA,ssp370,ipsl-cm6a-lr,-0.04132866199315834,-0.008668644319213135,-0.006940656960029429,-0.005396682880518761,-0.020642269203884036,-0.015810769615620262,-0.007889587322555021,-0.008124806283960574,-0.013462071227847785,-0.0065697077617642655,-0.008572440210939005,-0.013154991514845605,-0.0016808204727045398,-0.013093359535507396,-0.007346528464522715,-0.005763274540240061,-0.005750001885581785
SEN,ssp370,ipsl-cm6a-lr,-0.060935612623019865,-0.18265588079327036,-0.07609181844537626,-0.1491702472328397,-0.13866960268562922,-0.11163851388589388,-0.09193199556966583,-0.0867078016707862,-0.07983454556611187,-0.07622256763681773,-0.06303307299432852,-0.06609150783778985,-0.050318661811861246,-0.056824139421125894,-0.046146377109269894,-0.041056060216581654,-0.041741815995793755
SLE,ssp370,ipsl-cm6a-lr,-0.004355572162391532,-0.007505672864168366,-0.003928228783049781,-0.004361255784510811,-0.008230612145104866,-0.004038216124330884,-0.004618250109586421,-0.002555518781720953,-0.002181312400884565,-0.0025718657382649357,-0.002767787981626691,-0.0024076795373723556,-0.00258431931934693,-0.002934149914559515,-0.002103294258937279,-0.0022005817851519197,-0.0023389383513578565
SLV,ssp370,ipsl-cm6a-lr,-0.06036245008503276,-0.24501585491519887,-0.1012842691529173,-0.2109095298306227,-0.07939973327496157,-0.13028632834210305,-0.18441373835754424,-0.1394839648383289,-0.14460698732882726,-0.19704861711236865,-0.18666227745490152,-0.18264363995631294,-0.16666373111380414,-0.178552128319503,-0.1668856449010199,-0.15712959685378472,-0.16684097766937453
SRB,ssp370,ipsl-cm6a-lr,0.02483603125753287,-0.0604060063416252,-0.04148770240126801,-0.04952121536966055,-0.11119612706723281,-0.10394485538139063,-0.08247386941398846,-0.15822517660940524,-0.1146876549030105,-0.23978203111217677,-0.16323687606954784,-0.28289004331043266,-0.4125499357308395,-0.13709683244007823,-0.2426658793841891,-0.40318402782815843,-0.2028756839885545
SVK,ssp370,ipsl-cm6a-lr,-0.002012768853952266,-0.004567293731298046,-0.0018688540358060503,-0.004013945768999154,-0.007707171957422354,-0.000765418367653361,-0.0028161294768744728,-0.008570204311302298,-0.0006462607438714371,-0.014120552583772455,-0.008130470890288193,-0.010264663145641974,-0.01711055074142543,-0.006602695533951666,-0.008211256190593635,-0.016727663466971923,-0.007425273354232605
SVN,ssp370,ipsl-cm6a-lr,0.0006656632765461129,-0.000738666655177423,0.00012319074546295468,8.632859353815452e-05,-0.0016390330057631359,-9.319314844203338e-05,-0.0022760643942344432,-0.0034899628708913136,-0.0015265915166730159,-0.005018540141396303,-0.0058352650981056044,-0.00596593013102805,-0.013085767701960765,-0.005256272333812547,-0.006580862209508241,-0.011229468973368937,-0.004657769854239876
TCD,ssp370,ipsl-cm6a-lr,-0.03290432985399201,-0.21394430934334133,-0.09979285176840956,-0.1070702055459866,-0.09458461692010278,-0.05457508026128093,-0.07301017571869982,-0.05186598807425301,-0.024655925131362673,-0.03265169517114794,-0.036481673986693434,-0.03349035556206364,-0.02063839271061855,-0.030183623383793132,-0.020050315425562338,-0.01727579504906031,-0.02024914729505143
TGO,ssp370,ipsl-cm6a-lr,-0.07949563332178532,-0.48005754444605225,-0.5003282418696028,-0.32830872888219276,-0.332172587078647,-0.27237584413815774,-0.34667186137279254,-0.26092484335916305,-0.2183541854352033,-0.2106516528262783,-0.20400872046394355,-0.18580225606765405,-0.17670338186772538,-0.18886530284882383,-0.1602064016364316,-0.15678651859526493,-0.15564176896178475
THA,ssp370,ipsl-cm6a-lr,-0.015469592502009166,-0.02262686374864041,-0.02042548452210272,-0.04028493898217035,-0.03847007464478042,-0.03364036473106333,-0.0235502046135846,-0.03942656944532775,-0.032641707326567106,-0.040170649938616645,-0.02841648557598234,-0.0495230881155971,-0.0498681190288548,-0.06598405044524158,-0.056252700263266564,-0.05029526467289615,-0.058707018907907325
TJK,ssp370,ipsl-cm6a-lr,-0.037687717031009246,-0.025296308772406965,-0.02320065178578546,-0.003789800682355199,-0.017152519627490335,-0.00649712410133345,-0.019797733829057963,-0.01383376300295005,-0.01688319907936664,-0.014915951986606838,-0.011006396541655953,-0.011647030539121956,-0.010208525353734612,-0.008596908871840841,-0.009721921237247215,-0.00991732648242145,-0.009402918610311372
TKM,ssp370,ipsl-cm6a-lr,-0.0024478563712577906,-0.0016317108134715763,-0.0023547206790405237,-0.0008470853348846768,-0.0017463078791993456,-0.0007975005871741252,-0.0016304305102088287,-0.001072582459769585,-0.0013956840982429983,-0.0014459678664813984,-0.0012881243316485008,-0.0012197105430763488,-0.0013052008131785163,-0.0012805661375190599,-0.0014359983596742667,-0.0014921917065771624,-0.0014376381140314132
TUR,ssp370,ipsl-cm6a-lr,-0.0018823675850252403,-0.0002494297144817089,-0.0017996087453523574,-0.0006111529314948755,-0.0018712245378250227,-0.0012026203621245592,-0.0022916341504177046,-0.0017066311381179527,-0.003021310862034593,-0.0028511575496770144,-0.0024021647192302826,-0.004099346769992328,-0.005091341981013479,-0.0034732820376646694,-0.004139703107526971,-0.005090393516391286,-0.0051435604457805
TZA,ssp370,ipsl-cm6a-lr,-0.04401346864305393,-0.08805025122838107,-0.03809712071841315,-0.07478427921731422,-0.05899348885228952,-0.042423250574587984,-0.048195462101370976,-0.03603606545983937,-0.01720706580195487,-0.03963045084835031,-0.018642851209868548,-0.034043656661427044,-0.02123106177333415,-0.03165648287206604,-0.02940888568904024,-0.019792353906788802,-0.02087592489110735
UKR,ssp370,ipsl-cm6a-lr,-0.2263637866496978,-0.16706120702000943,-0.028159624655993094,-0.09134808463026849,-0.0755635333695718,-0.1339511665638235,-0.07065504488596003,-0.1350238333447456,-0.08958463121904787,-0.23803604412939178,-0.17393079627508248,-0.21196936987141554,-0.36355616315389233,-0.21976054831177577,-0.2408146067460495,-0.2906627845963343,-0.14968494929250928
URY,ssp370,ipsl-cm6a-lr,-0.0060951184216516295,-0.004072805887360139,-0.006338106030778693,-0.0005144702558144723,-0.0019173254365075605,-0.0029172563778855024,-0.0032891487758661686,-0.0024586749750277934,-0.004630108967347663,-0.0025957435374170815,-0.00864063680339778,-0.005844810451481759,-0.0056975207521356465,-0.004770095270574882,-0.004484935777883145,-0.00424535811941264,-0.004392087489010113
USA,ssp370,ipsl-cm6a-lr,-0.014654273025893042,-0.029796453034548996,-0.017486194890998796,-0.0034344506593990878,-0.008011075708305315,-0.02176425207380352,-0.012751964245889374,-0.020328425650576184,-0.039296691781100186,-0.021101473068843024,-0.03318027500163909,-0.02655981528857092,-0.05491198866155465,-0.019075042379438398,-0.030603895607315804,-0.04882510707737437,-0.03611072977041324
YEM,ssp370,ipsl-cm6a-lr,-0.003051233277691128,-0.001617317981372899,-0.0004395786494216486,-0.0013996027941610937,-0.00112244172117472,-0.0008737412139804726,-0.0006568264918093964,-0.0008155310838285151,-0.0004698980114749572,-0.0005170505443265758,-0.00039319001123389285,-0.0005264910838019505,-0.0003700090979006778,-0.0004777402763709175,-0.00046285234642432497,-0.0003373132721756835,-0.0004183658345664323
ZAF,ssp370,ipsl-cm6a-lr,-0.10136630680257384,-0.08897585256808116,-0.08147452362503045,-0.013076165195123236,-0.028846391106274648,-0.04437626795238541,-0.05725873543324099,-0.03329212129690912,-0.027610299545022806,-0.033693794188164504,-0.05761185570831646,-0.0481896738202381,-0.04124191009668046,-0.0524956849771749,-0.048087745033382354,-0.04624114378784425,-0.05249052898611639
ZMB,ssp370,ipsl-cm6a-lr,-0.09249835894574253,-0.09678202054711296,-0.053091596446290926,-0.06604045239901578,-0.049308427650954306,-0.03451506918666049,-0.03761383651280998,-0.03227918327381324,-0.02317335478355349,-0.020146607482550618,-0.024173762573350976,-0.019116012458414204,-0.015983542803467556,-0.01438599097025944,-0.012299280616223941,-0.011549392763612434,-0.011134981159351956
ZWE,ssp370,ipsl-cm6a-lr,-0.28954405428373065,-0.2941851833908196,-0.34992620100974764,-0.2777032218108803,-0.26432646658878184,-0.21311664139337527,-0.18405072671712594,-0.14284439405559674,-0.16162211378703303,-0.12659252791781203,-0.1730354716878301,-0.1136177334871662,-0.13932709415827102,-0.13310934623466758,-0.11094480433891381,-0.10845693303807653,-0.12048304579125096
AGO,ssp370,mpi-esm1-2-hr,0.0008168904322434596,-0.01628533972151321,0.0006733145459223918,-0.012741030583646621,-0.005432665867088999,-0.008961671997429367,-0.010664147003956386,-0.0080444604135283,-0.006759669333187852,-0.011978058645310498,-0.008931751005794523,-0.008464008655081635,-0.006790419354232775,-0.009521930797321441,-0.008212918195225108,-0.007051996658975178,-0.00826846256121744
ALB,ssp370,mpi-esm1-2-hr,-0.1918470344313251,0.019491413942650342,-0.15810459621465883,-0.047891597538879574,-0.11047204555109248,-0.0714290185060254,-0.14703344027285517,-0.23366158256240524,-0.05200345886945393,-0.22610580264068042,-0.07021944016696692,-0.199814062713333,-0.05188230243579554,-0.236266048524379,-0.19177665246824174,-0.2137494814208263,-0.21688819468314902
ARG,ssp370,mpi-esm1-2-hr,-0.024477253362731023,-0.005799942443428902,-0.0002061242273842387,-0.0021665502539851833,-0.0015652739156642843,0.0001255223067816911,-0.004454177785044564,-0.0021835675743476107,-0.002644527784155783,-0.0024739103753702116,-0.0034031088838745414,-0.0024600481899831102,-0.0038969890982696455,-0.0028025495034568384,-0.0027705305509267406,-0.003208550539354843,-0.004092320991762369
ARM,ssp370,mpi-esm1-2-hr,-0.00027830561334128126,-0.0009320854252064649,-0.0003732546409673342,-0.00029186402493425174,-0.00023873913467601786,-0.00033792431264668065,-0.00013179641849566775,-0.0013035510149241153,-0.0006996147780675773,-0.0011109825082181736,-0.0019217827852469253,-0.0012439634625763397,-0.0017654522478353996,-0.0009661400355698756,-0.0016695068782355397,-0.0014907909518596415,-0.0017235063823618855
AUS,ssp370,mpi-esm1-2-hr,0.00031131540559004646,-0.0002861345347517659,-0.00046502625406992233,-0.00035810494762611184,-0.0004415736572774492,-9.97719793021843e-05,-0.00044039974719431793,-0.0003278760946469659,-0.00048778573588082217,-0.00027020579292257995,-0.0006359706250052338,-0.0006856128648807617,-0.000607945592825643,-0.0005035751262685662,-0.0005467809134550355,-0.0008313593213795487,-0.0006209495007829438
AUT,ssp370,mpi-esm1-2-hr,-0.005623270812956105,-0.0026801454697199527,-0.007283300263886178,0.0021706425454130454,-0.0010420664440639277,0.0015019889519099594,-0.009914831844541052,-0.0099118958411266,0.0009617855800204439,-0.0013340722040692432,-7.178712661565978e-05,-0.012324461128904233,-0.0003284596070925086,-0.009725920448606097,-0.00616289487361959,-0.011424146874408177,-0.009741215234232823
AZE,ssp370,mpi-esm1-2-hr,-0.006668720183845531,-0.011880654037768534,-0.003129964990408063,-0.006315593247618291,-0.007366293249905824,-0.013427773851966248,-0.007220651204210997,-0.01876096216089404,-0.014023904513983563,-0.02019043854375095,-0.030790820354115903,-0.021097478324513443,-0.024199242706890896,-0.014295732996537119,-0.02122789173151914,-0.018655172627467652,-0.020695911390572336
BDI,ssp370,mpi-esm1-2-hr,-0.017055337426088002,-0.07262199636807809,-0.022328898569934717,0.02133706203554384,-0.04190344409696463,-0.023535084141657853,-0.05457861654186219,-0.030294344766814366,-0.02230294860165281,-0.008428594606018379,-0.010941711548671965,-0.02454510278771737,-0.01900910138106811,-0.013408036064465704,-0.013336436517552246,-0.012004986621474863,-0.01084223266558503
BEL,ssp370,mpi-esm1-2-hr,0.00022974468264895168,-0.001038870872728206,-0.0006454122712099373,0.00037959502850452056,0.00021205847838994698,-0.0008387185286048156,-0.0013910636297123117,-0.00038410545721574,7.129615879713136e-05,-0.00025230825777568613,-0.0003839896505364173,-0.0010857689136486517,-4.087403260685295e-05,-0.0012514858480902806,-0.0005290895492519509,-0.00023823895962467897,-0.001267942144179674
BEN,ssp370,mpi-esm1-2-hr,-0.04367806480078942,-0.00831169190941736,-0.03564413613023083,0.048845210004044716,-0.18758318837984264,-0.11319909213040034,-0.007245805203301317,-0.17791292284485466,-0.06835355120015085,-0.04617888317040588,-0.05676717420795331,-0.1109654532760438,-0.10981075782660239,-0.08095275598157461,-0.08502770955860482,-0.08212297493211496,-0.06496290516559998
BFA,ssp370,mpi-esm1-2-hr,0.05739390040110866,-0.024864669913185918,-0.07380200163964683,0.00639686232565918,-0.18978205753235733,-0.0669261039362961,-0.014085659912319764,-0.10682907951756984,-0.07974836899787996,0.002012834528813517,-0.041404377372581555,-0.04690894005051411,-0.05735818736303747,-0.03552432026614932,-0.04558708848069819,-0.04388788757932587,-0.03461959931851759
BGD,ssp370,mpi-esm1-2-hr,-0.014305036926335156,-0.006273624654684634,-0.010093845836308,-0.006681749770845371,-0.005247415706518528,-0.007006634980905404,-0.012544795355099645,-0.0025667274118942604,-0.00946287367840063,-0.0019578700610111723,-0.002988022130100054,-0.00704898985099108,-0.004383660448257796,-0.007759087416275177,-0.0032414029446388632,-0.008834538443372791,-0.0062317368907913165
BGR,ssp370,mpi-esm1-2-hr,-0.12386653927061377,0.027341741539420355,-0.0795973861771883,0.004918896844819115,-0.05071172627230567,-0.0028413315766515667,-0.07202325455265055,-0.08317386847427284,-0.05094788239254406,-0.13257496559748969,-0.06933065696272049,-0.10659100389926841,-0.03821735790214592,-0.11285427983844562,-0.11338299580063044,-0.16435063520807974,-0.16828625241282344
BIH,ssp370,mpi-esm1-2-hr,-0.18579433525127695,0.013573878244443898,-0.1263572359039292,-0.0038533010787408116,-0.05451256271540562,-0.0035096411453116997,-0.04040326291511251,-0.09551639977197661,-0.00912621119387237,-0.09809754829116131,-0.012302922120086242,-0.11996839541315535,-0.014133441892368552,-0.12465918856975372,-0.08001909373464573,-0.1314379917443946,-0.1130351845110823
BLZ,ssp370,mpi-esm1-2-hr,-0.06793006932203252,-0.17726329203240973,-0.13622258962097547,-0.11422120345309357,-0.10056820504673733,-0.038486431066632375,-0.06132328958116899,-0.08748366953101057,-0.011998949135061545,-0.054480942614065796,-0.09923152947642867,-0.06693417972867599,-0.025230731502978422,-0.034089318918588886,-0.04862193555984721,-0.04571858453540927,-0.04846413367119227
BOL,ssp370,mpi-esm1-2-hr,-0.04563109458345001,-0.05490227900432662,-0.0531444634406574,-0.028791857183005993,-0.03757008986199827,-0.01820466053210827,-0.021084772888572505,-0.015380165859523726,-0.02001349965434957,-0.02092929549359786,-0.02775849562210725,-0.043821874300562016,-0.025805109319685212,-0.03195938354820921,-0.029351621815006466,-0.03257223814856846,-0.032219645389645286
BRA,ssp370,mpi-esm1-2-hr,-0.01949614928571891,-0.010318421336680915,-0.0357971794945591,-0.03001427197803712,-0.035905937841007464,-0.03126489377353225,-0.03651035016791204,-0.033985500084357585,-0.03858717603068123,-0.05252064732232846,-0.048932161782377755,-0.06377154065738237,-0.06084461646134449,-0.07254553142890016,-0.09347304046507499,-0.0709568730660651,-0.0938199735674545
BTN,ssp370,mpi-esm1-2-hr,-0.015120172276862324,0.0006381597224529712,-0.0038712744435657085,-0.0031449579461083816,0.0005237235640488154,-0.000625907925888703,-0.0012223888430540689,-0.0002479950156631454,-0.0031443711084654198,0.0002739482539961883,0.00027628617316925144,-0.0010158203032992663,-6.486921843447975e-06,-0.0024722352926532386,-0.0009069051341806854,-0.001301054773961294,-0.0007837203748117196
BWA,ssp370,mpi-esm1-2-hr,-0.013556339761708615,0.0023412571811835996,-0.0003545716293201257,0.0013180663874602656,-0.0037340410749902657,0.0006415195770108242,-0.0018339347450244932,-0.0008458201101308485,-0.001162154388948546,-0.000533495159606235,-0.00508864069118287,-0.0038637346451587304,-0.0031917735262307,-0.0030513272284543127,-0.0027748277456527883,-0.004103945960039959,-0.00291532484865824
CAF,ssp370,mpi-esm1-2-hr,-0.2459830302344862,-0.10891598821867515,0.01367735741487522,0.019477213484132193,-0.12780206361109922,-0.05938288679335128,-0.08186716783237832,-0.2274214403609177,-0.06406636283998166,-0.048117063738850434,-0.11301046989695564,-0.10778898284121903,-0.1280609611980165,-0.0753097550602979,-0.04489176776203024,-0.04981276275763375,-0.04933728420211529
CAN,ssp370,mpi-esm1-2-hr,0.0026370757268117024,0.006727916809251685,0.00384275766151304,-0.0038268289158865424,-0.01148593852781896,-0.0037022653039296746,-0.007964005883579744,-0.004307459810924705,-0.002205749471756894,-0.008141516868660008,-0.008820342501908598,-0.002244190418506445,-0.006979466187787412,-0.012540199615544522,-0.010764622778442898,-0.007927508160248611,-0.004436257227071952
CHE,ssp370,mpi-esm1-2-hr,0.00010157330471295392,2.098785063675191e-06,-0.00017201045514061422,6.216953634495999e-05,9.142649656196176e-05,-0.00028342976965554955,-0.0005991527382210722,-0.00013701119732704154,-4.183967395159187e-05,-0.00019375759056830508,0.00015019399334928582,-0.00036130466064755544,-2.3721504461438338e-07,-0.00035394823939590553,-0.000146859437779114,-0.00037922420170494024,-0.0005933809792599785
CHL,ssp370,mpi-esm1-2-hr,-0.00017567261543407293,-0.0005398373732924457,-0.00034551683598907417,-0.0009754408985948132,-0.0009981651482021683,-0.0003723050748426672,-0.0012578042963737426,-0.002016149418272566,-0.0022643938586867063,-0.0033847523992743133,-0.001644810119607277,-0.002683965293685374,-0.002368015869316262,-0.002750518717679883,-0.0025095345719941824,-0.002338744837833364,-0.002895524909855912
CHN,ssp370,mpi-esm1-2-hr,0.01881194972233258,-0.017976336905174976,-0.026856669397448938,-0.021177993675994062,-0.008218992454273561,-0.013163202447164497,-0.014587694986688318,-0.022987215959265637,-0.055103924389468234,-0.044226970439274566,-0.0342762691842546,-0.04088617341903745,-0.03666185525089024,-0.024202723344640513,-0.06837562206387097,-0.06375840949721698,-0.05562725246160863
CIV,ssp370,mpi-esm1-2-hr,-0.0608438276114153,-0.019483884760972726,-0.014900864895614114,0.0017948434345854709,-0.024718416720811254,-0.013948192157725513,-0.007549384287702953,-0.024930211921553678,-0.019371908286223132,-0.011464191039577463,-0.015979905122681683,-0.01713775837846503,-0.019439094986318513,-0.01646402678973002,-0.018859760549881453,-0.018937391502580555,-0.016738519182878067
CMR,ssp370,mpi-esm1-2-hr,-0.013120156228863498,-0.01724134527422626,-0.022081990989201206,-0.003563491603826167,-0.06994158517291652,-0.04431344907618009,-0.01772735859358679,-0.08185727713805271,-0.03364213555555876,-0.03419859299968387,-0.02355020005106814,-0.04698968288997682,-0.05018349058533511,-0.03452931848467718,-0.02408698503936154,-0.03725745789418507,-0.028484929197325613
COL,ssp370,mpi-esm1-2-hr,0.004129979995872295,-0.0019979557451307796,-0.006866951515058358,-0.002403186373955814,-0.0027375984199085423,-0.0033946294141641922,-0.005989848344815576,-0.005798627165681996,-0.004193293251868383,-0.0019662158401380046,-0.0073565378685187255,-0.007717275640670794,-0.008828856096547322,-0.007084159807012977,-0.01053074854690874,-0.010984490384506287,-0.009204079933918677
CRI,ssp370,mpi-esm1-2-hr,0.0005226586569157857,-0.00011382313509979981,-0.0004718422687300802,-0.0004172490829595121,-0.00017637149636257245,-0.0002567791528036228,-0.0008898156030370438,-0.00025979054446206585,-0.00019552104817041475,4.1784128638327406e-05,-0.0002967820969899387,-0.0005937684209639967,-0.00014436079894559887,-0.0005197583170899546,-0.0011346392576538408,-0.0007145736162145777,-0.0007552894336786165
CZE,ssp370,mpi-esm1-2-hr,-0.0018082127780894173,-0.004845105954351891,-0.003245478898972884,0.0014225608158181192,0.00043466123240327103,0.0001637027327275843,-0.005030510563170073,-0.00581090635629967,0.0005138466077070534,-0.00022841575456066185,-0.0004620609217156115,-0.004421218933934373,-9.858839991883886e-05,-0.0042463706570888046,-0.0024864903258835667,-0.004891801703493138,-0.0047913833525423275
DEU,ssp370,mpi-esm1-2-hr,-0.0005011316859716282,-0.001076267469421668,-0.0009606263486024345,0.0004474123588103409,0.0002051625194888145,-0.000979687369624249,-0.0019922751048301094,-0.001163932206857479,8.855813483229282e-05,-0.00033054594680142926,-0.00033401453361010856,-0.0022329744260195946,-0.00043735704082828827,-0.0019592219086846806,-0.0006896606113898277,-0.0014136702932950112,-0.0027659364600728354
DOM,ssp370,mpi-esm1-2-hr,0.00027894609358783314,-0.0008944884983556862,-0.0011618908356515341,-0.0005475152748749874,-0.0010321195303204854,-0.0005771398733144872,-0.0014393151962550353,-0.0005448995367439745,-0.0011341335292939256,-0.0012384700342457419,-0.0024344011125478093,-0.0023066398051502096,-0.0019563989128485912,-0.0020467206037282823,-0.001925622621454678,-0.0016162713600735323,-0.0018051582761043968
ECU,ssp370,mpi-esm1-2-hr,0.007662735651654511,-0.05121415494720569,-0.030829618958568835,-0.011985132454440887,-0.026561229642978412,-0.018407114726548848,-0.028643526100447382,-0.02222352408785565,-0.008400072587329648,-0.011360387014392827,-0.01527432625527263,-0.024720905176759414,-0.019107944397724768,-0.015186307714339103,-0.027128934720780935,-0.02862340290793617,-0.027031707118218028
EGY,ssp370,mpi-esm1-2-hr,-0.0455408836898334,-0.007094381274388889,-0.017744545827931106,-0.020003483061445695,-0.013003141232623827,-0.01788008449481175,-0.016111128675894065,-0.017997817647797308,-0.012480799865471102,-0.013876846732020665,-0.012616805502623483,-0.011692016390658871,-0.010917007305076826,-0.011509976857073612,-0.011238435392934948,-0.011902413258445715,-0.011514959083923183
ERI,ssp370,mpi-esm1-2-hr,0.00479188623777676,-0.14027239930737845,0.020337460429687967,-0.08398556142618714,-0.17641165048952495,-0.034210578355815924,-0.07746409685004563,-0.12749610909157857,-0.20859137969369926,-0.030733519555102753,-0.17679999542625666,-0.1360963857421625,-0.21813569942497857,-0.1855524211501119,-0.1951831211054924,-0.1572616038052897,-0.1506601060592499
ESP,ssp370,mpi-esm1-2-hr,-0.0071007788062685115,-0.0006457190396954521,-0.011799693784532392,-0.010754019472736832,-0.004870458517202746,-0.006820503658172403,-0.010441634755133062,-0.006773736955302052,-0.005537831055759919,-0.013728049256582213,-0.008840802277739413,-0.010878116983279656,-0.008657062875128307,-0.015480567140851713,-0.007785152791385352,-0.008148730907745101,-0.012958901819307787
ETH,ssp370,mpi-esm1-2-hr,-0.008267397386318471,-0.028848829556880617,-0.007216592772963374,-0.008222384397079478,-0.016725777102698458,0.004847851077826508,-0.012627666534495997,-0.01586342931579723,-0.012824116639295405,-0.003792913904910945,-0.009133912385879513,-0.006638839780027756,-0.015645543749803873,-0.01268199558198129,-0.009649308753340233,-0.007477195962371325,-0.005560614056121494
FRA,ssp370,mpi-esm1-2-hr,-0.006592041580285865,-0.0024293878798219547,-0.013061165463781985,-0.004843467669922765,-0.00568867980999126,-0.006094058133292436,-0.012303465530978067,-0.0047576400422395995,-0.001018760938217204,-0.007997531888464292,-0.003322639793717127,-0.008049855167418359,-0.002398804738249407,-0.010034048042890842,-0.006205054692610605,-0.004726600099326974,-0.008681785954278409
GEO,ssp370,mpi-esm1-2-hr,-0.010618598713351128,-0.015669872182018322,-0.002966591461548111,-0.005071050405972254,-0.004610806412079069,-0.006048595267734594,-0.004881542215492885,-0.01693153157127367,-0.008449829365162953,-0.013357586768849796,-0.02359726005538108,-0.01081388485677023,-0.016407446193194935,-0.013809606496832974,-0.02042947050290825,-0.015836601913986753,-0.017980875687212718
GHA,ssp370,mpi-esm1-2-hr,-0.06732590777855316,-0.011283737962660016,-0.02369652592634905,-0.008329993971875518,-0.035264664520972704,-0.04036764142474647,-0.01860157306181781,-0.037926802250764724,-0.018512507226935135,-0.01631961411541296,-0.019219644512379973,-0.023311953878756696,-0.026752049759391657,-0.017893032411199557,-0.022310220611732295,-0.022755827027119948,-0.01927951257574471
GIN,ssp370,mpi-esm1-2-hr,0.0031109754864717502,-0.021197771353148473,-0.00010206560007879192,0.0009935326404790126,-0.008740603115545377,-0.0016552622146559733,-0.004280120646024179,-0.016555071996636927,-0.009298836860840726,-0.0044613877013825656,-0.011168216318927613,-0.006301134179321004,-0.007508331133849571,-0.008892434814666339,-0.01158196701020292,-0.010750939605567254,-0.008985316631938748
GMB,ssp370,mpi-esm1-2-hr,-0.023728184153411165,-0.009473623858646089,-0.01589816431605934,-0.006139626000268596,-0.02258892239985739,-0.005188316801700026,-0.006330277200943546,-0.014231777331322347,-0.010902526090174593,-0.008484987784491822,-0.010365133279983885,-0.0085567297460364,-0.00853439780775724,-0.006826976109261194,-0.006978680325009503,-0.00673283685525088,-0.005801457978264343
GNB,ssp370,mpi-esm1-2-hr,-0.021827054904287175,-0.0715085924847854,-0.0509114255660442,-0.04139033778606647,-0.07856452999358252,-0.015394208931209952,-0.031838288813833236,-0.06852922182439992,-0.04248290865795551,-0.04142246779754674,-0.046360142646868094,-0.034836523123484356,-0.037431060774887705,-0.03048899800563141,-0.03260831135673143,-0.032466649009056076,-0.026005569044127107
GRC,ssp370,mpi-esm1-2-hr,-0.01990851309307901,0.005434954358913206,-0.02051716090121884,-0.005312621694549476,-0.014818165069647792,-0.007905230322069356,-0.015629158300387545,-0.02750653056813446,-0.01420696752297387,-0.02700111047833214,-0.01612925795713475,-0.018677776416596934,-0.012739218427395066,-0.024213678061731532,-0.02420367510164001,-0.029060472817840816,-0.027380941421092823
HND,ssp370,mpi-esm1-2-hr,0.01230663981449693,-0.020388857641189046,-0.097491796678815,-0.05175699086482123,-0.021537386015373135,-0.028871407123442414,-0.06403501188563512,-0.041412382068015334,-0.01680877028298734,-0.020684397119304206,-0.0507282173146072,-0.030154474418117035,-0.01792203526307972,-0.0220805804430536,-0.042702603839738236,-0.036753778044654364,-0.027365890796513623
HRV,ssp370,mpi-esm1-2-hr,-0.09534506405692157,0.0017600872072093467,-0.4415511954887442,-0.035518588321685064,-0.2438499647670747,0.00960375497734549,-0.33086868238860073,-0.5023936277621722,0.02172196255119306,-0.44967634146993696,-0.13655313983566522,-0.6762192029735601,-0.10479920067035782,-0.6912100144980986,-0.44295808472920906,-0.7406625045339501,-0.6623715906411209
HUN,ssp370,mpi-esm1-2-hr,-0.1658386520624935,-0.004728508923222928,-0.026005870672901155,0.00021278274388676445,-0.015629660876891823,0.001680592615870445,-0.025743812671732615,-0.036659732749797655,0.007638415582859616,-0.03055407609201511,-0.009823480181905934,-0.045412599613482575,-0.002324536585638432,-0.039020076719114935,-0.02445645726379272,-0.04593559357558096,-0.04283224653491105
IDN,ssp370,mpi-esm1-2-hr,0.01872743506349489,-0.03961193098809378,-0.061191777448884925,-0.03122915168330063,-0.031990137562642434,-0.006469122269645047,-0.036488658751459194,-0.03167767388451118,-0.03214110025237765,-0.0161333577939175,-0.020030473433481324,-0.026464563069421687,-0.041548555056399476,-0.03501007059889756,-0.044409851649231585,-0.047292967550990744,-0.040368869675778414
IND,ssp370,mpi-esm1-2-hr,0.016380370338575614,0.0028810527845087126,0.0028517985541791683,0.005250583430406876,-0.0017252566327367188,0.007412817082242576,-0.00471830703648934,-0.007244467953772546,-0.0036901048901585897,0.0021538937121850423,-0.0009536656101770969,0.0012129385550847702,-0.006456110509323722,-0.011058926814397777,-0.0033745611412582966,-0.008969065933293007,-0.009251781077543726
IRN,ssp370,mpi-esm1-2-hr,-0.0006149625447607763,-0.00024804199620197275,-3.1505749792197606e-05,-0.00014549004404569726,-0.00014501848515782658,-0.0001878815766290917,-0.00010396978589462392,-0.00022354838533871074,-0.00019303706931680866,-0.00022162277975689944,-0.00030268095255862984,-0.00024354171654755987,-0.00025827922676277337,-0.00018510589910437236,-0.00019906474548136527,-0.00021667296429803544,-0.00021255970625992155
IRQ,ssp370,mpi-esm1-2-hr,-0.0366081892840589,-0.032702932617804735,-0.013393766605040158,-0.022220115141708036,-0.022460160289549197,-0.022997037553406263,-0.017291150602851448,-0.024468721750237656,-0.019454149099640675,-0.02277435421429707,-0.02363051149428184,-0.022488211123486715,-0.018929879467598006,-0.018019999882126672,-0.018062614302849132,-0.01553336889365475,-0.014991747853667773
ITA,ssp370,mpi-esm1-2-hr,-0.01122760371701875,-0.0010007219710129972,-0.00925484120869799,-0.003378046139088142,-0.0038701317761834974,-0.0005514914742921307,-0.0027763579516719714,-0.004124640557496858,-0.0008588064973214184,-0.005981500175661621,-0.001920689146211754,-0.006509129042953746,-0.00490673196580469,-0.010929824914790399,-0.00412447854878782,-0.0072352767540502195,-0.007278034651523414
JAM,ssp370,mpi-esm1-2-hr,-0.00031909396350155946,-0.000813219636261584,-0.004546456311130966,-0.0026723319246700675,-0.00208153479299577,-0.00030731420698110147,-0.0027871098751177607,-0.0015882039109824315,-0.0007014018883948622,-0.0016135708109946952,-0.0039719562812907784,-0.0031701184505121623,-0.001746508141760158,-0.0023886484446323662,-0.003349202991657923,-0.0029197326289833385,-0.002876179412456989
KAZ,ssp370,mpi-esm1-2-hr,-0.002079445478094171,-0.0022199800469181936,-0.0028707090050644943,-0.00173839093253542,-0.0008777897588822579,-0.002738640480763261,-0.0007931736718240709,-0.001612621032202027,-0.003290590155511634,-0.004232518636149706,-0.0058084965964343436,-0.003499172351992111,-0.005430736500990838,-0.004113269274077593,-0.006172727947397901,-0.004954659970763219,-0.004426970015949663
KEN,ssp370,mpi-esm1-2-hr,-0.06145783493538553,-0.04182811209264856,-0.020930149373895854,-0.023271900127415937,-0.03561594349899338,-0.034832090886253934,-0.0325339678864069,-0.021245608620865112,-0.026002374750202784,-0.018341785341856615,-0.019885682715998054,-0.02318453662872652,-0.014909703460311426,-0.02029318557927923,-0.016707381179101588,-0.015567985489642612,-0.012721429954074551
KGZ,ssp370,mpi-esm1-2-hr,-0.0019725598330671487,-0.0026753663578720135,-0.10832254019903254,-0.053688267484222355,-0.02903760062344512,-0.042373214213242125,-0.017482107809705032,-0.034411048231449644,-0.048859395619246945,-0.04126501892994913,-0.06710807258205088,-0.04107118395039797,-0.07009146407867065,-0.031766204202138215,-0.062489480017430016,-0.057383581127302734,-0.036696225231220035
KHM,ssp370,mpi-esm1-2-hr,-0.09257108030968988,-0.05435082083334256,-0.13603984179645343,-0.0026918262723147246,-0.06103190956134377,0.001606396270726258,0.003949184659314395,-0.04594237449290419,-0.03446123363517668,-0.021352784072549716,-0.016655843633155695,-0.05277778939456494,-0.035452994566878865,-0.0415947100518183,-0.05753049481513482,-0.04654129040149948,-0.05371721419786153
KOR,ssp370,mpi-esm1-2-hr,6.300128093269965e-05,-0.0003150196336508945,-2.3849833497977524e-05,-7.286126987005014e-05,-4.656496939477236e-05,2.385080979662734e-06,-5.526026036447216e-05,-4.107063258967234e-05,-0.0002692579127412587,-0.00015319741515192653,-0.00012013154005967223,-0.00017833337957652473,-0.0003370454367681118,-5.082867088732894e-05,-0.00010199778871989756,-0.00016640261020947473,-0.00011288199223615491
LAO,ssp370,mpi-esm1-2-hr,-0.0113195118358159,-0.002546945938639539,-0.018867962811430498,-0.01313802612731729,-0.021031428335348372,-0.006717003362132677,-0.006367562218992869,-0.007883718978393515,-0.004381087392717962,-0.004718232229154633,-0.007200387617173069,-0.014864850074183396,-0.010844597204149055,-0.006808339264033118,-0.01159029004491533,-0.00812867297696886,-0.008006730931049045
LKA,ssp370,mpi-esm1-2-hr,-0.0022145456330689437,-0.0003490735859839868,-0.000881067626380743,-0.0024764861171720017,-0.002153400353904549,-0.00167361676953653,-0.0019378530102031383,-0.001045605033331471,-0.0014316027442025762,-0.0012665662255034464,-0.0018038471897273028,-0.0018818808702717174,-0.0013958985301061866,-0.001462640390909173,-0.0023132105752083102,-0.0015429849922596942,-0.0015826256909635616
MAR,ssp370,mpi-esm1-2-hr,-0.000509046281335256,-8.811897205897454e-05,-0.0003333285802198235,-0.00029622729792700076,-0.00017559588584481627,1.8962966847641566e-05,-0.00011873590082673041,-0.00015087504751846328,-0.00015989328665569517,-0.00021899964961593369,-0.00020393979427138148,-0.00021192326859371138,-0.00016199064221674686,-0.00019450158516148066,-4.317544234168336e-05,-0.0001158149372730794,-0.00020623002313966055
MDA,ssp370,mpi-esm1-2-hr,-0.22193935418280686,-0.006646120152772449,-0.09376057848120942,0.016045865954895405,0.009990115565827344,0.005329228243725812,-0.06492944183986596,-0.11394585375936796,-0.02377391746321787,-0.2155903541405645,-0.11606733341429161,-0.12438573706286318,-0.019154391413376826,-0.2179071443614406,-0.10521166238439597,-0.1909138046445835,-0.27903092453235206
MDG,ssp370,mpi-esm1-2-hr,-0.014048679619903389,-0.0067974627184393815,-0.010122309733536838,-0.0017752368645885463,-0.00792791903295846,-0.0048811018436606,-0.0025549541244474644,-0.004236648897906608,-0.0027957239166737577,-0.002718406557884848,-0.0018463130279296584,-0.0020161043473030057,-0.0010584877587416055,-0.0014426234269448827,-0.0007685771367987185,-0.001292654847711203,-0.0008213095357334046
MEX,ssp370,mpi-esm1-2-hr,-0.003945939410806646,-0.017080176286113486,-0.01925875650164987,-0.04635863923326689,-0.02761938613161885,-0.01770726737903031,-0.03313077789355037,-0.025139510225242703,-0.018130605042587938,-0.019122430193705294,-0.044764621692663646,-0.029092946509067987,-0.03404042330275127,-0.03866638400976185,-0.03677088470579827,-0.03126210956172062,-0.03838696868934771
MKD,ssp370,mpi-esm1-2-hr,-0.025559527081735926,0.008944378924721373,-0.01743695978112854,-0.003507229159177622,-0.007006275428748243,-0.004362982646795945,-0.010063306573794463,-0.026907227847136454,-0.008668166670427803,-0.02450196186367369,-0.0035424472095352574,-0.019635812709655396,-0.0022454108231246936,-0.021709566235103766,-0.02189933733037076,-0.026807345604228577,-0.02295833067767388
MLI,ssp370,mpi-esm1-2-hr,0.07534918898161817,-0.18900093174887286,0.019785073966278818,-0.05852041462226546,-0.3895580139605991,-0.03586147517434014,-0.035490928218666305,-0.223198225746924,-0.18242677853120431,-0.050846205604910884,-0.13564194379429984,-0.0961241127808917,-0.11944009643474257,-0.09047511083747531,-0.11077224278663343,-0.10907339288324512,-0.08757639377609325
MOZ,ssp370,mpi-esm1-2-hr,-0.19581150508965675,0.009237030751415428,-0.16835312798871302,0.01646829329551007,-0.04082087025092667,-0.02907699564141653,-0.03870098672201385,-0.04938619035028369,-0.021458090126165223,-0.014443657607244491,-0.032863176867717316,-0.029381189545452838,-0.01579581705649315,-0.01336240242437239,-0.016030566021279842,-0.02231296563142045,-0.02760128145338012
MWI,ssp370,mpi-esm1-2-hr,-0.6841349272688504,-0.026087446784114118,-0.27294380716857636,0.025958852488493164,-0.0830196567081276,-0.0599801449615948,-0.08287755112038864,-0.0835529754358335,-0.029262542222136232,-0.018302182270415163,-0.049888760432597594,-0.035599443740487464,-0.0210468174213286,-0.012677668310808044,-0.01627736592894223,-0.016057665894086255,-0.020496572859141856
MYS,ssp370,mpi-esm1-2-hr,0.00010202021548260027,-7.734499263582144e-05,-0.0001381867606226988,-0.00011904614056310349,-0.00010593490869508175,-1.3172328919232192e-05,-5.801929051473605e-05,-3.5801310697547786e-05,-4.565420243002504e-05,8.912511779865303e-06,-6.966835799233297e-05,-0.00013484327927876607,-0.00012289318305772087,-5.576222278798425e-05,-0.00017891598550584458,-0.00014233541695001997,-0.00010222841135761656
NAM,ssp370,mpi-esm1-2-hr,-0.011141191472639199,0.012847382753222551,3.582293703098977e-05,0.000936497878849983,-0.027916992981953444,0.001071066963760657,-0.006895194573993554,-0.0012944229615768855,-0.0045731553520728845,-0.0017030169833266357,-0.0177258722658631,-0.01137273303321004,-0.005954195043367942,-0.011484941694378454,-0.010984683737514557,-0.01051949080541687,-0.008451563178077518
NER,ssp370,mpi-esm1-2-hr,0.0028411175451509255,-0.001331429070319729,0.0009653082571240344,-7.295035427815442e-05,-0.0023751074819874335,-0.00039171049081942035,-0.00010883182675237335,-0.0009535300396029968,-0.0009538610710087019,-1.8978848537017485e-06,-0.0005662222000876625,-0.00039508505737458207,-0.0004742378642264484,-0.000129696422794505,-0.00028912081239584864,-0.00022070492586113248,-0.00014847319376541218
NGA,ssp370,mpi-esm1-2-hr,-0.00032527803700518816,-0.0016910554623700573,-0.005983450664988577,0.004688091580364186,-0.015263509395807846,-0.007255046973635601,-0.0004766989831038176,-0.014479343895121328,-0.004800948491831543,-0.0028397855348124765,-0.004146132943748699,-0.006784711789818256,-0.007018750786027541,-0.003110675855111102,-0.004147667571723856,-0.004236262268516027,-0.0028862487823672523
NIC,ssp370,mpi-esm1-2-hr,0.03273161719998003,-0.01681057284050005,-0.06461614957928541,-0.04448817249878117,-0.006775222028556248,-0.03498291850433178,-0.05456894966740978,-0.028247539158117074,-0.016817780437715944,-0.011599278239730525,-0.03300331135422382,-0.02550384590379528,-0.014083897241040519,-0.016737357841869634,-0.04014455640256504,-0.027419660604119756,-0.016250981951452675
NLD,ssp370,mpi-esm1-2-hr,7.388885474839781e-05,-0.00026104485412722716,-7.328090489493301e-05,0.0001208098898653359,4.000414090625577e-05,-0.00022204297576587724,-0.0002931867472765107,-5.990624358289432e-05,4.2769611298976584e-05,-1.8802077119425982e-05,-4.4951447070428865e-05,-0.0002229937432075196,-1.129810765188794e-05,-0.0002539916535395345,-8.996442593205658e-06,-2.948229958002619e-05,-0.0002885844054137863
NPL,ssp370,mpi-esm1-2-hr,-0.1562162702110507,0.08397776868823796,-0.07218418584941778,0.05623638270025724,-0.0793486024393852,-0.021799626739915586,-0.07462956399411218,-0.02361821544021093,-0.13575850334057524,0.00022276359055556849,-0.05957930391471357,-0.029241747713850942,-0.03530511416881141,-0.059463387438174836,-0.015756300687888893,-0.042230822552500755,-0.05376752591870074
NZL,ssp370,mpi-esm1-2-hr,0.0010204605420185736,5.489424631380681e-05,7.080049175455504e-05,-0.00020651979918482377,-7.067261480411932e-05,-5.260592090483233e-05,-9.269727767639876e-05,0.00044930913379952143,-0.000223207813994643,-0.0002108541474900835,7.75536177233545e-06,0.0001007116800734341,6.180971877522181e-06,-0.0005183337580445668,-0.00018184663545980952,0.0001255612644219814,-0.00021274566892912175
PAK,ssp370,mpi-esm1-2-hr,0.049864551250676396,-0.011294962373061681,0.012949335616773376,0.015223105983856353,-0.009332674783518248,0.01205322753623174,-0.0037417257837296537,-0.013237678974554546,-0.009338705089193777,0.006394358218512397,0.0031549332468976013,-0.006669175179165113,-0.008406838280575268,-0.013372901736080826,-0.007723797526031046,-0.011866459087801188,-0.006529808792591532
PAN,ssp370,mpi-esm1-2-hr,0.003022473744152938,0.0012361594986660474,-0.018209900707855116,-0.0019608390202649558,-0.0027228345712880194,-0.0020850801351721985,-0.012428916207693317,-0.001992552088479609,-0.001571343598383153,0.00025155857703285296,-0.0021796294884075607,-0.003279577003717209,-0.0036197670767544304,-0.006197897761182738,-0.0049411122661385705,-0.006195560596905164,-0.0060001073719223915
PER,ssp370,mpi-esm1-2-hr,0.0005533314947970201,-0.012129232567804479,-0.0050363260611784345,-0.00393036449904663,-0.005523375746046435,-0.0011890744929245675,-0.008268938059655418,-0.004940474141390516,-0.0013168978459329643,-0.0011134623598369553,-0.0020258922635425403,-0.005782966667570917,-0.0037528940026875387,-0.0009529177996485026,-0.006268733112768547,-0.0055687271405989135,-0.003186308340820961
PHL,ssp370,mpi-esm1-2-hr,0.0006880419924499183,-0.01711193115358126,-0.011579688847392357,-0.018666719854381317,-0.046224033762966577,-0.006265046568970103,-0.008239994967619626,-0.009801857092068055,-0.005661144273215474,-0.00495761337462942,-0.009628304723630134,-0.022842668468236738,-0.014444719964916723,-0.010853059408829559,-0.015323877264611067,-0.01838837057162354,-0.018778232111957508
POL,ssp370,mpi-esm1-2-hr,-0.006835199202481158,-0.020876932605399502,-0.005206920829161076,0.0051618827833517485,0.004167451391150475,-0.0009800697749931398,-0.022906082983410344,-0.023397799622371037,0.003645743649142482,-0.0012624385534974517,-0.0036106559615475546,-0.01598976942035179,-0.003356716166801107,-0.02406647153324855,-0.009924417256318725,-0.022948992958699798,-0.022937176625992366
PRT,ssp370,mpi-esm1-2-hr,-0.00671554332498525,-0.0009874923635720878,-0.009832092745489705,-0.012569101277740684,-0.003588633576801643,-0.004526115615774492,-0.011359132815557747,-0.0028561870832139935,-0.0014042651961768506,-0.014147539918180851,-0.008981081022203,-0.007804322114959103,-0.005378566201709786,-0.014350871702580205,-0.005087161040366359,-0.003698674344096342,-0.01097159930368376
PRY,ssp370,mpi-esm1-2-hr,-0.008639805303222732,-0.21126921407989382,-0.101498447031586,-0.014036484772469635,-0.10506644494629608,-0.07448025626074056,-0.05007451488515813,-0.07822334069877471,-0.08719886414695248,-0.10995270513546063,-0.14077876358904257,-0.1809830763846546,-0.07475034447702125,-0.07861832473507574,-0.10222301610127107,-0.0887809691828254,-0.10244174575431804
ROU,ssp370,mpi-esm1-2-hr,-0.13410195052578383,0.010096203189529895,-0.06464022009055373,0.009391199712906428,-0.03258546138178562,0.008382567908221181,-0.06271850475960533,-0.09257242847516178,-0.01658252972017068,-0.1663836215132788,-0.0458538274119864,-0.14931387219225198,-0.02617508375996193,-0.17285236913640406,-0.126402714887146,-0.21901035393775323,-0.24406109801660875
RUS,ssp370,mpi-esm1-2-hr,-0.007262741963802986,-0.009928964417731504,-0.003981829671558165,-0.002386170067000086,-0.004865690385855356,-0.011149354570895133,-0.0057088345017232535,-0.005617458832438782,-0.006642014028702676,-0.010253860319990368,-0.01583270966658851,-0.005034309954703695,-0.008164208603595704,-0.011701691376472097,-0.010287819884843005,-0.009193402482129262,-0.014603727394874427
RWA,ssp370,mpi-esm1-2-hr,0.014069721813796558,-0.007587643764755018,0.004108314248722042,0.007189110137212715,-0.003666474247916768,-0.0015754477643803214,-0.019011281884515244,-0.00834316699489019,-0.004701868584777304,-0.0011676934276564192,-0.0022602465050364775,-0.00734428925701407,-0.007677561857959902,-0.003495642088094456,-0.0028612307028297404,-0.0031915740088930464,-0.002880100033661111
SEN,ssp370,mpi-esm1-2-hr,-0.020818158507891014,-0.029663380103072175,-0.03669229537269942,-0.020530642289826543,-0.08779746884358464,-0.0177566197898322,-0.02315945585958009,-0.07440313517063783,-0.048417289400910196,-0.0409410563737804,-0.053054424185628585,-0.04147849472964286,-0.04247750615048041,-0.03338946157339746,-0.036745009318423234,-0.036321620187779534,-0.029314743861187664
SLE,ssp370,mpi-esm1-2-hr,0.0004248766855028791,-0.004643953892796284,-0.0008693117390051879,-0.0016448747670357957,-0.0017065493057644074,-0.001001627889236803,-0.0016859528732323017,-0.0035571696083988107,-0.0017763494268468012,-0.0008615036978786807,-0.002250517144154123,-0.0011544084274410814,-0.0013249944398077051,-0.0017809352487586651,-0.0021185904641581824,-0.0017045431245222213,-0.0013868507051718105
SLV,ssp370,mpi-esm1-2-hr,0.016010735864198076,-0.10601586497669846,-0.1839908758241532,-0.19274944628294155,-0.10991336053477713,-0.10332156627139148,-0.1807350567368226,-0.09988935229884942,-0.04800488795607193,-0.05787770809004029,-0.11067911340992488,-0.07960405482414791,-0.05676363288987182,-0.08536378377208463,-0.11930486827596745,-0.117026386350907,-0.09357646095230997
SRB,ssp370,mpi-esm1-2-hr,-0.3673204982759813,0.040776783865081226,-0.1551887291409614,0.01150251617161006,-0.09443851452669705,-0.017566797607167617,-0.11209777269947606,-0.20388595881335428,-0.015120601976715428,-0.24927071639230364,-0.04191569254956187,-0.24015150464609084,-0.015809769416263802,-0.2745849841828731,-0.1932180176731478,-0.3116819454590387,-0.27435318217376287
SVK,ssp370,mpi-esm1-2-hr,-0.048102642509776486,-0.004817049363691745,-0.009126216569525723,0.0012061192530141414,-0.0023145643708936984,0.0011524634604945093,-0.012544478331597112,-0.015526793687680358,0.002966898425208773,-0.004197266656102458,-0.0022319895466046415,-0.013708323088891996,-1.3357070267682375e-05,-0.010945272886962317,-0.006674167950645982,-0.012399421094190004,-0.011236530025141472
SVN,ssp370,mpi-esm1-2-hr,-0.00547917795622427,-0.0008923086163981851,-0.008344475896248447,0.0007518458306937879,-0.002183555543445843,0.0019233445236806212,-0.004040946218865224,-0.004130963316080169,0.0005226735913580231,-0.002091021141646413,-0.00032064547566751735,-0.008518588403812576,-9.803735637681246e-06,-0.008242136020917057,-0.0034874039197400953,-0.006838969856914958,-0.004111606341023758
TCD,ssp370,mpi-esm1-2-hr,0.13610961175495698,-0.09898367484224518,0.02143627998554649,-0.0010202698864394011,-0.07257040087806245,-0.03052893501341,-0.005521587981703092,-0.033963656315268584,-0.03194683115044021,0.007357614814299921,-0.01710124503643969,-0.007909176713164845,-0.020913057607212286,-0.004774460401059193,-0.013098522989829067,-0.012020898016613374,-0.006307485896541976
TGO,ssp370,mpi-esm1-2-hr,-0.047393238552283806,-0.007030645896164194,-0.047888191073454,-0.025832535826291223,-0.1884695365949036,-0.12255782261425677,-0.04034622477712085,-0.21152577223983582,-0.1202254502865944,-0.08678480225906078,-0.07635010830768801,-0.11959858113917995,-0.12168692305790617,-0.08960821783779194,-0.09289866356371843,-0.09532472516147676,-0.07714935063402709
THA,ssp370,mpi-esm1-2-hr,-0.002607450267704219,-0.02057042264752796,-0.03666019141775286,-0.008884941926606979,-0.041827878540030144,0.001518450178153033,0.002041474153730581,-0.019189804019506436,-0.008957477080823017,-0.014024944721251938,-0.005182065955521544,-0.048800052362926914,-0.03415283826484363,-0.02262256752107014,-0.04813288974166854,-0.042172367595913224,-0.04931554222673225
TJK,ssp370,mpi-esm1-2-hr,-0.010742484699202283,-0.012140903676144364,-0.007302502402647844,-0.01401019968094554,-0.011314664707515916,-0.013836046487988155,-0.0033983783330319393,-0.010914322484589635,-0.009152483292961193,-0.010888295874533762,-0.013207023627702475,-0.007633857878753366,-0.011312735119359985,-0.005993702904152378,-0.009703343931541831,-0.007762395136066419,-0.00669645871720049
TKM,ssp370,mpi-esm1-2-hr,-0.001696982040289238,-0.0014496857407024742,-0.0006549151267627873,-0.0012658056440465117,-0.0011666361479807927,-0.001438835838422489,-0.0009021460704390816,-0.0012159707136135622,-0.0009330359828571251,-0.0011065535715211426,-0.001263292959988003,-0.0013781738558168394,-0.0011363430771710974,-0.0008670817314450302,-0.001205448338915716,-0.0011520019278900772,-0.0011177972638838946
TUR,ssp370,mpi-esm1-2-hr,-0.004771512675932792,-0.00021347523352784485,-0.0005608763450752693,-0.00038588784956323493,-0.0010703086638832687,-0.0009428020104548033,-0.0015424897074154161,-0.0032751137765238735,-0.0020184087412439956,-0.003145210320997536,-0.0032112297926648074,-0.0025129499132750363,-0.002615190989938038,-0.002608917995102002,-0.004287884315367867,-0.004446097210271497,-0.0047089608197228424
TZA,ssp370,mpi-esm1-2-hr,0.0017793761272076143,-0.043919015883342,-0.003788247207153088,-0.0043070184202882375,-0.03427069453440687,-0.032027287371704884,-0.04385102961436013,-0.03303235516958789,-0.020357762937537473,-0.01620797779786026,-0.036970620867527594,-0.021998342011001922,-0.013002618492732085,-0.01902446268400964,-0.012887317352280254,-0.0056637915598324986,-0.006705775799187026
UKR,ssp370,mpi-esm1-2-hr,-0.5292249994283513,-0.08800989017095151,-0.07557573925907209,-0.00610339959442548,0.00251141064727542,-0.06590697506226503,-0.13312465993503667,-0.18550075683238465,-0.04643098027121079,-0.2700820817952773,-0.20133336925861928,-0.13615157372931105,-0.058428218603332825,-0.2641763461695339,-0.13691335044627395,-0.23840011718729762,-0.31899583788345826
URY,ssp370,mpi-esm1-2-hr,-0.007222533598301125,-0.005103383364612597,0.0014009865230694368,-0.0012193410394323193,-0.0004828621865862048,0.00024440367401872947,-0.004769186352545775,-0.005639589607777134,-0.002508217956935178,-0.0027891834578135637,-0.004304251233278012,-0.0031270447563545465,-0.005450585903966651,-0.0023030213131569246,-0.0027427100612446974,-0.003441393719801556,-0.004248309366812914
USA,ssp370,mpi-esm1-2-hr,-0.015332652391355684,-0.0010510527533085074,-0.003544497027920283,-0.018900819365610236,-0.03165920058861161,-0.045277156928312905,-0.024729280183750695,-0.021064967255949526,-0.01805303623600604,-0.0212561649012807,-0.038469378559718215,-0.015226770972701299,-0.0147078166214761,-0.02714296141895719,-0.028225055433468278,-0.033219903104949405,-0.03512277645735528
YEM,ssp370,mpi-esm1-2-hr,0.0028808851923219077,-0.0012767394540842266,-0.0002537443119636968,-0.0004165769254527086,-0.0010278111486092432,-0.00035242397779727396,-0.00044714808282413017,-0.0003158497185304032,-0.000682394147779741,-6.767747839031901e-05,-0.00048468499455179496,-0.00022725997638154866,-0.00047259211503237965,-0.00039265252061856693,-0.00039322643489819514,-0.0003278244457850618,-0.00022410119390083556
ZAF,ssp370,mpi-esm1-2-hr,-0.07762466111620236,0.0058056158553691515,-0.010029278391227026,-0.0012897052748254876,-0.053438505527748384,0.004173452181221908,-0.022560297275567926,-0.0031379127511696474,-0.010321868883037745,-0.009841148048022361,-0.05393560570468064,-0.03460283718473483,-0.030494162423528648,-0.02509228926825666,-0.023484270492259665,-0.04662291904351381,-0.030493265429866467
ZMB,ssp370,mpi-esm1-2-hr,-0.11902765891018187,-0.011579170386369504,-0.035998379382556345,0.00228615757204277,-0.03720612092485784,-0.023760105109530798,-0.022263522456136678,-0.022415390157290535,-0.010650368966568445,-0.00786698177479017,-0.020641198815466617,-0.013240045663236635,-0.008721500331222196,-0.0079864403888161,-0.009225684965333325,-0.008409705046466064,-0.00918496030434504
ZWE,ssp370,mpi-esm1-2-hr,-0.2524108931673247,0.10276600091863235,-0.19167297745753906,0.06287441065458904,-0.15616160400053208,-0.023487594056609124,-0.06064364143330034,-0.11903204234990168,-0.05979784964647135,-0.05395307097381807,-0.1414638897111292,-0.12755443558802027,-0.06634427777801015,-0.05422461099986303,-0.07870866791997719,-0.09054134883226228,-0.10711071414180483
AGO,ssp370,mri-esm2-0,-0.0063106447565264776,-0.010271967232469167,-0.01091147410929418,-0.008464691584334376,-0.010590684762983062,-0.021519499465030765,-0.012091022201180801,-0.01786119568194472,-0.017029369335198108,-0.012772494560001834,-0.011374129040500957,-0.010318539760355044,-0.010075934765391273,-0.012565450365651022,-0.008841772037420786,-0.007455600014026731,-0.006689873900961461
ALB,ssp370,mri-esm2-0,-0.0159685467001322,-0.11225909533883602,-0.04660804903733692,-0.07385574608595176,-0.06959862376064088,-0.13746932779414883,-0.13406037158835446,-0.05134856898383272,-0.10136209845701552,-0.1613944570990674,-0.20877811634085583,-0.10083136194987866,-0.16590411237402164,-0.18780150782898683,-0.2623259426250629,-0.15088980222304627,-0.22084476296901903
ARG,ssp370,mri-esm2-0,-0.008956986940977714,-0.006461408751261333,-0.002844880727693009,-0.0007299139345515139,-0.003508313453721722,-0.0011041567150097118,-0.003497262097527612,-0.0026809635215373755,-0.002719411015969329,-0.0033357366632477585,-0.0006394980770967234,-0.003844346645152235,-0.0033468590934786564,-0.0024328109380103513,-0.0015124257980373482,-0.0015038853632299558,-0.002143197710412468
ARM,ssp370,mri-esm2-0,-0.0002948811111067417,-0.00039927092895789283,-0.001370676631042322,-9.676829661145087e-06,-0.00012615315482470373,-0.0008559982216006901,-0.0007294474020311975,-0.002111581342910633,-0.001217474982656657,-0.0005967965847561624,-0.00022948446261175775,-0.0009332489898189718,-0.0012451158632934705,-0.0009778682039328454,-0.0014070225746906262,-0.0012542359125862152,-0.0007806905383698139
AUS,ssp370,mri-esm2-0,3.154868598485693e-05,-0.0002745775268027354,-0.00027854426979819733,-0.000837261824108762,-0.000713325939294773,-0.00040829916672767376,-0.0005761225436398133,-0.0006532652252682111,-0.00035181960487862637,-0.0003785884625944684,-0.0006533278692549456,-0.0007402995637029575,-0.0003926263241206008,-0.0007736532027565197,-0.0006030080932497764,-0.0007922473651132436,-0.0005517100877034042
AUT,ssp370,mri-esm2-0,0.002020252754559677,-0.002947684372620657,-0.0008170746912576443,-0.0017003425683320495,-0.004201318333355774,-0.0012259028409076177,-0.0011872015140406379,0.0017441378709709488,-0.0013715428011904117,-0.0037989833056284394,-0.004202095577647877,-0.001916139278425786,-0.0005496951197908271,-0.003762768147401642,-0.00340267581306382,-0.00539946388253398,-0.004514762766655132
AZE,ssp370,mri-esm2-0,-0.00499852945769553,-0.006048703617957267,-0.014175133551270029,-0.002197914553651723,-0.004850645193977229,-0.011858200424613635,-0.010556063358849541,-0.029707020388292642,-0.024768862554777643,-0.011929851008727762,-0.005946344036396666,-0.016444863253275783,-0.02428672979216021,-0.01769016470802046,-0.02508208224367717,-0.021064647494507736,-0.007852803376823281
BDI,ssp370,mri-esm2-0,-0.15937377320563806,-0.15107568256273546,-0.15034387852921344,0.0012388491388136815,-0.021024785640142263,-0.03125556779308876,-0.027494400949506507,-0.02789348332076835,-0.03684183972913196,-0.027243699839405968,-0.029509331347138682,-0.02671388892091814,-0.021894223218234417,-0.028908104158531123,-0.01775621220392166,-0.011414059441335235,-0.019303675277496057
BEL,ssp370,mri-esm2-0,0.000349533533915866,-0.0003758651141731154,0.00015599134473688543,-8.440110050135447e-05,-0.0006401617143876439,-0.0002909781677802225,-0.0001813020354787165,1.4033991367953518e-05,-1.693567439128895e-05,-0.0003034044673244359,-0.0008473429762918821,-0.00040965853066455643,-0.00010255492089731905,-0.0002776163046052104,-0.0004574131433642179,-0.0004696307032277579,-0.0003813852438627793
BEN,ssp370,mri-esm2-0,-0.34886613190738924,-0.2167543977742771,-0.12489372120969905,-0.12355936810288866,-0.11243550015400024,-0.16370562738149655,-0.2217202317929266,-0.21458940939904542,-0.12115318346082021,-0.14777483288735946,-0.1851540339971794,-0.1767623403546313,-0.10707851673203143,-0.13811594995471418,-0.12567631206587146,-0.11110842081262806,-0.11263047471484816
BFA,ssp370,mri-esm2-0,-0.4018368674414731,-0.45970766270463925,-0.1879677559630086,-0.08262990966097448,-0.1360554297763489,-0.10780132770635541,-0.126489211696363,-0.15501158663354678,-0.12512576370991285,-0.11911608891476566,-0.10280021592011908,-0.10864295118645988,-0.08839326585579621,-0.07698893988427301,-0.06518249998303455,-0.06018195925661053,-0.06085832010911363
BGD,ssp370,mri-esm2-0,0.005632490546528897,-0.005439621894990421,-0.003445707252359495,-0.005038770105178724,-0.008105485418475507,-0.005962353075919774,-0.007412977687550812,-0.001334089785651549,-0.003256557196164423,-0.0030930703664318413,-0.006635995205878797,-0.0034111121289026763,-0.004947412131438219,-0.009888230611407593,-0.009741601009667615,-0.005099515978149311,-0.006619699566136857
BGR,ssp370,mri-esm2-0,-0.018888333477513022,-0.03657342633627622,-0.04607754865224431,-0.029321470470053103,-0.04626426789868967,-0.08160244185352004,-0.09366787256083797,-0.04113415800904804,-0.03618647996439018,-0.12452687770788257,-0.1547165241093567,-0.05580919428691673,-0.10721970065323705,-0.17276917127607694,-0.15659276953347345,-0.10028169593677132,-0.13724810984135283
BIH,ssp370,mri-esm2-0,-0.014748063588514937,-0.051757046038834895,-0.012220946894778198,-0.04981604661533736,-0.02918979733461212,-0.033483206368297935,-0.03258294584427571,-0.01763600562068405,-0.0368379600824922,-0.06248741091630089,-0.07308916869758615,-0.047978189121847134,-0.05033242597867625,-0.07517868853635651,-0.14109352125063868,-0.06398772066079271,-0.12007749066309181
BLZ,ssp370,mri-esm2-0,-0.18820589053000553,-0.19038931430082534,-0.26073040422872945,-0.09503617431925789,-0.051148415253377696,-0.055384717361851125,-0.10104437643121096,-0.10144512649355475,-0.052794781675396085,-0.1194574188912159,-0.07103221532851878,-0.11860405115786288,-0.0730416163396108,-0.08617991821485628,-0.07226094784947262,-0.06894261967104257,-0.06170161751213201
BOL,ssp370,mri-esm2-0,0.0007461207266435363,-0.03634334699867045,-0.04192253807796404,-0.053917027505681774,-0.03662022934419287,-0.018430212209042132,-0.034025163193619486,-0.03284117690980928,-0.034368598727632996,-0.01611972307149157,-0.032670381338873566,-0.02579400521171765,-0.03378441753490625,-0.02171053819295583,-0.030243937975083478,-0.026109539344370224,-0.027584263545812903
BRA,ssp370,mri-esm2-0,-0.0377563225723508,-0.0612265654763308,-0.03191059860135974,-0.031990421195538514,-0.04463164309772523,-0.028692895380934936,-0.04553921260651603,-0.03019524175345559,-0.05919100607820855,-0.05750744668483976,-0.0674560208695897,-0.051249186410951345,-0.0711751448648362,-0.05845052640124976,-0.07051489850108154,-0.07533653911875714,-0.07369932206470996
BTN,ssp370,mri-esm2-0,0.0070520637342005,-0.0038446741426055964,-0.00019881069417385268,-0.00014072254624308245,-0.000492649785992607,-0.0012935278683348852,-0.003332222525442525,-0.0011051946502760282,-0.000914388065451572,-0.00010350039746477193,-0.000583609025719129,-0.000814089291388951,-0.00048324211999886,-0.001358226637448609,-0.0002884128034956476,-0.00029871178560894737,-0.00015244842033451742
BWA,ssp370,mri-esm2-0,0.004216055133667675,-0.0038673609035012745,-0.010158348470158556,-0.002255575679501711,-0.006014742474180221,-0.0005335380847522008,-0.004285778148256471,-0.00140176987476695,-0.002708027589733823,-0.002698518931763897,-0.002443492763419855,-0.004103784523304721,-0.0028459573949849706,-0.0027684687744116594,-0.0037903794317060814,-0.004274786076668847,-0.004602219764356492
CAF,ssp370,mri-esm2-0,-0.7253269223169184,-0.41482014837386816,-0.2331173718456726,-0.06917679926698794,-0.19153367521634804,-0.287507040651254,-0.2476891944140769,-0.21142890242975562,-0.14615657824588074,-0.19828615799760035,-0.21213696145283142,-0.18784596799872272,-0.14319133925646005,-0.15949997136888722,-0.13089357373800659,-0.11642067512088465,-0.11576705369847119
CAN,ssp370,mri-esm2-0,-0.004895918171075616,-0.004121829856949691,0.004632480531527969,-0.002512594691328557,3.483243199877692e-05,-0.005186273358580526,0.000883990544009594,-0.00358653011653653,-0.0031750819621916256,-0.0034067689031426654,-0.006092295879524741,-0.004388108860706101,-0.003057063788569806,-0.00398717286559049,-0.003060122418240053,-0.0038775177743912625,-0.0022322380435145246
CHE,ssp370,mri-esm2-0,3.483815806085013e-05,-0.00010310747151542767,5.408118530363286e-05,3.2407927929065695e-05,-0.00040055096578601947,-0.0001310361003915894,1.0601433229842751e-05,0.0001815909768916974,0.00010683997356297267,-0.00011996757618070215,2.2102942665706215e-05,-1.1196235298794515e-05,3.10711483885195e-05,-6.88544505497978e-05,-9.18575372562128e-05,-1.877542108802053e-05,-0.0002911932564128439
CHL,ssp370,mri-esm2-0,-0.001547200301170328,-0.0021257261143218095,-0.00161408399513594,-0.0006963209165355691,-0.0007516957957048441,-0.0016379865160447793,-0.0017735015942163723,-0.0011426277431180129,-0.002370476024421196,-0.002284357690373789,-0.001323674811222777,-0.002171727926113165,-0.0018645877329266502,-0.0020721004595015266,-0.0018655840103394884,-0.0025990321993951938,-0.002080958467477856
CHN,ssp370,mri-esm2-0,-0.02520974529884192,-0.03375984412860194,-0.029371233690935816,-0.02435051186684691,-0.01703021884429539,-0.046512472723574574,-0.04995556141075504,-0.032401630632674754,-0.04359457808290173,-0.03420149429048954,-0.03613853512377705,-0.07191492299163628,-0.03574481736185106,-0.03676809815361423,-0.0911070257475841,-0.05879138776731291,-0.04851893366858142
CIV,ssp370,mri-esm2-0,-0.08842732903197605,-0.09130248918125068,-0.031145633313304572,-0.027839785541543115,-0.03437436695421342,-0.022590205156001904,-0.05204720689899611,-0.03488617107693885,-0.04211716433066378,-0.03446595879281486,-0.04057239509532191,-0.040111566444585016,-0.0258238197333185,-0.03467776679774623,-0.029886908111250415,-0.030206727557992058,-0.03197333870645551
CMR,ssp370,mri-esm2-0,-0.0935415671976969,-0.08218201145950742,-0.0944576967837547,-0.059522164183748665,-0.040865117119385154,-0.05905063117311948,-0.07022639965822362,-0.0897387602399134,-0.05715151715978506,-0.07796139282258871,-0.07632897427306652,-0.07385567131281698,-0.0410160096879966,-0.0573160943355927,-0.05231034252329137,-0.040638297219529586,-0.046799824759153875
COL,ssp370,mri-esm2-0,-0.003408955182401611,-0.004911371558273355,-0.006412865356959604,-0.011465749062624441,-0.005493194877163912,-0.00565489932498413,-0.006000517935328756,-0.00796049674778862,-0.005613752839333905,-0.008536098987589147,-0.014220960470196175,-0.011781760992874118,-0.0081818703542798,-0.012887411966050857,-0.01192859202433181,-0.01112473725790412,-0.011965935949038388
CRI,ssp370,mri-esm2-0,-0.0005395297513759,-0.0009290836527542864,-0.000882705865777398,-0.0005290932814624344,-0.0005623132722706749,-0.00040026020150531877,-0.0005881898255533812,-0.0007196582340036441,-0.00040440612688862136,-0.0007142760461561092,-0.0013147330112326507,-0.001377506727651023,-0.000968549169024771,-0.0014219682775634369,-0.0013403675574138784,-0.001056933465050145,-0.001292195252297484
CZE,ssp370,mri-esm2-0,0.001761184623357529,-0.0005269080604372289,6.449444980694525e-05,-0.0009388946042832651,-0.003743188034905784,-0.0016543202154197692,-0.0011344394020572969,0.0009110410034455365,-0.00042184885264269186,-0.0020134242402619794,-0.0008719484229769936,-0.00023636636314785018,-3.1932924733828125e-05,-0.0009724600804954597,-0.0007758472870590977,-0.0025254142654443914,-0.0016841911416199873
DEU,ssp370,mri-esm2-0,0.00030063259123321636,-0.0005571995289998134,1.258817806045373e-05,-0.00047688929331791686,-0.0020388547756541174,-0.0009494206633040591,-0.0007576723962737058,0.00015332666628970802,2.3681950717741616e-05,-0.0007497420946482134,-0.0006879941145816149,-0.000750309390256134,-0.00033125110790032536,-0.0006447371277755269,-0.0008719604264958451,-0.000886606264484677,-0.0010497233448221685
DOM,ssp370,mri-esm2-0,-0.0029471870433550687,-0.0010756609445272387,-0.003355221093420028,-0.0010625957386488471,-0.0019955186711531625,-0.0014521793645225413,-0.0030112502833513346,-0.003345227400101972,-0.0029061251946653523,-0.0030439670718058177,-0.0018860213255838293,-0.003352512082255569,-0.003114831024936513,-0.0027739000368531266,-0.00299841966404977,-0.0020173672950316262,-0.0026874009748809814
ECU,ssp370,mri-esm2-0,-0.002419995198285731,-0.030766657178675934,-0.01664492851673135,-0.03240582171306089,-0.023466994094207827,-0.024611179843124567,-0.01689227794337375,-0.011011254473734461,-0.02753810364986498,-0.028165900280530252,-0.027778915586249547,-0.014323147223497009,-0.023582022725915298,-0.022002404579913114,-0.019061874482132885,-0.025543339936462076,-0.017301837457256213
EGY,ssp370,mri-esm2-0,-0.081798310683577,-0.029335947754248443,-0.024577286245023307,-0.024649724055582665,-0.020450333442826183,-0.02253950743612888,-0.023187483069220166,-0.018144429463101873,-0.017101239117146973,-0.014492674076576267,-0.017205895211387476,-0.013300435132522088,-0.014849989846744715,-0.013248998020844453,-0.012942069730570709,-0.011131889161559428,-0.01088030885061832
ERI,ssp370,mri-esm2-0,-0.24886709772084065,-0.15573290001724246,-0.14212089224412172,-0.09272484859112774,-0.1939281415693775,-0.22034509213361803,-0.12109191127575439,-0.18797920647754635,-0.1812656229200414,-0.12579149055712324,-0.25056401790355765,-0.14843499172758412,-0.2417909189142271,-0.22383871259447816,-0.20761591333221582,-0.18022785149047188,-0.17648403037195817
ESP,ssp370,mri-esm2-0,0.001645152687661502,-0.008749591702299508,-0.00603691611867203,-0.0009623543517580472,-0.0005562114962553779,-0.005216852700939813,-0.0017504869556765749,-0.011897573209970168,-0.015466105493171081,-0.01102771152290243,-0.01185366622503523,-0.009379917305344274,-0.011858054763377826,-0.005882306498801329,-0.013656855552839443,-0.010036833264745356,-0.00859530463495655
ETH,ssp370,mri-esm2-0,-0.06910636751571497,-0.027246464892621343,-0.04306610828418165,0.002574112829500599,-0.019358579517761466,-0.018080382693838194,-0.015461644168833586,-0.02499137554440016,-0.016521631903596696,-0.011759887263041625,-0.01446646243276511,-0.01199651749276564,-0.017566729475423686,-0.008879255203126917,-0.009880796433054341,-0.006564645684488858,-0.00876962758479085
FRA,ssp370,mri-esm2-0,-0.0007952804082457689,-0.007090030793621891,0.00021653311830939164,-0.002916100686698989,-0.0027625456921048577,-0.0018702004533782208,-0.0010485797300498758,-0.002241075722635224,-0.0036092975714762383,-0.003760833159928978,-0.004031002373343338,-0.004424988584193754,-0.0031299167207764376,-0.0033360563185509512,-0.004936031900183853,-0.004350172207332522,-0.0045223017877482575
GEO,ssp370,mri-esm2-0,-0.00269488396185928,-0.00743605588694406,-0.008105666450824724,-0.00428032465504452,-0.0035352317249285614,-0.01301926928859365,-0.007555869043208407,-0.01917570085463689,-0.010265942492142842,-0.009315681677484514,-0.004770769322245117,-0.008709326066219183,-0.01396575195886362,-0.011573812915780177,-0.014330477603914813,-0.013911071304394493,-0.009069665388638867
GHA,ssp370,mri-esm2-0,-0.13445749360057105,-0.07037718707964737,-0.03433095867980433,-0.03029975008385609,-0.02557420680528762,-0.033417172779947095,-0.056761223052241086,-0.04443692853491346,-0.042613830531241105,-0.0406744361323851,-0.04384097031501474,-0.04281809734835721,-0.029820595711078344,-0.03471853601177777,-0.03168829761775043,-0.029626614035052,-0.029606873541629955
GIN,ssp370,mri-esm2-0,-0.028738456521725686,-0.07100023531729004,-0.014484551928938057,-0.011075459752395222,-0.02657306459031612,-0.02583700722671168,-0.022908806754578643,-0.016731645116941942,-0.018834921152592995,-0.02091080342924121,-0.018328692255585356,-0.019339078062363606,-0.015281020250680372,-0.016884545182214203,-0.012637659737648575,-0.014577580321807192,-0.014905187689712605
GMB,ssp370,mri-esm2-0,-0.059608300962866685,-0.025918993515011934,-0.027002230649609237,-0.011086021879167783,-0.028244174206051537,-0.02585705825254329,-0.021912481834793992,-0.018178080475586476,-0.013249591002745708,-0.013293046238189147,-0.014094922249120522,-0.011606394395557716,-0.011327735675172663,-0.009856947487798374,-0.008970436493862765,-0.007781364746100707,-0.00761198898191051
GNB,ssp370,mri-esm2-0,-0.11730602651405711,-0.16130818103962188,-0.05792899907047542,-0.025636301329037332,-0.14252277578260628,-0.114844924380258,-0.10592477552146182,-0.0732906375845197,-0.06617875275430897,-0.06125477962421898,-0.06497604418765084,-0.052407970135062015,-0.050719399906375626,-0.047083738778210836,-0.04075658336052589,-0.03459947331778227,-0.03636657407912356
GRC,ssp370,mri-esm2-0,-0.008022322044241843,-0.018322577085778856,-0.01642121332381023,-0.00931680711061452,-0.013018899644035012,-0.035399496884725344,-0.037782546147902746,-0.022792164040513874,-0.01012701922892758,-0.031219129611224937,-0.03912230871298831,-0.020338985241274133,-0.02922239628614743,-0.033321557662124024,-0.034193506277745644,-0.02481500062275941,-0.02695884181095255
HND,ssp370,mri-esm2-0,-0.0370365091419536,-0.07470004284353567,-0.09864492010303204,-0.03951795722497833,-0.029914112878837027,-0.014808928573652793,-0.029835967111150163,-0.033969963776934224,-0.021940763928461383,-0.05076451655178614,-0.04910034697576202,-0.06022546007041062,-0.0377195521069723,-0.04284718701965579,-0.040914082424741205,-0.036350989222257234,-0.033022254590518614
HRV,ssp370,mri-esm2-0,-0.007124026461575171,-0.2636982767698677,-0.058463367458183826,-0.23562249775834154,-0.16753550074329993,-0.14368276031175187,-0.18312909003628222,-0.08435674248369665,-0.1972741569501284,-0.2861669144724911,-0.416217311749201,-0.30907901220945616,-0.2574336465170268,-0.37087014619141295,-0.7220167139210579,-0.36241215758644263,-0.6336221404889734
HUN,ssp370,mri-esm2-0,0.001359714396183338,-0.023267104087821767,-0.006929317988473284,-0.022070238293751265,-0.020196466287826603,-0.013474946264223507,-0.014352019096403764,-0.005153914812317756,-0.01226370118882067,-0.02402592825174394,-0.02829189130541633,-0.01714845501003277,-0.015276047212781037,-0.017874559550617654,-0.032087253033183466,-0.02013267993423046,-0.0296754595525572
IDN,ssp370,mri-esm2-0,-0.019442118815505827,-0.06233871384465615,-0.03249433421882172,-0.04412939161887246,-0.052814390815151074,-0.030940218637719664,-0.035635901987178566,-0.02416526727574248,-0.034560664490137345,-0.026840952416606747,-0.036942358680013034,-0.0440973139761619,-0.04366338414575646,-0.06013245480296536,-0.057293105864694084,-0.05353802783177244,-0.05965712522817193
IND,ssp370,mri-esm2-0,0.00833392876120069,-0.0012759272552326853,0.0061300921362804975,0.008432785643333504,-0.017258322274580504,0.006346903985389177,-0.007628520728253463,-0.008552863192508283,-0.006085491775579777,-0.01056869259809861,-0.0135507307199438,-0.009839306777602919,-0.0142622654085899,-0.01689397088470876,-0.0153345799860575,-0.015183885305795853,-0.019421120964498453
IRN,ssp370,mri-esm2-0,-0.0013746670841568082,-0.000131021802970368,-0.0004225502832705195,-0.00015734549751884647,-0.0001899607766665236,-0.00013636812628361347,-0.00030302673432814204,-0.0003908082998311667,-0.0003187100548043913,-0.0002719354854436289,-0.000181039242121617,-0.00026080909854141735,-0.0002683389618907994,-0.00022803790366631124,-0.00025326588288398724,-0.0001368982172507358,-0.00010964191531939256
IRQ,ssp370,mri-esm2-0,-0.03391448685545405,-0.03981038952847372,-0.039968382954973465,-0.028889458175879817,-0.028416210591790187,-0.025539976282512804,-0.025094336065048187,-0.03124682711323176,-0.028565644746245837,-0.023890272198128174,-0.02029269423135804,-0.024491011930060497,-0.025335747260455087,-0.022926201499227784,-0.01907822099822787,-0.016774010149904865,-0.013142374895538645
ITA,ssp370,mri-esm2-0,-0.0010253095600920288,-0.006662885286431496,-0.0014667365382003673,-0.0022921077399694267,-0.0009104137647117013,-0.001704558794774386,-0.0035982005108281057,-0.0030187632414304033,-0.006192333183627845,-0.00362947457674955,-0.005558971311310388,-0.006033940784035126,-0.004545028332235312,-0.005103715996734172,-0.007571033540349115,-0.003352717919342388,-0.006289063514850849
JAM,ssp370,mri-esm2-0,-0.0024489060681871363,-0.0012475906770347122,-0.003005653881881127,-0.0013805262146588983,-0.0025305109710107763,-0.002050550625998285,-0.004371363133415194,-0.003907303119515102,-0.0035196291183043293,-0.003841047210192798,-0.0025204288243497147,-0.004517329106865152,-0.0035255894877809836,-0.0038059554682090017,-0.0037346335531186566,-0.0023297018698610838,-0.0038605809270213886
KAZ,ssp370,mri-esm2-0,-0.0065469391474738065,-0.0007913104983685152,-0.0013371714904634319,-0.0011835013349969913,-0.0017131400420680638,-0.0023927320686153073,-0.0033876811509075053,-0.004445774948751538,-0.0029399530313217927,-0.0030526763381611864,-0.004147733584402468,-0.0016498106015959916,-0.0037773383559422274,-0.0012464910988681137,-0.004717340062731612,-0.0033767579594772943,-0.004761715900292084
KEN,ssp370,mri-esm2-0,-0.0098758020182828,-0.06253588276310393,-0.06313116091309125,-0.019173529483628837,-0.02264743636237763,-0.032995278451941,-0.034416642293830055,-0.03943677243391019,-0.031703071685176026,-0.02664490950557925,-0.024535891270061602,-0.028183755637969102,-0.026831085286493684,-0.0242598203255027,-0.02278309039602379,-0.01954095807779794,-0.02134745017579359
KGZ,ssp370,mri-esm2-0,-0.1922711290615265,-0.048442361447749216,-0.12807746556603483,-0.014551614961065055,-0.04772479325907467,-0.045537200278655945,-0.1068633618237402,-0.15323942589811024,-0.10191414319104662,-0.04350868776392016,-0.06724613838771143,-0.040363877474428406,-0.04775747196996821,-0.020753972927946507,-0.043051656514699256,-0.023213109454075898,-0.01554341782683935
KHM,ssp370,mri-esm2-0,-0.07455768447824127,-0.030632375514506795,-0.06517055553731138,-0.04850726054092817,-0.05908290799843051,-0.04383708291821838,-0.04405189154447568,-0.05076126912051751,-0.04080465604406667,-0.07345993342016272,-0.07650172800998713,-0.06982200019631704,-0.046359028371119756,-0.07330028246779892,-0.06632177719990336,-0.06482445097568981,-0.07067808221484351
KOR,ssp370,mri-esm2-0,-9.435777606978303e-05,-0.00011390086768387758,-5.456501369266714e-05,-0.00014767263068786002,-0.0001443655539158945,-0.0002041978163814203,-0.000147776690802401,-0.00013016317134861575,-0.00018581219497952928,-0.0001597769612795073,-8.921224447398444e-05,-0.00020142408507120959,-0.0001477106231739184,-0.00017229655986327443,-0.00021440148308522286,-0.00012908720034780904,-0.0002407911478882152
LAO,ssp370,mri-esm2-0,-0.004276165696808841,-0.0061867282715610695,-0.008309578965524467,-0.004844286501021296,-0.007938525592530703,-0.0036940049810567626,-0.014744922769719502,-0.006740313687718428,-0.005453761960966848,-0.013617769751413437,-0.018091911912727122,-0.01050029739972233,-0.013608695478353233,-0.01436237242909494,-0.0187785309050893,-0.018207967754350525,-0.020316905205296974
LKA,ssp370,mri-esm2-0,-0.00041733667106208603,-0.00046051237090439465,-0.0014391420531571677,-0.00020582279903583645,-0.0007905698434724097,-0.0005215249367908313,-0.0005307372955713131,-0.0011348099888471403,-0.0008070961771275919,-0.0012794126913817168,-0.0015526432871783788,-0.001600897959327072,-0.00091956752377942,-0.0014668155559814545,-0.00197058744467294,-0.002133489586677243,-0.0021868555382104048
MAR,ssp370,mri-esm2-0,0.00013987873037175357,-0.0003993269584919783,-0.0002665641585562086,-9.361687857479251e-05,9.9054780081396e-05,-0.00022325407803503767,-0.00019411877221006723,-0.0004050215913009298,-0.0002964635850432045,-0.00028119538908933387,-0.0002467883984026681,-0.00022305519848952966,-0.00026079584681322477,-0.00023191587697607148,-0.00021712186363701991,-0.00016627216712724512,-0.00013541562627668793
MDA,ssp370,mri-esm2-0,0.03808254720604585,-0.08682979151148275,-0.06732818606389897,-0.06457992514599518,-0.15111842701275235,-0.10593559613307266,-0.19272030527801404,-0.01304503004398528,-0.054804847527415074,-0.19899572116723954,-0.22149950774751387,-0.08757036216775317,-0.19395680543786734,-0.20894893091495842,-0.16982063568531613,-0.12319279990346099,-0.17049070297113478
MDG,ssp370,mri-esm2-0,-0.0005824621737160788,-0.0020782715886155847,-0.0012526166254169739,-0.004474616537257752,-0.0027695139290518193,-0.003713437698288055,-0.0013584181210862763,-0.004019342222119894,-0.0016149020429379966,-0.002332029633595252,-0.0020335742172877297,-0.0020995159992661288,-0.0021985373997991447,-0.0015660327767809154,-0.00138521935412105,-0.0012745527352071683,-0.0018642020163983498
MEX,ssp370,mri-esm2-0,-0.027979444830283477,-0.022707993534501314,-0.021938898293848923,-0.0351945925736295,-0.02895769011038641,-0.014882830447282605,-0.02688356652483077,-0.02468997641993045,-0.029763470337942938,-0.03627376652759403,-0.042180954658763904,-0.04259246737490764,-0.03179263958192376,-0.03834388176579125,-0.03227090228222987,-0.045537832627494106,-0.042427703879278016
MKD,ssp370,mri-esm2-0,-0.0022808921988580447,-0.010032369475693904,-0.003249643824817314,-0.004386228651437212,-0.005341670278995275,-0.01543118875256725,-0.017624317052187557,-0.006688776677222236,-0.006942301258311874,-0.02065590352639553,-0.02612708618877321,-0.009142422866788782,-0.01799086077794679,-0.02351506425081818,-0.03229097590635224,-0.01383426035824527,-0.021998529663495345
MLI,ssp370,mri-esm2-0,-0.5129825673392939,-0.36315516304357115,-0.13936784781404696,-0.11546510790828263,-0.2472183143345891,-0.27425269228246385,-0.21383361770091486,-0.273197570095203,-0.23093256891423397,-0.2296568178455294,-0.20098614385447583,-0.19937346900094433,-0.1710828235623948,-0.15439623427886157,-0.13873426853054754,-0.1324005671068158,-0.13706284797436863
MOZ,ssp370,mri-esm2-0,-0.04265726421818442,-0.12399096986118194,-0.2446448523866327,-0.07421596169747809,-0.12742631088360445,-0.08233555550143692,-0.039366384702998976,-0.03623691983089049,-0.06440574980796675,-0.07045708953246037,-0.06405393713825526,-0.05180083735384526,-0.034753902772341715,-0.04505624302003548,-0.03239734997461134,-0.029375487549588734,-0.03990469248915242
MWI,ssp370,mri-esm2-0,-0.13387606748648812,-0.2526725317296733,-0.27329117725037255,-0.16325408093354293,-0.14619725556654672,-0.08904706619734643,-0.06994068460454196,-0.04515818097116101,-0.07774878098093695,-0.09122682904272363,-0.08457072978885717,-0.061862660233235764,-0.04501691141504471,-0.047689766335883045,-0.03369131773304314,-0.0293079268196693,-0.03312419660190149
MYS,ssp370,mri-esm2-0,-0.00014040711652144408,-9.069313709205031e-05,-7.177714860946272e-05,-0.00011418918284871412,-0.00010167651968514883,-8.045835563273156e-05,-0.00012053384105883363,-4.7710904573476733e-05,-6.833962591618982e-05,-5.7627480962170694e-05,-0.00021768218103604056,-0.00020786829065427893,-0.00010158012445397681,-0.00021376145055461323,-0.0001850149068816575,-0.0002160249733457607,-0.00020467626227846543
NAM,ssp370,mri-esm2-0,-0.006448441545213149,-0.018859679271661055,-0.032983451647593066,-0.016566415378082774,-0.026331012317531804,-0.0043654778698515645,-0.018394036125060735,-0.0060522816597709216,-0.010682019796403734,-0.010498342264094275,-0.017070677331602415,-0.015949540396505105,-0.010054804095349002,-0.014055352442938374,-0.017193671799589014,-0.015079836289239564,-0.012929609461736472
NER,ssp370,mri-esm2-0,-0.0025191440334964344,-0.0009392219111383992,-0.0021898004778218567,0.0009677675779785164,-0.0007821177697203883,-0.0010927794089021772,-0.00017250904687509023,-0.001308515138578102,-0.0005817896179312406,-0.000841014963359914,-0.0006718757077236974,-0.0007115156460375488,-0.0006130943023460962,-0.00035198277453314794,-0.00038494912740366687,-0.00017841362478182563,-0.00021537015857471986
NGA,ssp370,mri-esm2-0,-0.044330037618048435,-0.021009026742810976,-0.015765041674952483,-0.007274394379898572,-0.007740675157082035,-0.010451598998898479,-0.01337230070243211,-0.016753714149847568,-0.010252304491302091,-0.012720871649394406,-0.01269864331200365,-0.011969520346409,-0.006933306603976534,-0.007876432712376355,-0.007074969588853268,-0.0052279110906423,-0.005153330770242097
NIC,ssp370,mri-esm2-0,-0.009141963128594513,-0.06099558207741479,-0.08093799187689375,-0.02772240969377978,-0.018478166153956185,-0.008927103042098827,-0.02184661336003121,-0.03959756910925754,-0.01740257679311586,-0.03719477344986963,-0.03960559645895073,-0.0536006626375056,-0.03546819339369379,-0.03770782171755957,-0.03454024503802568,-0.02754565905473059,-0.02980500784695051
NLD,ssp370,mri-esm2-0,9.296057564236197e-05,-3.893617685085203e-05,2.8576804656507544e-05,-6.384835994150024e-06,-0.0002768038568974545,-0.00013528219435873472,-5.1521705530309824e-05,2.0204684203255553e-05,-1.2599309604067583e-05,-9.796919913514741e-05,-0.00022463218760187032,-9.345373010383147e-05,-6.015453194822676e-05,-8.758201081705162e-05,-0.00015304716455753035,-0.00010649428644318186,-0.0001046096490963281
NPL,ssp370,mri-esm2-0,-0.05314036010031245,0.09955533446711629,0.059923099077908513,0.023725166488898428,-0.07715069230698976,-0.053685169464741375,-0.13299047278919668,-0.017501529219213066,-0.08102108647525723,-0.11114263034150842,-0.09683269655587577,-0.08085901348220516,-0.10724266793660178,-0.07745874990157355,-0.10443411830463797,-0.06753341957330158,-0.0645017351566721
NZL,ssp370,mri-esm2-0,-0.00010507060097403857,-0.0004670914706271843,0.000499036196868199,-0.00010971079630148633,6.0040489797555556e-05,-0.0009242322702040627,-0.00026378517758192025,0.0002991471255333647,0.00016284584593254328,0.0003246412710537698,-6.361575845677629e-05,-4.1441920169492216e-05,1.4246279683257792e-05,0.00032436120176205347,-4.253121724388162e-05,-9.365989386878774e-05,0.0002803906718728034
PAK,ssp370,mri-esm2-0,-0.07272828564031925,-0.02123163490804519,-0.022844073780931548,0.001824260934302927,-0.031769470186337447,-0.00457765894695233,-0.02417479786685711,-0.02986539140640117,-0.02381739620878203,-0.027688229082558687,-0.026803674565025304,-0.02273449632481874,-0.018696336438680246,-0.010284365442293376,-0.013719447188886201,-0.008211381453611537,-0.010835599129545384
PAN,ssp370,mri-esm2-0,0.0010389548847470349,-0.004722346226727614,-0.0005522777220478923,-0.008309724568219714,-0.006252651937183028,-0.005273212944959352,-0.00358437800389207,-0.00289376093337394,-0.003912247389644573,-0.004542179621966033,-0.011151094775045315,-0.007886603731179324,-0.00549444975839742,-0.009221946393998101,-0.007929983129352045,-0.0069588261041281865,-0.008302290871927985
PER,ssp370,mri-esm2-0,-0.0012655655680196142,-0.00931306778504461,-0.003362245889451638,-0.003097177413877997,-0.006685118820164867,-0.004778578229853121,-0.00692558231059136,-0.0014600549947263155,-0.007504347425645482,-0.004433050198941953,-0.004170579235774575,-0.005037964590451051,-0.0059515514586621285,-0.0033975024341929643,-0.004321517676388243,-0.0053040603257407115,-0.0034963919852861033
PHL,ssp370,mri-esm2-0,-0.031288501924004716,-0.005299723242880943,-0.01629836710852125,-0.021462410255066205,-0.009210181487360147,-0.02383672535084323,-0.009475966570993869,-0.02280829226760832,-0.006874667933897433,-0.02244069103642755,-0.04248059015248054,-0.03776571986764669,-0.012868214929481894,-0.0378794890478768,-0.020133712724094324,-0.03010548259791879,-0.03324538861185117
POL,ssp370,mri-esm2-0,0.004187224670997119,-0.004044278543709421,-0.0013526198232458903,-0.008072716077118238,-0.019664147774592914,-0.01420737673571849,-0.005910667210798868,0.0034599829879075512,-0.002475994876013343,-0.010669920223612808,-0.001082309147327566,0.0010029729035486682,0.0009322681554072439,-0.006128552680172418,-0.008890294440020692,-0.016294305013481176,-0.010855022087842035
PRT,ssp370,mri-esm2-0,0.0029427296154635203,-0.004936158054024211,-0.001502311102058172,0.0002693069842299365,-0.0012854327905747062,-0.00470288523043356,-0.0009785081643762478,-0.007319755320176236,-0.014795887842943656,-0.006986198402939036,-0.006717091899351117,-0.006791185333369978,-0.00759588977468856,-0.003182435700743124,-0.010795776005345887,-0.008599577055686878,-0.007044179259283368
PRY,ssp370,mri-esm2-0,-0.07798750230858134,-0.20292380765856596,-0.1876904664242218,-0.05603839870294658,-0.14701811366248835,-0.025410733394800402,-0.08415299623035677,-0.07586345048134747,-0.17725011528770276,-0.1176118803514446,-0.04509144051164373,-0.07327016594980298,-0.1437002672959556,-0.04231400627630872,-0.08135650783162221,-0.056010182987369886,-0.0508888698563629
ROU,ssp370,mri-esm2-0,-0.0009354616826645034,-0.036184832724821,-0.02652338070439819,-0.04074138044318231,-0.053534268455676604,-0.05030497460861746,-0.06894501079461898,-0.02339433497478224,-0.05176850329094222,-0.12178456354531074,-0.14092655128692122,-0.06410674859792632,-0.11365435576101192,-0.16979572357843034,-0.17582709432251922,-0.11992971059151959,-0.1597339825828934
RUS,ssp370,mri-esm2-0,-0.008183046190558435,-0.0018633672610096372,0.00041449804792656475,-0.0044466850080145965,-0.0020592678028869167,-0.004647059125737199,-0.0018461150912025804,-0.0037463771474805264,-0.005718143801797124,-0.009935719818127488,-0.002115467680974729,-0.004402950507166085,-0.008522773284378254,-0.008182732705411295,-0.006944045497930212,-0.010361692559615155,-0.009383484919374708
RWA,ssp370,mri-esm2-0,-0.03268337920364128,-0.043862167145262344,-0.017601734386044333,0.003334218722273104,-0.0098850962194676,-0.006559567963255012,-0.0058698642686456585,-0.009820755365837385,-0.01052094845358708,-0.006611180713151179,-0.007961814982450532,-0.008617417617580208,-0.008850248470877727,-0.012498036027030727,-0.005074176974518688,-0.0032958037323185625,-0.007288932485949065
SEN,ssp370,mri-esm2-0,-0.16906085474355217,-0.0814569346666146,-0.06519300192447132,-0.02944609568614757,-0.1050612113760004,-0.10691678268016234,-0.09551871948916422,-0.0827786447659699,-0.06362821178655288,-0.06505533315961115,-0.06889002313386043,-0.05911269130954244,-0.05741946838580729,-0.050223916376478786,-0.045178962677121653,-0.03954957838440701,-0.039261338552544996
SLE,ssp370,mri-esm2-0,-0.0013197807546499905,-0.005157521378863068,-0.0013013243152067598,-0.0014936420023862291,-0.004419637632980686,-0.0041979031429171,-0.0029257060708330024,-0.00285760078078083,-0.0032467619111949558,-0.0033872987381378342,-0.0027906755531495364,-0.003060165866561783,-0.002318699500821424,-0.00261768859974785,-0.0016695607367844323,-0.002163686285536224,-0.002173154798994175
SLV,ssp370,mri-esm2-0,-0.059040062349827345,-0.15475859769782327,-0.15280095442925143,-0.12928461169492225,-0.12833706900848527,-0.0933711537876625,-0.11806321287812403,-0.09701992859936967,-0.08269467036547604,-0.1660783361419328,-0.1498887297632106,-0.1460934495039505,-0.10997653188974381,-0.12612359458257683,-0.11645623296398619,-0.11330833235178021,-0.10479577695949031
SRB,ssp370,mri-esm2-0,0.004143722089029405,-0.06266174504751584,-0.021897572663552037,-0.1429078214072228,-0.06628508885763366,-0.09024515358238798,-0.0755185123128903,-0.05473150656950059,-0.06465399269764849,-0.23388631847806518,-0.22165307563288203,-0.1421403136382147,-0.1718081990038669,-0.22812471679022256,-0.35589119598914054,-0.19345201347486318,-0.27703131085645855
SVK,ssp370,mri-esm2-0,0.006030299433575515,-0.007427646938168471,-0.0034684541947927142,-0.006084239858144425,-0.008766662348509112,-0.00409577173119471,-0.003412027820067184,2.7487742442144344e-05,-0.0031786155350142123,-0.0053531478673966475,-0.007475539408721207,-0.0035220551934636427,-0.001435087660732737,-0.004161175974720491,-0.005977734014491257,-0.005800344045072711,-0.006390792225810262
SVN,ssp370,mri-esm2-0,0.0012925183610612294,-0.0027522384436227156,0.0013131357028026498,0.00031496015623626674,7.81933898490217e-05,4.7400398108873524e-05,0.00028868508914515106,0.0017771672353751663,-0.002101513788384368,-0.0006093283444594007,-0.002213919118965201,-0.0005692738065493011,-0.00018293906603522657,-0.0013790209273433706,-0.0034953627118931587,-0.0011376417487423956,-0.00269141637790096
TCD,ssp370,mri-esm2-0,-0.09047067540277404,-0.07442414810046404,-0.03800155297652612,0.004905810829359111,-0.0405791181394282,-0.04368236964948468,-0.010054445929707018,-0.05322388674320527,-0.02429160072208871,-0.028078034621767677,-0.03022905604640653,-0.027930218588448706,-0.025026253471505822,-0.020929419633022892,-0.018367882759265323,-0.010094063350027008,-0.011230976421667743
TGO,ssp370,mri-esm2-0,-0.4339457294754695,-0.3000360715955518,-0.14046823110513076,-0.14395794651013544,-0.12011430824637008,-0.161361470428925,-0.258051372936185,-0.21785739862177242,-0.1531296942080253,-0.17459590457573734,-0.20417623150992179,-0.19458647852413136,-0.12420159059838881,-0.15348622087130992,-0.1403122613843256,-0.12772870966834196,-0.12847143113151802
THA,ssp370,mri-esm2-0,-0.014854878239161257,-0.00045383789862872673,-0.012135141427094053,-0.01234655852605948,-0.020439276877268597,-0.013800118031867276,-0.031525167174568304,-0.02001732245779206,-0.024687410080386073,-0.041698730692682866,-0.05487286538366382,-0.052496130082931046,-0.0510496615144794,-0.07467134665116185,-0.07228548715157229,-0.07341058682148101,-0.0841613729535946
TJK,ssp370,mri-esm2-0,-0.0361164155403714,-0.02158330869760861,-0.030619166891930484,-0.0053971915843046905,-0.020734127171726742,-0.009847112390170934,-0.023855140319651098,-0.027532226130788623,-0.01848127131113905,-0.011058301315531142,-0.012908788226510004,-0.01054541242496673,-0.009807052200344989,-0.005763602162381138,-0.008022850921510609,-0.004711277863913417,-0.002185378744859057
TKM,ssp370,mri-esm2-0,-0.0044228117384078275,-0.0016117084702978227,-0.0028876206332683805,-0.001782018918129472,-0.002066551027349628,-0.0012538985547654383,-0.0020250337083150944,-0.001831892275183895,-0.001430279679282605,-0.0013560259722043284,-0.0013653693088715797,-0.001431142452516477,-0.0010914925619500884,-0.0010405209506310787,-0.001155487888341317,-0.0008007294862747549,-0.000622400591507134
TUR,ssp370,mri-esm2-0,-0.0033509696049786805,-0.0008652313453224463,-0.002358462677625099,-0.00024897803535462793,-0.0012358308359689946,-0.0031464528679155217,-0.0025224609686511877,-0.0023737482837595846,-0.0017703240860117721,-0.003112935055102288,-0.0036679396976259148,-0.0023402687673189948,-0.0044107067507319075,-0.0045960761819405,-0.004184935001948348,-0.0037328501265836765,-0.003276680908224226
TZA,ssp370,mri-esm2-0,0.0019141768672184065,-0.0759429979995486,-0.11866091192506018,-0.016340395079918815,-0.024558786043713504,-0.03258046071064028,-0.02818024945936457,-0.05206234599611914,-0.03365230543061128,-0.036576006693559496,-0.029144207040506284,-0.03009835861776434,-0.025859895835021365,-0.027636470258831546,-0.018862658755555223,-0.021609340671914723,-0.022456259542007286
UKR,ssp370,mri-esm2-0,0.07596149474831633,-0.1503478296010328,-0.05950883241842618,-0.09203419176065725,-0.1386584401101115,-0.17376594152313027,-0.1638171705501097,-0.004961844513288967,-0.07638475488750425,-0.22016588626891184,-0.18118909354788204,-0.04610132438177423,-0.19133671692461776,-0.1737658138502472,-0.13057191365420184,-0.19886945436116357,-0.16645060244879037
URY,ssp370,mri-esm2-0,-0.010257779470418156,-0.01127484387345281,-0.0013162364379870881,0.0016153954619788171,-0.003151628831494821,-0.0038025256886741396,-0.003699139361863138,-0.005431914390882894,-0.005587126802276413,-0.0053230385990255995,-0.00012073934596651772,-0.009224374943783595,-0.0029668932454417927,-0.0016111181376506814,-0.0006161444529998152,-0.001082206382312123,-0.0032518793974895396
USA,ssp370,mri-esm2-0,-0.03987063406574813,-0.006985000254503828,-0.004108094661224186,-0.01685435828475218,-0.021231942399442805,-0.02628907543211747,-0.0123105211168769,-0.02049171117297833,-0.02044854004639248,-0.02822946770323856,-0.016925914203364922,-0.023797408259680373,-0.021910879857929798,-0.02588187586573832,-0.020432985493241334,-0.025748365187490792,-0.01543944442464375
YEM,ssp370,mri-esm2-0,-0.0030468780572976673,-0.001279663580425893,-0.0004555541744113275,-0.0008687753795680088,-0.001204995190624241,-0.0007392314126131923,-0.00041240709231860073,-0.0005711047842865762,-0.0004698816236518673,-0.00015849276310690786,-0.000704618825753755,-0.0001501561125638416,-0.0005057820668701033,-0.00037700420059228097,-0.00045497833727625985,-0.0003134764044067728,-0.00037297411078892744
ZAF,ssp370,mri-esm2-0,0.03639072649077948,-0.017045975493830964,-0.10559455803028345,-0.027468263517567416,-0.07010221134058062,0.00253883553257106,-0.025715042170494782,-0.0025121081734044105,-0.015930119902509712,-0.016096580643664087,-0.01471793897107282,-0.03147212736030466,-0.02999455846086012,-0.018467224610626744,-0.023444727331298588,-0.03157703654746004,-0.03503728586339808
ZMB,ssp370,mri-esm2-0,-0.1017298749933563,-0.06101454723529309,-0.10309166755675701,-0.04695306922332953,-0.045371533426017976,-0.02125101070317695,-0.030522220848752092,-0.01751779976707017,-0.027343308358593933,-0.029082778982290322,-0.025678381978008796,-0.018867016677756556,-0.014672529906224183,-0.016282941996311476,-0.012521591317993385,-0.011726202408151283,-0.011741305793826505
ZWE,ssp370,mri-esm2-0,-0.10963245351733197,-0.31109756063245986,-0.6873533495104323,-0.2058204893830627,-0.3467176060170302,-0.22385298192799788,-0.19444904311590724,-0.1551181133692636,-0.24423874859478448,-0.28518244560797495,-0.21771763006164435,-0.16821967608444732,-0.1207377106375787,-0.15824280930680187,-0.12734951837198627,-0.10761794509615459,-0.145762912316067
AGO,ssp370,ukesm1-0-ll,-0.011094446140283713,-0.040954127234841244,-0.026200055517077006,-0.0391738880421156,-0.0393481722080022,-0.03364857475964553,-0.046635272852729226,-0.03696327359192141,-0.03451977529102335,-0.026992291161758185,-0.025252678349399357,-0.027184158063559567,-0.022747386839639422,-0.016921955204320268,-0.016672678400408626,-0.015401463250240739,-0.016578184047456493
ALB,ssp370,ukesm1-0-ll,-0.04792867996589901,-0.0647574178627562,-0.029169647861096697,-0.15855126698566666,-0.16493522467520602,-0.19060791278262243,-0.11055931855064208,-0.20834287533592846,-0.14567308452902503,-0.22490648082271822,-0.2365180010468117,-0.2099871419410064,-0.18860993927366151,-0.29645398136840084,-0.29667382533067377,-0.30809001151136595,-0.33479251669605353
ARG,ssp370,ukesm1-0-ll,-0.02368967583933282,-0.0007891498460778647,-0.004047774598125568,-0.0035516924606218145,-0.0034769585856556343,-0.0028104305766335027,-0.0032765406376190098,-0.0032550848822658226,-0.0030660123323589922,-0.0024490991405303835,-0.0042911891017019645,-0.003119847867575225,-0.0037337459766737784,-0.004151035270790763,-0.004175418974563339,-0.004133798111537359,-0.004701649009711944
ARM,ssp370,ukesm1-0-ll,-0.001582411778212952,-0.0009103149121625466,-0.0025847871529079865,-0.0016278598470644353,-0.0005709320668971111,-0.0015820623593908922,-0.002093409745833588,-0.00254408235510358,-0.0024851993685065226,-0.00263707415123839,-0.0031291616542737113,-0.0027737879569339455,-0.0026753925823922837,-0.002791569144658612,-0.0029241857836572924,-0.0022510254200370397,-0.003305484046507154
AUS,ssp370,ukesm1-0-ll,0.00015576137654123073,-0.000649787441373258,-0.0005234668426183682,-0.0005793579182597952,-0.0007603860370969413,-0.0008904430262891001,-0.0010576581549731822,-0.0006924087052176069,-0.0007412953735359215,-0.0013418654481499232,-0.0009719775603912621,-0.000965027769993527,-0.0009302683478924224,-0.0012897102204382786,-0.001247049376120327,-0.0009790190004129121,-0.0011120023885685941
AUT,ssp370,ukesm1-0-ll,-0.001860442737571968,0.001645146984599376,-0.0005133099838071808,-0.004105140367174793,-0.006154037247925462,-0.010977842377942054,-0.007696333392356772,-0.007120821936068839,-0.003803361932037864,-0.00899309005178378,-0.01669755666588282,-0.005929301409186461,-0.011498241500405595,-0.014069267989189239,-0.016179965986590123,-0.021432768201351295,-0.021611639827972574
AZE,ssp370,ukesm1-0-ll,-0.016135982443815276,-0.01551622211367271,-0.029258630026867728,-0.021994723208379335,-0.012979738126466352,-0.02359786673454361,-0.027230735974750724,-0.03404002371221654,-0.032974222277322274,-0.029646515220719833,-0.038644808766664374,-0.03587715656233485,-0.03500734176966622,-0.03238407360050355,-0.03194931133949197,-0.027466901073717208,-0.033519729919373874
BDI,ssp370,ukesm1-0-ll,-0.10725721231842503,-0.1908916491404977,-0.13413659503629438,-0.09249138518116179,-0.08845311525174611,-0.09857439703824457,-0.06313962018773839,-0.07368329460740126,-0.05576308780274103,-0.048283719405146384,-0.03469094782616719,-0.034567174100397384,-0.037378104715683785,-0.0223442129160336,-0.02951701576806315,-0.026413876260206116,-0.023672371383259883
BEL,ssp370,ukesm1-0-ll,-0.00044803484539579253,0.00036570539728977543,-4.976071677864998e-05,0.00021022673616445946,-0.0007590691581957165,-0.000305335457828156,-3.151559162871829e-05,-0.0008162461340095997,-0.00051260533846042,-9.609927341986482e-05,-0.0005761448710091038,-0.0004992600105462351,-0.0007751034243191372,-0.0009602267119712712,-0.0014622477014072893,-0.001958198139265329,-0.0011117115038718776
BEN,ssp370,ukesm1-0-ll,-0.3170132209288651,-0.3262049373199441,-0.11818663937424637,-0.3246526091717874,-0.28669130269888043,-0.3079793090091494,-0.2913426189506195,-0.21455948414559317,-0.21542274871761366,-0.2358223291979067,-0.19574346028764056,-0.1774575501803173,-0.17910193017441034,-0.1748117038302433,-0.15240608649562049,-0.13950177542698267,-0.13124741429839715
BFA,ssp370,ukesm1-0-ll,-0.5221551572264459,-0.2682530872774547,-0.24614315770551173,-0.15671645452967128,-0.18056847802432321,-0.24445295273326662,-0.2056414709824146,-0.14698377343888624,-0.143266576880863,-0.12977261940971627,-0.10264054025373268,-0.1081553218584193,-0.0931103334820407,-0.08432590472384759,-0.0791109820771734,-0.06256960760565775,-0.06760651160107867
BGD,ssp370,ukesm1-0-ll,-0.011407893229428217,-0.016068841374919714,-0.008802859849346232,-0.005310237237488595,-0.021579728829210946,-0.01443447674596169,-0.014570967049755428,-0.009954755646014862,-0.01568094203609445,-0.014281891214345827,-0.018397395908585194,-0.012819898124986979,-0.01379714079623231,-0.017200585162221182,-0.01602794622665523,-0.01591712664243138,-0.015717276002622384
BGR,ssp370,ukesm1-0-ll,-0.057029216219738714,-0.058083139786732074,-0.021534476300393634,-0.13224860377188224,-0.10951734314185195,-0.14090018011576555,-0.11604103669699446,-0.1273418338692318,-0.10377400051622104,-0.14938984591075555,-0.1846903438100712,-0.1631176502987883,-0.1638453725758009,-0.20120407286426745,-0.1948838399233775,-0.19642369551244304,-0.21601237160349826
BIH,ssp370,ukesm1-0-ll,-0.04158817186431214,-0.02097284042461392,-0.014019742335242415,-0.10240281426249231,-0.12030422586059382,-0.1311547598554842,-0.08190771634482437,-0.11149439625262687,-0.0722137606894929,-0.13399756138387342,-0.1423667692338067,-0.10917755607510983,-0.14495945055736073,-0.1864379551035776,-0.18719961555964193,-0.21551643155306557,-0.23953569133499908
BLZ,ssp370,ukesm1-0-ll,-0.04553958240494768,-0.1671240126136614,-0.19750565658772884,-0.14831650428799853,-0.12815437779060718,-0.10545383644399928,-0.15431243679541098,-0.10790419014223014,-0.10639732687999288,-0.1331670209170898,-0.0820083574864703,-0.10539024047242304,-0.08931018944561554,-0.09029936509523111,-0.0896774923911122,-0.07241191273864965,-0.0761185144103776
BOL,ssp370,ukesm1-0-ll,-0.04791451862806422,-0.07879179777241746,-0.07701224783888481,-0.05992618437184235,-0.05311988858882511,-0.07087730458608044,-0.06911195974792346,-0.038244094837196915,-0.05816967612795698,-0.05924025382465376,-0.05063356274253385,-0.046591199387995955,-0.05142401009847357,-0.05075452574093267,-0.04843305750654464,-0.041221195721680134,-0.04368079946556082
BRA,ssp370,ukesm1-0-ll,-0.036378400897478076,-0.09033450584340567,-0.07813774396389137,-0.06937330177928747,-0.08550967287619018,-0.09186254236533813,-0.10504690053308544,-0.0870254646936318,-0.0881656653719854,-0.11416886523918993,-0.11693616780922901,-0.10587496761492222,-0.12734149825876417,-0.1461813062269067,-0.15547171946946928,-0.14601599579991806,-0.14504172585047154
BTN,ssp370,ukesm1-0-ll,0.007021444221902291,-0.002730858766015575,-0.001955657338367186,-0.0001393246063254839,-0.006582740970319708,-0.0022639947092293056,-0.0007202963096748521,1.879708436547647e-05,-0.002876489604555017,-0.0026065690888966157,-0.0028090856758304647,-0.0010262149820837486,-0.0020871183383694906,-0.002144307085779497,-0.0013196162966864447,-0.0015863772147083825,-0.002785196719359579
BWA,ssp370,ukesm1-0-ll,-0.008964439848733246,-0.007297860046252323,-0.0027641220754585044,-0.0006922593250413095,-0.005103676866138317,-0.005822906885298263,-0.0033275182510046383,-0.006534929024219312,-0.005962850179557069,-0.005706017321981947,-0.005815001416188847,-0.003088922489871284,-0.003914175390589336,-0.005964778977905996,-0.004951137428490775,-0.004607232389606242,-0.005301341448936496
CAF,ssp370,ukesm1-0-ll,-0.505770199797183,-0.576956445508521,-0.2887088354274904,-0.615541087260396,-0.4622976515941941,-0.4750365482081071,-0.3181969309429952,-0.37845126393888956,-0.32118318997992584,-0.282032137319714,-0.21720000059432584,-0.21306041091601738,-0.21135522120072536,-0.18558747114145258,-0.17444939832319117,-0.14328677232050682,-0.15030898512589003
CAN,ssp370,ukesm1-0-ll,0.0008368543455227989,-0.01518247500580674,-0.01100913784376212,-0.006791188240003805,-0.011638603105050601,-0.009465271192722188,-0.010511700033049343,-0.01173077969600636,-0.021040658368191092,-0.011831529830562161,-0.019399027176343325,-0.014019265118642467,-0.01250133200291521,-0.011837366448737233,-0.019367326470613212,-0.01931532449743424,-0.016335943747552963
CHE,ssp370,ukesm1-0-ll,-0.00032631977425308503,0.00011876204325068392,-0.00016775731585524966,-5.39011563650051e-05,-0.000500452014289901,-0.00021283377669317692,-0.0001257012710356562,-0.00030290415458691136,-0.00023117564566101195,-0.00017965841034576574,-0.00047292938703626737,-2.781525011758088e-05,-0.00035625877098282064,-0.0006919994467470457,-0.001182536331515973,-0.001213889766297911,-0.0008899295925632835
CHL,ssp370,ukesm1-0-ll,-0.0011955342880411314,-0.001776130856989613,-0.001272355995332418,-0.00047865693453132634,-0.0009236936592137901,-0.0025627889985529798,-0.002458930845418567,-0.0024687427168746602,-0.002146653838031956,-0.0029553432984667813,-0.0027635864152088124,-0.0020231004029161387,-0.0020390839567258705,-0.003501653996357645,-0.0033518555477459896,-0.0037842218456704325,-0.003697199610565914
CHN,ssp370,ukesm1-0-ll,-0.030714633865402404,-0.06765362311845925,-0.06566075064268609,-0.05623158663801127,-0.0765447402293858,-0.08660793334969843,-0.06611548718525746,-0.07193061899493525,-0.09952210178091096,-0.08685237097376008,-0.09958958811130723,-0.09976442350199095,-0.10290756282635549,-0.12185708983233808,-0.12399482012031567,-0.13955963810771185,-0.15947100060713895
CIV,ssp370,ukesm1-0-ll,-0.11898796109614795,-0.10261984378834117,-0.05134819215850275,-0.043071194932592434,-0.05458264836720621,-0.057788538451992826,-0.06296834508591315,-0.045881612049297124,-0.04014710582401165,-0.04616002817686869,-0.03886609145500759,-0.04082372854584129,-0.03736151091109532,-0.03812975259281917,-0.034725237592143056,-0.033709479812320385,-0.03223669488910366
CMR,ssp370,ukesm1-0-ll,-0.12365316707646659,-0.15208722948815712,-0.05368731606875828,-0.10503240268292509,-0.09307334511457167,-0.14262708178498087,-0.11652412505007687,-0.09946822357728297,-0.09884739578428048,-0.08473324466452502,-0.07655657426822779,-0.07334233816955754,-0.07027939286027204,-0.07157473866888228,-0.06535769621792037,-0.0542884645236055,-0.05942762282988483
COL,ssp370,ukesm1-0-ll,-0.002041278141496065,-0.01841702673433072,-0.008400556314051311,-0.007507376211098836,-0.008482866923916407,-0.014740731163264346,-0.014317213570759234,-0.008632288751124458,-0.015110023951004371,-0.016688859420416383,-0.014850034054102111,-0.014092788678356092,-0.013908738260032591,-0.014208369825422033,-0.016582424106594242,-0.01355564574826537,-0.01659319283248772
CRI,ssp370,ukesm1-0-ll,-0.0009428200918794816,-0.00199931820415246,-0.0010924489938053312,-0.0009271096346482003,-0.0011839075903124466,-0.001909127946303775,-0.0020560073736186563,-0.0009104357650041845,-0.0014372771862267066,-0.001778791035370265,-0.0015634495565128965,-0.0021771495504263037,-0.002064646285860393,-0.002017464213154213,-0.002212048561325728,-0.002228887663933268,-0.0021577135089564056
CZE,ssp370,ukesm1-0-ll,-0.0009510060434703929,0.0013820197218267216,0.00017961347304560824,-0.0014373842034206778,-0.0029698170912640146,-0.005297261585937469,-0.002963011360755714,-0.0022358014537596726,-0.0007449661194887922,-0.003375003758174191,-0.006789128236750818,-0.0019306496867381444,-0.004178907098740493,-0.005860061824438221,-0.00580369046888249,-0.0074423540598263695,-0.00786361916133239
DEU,ssp370,ukesm1-0-ll,-0.0012219980022788782,0.0002467935059195974,-0.00019622697975598793,-0.00017737702500731205,-0.0014434868555902964,-0.0012530584563818113,-0.000710990550864944,-0.0021033691420977016,-0.0008238803014526259,-0.000986915314470592,-0.002374277774293536,-0.0009386206235630666,-0.0018834221693952574,-0.0024884086253906335,-0.0035655360417263787,-0.004498717949335355,-0.003462801293413278
DOM,ssp370,ukesm1-0-ll,-0.0013567399870747555,-0.0016060999818682498,-0.0025688298039860543,-0.0019592447925082176,-0.002412970190253667,-0.0018455544027940769,-0.0029816221682294635,-0.001800627469444251,-0.0021979132959797534,-0.0031822859612660242,-0.002019042787909879,-0.0032325777285587007,-0.0026735714237215396,-0.002870564498807557,-0.003045073445470586,-0.0030950806758947447,-0.003215075712445992
ECU,ssp370,ukesm1-0-ll,-0.034427268169690696,-0.0852773464186489,-0.04522909411286715,-0.04201980764009707,-0.05582534992153911,-0.08144825200242739,-0.05187609343700946,-0.05753324091906225,-0.056445430482280234,-0.05332148507137647,-0.05214392426154571,-0.052111722932051664,-0.04640908794471615,-0.049287156960910475,-0.05162186446152154,-0.04231538911147841,-0.04588573411131874
EGY,ssp370,ukesm1-0-ll,-0.06994791150214388,-0.029985107819984674,-0.029634777057642604,-0.029876680168451353,-0.02661940546434941,-0.024509495320341235,-0.019974156159835475,-0.020768442510622022,-0.019290090755966407,-0.01897629109370948,-0.019238615047800698,-0.017097726394410706,-0.016485109641782066,-0.015312762626891269,-0.01464582780813635,-0.014165034860359662,-0.01424057019435321
ERI,ssp370,ukesm1-0-ll,-0.18601146117166867,-0.24475970788788545,-0.27992456633927293,-0.10900484416341949,-0.16244424981178418,-0.3188006408206132,-0.28795161784959544,-0.22819620586534708,-0.2965601298740124,-0.281126491484934,-0.19025876234366754,-0.2784921001576506,-0.33097115689877166,-0.2985102443220327,-0.298658827531002,-0.22353415633577325,-0.3143257939496031
ESP,ssp370,ukesm1-0-ll,-0.004536226812577581,-0.0037844230288330166,-0.00874816581769624,-0.004520254232389751,-0.009339367787565748,-0.008331357991498792,-0.010005729804670814,-0.01267210030275781,-0.011720096036113327,-0.015418846542028826,-0.013387775943427195,-0.012448097433843223,-0.015637293016531238,-0.014843109981771513,-0.018709496866235575,-0.018694317547482645,-0.016833795080867985
ETH,ssp370,ukesm1-0-ll,-0.07256302700330312,-0.05355164238738407,-0.07906759321042733,-0.022899480809017884,-0.03563060130788206,-0.051764296068269856,-0.028558948739683242,-0.020338623415494028,-0.030125878495672474,-0.025305957100334533,-0.020974552893341176,-0.0219607244717666,-0.023355920898960224,-0.019762374285750034,-0.017106324820261604,-0.014087924695014548,-0.01916007128858539
FRA,ssp370,ukesm1-0-ll,-0.005154251975879101,-0.0038755831293018246,-0.007949153097797786,-0.0013268451106572543,-0.0084628515425325,-0.0057300349894803025,-0.006630875761638962,-0.009344909718734447,-0.007961218649656683,-0.007556160456313617,-0.0071140313226028444,-0.006608618774615169,-0.009982019523543812,-0.010150667171931471,-0.013118572031850904,-0.014525160288011194,-0.011000442443303313
GEO,ssp370,ukesm1-0-ll,-0.037267165690941566,-0.012396489926582419,-0.03180491799993723,-0.02811243797540128,-0.011337286596035927,-0.022341811895718898,-0.02318466828838785,-0.02945178599712786,-0.029737996820266534,-0.030281123448636392,-0.036730858442601697,-0.03140012345681213,-0.03091115541349776,-0.031177751208272455,-0.03204643976400464,-0.022079617729330894,-0.03321717742960074
GHA,ssp370,ukesm1-0-ll,-0.12278875600443065,-0.07615434117874557,-0.04059301557159913,-0.05224252145413892,-0.04585477157070137,-0.07052544668267832,-0.0650586408628658,-0.04701943779589437,-0.04928960349309476,-0.05447888662424726,-0.04488237789238111,-0.043232174644174594,-0.04215386012977982,-0.04106039533450012,-0.03696965748951424,-0.033867550912228706,-0.033742105613454275
GIN,ssp370,ukesm1-0-ll,-0.08804448001551476,-0.06261706489790052,-0.04116330628321444,-0.017434137069224476,-0.03297894160027695,-0.03645435777741669,-0.03584290460951802,-0.025910694735325465,-0.025972059088765855,-0.024859411673774694,-0.020307512554765414,-0.02227796695831108,-0.0209492022442435,-0.019718499118101,-0.020808841244171962,-0.016374764638859795,-0.018907019987821714
GMB,ssp370,ukesm1-0-ll,-0.03580886474076631,-0.04475499035362012,-0.03588271333802609,-0.011393702942371079,-0.01471446811610967,-0.02456834587356963,-0.02147972068303695,-0.016189112319170487,-0.01417832393387246,-0.012985138310058665,-0.009198475024202827,-0.009781018513881946,-0.010587330760231911,-0.008989465306215732,-0.008523677351458992,-0.006737051110435866,-0.00732033010622191
GNB,ssp370,ukesm1-0-ll,-0.10579141560174193,-0.18919332878027517,-0.12147330323043212,-0.06681399328584284,-0.07274686666958545,-0.1138047205359323,-0.10336859671575271,-0.07981412936566852,-0.07178104901804809,-0.0633538134876809,-0.043403242425917775,-0.045720976301025396,-0.04931187848450853,-0.04309360106120978,-0.04196451411869375,-0.032815716604237134,-0.036938386786561674
GRC,ssp370,ukesm1-0-ll,-0.00900746104755135,-0.0178292320563495,-0.009440569929417155,-0.03137767557875811,-0.0237493917809805,-0.03195806054171943,-0.024277285687870742,-0.03115229023300266,-0.029130131600907258,-0.033777219047827226,-0.03698387121666477,-0.030737639638188333,-0.029855831504118205,-0.03929348634460263,-0.03705682416082828,-0.03835161270798024,-0.039405218075729706
HND,ssp370,ukesm1-0-ll,-0.03856579548498211,-0.1373693731961304,-0.09503684348694799,-0.07046165706507102,-0.08788053630671708,-0.09559948391324831,-0.09993274597388695,-0.05003214737382725,-0.06275449810466381,-0.07427788309302788,-0.049707148100261195,-0.0741682743319153,-0.057841523376088846,-0.06093695036519469,-0.06019818559428198,-0.05494437128344523,-0.05101151192819009
HRV,ssp370,ukesm1-0-ll,-0.019621088939070327,-0.09314195014465963,-0.07279964973011473,-0.3901519135662264,-0.4933184440715689,-0.5835536350749208,-0.45837787372932676,-0.5945821431710246,-0.4308187943988266,-0.705659567768862,-0.8127192217275634,-0.6034402973928573,-0.8220583830194387,-1.0571973298618098,-1.027265640048152,-1.271242347772516,-1.3264712513016534
HUN,ssp370,ukesm1-0-ll,-0.03267943234744613,-0.006814999327540684,-0.007451744463730368,-0.029737349428985434,-0.03669033967295457,-0.04770574310361854,-0.03494269683526268,-0.041826937843565136,-0.021670526397029974,-0.04493794068612665,-0.057910799003648164,-0.04215025658690116,-0.05337622656185502,-0.06310232203371965,-0.058585421869968055,-0.07114204495654008,-0.07292466171911162
IDN,ssp370,ukesm1-0-ll,-0.0235803104398411,-0.05765428378926617,-0.029532726093722973,-0.053646792590782574,-0.04303703882126179,-0.05818708723261447,-0.051895178130585154,-0.03980708125029192,-0.0553848944150593,-0.06244530963678335,-0.052926111575862266,-0.05866663708084665,-0.064455514264477,-0.07185142876587737,-0.07570942297025045,-0.06264744998599793,-0.08120469121863354
IND,ssp370,ukesm1-0-ll,-0.016394607100335423,-0.015393782673569023,-0.005309899340674507,-0.011639740393204779,-0.008593980749416757,-0.015134633352769425,-0.012251207663183352,-0.01074249230048277,-0.011838722878921678,-0.020478534857078876,-0.015481520766914957,-0.013354333071975873,-0.02149533872229692,-0.017996291535563015,-0.022447626759390965,-0.018383200934130307,-0.02274598215443496
IRN,ssp370,ukesm1-0-ll,-0.0009205008961488146,-0.00034453823440467793,-0.0004641259059283964,-0.0003565373558462565,-0.0002871722182578871,-0.0003393870079893928,-0.00034751482646239206,-0.0003583430599507151,-0.0003421715946138026,-0.00028412842460197167,-0.00038241989512882767,-0.000327811753110859,-0.00034714976641943973,-0.0003238504216275912,-0.00029514283255666274,-0.00029011357645836996,-0.00033363887742458013
IRQ,ssp370,ukesm1-0-ll,-0.03755045104306635,-0.034429768788864216,-0.04577624160554885,-0.04589480993013718,-0.028323681479444873,-0.032419711740444265,-0.030864962110865077,-0.033804535740000814,-0.03365578275293979,-0.030131941521108957,-0.033002877051870695,-0.02816142561689181,-0.027976839110467718,-0.02486207020617607,-0.022253506480804756,-0.020182444423919605,-0.019964987070964328
ITA,ssp370,ukesm1-0-ll,-0.00213502336023531,-0.0015497916445848087,-0.003235112616037243,-0.003659801301521379,-0.007484413010508826,-0.0072414915311735896,-0.0061314198935247324,-0.006510090236973263,-0.0062266305713953125,-0.00803271350922975,-0.011943090163898315,-0.00731755356691152,-0.009660252145005842,-0.010696647156454984,-0.013407237853154844,-0.01555197497451064,-0.014113641954805486
JAM,ssp370,ukesm1-0-ll,-0.001507046272708216,-0.003866250232471703,-0.002418826918492507,-0.002513435657094301,-0.0050133017780904015,-0.0024384664087570085,-0.00456734282557806,-0.003189996079959214,-0.00284291513240401,-0.0042612622236582656,-0.003323420324841828,-0.0029325713244521606,-0.003369899205237601,-0.0038557223182474343,-0.004516874460268039,-0.003507580299828111,-0.003862712511499611
KAZ,ssp370,ukesm1-0-ll,-0.0020351012796560896,-0.004147460692925657,-0.006208220836540596,-0.0034355292219293756,-0.003769159970145815,-0.003594726848255017,-0.004895188544766997,-0.004802317969951309,-0.0044479625265430025,-0.004154124663068511,-0.006490798644910437,-0.006798312779386112,-0.006559555784453806,-0.006648749809733263,-0.006611222603086228,-0.007609295772901308,-0.008094404257588193
KEN,ssp370,ukesm1-0-ll,-0.11613328905624636,-0.04561199792958342,-0.054863520118004605,-0.03424471357149008,-0.05624060836811501,-0.06553601175456529,-0.036256838906656805,-0.03728344008949199,-0.034343441304821434,-0.030627614922892225,-0.027054835695677674,-0.03185430943241401,-0.027560390837912424,-0.025564924589589637,-0.026852937549429207,-0.023019299278958794,-0.025215378958086995
KGZ,ssp370,ukesm1-0-ll,-0.06121401776771442,-0.2578451955985299,-0.16014995179421682,-0.09157358562710288,-0.083903749505611,-0.08317493792836585,-0.13938373681010138,-0.10908711169761276,-0.09453945490370501,-0.05744048953008747,-0.08745088461942671,-0.08342057905791954,-0.0811587668469838,-0.078868637597889,-0.06516248230043692,-0.0863551900301947,-0.08338948141132904
KHM,ssp370,ukesm1-0-ll,-0.0732834056362222,-0.20525338555244135,-0.0858912958167003,-0.10698083626897043,-0.13654282022084496,-0.09273407556804206,-0.13154185248373088,-0.07241223820838036,-0.09487537020388924,-0.1155191597765484,-0.09991627268895614,-0.06666933964847686,-0.0832005484590085,-0.075969910628968,-0.087128625642861,-0.07401719045874766,-0.08188261863848526
KOR,ssp370,ukesm1-0-ll,-0.00015309171353240845,-0.00022010372789067103,-0.00022264351503882636,-0.00021553126723236946,-0.00020459041757733785,-0.0003100103229985018,-0.00025174763311126434,-0.00026482765849471587,-0.00029829526824386935,-0.00030684708719823486,-0.000224307563838789,-0.00034456561627861805,-0.0003732172490233057,-0.0003657622133965449,-0.0004655984461412409,-0.00047614830751125975,-0.0004349621137096654
LAO,ssp370,ukesm1-0-ll,-0.069497523906118,-0.03461749770948804,-0.019981616920741536,-0.025686703166687818,-0.028142540126087096,-0.023275590905356136,-0.02791233770969597,-0.014850764779366997,-0.01779632487538122,-0.023985804061172133,-0.023145813501959173,-0.01820769906087765,-0.01901558117388371,-0.01926297409544742,-0.022714577052084302,-0.017245548996413763,-0.021604018173719958
LKA,ssp370,ukesm1-0-ll,-0.007808144591403236,-0.0027422193549931613,-0.0016716799921347146,-0.0014891183427295355,-0.0021820475654487277,-0.0013243554904230897,-0.0020427209834834783,-0.0021755691072823722,-0.0022584602971507097,-0.002946577006130972,-0.0029021457513549766,-0.002554583743252081,-0.0020112341235541662,-0.0025854070259142183,-0.0034936100118475298,-0.0036587753445222553,-0.003433016314340588
MAR,ssp370,ukesm1-0-ll,0.00015305314211434294,-0.0003001488604209371,-0.0004838774652316021,-0.0001390901728470363,-0.00027802189796106763,-0.000331871100795431,-0.0002492523109947019,-0.0004447675228652506,-0.00033025099902838604,-0.0004631423958465584,-0.0003526201113940118,-0.00017165511834660627,-0.0003411183736512611,-0.00030762717607680205,-0.0003009001933584064,-0.00031688258521187515,-0.0003130805951307297
MDA,ssp370,ukesm1-0-ll,-0.04202692898475022,-0.020806138651129746,-0.045522258561087416,-0.12844308126324996,-0.12861338289009902,-0.17378618811334526,-0.13682988470995278,-0.1757239374677117,-0.09739409727315422,-0.16676865806029972,-0.22913041374788162,-0.21196004033190358,-0.23034337096379703,-0.26853092578027077,-0.23187703320681954,-0.26319472439587827,-0.27476000055715855
MDG,ssp370,ukesm1-0-ll,-0.009446539495661174,-0.012395310607446775,-0.0015971435513635517,-0.005307520919031838,-0.005722602538256166,-0.0056806047217976986,-0.004952728123300646,-0.0032767250752393806,-0.004326317471987435,-0.004677538333181161,-0.003477260784646631,-0.0038504937604008542,-0.0029622486688829397,-0.0025723129090501127,-0.002728419271830192,-0.0022456810601399696,-0.0019766428820765006
MEX,ssp370,ukesm1-0-ll,-0.0182667945817729,-0.05443225222795757,-0.034293049201519855,-0.034903125940137766,-0.0333714667969489,-0.041952131053369104,-0.04983111227998256,-0.02774780794624252,-0.047988100825295546,-0.04409309898371725,-0.0460865327596634,-0.055092655898534876,-0.04051861042253106,-0.05543374148821277,-0.04654538155313064,-0.051826849316253795,-0.048669810531101025
MKD,ssp370,ukesm1-0-ll,-0.008950567900679777,-0.011496282108032527,-0.00019540247373747477,-0.024822307128263756,-0.021530150454655426,-0.027859026724174334,-0.016841505150247627,-0.027654110710804085,-0.01655853271557933,-0.02542464298966614,-0.02990939914822508,-0.028152162662853825,-0.025360160051547512,-0.03765467961890164,-0.03733631410540256,-0.03897656949675281,-0.041344600357848954
MLI,ssp370,ukesm1-0-ll,-0.7590138015915406,-0.4626316410891242,-0.48933371304990847,-0.23636622910892696,-0.40066954069935995,-0.4511706619640039,-0.3764469725600556,-0.27271180810308265,-0.2867597503633386,-0.25449681685377595,-0.21706863560758774,-0.22635510320518346,-0.21632359850905541,-0.18599978029916397,-0.1950080349516465,-0.1426184332900123,-0.17119007890515137
MOZ,ssp370,ukesm1-0-ll,-0.22633913272217948,-0.20851527814254728,-0.11476961080097649,-0.09839854266013624,-0.1488506451730966,-0.1030001574855948,-0.07946982729754783,-0.0971868786559673,-0.08776045924999439,-0.07570153752986808,-0.05571099818083502,-0.048511677305038026,-0.04983039111055902,-0.05860807411716449,-0.0510165747110075,-0.04794446869917557,-0.03576876844418825
MWI,ssp370,ukesm1-0-ll,-0.4900188675706706,-0.3183808287668447,-0.11690584923522726,-0.1875491364268108,-0.2496349265841168,-0.16197881853834772,-0.14790092697144988,-0.10286036322300444,-0.11013187135136565,-0.1086772566312004,-0.07398649271075049,-0.053371643772670084,-0.05462222650231585,-0.06392076784758519,-0.05073541576011431,-0.04570903100487813,-0.03217981765744009
MYS,ssp370,ukesm1-0-ll,-0.00010381024067414948,-0.00039367606714393394,-0.00015580626429779443,-0.0001367676207935661,-0.00017708403096343496,-0.0002557270123975946,-0.00017470420264349782,-0.00017910384726666341,-0.00022761384865267658,-0.0002580886604050772,-0.00028913505376789106,-0.0002246923424856152,-0.00022762683859978315,-0.0002994247036864204,-0.0003022734063244091,-0.0002639687101694458,-0.00028948120480038354
NAM,ssp370,ukesm1-0-ll,-0.010647918592173199,-0.05911465324583094,-0.019018030395544682,-0.019105138198725016,-0.029704843936681796,-0.019979910996421543,-0.01492891433592955,-0.027494822083740565,-0.020699167258007748,-0.022688054844171024,-0.02353561037244561,-0.013144927000698631,-0.017225925292124442,-0.016732746121803622,-0.01555271859831874,-0.015115610702869906,-0.01722157490658035
NER,ssp370,ukesm1-0-ll,-0.0022602323528597115,-0.00325928767863189,-0.0020441024689038987,-0.0015804690895252246,-0.0016657432577847295,-0.0022833180670613017,-0.001609804118473178,-0.0005575936447420568,-0.0011026006577187165,-0.001147411029873139,-0.00039077498950653436,-0.0006792603865539986,-0.0007135946687451635,-0.000535264323108266,-0.0005190551496303171,-0.0003204046560567491,-0.00039539010821431443
NGA,ssp370,ukesm1-0-ll,-0.04743678910474194,-0.03511306509097278,-0.011508551936511197,-0.024549115322161426,-0.020488417332616794,-0.026838184581303604,-0.02259722297047002,-0.017990930282845524,-0.016592110597263458,-0.01592769249005646,-0.012430442922609157,-0.011144551539801883,-0.011101546693732992,-0.010342138327295419,-0.008425333551306662,-0.007283785013702582,-0.0066400566302087715
NIC,ssp370,ukesm1-0-ll,-0.020302019747284142,-0.1279120907879141,-0.07380018842119535,-0.05306351092419895,-0.07361862992085841,-0.10375135350046069,-0.10809822849651449,-0.038338259413674865,-0.051020970839341526,-0.0644768073908475,-0.046806717049612936,-0.07074407250898078,-0.05568261327820762,-0.05452627798098349,-0.05648325437043705,-0.05198524513430442,-0.04537212479009258
NLD,ssp370,ukesm1-0-ll,-0.00016151062506322806,9.716201543557625e-05,1.812195878280176e-05,9.66684288271281e-05,-0.00014525541002401453,-9.342538814817007e-05,2.3616233480221185e-05,-0.000245400192760698,-7.773387746874915e-05,9.405969721731494e-07,-0.00013933255894812155,-9.113214278366027e-05,-0.00015898475344574759,-0.00025197078797743354,-0.0003722584105050437,-0.0005465702993055149,-0.000317228977914546
NPL,ssp370,ukesm1-0-ll,-0.05728628438711154,-0.04131872290695296,0.004089967997797474,-0.050833270540102914,-0.09745060459051853,-0.09414138950293846,-0.08446649201877027,-0.013873163536090187,-0.1306402697343541,-0.07822185470711462,-0.0929012134417541,-0.06162623367940923,-0.12472309520409745,-0.14458868375699027,-0.10058282771216609,-0.12371065287754687,-0.11999754615396781
NZL,ssp370,ukesm1-0-ll,0.00022342020527616689,0.0010090223147614294,0.0006804057940214896,0.0004121319307078115,0.00022993627759532837,1.133990275268772e-05,0.00043361786703771676,0.000346533884528295,-0.00011368672862215558,0.000365856615168903,0.0003066402597947983,8.985670534671534e-05,1.3235123108551147e-05,-0.0003269603644162036,0.000428144193136189,-0.00019143204712136682,-0.00011446146413884562
PAK,ssp370,ukesm1-0-ll,-0.08450560771989991,-0.03926336731893538,-0.03698820507506983,-0.03663925355332809,-0.02439015298287646,-0.03633249964116403,-0.03311378649725641,-0.03709745661745086,-0.03464482319670455,-0.027685695524366234,-0.027511170093504594,-0.024704095829296176,-0.023573028652977515,-0.023658742408679108,-0.022495936149831943,-0.022047581441339587,-0.020708290892061505
PAN,ssp370,ukesm1-0-ll,-0.00727090699768975,-0.026395005784590822,-0.008986240147131036,-0.0074862454046833145,-0.009609885521980615,-0.015416231760252537,-0.01245603240133871,-0.007642282198612387,-0.011123841859898466,-0.012876724035581197,-0.012941258932643569,-0.015279556812581687,-0.014193280824135304,-0.014737918139603935,-0.016021101794903604,-0.014342078541287754,-0.0158637570327442
PER,ssp370,ukesm1-0-ll,-0.015256284238755915,-0.0203606672328965,-0.010947593329609208,-0.012191285569231084,-0.009988525275875636,-0.017526608315449173,-0.010931120853143196,-0.0072251981097285105,-0.011099566183310764,-0.016516776932145524,-0.008273298992232486,-0.00930149531212363,-0.011143512245243108,-0.01232653101259578,-0.013633433527220386,-0.010553336742403312,-0.011814603282804948
PHL,ssp370,ukesm1-0-ll,-0.0211953336336466,-0.08241096470025001,-0.027152789118266275,-0.02626368648878858,-0.03348030227474506,-0.039328006929153746,-0.041711846480189635,-0.04290717332047085,-0.045674075225739526,-0.05974334242377356,-0.040366862036164505,-0.03596703919489024,-0.03437980910042659,-0.043446745658086566,-0.04443995252038758,-0.033928898037545153,-0.04511840906416203
POL,ssp370,ukesm1-0-ll,-0.0029365349653147797,0.0030568629562970503,0.0016761695136055341,-0.005412331103118428,-0.015871929107334024,-0.0237047921698852,-0.009901025402165064,-0.013280021864007228,-0.0035832883634431107,-0.016491779371380983,-0.028469842290595328,-0.01123231089819892,-0.020736410113640035,-0.027427610773726907,-0.02917552860050001,-0.03794638905997952,-0.03338644116290556
PRT,ssp370,ukesm1-0-ll,-0.002472692786280111,-0.0008744391987460833,-0.008909596261469296,-0.0025712192000577417,-0.006319014250766628,-0.004613327030349726,-0.0055613213623118074,-0.011982474329440718,-0.009597329225716036,-0.010672309696819964,-0.010412245335913804,-0.011353518837106901,-0.015187557616900722,-0.011818858966225733,-0.015211623350756888,-0.015265636614269912,-0.01214888448669487
PRY,ssp370,ukesm1-0-ll,-0.14633140409130058,-0.16417363434958543,-0.24514847468605863,-0.22453910254188622,-0.2228268056699258,-0.18697664401804445,-0.2836011522131392,-0.1330347126460699,-0.11043221383041472,-0.16149327823898818,-0.19540993333960482,-0.19069577812368202,-0.15177598439014897,-0.1990350242475593,-0.15671992373143354,-0.16109532827070017,-0.15412481191939825
ROU,ssp370,ukesm1-0-ll,-0.04103824502565713,-0.030088863809943522,-0.016279758553188705,-0.1090062726676393,-0.08961069804663861,-0.1482580309860187,-0.11700365247079038,-0.1355856414496204,-0.10616241035727153,-0.1653942411627733,-0.229744619243799,-0.203289707873327,-0.21733440182926475,-0.2705628801644828,-0.2718092941195576,-0.30584266024377493,-0.32659394929357694
RUS,ssp370,ukesm1-0-ll,-0.007969311492081747,-0.00735566580573039,-0.01104950038560221,-0.011937607163613825,-0.012956253230888016,-0.009570195629294172,-0.01025903059046505,-0.015263559529695396,-0.010966285109701934,-0.015604151610873753,-0.02158560957702974,-0.020807258306630418,-0.019095132946184763,-0.02127640794817762,-0.02156709124162995,-0.021456389680705533,-0.024446287515044303
RWA,ssp370,ukesm1-0-ll,-0.015773219367823003,-0.01694419948351746,-0.02224282208066473,-0.01923783576404177,-0.0179352263453639,-0.031203127763073973,-0.015391822725764368,-0.02650781521999517,-0.018404757119845096,-0.014147393773585582,-0.009702623990887907,-0.012361078518549094,-0.013864351984108191,-0.007827413678888229,-0.009934832940904364,-0.00924447945228249,-0.008562017819699789
SEN,ssp370,ukesm1-0-ll,-0.12245287449842925,-0.13918514761963044,-0.10875540826104477,-0.035525092659439275,-0.0686189501625734,-0.10151856861938108,-0.09022481087734947,-0.07036817296321758,-0.06847481991737404,-0.06314051168393504,-0.04532253247659211,-0.04916402097278206,-0.052005882210527536,-0.04525326756698577,-0.043556280430972996,-0.03355112612896234,-0.037771852876952686
SLE,ssp370,ukesm1-0-ll,-0.022738818417624054,-0.00672197501205332,-0.003989763609189577,-0.0021790577704100447,-0.005125885192014855,-0.004828357128191202,-0.00568421638411191,-0.004146937316699761,-0.004692656045818227,-0.0043060406915169875,-0.0033126178346771155,-0.003600769169543024,-0.003443070316556936,-0.003100632244672797,-0.0031946310013386877,-0.0025497569238100643,-0.0027678992479208643
SLV,ssp370,ukesm1-0-ll,-0.1008130782047122,-0.2713572983978086,-0.18199182633956354,-0.18850655051471668,-0.19763523516407536,-0.2484825426507808,-0.2705089951623809,-0.15142019996666392,-0.18532284898510715,-0.21327976654379213,-0.15748831966602264,-0.23487308924137967,-0.1815308414827589,-0.18753720622126457,-0.18354435643934,-0.17336521340941344,-0.162199837315348
SRB,ssp370,ukesm1-0-ll,-0.1036752126653982,-0.04969330785090954,-0.024526230423735508,-0.2047617140350527,-0.2177377350740475,-0.2933571519715636,-0.20799031644688756,-0.2271216159478927,-0.14390707434171646,-0.2798410013658598,-0.3498708717943345,-0.2956868138819096,-0.3412356574646846,-0.40852505465259653,-0.4238351434726054,-0.4618107653920809,-0.5031208572756469
SVK,ssp370,ukesm1-0-ll,-0.009009975149402457,0.0004175334920393165,-0.0022414872509237864,-0.008860597059617281,-0.01007353791934076,-0.01579320744018218,-0.010672194863197065,-0.012235323267482395,-0.005373557274871988,-0.012820324496059805,-0.01968192433518228,-0.011407822747742775,-0.014207546636857074,-0.01845254145887114,-0.016728970989174988,-0.019348683658050814,-0.020697305540497587
SVN,ssp370,ukesm1-0-ll,-0.00046589546421022194,0.0011847937747832093,0.00022696386016461857,-0.0025345163373543503,-0.004960201367642304,-0.006966207194606983,-0.004589717836258215,-0.0056087881408010765,-0.003341058025791529,-0.005861510993232828,-0.011951732743176097,-0.0046330828525635425,-0.007094203182983182,-0.010580862423894128,-0.010655921196344596,-0.01586967763935176,-0.015316704515954394
TCD,ssp370,ukesm1-0-ll,-0.14212890657025545,-0.13303351987064613,-0.09452586752587815,-0.04778054664571544,-0.06347138227650863,-0.09838826459061456,-0.06427702303895169,-0.03730381873254724,-0.047659009788495556,-0.04152436690383161,-0.01834583279665017,-0.026416517165308302,-0.031667378338681045,-0.022241895414878653,-0.02317980784611686,-0.01598429972146707,-0.021213930688979386
TGO,ssp370,ukesm1-0-ll,-0.329397273255287,-0.4031720722511394,-0.14867113013179617,-0.36704334513276865,-0.30255061443621895,-0.36444401826668976,-0.34219657084244487,-0.2346009610315316,-0.2394906728940138,-0.26100585311103336,-0.21263198720107157,-0.19832369504276431,-0.19783684955007086,-0.19262698034383194,-0.1704759586189769,-0.15665177772232985,-0.14897551080612265
THA,ssp370,ukesm1-0-ll,-0.04038327405891082,-0.06620565702647387,-0.027317803015647443,-0.04891699452326369,-0.053323147495430226,-0.0415641500532712,-0.06871847740203933,-0.03802678236151326,-0.04967644229098083,-0.07084358961474438,-0.06988418333386252,-0.05822146820577641,-0.06927715689020708,-0.06580620772689151,-0.08779926256646102,-0.06966095839845277,-0.09008765691508928
TJK,ssp370,ukesm1-0-ll,-0.020387057520615523,-0.038161536517394005,-0.03502208843671394,-0.026636446467424815,-0.011455531028822588,-0.01793702933043774,-0.022762511651540408,-0.02014682555170716,-0.018698637820360537,-0.009458190611678033,-0.01536921862919252,-0.012808323799410647,-0.012867195249273666,-0.011735360096824876,-0.00980573703166469,-0.010647322500278935,-0.01027935739984204
TKM,ssp370,ukesm1-0-ll,-0.001996035526768898,-0.003300956601615849,-0.002525968678166337,-0.0023734003964847043,-0.0018521340529604386,-0.0019645510254424374,-0.001844084812744231,-0.0020592503501792848,-0.0018069086427476096,-0.0013603682286387974,-0.0017077768044084513,-0.001617110674950853,-0.0016597491306010988,-0.0016033244671218114,-0.0014770801376882828,-0.0015905283203327904,-0.0016580400875448264
TUR,ssp370,ukesm1-0-ll,-0.006273106056605193,-0.0016495437403405864,-0.0020544219208985946,-0.004377752177917866,-0.001817305812471446,-0.0029706689191029002,-0.0029634881331360896,-0.004030379143642401,-0.003540321026161044,-0.00443362659380917,-0.005211102157349064,-0.0043368808620799434,-0.004773195197185027,-0.005344629828570198,-0.00523914646923433,-0.004828425634596902,-0.006417412159286973
TZA,ssp370,ukesm1-0-ll,-0.13992995789875434,-0.05016005940579492,-0.08261334307637536,-0.042000585858209684,-0.10013914160904741,-0.06859634193149235,-0.060412574356642997,-0.046647291884481724,-0.04433025818802936,-0.042256727692495506,-0.036839692288579765,-0.03861766356188545,-0.026308046874752546,-0.0335215429549083,-0.02784350655969467,-0.028180919997632326,-0.024181945756481346
UKR,ssp370,ukesm1-0-ll,-0.10716741723650518,-0.06479192346249184,-0.08064987208056706,-0.1807490123359425,-0.20175008970664468,-0.20914596345195866,-0.1482401438522924,-0.25563295837424804,-0.12413799236921286,-0.23893078907987939,-0.3238344978951009,-0.29899990349078576,-0.28444924470206606,-0.34344045353292163,-0.2562039114679991,-0.30239802710442865,-0.33755002633777775
URY,ssp370,ukesm1-0-ll,-0.01323158845355478,0.0007733671375750132,-0.004904715509556092,-0.005763399099673654,-0.006090015006444466,-0.0028347364741763068,-0.0035910622265893,-0.005346161341025287,-0.005465357760103475,-0.00274560819982622,-0.004983446526112419,-0.006208442869809177,-0.0056045727178312835,-0.006976779499065348,-0.006971511132575534,-0.005585253470712668,-0.007123606050663522
USA,ssp370,ukesm1-0-ll,-0.02757519292627083,-0.044934758808796015,-0.030324202210750068,-0.028163141674670916,-0.03929076325270723,-0.03970464837937305,-0.04772266490928414,-0.052014370181929226,-0.07126686560257495,-0.04951531013653678,-0.05508486590504306,-0.05873439530284869,-0.05036254714696722,-0.04740135322896812,-0.059598696107424964,-0.05464507861711429,-0.05345691467149019
YEM,ssp370,ukesm1-0-ll,-0.005165960611322433,-0.0017308616239101323,-0.0009337008851450154,-0.0005728433978383809,-0.0011596512787101587,-0.0010933575318956036,-0.0009265404114658979,-0.0006783114476975655,-0.0006883695889824324,-0.000791900438616821,-0.000478985245026959,-0.0005462468946062356,-0.0005375974624500208,-0.0005749444653475658,-0.0005464006543489769,-0.00038925094272681035,-0.0005355845418357609
ZAF,ssp370,ukesm1-0-ll,-0.031436805126667085,-0.08193402410851437,-0.03403188746213457,-0.009979491640950725,-0.05631424138586943,-0.06344656691227271,-0.047823616645810384,-0.0733519570364252,-0.07998060878719485,-0.06865695146924335,-0.06942667828327165,-0.044549593372410524,-0.0559941468845955,-0.06629082207769314,-0.06141617765894668,-0.05590196704511767,-0.06309998185355463
ZMB,ssp370,ukesm1-0-ll,-0.1346457391697028,-0.11217605162999375,-0.0626399675664294,-0.05483893882146896,-0.06443823387689325,-0.0506568069659032,-0.04001787333819362,-0.045471576225412286,-0.036451232681025736,-0.032774084458987135,-0.02444642455313619,-0.019453791739300026,-0.019606565792923508,-0.021609428134738942,-0.018044521662830663,-0.017776543366342518,-0.014648222038909949
ZWE,ssp370,ukesm1-0-ll,-0.49715910510395017,-0.4132136302221128,-0.3629313128706161,-0.173832234623363,-0.3579227460445676,-0.39160874600555295,-0.17326780335329403,-0.44678850961492217,-0.34891267147181526,-0.28204715780955675,-0.16118609923625543,-0.16446932884217083,-0.14858367664540376,-0.21569600850591977,-0.16659731428430963,-0.1656840688665211,-0.14515248160401342
